customer_id,customer_name,city,state,registration_date,customer_segment
CUS000001,Pooja Gupta,Kolkata,Maharashtra,2025-07-30,Enterprise
CUS000002,Sneha Jain,Pune,Uttar Pradesh,2024-01-16,Enterprise
CUS000003,Priya Gupta,Mumbai,Rajasthan,2024-03-04,Retail
CUS000004,Nikhil Joshi,Jaipur,Delhi,2025-06-09,Business
CUS000005,Kavya Mehta,Chennai,Maharashtra,2022-07-17,Enterprise
CUS000006,Aditya Sharma,Delhi,Delhi,2022-03-06,Retail
CUS000007,Arjun Joshi,Bengaluru,Maharashtra,2022-03-07,Enterprise
CUS000008,Sneha Joshi,Jaipur,Uttar Pradesh,2025-12-07,Enterprise
CUS000009,Neha Sharma,Chennai,Karnataka,2025-05-25,Enterprise
CUS000010,Aditya Sharma,Bengaluru,West Bengal,2022-06-13,Business
CUS000011,Vivaan Gupta,Jaipur,Gujarat,2024-01-26,Enterprise
CUS000012,Vivaan Malhotra,Hyderabad,Rajasthan,2022-03-25,Enterprise
CUS000013,Aditya Verma,Mumbai,Karnataka,2024-11-29,Retail
CUS000014,Arjun Singh,Jaipur,Gujarat,2023-01-24,Retail
CUS000015,Nikhil Singh,Lucknow,Delhi,2025-02-17,Enterprise
CUS000016,Pooja Mehta,Mumbai,Uttar Pradesh,2024-01-04,Enterprise
CUS000017,Karan Mehta,Mumbai,Delhi,2023-01-05,Enterprise
CUS000018,Sneha Kapoor,Chennai,Delhi,2024-12-29,Enterprise
CUS000019,Karan Gupta,Chennai,Rajasthan,2023-10-27,Business
CUS000020,Aisha Mehta,Chennai,Uttar Pradesh,2023-05-08,Enterprise
CUS000021,Pooja Singh,Ahmedabad,Rajasthan,2023-06-05,Business
CUS000022,Karan Joshi,Ahmedabad,Maharashtra,2026-01-27,Retail
CUS000023,Ishita Malhotra,Pune,Rajasthan,2022-10-04,Business
CUS000024,Aarav Verma,Bengaluru,Karnataka,2023-10-07,Retail
CUS000025,Neha Kapoor,Jaipur,Rajasthan,2025-03-14,Enterprise
CUS000026,Rahul Patel,Pune,West Bengal,2023-12-30,Retail
CUS000027,Rahul Verma,Chennai,Uttar Pradesh,2023-05-27,Retail
CUS000028,Neha Verma,Mumbai,Uttar Pradesh,2024-03-29,Enterprise
CUS000029,Ananya Patel,Chennai,West Bengal,2022-12-21,Business
CUS000030,Simran Patel,Lucknow,Telangana,2022-03-18,Enterprise
CUS000031,Simran Mehta,Mumbai,Maharashtra,2023-11-16,Business
CUS000032,Aisha Mehta,Mumbai,Karnataka,2025-08-29,Enterprise
CUS000033,Aarav Mehta,Pune,Telangana,2024-12-09,Retail
CUS000034,Kavya Kapoor,Lucknow,Delhi,2023-11-01,Enterprise
CUS000035,Priya Jain,Pune,Gujarat,2024-07-01,Enterprise
CUS000036,Simran Kapoor,Mumbai,Karnataka,2024-06-03,Business
CUS000037,Sneha Jain,Delhi,Tamil Nadu,2022-06-19,Business
CUS000038,Simran Sharma,Jaipur,Gujarat,2023-06-22,Retail
CUS000039,Sneha Kapoor,Ahmedabad,Delhi,2022-10-04,Business
CUS000040,Pooja Singh,Kolkata,Gujarat,2025-08-28,Enterprise
CUS000041,Ananya Kapoor,Lucknow,Rajasthan,2023-05-20,Retail
CUS000042,Aditya Verma,Ahmedabad,Tamil Nadu,2025-11-03,Enterprise
CUS000043,Aditya Patel,Ahmedabad,Gujarat,2024-01-19,Business
CUS000044,Ananya Gupta,Chennai,Uttar Pradesh,2025-09-04,Retail
CUS000045,Ishita Jain,Chennai,Uttar Pradesh,2024-06-24,Enterprise
CUS000046,Rahul Joshi,Pune,Karnataka,2023-02-13,Enterprise
CUS000047,Meera Jain,Mumbai,Maharashtra,2022-04-22,Retail
CUS000048,Amit Jain,Hyderabad,Maharashtra,2023-12-05,Enterprise
CUS000049,Arjun Verma,Kolkata,West Bengal,2022-02-16,Business
CUS000050,Ananya Kapoor,Bengaluru,Karnataka,2025-01-24,Enterprise
CUS000051,Neha Kapoor,Kolkata,Uttar Pradesh,2026-02-03,Retail
CUS000052,Aarav Mehta,Lucknow,Rajasthan,2022-03-31,Business
CUS000053,Rohan Sharma,Hyderabad,Karnataka,2025-11-27,Enterprise
CUS000054,Neha Sharma,Kolkata,Maharashtra,2022-05-17,Business
CUS000055,Neha Gupta,Mumbai,Maharashtra,2023-08-23,Enterprise
CUS000056,Sneha Singh,Ahmedabad,Rajasthan,2025-12-24,Retail
CUS000057,Kavya Joshi,Lucknow,Rajasthan,2022-06-30,Retail
CUS000058,Ananya Kapoor,Kolkata,Rajasthan,2025-12-30,Retail
CUS000059,Vivaan Singh,Jaipur,Telangana,2023-11-15,Business
CUS000060,Sneha Jain,Pune,Tamil Nadu,2025-11-02,Business
CUS000061,Meera Verma,Bengaluru,Rajasthan,2023-07-19,Retail
CUS000062,Neha Mehta,Pune,Rajasthan,2023-07-28,Retail
CUS000063,Rahul Gupta,Ahmedabad,Delhi,2022-06-29,Enterprise
CUS000064,Sneha Kapoor,Lucknow,Karnataka,2024-05-04,Retail
CUS000065,Simran Jain,Ahmedabad,Telangana,2025-05-24,Business
CUS000066,Karan Kapoor,Delhi,Karnataka,2025-08-29,Retail
CUS000067,Simran Kapoor,Bengaluru,Delhi,2023-09-25,Enterprise
CUS000068,Nikhil Jain,Ahmedabad,Delhi,2025-09-05,Enterprise
CUS000069,Rohan Gupta,Mumbai,Rajasthan,2024-12-27,Enterprise
CUS000070,Arjun Jain,Chennai,Delhi,2026-01-29,Retail
CUS000071,Kavya Mehta,Ahmedabad,Telangana,2024-06-26,Enterprise
CUS000072,Neha Jain,Bengaluru,Maharashtra,2022-09-27,Retail
CUS000073,Aarav Malhotra,Lucknow,Telangana,2025-05-25,Enterprise
CUS000074,Amit Singh,Lucknow,Karnataka,2023-04-18,Enterprise
CUS000075,Aarav Gupta,Mumbai,West Bengal,2022-10-02,Enterprise
CUS000076,Amit Joshi,Chennai,Delhi,2024-03-04,Business
CUS000077,Vikram Jain,Delhi,Karnataka,2023-04-09,Retail
CUS000078,Aisha Sharma,Hyderabad,Gujarat,2023-04-01,Enterprise
CUS000079,Ananya Singh,Mumbai,Delhi,2024-06-18,Enterprise
CUS000080,Vikram Gupta,Kolkata,Karnataka,2024-05-25,Business
CUS000081,Vivaan Malhotra,Ahmedabad,Tamil Nadu,2024-03-18,Enterprise
CUS000082,Simran Malhotra,Jaipur,Rajasthan,2025-08-06,Enterprise
CUS000083,Vivaan Kapoor,Mumbai,West Bengal,2024-07-24,Retail
CUS000084,Priya Kapoor,Jaipur,Gujarat,2022-03-22,Enterprise
CUS000085,Sneha Kapoor,Pune,Karnataka,2023-08-20,Business
CUS000086,Sneha Verma,Hyderabad,West Bengal,2022-12-07,Business
CUS000087,Ishita Malhotra,Pune,Rajasthan,2022-10-19,Business
CUS000088,Karan Patel,Jaipur,Maharashtra,2023-01-04,Enterprise
CUS000089,Pooja Jain,Ahmedabad,Gujarat,2023-10-25,Business
CUS000090,Aarav Jain,Kolkata,Uttar Pradesh,2025-12-30,Retail
CUS000091,Karan Patel,Hyderabad,Tamil Nadu,2025-11-17,Enterprise
CUS000092,Rohan Patel,Mumbai,Maharashtra,2025-12-17,Business
CUS000093,Meera Patel,Jaipur,Gujarat,2026-01-28,Enterprise
CUS000094,Amit Jain,Ahmedabad,Rajasthan,2024-02-19,Retail
CUS000095,Rohan Gupta,Lucknow,Delhi,2022-11-29,Retail
CUS000096,Rohan Sharma,Ahmedabad,Telangana,2023-09-26,Enterprise
CUS000097,Karan Verma,Delhi,Maharashtra,2022-09-27,Retail
CUS000098,Aarav Malhotra,Hyderabad,Maharashtra,2024-07-28,Business
CUS000099,Vikram Kapoor,Pune,Uttar Pradesh,2024-10-07,Retail
CUS000100,Ananya Malhotra,Kolkata,West Bengal,2024-04-19,Business
CUS000101,Aditya Malhotra,Lucknow,Maharashtra,2023-05-17,Enterprise
CUS000102,Neha Malhotra,Jaipur,Karnataka,2022-04-11,Retail
CUS000103,Rahul Sharma,Chennai,Maharashtra,2022-10-25,Retail
CUS000104,Simran Malhotra,Hyderabad,Tamil Nadu,2022-06-29,Retail
CUS000105,Arjun Mehta,Delhi,Delhi,2025-10-08,Business
CUS000106,Amit Malhotra,Lucknow,Rajasthan,2022-12-30,Business
CUS000107,Simran Gupta,Pune,Maharashtra,2023-09-05,Business
CUS000108,Meera Mehta,Mumbai,Gujarat,2025-02-01,Retail
CUS000109,Ishita Joshi,Delhi,Maharashtra,2025-11-23,Business
CUS000110,Kavya Kapoor,Ahmedabad,Rajasthan,2023-03-06,Enterprise
CUS000111,Ananya Malhotra,Pune,Maharashtra,2025-03-16,Enterprise
CUS000112,Nikhil Patel,Kolkata,Uttar Pradesh,2025-12-18,Business
CUS000113,Aisha Malhotra,Chennai,Telangana,2024-12-12,Enterprise
CUS000114,Amit Gupta,Delhi,Uttar Pradesh,2025-02-26,Business
CUS000115,Nikhil Joshi,Kolkata,Delhi,2025-06-02,Retail
CUS000116,Ishita Singh,Pune,Maharashtra,2022-02-19,Business
CUS000117,Arjun Singh,Lucknow,Gujarat,2024-04-27,Retail
CUS000118,Kavya Gupta,Jaipur,Karnataka,2022-01-24,Enterprise
CUS000119,Ananya Verma,Hyderabad,Maharashtra,2023-09-23,Business
CUS000120,Nikhil Kapoor,Chennai,Maharashtra,2022-08-22,Enterprise
CUS000121,Kavya Gupta,Ahmedabad,Uttar Pradesh,2025-06-15,Retail
CUS000122,Rohan Singh,Chennai,Tamil Nadu,2025-10-09,Business
CUS000123,Vikram Sharma,Delhi,West Bengal,2022-11-15,Enterprise
CUS000124,Karan Kapoor,Chennai,West Bengal,2024-04-27,Enterprise
CUS000125,Vivaan Kapoor,Hyderabad,Uttar Pradesh,2026-01-24,Enterprise
CUS000126,Kavya Kapoor,Jaipur,Maharashtra,2023-03-03,Enterprise
CUS000127,Kavya Gupta,Mumbai,Delhi,2023-07-29,Retail
CUS000128,Kavya Mehta,Jaipur,Delhi,2025-03-15,Enterprise
CUS000129,Sneha Jain,Lucknow,Maharashtra,2023-09-24,Enterprise
CUS000130,Kavya Sharma,Hyderabad,Gujarat,2022-06-27,Business
CUS000131,Priya Gupta,Kolkata,Telangana,2023-03-19,Enterprise
CUS000132,Ishita Jain,Mumbai,Tamil Nadu,2022-03-18,Retail
CUS000133,Aditya Joshi,Jaipur,Maharashtra,2024-09-15,Enterprise
CUS000134,Rahul Singh,Chennai,West Bengal,2026-02-09,Enterprise
CUS000135,Ishita Gupta,Delhi,Maharashtra,2024-11-23,Enterprise
CUS000136,Rahul Singh,Pune,West Bengal,2024-03-04,Enterprise
CUS000137,Nikhil Patel,Pune,Telangana,2022-04-01,Enterprise
CUS000138,Amit Patel,Chennai,West Bengal,2022-04-05,Retail
CUS000139,Nikhil Verma,Pune,Uttar Pradesh,2023-10-02,Enterprise
CUS000140,Ananya Gupta,Bengaluru,Karnataka,2023-08-10,Business
CUS000141,Pooja Gupta,Kolkata,Maharashtra,2023-07-13,Retail
CUS000142,Rohan Verma,Mumbai,Maharashtra,2025-06-29,Enterprise
CUS000143,Nikhil Patel,Bengaluru,Rajasthan,2023-12-19,Enterprise
CUS000144,Kavya Verma,Delhi,Telangana,2025-03-21,Retail
CUS000145,Rohan Patel,Hyderabad,Uttar Pradesh,2023-11-25,Enterprise
CUS000146,Karan Sharma,Delhi,Maharashtra,2024-08-22,Enterprise
CUS000147,Vivaan Patel,Ahmedabad,Maharashtra,2022-06-26,Business
CUS000148,Sneha Jain,Lucknow,Uttar Pradesh,2025-07-13,Enterprise
CUS000149,Karan Malhotra,Chennai,Telangana,2023-11-12,Retail
CUS000150,Pooja Patel,Kolkata,Uttar Pradesh,2022-09-27,Retail
CUS000151,Karan Patel,Kolkata,Telangana,2025-11-02,Enterprise
CUS000152,Karan Joshi,Bengaluru,Karnataka,2022-10-22,Enterprise
CUS000153,Neha Gupta,Ahmedabad,Delhi,2025-12-03,Enterprise
CUS000154,Kavya Gupta,Kolkata,West Bengal,2022-03-03,Retail
CUS000155,Vikram Patel,Chennai,West Bengal,2024-08-02,Retail
CUS000156,Ishita Gupta,Lucknow,Uttar Pradesh,2022-09-18,Enterprise
CUS000157,Arjun Mehta,Mumbai,Tamil Nadu,2025-02-12,Enterprise
CUS000158,Aditya Verma,Jaipur,West Bengal,2024-03-31,Enterprise
CUS000159,Aisha Singh,Lucknow,Karnataka,2025-01-27,Retail
CUS000160,Vikram Mehta,Mumbai,Tamil Nadu,2023-03-03,Enterprise
CUS000161,Simran Mehta,Ahmedabad,Uttar Pradesh,2023-12-02,Enterprise
CUS000162,Priya Jain,Mumbai,Uttar Pradesh,2024-09-23,Retail
CUS000163,Simran Malhotra,Kolkata,Tamil Nadu,2025-02-10,Retail
CUS000164,Karan Jain,Hyderabad,Gujarat,2022-05-23,Enterprise
CUS000165,Arjun Malhotra,Ahmedabad,Tamil Nadu,2024-10-09,Enterprise
CUS000166,Vivaan Patel,Bengaluru,Delhi,2025-04-04,Enterprise
CUS000167,Aarav Jain,Delhi,West Bengal,2024-12-24,Business
CUS000168,Sneha Malhotra,Lucknow,West Bengal,2023-02-05,Retail
CUS000169,Kavya Verma,Lucknow,Telangana,2024-06-09,Enterprise
CUS000170,Meera Patel,Lucknow,Maharashtra,2025-06-06,Enterprise
CUS000171,Sneha Jain,Hyderabad,Maharashtra,2024-01-27,Enterprise
CUS000172,Vivaan Sharma,Jaipur,Tamil Nadu,2022-08-13,Business
CUS000173,Aarav Singh,Ahmedabad,Uttar Pradesh,2024-03-18,Enterprise
CUS000174,Kavya Mehta,Ahmedabad,Gujarat,2024-06-10,Enterprise
CUS000175,Ananya Jain,Kolkata,Delhi,2023-01-21,Enterprise
CUS000176,Sneha Gupta,Ahmedabad,Delhi,2023-08-14,Enterprise
CUS000177,Rahul Jain,Pune,Maharashtra,2025-08-20,Retail
CUS000178,Rahul Joshi,Ahmedabad,Delhi,2022-06-23,Retail
CUS000179,Aisha Joshi,Lucknow,Gujarat,2025-06-30,Retail
CUS000180,Karan Kapoor,Ahmedabad,Rajasthan,2024-07-10,Business
CUS000181,Meera Singh,Delhi,Gujarat,2025-05-23,Retail
CUS000182,Simran Joshi,Bengaluru,Rajasthan,2023-07-06,Business
CUS000183,Pooja Malhotra,Chennai,Maharashtra,2022-03-19,Enterprise
CUS000184,Vikram Gupta,Mumbai,Uttar Pradesh,2024-09-13,Enterprise
CUS000185,Aditya Jain,Jaipur,Telangana,2024-08-10,Enterprise
CUS000186,Aditya Kapoor,Lucknow,Maharashtra,2023-05-18,Business
CUS000187,Aditya Kapoor,Lucknow,Telangana,2025-06-09,Retail
CUS000188,Kavya Kapoor,Pune,West Bengal,2024-07-18,Enterprise
CUS000189,Vikram Malhotra,Chennai,Gujarat,2023-12-24,Business
CUS000190,Ishita Jain,Pune,Uttar Pradesh,2023-09-15,Enterprise
CUS000191,Simran Verma,Pune,West Bengal,2025-03-30,Retail
CUS000192,Simran Sharma,Hyderabad,Uttar Pradesh,2022-02-25,Business
CUS000193,Vikram Patel,Delhi,Rajasthan,2022-06-07,Business
CUS000194,Neha Jain,Lucknow,Telangana,2023-07-18,Business
CUS000195,Aarav Patel,Lucknow,Delhi,2025-04-26,Enterprise
CUS000196,Rahul Joshi,Chennai,Delhi,2023-06-20,Enterprise
CUS000197,Priya Joshi,Delhi,Rajasthan,2022-03-09,Business
CUS000198,Aditya Jain,Lucknow,Delhi,2024-10-12,Business
CUS000199,Sneha Singh,Kolkata,Delhi,2023-03-08,Enterprise
CUS000200,Meera Sharma,Hyderabad,Maharashtra,2022-04-18,Retail
CUS000201,Karan Mehta,Kolkata,Telangana,2024-09-02,Enterprise
CUS000202,Pooja Singh,Ahmedabad,Gujarat,2024-08-29,Business
CUS000203,Rahul Kapoor,Ahmedabad,Maharashtra,2023-08-15,Business
CUS000204,Sneha Gupta,Jaipur,Maharashtra,2022-07-19,Enterprise
CUS000205,Meera Mehta,Lucknow,Telangana,2023-11-18,Business
CUS000206,Neha Patel,Hyderabad,Uttar Pradesh,2024-03-12,Business
CUS000207,Priya Malhotra,Bengaluru,Rajasthan,2023-11-23,Enterprise
CUS000208,Rohan Gupta,Jaipur,Maharashtra,2025-10-09,Retail
CUS000209,Aditya Sharma,Ahmedabad,Maharashtra,2024-12-11,Retail
CUS000210,Karan Gupta,Bengaluru,Telangana,2023-05-31,Retail
CUS000211,Vivaan Sharma,Lucknow,Maharashtra,2022-04-27,Enterprise
CUS000212,Ananya Malhotra,Mumbai,Maharashtra,2022-06-26,Enterprise
CUS000213,Rahul Mehta,Lucknow,Delhi,2022-08-16,Enterprise
CUS000214,Rohan Verma,Hyderabad,West Bengal,2025-09-14,Retail
CUS000215,Karan Verma,Ahmedabad,Tamil Nadu,2023-06-12,Retail
CUS000216,Aditya Verma,Pune,Gujarat,2024-03-06,Business
CUS000217,Vivaan Verma,Hyderabad,Delhi,2024-06-21,Retail
CUS000218,Vikram Singh,Lucknow,Gujarat,2023-01-01,Enterprise
CUS000219,Vikram Patel,Delhi,Rajasthan,2024-06-02,Retail
CUS000220,Amit Patel,Kolkata,Telangana,2022-07-31,Retail
CUS000221,Aditya Patel,Lucknow,Telangana,2024-07-02,Retail
CUS000222,Vikram Jain,Pune,Maharashtra,2025-09-23,Business
CUS000223,Neha Jain,Chennai,Gujarat,2025-03-22,Retail
CUS000224,Nikhil Joshi,Kolkata,Gujarat,2024-04-07,Enterprise
CUS000225,Aditya Kapoor,Bengaluru,Maharashtra,2024-02-27,Enterprise
CUS000226,Vikram Patel,Lucknow,Rajasthan,2024-01-06,Business
CUS000227,Ishita Mehta,Pune,Maharashtra,2024-01-19,Enterprise
CUS000228,Kavya Patel,Kolkata,Telangana,2025-08-19,Retail
CUS000229,Rohan Kapoor,Pune,Gujarat,2025-09-15,Retail
CUS000230,Ishita Mehta,Mumbai,Tamil Nadu,2024-09-23,Retail
CUS000231,Karan Singh,Delhi,Maharashtra,2023-01-31,Retail
CUS000232,Simran Singh,Kolkata,Gujarat,2022-05-10,Enterprise
CUS000233,Ishita Joshi,Jaipur,West Bengal,2022-02-03,Retail
CUS000234,Kavya Sharma,Chennai,Maharashtra,2024-04-10,Retail
CUS000235,Ananya Kapoor,Kolkata,Rajasthan,2022-11-02,Enterprise
CUS000236,Simran Singh,Mumbai,Maharashtra,2022-10-17,Business
CUS000237,Aarav Joshi,Lucknow,Maharashtra,2023-05-13,Enterprise
CUS000238,Rahul Sharma,Delhi,Maharashtra,2023-09-22,Retail
CUS000239,Karan Malhotra,Delhi,Uttar Pradesh,2022-05-11,Retail
CUS000240,Arjun Joshi,Lucknow,Uttar Pradesh,2023-03-28,Retail
CUS000241,Ananya Mehta,Chennai,Gujarat,2023-10-27,Retail
CUS000242,Simran Kapoor,Delhi,Tamil Nadu,2023-03-13,Retail
CUS000243,Simran Jain,Chennai,Maharashtra,2022-09-05,Business
CUS000244,Rahul Mehta,Delhi,Tamil Nadu,2025-02-07,Retail
CUS000245,Karan Singh,Lucknow,Maharashtra,2022-10-01,Retail
CUS000246,Amit Mehta,Delhi,Maharashtra,2024-09-24,Retail
CUS000247,Aarav Sharma,Delhi,Maharashtra,2025-12-18,Enterprise
CUS000248,Simran Verma,Ahmedabad,West Bengal,2025-11-18,Retail
CUS000249,Ananya Jain,Hyderabad,Rajasthan,2024-07-11,Business
CUS000250,Priya Jain,Lucknow,Maharashtra,2025-05-06,Retail
CUS000251,Vikram Malhotra,Mumbai,Telangana,2023-12-14,Business
CUS000252,Aarav Kapoor,Bengaluru,Karnataka,2022-08-29,Enterprise
CUS000253,Arjun Malhotra,Chennai,Rajasthan,2024-11-05,Retail
CUS000254,Karan Singh,Hyderabad,Maharashtra,2023-02-01,Retail
CUS000255,Rahul Joshi,Kolkata,Delhi,2022-11-24,Enterprise
CUS000256,Vivaan Sharma,Chennai,Telangana,2023-03-06,Business
CUS000257,Neha Gupta,Lucknow,West Bengal,2022-03-30,Retail
CUS000258,Vivaan Kapoor,Delhi,Delhi,2022-03-01,Business
CUS000259,Nikhil Patel,Mumbai,Karnataka,2026-01-17,Business
CUS000260,Simran Malhotra,Chennai,Gujarat,2023-02-12,Enterprise
CUS000261,Kavya Singh,Mumbai,Tamil Nadu,2023-04-12,Retail
CUS000262,Priya Mehta,Bengaluru,Gujarat,2023-03-28,Retail
CUS000263,Vikram Malhotra,Kolkata,Maharashtra,2024-06-11,Retail
CUS000264,Ananya Malhotra,Kolkata,Delhi,2024-03-04,Business
CUS000265,Rahul Joshi,Bengaluru,Tamil Nadu,2023-07-07,Retail
CUS000266,Kavya Jain,Pune,Uttar Pradesh,2022-05-03,Business
CUS000267,Rahul Patel,Kolkata,West Bengal,2024-05-06,Retail
CUS000268,Kavya Singh,Hyderabad,Uttar Pradesh,2022-11-18,Enterprise
CUS000269,Amit Jain,Lucknow,Rajasthan,2023-04-16,Retail
CUS000270,Aisha Kapoor,Kolkata,Karnataka,2025-04-26,Business
CUS000271,Karan Verma,Pune,Gujarat,2023-05-21,Retail
CUS000272,Kavya Mehta,Lucknow,Karnataka,2025-04-26,Retail
CUS000273,Simran Sharma,Ahmedabad,Maharashtra,2022-03-24,Business
CUS000274,Nikhil Sharma,Ahmedabad,Rajasthan,2024-03-18,Business
CUS000275,Arjun Joshi,Kolkata,Karnataka,2022-06-20,Enterprise
CUS000276,Aarav Mehta,Bengaluru,Delhi,2024-01-05,Business
CUS000277,Priya Patel,Pune,West Bengal,2025-10-02,Business
CUS000278,Rohan Joshi,Lucknow,Uttar Pradesh,2022-02-19,Business
CUS000279,Karan Jain,Ahmedabad,Delhi,2024-01-29,Enterprise
CUS000280,Karan Sharma,Mumbai,Gujarat,2025-11-15,Business
CUS000281,Nikhil Sharma,Hyderabad,Gujarat,2023-07-07,Enterprise
CUS000282,Amit Kapoor,Lucknow,Karnataka,2025-11-03,Retail
CUS000283,Amit Gupta,Pune,Rajasthan,2025-10-13,Business
CUS000284,Vivaan Patel,Ahmedabad,Tamil Nadu,2024-08-11,Enterprise
CUS000285,Vivaan Gupta,Chennai,Delhi,2025-08-20,Enterprise
CUS000286,Aditya Kapoor,Bengaluru,Delhi,2023-11-17,Retail
CUS000287,Pooja Patel,Kolkata,Uttar Pradesh,2025-12-10,Retail
CUS000288,Priya Gupta,Chennai,Telangana,2024-10-28,Enterprise
CUS000289,Aisha Verma,Pune,Maharashtra,2024-02-03,Business
CUS000290,Karan Joshi,Jaipur,Rajasthan,2022-09-09,Business
CUS000291,Pooja Kapoor,Hyderabad,West Bengal,2025-06-25,Business
CUS000292,Aditya Singh,Kolkata,Maharashtra,2022-06-14,Business
CUS000293,Rohan Verma,Mumbai,Maharashtra,2022-12-04,Business
CUS000294,Arjun Jain,Kolkata,Delhi,2023-02-23,Enterprise
CUS000295,Aarav Verma,Ahmedabad,Rajasthan,2022-09-28,Business
CUS000296,Meera Mehta,Kolkata,Maharashtra,2023-08-21,Retail
CUS000297,Aditya Sharma,Bengaluru,Rajasthan,2025-08-13,Business
CUS000298,Aisha Malhotra,Chennai,Tamil Nadu,2024-09-22,Enterprise
CUS000299,Nikhil Kapoor,Kolkata,West Bengal,2023-09-15,Enterprise
CUS000300,Rahul Verma,Delhi,Telangana,2023-04-10,Business
CUS000301,Meera Verma,Pune,Delhi,2023-12-25,Business
CUS000302,Karan Jain,Lucknow,Delhi,2025-12-28,Enterprise
CUS000303,Ishita Jain,Delhi,Delhi,2022-11-27,Retail
CUS000304,Arjun Sharma,Chennai,Uttar Pradesh,2022-09-17,Business
CUS000305,Neha Gupta,Delhi,Karnataka,2025-02-25,Enterprise
CUS000306,Vivaan Gupta,Chennai,Delhi,2024-02-03,Business
CUS000307,Pooja Jain,Jaipur,Telangana,2022-09-06,Retail
CUS000308,Sneha Joshi,Delhi,West Bengal,2023-10-18,Retail
CUS000309,Aarav Kapoor,Jaipur,Tamil Nadu,2025-08-18,Enterprise
CUS000310,Ishita Joshi,Hyderabad,Uttar Pradesh,2025-09-27,Retail
CUS000311,Simran Joshi,Chennai,Maharashtra,2026-02-07,Business
CUS000312,Vivaan Jain,Jaipur,Maharashtra,2023-09-23,Retail
CUS000313,Sneha Malhotra,Bengaluru,West Bengal,2024-01-02,Retail
CUS000314,Kavya Sharma,Lucknow,Karnataka,2025-04-09,Enterprise
CUS000315,Priya Verma,Bengaluru,Maharashtra,2022-06-21,Enterprise
CUS000316,Karan Patel,Jaipur,Gujarat,2023-02-03,Business
CUS000317,Kavya Malhotra,Lucknow,Rajasthan,2022-04-25,Enterprise
CUS000318,Meera Mehta,Delhi,Gujarat,2024-01-28,Business
CUS000319,Meera Sharma,Hyderabad,Tamil Nadu,2023-12-21,Business
CUS000320,Karan Kapoor,Mumbai,Karnataka,2026-01-30,Business
CUS000321,Aisha Joshi,Hyderabad,Delhi,2026-01-30,Business
CUS000322,Aisha Jain,Lucknow,Uttar Pradesh,2022-06-26,Retail
CUS000323,Ananya Verma,Kolkata,Rajasthan,2023-11-18,Retail
CUS000324,Simran Mehta,Mumbai,Maharashtra,2024-04-18,Enterprise
CUS000325,Neha Mehta,Delhi,Rajasthan,2024-08-04,Enterprise
CUS000326,Simran Jain,Bengaluru,Delhi,2024-02-21,Business
CUS000327,Pooja Joshi,Pune,Telangana,2025-04-13,Business
CUS000328,Vikram Kapoor,Kolkata,Karnataka,2022-02-24,Retail
CUS000329,Rahul Verma,Hyderabad,West Bengal,2022-09-12,Enterprise
CUS000330,Ishita Mehta,Delhi,West Bengal,2025-11-09,Enterprise
CUS000331,Priya Sharma,Mumbai,Telangana,2024-10-06,Retail
CUS000332,Amit Gupta,Lucknow,West Bengal,2025-03-04,Business
CUS000333,Neha Joshi,Mumbai,Tamil Nadu,2024-11-15,Enterprise
CUS000334,Simran Sharma,Hyderabad,Delhi,2025-04-06,Retail
CUS000335,Rahul Gupta,Kolkata,Delhi,2024-01-02,Retail
CUS000336,Vivaan Verma,Chennai,Gujarat,2025-07-27,Business
CUS000337,Vivaan Verma,Hyderabad,Rajasthan,2025-08-01,Retail
CUS000338,Nikhil Singh,Delhi,Maharashtra,2025-05-11,Retail
CUS000339,Pooja Gupta,Chennai,Telangana,2023-07-10,Enterprise
CUS000340,Meera Patel,Jaipur,Uttar Pradesh,2023-12-22,Retail
CUS000341,Aarav Jain,Jaipur,Telangana,2024-02-03,Business
CUS000342,Aisha Gupta,Delhi,Maharashtra,2023-03-23,Retail
CUS000343,Nikhil Singh,Bengaluru,Rajasthan,2025-06-10,Enterprise
CUS000344,Nikhil Kapoor,Jaipur,Maharashtra,2024-05-04,Business
CUS000345,Aditya Patel,Delhi,Maharashtra,2024-09-09,Business
CUS000346,Ishita Gupta,Delhi,West Bengal,2025-05-08,Enterprise
CUS000347,Kavya Jain,Hyderabad,Maharashtra,2022-08-31,Retail
CUS000348,Rahul Jain,Bengaluru,Telangana,2022-09-14,Retail
CUS000349,Rahul Patel,Ahmedabad,Maharashtra,2022-06-09,Retail
CUS000350,Vikram Mehta,Pune,Karnataka,2022-08-09,Retail
CUS000351,Nikhil Malhotra,Pune,West Bengal,2022-09-01,Business
CUS000352,Vivaan Patel,Hyderabad,Maharashtra,2022-07-17,Retail
CUS000353,Amit Singh,Lucknow,Karnataka,2023-01-14,Enterprise
CUS000354,Meera Sharma,Mumbai,Delhi,2023-07-23,Enterprise
CUS000355,Meera Gupta,Delhi,Rajasthan,2026-02-01,Enterprise
CUS000356,Priya Kapoor,Lucknow,Maharashtra,2022-07-22,Enterprise
CUS000357,Aarav Kapoor,Bengaluru,Karnataka,2023-08-01,Retail
CUS000358,Pooja Sharma,Mumbai,Karnataka,2024-10-29,Enterprise
CUS000359,Vikram Gupta,Lucknow,Delhi,2024-06-19,Enterprise
CUS000360,Arjun Jain,Chennai,Gujarat,2024-05-18,Retail
CUS000361,Nikhil Singh,Ahmedabad,Maharashtra,2023-10-06,Retail
CUS000362,Karan Patel,Jaipur,Delhi,2024-10-12,Business
CUS000363,Ishita Kapoor,Pune,Maharashtra,2023-11-03,Business
CUS000364,Arjun Mehta,Hyderabad,West Bengal,2025-05-14,Enterprise
CUS000365,Ishita Joshi,Bengaluru,Rajasthan,2024-04-14,Business
CUS000366,Aisha Singh,Mumbai,West Bengal,2025-10-22,Business
CUS000367,Rohan Sharma,Kolkata,Maharashtra,2024-03-22,Business
CUS000368,Nikhil Patel,Mumbai,Delhi,2024-03-19,Business
CUS000369,Simran Patel,Delhi,Maharashtra,2024-01-15,Retail
CUS000370,Kavya Singh,Lucknow,Gujarat,2022-09-09,Retail
CUS000371,Aisha Joshi,Hyderabad,Uttar Pradesh,2025-04-30,Business
CUS000372,Sneha Gupta,Kolkata,Uttar Pradesh,2024-04-08,Business
CUS000373,Nikhil Verma,Delhi,West Bengal,2022-08-10,Retail
CUS000374,Neha Joshi,Kolkata,Karnataka,2025-07-10,Retail
CUS000375,Aarav Patel,Pune,Maharashtra,2024-10-17,Enterprise
CUS000376,Aarav Jain,Ahmedabad,Uttar Pradesh,2025-10-23,Business
CUS000377,Rahul Verma,Lucknow,Uttar Pradesh,2022-07-17,Retail
CUS000378,Nikhil Joshi,Kolkata,Karnataka,2023-08-25,Enterprise
CUS000379,Vikram Joshi,Jaipur,Telangana,2025-01-15,Business
CUS000380,Pooja Kapoor,Pune,Maharashtra,2024-05-31,Retail
CUS000381,Sneha Joshi,Chennai,Gujarat,2024-06-25,Business
CUS000382,Vivaan Sharma,Delhi,Rajasthan,2025-09-12,Business
CUS000383,Rohan Joshi,Ahmedabad,Delhi,2023-10-02,Enterprise
CUS000384,Sneha Joshi,Mumbai,Uttar Pradesh,2025-10-14,Business
CUS000385,Pooja Kapoor,Lucknow,West Bengal,2024-09-01,Enterprise
CUS000386,Rohan Kapoor,Pune,Gujarat,2023-06-24,Business
CUS000387,Simran Mehta,Lucknow,Tamil Nadu,2023-08-06,Business
CUS000388,Vivaan Sharma,Lucknow,Maharashtra,2022-09-20,Business
CUS000389,Meera Malhotra,Pune,Tamil Nadu,2024-02-19,Retail
CUS000390,Aisha Gupta,Chennai,Gujarat,2023-12-21,Retail
CUS000391,Priya Singh,Bengaluru,Telangana,2025-04-28,Retail
CUS000392,Aditya Verma,Mumbai,Tamil Nadu,2022-12-14,Retail
CUS000393,Pooja Gupta,Pune,West Bengal,2025-09-09,Business
CUS000394,Simran Kapoor,Ahmedabad,Telangana,2022-02-11,Enterprise
CUS000395,Vikram Malhotra,Pune,Tamil Nadu,2024-02-13,Enterprise
CUS000396,Sneha Gupta,Lucknow,Maharashtra,2024-09-27,Retail
CUS000397,Ananya Gupta,Kolkata,Rajasthan,2025-09-28,Business
CUS000398,Rohan Malhotra,Hyderabad,Tamil Nadu,2024-06-11,Retail
CUS000399,Vikram Patel,Jaipur,Karnataka,2023-08-12,Business
CUS000400,Vivaan Verma,Lucknow,Gujarat,2023-04-08,Enterprise
CUS000401,Aditya Malhotra,Mumbai,Uttar Pradesh,2023-11-21,Business
CUS000402,Aditya Malhotra,Jaipur,West Bengal,2024-05-24,Retail
CUS000403,Meera Patel,Hyderabad,Rajasthan,2023-09-07,Business
CUS000404,Pooja Gupta,Bengaluru,Gujarat,2024-04-03,Business
CUS000405,Amit Kapoor,Kolkata,Rajasthan,2023-01-05,Retail
CUS000406,Nikhil Jain,Lucknow,West Bengal,2023-03-13,Enterprise
CUS000407,Karan Verma,Jaipur,Uttar Pradesh,2024-06-07,Enterprise
CUS000408,Vivaan Kapoor,Bengaluru,Tamil Nadu,2024-08-05,Retail
CUS000409,Priya Jain,Hyderabad,Gujarat,2024-04-20,Business
CUS000410,Aditya Singh,Ahmedabad,Telangana,2023-08-11,Enterprise
CUS000411,Rohan Verma,Lucknow,Karnataka,2024-04-11,Retail
CUS000412,Arjun Jain,Bengaluru,Maharashtra,2023-05-18,Business
CUS000413,Karan Joshi,Jaipur,Gujarat,2024-05-14,Enterprise
CUS000414,Vivaan Singh,Delhi,Telangana,2022-10-07,Retail
CUS000415,Neha Verma,Jaipur,Delhi,2025-08-12,Retail
CUS000416,Vikram Sharma,Pune,Maharashtra,2023-10-05,Enterprise
CUS000417,Ishita Patel,Ahmedabad,Tamil Nadu,2025-10-07,Enterprise
CUS000418,Aditya Mehta,Delhi,Karnataka,2022-08-18,Enterprise
CUS000419,Nikhil Patel,Jaipur,Uttar Pradesh,2024-12-11,Business
CUS000420,Vikram Patel,Bengaluru,Uttar Pradesh,2022-09-08,Business
CUS000421,Kavya Malhotra,Ahmedabad,Karnataka,2024-05-16,Retail
CUS000422,Rahul Patel,Delhi,Karnataka,2023-07-17,Business
CUS000423,Aisha Verma,Lucknow,Maharashtra,2024-10-01,Enterprise
CUS000424,Meera Patel,Chennai,Rajasthan,2024-05-17,Business
CUS000425,Priya Verma,Delhi,Tamil Nadu,2024-08-31,Enterprise
CUS000426,Meera Verma,Pune,Uttar Pradesh,2022-03-13,Enterprise
CUS000427,Vivaan Singh,Hyderabad,Rajasthan,2024-02-27,Business
CUS000428,Meera Patel,Jaipur,Karnataka,2024-06-25,Business
CUS000429,Aarav Mehta,Hyderabad,Telangana,2022-07-04,Retail
CUS000430,Ishita Singh,Delhi,West Bengal,2025-07-17,Business
CUS000431,Aisha Sharma,Hyderabad,Maharashtra,2024-10-03,Business
CUS000432,Aisha Gupta,Ahmedabad,Maharashtra,2022-11-25,Enterprise
CUS000433,Neha Kapoor,Mumbai,Tamil Nadu,2024-05-11,Enterprise
CUS000434,Pooja Gupta,Kolkata,Maharashtra,2022-04-17,Enterprise
CUS000435,Rohan Joshi,Delhi,Maharashtra,2024-03-31,Retail
CUS000436,Ishita Gupta,Lucknow,Maharashtra,2022-08-15,Retail
CUS000437,Priya Kapoor,Delhi,Uttar Pradesh,2025-11-05,Business
CUS000438,Kavya Joshi,Kolkata,Delhi,2023-06-18,Retail
CUS000439,Simran Gupta,Hyderabad,Karnataka,2022-06-22,Business
CUS000440,Meera Jain,Ahmedabad,Gujarat,2025-03-14,Retail
CUS000441,Aarav Sharma,Jaipur,Uttar Pradesh,2025-07-07,Retail
CUS000442,Aditya Joshi,Bengaluru,Telangana,2025-12-07,Retail
CUS000443,Vivaan Mehta,Lucknow,Gujarat,2025-05-14,Business
CUS000444,Rahul Patel,Chennai,Delhi,2025-03-07,Retail
CUS000445,Aarav Kapoor,Ahmedabad,West Bengal,2025-10-11,Business
CUS000446,Arjun Singh,Bengaluru,Karnataka,2023-06-30,Business
CUS000447,Vikram Mehta,Delhi,Gujarat,2023-02-28,Enterprise
CUS000448,Ananya Verma,Bengaluru,Gujarat,2023-01-05,Business
CUS000449,Rahul Sharma,Hyderabad,Telangana,2023-04-28,Enterprise
CUS000450,Karan Singh,Chennai,Uttar Pradesh,2025-11-02,Enterprise
CUS000451,Karan Patel,Pune,West Bengal,2022-09-30,Business
CUS000452,Sneha Singh,Ahmedabad,Gujarat,2025-05-08,Business
CUS000453,Aditya Patel,Jaipur,Maharashtra,2022-04-17,Business
CUS000454,Priya Joshi,Chennai,Uttar Pradesh,2025-10-05,Enterprise
CUS000455,Vivaan Sharma,Hyderabad,Rajasthan,2025-06-23,Business
CUS000456,Ishita Mehta,Chennai,Delhi,2025-02-19,Retail
CUS000457,Simran Jain,Hyderabad,Delhi,2024-10-28,Business
CUS000458,Kavya Joshi,Delhi,Maharashtra,2023-10-12,Enterprise
CUS000459,Nikhil Mehta,Delhi,Telangana,2022-08-28,Business
CUS000460,Vivaan Jain,Kolkata,Telangana,2024-01-09,Business
CUS000461,Ishita Verma,Lucknow,Telangana,2024-11-24,Business
CUS000462,Aisha Jain,Chennai,West Bengal,2022-11-06,Enterprise
CUS000463,Karan Sharma,Bengaluru,Delhi,2022-04-22,Retail
CUS000464,Rohan Sharma,Kolkata,Telangana,2022-12-01,Enterprise
CUS000465,Karan Mehta,Mumbai,West Bengal,2022-03-25,Business
CUS000466,Meera Kapoor,Kolkata,West Bengal,2024-10-06,Retail
CUS000467,Rahul Patel,Chennai,Maharashtra,2023-02-22,Business
CUS000468,Rohan Jain,Jaipur,Telangana,2025-02-27,Enterprise
CUS000469,Simran Singh,Lucknow,Maharashtra,2024-12-13,Enterprise
CUS000470,Rohan Mehta,Mumbai,Karnataka,2024-10-17,Enterprise
CUS000471,Arjun Gupta,Pune,Telangana,2025-10-27,Enterprise
CUS000472,Arjun Mehta,Chennai,Uttar Pradesh,2022-08-06,Business
CUS000473,Rahul Sharma,Mumbai,West Bengal,2025-12-20,Enterprise
CUS000474,Vikram Joshi,Hyderabad,Uttar Pradesh,2025-09-09,Retail
CUS000475,Kavya Sharma,Lucknow,West Bengal,2023-10-28,Enterprise
CUS000476,Simran Jain,Bengaluru,Maharashtra,2025-08-11,Business
CUS000477,Kavya Sharma,Mumbai,Rajasthan,2025-05-18,Business
CUS000478,Aditya Mehta,Hyderabad,Delhi,2023-05-07,Business
CUS000479,Aditya Sharma,Bengaluru,Delhi,2024-03-06,Business
CUS000480,Ishita Jain,Mumbai,Telangana,2024-10-02,Business
CUS000481,Ishita Malhotra,Delhi,Tamil Nadu,2025-09-24,Retail
CUS000482,Meera Kapoor,Bengaluru,West Bengal,2024-07-01,Business
CUS000483,Vikram Verma,Lucknow,Uttar Pradesh,2024-05-16,Retail
CUS000484,Aisha Gupta,Lucknow,Delhi,2024-06-08,Enterprise
CUS000485,Aisha Patel,Pune,Rajasthan,2023-12-01,Business
CUS000486,Priya Jain,Kolkata,Rajasthan,2025-07-13,Enterprise
CUS000487,Nikhil Patel,Hyderabad,West Bengal,2024-06-14,Retail
CUS000488,Vikram Verma,Delhi,Delhi,2025-11-02,Business
CUS000489,Priya Kapoor,Ahmedabad,Telangana,2025-03-10,Retail
CUS000490,Pooja Patel,Pune,Rajasthan,2022-08-09,Enterprise
CUS000491,Aisha Mehta,Mumbai,West Bengal,2025-09-15,Enterprise
CUS000492,Simran Verma,Chennai,Telangana,2025-04-14,Retail
CUS000493,Nikhil Sharma,Mumbai,West Bengal,2023-01-03,Retail
CUS000494,Sneha Sharma,Mumbai,Gujarat,2025-12-13,Business
CUS000495,Kavya Malhotra,Kolkata,West Bengal,2025-07-01,Business
CUS000496,Kavya Jain,Bengaluru,Delhi,2022-06-10,Enterprise
CUS000497,Amit Verma,Mumbai,Gujarat,2024-12-30,Retail
CUS000498,Aarav Mehta,Mumbai,Maharashtra,2022-12-18,Enterprise
CUS000499,Vikram Joshi,Ahmedabad,Uttar Pradesh,2026-01-26,Business
CUS000500,Ishita Malhotra,Lucknow,Tamil Nadu,2025-11-15,Enterprise
CUS000501,Sneha Verma,Mumbai,Delhi,2022-10-04,Retail
CUS000502,Ananya Patel,Pune,Karnataka,2022-02-24,Retail
CUS000503,Vikram Jain,Bengaluru,Gujarat,2025-07-06,Enterprise
CUS000504,Ananya Patel,Hyderabad,West Bengal,2022-10-31,Business
CUS000505,Aisha Sharma,Mumbai,Delhi,2022-11-09,Enterprise
CUS000506,Karan Joshi,Kolkata,Maharashtra,2024-07-09,Enterprise
CUS000507,Priya Singh,Hyderabad,Uttar Pradesh,2024-03-13,Retail
CUS000508,Kavya Sharma,Mumbai,Gujarat,2024-05-01,Business
CUS000509,Simran Malhotra,Jaipur,Telangana,2022-03-17,Business
CUS000510,Sneha Joshi,Jaipur,Uttar Pradesh,2026-01-24,Enterprise
CUS000511,Vikram Singh,Pune,Rajasthan,2022-02-08,Business
CUS000512,Simran Gupta,Jaipur,Maharashtra,2023-07-03,Enterprise
CUS000513,Aisha Joshi,Mumbai,West Bengal,2025-06-29,Enterprise
CUS000514,Meera Joshi,Ahmedabad,Maharashtra,2022-11-27,Business
CUS000515,Ananya Joshi,Chennai,West Bengal,2023-04-21,Enterprise
CUS000516,Priya Malhotra,Chennai,Uttar Pradesh,2026-01-04,Enterprise
CUS000517,Karan Jain,Hyderabad,Gujarat,2024-05-03,Enterprise
CUS000518,Meera Joshi,Delhi,Uttar Pradesh,2023-03-01,Business
CUS000519,Aditya Joshi,Delhi,Delhi,2023-02-13,Retail
CUS000520,Amit Joshi,Mumbai,Gujarat,2024-10-08,Business
CUS000521,Priya Singh,Jaipur,Maharashtra,2022-02-07,Business
CUS000522,Neha Gupta,Delhi,Delhi,2024-10-28,Retail
CUS000523,Aditya Gupta,Ahmedabad,Maharashtra,2025-06-18,Retail
CUS000524,Arjun Kapoor,Bengaluru,West Bengal,2023-06-13,Business
CUS000525,Meera Sharma,Jaipur,Telangana,2022-11-06,Enterprise
CUS000526,Nikhil Malhotra,Mumbai,Maharashtra,2024-06-15,Business
CUS000527,Arjun Patel,Lucknow,Uttar Pradesh,2022-07-28,Enterprise
CUS000528,Vivaan Kapoor,Mumbai,Delhi,2025-07-14,Retail
CUS000529,Ananya Gupta,Delhi,Telangana,2025-12-21,Business
CUS000530,Nikhil Joshi,Mumbai,Delhi,2025-08-18,Business
CUS000531,Kavya Jain,Mumbai,Karnataka,2024-06-18,Business
CUS000532,Aarav Singh,Kolkata,Tamil Nadu,2023-08-11,Enterprise
CUS000533,Rohan Patel,Hyderabad,Tamil Nadu,2026-01-04,Business
CUS000534,Meera Singh,Delhi,Rajasthan,2024-05-13,Retail
CUS000535,Rahul Mehta,Ahmedabad,Gujarat,2024-07-28,Enterprise
CUS000536,Meera Sharma,Kolkata,Delhi,2022-01-21,Enterprise
CUS000537,Nikhil Patel,Mumbai,Tamil Nadu,2023-10-07,Business
CUS000538,Rohan Mehta,Pune,Gujarat,2022-03-17,Enterprise
CUS000539,Rahul Malhotra,Pune,Rajasthan,2023-08-29,Business
CUS000540,Sneha Kapoor,Hyderabad,Tamil Nadu,2023-12-06,Retail
CUS000541,Neha Kapoor,Lucknow,Delhi,2025-12-05,Business
CUS000542,Karan Singh,Jaipur,Uttar Pradesh,2025-06-20,Enterprise
CUS000543,Karan Gupta,Ahmedabad,Karnataka,2023-09-10,Retail
CUS000544,Vivaan Kapoor,Chennai,Gujarat,2026-01-25,Enterprise
CUS000545,Rahul Kapoor,Jaipur,Telangana,2023-03-14,Retail
CUS000546,Nikhil Kapoor,Hyderabad,Rajasthan,2023-11-29,Enterprise
CUS000547,Rohan Sharma,Pune,Rajasthan,2025-04-28,Business
CUS000548,Priya Verma,Ahmedabad,Rajasthan,2022-08-15,Enterprise
CUS000549,Vivaan Gupta,Hyderabad,Rajasthan,2023-12-27,Retail
CUS000550,Vivaan Patel,Kolkata,Telangana,2025-03-18,Enterprise
CUS000551,Aarav Joshi,Chennai,Karnataka,2025-04-06,Enterprise
CUS000552,Pooja Malhotra,Bengaluru,Tamil Nadu,2023-09-05,Business
CUS000553,Simran Jain,Ahmedabad,Rajasthan,2023-05-23,Retail
CUS000554,Kavya Kapoor,Lucknow,Karnataka,2024-01-10,Business
CUS000555,Arjun Jain,Ahmedabad,Gujarat,2022-06-17,Retail
CUS000556,Vivaan Mehta,Delhi,West Bengal,2023-03-16,Business
CUS000557,Aditya Gupta,Jaipur,Gujarat,2025-04-19,Enterprise
CUS000558,Nikhil Mehta,Hyderabad,Uttar Pradesh,2024-10-18,Enterprise
CUS000559,Aisha Joshi,Kolkata,Gujarat,2022-11-30,Retail
CUS000560,Nikhil Jain,Kolkata,West Bengal,2022-09-22,Enterprise
CUS000561,Nikhil Kapoor,Mumbai,Karnataka,2024-07-21,Business
CUS000562,Vivaan Jain,Jaipur,Tamil Nadu,2022-09-01,Enterprise
CUS000563,Aisha Patel,Mumbai,Tamil Nadu,2025-03-16,Business
CUS000564,Vivaan Kapoor,Delhi,Maharashtra,2024-01-31,Business
CUS000565,Meera Verma,Hyderabad,West Bengal,2022-02-27,Retail
CUS000566,Rahul Malhotra,Ahmedabad,Maharashtra,2023-09-17,Business
CUS000567,Ananya Jain,Kolkata,Maharashtra,2022-09-08,Enterprise
CUS000568,Meera Patel,Pune,Gujarat,2024-09-12,Enterprise
CUS000569,Ishita Malhotra,Kolkata,Tamil Nadu,2024-02-12,Business
CUS000570,Amit Jain,Delhi,Rajasthan,2025-07-27,Business
CUS000571,Karan Joshi,Delhi,Tamil Nadu,2022-07-02,Enterprise
CUS000572,Amit Mehta,Ahmedabad,Karnataka,2024-03-20,Business
CUS000573,Pooja Sharma,Kolkata,Telangana,2025-08-15,Retail
CUS000574,Rohan Sharma,Lucknow,Telangana,2025-02-23,Enterprise
CUS000575,Arjun Kapoor,Mumbai,Karnataka,2025-06-21,Enterprise
CUS000576,Simran Sharma,Lucknow,Rajasthan,2023-01-23,Business
CUS000577,Nikhil Sharma,Mumbai,Rajasthan,2023-01-04,Retail
CUS000578,Neha Singh,Bengaluru,Uttar Pradesh,2024-06-28,Retail
CUS000579,Pooja Malhotra,Chennai,Gujarat,2025-04-21,Retail
CUS000580,Vikram Sharma,Chennai,Gujarat,2023-01-05,Business
CUS000581,Aarav Kapoor,Chennai,Gujarat,2023-06-11,Retail
CUS000582,Arjun Patel,Jaipur,Delhi,2023-08-08,Retail
CUS000583,Rohan Verma,Mumbai,Delhi,2023-09-21,Business
CUS000584,Rohan Sharma,Lucknow,Tamil Nadu,2023-01-07,Retail
CUS000585,Vivaan Verma,Ahmedabad,Maharashtra,2023-10-18,Retail
CUS000586,Aisha Gupta,Hyderabad,Gujarat,2022-09-05,Retail
CUS000587,Ananya Singh,Lucknow,Uttar Pradesh,2023-04-30,Business
CUS000588,Nikhil Kapoor,Ahmedabad,Maharashtra,2023-07-06,Retail
CUS000589,Kavya Joshi,Jaipur,Gujarat,2022-05-15,Business
CUS000590,Aarav Mehta,Bengaluru,Maharashtra,2023-07-06,Enterprise
CUS000591,Simran Patel,Bengaluru,Rajasthan,2025-08-27,Retail
CUS000592,Ishita Malhotra,Ahmedabad,West Bengal,2022-06-21,Enterprise
CUS000593,Nikhil Singh,Delhi,Tamil Nadu,2025-01-11,Retail
CUS000594,Priya Kapoor,Ahmedabad,Rajasthan,2024-07-14,Retail
CUS000595,Aarav Joshi,Lucknow,Telangana,2025-08-30,Retail
CUS000596,Aarav Sharma,Kolkata,Telangana,2025-05-09,Business
CUS000597,Sneha Gupta,Bengaluru,Uttar Pradesh,2024-11-11,Business
CUS000598,Vivaan Jain,Jaipur,Uttar Pradesh,2022-05-24,Business
CUS000599,Aditya Mehta,Mumbai,Delhi,2026-01-24,Enterprise
CUS000600,Neha Mehta,Bengaluru,Uttar Pradesh,2024-10-30,Business
CUS000601,Kavya Verma,Kolkata,Telangana,2023-05-19,Enterprise
CUS000602,Kavya Gupta,Bengaluru,West Bengal,2025-05-12,Business
CUS000603,Aarav Jain,Pune,Uttar Pradesh,2024-09-02,Retail
CUS000604,Aarav Jain,Ahmedabad,Rajasthan,2025-11-27,Enterprise
CUS000605,Vikram Mehta,Jaipur,Maharashtra,2025-08-22,Enterprise
CUS000606,Aditya Kapoor,Pune,West Bengal,2025-10-08,Retail
CUS000607,Meera Mehta,Lucknow,Tamil Nadu,2024-03-03,Retail
CUS000608,Aarav Patel,Kolkata,Tamil Nadu,2023-01-31,Business
CUS000609,Aarav Singh,Pune,Telangana,2025-10-25,Enterprise
CUS000610,Meera Singh,Mumbai,Uttar Pradesh,2025-07-04,Business
CUS000611,Priya Singh,Kolkata,Tamil Nadu,2022-03-17,Business
CUS000612,Vikram Malhotra,Bengaluru,Maharashtra,2023-02-06,Enterprise
CUS000613,Sneha Patel,Hyderabad,Uttar Pradesh,2024-10-21,Business
CUS000614,Rohan Kapoor,Bengaluru,Uttar Pradesh,2025-10-08,Enterprise
CUS000615,Amit Malhotra,Delhi,Maharashtra,2025-04-19,Retail
CUS000616,Aditya Jain,Hyderabad,Uttar Pradesh,2023-04-12,Enterprise
CUS000617,Neha Singh,Pune,Rajasthan,2025-06-12,Business
CUS000618,Pooja Joshi,Pune,Gujarat,2025-08-05,Enterprise
CUS000619,Vivaan Gupta,Ahmedabad,Gujarat,2023-07-16,Retail
CUS000620,Nikhil Joshi,Kolkata,Tamil Nadu,2024-11-25,Retail
CUS000621,Priya Sharma,Hyderabad,Gujarat,2024-12-26,Business
CUS000622,Kavya Sharma,Ahmedabad,Karnataka,2023-11-17,Retail
CUS000623,Simran Sharma,Bengaluru,Gujarat,2022-06-02,Retail
CUS000624,Ananya Jain,Chennai,Telangana,2022-05-09,Enterprise
CUS000625,Arjun Sharma,Kolkata,Gujarat,2022-02-19,Enterprise
CUS000626,Kavya Verma,Bengaluru,Maharashtra,2024-08-27,Retail
CUS000627,Kavya Sharma,Chennai,Rajasthan,2023-04-30,Retail
CUS000628,Amit Malhotra,Kolkata,Maharashtra,2025-07-04,Business
CUS000629,Simran Patel,Mumbai,Maharashtra,2022-03-10,Business
CUS000630,Kavya Patel,Delhi,Maharashtra,2024-06-24,Retail
CUS000631,Ishita Malhotra,Ahmedabad,Maharashtra,2022-07-28,Enterprise
CUS000632,Vivaan Kapoor,Pune,Telangana,2024-02-21,Business
CUS000633,Arjun Malhotra,Ahmedabad,Karnataka,2025-05-12,Enterprise
CUS000634,Amit Sharma,Kolkata,Gujarat,2024-08-08,Business
CUS000635,Amit Malhotra,Mumbai,Tamil Nadu,2025-08-26,Enterprise
CUS000636,Aarav Joshi,Jaipur,Tamil Nadu,2025-04-18,Retail
CUS000637,Arjun Patel,Pune,Uttar Pradesh,2025-12-31,Retail
CUS000638,Simran Singh,Lucknow,Delhi,2025-07-29,Enterprise
CUS000639,Neha Gupta,Ahmedabad,West Bengal,2026-01-24,Enterprise
CUS000640,Karan Jain,Bengaluru,Delhi,2022-04-01,Retail
CUS000641,Rahul Verma,Lucknow,Gujarat,2024-11-16,Enterprise
CUS000642,Meera Verma,Lucknow,Rajasthan,2022-10-26,Retail
CUS000643,Vikram Verma,Lucknow,Tamil Nadu,2023-08-20,Business
CUS000644,Aarav Kapoor,Lucknow,Delhi,2022-04-28,Retail
CUS000645,Nikhil Kapoor,Pune,Gujarat,2023-12-06,Retail
CUS000646,Ananya Singh,Mumbai,Tamil Nadu,2023-01-23,Enterprise
CUS000647,Vikram Joshi,Lucknow,Tamil Nadu,2025-03-30,Enterprise
CUS000648,Kavya Malhotra,Hyderabad,Gujarat,2023-11-05,Retail
CUS000649,Arjun Joshi,Pune,West Bengal,2023-03-26,Retail
CUS000650,Priya Singh,Kolkata,Uttar Pradesh,2023-03-13,Retail
CUS000651,Vikram Gupta,Ahmedabad,Karnataka,2024-03-30,Retail
CUS000652,Aarav Gupta,Pune,Maharashtra,2024-01-03,Retail
CUS000653,Pooja Patel,Delhi,Telangana,2024-06-20,Retail
CUS000654,Simran Gupta,Pune,Maharashtra,2023-02-12,Retail
CUS000655,Ishita Jain,Bengaluru,Telangana,2026-01-12,Retail
CUS000656,Kavya Kapoor,Bengaluru,Delhi,2023-02-06,Retail
CUS000657,Rohan Verma,Mumbai,Maharashtra,2025-10-19,Retail
CUS000658,Sneha Patel,Chennai,Karnataka,2023-09-17,Business
CUS000659,Priya Gupta,Chennai,Delhi,2024-12-15,Enterprise
CUS000660,Aisha Patel,Mumbai,Delhi,2022-09-25,Retail
CUS000661,Ananya Kapoor,Ahmedabad,Tamil Nadu,2023-10-14,Enterprise
CUS000662,Aisha Singh,Pune,Uttar Pradesh,2025-04-17,Retail
CUS000663,Pooja Verma,Delhi,Tamil Nadu,2023-05-22,Retail
CUS000664,Neha Jain,Jaipur,Uttar Pradesh,2024-09-28,Retail
CUS000665,Aditya Joshi,Lucknow,Maharashtra,2022-12-09,Enterprise
CUS000666,Sneha Kapoor,Chennai,West Bengal,2024-11-28,Business
CUS000667,Rohan Gupta,Chennai,Rajasthan,2025-11-23,Business
CUS000668,Vikram Joshi,Hyderabad,Uttar Pradesh,2024-04-01,Enterprise
CUS000669,Simran Sharma,Bengaluru,Karnataka,2023-02-20,Business
CUS000670,Priya Mehta,Bengaluru,Telangana,2024-05-20,Business
CUS000671,Simran Jain,Chennai,Telangana,2025-02-01,Retail
CUS000672,Rahul Patel,Hyderabad,West Bengal,2024-11-28,Business
CUS000673,Priya Malhotra,Pune,West Bengal,2024-11-15,Enterprise
CUS000674,Kavya Mehta,Kolkata,West Bengal,2024-06-04,Business
CUS000675,Meera Joshi,Chennai,Telangana,2024-02-23,Retail
CUS000676,Rohan Joshi,Bengaluru,Telangana,2025-08-14,Retail
CUS000677,Meera Patel,Hyderabad,Rajasthan,2024-11-16,Enterprise
CUS000678,Aditya Verma,Bengaluru,Maharashtra,2022-08-31,Retail
CUS000679,Meera Sharma,Jaipur,Karnataka,2023-11-15,Retail
CUS000680,Kavya Verma,Hyderabad,Telangana,2023-01-26,Enterprise
CUS000681,Amit Jain,Jaipur,Telangana,2022-01-18,Business
CUS000682,Ishita Gupta,Ahmedabad,Gujarat,2025-04-02,Enterprise
CUS000683,Aarav Joshi,Jaipur,Delhi,2024-03-25,Retail
CUS000684,Priya Singh,Kolkata,Karnataka,2024-11-22,Enterprise
CUS000685,Pooja Joshi,Kolkata,Tamil Nadu,2022-06-25,Business
CUS000686,Ananya Mehta,Ahmedabad,Karnataka,2024-06-17,Business
CUS000687,Pooja Sharma,Chennai,Delhi,2025-03-28,Retail
CUS000688,Ishita Sharma,Kolkata,Tamil Nadu,2023-11-27,Retail
CUS000689,Aisha Mehta,Ahmedabad,Rajasthan,2023-09-06,Business
CUS000690,Simran Sharma,Lucknow,Maharashtra,2022-10-12,Retail
CUS000691,Kavya Malhotra,Lucknow,Uttar Pradesh,2025-03-21,Business
CUS000692,Sneha Singh,Ahmedabad,Maharashtra,2024-12-30,Business
CUS000693,Ananya Joshi,Mumbai,Tamil Nadu,2025-03-12,Business
CUS000694,Ishita Patel,Delhi,Maharashtra,2025-10-14,Enterprise
CUS000695,Rohan Sharma,Lucknow,West Bengal,2022-02-24,Retail
CUS000696,Ananya Patel,Ahmedabad,Telangana,2023-02-26,Retail
CUS000697,Ishita Kapoor,Mumbai,West Bengal,2022-04-28,Business
CUS000698,Nikhil Sharma,Delhi,Tamil Nadu,2024-04-21,Business
CUS000699,Rohan Patel,Delhi,Rajasthan,2024-05-06,Business
CUS000700,Aditya Mehta,Bengaluru,Delhi,2023-02-26,Business
CUS000701,Aisha Joshi,Delhi,Uttar Pradesh,2025-03-23,Business
CUS000702,Simran Singh,Jaipur,West Bengal,2023-07-19,Retail
CUS000703,Aarav Jain,Kolkata,Maharashtra,2024-03-28,Enterprise
CUS000704,Priya Kapoor,Chennai,Uttar Pradesh,2024-10-02,Business
CUS000705,Karan Malhotra,Pune,Maharashtra,2023-08-13,Enterprise
CUS000706,Karan Gupta,Hyderabad,Gujarat,2025-06-09,Retail
CUS000707,Aisha Singh,Delhi,Uttar Pradesh,2024-06-03,Business
CUS000708,Sneha Jain,Lucknow,Maharashtra,2024-03-16,Enterprise
CUS000709,Vivaan Singh,Delhi,Telangana,2025-07-10,Enterprise
CUS000710,Ishita Patel,Bengaluru,West Bengal,2024-04-22,Enterprise
CUS000711,Arjun Gupta,Mumbai,Maharashtra,2024-10-30,Business
CUS000712,Aisha Joshi,Delhi,Telangana,2023-03-01,Enterprise
CUS000713,Vivaan Joshi,Pune,Maharashtra,2025-08-01,Enterprise
CUS000714,Karan Mehta,Chennai,Gujarat,2023-02-03,Business
CUS000715,Vivaan Sharma,Hyderabad,Maharashtra,2025-12-23,Retail
CUS000716,Kavya Joshi,Kolkata,West Bengal,2022-05-20,Retail
CUS000717,Pooja Singh,Kolkata,Delhi,2024-08-22,Business
CUS000718,Rohan Jain,Pune,Uttar Pradesh,2022-07-25,Retail
CUS000719,Ishita Patel,Jaipur,Gujarat,2022-12-11,Retail
CUS000720,Aarav Verma,Delhi,West Bengal,2024-01-04,Retail
CUS000721,Ananya Sharma,Jaipur,Karnataka,2024-06-24,Enterprise
CUS000722,Vivaan Kapoor,Mumbai,Gujarat,2025-11-14,Business
CUS000723,Karan Sharma,Lucknow,Maharashtra,2022-04-10,Business
CUS000724,Ananya Singh,Chennai,Karnataka,2023-02-14,Retail
CUS000725,Aarav Mehta,Pune,Maharashtra,2023-11-22,Retail
CUS000726,Aditya Singh,Mumbai,Delhi,2026-01-22,Retail
CUS000727,Vivaan Mehta,Jaipur,Maharashtra,2023-11-01,Business
CUS000728,Pooja Singh,Lucknow,Karnataka,2025-01-14,Business
CUS000729,Aisha Patel,Bengaluru,Karnataka,2022-08-05,Business
CUS000730,Kavya Jain,Pune,Gujarat,2025-09-01,Business
CUS000731,Aarav Mehta,Bengaluru,West Bengal,2023-03-27,Retail
CUS000732,Neha Malhotra,Chennai,Maharashtra,2022-05-18,Retail
CUS000733,Aisha Verma,Lucknow,West Bengal,2022-07-28,Enterprise
CUS000734,Pooja Malhotra,Delhi,Telangana,2022-07-14,Enterprise
CUS000735,Kavya Mehta,Delhi,Tamil Nadu,2022-12-26,Enterprise
CUS000736,Kavya Joshi,Mumbai,Tamil Nadu,2022-02-06,Enterprise
CUS000737,Simran Joshi,Ahmedabad,Rajasthan,2025-08-04,Enterprise
CUS000738,Priya Kapoor,Lucknow,Maharashtra,2023-04-22,Retail
CUS000739,Amit Patel,Hyderabad,Karnataka,2024-05-27,Retail
CUS000740,Amit Patel,Pune,Delhi,2024-02-07,Business
CUS000741,Ishita Singh,Delhi,Gujarat,2023-02-23,Enterprise
CUS000742,Vivaan Singh,Lucknow,West Bengal,2023-11-05,Retail
CUS000743,Neha Gupta,Pune,Rajasthan,2024-04-29,Enterprise
CUS000744,Ishita Sharma,Bengaluru,Tamil Nadu,2023-12-03,Retail
CUS000745,Ananya Kapoor,Pune,Karnataka,2025-11-08,Enterprise
CUS000746,Priya Malhotra,Ahmedabad,Rajasthan,2023-10-21,Retail
CUS000747,Karan Sharma,Mumbai,West Bengal,2022-05-24,Retail
CUS000748,Vivaan Jain,Bengaluru,Delhi,2022-07-07,Retail
CUS000749,Simran Kapoor,Bengaluru,Karnataka,2024-11-05,Retail
CUS000750,Aisha Joshi,Hyderabad,Delhi,2026-01-17,Retail
CUS000751,Priya Mehta,Delhi,Uttar Pradesh,2023-05-25,Business
CUS000752,Ishita Malhotra,Kolkata,Karnataka,2023-07-11,Business
CUS000753,Aditya Gupta,Ahmedabad,Gujarat,2022-12-10,Business
CUS000754,Karan Mehta,Jaipur,Uttar Pradesh,2024-06-06,Retail
CUS000755,Vikram Sharma,Ahmedabad,Gujarat,2022-06-20,Business
CUS000756,Amit Kapoor,Delhi,Rajasthan,2026-01-28,Retail
CUS000757,Neha Mehta,Kolkata,Telangana,2024-07-17,Business
CUS000758,Sneha Kapoor,Lucknow,West Bengal,2022-05-28,Business
CUS000759,Rahul Joshi,Bengaluru,Delhi,2023-01-24,Retail
CUS000760,Aarav Kapoor,Chennai,West Bengal,2024-04-08,Business
CUS000761,Sneha Gupta,Ahmedabad,West Bengal,2023-09-23,Enterprise
CUS000762,Simran Patel,Ahmedabad,Maharashtra,2022-09-12,Business
CUS000763,Simran Jain,Bengaluru,Gujarat,2023-06-07,Enterprise
CUS000764,Meera Kapoor,Kolkata,Tamil Nadu,2025-11-27,Retail
CUS000765,Sneha Mehta,Bengaluru,Karnataka,2024-09-05,Retail
CUS000766,Meera Sharma,Delhi,Telangana,2025-05-24,Business
CUS000767,Rahul Verma,Bengaluru,Uttar Pradesh,2025-03-30,Enterprise
CUS000768,Rohan Sharma,Mumbai,Maharashtra,2025-08-12,Enterprise
CUS000769,Sneha Mehta,Lucknow,Maharashtra,2024-11-27,Retail
CUS000770,Aisha Jain,Ahmedabad,Telangana,2025-11-17,Business
CUS000771,Nikhil Kapoor,Ahmedabad,Uttar Pradesh,2023-09-23,Enterprise
CUS000772,Aisha Patel,Mumbai,Uttar Pradesh,2023-12-07,Retail
CUS000773,Neha Singh,Ahmedabad,Telangana,2022-01-14,Retail
CUS000774,Vikram Sharma,Mumbai,Maharashtra,2025-11-27,Business
CUS000775,Nikhil Mehta,Hyderabad,Gujarat,2022-12-16,Retail
CUS000776,Meera Jain,Delhi,Karnataka,2024-09-23,Retail
CUS000777,Nikhil Patel,Kolkata,Uttar Pradesh,2023-03-12,Retail
CUS000778,Ananya Sharma,Delhi,Karnataka,2023-06-16,Business
CUS000779,Karan Malhotra,Mumbai,Delhi,2022-06-13,Business
CUS000780,Aditya Mehta,Mumbai,Telangana,2022-05-12,Business
CUS000781,Aarav Malhotra,Bengaluru,West Bengal,2024-09-20,Enterprise
CUS000782,Arjun Sharma,Pune,Telangana,2022-01-15,Enterprise
CUS000783,Simran Sharma,Mumbai,Karnataka,2024-12-05,Retail
CUS000784,Sneha Malhotra,Jaipur,Telangana,2024-09-22,Business
CUS000785,Kavya Malhotra,Ahmedabad,Tamil Nadu,2024-01-30,Enterprise
CUS000786,Kavya Gupta,Bengaluru,Tamil Nadu,2025-09-24,Business
CUS000787,Sneha Malhotra,Pune,Tamil Nadu,2023-11-08,Retail
CUS000788,Aarav Joshi,Ahmedabad,Delhi,2022-02-22,Enterprise
CUS000789,Arjun Kapoor,Hyderabad,Karnataka,2024-01-25,Business
CUS000790,Amit Joshi,Jaipur,Gujarat,2025-09-14,Retail
CUS000791,Aarav Gupta,Pune,Tamil Nadu,2022-04-04,Enterprise
CUS000792,Kavya Joshi,Bengaluru,Uttar Pradesh,2024-09-19,Business
CUS000793,Amit Patel,Chennai,Gujarat,2024-09-02,Enterprise
CUS000794,Arjun Mehta,Hyderabad,Uttar Pradesh,2023-02-04,Enterprise
CUS000795,Rahul Kapoor,Lucknow,Rajasthan,2022-03-07,Retail
CUS000796,Vikram Patel,Hyderabad,Rajasthan,2024-08-14,Retail
CUS000797,Karan Patel,Kolkata,Rajasthan,2023-05-09,Retail
CUS000798,Ananya Jain,Mumbai,Maharashtra,2024-06-09,Enterprise
CUS000799,Aarav Jain,Chennai,Gujarat,2023-07-29,Retail
CUS000800,Neha Joshi,Mumbai,Delhi,2024-12-30,Enterprise
CUS000801,Vikram Patel,Chennai,Karnataka,2025-03-25,Enterprise
CUS000802,Aditya Gupta,Ahmedabad,Gujarat,2025-09-01,Enterprise
CUS000803,Pooja Mehta,Bengaluru,Karnataka,2023-06-15,Retail
CUS000804,Ishita Patel,Mumbai,Maharashtra,2023-11-28,Enterprise
CUS000805,Simran Singh,Mumbai,Uttar Pradesh,2024-01-24,Retail
CUS000806,Kavya Mehta,Lucknow,Maharashtra,2023-09-29,Retail
CUS000807,Simran Kapoor,Bengaluru,Gujarat,2024-05-17,Business
CUS000808,Meera Jain,Jaipur,Uttar Pradesh,2025-04-24,Retail
CUS000809,Arjun Mehta,Pune,Rajasthan,2024-08-01,Business
CUS000810,Rahul Verma,Bengaluru,West Bengal,2025-10-24,Business
CUS000811,Rahul Malhotra,Hyderabad,Delhi,2025-09-24,Enterprise
CUS000812,Vivaan Malhotra,Chennai,Telangana,2024-10-25,Enterprise
CUS000813,Arjun Verma,Lucknow,West Bengal,2025-07-16,Retail
CUS000814,Vikram Verma,Ahmedabad,Maharashtra,2023-11-14,Retail
CUS000815,Ananya Singh,Pune,Delhi,2024-09-25,Enterprise
CUS000816,Sneha Verma,Delhi,Maharashtra,2025-01-27,Business
CUS000817,Kavya Mehta,Kolkata,Tamil Nadu,2024-03-12,Business
CUS000818,Aditya Kapoor,Hyderabad,Telangana,2025-11-27,Retail
CUS000819,Pooja Mehta,Mumbai,Delhi,2023-10-25,Enterprise
CUS000820,Vivaan Verma,Kolkata,Delhi,2025-03-28,Retail
CUS000821,Karan Joshi,Hyderabad,Delhi,2023-03-06,Retail
CUS000822,Ananya Sharma,Chennai,Uttar Pradesh,2022-07-28,Enterprise
CUS000823,Rahul Mehta,Ahmedabad,Delhi,2022-04-26,Retail
CUS000824,Meera Joshi,Delhi,Maharashtra,2022-08-29,Enterprise
CUS000825,Kavya Malhotra,Ahmedabad,Delhi,2025-07-08,Enterprise
CUS000826,Sneha Singh,Pune,Maharashtra,2023-05-09,Business
CUS000827,Vikram Verma,Lucknow,Delhi,2025-08-29,Enterprise
CUS000828,Sneha Patel,Kolkata,Gujarat,2023-07-18,Enterprise
CUS000829,Karan Gupta,Pune,Maharashtra,2022-08-27,Retail
CUS000830,Arjun Joshi,Jaipur,Karnataka,2022-02-17,Enterprise
CUS000831,Simran Malhotra,Kolkata,Telangana,2025-11-21,Enterprise
CUS000832,Arjun Malhotra,Delhi,Gujarat,2024-09-18,Enterprise
CUS000833,Aisha Verma,Lucknow,Delhi,2022-07-23,Business
CUS000834,Aditya Kapoor,Delhi,Gujarat,2025-12-06,Retail
CUS000835,Sneha Kapoor,Jaipur,Rajasthan,2024-09-27,Retail
CUS000836,Nikhil Malhotra,Jaipur,Maharashtra,2023-03-01,Enterprise
CUS000837,Arjun Jain,Lucknow,Delhi,2022-01-11,Enterprise
CUS000838,Karan Gupta,Mumbai,Maharashtra,2022-09-21,Enterprise
CUS000839,Ananya Jain,Mumbai,Rajasthan,2023-06-10,Retail
CUS000840,Aditya Patel,Jaipur,Telangana,2024-01-15,Enterprise
CUS000841,Rohan Mehta,Pune,Karnataka,2023-09-08,Retail
CUS000842,Nikhil Verma,Jaipur,West Bengal,2022-10-14,Enterprise
CUS000843,Vikram Gupta,Jaipur,Tamil Nadu,2025-05-26,Enterprise
CUS000844,Nikhil Singh,Mumbai,Maharashtra,2023-05-01,Retail
CUS000845,Ananya Jain,Hyderabad,Karnataka,2022-10-02,Enterprise
CUS000846,Pooja Singh,Lucknow,Tamil Nadu,2023-07-23,Retail
CUS000847,Amit Mehta,Mumbai,Rajasthan,2023-06-07,Business
CUS000848,Sneha Jain,Ahmedabad,West Bengal,2022-06-20,Business
CUS000849,Aisha Jain,Jaipur,Karnataka,2022-05-25,Enterprise
CUS000850,Neha Singh,Chennai,Uttar Pradesh,2025-09-08,Enterprise
CUS000851,Nikhil Malhotra,Delhi,Gujarat,2022-11-11,Business
CUS000852,Aisha Mehta,Pune,Uttar Pradesh,2023-05-22,Retail
CUS000853,Neha Patel,Jaipur,Maharashtra,2025-11-01,Enterprise
CUS000854,Aisha Patel,Chennai,Maharashtra,2024-01-14,Business
CUS000855,Neha Jain,Bengaluru,Telangana,2022-01-21,Retail
CUS000856,Sneha Singh,Ahmedabad,Maharashtra,2022-09-10,Retail
CUS000857,Nikhil Verma,Lucknow,West Bengal,2022-07-15,Enterprise
CUS000858,Meera Malhotra,Hyderabad,Rajasthan,2023-07-10,Enterprise
CUS000859,Arjun Sharma,Delhi,Tamil Nadu,2024-03-08,Retail
CUS000860,Meera Kapoor,Jaipur,Uttar Pradesh,2024-04-04,Business
CUS000861,Simran Jain,Hyderabad,Maharashtra,2025-11-07,Enterprise
CUS000862,Rahul Jain,Delhi,Gujarat,2025-03-08,Enterprise
CUS000863,Neha Sharma,Chennai,Karnataka,2025-10-20,Enterprise
CUS000864,Aisha Joshi,Delhi,West Bengal,2023-12-26,Business
CUS000865,Nikhil Verma,Hyderabad,Gujarat,2024-12-02,Enterprise
CUS000866,Priya Verma,Mumbai,Telangana,2024-04-12,Business
CUS000867,Aditya Patel,Mumbai,Karnataka,2022-07-11,Retail
CUS000868,Simran Sharma,Mumbai,Telangana,2025-02-08,Business
CUS000869,Aarav Mehta,Jaipur,Delhi,2024-09-09,Business
CUS000870,Nikhil Kapoor,Mumbai,Gujarat,2022-01-29,Enterprise
CUS000871,Ananya Sharma,Ahmedabad,Rajasthan,2023-12-08,Retail
CUS000872,Nikhil Malhotra,Pune,Uttar Pradesh,2024-07-07,Retail
CUS000873,Nikhil Singh,Delhi,Maharashtra,2024-01-22,Retail
CUS000874,Nikhil Gupta,Pune,Gujarat,2024-10-11,Business
CUS000875,Rohan Gupta,Mumbai,Tamil Nadu,2025-10-22,Retail
CUS000876,Pooja Patel,Hyderabad,Telangana,2024-09-16,Business
CUS000877,Neha Singh,Pune,Uttar Pradesh,2024-03-17,Retail
CUS000878,Ishita Kapoor,Pune,West Bengal,2025-06-19,Business
CUS000879,Vivaan Gupta,Pune,Uttar Pradesh,2024-07-31,Business
CUS000880,Ishita Gupta,Mumbai,Maharashtra,2023-12-18,Enterprise
CUS000881,Rohan Mehta,Chennai,Maharashtra,2022-07-27,Business
CUS000882,Vikram Singh,Mumbai,Rajasthan,2024-11-19,Retail
CUS000883,Aisha Patel,Kolkata,Maharashtra,2022-11-15,Enterprise
CUS000884,Neha Singh,Kolkata,Gujarat,2024-02-06,Business
CUS000885,Meera Mehta,Delhi,Rajasthan,2023-07-06,Retail
CUS000886,Karan Joshi,Delhi,Delhi,2023-12-26,Enterprise
CUS000887,Aisha Sharma,Chennai,Karnataka,2022-08-15,Retail
CUS000888,Ishita Sharma,Delhi,Gujarat,2024-05-12,Enterprise
CUS000889,Kavya Sharma,Delhi,Karnataka,2024-09-08,Enterprise
CUS000890,Neha Patel,Ahmedabad,West Bengal,2025-01-31,Business
CUS000891,Rahul Gupta,Ahmedabad,Rajasthan,2026-01-26,Enterprise
CUS000892,Sneha Jain,Mumbai,Maharashtra,2022-02-13,Retail
CUS000893,Rahul Gupta,Jaipur,Maharashtra,2025-11-02,Retail
CUS000894,Vivaan Gupta,Ahmedabad,Uttar Pradesh,2022-01-17,Business
CUS000895,Vikram Verma,Hyderabad,West Bengal,2022-06-19,Business
CUS000896,Priya Malhotra,Delhi,Rajasthan,2023-01-18,Retail
CUS000897,Neha Patel,Hyderabad,Karnataka,2025-09-26,Business
CUS000898,Ananya Joshi,Mumbai,Rajasthan,2025-06-05,Retail
CUS000899,Ananya Malhotra,Delhi,Karnataka,2022-09-04,Retail
CUS000900,Sneha Sharma,Hyderabad,Karnataka,2022-10-27,Business
CUS000901,Aarav Malhotra,Bengaluru,Maharashtra,2022-04-15,Business
CUS000902,Aisha Kapoor,Hyderabad,Karnataka,2023-03-31,Business
CUS000903,Aisha Joshi,Pune,Rajasthan,2024-05-24,Enterprise
CUS000904,Vivaan Verma,Mumbai,Telangana,2024-01-15,Business
CUS000905,Meera Mehta,Bengaluru,Tamil Nadu,2022-04-08,Retail
CUS000906,Vivaan Sharma,Pune,Tamil Nadu,2023-03-11,Business
CUS000907,Vikram Verma,Lucknow,Maharashtra,2024-06-01,Retail
CUS000908,Neha Joshi,Chennai,Tamil Nadu,2023-09-16,Retail
CUS000909,Arjun Sharma,Jaipur,Delhi,2023-11-10,Business
CUS000910,Meera Malhotra,Jaipur,Uttar Pradesh,2024-02-01,Retail
CUS000911,Neha Singh,Lucknow,Gujarat,2022-06-28,Retail
CUS000912,Rahul Malhotra,Mumbai,Maharashtra,2025-04-16,Enterprise
CUS000913,Ananya Singh,Kolkata,Maharashtra,2022-06-03,Enterprise
CUS000914,Amit Gupta,Hyderabad,West Bengal,2023-02-18,Enterprise
CUS000915,Rahul Sharma,Delhi,Karnataka,2024-05-06,Enterprise
CUS000916,Neha Kapoor,Chennai,Tamil Nadu,2024-07-07,Enterprise
CUS000917,Arjun Mehta,Mumbai,West Bengal,2024-05-08,Enterprise
CUS000918,Nikhil Sharma,Delhi,Uttar Pradesh,2023-07-16,Enterprise
CUS000919,Rahul Verma,Pune,Uttar Pradesh,2022-05-05,Enterprise
CUS000920,Ananya Mehta,Kolkata,Rajasthan,2024-11-17,Retail
CUS000921,Rohan Joshi,Jaipur,Gujarat,2025-02-25,Business
CUS000922,Sneha Malhotra,Hyderabad,Karnataka,2023-01-12,Retail
CUS000923,Rohan Malhotra,Bengaluru,Uttar Pradesh,2025-11-27,Retail
CUS000924,Nikhil Joshi,Jaipur,Rajasthan,2023-06-15,Business
CUS000925,Priya Verma,Hyderabad,Rajasthan,2022-09-01,Retail
CUS000926,Priya Sharma,Jaipur,Karnataka,2023-08-21,Retail
CUS000927,Rahul Verma,Delhi,Telangana,2022-04-16,Enterprise
CUS000928,Priya Singh,Jaipur,Maharashtra,2022-01-03,Enterprise
CUS000929,Meera Malhotra,Chennai,Tamil Nadu,2022-06-20,Enterprise
CUS000930,Pooja Verma,Delhi,Gujarat,2025-06-06,Business
CUS000931,Kavya Sharma,Pune,Tamil Nadu,2023-03-26,Enterprise
CUS000932,Neha Jain,Hyderabad,Maharashtra,2025-01-05,Enterprise
CUS000933,Simran Patel,Ahmedabad,Telangana,2025-07-06,Enterprise
CUS000934,Amit Kapoor,Bengaluru,West Bengal,2023-03-28,Business
CUS000935,Neha Singh,Lucknow,Gujarat,2022-11-15,Business
CUS000936,Priya Mehta,Chennai,Delhi,2024-09-08,Retail
CUS000937,Vikram Jain,Kolkata,Delhi,2022-12-27,Retail
CUS000938,Simran Joshi,Delhi,Telangana,2022-02-13,Business
CUS000939,Rohan Jain,Ahmedabad,Uttar Pradesh,2023-01-20,Retail
CUS000940,Rahul Patel,Ahmedabad,Karnataka,2024-07-20,Enterprise
CUS000941,Sneha Patel,Jaipur,Delhi,2026-01-28,Retail
CUS000942,Amit Patel,Ahmedabad,Gujarat,2022-02-12,Retail
CUS000943,Aarav Sharma,Delhi,Karnataka,2022-06-21,Business
CUS000944,Rahul Malhotra,Pune,Maharashtra,2022-08-06,Enterprise
CUS000945,Kavya Patel,Bengaluru,Delhi,2024-09-10,Enterprise
CUS000946,Karan Jain,Hyderabad,Tamil Nadu,2024-09-07,Retail
CUS000947,Priya Sharma,Jaipur,Telangana,2025-07-09,Enterprise
CUS000948,Arjun Sharma,Pune,Maharashtra,2025-01-20,Business
CUS000949,Arjun Kapoor,Ahmedabad,Delhi,2022-01-03,Retail
CUS000950,Aarav Singh,Ahmedabad,Gujarat,2022-10-29,Business
CUS000951,Ishita Singh,Ahmedabad,Maharashtra,2024-10-04,Retail
CUS000952,Arjun Singh,Mumbai,Telangana,2024-01-02,Retail
CUS000953,Amit Gupta,Mumbai,Tamil Nadu,2022-06-23,Retail
CUS000954,Amit Jain,Delhi,Gujarat,2024-12-22,Business
CUS000955,Amit Jain,Ahmedabad,Delhi,2025-09-28,Enterprise
CUS000956,Ishita Malhotra,Hyderabad,Tamil Nadu,2022-08-01,Business
CUS000957,Vikram Gupta,Hyderabad,Maharashtra,2022-01-05,Retail
CUS000958,Rahul Gupta,Delhi,Gujarat,2024-07-03,Enterprise
CUS000959,Vikram Patel,Mumbai,Uttar Pradesh,2024-05-25,Enterprise
CUS000960,Neha Jain,Mumbai,Tamil Nadu,2022-09-19,Retail
CUS000961,Sneha Gupta,Chennai,West Bengal,2024-05-18,Business
CUS000962,Aisha Malhotra,Chennai,Delhi,2025-09-01,Retail
CUS000963,Sneha Mehta,Jaipur,West Bengal,2025-01-08,Enterprise
CUS000964,Vikram Kapoor,Jaipur,Karnataka,2024-02-27,Retail
CUS000965,Simran Mehta,Jaipur,Uttar Pradesh,2025-11-21,Enterprise
CUS000966,Priya Patel,Bengaluru,Tamil Nadu,2022-01-06,Retail
CUS000967,Aarav Gupta,Jaipur,West Bengal,2022-10-01,Retail
CUS000968,Vivaan Gupta,Chennai,Delhi,2023-08-27,Business
CUS000969,Rahul Kapoor,Ahmedabad,Karnataka,2023-03-08,Retail
CUS000970,Vivaan Jain,Mumbai,Delhi,2024-02-13,Enterprise
CUS000971,Aarav Mehta,Chennai,Maharashtra,2025-12-07,Retail
CUS000972,Simran Patel,Kolkata,Uttar Pradesh,2022-11-20,Retail
CUS000973,Rahul Gupta,Delhi,Maharashtra,2023-05-17,Retail
CUS000974,Aarav Malhotra,Ahmedabad,Delhi,2023-01-09,Business
CUS000975,Rahul Kapoor,Hyderabad,West Bengal,2024-04-22,Enterprise
CUS000976,Kavya Joshi,Pune,Telangana,2022-08-16,Retail
CUS000977,Vivaan Sharma,Lucknow,Delhi,2024-10-27,Retail
CUS000978,Aarav Mehta,Ahmedabad,West Bengal,2025-02-08,Enterprise
CUS000979,Neha Malhotra,Jaipur,Telangana,2025-12-23,Retail
CUS000980,Aisha Jain,Hyderabad,Maharashtra,2024-12-04,Business
CUS000981,Rahul Singh,Ahmedabad,Uttar Pradesh,2022-04-25,Retail
CUS000982,Sneha Jain,Jaipur,Uttar Pradesh,2022-06-08,Enterprise
CUS000983,Karan Joshi,Chennai,Gujarat,2024-02-19,Retail
CUS000984,Vivaan Gupta,Ahmedabad,Karnataka,2023-07-07,Retail
CUS000985,Arjun Patel,Chennai,Uttar Pradesh,2023-11-19,Retail
CUS000986,Priya Verma,Delhi,Rajasthan,2022-08-07,Retail
CUS000987,Ananya Malhotra,Pune,Telangana,2023-01-20,Enterprise
CUS000988,Ananya Sharma,Bengaluru,Telangana,2022-06-24,Enterprise
CUS000989,Simran Sharma,Lucknow,West Bengal,2022-04-04,Retail
CUS000990,Kavya Patel,Hyderabad,Maharashtra,2024-01-01,Business
CUS000991,Sneha Kapoor,Bengaluru,Tamil Nadu,2024-03-11,Enterprise
CUS000992,Meera Jain,Mumbai,Tamil Nadu,2024-04-14,Enterprise
CUS000993,Nikhil Patel,Jaipur,Delhi,2022-02-18,Enterprise
CUS000994,Sneha Joshi,Lucknow,Maharashtra,2023-08-18,Retail
CUS000995,Rahul Joshi,Mumbai,Maharashtra,2026-01-11,Retail
CUS000996,Ananya Jain,Delhi,Rajasthan,2024-11-23,Enterprise
CUS000997,Amit Kapoor,Chennai,West Bengal,2022-09-26,Business
CUS000998,Ishita Gupta,Lucknow,Gujarat,2022-03-23,Enterprise
CUS000999,Sneha Singh,Bengaluru,Uttar Pradesh,2025-05-27,Retail
CUS001000,Rahul Malhotra,Kolkata,Maharashtra,2022-01-31,Retail
CUS001001,Ishita Kapoor,Mumbai,West Bengal,2022-07-12,Business
CUS001002,Kavya Jain,Hyderabad,Delhi,2022-05-20,Business
CUS001003,Simran Gupta,Chennai,Maharashtra,2022-05-26,Retail
CUS001004,Karan Verma,Kolkata,Telangana,2024-06-24,Enterprise
CUS001005,Rahul Patel,Lucknow,West Bengal,2022-03-23,Business
CUS001006,Ishita Mehta,Ahmedabad,Uttar Pradesh,2025-10-25,Retail
CUS001007,Karan Gupta,Jaipur,Uttar Pradesh,2023-10-05,Business
CUS001008,Aditya Mehta,Jaipur,West Bengal,2023-06-23,Enterprise
CUS001009,Vivaan Malhotra,Pune,Karnataka,2025-12-04,Enterprise
CUS001010,Aarav Jain,Mumbai,Telangana,2024-02-09,Retail
CUS001011,Simran Mehta,Mumbai,Karnataka,2024-03-06,Business
CUS001012,Aditya Gupta,Kolkata,West Bengal,2025-08-08,Enterprise
CUS001013,Karan Patel,Mumbai,Delhi,2026-02-07,Retail
CUS001014,Sneha Mehta,Bengaluru,Gujarat,2023-11-05,Retail
CUS001015,Kavya Gupta,Lucknow,West Bengal,2023-03-12,Enterprise
CUS001016,Vikram Patel,Hyderabad,West Bengal,2022-03-20,Enterprise
CUS001017,Rahul Joshi,Delhi,Karnataka,2023-10-18,Enterprise
CUS001018,Vivaan Malhotra,Ahmedabad,Maharashtra,2024-01-11,Business
CUS001019,Vikram Singh,Pune,Karnataka,2022-02-16,Enterprise
CUS001020,Aisha Verma,Hyderabad,Delhi,2022-06-21,Retail
CUS001021,Aditya Verma,Ahmedabad,Maharashtra,2023-09-03,Enterprise
CUS001022,Karan Mehta,Jaipur,Karnataka,2025-10-03,Business
CUS001023,Rohan Sharma,Mumbai,Gujarat,2023-12-02,Business
CUS001024,Rohan Singh,Chennai,Gujarat,2024-09-13,Business
CUS001025,Pooja Jain,Ahmedabad,Tamil Nadu,2025-11-20,Enterprise
CUS001026,Sneha Sharma,Jaipur,Uttar Pradesh,2023-02-11,Retail
CUS001027,Simran Malhotra,Delhi,Tamil Nadu,2025-09-22,Enterprise
CUS001028,Kavya Sharma,Delhi,West Bengal,2022-10-30,Business
CUS001029,Kavya Patel,Ahmedabad,Telangana,2024-12-02,Enterprise
CUS001030,Aarav Joshi,Delhi,West Bengal,2025-08-01,Enterprise
CUS001031,Arjun Sharma,Bengaluru,Karnataka,2024-05-10,Enterprise
CUS001032,Pooja Jain,Lucknow,Gujarat,2023-03-19,Business
CUS001033,Ananya Singh,Lucknow,Maharashtra,2024-01-29,Business
CUS001034,Aarav Verma,Hyderabad,Rajasthan,2022-09-13,Enterprise
CUS001035,Vikram Joshi,Ahmedabad,Gujarat,2023-12-22,Business
CUS001036,Pooja Mehta,Jaipur,Tamil Nadu,2022-08-21,Retail
CUS001037,Karan Mehta,Chennai,Delhi,2025-02-06,Enterprise
CUS001038,Rohan Kapoor,Ahmedabad,Gujarat,2023-08-07,Enterprise
CUS001039,Aisha Verma,Lucknow,Maharashtra,2022-06-29,Retail
CUS001040,Aditya Sharma,Lucknow,Gujarat,2022-08-01,Business
CUS001041,Amit Kapoor,Mumbai,West Bengal,2024-10-27,Enterprise
CUS001042,Vivaan Verma,Ahmedabad,Karnataka,2023-04-02,Business
CUS001043,Pooja Mehta,Mumbai,Karnataka,2024-08-19,Retail
CUS001044,Meera Joshi,Ahmedabad,Gujarat,2022-01-16,Business
CUS001045,Priya Kapoor,Hyderabad,Telangana,2025-09-10,Business
CUS001046,Ishita Mehta,Bengaluru,Maharashtra,2024-04-29,Retail
CUS001047,Aarav Sharma,Delhi,Tamil Nadu,2024-11-28,Enterprise
CUS001048,Amit Gupta,Chennai,Delhi,2025-03-17,Business
CUS001049,Priya Kapoor,Ahmedabad,Karnataka,2025-06-16,Enterprise
CUS001050,Sneha Sharma,Lucknow,Gujarat,2022-09-21,Enterprise
CUS001051,Sneha Jain,Ahmedabad,Tamil Nadu,2024-11-25,Retail
CUS001052,Aisha Singh,Mumbai,Delhi,2024-10-29,Retail
CUS001053,Simran Mehta,Hyderabad,Rajasthan,2022-11-22,Business
CUS001054,Ananya Patel,Mumbai,Maharashtra,2024-06-14,Retail
CUS001055,Simran Jain,Pune,Uttar Pradesh,2025-12-20,Enterprise
CUS001056,Aditya Malhotra,Ahmedabad,Maharashtra,2022-09-25,Business
CUS001057,Meera Jain,Bengaluru,Karnataka,2023-09-01,Retail
CUS001058,Pooja Singh,Ahmedabad,Telangana,2025-09-12,Retail
CUS001059,Neha Patel,Delhi,Maharashtra,2025-07-31,Enterprise
CUS001060,Arjun Patel,Kolkata,Uttar Pradesh,2022-09-09,Retail
CUS001061,Rahul Verma,Hyderabad,Delhi,2022-07-10,Retail
CUS001062,Vikram Gupta,Bengaluru,Gujarat,2022-07-26,Business
CUS001063,Aarav Mehta,Mumbai,West Bengal,2025-07-05,Retail
CUS001064,Ananya Mehta,Ahmedabad,Tamil Nadu,2025-07-21,Business
CUS001065,Rohan Jain,Hyderabad,Maharashtra,2023-01-01,Enterprise
CUS001066,Simran Malhotra,Pune,Maharashtra,2023-12-04,Business
CUS001067,Vikram Malhotra,Lucknow,Rajasthan,2022-01-11,Retail
CUS001068,Nikhil Verma,Mumbai,Karnataka,2025-05-26,Retail
CUS001069,Pooja Sharma,Jaipur,Rajasthan,2022-11-09,Retail
CUS001070,Meera Patel,Bengaluru,Maharashtra,2023-11-02,Retail
CUS001071,Priya Patel,Delhi,Telangana,2023-07-15,Business
CUS001072,Ananya Patel,Chennai,Rajasthan,2025-08-28,Business
CUS001073,Karan Joshi,Ahmedabad,Rajasthan,2024-03-30,Retail
CUS001074,Neha Jain,Bengaluru,Telangana,2024-03-15,Retail
CUS001075,Simran Malhotra,Hyderabad,Delhi,2023-02-26,Enterprise
CUS001076,Vikram Mehta,Kolkata,Gujarat,2025-05-06,Enterprise
CUS001077,Neha Gupta,Lucknow,Maharashtra,2025-05-28,Business
CUS001078,Aisha Singh,Lucknow,Tamil Nadu,2024-02-05,Enterprise
CUS001079,Aditya Joshi,Delhi,Maharashtra,2024-11-13,Business
CUS001080,Simran Mehta,Hyderabad,Uttar Pradesh,2025-08-14,Enterprise
CUS001081,Meera Mehta,Pune,Maharashtra,2023-01-04,Business
CUS001082,Aisha Jain,Chennai,Karnataka,2022-05-29,Retail
CUS001083,Meera Gupta,Delhi,Tamil Nadu,2022-09-08,Retail
CUS001084,Kavya Sharma,Chennai,Karnataka,2024-08-11,Enterprise
CUS001085,Kavya Singh,Jaipur,Maharashtra,2024-02-29,Business
CUS001086,Amit Singh,Jaipur,Karnataka,2022-07-30,Enterprise
CUS001087,Neha Malhotra,Mumbai,Uttar Pradesh,2025-08-16,Business
CUS001088,Aisha Gupta,Chennai,Karnataka,2023-02-08,Retail
CUS001089,Vikram Joshi,Pune,Telangana,2024-05-12,Retail
CUS001090,Arjun Joshi,Delhi,Uttar Pradesh,2023-11-01,Enterprise
CUS001091,Sneha Singh,Lucknow,Maharashtra,2023-08-07,Retail
CUS001092,Simran Sharma,Kolkata,Telangana,2022-09-26,Business
CUS001093,Vivaan Kapoor,Jaipur,Maharashtra,2023-11-22,Enterprise
CUS001094,Aarav Patel,Kolkata,Maharashtra,2024-04-30,Enterprise
CUS001095,Ishita Verma,Chennai,Tamil Nadu,2024-03-30,Retail
CUS001096,Pooja Gupta,Kolkata,Uttar Pradesh,2022-04-07,Business
CUS001097,Ishita Joshi,Kolkata,Maharashtra,2024-02-05,Enterprise
CUS001098,Arjun Sharma,Bengaluru,Maharashtra,2022-01-22,Retail
CUS001099,Arjun Gupta,Ahmedabad,Karnataka,2022-12-15,Retail
CUS001100,Ananya Gupta,Jaipur,Maharashtra,2025-11-10,Retail
CUS001101,Neha Sharma,Mumbai,Maharashtra,2023-09-16,Retail
CUS001102,Neha Gupta,Lucknow,Gujarat,2023-07-07,Enterprise
CUS001103,Rohan Jain,Lucknow,West Bengal,2022-09-03,Retail
CUS001104,Kavya Jain,Lucknow,Gujarat,2025-07-28,Business
CUS001105,Arjun Kapoor,Jaipur,Karnataka,2025-03-29,Business
CUS001106,Vikram Verma,Chennai,West Bengal,2023-04-08,Retail
CUS001107,Neha Verma,Mumbai,Tamil Nadu,2025-02-17,Retail
CUS001108,Ananya Patel,Mumbai,West Bengal,2022-05-04,Retail
CUS001109,Aarav Singh,Kolkata,Gujarat,2023-01-20,Business
CUS001110,Arjun Gupta,Bengaluru,Uttar Pradesh,2024-12-16,Enterprise
CUS001111,Kavya Verma,Kolkata,Delhi,2024-10-30,Retail
CUS001112,Rahul Singh,Chennai,Gujarat,2024-07-15,Enterprise
CUS001113,Nikhil Singh,Ahmedabad,Karnataka,2022-05-21,Business
CUS001114,Aisha Jain,Hyderabad,Uttar Pradesh,2025-08-20,Retail
CUS001115,Rahul Joshi,Mumbai,Maharashtra,2023-05-08,Retail
CUS001116,Karan Jain,Hyderabad,Maharashtra,2024-09-02,Enterprise
CUS001117,Nikhil Joshi,Chennai,Telangana,2022-08-31,Enterprise
CUS001118,Aditya Gupta,Ahmedabad,Karnataka,2022-11-05,Business
CUS001119,Nikhil Mehta,Jaipur,Tamil Nadu,2022-04-19,Business
CUS001120,Neha Gupta,Mumbai,Maharashtra,2025-08-21,Business
CUS001121,Aisha Singh,Hyderabad,Karnataka,2024-04-04,Retail
CUS001122,Amit Verma,Jaipur,Uttar Pradesh,2024-10-07,Enterprise
CUS001123,Aisha Patel,Pune,Karnataka,2022-08-16,Retail
CUS001124,Arjun Sharma,Pune,Uttar Pradesh,2023-06-30,Retail
CUS001125,Aditya Kapoor,Mumbai,Telangana,2023-04-09,Enterprise
CUS001126,Sneha Mehta,Ahmedabad,Maharashtra,2023-03-27,Enterprise
CUS001127,Neha Joshi,Bengaluru,Delhi,2023-02-21,Business
CUS001128,Ishita Malhotra,Hyderabad,Maharashtra,2022-07-13,Retail
CUS001129,Nikhil Malhotra,Kolkata,Telangana,2025-11-09,Retail
CUS001130,Rohan Gupta,Mumbai,Delhi,2023-01-19,Business
CUS001131,Karan Jain,Pune,West Bengal,2024-05-26,Business
CUS001132,Aarav Jain,Hyderabad,Maharashtra,2022-12-16,Enterprise
CUS001133,Aarav Malhotra,Chennai,West Bengal,2025-04-09,Retail
CUS001134,Vikram Singh,Kolkata,Maharashtra,2022-04-03,Retail
CUS001135,Simran Verma,Bengaluru,Rajasthan,2024-10-27,Retail
CUS001136,Rahul Patel,Mumbai,Telangana,2023-11-19,Business
CUS001137,Vikram Gupta,Jaipur,Telangana,2025-09-20,Business
CUS001138,Neha Gupta,Kolkata,Maharashtra,2023-12-24,Business
CUS001139,Kavya Kapoor,Lucknow,West Bengal,2022-08-19,Business
CUS001140,Nikhil Sharma,Delhi,Gujarat,2023-03-28,Enterprise
CUS001141,Rahul Gupta,Kolkata,Maharashtra,2023-05-16,Enterprise
CUS001142,Aisha Gupta,Bengaluru,Maharashtra,2023-02-01,Business
CUS001143,Arjun Verma,Jaipur,West Bengal,2024-12-15,Retail
CUS001144,Neha Gupta,Chennai,Gujarat,2025-04-21,Business
CUS001145,Neha Verma,Bengaluru,Maharashtra,2025-04-01,Enterprise
CUS001146,Kavya Malhotra,Mumbai,Gujarat,2024-07-20,Enterprise
CUS001147,Meera Verma,Mumbai,Maharashtra,2024-10-18,Enterprise
CUS001148,Rahul Joshi,Delhi,Rajasthan,2023-08-17,Enterprise
CUS001149,Pooja Jain,Hyderabad,West Bengal,2023-08-14,Retail
CUS001150,Ishita Sharma,Kolkata,Maharashtra,2023-03-22,Business
CUS001151,Simran Patel,Pune,West Bengal,2023-09-19,Retail
CUS001152,Aisha Gupta,Pune,Maharashtra,2023-05-30,Retail
CUS001153,Meera Verma,Jaipur,Rajasthan,2022-11-14,Retail
CUS001154,Neha Jain,Bengaluru,Gujarat,2025-04-13,Retail
CUS001155,Ishita Singh,Pune,West Bengal,2023-12-28,Retail
CUS001156,Sneha Mehta,Ahmedabad,Maharashtra,2023-06-20,Business
CUS001157,Amit Verma,Delhi,Uttar Pradesh,2024-06-11,Enterprise
CUS001158,Kavya Malhotra,Delhi,Karnataka,2023-05-28,Retail
CUS001159,Aisha Kapoor,Bengaluru,Telangana,2023-09-17,Retail
CUS001160,Ishita Malhotra,Kolkata,Rajasthan,2023-01-11,Business
CUS001161,Aisha Patel,Delhi,Rajasthan,2024-06-24,Enterprise
CUS001162,Kavya Kapoor,Chennai,West Bengal,2023-12-27,Business
CUS001163,Karan Mehta,Ahmedabad,West Bengal,2022-02-26,Enterprise
CUS001164,Aarav Mehta,Mumbai,Delhi,2025-06-13,Business
CUS001165,Priya Malhotra,Jaipur,Tamil Nadu,2022-09-18,Enterprise
CUS001166,Pooja Malhotra,Hyderabad,Maharashtra,2024-03-15,Retail
CUS001167,Sneha Sharma,Kolkata,Rajasthan,2024-07-31,Retail
CUS001168,Aditya Sharma,Hyderabad,Maharashtra,2023-11-14,Enterprise
CUS001169,Arjun Verma,Lucknow,West Bengal,2025-11-15,Business
CUS001170,Vivaan Patel,Lucknow,Rajasthan,2026-01-08,Retail
CUS001171,Ananya Kapoor,Delhi,Rajasthan,2024-10-11,Retail
CUS001172,Priya Jain,Hyderabad,Telangana,2026-01-12,Retail
CUS001173,Vikram Malhotra,Bengaluru,Maharashtra,2022-05-18,Retail
CUS001174,Rahul Malhotra,Mumbai,Rajasthan,2022-07-18,Retail
CUS001175,Ananya Patel,Kolkata,Maharashtra,2024-11-01,Business
CUS001176,Sneha Sharma,Mumbai,Telangana,2024-04-08,Business
CUS001177,Rohan Singh,Jaipur,Telangana,2025-06-08,Enterprise
CUS001178,Karan Malhotra,Mumbai,Gujarat,2022-10-27,Enterprise
CUS001179,Aarav Jain,Delhi,Karnataka,2022-12-16,Enterprise
CUS001180,Pooja Singh,Kolkata,West Bengal,2023-08-17,Business
CUS001181,Arjun Malhotra,Kolkata,Tamil Nadu,2025-09-29,Business
CUS001182,Sneha Mehta,Mumbai,West Bengal,2024-05-03,Business
CUS001183,Rahul Sharma,Hyderabad,West Bengal,2022-09-04,Enterprise
CUS001184,Sneha Sharma,Lucknow,Telangana,2022-03-11,Enterprise
CUS001185,Amit Joshi,Pune,Tamil Nadu,2022-10-13,Business
CUS001186,Karan Verma,Pune,Delhi,2024-01-03,Enterprise
CUS001187,Nikhil Singh,Chennai,Rajasthan,2024-03-10,Enterprise
CUS001188,Aditya Jain,Delhi,Tamil Nadu,2025-09-05,Enterprise
CUS001189,Simran Gupta,Kolkata,Delhi,2023-07-25,Enterprise
CUS001190,Ishita Mehta,Mumbai,West Bengal,2024-02-11,Business
CUS001191,Amit Jain,Lucknow,Rajasthan,2025-09-11,Enterprise
CUS001192,Neha Jain,Chennai,Uttar Pradesh,2025-04-04,Business
CUS001193,Simran Malhotra,Ahmedabad,Maharashtra,2022-04-03,Retail
CUS001194,Rohan Singh,Mumbai,Maharashtra,2024-10-19,Enterprise
CUS001195,Vikram Gupta,Bengaluru,Karnataka,2022-08-04,Retail
CUS001196,Sneha Mehta,Mumbai,Maharashtra,2025-06-07,Business
CUS001197,Arjun Sharma,Mumbai,West Bengal,2024-02-06,Enterprise
CUS001198,Aarav Jain,Chennai,Maharashtra,2025-12-01,Business
CUS001199,Sneha Jain,Lucknow,Rajasthan,2023-02-14,Retail
CUS001200,Neha Joshi,Kolkata,Telangana,2023-04-07,Retail
CUS001201,Rohan Mehta,Jaipur,Karnataka,2022-06-26,Enterprise
CUS001202,Aarav Patel,Bengaluru,Maharashtra,2022-10-15,Retail
CUS001203,Meera Mehta,Lucknow,Rajasthan,2022-05-28,Business
CUS001204,Rohan Kapoor,Kolkata,Karnataka,2023-03-01,Enterprise
CUS001205,Vikram Kapoor,Chennai,Tamil Nadu,2025-06-20,Enterprise
CUS001206,Rahul Patel,Kolkata,Gujarat,2025-07-04,Business
CUS001207,Aditya Malhotra,Mumbai,Delhi,2024-11-25,Business
CUS001208,Arjun Patel,Kolkata,Karnataka,2022-04-16,Enterprise
CUS001209,Pooja Gupta,Pune,Karnataka,2023-08-17,Business
CUS001210,Sneha Gupta,Mumbai,Delhi,2023-08-13,Retail
CUS001211,Pooja Malhotra,Bengaluru,Rajasthan,2025-06-05,Enterprise
CUS001212,Ishita Mehta,Lucknow,Maharashtra,2025-01-23,Enterprise
CUS001213,Arjun Malhotra,Kolkata,Telangana,2025-08-30,Retail
CUS001214,Vivaan Gupta,Ahmedabad,Telangana,2023-02-15,Business
CUS001215,Vivaan Jain,Bengaluru,Rajasthan,2023-11-07,Enterprise
CUS001216,Vivaan Singh,Kolkata,Maharashtra,2025-02-28,Enterprise
CUS001217,Vivaan Gupta,Mumbai,Gujarat,2025-05-10,Enterprise
CUS001218,Amit Patel,Jaipur,West Bengal,2022-09-23,Business
CUS001219,Vivaan Patel,Pune,West Bengal,2024-11-05,Retail
CUS001220,Meera Mehta,Kolkata,Telangana,2023-04-12,Retail
CUS001221,Vivaan Sharma,Bengaluru,Rajasthan,2025-05-30,Business
CUS001222,Aarav Kapoor,Kolkata,Maharashtra,2024-03-03,Business
CUS001223,Rahul Mehta,Ahmedabad,Rajasthan,2022-10-10,Retail
CUS001224,Karan Patel,Lucknow,Tamil Nadu,2023-12-22,Retail
CUS001225,Kavya Mehta,Pune,Karnataka,2023-04-21,Retail
CUS001226,Simran Sharma,Bengaluru,Gujarat,2025-01-03,Enterprise
CUS001227,Vivaan Sharma,Bengaluru,Maharashtra,2022-06-06,Retail
CUS001228,Rahul Joshi,Delhi,Telangana,2022-03-31,Business
CUS001229,Meera Malhotra,Bengaluru,Telangana,2022-09-23,Enterprise
CUS001230,Sneha Joshi,Mumbai,Maharashtra,2022-06-06,Business
CUS001231,Pooja Singh,Kolkata,Tamil Nadu,2023-03-28,Business
CUS001232,Ishita Gupta,Jaipur,Telangana,2025-08-31,Retail
CUS001233,Nikhil Verma,Chennai,Rajasthan,2024-10-28,Retail
CUS001234,Vivaan Gupta,Ahmedabad,Uttar Pradesh,2024-09-22,Business
CUS001235,Aditya Singh,Delhi,Rajasthan,2023-04-18,Business
CUS001236,Pooja Singh,Mumbai,Tamil Nadu,2026-01-24,Retail
CUS001237,Vivaan Singh,Kolkata,West Bengal,2022-08-22,Retail
CUS001238,Vikram Sharma,Hyderabad,Telangana,2025-04-19,Business
CUS001239,Ishita Patel,Pune,Telangana,2025-06-02,Business
CUS001240,Vikram Sharma,Ahmedabad,Gujarat,2024-06-28,Retail
CUS001241,Priya Singh,Ahmedabad,Delhi,2025-09-13,Business
CUS001242,Pooja Sharma,Hyderabad,Maharashtra,2025-01-14,Business
CUS001243,Aarav Malhotra,Chennai,Telangana,2025-04-25,Retail
CUS001244,Aarav Gupta,Lucknow,Gujarat,2024-05-25,Enterprise
CUS001245,Vivaan Patel,Jaipur,Gujarat,2026-01-17,Enterprise
CUS001246,Ishita Kapoor,Kolkata,Gujarat,2025-03-18,Enterprise
CUS001247,Simran Kapoor,Hyderabad,Delhi,2024-02-20,Business
CUS001248,Priya Jain,Pune,Telangana,2025-10-29,Business
CUS001249,Aditya Singh,Jaipur,Telangana,2023-11-23,Enterprise
CUS001250,Sneha Sharma,Lucknow,Telangana,2024-01-11,Business
CUS001251,Neha Malhotra,Pune,Maharashtra,2023-09-21,Enterprise
CUS001252,Kavya Verma,Delhi,West Bengal,2024-08-05,Retail
CUS001253,Karan Sharma,Kolkata,Maharashtra,2024-01-05,Business
CUS001254,Pooja Singh,Ahmedabad,Maharashtra,2025-04-01,Retail
CUS001255,Neha Malhotra,Jaipur,Tamil Nadu,2022-05-12,Business
CUS001256,Rohan Verma,Hyderabad,Telangana,2024-10-10,Retail
CUS001257,Priya Jain,Delhi,Uttar Pradesh,2025-09-05,Retail
CUS001258,Priya Patel,Pune,Delhi,2025-11-02,Enterprise
CUS001259,Karan Malhotra,Chennai,Maharashtra,2025-02-07,Enterprise
CUS001260,Priya Sharma,Hyderabad,Telangana,2022-02-03,Enterprise
CUS001261,Meera Kapoor,Pune,Uttar Pradesh,2023-04-26,Business
CUS001262,Arjun Patel,Jaipur,West Bengal,2022-08-20,Enterprise
CUS001263,Aditya Singh,Bengaluru,Tamil Nadu,2025-03-14,Business
CUS001264,Aisha Patel,Ahmedabad,Telangana,2022-10-21,Retail
CUS001265,Kavya Malhotra,Chennai,Tamil Nadu,2024-04-15,Enterprise
CUS001266,Meera Joshi,Hyderabad,Uttar Pradesh,2022-03-05,Retail
CUS001267,Meera Sharma,Hyderabad,Delhi,2025-04-25,Retail
CUS001268,Arjun Malhotra,Bengaluru,Tamil Nadu,2024-11-12,Enterprise
CUS001269,Nikhil Malhotra,Chennai,Karnataka,2024-02-15,Enterprise
CUS001270,Vivaan Jain,Ahmedabad,Maharashtra,2022-06-08,Retail
CUS001271,Simran Kapoor,Lucknow,Rajasthan,2024-05-06,Enterprise
CUS001272,Arjun Kapoor,Pune,Uttar Pradesh,2024-08-25,Enterprise
CUS001273,Nikhil Kapoor,Kolkata,Tamil Nadu,2023-07-06,Retail
CUS001274,Simran Verma,Bengaluru,Tamil Nadu,2023-05-13,Business
CUS001275,Priya Joshi,Chennai,Maharashtra,2025-11-20,Retail
CUS001276,Karan Mehta,Chennai,Maharashtra,2023-12-22,Enterprise
CUS001277,Nikhil Patel,Chennai,West Bengal,2025-05-24,Retail
CUS001278,Karan Mehta,Bengaluru,Uttar Pradesh,2022-09-14,Enterprise
CUS001279,Priya Mehta,Lucknow,Delhi,2025-05-25,Business
CUS001280,Ishita Gupta,Chennai,Maharashtra,2022-06-16,Business
CUS001281,Aisha Kapoor,Delhi,Uttar Pradesh,2024-10-09,Enterprise
CUS001282,Ananya Jain,Kolkata,Maharashtra,2022-12-08,Retail
CUS001283,Aisha Verma,Jaipur,West Bengal,2022-07-26,Retail
CUS001284,Vivaan Mehta,Pune,Delhi,2022-05-30,Retail
CUS001285,Nikhil Kapoor,Ahmedabad,Gujarat,2023-12-27,Retail
CUS001286,Sneha Kapoor,Bengaluru,Telangana,2022-09-01,Business
CUS001287,Kavya Malhotra,Lucknow,Uttar Pradesh,2022-08-09,Enterprise
CUS001288,Vivaan Patel,Chennai,West Bengal,2024-04-17,Enterprise
CUS001289,Karan Mehta,Hyderabad,West Bengal,2025-12-04,Retail
CUS001290,Rohan Malhotra,Jaipur,Maharashtra,2022-11-08,Retail
CUS001291,Simran Malhotra,Chennai,West Bengal,2024-02-16,Business
CUS001292,Karan Jain,Jaipur,Uttar Pradesh,2023-07-27,Retail
CUS001293,Priya Verma,Kolkata,Tamil Nadu,2022-04-09,Enterprise
CUS001294,Nikhil Kapoor,Lucknow,Rajasthan,2024-05-23,Business
CUS001295,Kavya Mehta,Chennai,Delhi,2022-10-21,Retail
CUS001296,Ananya Mehta,Jaipur,Telangana,2025-03-23,Enterprise
CUS001297,Kavya Patel,Chennai,Telangana,2022-12-06,Retail
CUS001298,Ishita Verma,Kolkata,West Bengal,2023-04-04,Retail
CUS001299,Ishita Verma,Lucknow,Maharashtra,2023-04-20,Enterprise
CUS001300,Neha Jain,Mumbai,Karnataka,2025-02-04,Enterprise
CUS001301,Rohan Sharma,Lucknow,Maharashtra,2025-01-10,Enterprise
CUS001302,Ananya Sharma,Kolkata,Maharashtra,2024-01-27,Retail
CUS001303,Ishita Malhotra,Ahmedabad,West Bengal,2024-12-02,Retail
CUS001304,Karan Verma,Mumbai,Maharashtra,2024-06-29,Business
CUS001305,Vikram Verma,Mumbai,Delhi,2023-07-25,Enterprise
CUS001306,Arjun Gupta,Mumbai,Karnataka,2026-01-29,Retail
CUS001307,Kavya Jain,Jaipur,Tamil Nadu,2023-07-20,Business
CUS001308,Nikhil Patel,Chennai,Maharashtra,2024-06-06,Retail
CUS001309,Nikhil Gupta,Bengaluru,Rajasthan,2025-09-15,Enterprise
CUS001310,Vivaan Sharma,Bengaluru,Delhi,2025-04-15,Business
CUS001311,Priya Singh,Hyderabad,West Bengal,2022-11-07,Business
CUS001312,Rohan Joshi,Hyderabad,Delhi,2023-02-11,Enterprise
CUS001313,Aditya Kapoor,Bengaluru,Maharashtra,2024-06-08,Retail
CUS001314,Vikram Kapoor,Lucknow,Karnataka,2025-12-25,Retail
CUS001315,Vivaan Mehta,Hyderabad,Uttar Pradesh,2024-02-18,Enterprise
CUS001316,Simran Singh,Chennai,West Bengal,2024-12-22,Enterprise
CUS001317,Rohan Verma,Bengaluru,Telangana,2025-09-30,Business
CUS001318,Vikram Mehta,Lucknow,Tamil Nadu,2025-01-17,Business
CUS001319,Ishita Patel,Bengaluru,Maharashtra,2023-08-12,Business
CUS001320,Karan Gupta,Bengaluru,Gujarat,2022-08-26,Retail
CUS001321,Karan Gupta,Mumbai,Tamil Nadu,2025-11-28,Business
CUS001322,Rahul Joshi,Kolkata,Uttar Pradesh,2024-04-23,Enterprise
CUS001323,Priya Sharma,Hyderabad,Telangana,2024-11-05,Retail
CUS001324,Aisha Sharma,Jaipur,Tamil Nadu,2023-06-20,Enterprise
CUS001325,Kavya Mehta,Ahmedabad,West Bengal,2024-05-20,Business
CUS001326,Neha Sharma,Hyderabad,West Bengal,2026-01-31,Retail
CUS001327,Kavya Sharma,Hyderabad,West Bengal,2024-04-19,Retail
CUS001328,Simran Jain,Jaipur,Karnataka,2025-07-04,Retail
CUS001329,Amit Malhotra,Chennai,Delhi,2025-05-23,Enterprise
CUS001330,Aarav Sharma,Ahmedabad,Maharashtra,2025-12-14,Business
CUS001331,Meera Kapoor,Mumbai,Maharashtra,2024-11-28,Retail
CUS001332,Meera Kapoor,Bengaluru,Delhi,2025-01-02,Business
CUS001333,Priya Verma,Delhi,Tamil Nadu,2023-11-10,Business
CUS001334,Ananya Kapoor,Bengaluru,Maharashtra,2022-03-15,Retail
CUS001335,Nikhil Patel,Jaipur,Gujarat,2024-09-20,Retail
CUS001336,Rohan Verma,Hyderabad,Maharashtra,2023-04-17,Enterprise
CUS001337,Priya Sharma,Hyderabad,Maharashtra,2024-02-13,Enterprise
CUS001338,Sneha Jain,Hyderabad,Maharashtra,2022-06-06,Retail
CUS001339,Nikhil Mehta,Pune,Maharashtra,2025-01-14,Enterprise
CUS001340,Rahul Patel,Lucknow,Gujarat,2023-02-02,Enterprise
CUS001341,Ishita Gupta,Ahmedabad,Rajasthan,2022-02-17,Business
CUS001342,Neha Joshi,Bengaluru,Maharashtra,2023-06-26,Enterprise
CUS001343,Simran Joshi,Ahmedabad,Telangana,2024-05-29,Retail
CUS001344,Priya Mehta,Jaipur,Telangana,2024-09-16,Business
CUS001345,Pooja Kapoor,Bengaluru,Gujarat,2022-02-05,Business
CUS001346,Sneha Gupta,Jaipur,Maharashtra,2024-07-15,Retail
CUS001347,Simran Sharma,Ahmedabad,Karnataka,2024-07-04,Business
CUS001348,Vikram Malhotra,Mumbai,Telangana,2023-11-12,Retail
CUS001349,Aditya Patel,Jaipur,Delhi,2023-03-02,Business
CUS001350,Simran Singh,Mumbai,Delhi,2024-04-05,Enterprise
CUS001351,Vikram Kapoor,Lucknow,Karnataka,2022-05-01,Business
CUS001352,Neha Mehta,Hyderabad,Tamil Nadu,2022-11-05,Retail
CUS001353,Kavya Malhotra,Lucknow,Gujarat,2022-01-12,Business
CUS001354,Ananya Kapoor,Kolkata,Rajasthan,2024-10-20,Business
CUS001355,Priya Gupta,Kolkata,West Bengal,2024-11-19,Enterprise
CUS001356,Aditya Patel,Ahmedabad,Maharashtra,2024-02-09,Retail
CUS001357,Aarav Jain,Jaipur,Maharashtra,2022-12-07,Retail
CUS001358,Karan Patel,Pune,Gujarat,2024-10-11,Retail
CUS001359,Nikhil Joshi,Delhi,Rajasthan,2024-05-06,Business
CUS001360,Aarav Verma,Mumbai,Gujarat,2023-08-26,Enterprise
CUS001361,Neha Kapoor,Chennai,Uttar Pradesh,2024-02-01,Enterprise
CUS001362,Rohan Jain,Hyderabad,Rajasthan,2025-11-03,Retail
CUS001363,Amit Gupta,Jaipur,Uttar Pradesh,2023-05-30,Business
CUS001364,Karan Singh,Chennai,Delhi,2022-12-03,Enterprise
CUS001365,Vikram Sharma,Chennai,Gujarat,2023-01-03,Retail
CUS001366,Vikram Patel,Pune,Telangana,2025-12-07,Retail
CUS001367,Ananya Patel,Jaipur,West Bengal,2023-11-09,Retail
CUS001368,Vivaan Malhotra,Kolkata,Uttar Pradesh,2022-11-17,Retail
CUS001369,Meera Kapoor,Bengaluru,Tamil Nadu,2025-07-11,Retail
CUS001370,Ananya Verma,Hyderabad,Gujarat,2025-04-11,Enterprise
CUS001371,Ishita Gupta,Lucknow,Gujarat,2023-06-06,Enterprise
CUS001372,Pooja Singh,Mumbai,Uttar Pradesh,2022-11-09,Retail
CUS001373,Ananya Verma,Delhi,Telangana,2025-02-28,Retail
CUS001374,Rahul Kapoor,Lucknow,Gujarat,2023-11-08,Enterprise
CUS001375,Simran Malhotra,Hyderabad,Uttar Pradesh,2025-10-01,Business
CUS001376,Ananya Jain,Pune,Karnataka,2023-03-20,Retail
CUS001377,Amit Jain,Delhi,Delhi,2024-08-31,Retail
CUS001378,Kavya Patel,Pune,Delhi,2024-11-13,Business
CUS001379,Aisha Joshi,Chennai,Telangana,2024-10-21,Retail
CUS001380,Priya Kapoor,Ahmedabad,Gujarat,2024-02-29,Enterprise
CUS001381,Vikram Gupta,Hyderabad,Rajasthan,2023-10-12,Enterprise
CUS001382,Aditya Malhotra,Bengaluru,Delhi,2025-07-21,Business
CUS001383,Rahul Mehta,Jaipur,West Bengal,2024-09-30,Enterprise
CUS001384,Neha Patel,Jaipur,Gujarat,2025-08-28,Business
CUS001385,Rohan Sharma,Chennai,West Bengal,2025-10-04,Business
CUS001386,Aisha Singh,Lucknow,Rajasthan,2023-01-27,Business
CUS001387,Meera Jain,Pune,Karnataka,2024-06-24,Business
CUS001388,Nikhil Singh,Pune,Uttar Pradesh,2023-09-28,Business
CUS001389,Arjun Gupta,Hyderabad,Rajasthan,2022-01-27,Enterprise
CUS001390,Neha Sharma,Hyderabad,West Bengal,2024-03-26,Retail
CUS001391,Neha Verma,Pune,Uttar Pradesh,2022-03-04,Enterprise
CUS001392,Vikram Malhotra,Kolkata,West Bengal,2022-12-22,Business
CUS001393,Pooja Patel,Pune,Tamil Nadu,2022-03-01,Enterprise
CUS001394,Rahul Jain,Delhi,Maharashtra,2024-05-09,Retail
CUS001395,Vivaan Joshi,Pune,Tamil Nadu,2022-07-19,Enterprise
CUS001396,Neha Singh,Lucknow,Maharashtra,2023-11-13,Enterprise
CUS001397,Kavya Jain,Lucknow,Tamil Nadu,2024-11-23,Retail
CUS001398,Sneha Mehta,Pune,Maharashtra,2023-01-31,Enterprise
CUS001399,Rahul Verma,Mumbai,Delhi,2024-06-27,Retail
CUS001400,Neha Malhotra,Bengaluru,Rajasthan,2024-04-18,Retail
CUS001401,Aarav Verma,Hyderabad,Rajasthan,2023-12-20,Retail
CUS001402,Kavya Joshi,Lucknow,Maharashtra,2025-03-05,Business
CUS001403,Aditya Patel,Mumbai,Delhi,2026-02-03,Retail
CUS001404,Rohan Gupta,Lucknow,Maharashtra,2022-12-13,Retail
CUS001405,Ananya Gupta,Kolkata,Maharashtra,2026-01-23,Retail
CUS001406,Ishita Singh,Delhi,Telangana,2022-04-20,Business
CUS001407,Ishita Jain,Hyderabad,Delhi,2025-03-03,Business
CUS001408,Aisha Singh,Bengaluru,Telangana,2023-02-13,Retail
CUS001409,Ishita Verma,Kolkata,Telangana,2022-07-09,Business
CUS001410,Meera Malhotra,Chennai,Tamil Nadu,2025-08-07,Enterprise
CUS001411,Karan Jain,Pune,Uttar Pradesh,2024-02-29,Retail
CUS001412,Pooja Malhotra,Bengaluru,Gujarat,2023-12-12,Enterprise
CUS001413,Ishita Singh,Chennai,Rajasthan,2025-02-03,Enterprise
CUS001414,Neha Patel,Jaipur,Karnataka,2023-06-13,Retail
CUS001415,Karan Verma,Pune,Maharashtra,2024-11-24,Enterprise
CUS001416,Rohan Joshi,Delhi,West Bengal,2025-04-16,Business
CUS001417,Meera Malhotra,Ahmedabad,Uttar Pradesh,2022-03-11,Business
CUS001418,Arjun Gupta,Pune,Delhi,2024-05-13,Business
CUS001419,Kavya Gupta,Mumbai,Delhi,2024-01-04,Business
CUS001420,Rohan Joshi,Jaipur,Delhi,2022-02-14,Business
CUS001421,Amit Joshi,Lucknow,Uttar Pradesh,2025-11-23,Business
CUS001422,Sneha Joshi,Bengaluru,Telangana,2026-01-21,Business
CUS001423,Amit Gupta,Kolkata,Gujarat,2023-09-07,Retail
CUS001424,Priya Kapoor,Mumbai,Gujarat,2024-05-22,Business
CUS001425,Simran Mehta,Lucknow,Maharashtra,2022-12-02,Enterprise
CUS001426,Rohan Verma,Lucknow,Rajasthan,2023-02-11,Enterprise
CUS001427,Rahul Jain,Chennai,Maharashtra,2022-07-05,Business
CUS001428,Rahul Gupta,Kolkata,Gujarat,2022-12-05,Business
CUS001429,Aarav Jain,Bengaluru,Delhi,2023-09-10,Business
CUS001430,Aditya Jain,Bengaluru,Karnataka,2024-06-13,Retail
CUS001431,Priya Jain,Jaipur,Tamil Nadu,2022-01-11,Business
CUS001432,Rohan Gupta,Mumbai,West Bengal,2025-01-31,Enterprise
CUS001433,Sneha Singh,Kolkata,Gujarat,2024-08-07,Enterprise
CUS001434,Priya Patel,Ahmedabad,Delhi,2023-10-14,Retail
CUS001435,Sneha Gupta,Hyderabad,Gujarat,2025-05-07,Business
CUS001436,Pooja Patel,Chennai,West Bengal,2025-10-03,Enterprise
CUS001437,Simran Sharma,Bengaluru,Uttar Pradesh,2022-12-31,Retail
CUS001438,Meera Gupta,Chennai,Rajasthan,2022-01-04,Enterprise
CUS001439,Amit Mehta,Mumbai,Karnataka,2022-10-10,Business
CUS001440,Ananya Sharma,Bengaluru,Telangana,2024-06-10,Retail
CUS001441,Kavya Mehta,Delhi,Gujarat,2022-11-05,Business
CUS001442,Ishita Mehta,Kolkata,Maharashtra,2023-06-19,Business
CUS001443,Rohan Jain,Ahmedabad,Rajasthan,2022-08-06,Business
CUS001444,Aditya Gupta,Mumbai,Gujarat,2022-01-26,Retail
CUS001445,Kavya Jain,Lucknow,Rajasthan,2024-02-26,Enterprise
CUS001446,Karan Sharma,Kolkata,Gujarat,2024-05-15,Retail
CUS001447,Ishita Mehta,Hyderabad,Maharashtra,2025-05-21,Business
CUS001448,Nikhil Gupta,Kolkata,Tamil Nadu,2024-12-31,Business
CUS001449,Arjun Jain,Ahmedabad,Rajasthan,2024-02-25,Enterprise
CUS001450,Aditya Jain,Pune,Tamil Nadu,2025-12-20,Enterprise
CUS001451,Neha Singh,Jaipur,Uttar Pradesh,2026-01-30,Business
CUS001452,Aisha Sharma,Kolkata,Telangana,2022-03-23,Retail
CUS001453,Vikram Joshi,Chennai,Maharashtra,2025-05-12,Enterprise
CUS001454,Meera Verma,Ahmedabad,Tamil Nadu,2025-10-14,Business
CUS001455,Aarav Kapoor,Hyderabad,Delhi,2023-08-24,Business
CUS001456,Aisha Sharma,Kolkata,Tamil Nadu,2023-09-02,Enterprise
CUS001457,Vivaan Malhotra,Mumbai,Tamil Nadu,2026-02-07,Retail
CUS001458,Pooja Mehta,Bengaluru,Delhi,2022-06-22,Enterprise
CUS001459,Arjun Jain,Delhi,West Bengal,2024-06-01,Business
CUS001460,Meera Joshi,Lucknow,Karnataka,2026-02-09,Enterprise
CUS001461,Simran Joshi,Pune,Maharashtra,2023-10-31,Business
CUS001462,Vivaan Jain,Lucknow,Maharashtra,2024-02-22,Enterprise
CUS001463,Aditya Gupta,Hyderabad,Gujarat,2024-03-31,Retail
CUS001464,Rohan Verma,Mumbai,Gujarat,2022-08-27,Retail
CUS001465,Simran Verma,Hyderabad,Uttar Pradesh,2024-11-18,Enterprise
CUS001466,Priya Sharma,Chennai,Uttar Pradesh,2024-08-26,Retail
CUS001467,Aisha Verma,Delhi,Telangana,2024-10-24,Enterprise
CUS001468,Vivaan Malhotra,Ahmedabad,Delhi,2025-10-20,Business
CUS001469,Neha Sharma,Ahmedabad,Karnataka,2022-02-08,Business
CUS001470,Rahul Verma,Hyderabad,West Bengal,2025-05-11,Enterprise
CUS001471,Kavya Patel,Bengaluru,Karnataka,2022-02-07,Enterprise
CUS001472,Kavya Singh,Mumbai,Uttar Pradesh,2023-08-13,Enterprise
CUS001473,Amit Joshi,Lucknow,Gujarat,2025-07-24,Enterprise
CUS001474,Kavya Kapoor,Ahmedabad,West Bengal,2025-02-16,Retail
CUS001475,Kavya Gupta,Chennai,Tamil Nadu,2024-06-29,Retail
CUS001476,Karan Joshi,Bengaluru,Rajasthan,2025-11-29,Retail
CUS001477,Sneha Verma,Ahmedabad,Maharashtra,2025-09-15,Enterprise
CUS001478,Aditya Joshi,Jaipur,Tamil Nadu,2022-06-20,Retail
CUS001479,Nikhil Gupta,Hyderabad,Telangana,2023-10-08,Business
CUS001480,Karan Sharma,Delhi,Uttar Pradesh,2025-04-12,Retail
CUS001481,Amit Gupta,Lucknow,Gujarat,2024-04-30,Retail
CUS001482,Ishita Kapoor,Kolkata,Karnataka,2024-02-08,Enterprise
CUS001483,Rahul Mehta,Lucknow,Maharashtra,2022-07-18,Business
CUS001484,Ananya Singh,Mumbai,Uttar Pradesh,2023-08-16,Retail
CUS001485,Rohan Mehta,Jaipur,Gujarat,2023-12-22,Retail
CUS001486,Aisha Malhotra,Hyderabad,Tamil Nadu,2024-01-14,Enterprise
CUS001487,Arjun Gupta,Jaipur,Rajasthan,2024-12-26,Business
CUS001488,Priya Mehta,Kolkata,West Bengal,2023-08-10,Business
CUS001489,Rohan Jain,Ahmedabad,Telangana,2022-01-07,Enterprise
CUS001490,Kavya Joshi,Delhi,Maharashtra,2024-02-25,Enterprise
CUS001491,Aisha Mehta,Ahmedabad,Karnataka,2025-07-27,Retail
CUS001492,Amit Singh,Delhi,Uttar Pradesh,2025-06-23,Enterprise
CUS001493,Aditya Malhotra,Lucknow,Gujarat,2022-02-16,Business
CUS001494,Amit Singh,Delhi,Uttar Pradesh,2025-07-05,Business
CUS001495,Aditya Gupta,Pune,Uttar Pradesh,2025-09-01,Business
CUS001496,Pooja Kapoor,Bengaluru,Delhi,2024-07-26,Business
CUS001497,Priya Jain,Kolkata,Karnataka,2023-10-23,Retail
CUS001498,Ishita Patel,Pune,Karnataka,2025-03-28,Business
CUS001499,Karan Singh,Lucknow,West Bengal,2023-05-11,Retail
CUS001500,Karan Kapoor,Mumbai,Uttar Pradesh,2023-11-10,Retail
CUS001501,Priya Joshi,Mumbai,Maharashtra,2022-03-08,Enterprise
CUS001502,Aisha Kapoor,Kolkata,Gujarat,2022-05-25,Business
CUS001503,Neha Kapoor,Mumbai,Uttar Pradesh,2025-08-18,Enterprise
CUS001504,Aarav Joshi,Kolkata,Maharashtra,2023-08-23,Business
CUS001505,Vivaan Gupta,Ahmedabad,Rajasthan,2025-07-12,Enterprise
CUS001506,Karan Mehta,Mumbai,Maharashtra,2022-10-26,Business
CUS001507,Simran Patel,Delhi,Tamil Nadu,2024-04-25,Enterprise
CUS001508,Kavya Jain,Bengaluru,West Bengal,2023-03-07,Business
CUS001509,Arjun Gupta,Mumbai,West Bengal,2025-12-23,Business
CUS001510,Priya Verma,Chennai,Telangana,2025-11-12,Business
CUS001511,Kavya Joshi,Hyderabad,Uttar Pradesh,2023-07-18,Enterprise
CUS001512,Vivaan Jain,Delhi,Rajasthan,2023-08-14,Retail
CUS001513,Priya Gupta,Lucknow,Tamil Nadu,2026-01-01,Business
CUS001514,Ishita Jain,Lucknow,Telangana,2024-08-31,Enterprise
CUS001515,Karan Verma,Delhi,Delhi,2022-10-28,Enterprise
CUS001516,Ishita Mehta,Hyderabad,Karnataka,2022-02-27,Retail
CUS001517,Simran Verma,Delhi,Uttar Pradesh,2022-01-25,Business
CUS001518,Meera Kapoor,Jaipur,Gujarat,2024-09-03,Enterprise
CUS001519,Rohan Gupta,Delhi,Uttar Pradesh,2024-10-23,Business
CUS001520,Nikhil Gupta,Ahmedabad,West Bengal,2025-08-20,Retail
CUS001521,Nikhil Joshi,Delhi,West Bengal,2024-02-17,Retail
CUS001522,Aditya Gupta,Bengaluru,Telangana,2023-02-27,Retail
CUS001523,Rahul Verma,Lucknow,Maharashtra,2025-08-24,Retail
CUS001524,Meera Joshi,Kolkata,Uttar Pradesh,2025-07-31,Retail
CUS001525,Nikhil Singh,Bengaluru,Tamil Nadu,2025-09-22,Retail
CUS001526,Sneha Patel,Chennai,Rajasthan,2022-05-18,Business
CUS001527,Pooja Kapoor,Jaipur,Maharashtra,2022-04-25,Business
CUS001528,Simran Kapoor,Bengaluru,Karnataka,2023-06-09,Enterprise
CUS001529,Rohan Singh,Bengaluru,West Bengal,2022-12-30,Retail
CUS001530,Amit Verma,Jaipur,Telangana,2022-07-07,Enterprise
CUS001531,Ananya Patel,Delhi,Rajasthan,2023-09-13,Retail
CUS001532,Ananya Singh,Bengaluru,Uttar Pradesh,2025-04-05,Business
CUS001533,Karan Patel,Jaipur,Maharashtra,2023-10-16,Enterprise
CUS001534,Aditya Singh,Kolkata,Maharashtra,2024-06-24,Retail
CUS001535,Vikram Singh,Mumbai,Rajasthan,2025-04-22,Retail
CUS001536,Amit Joshi,Hyderabad,Uttar Pradesh,2022-01-20,Enterprise
CUS001537,Aisha Patel,Kolkata,Karnataka,2025-04-21,Enterprise
CUS001538,Amit Joshi,Pune,Telangana,2024-04-13,Enterprise
CUS001539,Neha Joshi,Delhi,Tamil Nadu,2024-11-04,Business
CUS001540,Nikhil Verma,Hyderabad,Telangana,2024-12-25,Retail
CUS001541,Kavya Verma,Jaipur,Rajasthan,2023-09-25,Enterprise
CUS001542,Karan Patel,Delhi,West Bengal,2022-01-14,Business
CUS001543,Nikhil Joshi,Kolkata,Delhi,2023-01-02,Retail
CUS001544,Aisha Verma,Mumbai,West Bengal,2023-12-03,Enterprise
CUS001545,Pooja Jain,Bengaluru,Maharashtra,2023-04-20,Retail
CUS001546,Ishita Kapoor,Hyderabad,Tamil Nadu,2024-12-22,Business
CUS001547,Arjun Verma,Lucknow,Karnataka,2025-03-15,Enterprise
CUS001548,Rahul Gupta,Delhi,Karnataka,2024-03-22,Retail
CUS001549,Rohan Malhotra,Delhi,Tamil Nadu,2024-11-23,Business
CUS001550,Amit Mehta,Hyderabad,Karnataka,2023-06-23,Business
CUS001551,Ishita Gupta,Delhi,Telangana,2023-11-15,Enterprise
CUS001552,Meera Gupta,Kolkata,Telangana,2024-05-21,Enterprise
CUS001553,Sneha Mehta,Pune,Gujarat,2022-04-24,Business
CUS001554,Meera Jain,Kolkata,Telangana,2022-02-09,Enterprise
CUS001555,Ananya Singh,Hyderabad,Telangana,2024-02-04,Retail
CUS001556,Kavya Mehta,Ahmedabad,Tamil Nadu,2025-02-16,Enterprise
CUS001557,Ananya Singh,Lucknow,Rajasthan,2024-06-20,Business
CUS001558,Arjun Patel,Bengaluru,Delhi,2023-10-29,Enterprise
CUS001559,Vikram Malhotra,Kolkata,Maharashtra,2025-09-12,Business
CUS001560,Vikram Singh,Hyderabad,Uttar Pradesh,2025-04-15,Business
CUS001561,Vivaan Patel,Pune,Tamil Nadu,2023-07-20,Enterprise
CUS001562,Meera Joshi,Hyderabad,Maharashtra,2024-08-24,Retail
CUS001563,Aditya Gupta,Ahmedabad,Delhi,2022-11-05,Enterprise
CUS001564,Ishita Malhotra,Bengaluru,Rajasthan,2022-06-30,Business
CUS001565,Priya Gupta,Lucknow,Rajasthan,2025-09-15,Business
CUS001566,Pooja Kapoor,Hyderabad,Maharashtra,2022-10-15,Retail
CUS001567,Kavya Gupta,Kolkata,Karnataka,2023-01-13,Business
CUS001568,Karan Singh,Kolkata,Tamil Nadu,2023-11-14,Retail
CUS001569,Neha Verma,Lucknow,Maharashtra,2022-10-15,Retail
CUS001570,Aisha Mehta,Ahmedabad,West Bengal,2022-04-09,Enterprise
CUS001571,Vivaan Kapoor,Chennai,Maharashtra,2025-03-04,Business
CUS001572,Vivaan Kapoor,Chennai,Rajasthan,2024-10-04,Business
CUS001573,Simran Gupta,Mumbai,Maharashtra,2025-03-03,Retail
CUS001574,Pooja Patel,Jaipur,Delhi,2024-11-17,Retail
CUS001575,Simran Joshi,Lucknow,Karnataka,2022-05-30,Enterprise
CUS001576,Aisha Verma,Kolkata,West Bengal,2022-11-08,Enterprise
CUS001577,Kavya Patel,Delhi,Uttar Pradesh,2023-11-27,Business
CUS001578,Nikhil Mehta,Pune,Gujarat,2025-03-23,Business
CUS001579,Aarav Malhotra,Ahmedabad,Maharashtra,2022-01-18,Retail
CUS001580,Kavya Mehta,Delhi,Telangana,2023-04-02,Enterprise
CUS001581,Kavya Kapoor,Kolkata,Karnataka,2025-03-22,Business
CUS001582,Simran Jain,Bengaluru,Delhi,2023-02-27,Business
CUS001583,Rohan Patel,Pune,Rajasthan,2025-05-17,Retail
CUS001584,Rahul Kapoor,Chennai,Maharashtra,2023-11-02,Business
CUS001585,Priya Singh,Bengaluru,Telangana,2022-12-01,Business
CUS001586,Neha Singh,Bengaluru,Tamil Nadu,2022-02-25,Retail
CUS001587,Karan Patel,Ahmedabad,Maharashtra,2024-06-28,Enterprise
CUS001588,Ananya Mehta,Pune,West Bengal,2024-06-17,Business
CUS001589,Ananya Singh,Ahmedabad,Uttar Pradesh,2022-09-13,Retail
CUS001590,Rohan Kapoor,Lucknow,Rajasthan,2022-09-07,Retail
CUS001591,Ananya Patel,Kolkata,Uttar Pradesh,2024-01-04,Enterprise
CUS001592,Kavya Mehta,Bengaluru,Karnataka,2022-07-05,Enterprise
CUS001593,Meera Joshi,Hyderabad,Rajasthan,2022-08-18,Business
CUS001594,Aarav Sharma,Ahmedabad,Gujarat,2024-03-30,Retail
CUS001595,Meera Gupta,Hyderabad,Maharashtra,2024-06-08,Enterprise
CUS001596,Ishita Singh,Mumbai,Gujarat,2024-08-23,Retail
CUS001597,Neha Gupta,Pune,Delhi,2023-05-25,Retail
CUS001598,Simran Sharma,Delhi,Rajasthan,2022-11-15,Retail
CUS001599,Vikram Sharma,Pune,Uttar Pradesh,2023-03-06,Enterprise
CUS001600,Ishita Gupta,Lucknow,Gujarat,2022-11-19,Business
CUS001601,Rohan Jain,Jaipur,Delhi,2025-10-01,Retail
CUS001602,Meera Patel,Delhi,Maharashtra,2024-10-15,Retail
CUS001603,Ishita Mehta,Chennai,Telangana,2025-06-27,Business
CUS001604,Aarav Sharma,Chennai,Maharashtra,2024-08-21,Retail
CUS001605,Rahul Mehta,Pune,Rajasthan,2024-02-12,Enterprise
CUS001606,Nikhil Jain,Delhi,Maharashtra,2022-01-31,Business
CUS001607,Priya Patel,Ahmedabad,Maharashtra,2022-08-19,Business
CUS001608,Karan Mehta,Jaipur,West Bengal,2022-10-03,Enterprise
CUS001609,Aarav Verma,Kolkata,West Bengal,2023-06-11,Retail
CUS001610,Kavya Kapoor,Chennai,Uttar Pradesh,2025-09-30,Enterprise
CUS001611,Arjun Joshi,Kolkata,Uttar Pradesh,2023-02-06,Retail
CUS001612,Priya Kapoor,Delhi,Delhi,2023-04-07,Enterprise
CUS001613,Aditya Patel,Ahmedabad,Telangana,2025-06-13,Retail
CUS001614,Priya Singh,Hyderabad,Delhi,2026-02-04,Enterprise
CUS001615,Ishita Gupta,Kolkata,Uttar Pradesh,2024-11-30,Enterprise
CUS001616,Simran Verma,Delhi,Tamil Nadu,2024-05-14,Business
CUS001617,Rahul Malhotra,Pune,Gujarat,2025-07-18,Retail
CUS001618,Ananya Jain,Pune,Delhi,2025-07-23,Retail
CUS001619,Priya Jain,Ahmedabad,Tamil Nadu,2022-01-24,Enterprise
CUS001620,Vikram Joshi,Chennai,Karnataka,2025-07-11,Enterprise
CUS001621,Sneha Joshi,Bengaluru,West Bengal,2025-06-26,Business
CUS001622,Pooja Joshi,Mumbai,Telangana,2025-09-04,Enterprise
CUS001623,Kavya Gupta,Delhi,Telangana,2023-11-30,Business
CUS001624,Pooja Joshi,Mumbai,Tamil Nadu,2024-11-29,Business
CUS001625,Aditya Gupta,Ahmedabad,Maharashtra,2025-01-17,Retail
CUS001626,Arjun Singh,Kolkata,Maharashtra,2022-09-04,Enterprise
CUS001627,Ishita Jain,Chennai,Telangana,2024-07-15,Business
CUS001628,Pooja Patel,Jaipur,Delhi,2024-03-25,Enterprise
CUS001629,Ananya Jain,Bengaluru,Maharashtra,2023-02-11,Enterprise
CUS001630,Meera Kapoor,Lucknow,Delhi,2025-02-26,Enterprise
CUS001631,Nikhil Sharma,Jaipur,Tamil Nadu,2025-01-09,Retail
CUS001632,Nikhil Jain,Chennai,Delhi,2022-07-25,Enterprise
CUS001633,Rohan Malhotra,Bengaluru,Delhi,2025-01-12,Enterprise
CUS001634,Aisha Singh,Hyderabad,Maharashtra,2024-03-31,Business
CUS001635,Sneha Kapoor,Ahmedabad,West Bengal,2024-08-16,Business
CUS001636,Rahul Verma,Pune,Maharashtra,2023-05-30,Enterprise
CUS001637,Pooja Verma,Bengaluru,Uttar Pradesh,2025-05-01,Retail
CUS001638,Vivaan Mehta,Delhi,Delhi,2024-09-11,Retail
CUS001639,Priya Mehta,Delhi,Gujarat,2024-03-11,Enterprise
CUS001640,Ananya Singh,Chennai,Maharashtra,2023-04-09,Business
CUS001641,Rahul Mehta,Mumbai,Uttar Pradesh,2025-10-08,Retail
CUS001642,Ananya Joshi,Delhi,Telangana,2023-11-02,Retail
CUS001643,Arjun Kapoor,Hyderabad,Rajasthan,2022-07-30,Enterprise
CUS001644,Amit Joshi,Bengaluru,West Bengal,2023-09-04,Retail
CUS001645,Pooja Malhotra,Kolkata,Delhi,2022-05-25,Enterprise
CUS001646,Kavya Verma,Pune,Gujarat,2023-06-08,Retail
CUS001647,Karan Mehta,Lucknow,Delhi,2025-12-24,Enterprise
CUS001648,Vikram Verma,Bengaluru,Rajasthan,2022-07-31,Retail
CUS001649,Amit Malhotra,Chennai,Karnataka,2025-09-23,Business
CUS001650,Aisha Mehta,Pune,Maharashtra,2023-07-28,Enterprise
CUS001651,Neha Verma,Jaipur,Tamil Nadu,2024-05-09,Enterprise
CUS001652,Neha Gupta,Mumbai,Maharashtra,2022-07-27,Enterprise
CUS001653,Vikram Singh,Lucknow,West Bengal,2023-03-30,Enterprise
CUS001654,Aisha Verma,Mumbai,West Bengal,2025-02-22,Enterprise
CUS001655,Simran Mehta,Lucknow,Rajasthan,2025-09-29,Business
CUS001656,Vivaan Malhotra,Mumbai,Uttar Pradesh,2025-08-09,Retail
CUS001657,Simran Patel,Mumbai,Karnataka,2024-01-09,Enterprise
CUS001658,Amit Mehta,Ahmedabad,Maharashtra,2023-12-13,Enterprise
CUS001659,Karan Joshi,Lucknow,Rajasthan,2022-03-18,Business
CUS001660,Aisha Sharma,Bengaluru,Uttar Pradesh,2023-01-06,Retail
CUS001661,Kavya Patel,Hyderabad,Gujarat,2022-02-28,Enterprise
CUS001662,Karan Verma,Chennai,Tamil Nadu,2023-12-23,Retail
CUS001663,Neha Joshi,Pune,Tamil Nadu,2024-07-27,Enterprise
CUS001664,Neha Jain,Bengaluru,Rajasthan,2025-01-25,Enterprise
CUS001665,Kavya Mehta,Chennai,Delhi,2024-10-20,Retail
CUS001666,Kavya Gupta,Lucknow,Rajasthan,2023-04-12,Business
CUS001667,Ishita Patel,Mumbai,Gujarat,2023-10-03,Enterprise
CUS001668,Vikram Jain,Ahmedabad,Karnataka,2023-06-27,Enterprise
CUS001669,Vikram Gupta,Chennai,West Bengal,2024-01-11,Retail
CUS001670,Rohan Gupta,Pune,Maharashtra,2023-01-24,Enterprise
CUS001671,Ishita Kapoor,Jaipur,Telangana,2025-02-20,Enterprise
CUS001672,Rohan Mehta,Lucknow,Maharashtra,2023-02-11,Retail
CUS001673,Aditya Malhotra,Ahmedabad,Telangana,2022-10-26,Enterprise
CUS001674,Kavya Kapoor,Chennai,Gujarat,2022-09-30,Business
CUS001675,Arjun Verma,Lucknow,Uttar Pradesh,2022-06-18,Business
CUS001676,Priya Joshi,Pune,Karnataka,2025-01-27,Retail
CUS001677,Neha Sharma,Kolkata,Karnataka,2025-11-24,Retail
CUS001678,Priya Singh,Kolkata,Karnataka,2022-10-25,Retail
CUS001679,Ishita Singh,Pune,Uttar Pradesh,2024-09-16,Business
CUS001680,Aisha Kapoor,Jaipur,Uttar Pradesh,2023-01-29,Business
CUS001681,Rohan Kapoor,Lucknow,Gujarat,2025-07-08,Enterprise
CUS001682,Sneha Verma,Chennai,Telangana,2024-06-02,Business
CUS001683,Meera Singh,Chennai,Rajasthan,2024-01-02,Retail
CUS001684,Rahul Gupta,Bengaluru,Rajasthan,2025-03-31,Retail
CUS001685,Arjun Kapoor,Kolkata,Rajasthan,2023-10-05,Retail
CUS001686,Amit Singh,Chennai,Rajasthan,2023-04-04,Business
CUS001687,Neha Malhotra,Pune,West Bengal,2025-06-21,Business
CUS001688,Vikram Malhotra,Ahmedabad,Maharashtra,2022-12-17,Retail
CUS001689,Pooja Joshi,Jaipur,Maharashtra,2023-12-13,Business
CUS001690,Rahul Patel,Chennai,Maharashtra,2026-01-12,Business
CUS001691,Simran Verma,Pune,Uttar Pradesh,2024-10-02,Business
CUS001692,Rahul Mehta,Bengaluru,West Bengal,2023-09-27,Enterprise
CUS001693,Ishita Gupta,Bengaluru,Uttar Pradesh,2024-11-06,Business
CUS001694,Rahul Kapoor,Lucknow,Tamil Nadu,2022-01-14,Enterprise
CUS001695,Vivaan Gupta,Lucknow,Maharashtra,2022-05-26,Enterprise
CUS001696,Aditya Kapoor,Ahmedabad,Delhi,2026-02-09,Retail
CUS001697,Priya Malhotra,Delhi,Delhi,2022-03-02,Enterprise
CUS001698,Vikram Patel,Chennai,Maharashtra,2022-07-12,Business
CUS001699,Simran Mehta,Ahmedabad,Gujarat,2025-11-27,Business
CUS001700,Rahul Gupta,Delhi,Maharashtra,2023-09-30,Business
CUS001701,Rohan Mehta,Hyderabad,West Bengal,2022-07-05,Retail
CUS001702,Neha Mehta,Bengaluru,Karnataka,2023-12-21,Enterprise
CUS001703,Aditya Gupta,Kolkata,Maharashtra,2024-12-08,Business
CUS001704,Aarav Malhotra,Pune,Rajasthan,2022-05-02,Enterprise
CUS001705,Meera Patel,Delhi,Maharashtra,2024-12-19,Retail
CUS001706,Aarav Gupta,Ahmedabad,Telangana,2022-02-26,Enterprise
CUS001707,Simran Gupta,Mumbai,Delhi,2023-01-22,Enterprise
CUS001708,Amit Joshi,Delhi,Rajasthan,2023-03-24,Business
CUS001709,Arjun Jain,Lucknow,Tamil Nadu,2025-03-21,Retail
CUS001710,Karan Jain,Jaipur,Delhi,2024-06-30,Retail
CUS001711,Amit Sharma,Jaipur,Maharashtra,2023-10-01,Business
CUS001712,Arjun Gupta,Delhi,Uttar Pradesh,2024-11-27,Retail
CUS001713,Arjun Joshi,Bengaluru,Uttar Pradesh,2022-11-14,Enterprise
CUS001714,Kavya Joshi,Jaipur,Gujarat,2024-07-06,Retail
CUS001715,Pooja Patel,Chennai,Karnataka,2024-01-19,Retail
CUS001716,Priya Joshi,Bengaluru,Gujarat,2022-03-27,Business
CUS001717,Vivaan Joshi,Lucknow,Maharashtra,2024-11-30,Retail
CUS001718,Kavya Kapoor,Lucknow,Uttar Pradesh,2025-12-09,Enterprise
CUS001719,Nikhil Mehta,Jaipur,Karnataka,2023-08-02,Business
CUS001720,Rahul Joshi,Bengaluru,Telangana,2025-07-06,Business
CUS001721,Sneha Mehta,Ahmedabad,Maharashtra,2024-10-01,Retail
CUS001722,Vikram Patel,Chennai,Rajasthan,2024-09-18,Enterprise
CUS001723,Sneha Verma,Kolkata,Telangana,2025-11-01,Enterprise
CUS001724,Vivaan Kapoor,Pune,Karnataka,2022-07-02,Business
CUS001725,Simran Malhotra,Jaipur,Delhi,2025-08-05,Business
CUS001726,Vivaan Kapoor,Pune,Maharashtra,2023-09-13,Business
CUS001727,Ananya Gupta,Jaipur,Maharashtra,2025-11-02,Business
CUS001728,Nikhil Kapoor,Delhi,Rajasthan,2024-01-30,Enterprise
CUS001729,Vivaan Singh,Mumbai,West Bengal,2023-01-16,Retail
CUS001730,Kavya Patel,Bengaluru,West Bengal,2023-02-28,Enterprise
CUS001731,Amit Sharma,Pune,Gujarat,2023-02-26,Enterprise
CUS001732,Arjun Verma,Pune,Karnataka,2025-09-12,Business
CUS001733,Rohan Mehta,Bengaluru,Tamil Nadu,2024-04-03,Retail
CUS001734,Rahul Jain,Lucknow,Karnataka,2025-06-27,Enterprise
CUS001735,Neha Mehta,Lucknow,Telangana,2023-02-24,Enterprise
CUS001736,Neha Mehta,Pune,Gujarat,2024-04-27,Business
CUS001737,Neha Singh,Kolkata,Telangana,2025-05-14,Retail
CUS001738,Sneha Sharma,Kolkata,Delhi,2025-09-19,Enterprise
CUS001739,Priya Patel,Mumbai,Maharashtra,2022-11-22,Business
CUS001740,Aditya Jain,Jaipur,Tamil Nadu,2022-12-09,Enterprise
CUS001741,Neha Mehta,Hyderabad,Rajasthan,2023-08-10,Business
CUS001742,Simran Verma,Mumbai,Maharashtra,2024-03-19,Retail
CUS001743,Aditya Kapoor,Kolkata,Karnataka,2022-09-18,Enterprise
CUS001744,Vivaan Joshi,Kolkata,Maharashtra,2022-08-17,Retail
CUS001745,Vivaan Mehta,Delhi,Maharashtra,2025-11-21,Retail
CUS001746,Priya Mehta,Lucknow,Tamil Nadu,2024-06-16,Enterprise
CUS001747,Rahul Joshi,Lucknow,Maharashtra,2025-09-19,Enterprise
CUS001748,Ananya Singh,Chennai,Maharashtra,2025-03-10,Retail
CUS001749,Rahul Gupta,Hyderabad,Delhi,2023-12-19,Business
CUS001750,Ananya Sharma,Ahmedabad,Gujarat,2022-11-10,Business
CUS001751,Nikhil Patel,Bengaluru,Delhi,2025-07-08,Retail
CUS001752,Kavya Joshi,Pune,West Bengal,2022-05-23,Retail
CUS001753,Amit Kapoor,Hyderabad,Rajasthan,2022-11-26,Retail
CUS001754,Pooja Gupta,Pune,Maharashtra,2025-11-03,Retail
CUS001755,Aisha Kapoor,Jaipur,Maharashtra,2025-06-20,Enterprise
CUS001756,Rohan Gupta,Chennai,Maharashtra,2022-10-21,Retail
CUS001757,Priya Sharma,Ahmedabad,Maharashtra,2025-02-26,Retail
CUS001758,Sneha Malhotra,Mumbai,Karnataka,2025-07-10,Retail
CUS001759,Simran Kapoor,Mumbai,Maharashtra,2025-08-21,Business
CUS001760,Simran Mehta,Hyderabad,Uttar Pradesh,2024-03-03,Business
CUS001761,Priya Joshi,Lucknow,Telangana,2023-12-08,Enterprise
CUS001762,Karan Joshi,Delhi,West Bengal,2025-01-03,Business
CUS001763,Priya Jain,Hyderabad,Delhi,2024-03-06,Business
CUS001764,Rohan Gupta,Pune,Gujarat,2023-09-07,Retail
CUS001765,Vivaan Joshi,Ahmedabad,Rajasthan,2023-04-10,Business
CUS001766,Rahul Gupta,Bengaluru,Gujarat,2024-05-12,Business
CUS001767,Karan Joshi,Kolkata,Gujarat,2024-08-07,Business
CUS001768,Kavya Gupta,Ahmedabad,Delhi,2026-01-21,Enterprise
CUS001769,Ananya Singh,Bengaluru,Karnataka,2025-03-10,Retail
CUS001770,Amit Gupta,Kolkata,Rajasthan,2024-04-16,Business
CUS001771,Ishita Singh,Ahmedabad,Delhi,2024-08-21,Retail
CUS001772,Pooja Joshi,Hyderabad,Uttar Pradesh,2024-04-24,Retail
CUS001773,Ananya Singh,Chennai,Rajasthan,2022-11-17,Enterprise
CUS001774,Sneha Kapoor,Ahmedabad,Delhi,2024-06-26,Retail
CUS001775,Ananya Mehta,Lucknow,Delhi,2023-07-14,Enterprise
CUS001776,Simran Jain,Ahmedabad,Uttar Pradesh,2023-02-10,Retail
CUS001777,Aisha Gupta,Kolkata,Karnataka,2022-09-25,Business
CUS001778,Kavya Malhotra,Lucknow,Rajasthan,2025-07-10,Retail
CUS001779,Arjun Patel,Mumbai,Maharashtra,2022-01-18,Retail
CUS001780,Kavya Patel,Chennai,Tamil Nadu,2023-02-20,Enterprise
CUS001781,Rahul Singh,Hyderabad,Maharashtra,2024-01-14,Enterprise
CUS001782,Kavya Malhotra,Kolkata,West Bengal,2023-11-25,Enterprise
CUS001783,Rohan Verma,Hyderabad,Maharashtra,2025-02-24,Retail
CUS001784,Rahul Jain,Ahmedabad,Maharashtra,2024-12-26,Enterprise
CUS001785,Aisha Jain,Jaipur,Rajasthan,2025-07-11,Business
CUS001786,Neha Singh,Mumbai,Delhi,2024-06-30,Retail
CUS001787,Vivaan Jain,Ahmedabad,West Bengal,2024-02-16,Business
CUS001788,Rohan Sharma,Lucknow,Tamil Nadu,2024-06-22,Enterprise
CUS001789,Simran Jain,Kolkata,Maharashtra,2024-10-04,Enterprise
CUS001790,Simran Gupta,Chennai,Maharashtra,2024-01-28,Retail
CUS001791,Rohan Jain,Lucknow,Telangana,2025-10-19,Business
CUS001792,Rahul Patel,Bengaluru,Tamil Nadu,2023-08-22,Enterprise
CUS001793,Aditya Gupta,Lucknow,West Bengal,2022-02-02,Enterprise
CUS001794,Simran Mehta,Delhi,Tamil Nadu,2023-06-02,Retail
CUS001795,Nikhil Verma,Jaipur,Maharashtra,2024-09-29,Business
CUS001796,Rohan Sharma,Bengaluru,Telangana,2023-06-23,Business
CUS001797,Aisha Gupta,Pune,Telangana,2025-09-06,Business
CUS001798,Aditya Gupta,Jaipur,Maharashtra,2022-09-25,Enterprise
CUS001799,Aarav Malhotra,Pune,Telangana,2024-02-19,Retail
CUS001800,Vikram Mehta,Ahmedabad,Maharashtra,2025-11-24,Enterprise
CUS001801,Neha Mehta,Chennai,Tamil Nadu,2024-11-15,Business
CUS001802,Aisha Gupta,Delhi,Tamil Nadu,2026-01-12,Business
CUS001803,Pooja Singh,Kolkata,Telangana,2023-07-01,Retail
CUS001804,Karan Patel,Chennai,Rajasthan,2022-08-21,Retail
CUS001805,Rahul Patel,Bengaluru,Maharashtra,2022-12-29,Business
CUS001806,Aditya Jain,Lucknow,Karnataka,2022-06-28,Retail
CUS001807,Aarav Sharma,Chennai,Uttar Pradesh,2022-05-25,Retail
CUS001808,Simran Joshi,Chennai,Maharashtra,2025-06-08,Retail
CUS001809,Vivaan Jain,Bengaluru,Maharashtra,2023-01-16,Retail
CUS001810,Aditya Sharma,Ahmedabad,Karnataka,2023-03-07,Retail
CUS001811,Aditya Mehta,Chennai,Rajasthan,2023-01-30,Business
CUS001812,Ananya Joshi,Lucknow,Delhi,2024-08-18,Business
CUS001813,Simran Sharma,Kolkata,Delhi,2024-11-05,Retail
CUS001814,Aditya Jain,Bengaluru,Telangana,2022-10-22,Enterprise
CUS001815,Simran Singh,Mumbai,Maharashtra,2023-01-21,Retail
CUS001816,Kavya Singh,Delhi,Gujarat,2025-07-25,Enterprise
CUS001817,Ishita Malhotra,Ahmedabad,Rajasthan,2025-08-04,Business
CUS001818,Ananya Mehta,Hyderabad,Tamil Nadu,2023-05-09,Enterprise
CUS001819,Aarav Verma,Hyderabad,Delhi,2022-05-13,Retail
CUS001820,Aditya Joshi,Chennai,Maharashtra,2025-06-23,Business
CUS001821,Aditya Joshi,Pune,Maharashtra,2023-10-15,Enterprise
CUS001822,Meera Malhotra,Mumbai,Uttar Pradesh,2023-06-22,Enterprise
CUS001823,Kavya Joshi,Chennai,West Bengal,2024-01-29,Business
CUS001824,Ishita Joshi,Chennai,Rajasthan,2023-01-25,Retail
CUS001825,Simran Jain,Pune,Tamil Nadu,2024-04-19,Business
CUS001826,Karan Gupta,Ahmedabad,West Bengal,2024-08-09,Business
CUS001827,Rahul Jain,Ahmedabad,Gujarat,2022-02-20,Retail
CUS001828,Kavya Mehta,Delhi,Gujarat,2024-01-19,Retail
CUS001829,Aisha Jain,Delhi,Uttar Pradesh,2023-01-12,Retail
CUS001830,Arjun Sharma,Ahmedabad,West Bengal,2022-11-03,Business
CUS001831,Kavya Singh,Pune,West Bengal,2024-03-14,Retail
CUS001832,Ishita Kapoor,Hyderabad,Karnataka,2023-01-25,Business
CUS001833,Amit Joshi,Ahmedabad,Gujarat,2022-11-24,Business
CUS001834,Vivaan Gupta,Mumbai,Maharashtra,2023-10-25,Enterprise
CUS001835,Vikram Malhotra,Hyderabad,Delhi,2023-04-27,Enterprise
CUS001836,Vikram Singh,Ahmedabad,West Bengal,2022-01-27,Business
CUS001837,Rohan Gupta,Hyderabad,Uttar Pradesh,2024-05-28,Enterprise
CUS001838,Arjun Malhotra,Delhi,Rajasthan,2023-08-01,Business
CUS001839,Meera Jain,Chennai,Uttar Pradesh,2024-08-27,Retail
CUS001840,Aarav Joshi,Chennai,Gujarat,2023-05-20,Retail
CUS001841,Kavya Singh,Chennai,West Bengal,2023-07-29,Enterprise
CUS001842,Kavya Malhotra,Chennai,Karnataka,2022-09-18,Business
CUS001843,Simran Singh,Lucknow,Uttar Pradesh,2023-05-01,Retail
CUS001844,Vikram Malhotra,Kolkata,Maharashtra,2023-10-04,Enterprise
CUS001845,Arjun Mehta,Delhi,Uttar Pradesh,2023-10-21,Retail
CUS001846,Nikhil Joshi,Kolkata,Uttar Pradesh,2026-01-30,Business
CUS001847,Aditya Joshi,Ahmedabad,Karnataka,2023-07-20,Enterprise
CUS001848,Rahul Gupta,Pune,West Bengal,2023-05-21,Retail
CUS001849,Aarav Gupta,Chennai,Uttar Pradesh,2024-09-15,Enterprise
CUS001850,Rahul Verma,Chennai,West Bengal,2023-10-06,Enterprise
CUS001851,Pooja Singh,Bengaluru,Uttar Pradesh,2025-05-24,Retail
CUS001852,Ishita Sharma,Bengaluru,Rajasthan,2024-10-29,Business
CUS001853,Priya Mehta,Ahmedabad,Maharashtra,2023-09-03,Business
CUS001854,Ananya Jain,Hyderabad,Maharashtra,2022-03-01,Enterprise
CUS001855,Aisha Patel,Chennai,West Bengal,2022-10-30,Business
CUS001856,Sneha Kapoor,Delhi,Uttar Pradesh,2024-06-28,Business
CUS001857,Arjun Verma,Kolkata,Telangana,2023-02-10,Enterprise
CUS001858,Amit Joshi,Hyderabad,Delhi,2025-04-16,Retail
CUS001859,Kavya Sharma,Mumbai,Maharashtra,2023-10-31,Enterprise
CUS001860,Vikram Gupta,Delhi,Tamil Nadu,2026-01-15,Business
CUS001861,Pooja Sharma,Ahmedabad,Tamil Nadu,2024-03-21,Retail
CUS001862,Kavya Malhotra,Pune,Telangana,2023-10-26,Enterprise
CUS001863,Simran Sharma,Jaipur,Maharashtra,2026-01-20,Enterprise
CUS001864,Rahul Joshi,Mumbai,Maharashtra,2022-10-14,Retail
CUS001865,Arjun Kapoor,Delhi,Karnataka,2022-07-08,Business
CUS001866,Meera Gupta,Mumbai,Gujarat,2023-12-05,Retail
CUS001867,Vikram Mehta,Jaipur,Maharashtra,2024-12-10,Business
CUS001868,Sneha Jain,Jaipur,Maharashtra,2023-03-01,Business
CUS001869,Rohan Patel,Hyderabad,Karnataka,2023-05-06,Retail
CUS001870,Pooja Sharma,Pune,Karnataka,2024-09-07,Retail
CUS001871,Vivaan Singh,Bengaluru,Delhi,2022-10-09,Enterprise
CUS001872,Kavya Gupta,Ahmedabad,Gujarat,2022-02-09,Enterprise
CUS001873,Ishita Joshi,Pune,Gujarat,2025-01-31,Retail
CUS001874,Vivaan Singh,Lucknow,Maharashtra,2023-03-04,Retail
CUS001875,Simran Joshi,Pune,Tamil Nadu,2025-12-08,Retail
CUS001876,Simran Gupta,Jaipur,Delhi,2024-03-24,Retail
CUS001877,Rahul Kapoor,Pune,Uttar Pradesh,2023-07-31,Business
CUS001878,Pooja Gupta,Jaipur,Gujarat,2022-11-24,Retail
CUS001879,Amit Verma,Chennai,Karnataka,2023-11-01,Business
CUS001880,Sneha Patel,Hyderabad,West Bengal,2022-03-01,Business
CUS001881,Amit Kapoor,Ahmedabad,Karnataka,2023-01-14,Retail
CUS001882,Vivaan Mehta,Mumbai,Karnataka,2023-02-14,Enterprise
CUS001883,Ishita Singh,Lucknow,Telangana,2024-01-10,Business
CUS001884,Vivaan Singh,Lucknow,Telangana,2023-03-21,Enterprise
CUS001885,Aarav Verma,Pune,Karnataka,2023-01-06,Business
CUS001886,Ananya Joshi,Ahmedabad,Tamil Nadu,2024-07-26,Business
CUS001887,Amit Jain,Kolkata,West Bengal,2025-02-22,Enterprise
CUS001888,Ishita Singh,Mumbai,Uttar Pradesh,2022-08-08,Retail
CUS001889,Aarav Malhotra,Pune,Maharashtra,2023-07-16,Retail
CUS001890,Ishita Joshi,Ahmedabad,Uttar Pradesh,2022-11-23,Retail
CUS001891,Vivaan Gupta,Bengaluru,Karnataka,2024-05-16,Enterprise
CUS001892,Meera Patel,Hyderabad,Gujarat,2025-08-31,Retail
CUS001893,Ishita Sharma,Mumbai,Telangana,2022-10-18,Business
CUS001894,Karan Singh,Mumbai,Maharashtra,2024-09-02,Retail
CUS001895,Aarav Patel,Mumbai,Karnataka,2024-07-21,Enterprise
CUS001896,Pooja Verma,Hyderabad,Maharashtra,2025-12-10,Enterprise
CUS001897,Vikram Patel,Delhi,Karnataka,2022-05-14,Business
CUS001898,Sneha Sharma,Pune,West Bengal,2024-06-04,Business
CUS001899,Aisha Jain,Pune,Uttar Pradesh,2022-04-01,Enterprise
CUS001900,Aditya Verma,Hyderabad,West Bengal,2023-02-20,Business
CUS001901,Aarav Verma,Bengaluru,Karnataka,2025-11-13,Business
CUS001902,Aarav Sharma,Lucknow,Gujarat,2025-02-18,Enterprise
CUS001903,Vikram Singh,Pune,Telangana,2024-01-16,Retail
CUS001904,Amit Gupta,Kolkata,West Bengal,2025-01-20,Retail
CUS001905,Meera Gupta,Jaipur,Rajasthan,2022-10-26,Business
CUS001906,Meera Mehta,Delhi,Uttar Pradesh,2024-04-02,Business
CUS001907,Karan Gupta,Hyderabad,Delhi,2025-10-09,Business
CUS001908,Pooja Mehta,Chennai,Gujarat,2022-06-27,Enterprise
CUS001909,Neha Jain,Chennai,Tamil Nadu,2025-08-14,Business
CUS001910,Karan Kapoor,Delhi,Maharashtra,2023-12-05,Enterprise
CUS001911,Rahul Malhotra,Chennai,Rajasthan,2025-07-19,Enterprise
CUS001912,Rohan Malhotra,Delhi,Karnataka,2025-11-20,Business
CUS001913,Aditya Mehta,Mumbai,Rajasthan,2025-01-19,Retail
CUS001914,Nikhil Patel,Lucknow,Maharashtra,2023-06-06,Enterprise
CUS001915,Rohan Singh,Chennai,West Bengal,2022-08-28,Business
CUS001916,Meera Kapoor,Ahmedabad,Rajasthan,2025-09-07,Business
CUS001917,Priya Malhotra,Chennai,Gujarat,2025-11-09,Retail
CUS001918,Priya Joshi,Delhi,Karnataka,2026-01-06,Retail
CUS001919,Nikhil Patel,Kolkata,Delhi,2022-05-28,Enterprise
CUS001920,Ishita Singh,Ahmedabad,Telangana,2023-03-05,Enterprise
CUS001921,Arjun Singh,Pune,Maharashtra,2022-03-05,Business
CUS001922,Arjun Singh,Delhi,Maharashtra,2022-05-18,Business
CUS001923,Karan Patel,Ahmedabad,Tamil Nadu,2025-09-16,Business
CUS001924,Aarav Malhotra,Hyderabad,Tamil Nadu,2024-03-05,Business
CUS001925,Ananya Verma,Ahmedabad,Uttar Pradesh,2025-04-22,Business
CUS001926,Amit Malhotra,Pune,West Bengal,2022-03-06,Business
CUS001927,Kavya Gupta,Pune,Telangana,2025-12-05,Business
CUS001928,Sneha Kapoor,Mumbai,Gujarat,2025-11-11,Enterprise
CUS001929,Amit Gupta,Kolkata,Maharashtra,2024-02-18,Retail
CUS001930,Vikram Patel,Kolkata,Telangana,2025-01-18,Retail
CUS001931,Aditya Singh,Mumbai,West Bengal,2024-02-17,Enterprise
CUS001932,Kavya Singh,Lucknow,West Bengal,2022-03-12,Business
CUS001933,Ishita Kapoor,Kolkata,Karnataka,2025-06-10,Business
CUS001934,Arjun Sharma,Delhi,Uttar Pradesh,2025-10-14,Retail
CUS001935,Nikhil Joshi,Mumbai,Rajasthan,2023-01-07,Business
CUS001936,Neha Malhotra,Ahmedabad,Rajasthan,2025-08-31,Enterprise
CUS001937,Vivaan Verma,Lucknow,Maharashtra,2025-11-30,Enterprise
CUS001938,Vikram Jain,Kolkata,Telangana,2022-11-30,Retail
CUS001939,Ishita Malhotra,Chennai,Gujarat,2022-08-13,Enterprise
CUS001940,Rahul Patel,Bengaluru,West Bengal,2024-09-22,Retail
CUS001941,Aarav Mehta,Delhi,Gujarat,2022-03-31,Business
CUS001942,Rohan Singh,Chennai,Uttar Pradesh,2024-10-07,Retail
CUS001943,Karan Patel,Mumbai,Delhi,2022-10-13,Retail
CUS001944,Amit Malhotra,Pune,West Bengal,2024-10-13,Business
CUS001945,Aisha Sharma,Jaipur,Tamil Nadu,2025-07-24,Enterprise
CUS001946,Arjun Mehta,Kolkata,Maharashtra,2023-07-26,Business
CUS001947,Pooja Mehta,Mumbai,Maharashtra,2022-06-28,Business
CUS001948,Meera Joshi,Ahmedabad,Rajasthan,2023-05-14,Retail
CUS001949,Arjun Sharma,Delhi,Maharashtra,2025-03-14,Retail
CUS001950,Ananya Joshi,Jaipur,Tamil Nadu,2025-02-15,Business
CUS001951,Vikram Patel,Delhi,Uttar Pradesh,2024-04-26,Retail
CUS001952,Pooja Sharma,Bengaluru,Karnataka,2022-10-29,Business
CUS001953,Rahul Mehta,Pune,Tamil Nadu,2022-05-03,Enterprise
CUS001954,Aarav Patel,Jaipur,Telangana,2025-04-14,Enterprise
CUS001955,Aarav Verma,Delhi,Tamil Nadu,2023-05-15,Business
CUS001956,Ananya Singh,Kolkata,West Bengal,2024-09-07,Retail
CUS001957,Arjun Jain,Ahmedabad,Rajasthan,2025-07-21,Enterprise
CUS001958,Pooja Patel,Delhi,Delhi,2024-11-10,Retail
CUS001959,Aditya Joshi,Jaipur,Maharashtra,2025-03-05,Retail
CUS001960,Priya Mehta,Chennai,Karnataka,2023-06-22,Business
CUS001961,Vivaan Mehta,Pune,Tamil Nadu,2024-03-19,Retail
CUS001962,Ananya Gupta,Ahmedabad,West Bengal,2025-05-26,Retail
CUS001963,Rahul Joshi,Lucknow,Rajasthan,2024-04-12,Enterprise
CUS001964,Rohan Singh,Lucknow,Rajasthan,2023-08-13,Business
CUS001965,Aditya Mehta,Lucknow,Maharashtra,2024-05-04,Retail
CUS001966,Pooja Patel,Delhi,Maharashtra,2024-01-27,Business
CUS001967,Sneha Verma,Kolkata,Tamil Nadu,2023-09-14,Enterprise
CUS001968,Amit Gupta,Hyderabad,West Bengal,2024-11-13,Business
CUS001969,Sneha Malhotra,Jaipur,Uttar Pradesh,2025-05-12,Enterprise
CUS001970,Simran Jain,Kolkata,Tamil Nadu,2022-07-06,Enterprise
CUS001971,Vikram Gupta,Jaipur,Rajasthan,2025-06-16,Enterprise
CUS001972,Aditya Verma,Hyderabad,Telangana,2023-08-15,Enterprise
CUS001973,Nikhil Singh,Chennai,Tamil Nadu,2023-05-06,Enterprise
CUS001974,Ananya Gupta,Hyderabad,Karnataka,2023-11-18,Enterprise
CUS001975,Aisha Verma,Hyderabad,Uttar Pradesh,2024-05-18,Enterprise
CUS001976,Ananya Malhotra,Delhi,Telangana,2023-01-25,Enterprise
CUS001977,Meera Kapoor,Jaipur,Tamil Nadu,2023-02-23,Business
CUS001978,Simran Kapoor,Delhi,Maharashtra,2026-01-23,Enterprise
CUS001979,Ishita Singh,Bengaluru,Uttar Pradesh,2025-07-21,Business
CUS001980,Rohan Joshi,Chennai,Karnataka,2024-03-13,Business
CUS001981,Neha Malhotra,Kolkata,Rajasthan,2023-12-01,Retail
CUS001982,Neha Malhotra,Mumbai,Telangana,2022-09-12,Business
CUS001983,Pooja Mehta,Pune,Maharashtra,2023-01-22,Business
CUS001984,Vikram Joshi,Jaipur,Uttar Pradesh,2023-07-22,Enterprise
CUS001985,Simran Mehta,Bengaluru,Telangana,2022-04-15,Business
CUS001986,Vikram Malhotra,Mumbai,West Bengal,2024-06-14,Business
CUS001987,Kavya Patel,Delhi,Delhi,2022-09-09,Business
CUS001988,Vivaan Sharma,Mumbai,Telangana,2022-08-09,Enterprise
CUS001989,Pooja Verma,Delhi,Maharashtra,2025-11-07,Business
CUS001990,Ananya Sharma,Lucknow,Maharashtra,2022-01-21,Retail
CUS001991,Kavya Malhotra,Hyderabad,Telangana,2024-05-30,Retail
CUS001992,Priya Singh,Lucknow,Uttar Pradesh,2025-03-14,Business
CUS001993,Pooja Gupta,Bengaluru,Delhi,2022-02-17,Enterprise
CUS001994,Simran Gupta,Bengaluru,Delhi,2024-02-24,Retail
CUS001995,Pooja Malhotra,Pune,Delhi,2022-07-06,Enterprise
CUS001996,Amit Verma,Kolkata,Maharashtra,2022-07-15,Retail
CUS001997,Aisha Singh,Bengaluru,West Bengal,2025-06-02,Retail
CUS001998,Rohan Singh,Hyderabad,Maharashtra,2022-01-07,Retail
CUS001999,Ishita Mehta,Lucknow,Uttar Pradesh,2024-03-02,Business
CUS002000,Ananya Singh,Mumbai,Maharashtra,2024-04-16,Enterprise
CUS002001,Karan Joshi,Delhi,Gujarat,2025-06-13,Business
CUS002002,Aarav Kapoor,Hyderabad,Karnataka,2025-10-10,Business
CUS002003,Aisha Kapoor,Chennai,Tamil Nadu,2022-02-12,Business
CUS002004,Nikhil Malhotra,Ahmedabad,West Bengal,2025-05-27,Retail
CUS002005,Meera Jain,Mumbai,Uttar Pradesh,2025-12-02,Enterprise
CUS002006,Sneha Jain,Ahmedabad,Karnataka,2023-03-23,Business
CUS002007,Meera Mehta,Hyderabad,Karnataka,2026-01-04,Business
CUS002008,Priya Mehta,Lucknow,West Bengal,2022-02-19,Enterprise
CUS002009,Simran Singh,Mumbai,West Bengal,2025-12-31,Retail
CUS002010,Sneha Malhotra,Chennai,Tamil Nadu,2024-02-20,Retail
CUS002011,Vikram Mehta,Kolkata,Gujarat,2022-07-03,Business
CUS002012,Neha Gupta,Bengaluru,Telangana,2024-01-21,Business
CUS002013,Vikram Jain,Delhi,Karnataka,2025-04-14,Enterprise
CUS002014,Nikhil Malhotra,Jaipur,Karnataka,2022-03-16,Business
CUS002015,Meera Sharma,Bengaluru,Maharashtra,2025-12-19,Retail
CUS002016,Aditya Malhotra,Jaipur,Maharashtra,2023-05-28,Retail
CUS002017,Nikhil Verma,Kolkata,Delhi,2023-08-24,Retail
CUS002018,Aisha Verma,Delhi,Karnataka,2024-04-18,Business
CUS002019,Rohan Kapoor,Mumbai,Karnataka,2022-07-08,Enterprise
CUS002020,Vivaan Malhotra,Delhi,Telangana,2025-01-27,Business
CUS002021,Aisha Jain,Bengaluru,Maharashtra,2023-02-05,Enterprise
CUS002022,Aditya Patel,Mumbai,Telangana,2023-01-02,Enterprise
CUS002023,Arjun Joshi,Jaipur,Tamil Nadu,2026-01-21,Retail
CUS002024,Rahul Kapoor,Delhi,Karnataka,2022-01-18,Business
CUS002025,Rohan Verma,Jaipur,Maharashtra,2024-10-22,Enterprise
CUS002026,Vivaan Mehta,Delhi,Delhi,2022-04-10,Business
CUS002027,Rahul Jain,Bengaluru,Uttar Pradesh,2024-01-23,Enterprise
CUS002028,Neha Joshi,Bengaluru,West Bengal,2022-12-25,Enterprise
CUS002029,Arjun Singh,Delhi,Uttar Pradesh,2022-03-28,Retail
CUS002030,Sneha Jain,Pune,Telangana,2024-08-01,Enterprise
CUS002031,Vikram Mehta,Jaipur,Rajasthan,2026-01-27,Business
CUS002032,Nikhil Joshi,Jaipur,Tamil Nadu,2025-05-25,Enterprise
CUS002033,Sneha Verma,Jaipur,Gujarat,2022-12-08,Enterprise
CUS002034,Vikram Jain,Pune,Karnataka,2022-05-31,Enterprise
CUS002035,Meera Verma,Mumbai,Uttar Pradesh,2024-04-24,Business
CUS002036,Sneha Verma,Chennai,Maharashtra,2023-10-07,Business
CUS002037,Ananya Sharma,Bengaluru,Gujarat,2025-07-31,Retail
CUS002038,Karan Malhotra,Delhi,Telangana,2024-03-22,Retail
CUS002039,Rahul Sharma,Bengaluru,West Bengal,2023-06-02,Business
CUS002040,Sneha Joshi,Kolkata,Tamil Nadu,2023-02-24,Business
CUS002041,Rahul Mehta,Pune,Karnataka,2022-10-26,Enterprise
CUS002042,Arjun Verma,Chennai,Maharashtra,2023-12-19,Business
CUS002043,Sneha Mehta,Mumbai,Uttar Pradesh,2023-08-26,Business
CUS002044,Nikhil Kapoor,Kolkata,Maharashtra,2024-09-08,Retail
CUS002045,Meera Gupta,Bengaluru,Telangana,2024-11-03,Retail
CUS002046,Aarav Patel,Delhi,Rajasthan,2023-07-07,Retail
CUS002047,Aarav Kapoor,Bengaluru,Rajasthan,2024-01-31,Retail
CUS002048,Karan Mehta,Chennai,Uttar Pradesh,2024-07-31,Business
CUS002049,Amit Gupta,Hyderabad,Tamil Nadu,2022-04-15,Enterprise
CUS002050,Simran Patel,Kolkata,West Bengal,2024-06-06,Enterprise
CUS002051,Vivaan Kapoor,Lucknow,Rajasthan,2022-05-18,Retail
CUS002052,Sneha Gupta,Kolkata,Telangana,2022-10-22,Retail
CUS002053,Ananya Patel,Lucknow,Gujarat,2023-07-19,Business
CUS002054,Priya Sharma,Pune,Telangana,2022-01-25,Retail
CUS002055,Ananya Mehta,Lucknow,Karnataka,2024-05-05,Retail
CUS002056,Aisha Kapoor,Lucknow,Telangana,2023-03-08,Retail
CUS002057,Aditya Jain,Pune,Telangana,2026-01-29,Business
CUS002058,Aditya Singh,Kolkata,Delhi,2025-10-09,Business
CUS002059,Arjun Patel,Kolkata,Tamil Nadu,2025-06-17,Enterprise
CUS002060,Meera Joshi,Hyderabad,Uttar Pradesh,2025-02-17,Enterprise
CUS002061,Kavya Gupta,Jaipur,Delhi,2025-09-29,Enterprise
CUS002062,Simran Kapoor,Hyderabad,Uttar Pradesh,2023-05-18,Retail
CUS002063,Aarav Mehta,Kolkata,Telangana,2023-11-04,Enterprise
CUS002064,Ishita Joshi,Ahmedabad,Maharashtra,2025-04-26,Business
CUS002065,Neha Patel,Delhi,Rajasthan,2023-04-03,Retail
CUS002066,Priya Joshi,Delhi,Maharashtra,2025-11-29,Enterprise
CUS002067,Nikhil Gupta,Ahmedabad,Gujarat,2024-05-08,Enterprise
CUS002068,Kavya Verma,Mumbai,Karnataka,2022-11-29,Enterprise
CUS002069,Vikram Patel,Chennai,Maharashtra,2024-06-11,Business
CUS002070,Aisha Jain,Ahmedabad,West Bengal,2022-03-04,Business
CUS002071,Meera Patel,Hyderabad,Karnataka,2024-09-23,Business
CUS002072,Sneha Malhotra,Bengaluru,Gujarat,2024-05-30,Retail
CUS002073,Ishita Singh,Lucknow,Delhi,2023-11-20,Retail
CUS002074,Amit Gupta,Lucknow,Gujarat,2022-06-19,Retail
CUS002075,Aditya Patel,Pune,Delhi,2025-01-11,Business
CUS002076,Vikram Patel,Delhi,Maharashtra,2022-01-05,Business
CUS002077,Rohan Sharma,Delhi,Telangana,2024-01-22,Enterprise
CUS002078,Meera Malhotra,Mumbai,Maharashtra,2022-12-05,Business
CUS002079,Kavya Patel,Pune,Uttar Pradesh,2022-06-18,Retail
CUS002080,Amit Sharma,Bengaluru,Delhi,2024-03-11,Business
CUS002081,Arjun Verma,Lucknow,Telangana,2025-06-14,Enterprise
CUS002082,Aditya Malhotra,Hyderabad,Delhi,2022-05-14,Business
CUS002083,Amit Verma,Delhi,Rajasthan,2022-07-16,Business
CUS002084,Amit Singh,Hyderabad,Maharashtra,2024-03-16,Business
CUS002085,Rohan Joshi,Kolkata,Tamil Nadu,2024-11-08,Business
CUS002086,Ishita Mehta,Ahmedabad,Karnataka,2023-09-26,Enterprise
CUS002087,Kavya Singh,Bengaluru,West Bengal,2022-11-01,Enterprise
CUS002088,Rahul Sharma,Mumbai,Maharashtra,2025-04-18,Retail
CUS002089,Rahul Patel,Kolkata,Delhi,2022-11-02,Enterprise
CUS002090,Aditya Verma,Chennai,Tamil Nadu,2025-04-01,Retail
CUS002091,Vikram Mehta,Ahmedabad,Maharashtra,2025-08-12,Enterprise
CUS002092,Pooja Malhotra,Hyderabad,Karnataka,2024-08-27,Enterprise
CUS002093,Vivaan Gupta,Delhi,Gujarat,2023-01-28,Business
CUS002094,Aditya Sharma,Pune,Telangana,2024-03-08,Retail
CUS002095,Vikram Joshi,Ahmedabad,Tamil Nadu,2024-07-09,Retail
CUS002096,Kavya Mehta,Chennai,Uttar Pradesh,2025-12-04,Retail
CUS002097,Aarav Jain,Hyderabad,Gujarat,2022-07-10,Business
CUS002098,Kavya Jain,Pune,Delhi,2023-05-07,Enterprise
CUS002099,Amit Joshi,Hyderabad,Karnataka,2026-01-16,Retail
CUS002100,Aisha Sharma,Pune,Tamil Nadu,2025-12-27,Business
CUS002101,Amit Gupta,Chennai,Maharashtra,2022-08-03,Business
CUS002102,Nikhil Singh,Bengaluru,Delhi,2023-11-12,Enterprise
CUS002103,Nikhil Verma,Jaipur,Gujarat,2024-12-18,Enterprise
CUS002104,Amit Malhotra,Bengaluru,Gujarat,2026-02-06,Retail
CUS002105,Karan Malhotra,Jaipur,Telangana,2025-01-08,Business
CUS002106,Vivaan Verma,Chennai,Maharashtra,2024-04-14,Enterprise
CUS002107,Aditya Joshi,Ahmedabad,West Bengal,2025-05-31,Enterprise
CUS002108,Priya Gupta,Lucknow,Karnataka,2024-07-09,Business
CUS002109,Ishita Sharma,Bengaluru,Uttar Pradesh,2023-06-05,Business
CUS002110,Neha Sharma,Jaipur,Karnataka,2022-03-25,Retail
CUS002111,Karan Singh,Ahmedabad,Maharashtra,2024-05-30,Retail
CUS002112,Aditya Verma,Jaipur,Rajasthan,2024-05-03,Retail
CUS002113,Nikhil Verma,Lucknow,Maharashtra,2024-10-14,Enterprise
CUS002114,Ananya Kapoor,Jaipur,Telangana,2022-08-26,Retail
CUS002115,Sneha Kapoor,Chennai,Delhi,2025-01-21,Enterprise
CUS002116,Ananya Sharma,Ahmedabad,Maharashtra,2023-11-05,Enterprise
CUS002117,Priya Joshi,Pune,Maharashtra,2022-09-23,Enterprise
CUS002118,Neha Jain,Hyderabad,Telangana,2024-05-01,Retail
CUS002119,Aisha Singh,Delhi,Tamil Nadu,2022-07-19,Business
CUS002120,Ishita Kapoor,Jaipur,Maharashtra,2022-06-06,Retail
CUS002121,Arjun Sharma,Bengaluru,Maharashtra,2023-07-08,Retail
CUS002122,Arjun Joshi,Chennai,Maharashtra,2024-10-21,Enterprise
CUS002123,Karan Kapoor,Mumbai,West Bengal,2025-09-30,Enterprise
CUS002124,Neha Patel,Chennai,Maharashtra,2023-12-25,Retail
CUS002125,Sneha Singh,Jaipur,Telangana,2026-01-25,Retail
CUS002126,Amit Patel,Mumbai,Delhi,2022-10-26,Business
CUS002127,Rohan Kapoor,Jaipur,Karnataka,2024-09-07,Enterprise
CUS002128,Meera Sharma,Chennai,Gujarat,2024-06-04,Retail
CUS002129,Nikhil Mehta,Bengaluru,Delhi,2023-01-25,Enterprise
CUS002130,Vikram Malhotra,Mumbai,Karnataka,2025-09-07,Business
CUS002131,Pooja Joshi,Ahmedabad,Tamil Nadu,2025-08-08,Business
CUS002132,Ananya Sharma,Pune,West Bengal,2023-01-21,Retail
CUS002133,Simran Gupta,Pune,Tamil Nadu,2025-08-21,Business
CUS002134,Aisha Sharma,Chennai,West Bengal,2022-06-24,Retail
CUS002135,Arjun Malhotra,Jaipur,Rajasthan,2022-08-27,Enterprise
CUS002136,Rahul Joshi,Kolkata,Rajasthan,2025-02-03,Enterprise
CUS002137,Kavya Patel,Lucknow,Maharashtra,2025-07-30,Business
CUS002138,Priya Verma,Jaipur,Gujarat,2023-08-24,Retail
CUS002139,Arjun Sharma,Hyderabad,Delhi,2025-11-26,Business
CUS002140,Sneha Jain,Hyderabad,Tamil Nadu,2024-04-23,Retail
CUS002141,Nikhil Gupta,Mumbai,West Bengal,2023-09-24,Enterprise
CUS002142,Ishita Mehta,Pune,Maharashtra,2023-08-07,Business
CUS002143,Rohan Patel,Delhi,Rajasthan,2025-05-19,Enterprise
CUS002144,Arjun Gupta,Mumbai,Maharashtra,2023-06-26,Business
CUS002145,Kavya Patel,Delhi,Uttar Pradesh,2023-03-11,Enterprise
CUS002146,Aditya Singh,Pune,Telangana,2023-09-30,Enterprise
CUS002147,Pooja Patel,Jaipur,Uttar Pradesh,2025-11-15,Enterprise
CUS002148,Ishita Kapoor,Hyderabad,Maharashtra,2024-04-06,Retail
CUS002149,Ishita Mehta,Mumbai,Tamil Nadu,2023-07-06,Enterprise
CUS002150,Vivaan Jain,Mumbai,Maharashtra,2025-04-19,Retail
CUS002151,Arjun Joshi,Pune,West Bengal,2024-01-10,Business
CUS002152,Pooja Patel,Hyderabad,Delhi,2025-04-25,Enterprise
CUS002153,Priya Patel,Chennai,Delhi,2023-01-15,Enterprise
CUS002154,Simran Patel,Pune,West Bengal,2023-03-24,Enterprise
CUS002155,Rahul Jain,Jaipur,Karnataka,2024-04-15,Retail
CUS002156,Nikhil Verma,Lucknow,Karnataka,2024-10-05,Enterprise
CUS002157,Priya Sharma,Ahmedabad,Karnataka,2025-06-09,Enterprise
CUS002158,Sneha Singh,Jaipur,Telangana,2023-12-07,Retail
CUS002159,Sneha Malhotra,Ahmedabad,Uttar Pradesh,2023-08-13,Business
CUS002160,Priya Malhotra,Mumbai,Gujarat,2023-06-07,Enterprise
CUS002161,Amit Joshi,Pune,Maharashtra,2024-04-10,Enterprise
CUS002162,Ananya Verma,Delhi,Uttar Pradesh,2023-01-13,Enterprise
CUS002163,Simran Patel,Bengaluru,Delhi,2025-12-27,Retail
CUS002164,Priya Singh,Pune,Maharashtra,2025-11-01,Business
CUS002165,Rahul Singh,Hyderabad,Maharashtra,2025-03-22,Retail
CUS002166,Ananya Patel,Pune,Gujarat,2022-08-08,Business
CUS002167,Ananya Joshi,Delhi,Delhi,2026-01-23,Enterprise
CUS002168,Arjun Gupta,Chennai,Gujarat,2024-02-15,Enterprise
CUS002169,Nikhil Verma,Kolkata,Karnataka,2025-07-24,Retail
CUS002170,Ananya Mehta,Chennai,Karnataka,2025-09-25,Enterprise
CUS002171,Priya Joshi,Kolkata,Telangana,2024-06-14,Retail
CUS002172,Neha Sharma,Ahmedabad,West Bengal,2022-11-21,Retail
CUS002173,Vivaan Joshi,Jaipur,Telangana,2023-02-22,Business
CUS002174,Arjun Verma,Delhi,Telangana,2023-07-27,Retail
CUS002175,Aisha Sharma,Kolkata,Rajasthan,2022-05-14,Enterprise
CUS002176,Karan Gupta,Hyderabad,Karnataka,2024-07-09,Retail
CUS002177,Neha Joshi,Ahmedabad,Telangana,2022-11-25,Business
CUS002178,Priya Joshi,Delhi,Maharashtra,2023-04-26,Enterprise
CUS002179,Vikram Mehta,Bengaluru,Rajasthan,2024-11-09,Enterprise
CUS002180,Rahul Patel,Hyderabad,Tamil Nadu,2024-12-05,Business
CUS002181,Arjun Verma,Jaipur,Telangana,2024-04-06,Retail
CUS002182,Aditya Malhotra,Mumbai,Karnataka,2023-08-03,Business
CUS002183,Priya Kapoor,Lucknow,Uttar Pradesh,2024-12-21,Retail
CUS002184,Vikram Kapoor,Pune,Delhi,2022-02-10,Business
CUS002185,Pooja Mehta,Lucknow,Tamil Nadu,2022-01-03,Business
CUS002186,Ananya Jain,Mumbai,Telangana,2026-01-16,Business
CUS002187,Neha Verma,Lucknow,Karnataka,2025-07-11,Business
CUS002188,Amit Malhotra,Lucknow,Tamil Nadu,2022-07-16,Business
CUS002189,Vikram Malhotra,Bengaluru,Karnataka,2023-10-28,Retail
CUS002190,Kavya Gupta,Kolkata,Karnataka,2024-12-26,Business
CUS002191,Vikram Singh,Ahmedabad,Rajasthan,2022-02-03,Enterprise
CUS002192,Aditya Patel,Lucknow,Delhi,2023-04-19,Business
CUS002193,Vivaan Singh,Kolkata,Gujarat,2024-12-31,Enterprise
CUS002194,Aditya Patel,Jaipur,West Bengal,2026-01-11,Retail
CUS002195,Priya Singh,Bengaluru,Tamil Nadu,2022-07-18,Retail
CUS002196,Neha Sharma,Lucknow,Gujarat,2022-09-04,Business
CUS002197,Simran Joshi,Bengaluru,Maharashtra,2023-11-29,Retail
CUS002198,Amit Patel,Mumbai,Telangana,2025-05-10,Enterprise
CUS002199,Priya Sharma,Kolkata,Telangana,2025-01-13,Retail
CUS002200,Aarav Joshi,Bengaluru,Gujarat,2023-11-09,Retail
CUS002201,Aditya Kapoor,Lucknow,Karnataka,2025-03-24,Business
CUS002202,Aarav Mehta,Chennai,Tamil Nadu,2024-07-15,Enterprise
CUS002203,Rohan Sharma,Mumbai,Uttar Pradesh,2022-02-13,Enterprise
CUS002204,Neha Singh,Delhi,Delhi,2023-04-25,Enterprise
CUS002205,Vivaan Jain,Bengaluru,Karnataka,2023-02-09,Retail
CUS002206,Ishita Joshi,Pune,West Bengal,2023-04-08,Enterprise
CUS002207,Rahul Sharma,Mumbai,Karnataka,2024-01-21,Enterprise
CUS002208,Ishita Mehta,Delhi,Maharashtra,2022-11-22,Business
CUS002209,Sneha Sharma,Delhi,Tamil Nadu,2022-03-13,Enterprise
CUS002210,Rohan Mehta,Mumbai,Maharashtra,2022-11-19,Retail
CUS002211,Aditya Jain,Ahmedabad,Maharashtra,2024-06-09,Retail
CUS002212,Rohan Verma,Jaipur,Rajasthan,2025-10-18,Enterprise
CUS002213,Simran Malhotra,Chennai,West Bengal,2022-11-19,Enterprise
CUS002214,Pooja Malhotra,Bengaluru,West Bengal,2024-05-20,Retail
CUS002215,Amit Joshi,Hyderabad,Tamil Nadu,2023-06-17,Enterprise
CUS002216,Ananya Sharma,Bengaluru,Gujarat,2023-08-29,Business
CUS002217,Pooja Joshi,Mumbai,Uttar Pradesh,2022-08-25,Enterprise
CUS002218,Rahul Sharma,Bengaluru,Rajasthan,2022-08-20,Enterprise
CUS002219,Vikram Mehta,Lucknow,Delhi,2022-04-19,Enterprise
CUS002220,Rohan Kapoor,Bengaluru,Delhi,2023-05-08,Retail
CUS002221,Nikhil Malhotra,Jaipur,Maharashtra,2023-05-10,Enterprise
CUS002222,Pooja Patel,Chennai,Rajasthan,2025-01-05,Retail
CUS002223,Neha Verma,Chennai,Rajasthan,2022-10-06,Retail
CUS002224,Vivaan Mehta,Kolkata,Karnataka,2022-10-14,Retail
CUS002225,Aditya Kapoor,Delhi,Uttar Pradesh,2024-06-24,Retail
CUS002226,Aisha Kapoor,Mumbai,Tamil Nadu,2024-08-01,Retail
CUS002227,Neha Gupta,Pune,Maharashtra,2022-01-24,Retail
CUS002228,Aarav Sharma,Mumbai,Tamil Nadu,2022-12-04,Enterprise
CUS002229,Simran Patel,Mumbai,Karnataka,2024-09-11,Retail
CUS002230,Karan Kapoor,Chennai,Maharashtra,2025-07-15,Enterprise
CUS002231,Amit Sharma,Delhi,Tamil Nadu,2023-10-03,Business
CUS002232,Arjun Kapoor,Hyderabad,Telangana,2023-06-19,Retail
CUS002233,Aditya Kapoor,Delhi,Uttar Pradesh,2025-09-30,Enterprise
CUS002234,Pooja Joshi,Hyderabad,West Bengal,2024-12-05,Retail
CUS002235,Rahul Jain,Hyderabad,Rajasthan,2025-06-27,Retail
CUS002236,Kavya Mehta,Kolkata,Maharashtra,2024-11-04,Business
CUS002237,Karan Sharma,Pune,Uttar Pradesh,2022-04-11,Retail
CUS002238,Neha Singh,Ahmedabad,Tamil Nadu,2025-07-27,Business
CUS002239,Aditya Gupta,Jaipur,Telangana,2024-12-21,Retail
CUS002240,Sneha Mehta,Lucknow,Maharashtra,2023-04-28,Business
CUS002241,Rahul Verma,Jaipur,Karnataka,2023-10-21,Business
CUS002242,Vivaan Gupta,Hyderabad,Delhi,2025-03-27,Business
CUS002243,Vivaan Kapoor,Pune,West Bengal,2022-04-19,Business
CUS002244,Ananya Singh,Ahmedabad,Uttar Pradesh,2025-06-11,Enterprise
CUS002245,Karan Malhotra,Chennai,Maharashtra,2025-07-02,Enterprise
CUS002246,Nikhil Jain,Delhi,Maharashtra,2022-05-05,Business
CUS002247,Vivaan Patel,Ahmedabad,Telangana,2024-12-18,Retail
CUS002248,Pooja Kapoor,Pune,Telangana,2025-07-05,Enterprise
CUS002249,Neha Jain,Jaipur,West Bengal,2024-10-17,Retail
CUS002250,Nikhil Singh,Ahmedabad,Karnataka,2024-12-18,Enterprise
CUS002251,Aditya Mehta,Hyderabad,Karnataka,2022-11-14,Enterprise
CUS002252,Aditya Jain,Ahmedabad,Uttar Pradesh,2025-10-20,Business
CUS002253,Rohan Kapoor,Lucknow,Telangana,2024-04-14,Business
CUS002254,Rohan Sharma,Bengaluru,Gujarat,2026-01-08,Retail
CUS002255,Meera Kapoor,Ahmedabad,Karnataka,2022-08-02,Business
CUS002256,Neha Patel,Kolkata,Maharashtra,2024-03-10,Business
CUS002257,Sneha Jain,Chennai,Tamil Nadu,2023-08-19,Retail
CUS002258,Rohan Mehta,Bengaluru,Tamil Nadu,2023-11-28,Enterprise
CUS002259,Rohan Verma,Bengaluru,Maharashtra,2025-10-01,Retail
CUS002260,Vikram Mehta,Hyderabad,Gujarat,2023-07-28,Business
CUS002261,Nikhil Malhotra,Jaipur,Rajasthan,2022-02-16,Retail
CUS002262,Arjun Gupta,Bengaluru,Rajasthan,2025-11-29,Enterprise
CUS002263,Nikhil Jain,Hyderabad,Tamil Nadu,2026-01-25,Retail
CUS002264,Karan Malhotra,Pune,Tamil Nadu,2022-03-18,Business
CUS002265,Vivaan Verma,Bengaluru,Karnataka,2023-03-19,Retail
CUS002266,Meera Singh,Jaipur,Telangana,2025-04-17,Business
CUS002267,Arjun Mehta,Bengaluru,Delhi,2022-07-29,Retail
CUS002268,Arjun Malhotra,Kolkata,Rajasthan,2024-08-13,Enterprise
CUS002269,Arjun Kapoor,Pune,Uttar Pradesh,2023-02-11,Retail
CUS002270,Simran Patel,Bengaluru,West Bengal,2023-03-20,Retail
CUS002271,Sneha Gupta,Bengaluru,Maharashtra,2024-04-12,Retail
CUS002272,Aditya Patel,Lucknow,Rajasthan,2024-10-14,Business
CUS002273,Sneha Patel,Kolkata,Rajasthan,2024-04-13,Enterprise
CUS002274,Nikhil Sharma,Pune,Delhi,2023-03-04,Retail
CUS002275,Aarav Malhotra,Mumbai,Tamil Nadu,2024-04-29,Retail
CUS002276,Pooja Jain,Lucknow,Rajasthan,2022-01-27,Retail
CUS002277,Sneha Gupta,Kolkata,West Bengal,2023-06-25,Enterprise
CUS002278,Ishita Malhotra,Mumbai,Gujarat,2022-01-07,Enterprise
CUS002279,Ananya Mehta,Chennai,Uttar Pradesh,2023-12-10,Retail
CUS002280,Vivaan Patel,Hyderabad,Uttar Pradesh,2022-05-26,Retail
CUS002281,Nikhil Malhotra,Hyderabad,Maharashtra,2025-01-09,Business
CUS002282,Priya Singh,Ahmedabad,Rajasthan,2024-09-04,Business
CUS002283,Aarav Malhotra,Delhi,Gujarat,2023-02-03,Retail
CUS002284,Rohan Singh,Lucknow,Uttar Pradesh,2024-11-01,Retail
CUS002285,Aditya Singh,Kolkata,Telangana,2023-11-18,Business
CUS002286,Aisha Patel,Mumbai,Telangana,2022-03-16,Enterprise
CUS002287,Ishita Jain,Jaipur,Rajasthan,2024-04-14,Enterprise
CUS002288,Vivaan Gupta,Pune,Tamil Nadu,2023-05-02,Business
CUS002289,Sneha Mehta,Ahmedabad,Maharashtra,2024-11-29,Enterprise
CUS002290,Arjun Patel,Delhi,Gujarat,2022-02-06,Retail
CUS002291,Ananya Sharma,Jaipur,Karnataka,2024-01-10,Business
CUS002292,Sneha Malhotra,Mumbai,Maharashtra,2024-03-02,Retail
CUS002293,Karan Patel,Chennai,Karnataka,2022-07-24,Retail
CUS002294,Ananya Verma,Chennai,Tamil Nadu,2022-04-17,Business
CUS002295,Nikhil Kapoor,Delhi,Gujarat,2025-03-17,Retail
CUS002296,Vikram Joshi,Ahmedabad,Rajasthan,2025-08-12,Retail
CUS002297,Amit Singh,Jaipur,Telangana,2023-08-18,Enterprise
CUS002298,Vivaan Patel,Bengaluru,Telangana,2025-02-09,Retail
CUS002299,Nikhil Joshi,Bengaluru,Tamil Nadu,2023-09-04,Retail
CUS002300,Vikram Kapoor,Jaipur,Delhi,2024-04-14,Retail
CUS002301,Ananya Singh,Chennai,Uttar Pradesh,2026-01-22,Retail
CUS002302,Vivaan Patel,Chennai,West Bengal,2025-11-16,Enterprise
CUS002303,Aarav Malhotra,Pune,Rajasthan,2024-01-25,Enterprise
CUS002304,Simran Patel,Hyderabad,Telangana,2025-03-21,Retail
CUS002305,Aarav Joshi,Hyderabad,Uttar Pradesh,2022-12-06,Business
CUS002306,Amit Malhotra,Lucknow,Gujarat,2025-07-02,Enterprise
CUS002307,Sneha Verma,Jaipur,Uttar Pradesh,2025-05-14,Enterprise
CUS002308,Karan Patel,Jaipur,Telangana,2022-10-25,Enterprise
CUS002309,Meera Malhotra,Ahmedabad,Uttar Pradesh,2023-05-24,Retail
CUS002310,Kavya Malhotra,Mumbai,Telangana,2022-02-13,Enterprise
CUS002311,Ishita Malhotra,Lucknow,Karnataka,2022-12-25,Retail
CUS002312,Arjun Jain,Bengaluru,Telangana,2022-10-17,Business
CUS002313,Sneha Malhotra,Jaipur,Maharashtra,2024-04-15,Enterprise
CUS002314,Aarav Kapoor,Kolkata,Delhi,2024-03-26,Enterprise
CUS002315,Arjun Joshi,Ahmedabad,Maharashtra,2025-08-07,Business
CUS002316,Rohan Singh,Hyderabad,Rajasthan,2026-01-23,Retail
CUS002317,Nikhil Malhotra,Bengaluru,Tamil Nadu,2025-10-04,Enterprise
CUS002318,Amit Gupta,Bengaluru,Rajasthan,2022-10-11,Enterprise
CUS002319,Pooja Sharma,Hyderabad,Maharashtra,2023-12-07,Business
CUS002320,Arjun Jain,Lucknow,Uttar Pradesh,2024-06-08,Business
CUS002321,Aarav Kapoor,Delhi,Gujarat,2025-04-24,Business
CUS002322,Pooja Jain,Ahmedabad,Telangana,2022-07-11,Enterprise
CUS002323,Sneha Malhotra,Ahmedabad,Tamil Nadu,2024-04-13,Enterprise
CUS002324,Aditya Singh,Pune,Rajasthan,2024-09-13,Business
CUS002325,Arjun Jain,Bengaluru,Rajasthan,2023-10-05,Enterprise
CUS002326,Kavya Patel,Hyderabad,Karnataka,2023-07-01,Business
CUS002327,Pooja Jain,Bengaluru,Uttar Pradesh,2023-09-29,Enterprise
CUS002328,Neha Sharma,Pune,Delhi,2024-09-06,Retail
CUS002329,Aarav Sharma,Jaipur,Gujarat,2025-05-14,Business
CUS002330,Sneha Patel,Pune,Maharashtra,2024-03-03,Enterprise
CUS002331,Ananya Patel,Mumbai,Karnataka,2025-06-07,Business
CUS002332,Aarav Sharma,Mumbai,Gujarat,2024-12-16,Retail
CUS002333,Amit Verma,Mumbai,Telangana,2025-07-13,Enterprise
CUS002334,Aditya Gupta,Pune,West Bengal,2024-04-15,Retail
CUS002335,Nikhil Singh,Lucknow,West Bengal,2025-08-07,Business
CUS002336,Rahul Sharma,Chennai,Karnataka,2025-07-29,Business
CUS002337,Neha Sharma,Kolkata,West Bengal,2024-06-25,Enterprise
CUS002338,Ishita Mehta,Delhi,Maharashtra,2026-01-02,Business
CUS002339,Rahul Mehta,Ahmedabad,Delhi,2025-05-06,Retail
CUS002340,Meera Sharma,Jaipur,Maharashtra,2024-10-04,Enterprise
CUS002341,Vikram Mehta,Pune,Delhi,2025-03-03,Enterprise
CUS002342,Amit Patel,Hyderabad,Maharashtra,2024-03-24,Enterprise
CUS002343,Pooja Verma,Mumbai,Karnataka,2023-02-11,Retail
CUS002344,Karan Singh,Mumbai,Delhi,2023-10-06,Business
CUS002345,Rohan Singh,Chennai,Gujarat,2022-08-11,Business
CUS002346,Pooja Patel,Kolkata,Maharashtra,2023-02-24,Retail
CUS002347,Arjun Patel,Lucknow,Delhi,2022-01-01,Business
CUS002348,Arjun Singh,Ahmedabad,Karnataka,2024-11-17,Enterprise
CUS002349,Kavya Jain,Kolkata,West Bengal,2025-01-23,Enterprise
CUS002350,Meera Mehta,Mumbai,Karnataka,2023-03-23,Business
CUS002351,Aditya Kapoor,Hyderabad,Telangana,2023-06-26,Enterprise
CUS002352,Vivaan Jain,Lucknow,Tamil Nadu,2022-04-08,Retail
CUS002353,Sneha Verma,Jaipur,Maharashtra,2022-07-13,Business
CUS002354,Neha Verma,Pune,Karnataka,2024-07-14,Retail
CUS002355,Neha Patel,Ahmedabad,West Bengal,2024-12-30,Retail
CUS002356,Rahul Joshi,Kolkata,Rajasthan,2022-12-15,Retail
CUS002357,Aditya Sharma,Delhi,Maharashtra,2024-10-03,Enterprise
CUS002358,Pooja Jain,Mumbai,Karnataka,2023-06-19,Enterprise
CUS002359,Aisha Jain,Lucknow,Rajasthan,2023-11-28,Enterprise
CUS002360,Vikram Malhotra,Kolkata,Karnataka,2024-05-22,Retail
CUS002361,Pooja Singh,Mumbai,Rajasthan,2022-12-29,Enterprise
CUS002362,Kavya Mehta,Pune,Tamil Nadu,2023-04-14,Enterprise
CUS002363,Karan Sharma,Kolkata,Uttar Pradesh,2025-01-20,Enterprise
CUS002364,Aisha Mehta,Mumbai,West Bengal,2024-09-06,Enterprise
CUS002365,Vivaan Mehta,Kolkata,Karnataka,2024-04-09,Enterprise
CUS002366,Rahul Sharma,Chennai,Maharashtra,2024-02-10,Enterprise
CUS002367,Rahul Patel,Delhi,Delhi,2023-04-04,Enterprise
CUS002368,Meera Gupta,Delhi,Maharashtra,2024-03-16,Enterprise
CUS002369,Meera Sharma,Chennai,Rajasthan,2024-07-05,Retail
CUS002370,Neha Mehta,Lucknow,Delhi,2026-02-09,Retail
CUS002371,Nikhil Jain,Mumbai,Uttar Pradesh,2022-10-12,Business
CUS002372,Simran Mehta,Kolkata,Uttar Pradesh,2022-03-22,Enterprise
CUS002373,Simran Kapoor,Hyderabad,Karnataka,2024-05-30,Enterprise
CUS002374,Amit Kapoor,Hyderabad,Rajasthan,2022-02-03,Retail
CUS002375,Rahul Sharma,Chennai,Maharashtra,2025-05-24,Enterprise
CUS002376,Priya Kapoor,Ahmedabad,Uttar Pradesh,2026-01-07,Enterprise
CUS002377,Neha Kapoor,Hyderabad,Delhi,2023-09-03,Enterprise
CUS002378,Kavya Malhotra,Jaipur,Rajasthan,2025-07-13,Retail
CUS002379,Aditya Verma,Chennai,West Bengal,2025-07-06,Enterprise
CUS002380,Nikhil Joshi,Pune,West Bengal,2022-07-07,Business
CUS002381,Rohan Singh,Jaipur,Gujarat,2024-07-05,Business
CUS002382,Vikram Singh,Jaipur,Delhi,2022-02-23,Enterprise
CUS002383,Karan Verma,Ahmedabad,Maharashtra,2025-06-11,Retail
CUS002384,Karan Joshi,Lucknow,Rajasthan,2024-10-05,Business
CUS002385,Pooja Jain,Lucknow,Uttar Pradesh,2024-06-12,Enterprise
CUS002386,Vikram Jain,Delhi,Tamil Nadu,2024-11-23,Enterprise
CUS002387,Ananya Joshi,Pune,Rajasthan,2023-10-14,Enterprise
CUS002388,Nikhil Sharma,Ahmedabad,Delhi,2025-10-29,Enterprise
CUS002389,Priya Gupta,Pune,Telangana,2022-03-03,Enterprise
CUS002390,Meera Mehta,Ahmedabad,Uttar Pradesh,2023-11-11,Enterprise
CUS002391,Karan Malhotra,Pune,Maharashtra,2025-10-10,Retail
CUS002392,Rohan Verma,Jaipur,Delhi,2023-12-03,Business
CUS002393,Neha Verma,Delhi,Rajasthan,2024-03-16,Business
CUS002394,Simran Mehta,Bengaluru,Delhi,2023-12-24,Enterprise
CUS002395,Ishita Jain,Bengaluru,Delhi,2025-10-31,Enterprise
CUS002396,Simran Verma,Ahmedabad,Karnataka,2023-02-03,Enterprise
CUS002397,Simran Patel,Chennai,Gujarat,2022-12-03,Business
CUS002398,Aditya Gupta,Delhi,Rajasthan,2023-11-23,Enterprise
CUS002399,Vikram Jain,Chennai,Gujarat,2022-12-10,Enterprise
CUS002400,Rohan Mehta,Lucknow,Karnataka,2025-11-23,Retail
CUS002401,Kavya Kapoor,Lucknow,Tamil Nadu,2022-07-29,Retail
CUS002402,Nikhil Patel,Jaipur,Gujarat,2024-01-27,Business
CUS002403,Aarav Joshi,Jaipur,Telangana,2024-03-02,Enterprise
CUS002404,Kavya Sharma,Lucknow,Tamil Nadu,2024-09-25,Enterprise
CUS002405,Ishita Verma,Bengaluru,Maharashtra,2023-02-02,Business
CUS002406,Amit Patel,Jaipur,Uttar Pradesh,2022-06-02,Retail
CUS002407,Vikram Malhotra,Kolkata,Delhi,2022-04-07,Retail
CUS002408,Nikhil Gupta,Lucknow,Karnataka,2023-07-06,Retail
CUS002409,Aditya Gupta,Bengaluru,Gujarat,2023-09-22,Retail
CUS002410,Kavya Verma,Kolkata,Maharashtra,2023-11-01,Business
CUS002411,Ananya Patel,Bengaluru,Delhi,2024-01-20,Enterprise
CUS002412,Ananya Mehta,Kolkata,Rajasthan,2022-07-19,Retail
CUS002413,Aisha Joshi,Chennai,Maharashtra,2022-02-02,Enterprise
CUS002414,Neha Jain,Mumbai,Telangana,2022-06-28,Retail
CUS002415,Meera Jain,Kolkata,Gujarat,2025-06-14,Enterprise
CUS002416,Arjun Malhotra,Jaipur,West Bengal,2025-02-23,Retail
CUS002417,Amit Jain,Kolkata,Maharashtra,2023-07-11,Business
CUS002418,Rahul Singh,Jaipur,Rajasthan,2025-02-16,Business
CUS002419,Sneha Jain,Delhi,Tamil Nadu,2025-02-15,Business
CUS002420,Aisha Sharma,Chennai,Uttar Pradesh,2024-11-03,Business
CUS002421,Karan Kapoor,Kolkata,Telangana,2023-09-04,Retail
CUS002422,Rahul Joshi,Chennai,Rajasthan,2023-11-22,Enterprise
CUS002423,Neha Kapoor,Chennai,Uttar Pradesh,2024-05-14,Business
CUS002424,Kavya Malhotra,Hyderabad,Delhi,2024-10-25,Retail
CUS002425,Ishita Malhotra,Mumbai,Maharashtra,2025-11-20,Business
CUS002426,Kavya Sharma,Delhi,Maharashtra,2022-03-22,Retail
CUS002427,Rahul Verma,Chennai,Karnataka,2025-04-15,Enterprise
CUS002428,Priya Patel,Bengaluru,Delhi,2025-08-09,Retail
CUS002429,Kavya Gupta,Mumbai,Karnataka,2022-01-12,Business
CUS002430,Kavya Joshi,Pune,Rajasthan,2023-02-22,Enterprise
CUS002431,Aisha Kapoor,Delhi,Maharashtra,2023-08-05,Business
CUS002432,Ishita Kapoor,Jaipur,Uttar Pradesh,2024-02-24,Business
CUS002433,Simran Malhotra,Kolkata,Delhi,2024-10-20,Enterprise
CUS002434,Priya Mehta,Kolkata,West Bengal,2026-01-13,Business
CUS002435,Aisha Jain,Pune,Delhi,2024-01-21,Enterprise
CUS002436,Rohan Gupta,Hyderabad,Karnataka,2022-05-23,Enterprise
CUS002437,Ananya Jain,Jaipur,Maharashtra,2022-10-01,Retail
CUS002438,Aditya Jain,Bengaluru,Uttar Pradesh,2022-10-21,Enterprise
CUS002439,Aarav Verma,Lucknow,Maharashtra,2022-05-01,Business
CUS002440,Aarav Patel,Jaipur,Karnataka,2024-04-30,Business
CUS002441,Vikram Jain,Bengaluru,Rajasthan,2024-08-06,Business
CUS002442,Aarav Kapoor,Delhi,West Bengal,2024-04-07,Enterprise
CUS002443,Aditya Joshi,Delhi,Delhi,2023-12-18,Business
CUS002444,Karan Gupta,Hyderabad,Tamil Nadu,2025-02-25,Enterprise
CUS002445,Neha Joshi,Delhi,Gujarat,2022-11-13,Enterprise
CUS002446,Vivaan Gupta,Delhi,Uttar Pradesh,2022-07-04,Enterprise
CUS002447,Karan Mehta,Jaipur,Karnataka,2026-02-03,Retail
CUS002448,Sneha Sharma,Jaipur,Delhi,2026-01-11,Business
CUS002449,Arjun Joshi,Delhi,Maharashtra,2024-07-25,Enterprise
CUS002450,Ananya Singh,Kolkata,Karnataka,2025-03-02,Enterprise
CUS002451,Simran Jain,Pune,Tamil Nadu,2023-01-08,Retail
CUS002452,Rahul Malhotra,Lucknow,Uttar Pradesh,2023-03-15,Enterprise
CUS002453,Aisha Jain,Mumbai,Gujarat,2023-11-01,Enterprise
CUS002454,Simran Patel,Hyderabad,Karnataka,2025-02-06,Enterprise
CUS002455,Rahul Singh,Delhi,Tamil Nadu,2025-08-30,Business
CUS002456,Priya Malhotra,Jaipur,Karnataka,2023-10-18,Enterprise
CUS002457,Ishita Verma,Ahmedabad,Maharashtra,2024-09-28,Enterprise
CUS002458,Karan Joshi,Bengaluru,Delhi,2024-03-16,Business
CUS002459,Priya Sharma,Lucknow,Tamil Nadu,2023-06-19,Business
CUS002460,Simran Joshi,Lucknow,Maharashtra,2023-01-05,Business
CUS002461,Amit Malhotra,Kolkata,Maharashtra,2023-01-18,Enterprise
CUS002462,Rohan Joshi,Mumbai,Delhi,2022-04-24,Business
CUS002463,Priya Malhotra,Kolkata,Rajasthan,2024-10-16,Enterprise
CUS002464,Arjun Singh,Kolkata,Tamil Nadu,2022-10-11,Enterprise
CUS002465,Pooja Kapoor,Bengaluru,Delhi,2022-11-02,Retail
CUS002466,Arjun Jain,Chennai,Gujarat,2026-02-02,Enterprise
CUS002467,Vivaan Kapoor,Bengaluru,Delhi,2022-03-19,Retail
CUS002468,Neha Kapoor,Kolkata,Uttar Pradesh,2025-11-05,Business
CUS002469,Nikhil Kapoor,Jaipur,Uttar Pradesh,2024-06-16,Business
CUS002470,Ananya Gupta,Jaipur,Tamil Nadu,2023-01-14,Retail
CUS002471,Pooja Mehta,Pune,Maharashtra,2023-02-18,Retail
CUS002472,Neha Verma,Bengaluru,Gujarat,2025-08-14,Retail
CUS002473,Simran Malhotra,Chennai,Maharashtra,2024-07-31,Retail
CUS002474,Meera Jain,Bengaluru,Uttar Pradesh,2022-07-11,Retail
CUS002475,Rahul Malhotra,Delhi,Uttar Pradesh,2023-12-15,Enterprise
CUS002476,Aarav Patel,Hyderabad,Karnataka,2024-09-05,Business
CUS002477,Nikhil Singh,Pune,Uttar Pradesh,2023-02-07,Retail
CUS002478,Simran Mehta,Kolkata,Maharashtra,2023-03-07,Enterprise
CUS002479,Simran Joshi,Mumbai,Uttar Pradesh,2022-08-24,Retail
CUS002480,Sneha Sharma,Delhi,Delhi,2022-08-25,Retail
CUS002481,Rohan Patel,Kolkata,Gujarat,2024-08-13,Enterprise
CUS002482,Rahul Sharma,Mumbai,Uttar Pradesh,2025-10-11,Retail
CUS002483,Arjun Patel,Ahmedabad,Gujarat,2022-08-03,Retail
CUS002484,Rohan Sharma,Mumbai,Uttar Pradesh,2026-01-17,Retail
CUS002485,Karan Jain,Chennai,Rajasthan,2024-06-15,Retail
CUS002486,Ananya Malhotra,Bengaluru,Maharashtra,2023-08-25,Enterprise
CUS002487,Ananya Mehta,Ahmedabad,Tamil Nadu,2023-03-03,Enterprise
CUS002488,Aarav Jain,Kolkata,Telangana,2024-12-02,Retail
CUS002489,Rahul Verma,Delhi,Maharashtra,2022-07-04,Business
CUS002490,Aarav Kapoor,Ahmedabad,Rajasthan,2022-10-15,Business
CUS002491,Aarav Malhotra,Chennai,Delhi,2022-11-04,Enterprise
CUS002492,Ishita Mehta,Delhi,Maharashtra,2025-04-26,Retail
CUS002493,Meera Gupta,Ahmedabad,Maharashtra,2025-09-03,Retail
CUS002494,Ananya Malhotra,Lucknow,Tamil Nadu,2022-09-20,Enterprise
CUS002495,Simran Joshi,Pune,Maharashtra,2023-04-14,Business
CUS002496,Arjun Jain,Hyderabad,Karnataka,2024-05-18,Business
CUS002497,Pooja Gupta,Jaipur,Tamil Nadu,2024-03-04,Business
CUS002498,Rahul Singh,Pune,Telangana,2022-06-03,Enterprise
CUS002499,Rahul Sharma,Delhi,West Bengal,2022-04-21,Business
CUS002500,Arjun Gupta,Lucknow,Delhi,2024-09-08,Retail
CUS002501,Pooja Joshi,Hyderabad,Maharashtra,2022-12-07,Enterprise
CUS002502,Amit Sharma,Kolkata,Maharashtra,2024-06-02,Business
CUS002503,Simran Sharma,Ahmedabad,Karnataka,2022-09-24,Retail
CUS002504,Ishita Kapoor,Mumbai,Tamil Nadu,2023-10-17,Business
CUS002505,Rohan Sharma,Bengaluru,Telangana,2022-03-08,Retail
CUS002506,Vivaan Patel,Pune,Uttar Pradesh,2024-01-14,Business
CUS002507,Vikram Malhotra,Kolkata,Tamil Nadu,2024-05-16,Business
CUS002508,Amit Patel,Chennai,West Bengal,2025-04-23,Enterprise
CUS002509,Meera Gupta,Hyderabad,Gujarat,2022-12-20,Retail
CUS002510,Neha Joshi,Mumbai,Delhi,2023-05-30,Business
CUS002511,Aisha Sharma,Mumbai,Maharashtra,2025-02-10,Retail
CUS002512,Arjun Kapoor,Mumbai,Maharashtra,2023-03-01,Retail
CUS002513,Aisha Kapoor,Bengaluru,Maharashtra,2024-07-09,Business
CUS002514,Neha Patel,Kolkata,Delhi,2024-05-17,Enterprise
CUS002515,Vivaan Kapoor,Pune,Rajasthan,2022-07-19,Enterprise
CUS002516,Meera Joshi,Mumbai,Delhi,2025-04-28,Retail
CUS002517,Arjun Gupta,Pune,West Bengal,2022-06-22,Retail
CUS002518,Nikhil Sharma,Ahmedabad,West Bengal,2022-07-28,Retail
CUS002519,Vivaan Joshi,Bengaluru,Tamil Nadu,2022-06-13,Retail
CUS002520,Ishita Gupta,Jaipur,Telangana,2024-10-04,Business
CUS002521,Ananya Mehta,Delhi,Maharashtra,2025-12-12,Retail
CUS002522,Aarav Sharma,Lucknow,Gujarat,2023-01-08,Business
CUS002523,Pooja Kapoor,Chennai,West Bengal,2024-05-22,Enterprise
CUS002524,Aisha Malhotra,Hyderabad,West Bengal,2022-03-02,Retail
CUS002525,Arjun Kapoor,Pune,Tamil Nadu,2023-02-12,Enterprise
CUS002526,Ananya Malhotra,Ahmedabad,Delhi,2024-06-19,Business
CUS002527,Aisha Mehta,Ahmedabad,Delhi,2022-06-11,Business
CUS002528,Simran Patel,Jaipur,Karnataka,2022-10-11,Enterprise
CUS002529,Vikram Sharma,Pune,Maharashtra,2023-06-29,Business
CUS002530,Aisha Mehta,Mumbai,Telangana,2023-11-08,Enterprise
CUS002531,Simran Sharma,Mumbai,Maharashtra,2022-04-14,Business
CUS002532,Simran Joshi,Kolkata,Maharashtra,2023-06-01,Retail
CUS002533,Aarav Verma,Lucknow,Karnataka,2025-01-18,Enterprise
CUS002534,Aditya Malhotra,Hyderabad,Uttar Pradesh,2022-01-07,Business
CUS002535,Priya Patel,Chennai,Delhi,2022-03-28,Business
CUS002536,Amit Malhotra,Jaipur,Maharashtra,2025-04-22,Business
CUS002537,Amit Joshi,Ahmedabad,Uttar Pradesh,2024-12-19,Business
CUS002538,Priya Patel,Bengaluru,West Bengal,2025-04-23,Business
CUS002539,Arjun Mehta,Ahmedabad,Uttar Pradesh,2025-02-13,Enterprise
CUS002540,Ishita Patel,Ahmedabad,Gujarat,2022-07-23,Retail
CUS002541,Ananya Joshi,Hyderabad,Maharashtra,2024-09-20,Business
CUS002542,Simran Verma,Bengaluru,Karnataka,2022-12-23,Business
CUS002543,Aisha Jain,Bengaluru,Rajasthan,2025-10-03,Enterprise
CUS002544,Amit Verma,Lucknow,Uttar Pradesh,2022-08-22,Enterprise
CUS002545,Karan Sharma,Mumbai,Telangana,2022-12-05,Business
CUS002546,Rahul Sharma,Bengaluru,West Bengal,2022-04-15,Enterprise
CUS002547,Karan Kapoor,Delhi,Maharashtra,2022-07-02,Business
CUS002548,Vivaan Jain,Pune,Telangana,2022-07-14,Enterprise
CUS002549,Aditya Singh,Chennai,Uttar Pradesh,2025-03-16,Enterprise
CUS002550,Amit Kapoor,Lucknow,West Bengal,2022-10-28,Retail
CUS002551,Aditya Joshi,Pune,Rajasthan,2024-10-28,Enterprise
CUS002552,Simran Verma,Jaipur,Maharashtra,2022-05-25,Enterprise
CUS002553,Sneha Verma,Hyderabad,Rajasthan,2022-10-11,Retail
CUS002554,Arjun Joshi,Chennai,Rajasthan,2024-11-16,Enterprise
CUS002555,Priya Malhotra,Kolkata,Rajasthan,2024-02-05,Business
CUS002556,Aarav Kapoor,Delhi,Maharashtra,2022-02-22,Business
CUS002557,Pooja Sharma,Ahmedabad,West Bengal,2023-10-18,Business
CUS002558,Aditya Jain,Bengaluru,Gujarat,2025-02-27,Retail
CUS002559,Ishita Malhotra,Ahmedabad,Maharashtra,2025-08-20,Enterprise
CUS002560,Aditya Jain,Jaipur,West Bengal,2025-10-13,Enterprise
CUS002561,Neha Jain,Lucknow,Gujarat,2025-02-20,Enterprise
CUS002562,Rahul Joshi,Ahmedabad,Uttar Pradesh,2025-10-04,Business
CUS002563,Vivaan Verma,Pune,Uttar Pradesh,2023-12-28,Retail
CUS002564,Arjun Verma,Mumbai,Uttar Pradesh,2024-05-17,Retail
CUS002565,Meera Mehta,Pune,West Bengal,2025-02-04,Enterprise
CUS002566,Priya Jain,Kolkata,Telangana,2025-10-12,Enterprise
CUS002567,Pooja Kapoor,Bengaluru,Tamil Nadu,2026-01-20,Business
CUS002568,Meera Patel,Kolkata,Uttar Pradesh,2025-09-10,Enterprise
CUS002569,Sneha Jain,Hyderabad,Maharashtra,2025-05-23,Business
CUS002570,Ishita Malhotra,Ahmedabad,Gujarat,2025-01-24,Retail
CUS002571,Neha Malhotra,Ahmedabad,Maharashtra,2023-06-29,Business
CUS002572,Nikhil Verma,Delhi,Maharashtra,2024-06-28,Retail
CUS002573,Rahul Kapoor,Chennai,Maharashtra,2024-03-01,Retail
CUS002574,Rohan Gupta,Lucknow,Karnataka,2025-07-14,Business
CUS002575,Neha Kapoor,Jaipur,Delhi,2022-01-01,Enterprise
CUS002576,Simran Singh,Hyderabad,Rajasthan,2024-03-30,Enterprise
CUS002577,Nikhil Singh,Lucknow,Maharashtra,2024-06-11,Retail
CUS002578,Neha Mehta,Kolkata,Delhi,2024-12-15,Business
CUS002579,Amit Malhotra,Mumbai,Gujarat,2022-02-15,Enterprise
CUS002580,Aditya Patel,Hyderabad,Maharashtra,2023-03-16,Retail
CUS002581,Simran Singh,Chennai,Uttar Pradesh,2025-08-03,Retail
CUS002582,Ananya Mehta,Mumbai,Karnataka,2023-03-13,Business
CUS002583,Aisha Sharma,Chennai,Delhi,2023-05-25,Retail
CUS002584,Neha Gupta,Jaipur,Rajasthan,2022-07-13,Business
CUS002585,Kavya Sharma,Delhi,Tamil Nadu,2023-07-25,Business
CUS002586,Vikram Jain,Hyderabad,Maharashtra,2025-06-16,Retail
CUS002587,Aisha Gupta,Pune,Karnataka,2025-11-28,Business
CUS002588,Neha Sharma,Lucknow,Gujarat,2024-04-03,Retail
CUS002589,Vikram Joshi,Mumbai,Rajasthan,2022-09-17,Enterprise
CUS002590,Neha Malhotra,Jaipur,Uttar Pradesh,2025-01-24,Enterprise
CUS002591,Vivaan Kapoor,Jaipur,Maharashtra,2024-03-31,Business
CUS002592,Pooja Jain,Mumbai,Telangana,2022-06-13,Business
CUS002593,Neha Mehta,Jaipur,Maharashtra,2023-04-09,Business
CUS002594,Amit Jain,Ahmedabad,Gujarat,2023-06-27,Enterprise
CUS002595,Aisha Malhotra,Jaipur,Uttar Pradesh,2023-05-25,Enterprise
CUS002596,Simran Mehta,Lucknow,Rajasthan,2024-06-20,Business
CUS002597,Nikhil Mehta,Lucknow,Telangana,2025-11-11,Retail
CUS002598,Kavya Gupta,Lucknow,Telangana,2023-10-05,Enterprise
CUS002599,Vivaan Patel,Mumbai,Uttar Pradesh,2022-10-04,Enterprise
CUS002600,Amit Jain,Pune,West Bengal,2024-01-10,Retail
CUS002601,Sneha Sharma,Chennai,Maharashtra,2022-05-25,Business
CUS002602,Aditya Mehta,Pune,Karnataka,2025-05-05,Enterprise
CUS002603,Pooja Mehta,Bengaluru,Gujarat,2023-10-06,Retail
CUS002604,Aisha Jain,Mumbai,Rajasthan,2025-04-01,Business
CUS002605,Kavya Gupta,Lucknow,Maharashtra,2024-02-16,Business
CUS002606,Aarav Sharma,Pune,Uttar Pradesh,2025-09-05,Enterprise
CUS002607,Simran Verma,Delhi,Telangana,2024-12-22,Enterprise
CUS002608,Neha Jain,Pune,Telangana,2024-02-10,Business
CUS002609,Neha Kapoor,Lucknow,Gujarat,2024-06-02,Business
CUS002610,Aisha Sharma,Chennai,Gujarat,2023-06-21,Retail
CUS002611,Aarav Verma,Chennai,Gujarat,2024-01-16,Business
CUS002612,Karan Gupta,Jaipur,Maharashtra,2025-03-15,Business
CUS002613,Ishita Gupta,Bengaluru,Karnataka,2024-11-03,Enterprise
CUS002614,Aarav Mehta,Delhi,Karnataka,2024-01-27,Business
CUS002615,Sneha Mehta,Delhi,Delhi,2024-05-07,Business
CUS002616,Ishita Sharma,Mumbai,Gujarat,2025-07-19,Business
CUS002617,Amit Malhotra,Chennai,Karnataka,2022-04-20,Retail
CUS002618,Aisha Jain,Delhi,Maharashtra,2022-12-25,Retail
CUS002619,Ishita Jain,Kolkata,Gujarat,2024-09-06,Enterprise
CUS002620,Vikram Verma,Ahmedabad,Delhi,2023-10-10,Enterprise
CUS002621,Aditya Mehta,Pune,Maharashtra,2022-06-11,Retail
CUS002622,Neha Patel,Mumbai,Tamil Nadu,2024-10-27,Business
CUS002623,Pooja Kapoor,Ahmedabad,Maharashtra,2022-01-13,Enterprise
CUS002624,Aarav Patel,Kolkata,Uttar Pradesh,2024-11-23,Business
CUS002625,Vikram Joshi,Jaipur,Delhi,2023-02-06,Retail
CUS002626,Rohan Malhotra,Lucknow,Tamil Nadu,2024-06-28,Retail
CUS002627,Neha Joshi,Delhi,Gujarat,2023-06-23,Retail
CUS002628,Aisha Patel,Delhi,Maharashtra,2022-12-04,Retail
CUS002629,Ananya Kapoor,Hyderabad,Karnataka,2024-09-07,Business
CUS002630,Priya Mehta,Chennai,Uttar Pradesh,2026-02-03,Business
CUS002631,Pooja Sharma,Kolkata,Rajasthan,2023-12-19,Enterprise
CUS002632,Rohan Gupta,Hyderabad,Rajasthan,2022-12-25,Business
CUS002633,Rahul Patel,Jaipur,Karnataka,2024-10-28,Business
CUS002634,Neha Gupta,Hyderabad,Maharashtra,2022-03-06,Enterprise
CUS002635,Aisha Verma,Hyderabad,Tamil Nadu,2023-08-08,Enterprise
CUS002636,Karan Gupta,Delhi,Karnataka,2022-06-07,Retail
CUS002637,Rahul Singh,Delhi,West Bengal,2023-08-08,Enterprise
CUS002638,Amit Joshi,Lucknow,Maharashtra,2024-07-12,Business
CUS002639,Sneha Singh,Bengaluru,Telangana,2025-08-14,Enterprise
CUS002640,Rohan Joshi,Delhi,Maharashtra,2023-01-28,Enterprise
CUS002641,Pooja Mehta,Delhi,Maharashtra,2024-08-30,Business
CUS002642,Aarav Kapoor,Pune,Maharashtra,2025-05-27,Business
CUS002643,Priya Sharma,Hyderabad,Tamil Nadu,2026-01-03,Enterprise
CUS002644,Ananya Sharma,Ahmedabad,Uttar Pradesh,2023-04-16,Business
CUS002645,Pooja Kapoor,Delhi,Telangana,2025-07-02,Retail
CUS002646,Kavya Singh,Hyderabad,Maharashtra,2022-03-15,Enterprise
CUS002647,Arjun Kapoor,Mumbai,Gujarat,2024-06-21,Business
CUS002648,Nikhil Verma,Jaipur,Maharashtra,2024-05-20,Business
CUS002649,Rohan Verma,Hyderabad,Telangana,2025-10-04,Business
CUS002650,Neha Verma,Ahmedabad,Maharashtra,2024-12-24,Retail
CUS002651,Pooja Gupta,Mumbai,West Bengal,2025-05-19,Enterprise
CUS002652,Ananya Joshi,Jaipur,Maharashtra,2022-02-01,Enterprise
CUS002653,Kavya Singh,Lucknow,Maharashtra,2022-10-29,Enterprise
CUS002654,Karan Kapoor,Jaipur,Telangana,2025-01-08,Enterprise
CUS002655,Sneha Malhotra,Lucknow,Uttar Pradesh,2024-05-21,Enterprise
CUS002656,Nikhil Kapoor,Delhi,Uttar Pradesh,2022-05-05,Business
CUS002657,Kavya Joshi,Lucknow,Delhi,2024-09-08,Retail
CUS002658,Neha Joshi,Delhi,Telangana,2024-02-11,Retail
CUS002659,Vivaan Patel,Lucknow,Rajasthan,2024-02-20,Enterprise
CUS002660,Neha Jain,Hyderabad,Delhi,2023-02-22,Enterprise
CUS002661,Priya Malhotra,Kolkata,Delhi,2024-12-03,Retail
CUS002662,Priya Malhotra,Mumbai,Delhi,2022-08-19,Enterprise
CUS002663,Pooja Joshi,Pune,Gujarat,2022-11-18,Enterprise
CUS002664,Ananya Jain,Jaipur,Rajasthan,2022-04-12,Enterprise
CUS002665,Simran Kapoor,Bengaluru,Delhi,2022-10-26,Retail
CUS002666,Vivaan Patel,Pune,Delhi,2023-04-17,Retail
CUS002667,Aarav Sharma,Mumbai,Rajasthan,2024-03-01,Business
CUS002668,Aisha Mehta,Mumbai,Maharashtra,2022-03-03,Enterprise
CUS002669,Amit Kapoor,Kolkata,Gujarat,2022-09-07,Retail
CUS002670,Pooja Patel,Hyderabad,Karnataka,2024-02-03,Business
CUS002671,Aditya Verma,Pune,Karnataka,2025-02-06,Business
CUS002672,Kavya Singh,Mumbai,Uttar Pradesh,2024-11-11,Retail
CUS002673,Vikram Verma,Ahmedabad,Rajasthan,2025-08-06,Retail
CUS002674,Ananya Gupta,Hyderabad,Gujarat,2025-04-20,Business
CUS002675,Arjun Sharma,Pune,Karnataka,2022-02-04,Business
CUS002676,Sneha Jain,Pune,Tamil Nadu,2023-07-26,Business
CUS002677,Simran Mehta,Kolkata,Maharashtra,2023-11-10,Retail
CUS002678,Vivaan Mehta,Ahmedabad,Gujarat,2024-05-14,Business
CUS002679,Aditya Patel,Pune,Gujarat,2024-01-30,Business
CUS002680,Aditya Patel,Bengaluru,Telangana,2022-01-04,Business
CUS002681,Pooja Gupta,Mumbai,Gujarat,2025-06-11,Enterprise
CUS002682,Neha Malhotra,Kolkata,Maharashtra,2024-12-06,Enterprise
CUS002683,Aarav Gupta,Jaipur,Karnataka,2024-05-30,Business
CUS002684,Pooja Singh,Hyderabad,Rajasthan,2022-10-16,Business
CUS002685,Pooja Malhotra,Lucknow,Uttar Pradesh,2024-04-09,Retail
CUS002686,Sneha Malhotra,Kolkata,Maharashtra,2024-12-17,Retail
CUS002687,Pooja Mehta,Jaipur,Rajasthan,2024-12-01,Enterprise
CUS002688,Simran Patel,Kolkata,Rajasthan,2025-10-28,Enterprise
CUS002689,Vikram Malhotra,Mumbai,Tamil Nadu,2022-03-04,Business
CUS002690,Simran Mehta,Delhi,Tamil Nadu,2024-07-17,Retail
CUS002691,Simran Joshi,Ahmedabad,Maharashtra,2025-11-20,Enterprise
CUS002692,Priya Jain,Pune,Maharashtra,2022-09-29,Business
CUS002693,Meera Joshi,Jaipur,Uttar Pradesh,2025-02-18,Retail
CUS002694,Sneha Sharma,Hyderabad,Maharashtra,2025-02-07,Retail
CUS002695,Simran Gupta,Delhi,Maharashtra,2024-08-02,Business
CUS002696,Kavya Kapoor,Chennai,Maharashtra,2024-08-01,Business
CUS002697,Karan Verma,Mumbai,Delhi,2024-09-26,Business
CUS002698,Sneha Malhotra,Delhi,Maharashtra,2022-07-17,Enterprise
CUS002699,Pooja Jain,Hyderabad,Maharashtra,2025-05-31,Enterprise
CUS002700,Simran Mehta,Delhi,Gujarat,2023-06-30,Retail
CUS002701,Rohan Jain,Lucknow,West Bengal,2023-11-16,Enterprise
CUS002702,Simran Patel,Kolkata,Maharashtra,2025-12-19,Business
CUS002703,Meera Verma,Delhi,Maharashtra,2025-02-07,Business
CUS002704,Ishita Gupta,Kolkata,Maharashtra,2023-10-16,Business
CUS002705,Nikhil Jain,Pune,Uttar Pradesh,2022-10-17,Retail
CUS002706,Meera Joshi,Pune,Uttar Pradesh,2022-02-06,Enterprise
CUS002707,Vivaan Patel,Ahmedabad,Karnataka,2025-12-13,Business
CUS002708,Aisha Verma,Pune,West Bengal,2022-12-18,Retail
CUS002709,Rahul Verma,Kolkata,Delhi,2024-10-27,Retail
CUS002710,Pooja Malhotra,Chennai,Telangana,2022-01-11,Retail
CUS002711,Aditya Joshi,Jaipur,Rajasthan,2023-01-10,Retail
CUS002712,Neha Joshi,Bengaluru,Maharashtra,2022-10-07,Business
CUS002713,Aditya Mehta,Jaipur,Tamil Nadu,2022-01-13,Business
CUS002714,Aditya Sharma,Chennai,Rajasthan,2025-08-06,Enterprise
CUS002715,Vivaan Patel,Mumbai,Uttar Pradesh,2024-02-01,Retail
CUS002716,Amit Jain,Kolkata,Maharashtra,2025-09-07,Retail
CUS002717,Kavya Jain,Ahmedabad,Maharashtra,2022-03-31,Enterprise
CUS002718,Meera Singh,Kolkata,Maharashtra,2025-03-12,Retail
CUS002719,Ananya Sharma,Pune,West Bengal,2022-05-26,Business
CUS002720,Simran Gupta,Pune,Maharashtra,2024-09-17,Business
CUS002721,Aditya Kapoor,Lucknow,Telangana,2025-02-24,Enterprise
CUS002722,Kavya Verma,Bengaluru,Delhi,2025-03-08,Enterprise
CUS002723,Karan Mehta,Lucknow,Rajasthan,2025-03-19,Retail
CUS002724,Aisha Gupta,Delhi,Uttar Pradesh,2023-06-11,Business
CUS002725,Vikram Patel,Ahmedabad,Maharashtra,2025-07-02,Enterprise
CUS002726,Nikhil Jain,Kolkata,Karnataka,2023-09-29,Enterprise
CUS002727,Aditya Singh,Mumbai,Maharashtra,2023-06-13,Business
CUS002728,Vivaan Jain,Chennai,Rajasthan,2025-09-21,Enterprise
CUS002729,Sneha Singh,Delhi,Maharashtra,2024-08-17,Business
CUS002730,Ananya Gupta,Kolkata,Telangana,2024-12-09,Retail
CUS002731,Kavya Jain,Ahmedabad,Rajasthan,2022-05-04,Business
CUS002732,Neha Kapoor,Ahmedabad,Maharashtra,2024-05-29,Business
CUS002733,Ananya Malhotra,Jaipur,Karnataka,2026-01-09,Business
CUS002734,Ishita Kapoor,Jaipur,Karnataka,2025-01-25,Business
CUS002735,Rohan Gupta,Bengaluru,Gujarat,2025-07-15,Business
CUS002736,Sneha Jain,Jaipur,Maharashtra,2023-11-09,Business
CUS002737,Vivaan Joshi,Kolkata,Telangana,2025-12-14,Retail
CUS002738,Sneha Gupta,Kolkata,Uttar Pradesh,2023-11-19,Business
CUS002739,Aditya Gupta,Ahmedabad,Delhi,2023-02-26,Enterprise
CUS002740,Rohan Sharma,Lucknow,Maharashtra,2025-01-12,Business
CUS002741,Kavya Patel,Pune,West Bengal,2025-07-12,Enterprise
CUS002742,Ishita Sharma,Lucknow,Maharashtra,2023-04-24,Retail
CUS002743,Aditya Patel,Kolkata,Rajasthan,2024-03-05,Retail
CUS002744,Amit Sharma,Delhi,Tamil Nadu,2023-08-28,Enterprise
CUS002745,Karan Mehta,Pune,Delhi,2022-12-11,Enterprise
CUS002746,Aarav Mehta,Lucknow,Tamil Nadu,2023-04-24,Business
CUS002747,Neha Patel,Delhi,Maharashtra,2022-06-19,Enterprise
CUS002748,Rahul Jain,Kolkata,Tamil Nadu,2025-03-04,Business
CUS002749,Vivaan Sharma,Delhi,Gujarat,2025-12-03,Retail
CUS002750,Aditya Gupta,Mumbai,Tamil Nadu,2023-03-16,Enterprise
CUS002751,Rohan Gupta,Lucknow,Telangana,2024-06-20,Enterprise
CUS002752,Amit Gupta,Pune,West Bengal,2023-08-02,Retail
CUS002753,Vikram Patel,Kolkata,Karnataka,2022-09-22,Business
CUS002754,Amit Kapoor,Pune,Tamil Nadu,2025-12-21,Enterprise
CUS002755,Simran Gupta,Pune,Karnataka,2025-09-26,Retail
CUS002756,Vivaan Sharma,Ahmedabad,Telangana,2025-10-19,Enterprise
CUS002757,Ananya Verma,Pune,Karnataka,2025-11-14,Enterprise
CUS002758,Arjun Sharma,Hyderabad,Tamil Nadu,2022-09-16,Retail
CUS002759,Ananya Mehta,Pune,Rajasthan,2025-06-06,Enterprise
CUS002760,Ishita Patel,Mumbai,Rajasthan,2023-09-07,Enterprise
CUS002761,Amit Patel,Bengaluru,Tamil Nadu,2025-06-14,Enterprise
CUS002762,Rohan Kapoor,Chennai,Tamil Nadu,2023-05-14,Business
CUS002763,Simran Gupta,Delhi,Maharashtra,2024-01-11,Business
CUS002764,Aditya Sharma,Pune,Gujarat,2024-09-24,Enterprise
CUS002765,Simran Sharma,Pune,Gujarat,2025-03-15,Business
CUS002766,Pooja Sharma,Mumbai,Rajasthan,2024-03-03,Enterprise
CUS002767,Karan Joshi,Hyderabad,Maharashtra,2025-11-25,Retail
CUS002768,Vikram Kapoor,Hyderabad,Delhi,2026-01-07,Retail
CUS002769,Ananya Malhotra,Hyderabad,Telangana,2025-04-04,Enterprise
CUS002770,Meera Singh,Pune,Maharashtra,2024-03-15,Business
CUS002771,Karan Mehta,Delhi,Tamil Nadu,2023-11-03,Retail
CUS002772,Ananya Jain,Chennai,Maharashtra,2022-05-30,Business
CUS002773,Ananya Mehta,Chennai,Telangana,2022-09-24,Business
CUS002774,Rohan Verma,Mumbai,West Bengal,2025-01-05,Business
CUS002775,Rohan Malhotra,Pune,Delhi,2025-09-16,Enterprise
CUS002776,Rahul Singh,Bengaluru,Telangana,2023-11-09,Retail
CUS002777,Aditya Sharma,Pune,Uttar Pradesh,2022-03-23,Enterprise
CUS002778,Aisha Sharma,Chennai,Karnataka,2022-01-12,Enterprise
CUS002779,Pooja Kapoor,Ahmedabad,Rajasthan,2023-06-03,Retail
CUS002780,Aarav Jain,Mumbai,Maharashtra,2024-02-26,Business
CUS002781,Karan Singh,Delhi,Uttar Pradesh,2022-01-14,Business
CUS002782,Kavya Joshi,Chennai,Uttar Pradesh,2025-02-13,Enterprise
CUS002783,Karan Gupta,Lucknow,Delhi,2022-06-29,Retail
CUS002784,Simran Malhotra,Ahmedabad,Telangana,2022-12-10,Business
CUS002785,Vivaan Singh,Bengaluru,Gujarat,2025-10-06,Retail
CUS002786,Aarav Jain,Kolkata,Tamil Nadu,2023-12-26,Enterprise
CUS002787,Rohan Patel,Hyderabad,West Bengal,2024-08-06,Retail
CUS002788,Amit Jain,Pune,West Bengal,2022-08-23,Retail
CUS002789,Meera Jain,Bengaluru,Rajasthan,2022-01-13,Retail
CUS002790,Ananya Mehta,Delhi,Maharashtra,2025-08-18,Enterprise
CUS002791,Rohan Patel,Chennai,Rajasthan,2022-09-12,Enterprise
CUS002792,Simran Joshi,Pune,Tamil Nadu,2025-03-04,Retail
CUS002793,Aisha Patel,Mumbai,Rajasthan,2024-06-13,Retail
CUS002794,Pooja Gupta,Chennai,Rajasthan,2025-02-01,Retail
CUS002795,Simran Gupta,Lucknow,West Bengal,2025-11-14,Business
CUS002796,Rohan Patel,Ahmedabad,Rajasthan,2024-11-24,Retail
CUS002797,Vivaan Gupta,Bengaluru,West Bengal,2024-12-31,Enterprise
CUS002798,Amit Singh,Mumbai,Rajasthan,2024-02-08,Enterprise
CUS002799,Rahul Kapoor,Lucknow,West Bengal,2022-12-20,Enterprise
CUS002800,Neha Gupta,Hyderabad,Maharashtra,2025-09-08,Retail
CUS002801,Nikhil Jain,Delhi,West Bengal,2022-11-29,Retail
CUS002802,Vivaan Jain,Jaipur,Karnataka,2025-06-13,Business
CUS002803,Pooja Jain,Bengaluru,Delhi,2025-09-18,Retail
CUS002804,Vivaan Verma,Mumbai,Telangana,2023-07-25,Business
CUS002805,Neha Singh,Delhi,Rajasthan,2022-08-13,Retail
CUS002806,Aisha Gupta,Lucknow,Uttar Pradesh,2025-12-26,Retail
CUS002807,Aarav Jain,Pune,Delhi,2022-03-15,Enterprise
CUS002808,Ananya Sharma,Hyderabad,Delhi,2023-03-25,Retail
CUS002809,Rahul Joshi,Kolkata,Tamil Nadu,2022-09-18,Enterprise
CUS002810,Arjun Singh,Chennai,Karnataka,2022-03-26,Retail
CUS002811,Nikhil Patel,Ahmedabad,Tamil Nadu,2022-04-07,Business
CUS002812,Neha Mehta,Bengaluru,Maharashtra,2025-10-29,Retail
CUS002813,Meera Malhotra,Bengaluru,West Bengal,2024-07-24,Business
CUS002814,Meera Mehta,Lucknow,Maharashtra,2025-06-05,Enterprise
CUS002815,Priya Jain,Mumbai,Maharashtra,2025-08-27,Retail
CUS002816,Amit Patel,Ahmedabad,Maharashtra,2024-08-19,Business
CUS002817,Sneha Malhotra,Pune,Delhi,2025-04-07,Enterprise
CUS002818,Nikhil Singh,Mumbai,Maharashtra,2023-06-24,Retail
CUS002819,Pooja Verma,Mumbai,Uttar Pradesh,2024-03-03,Business
CUS002820,Rohan Jain,Lucknow,Maharashtra,2023-02-20,Retail
CUS002821,Aisha Joshi,Pune,Rajasthan,2022-04-25,Business
CUS002822,Sneha Kapoor,Chennai,Gujarat,2024-03-16,Business
CUS002823,Vivaan Mehta,Bengaluru,Gujarat,2022-11-10,Retail
CUS002824,Simran Kapoor,Ahmedabad,Tamil Nadu,2024-01-11,Retail
CUS002825,Ishita Malhotra,Hyderabad,Telangana,2023-09-08,Enterprise
CUS002826,Vivaan Joshi,Ahmedabad,Gujarat,2023-02-07,Enterprise
CUS002827,Ishita Malhotra,Bengaluru,Karnataka,2025-03-08,Business
CUS002828,Meera Sharma,Hyderabad,Uttar Pradesh,2024-02-11,Retail
CUS002829,Karan Singh,Delhi,Delhi,2024-02-29,Retail
CUS002830,Aisha Patel,Mumbai,Telangana,2022-10-28,Business
CUS002831,Ananya Mehta,Delhi,Tamil Nadu,2025-09-02,Enterprise
CUS002832,Kavya Verma,Delhi,Maharashtra,2025-10-22,Enterprise
CUS002833,Nikhil Sharma,Jaipur,West Bengal,2025-05-01,Enterprise
CUS002834,Amit Patel,Lucknow,Gujarat,2022-10-30,Enterprise
CUS002835,Priya Verma,Mumbai,Uttar Pradesh,2025-03-15,Enterprise
CUS002836,Sneha Verma,Bengaluru,Karnataka,2025-02-20,Business
CUS002837,Priya Jain,Hyderabad,West Bengal,2023-01-18,Business
CUS002838,Vivaan Gupta,Jaipur,Karnataka,2023-04-06,Retail
CUS002839,Neha Singh,Pune,Karnataka,2022-06-08,Retail
CUS002840,Meera Kapoor,Kolkata,Gujarat,2022-02-27,Business
CUS002841,Neha Gupta,Kolkata,Gujarat,2025-11-13,Enterprise
CUS002842,Neha Joshi,Chennai,West Bengal,2024-04-02,Enterprise
CUS002843,Neha Gupta,Bengaluru,Tamil Nadu,2023-05-07,Business
CUS002844,Meera Malhotra,Kolkata,Telangana,2024-03-15,Business
CUS002845,Amit Kapoor,Ahmedabad,Maharashtra,2024-06-01,Retail
CUS002846,Neha Jain,Mumbai,Delhi,2023-12-04,Business
CUS002847,Meera Sharma,Jaipur,Maharashtra,2025-03-18,Business
CUS002848,Amit Verma,Jaipur,Maharashtra,2023-12-01,Retail
CUS002849,Sneha Malhotra,Delhi,Tamil Nadu,2024-01-31,Enterprise
CUS002850,Sneha Mehta,Hyderabad,West Bengal,2023-01-08,Retail
CUS002851,Priya Sharma,Kolkata,Telangana,2022-10-07,Retail
CUS002852,Meera Malhotra,Mumbai,Telangana,2023-01-07,Business
CUS002853,Arjun Verma,Pune,Telangana,2025-08-25,Enterprise
CUS002854,Simran Singh,Bengaluru,Delhi,2024-04-30,Retail
CUS002855,Ishita Gupta,Hyderabad,Karnataka,2026-01-11,Retail
CUS002856,Karan Malhotra,Ahmedabad,Karnataka,2025-09-09,Business
CUS002857,Priya Patel,Pune,Maharashtra,2024-12-29,Enterprise
CUS002858,Arjun Joshi,Jaipur,Tamil Nadu,2022-12-09,Retail
CUS002859,Arjun Patel,Chennai,Rajasthan,2024-07-03,Retail
CUS002860,Pooja Verma,Chennai,Delhi,2023-03-05,Business
CUS002861,Neha Jain,Ahmedabad,Rajasthan,2024-08-01,Business
CUS002862,Neha Joshi,Pune,Maharashtra,2024-10-15,Retail
CUS002863,Rohan Sharma,Jaipur,Gujarat,2023-12-01,Enterprise
CUS002864,Rahul Singh,Kolkata,West Bengal,2024-07-16,Retail
CUS002865,Simran Mehta,Ahmedabad,Tamil Nadu,2024-04-12,Retail
CUS002866,Ananya Joshi,Pune,Maharashtra,2023-07-25,Retail
CUS002867,Vivaan Gupta,Delhi,West Bengal,2025-01-04,Retail
CUS002868,Aarav Gupta,Chennai,Rajasthan,2025-09-10,Retail
CUS002869,Vivaan Sharma,Delhi,West Bengal,2025-10-29,Retail
CUS002870,Rahul Patel,Hyderabad,Delhi,2023-10-17,Business
CUS002871,Ananya Patel,Ahmedabad,Maharashtra,2025-05-22,Business
CUS002872,Priya Malhotra,Mumbai,Karnataka,2024-03-26,Enterprise
CUS002873,Aditya Joshi,Delhi,Maharashtra,2023-02-11,Retail
CUS002874,Ananya Mehta,Lucknow,Tamil Nadu,2023-12-20,Enterprise
CUS002875,Rahul Kapoor,Ahmedabad,Delhi,2026-01-16,Retail
CUS002876,Amit Jain,Lucknow,West Bengal,2023-05-20,Business
CUS002877,Rahul Gupta,Lucknow,Tamil Nadu,2025-09-12,Enterprise
CUS002878,Ananya Singh,Delhi,Delhi,2022-11-05,Enterprise
CUS002879,Karan Singh,Lucknow,Karnataka,2024-12-05,Enterprise
CUS002880,Amit Jain,Pune,Telangana,2024-01-15,Business
CUS002881,Priya Gupta,Bengaluru,Delhi,2023-04-10,Business
CUS002882,Aisha Patel,Jaipur,Tamil Nadu,2022-03-13,Business
CUS002883,Sneha Patel,Pune,Rajasthan,2024-07-29,Retail
CUS002884,Nikhil Jain,Ahmedabad,Uttar Pradesh,2024-10-16,Retail
CUS002885,Nikhil Jain,Bengaluru,Gujarat,2022-03-21,Retail
CUS002886,Aarav Joshi,Mumbai,Delhi,2024-03-22,Retail
CUS002887,Meera Kapoor,Bengaluru,Rajasthan,2025-10-20,Enterprise
CUS002888,Rohan Patel,Kolkata,Gujarat,2025-12-19,Business
CUS002889,Pooja Verma,Ahmedabad,West Bengal,2023-02-15,Business
CUS002890,Karan Verma,Delhi,Delhi,2023-03-06,Retail
CUS002891,Rahul Jain,Delhi,Rajasthan,2022-02-04,Enterprise
CUS002892,Arjun Malhotra,Hyderabad,Telangana,2022-11-12,Business
CUS002893,Pooja Malhotra,Delhi,Delhi,2023-01-01,Enterprise
CUS002894,Meera Mehta,Pune,Gujarat,2023-01-10,Enterprise
CUS002895,Kavya Singh,Chennai,Maharashtra,2024-03-08,Retail
CUS002896,Vikram Singh,Mumbai,Maharashtra,2024-12-24,Retail
CUS002897,Neha Mehta,Kolkata,Telangana,2022-08-03,Retail
CUS002898,Aarav Joshi,Chennai,Karnataka,2025-02-18,Business
CUS002899,Arjun Kapoor,Chennai,Delhi,2022-01-28,Enterprise
CUS002900,Aditya Singh,Ahmedabad,Delhi,2024-04-01,Enterprise
CUS002901,Vivaan Kapoor,Hyderabad,Gujarat,2023-04-15,Enterprise
CUS002902,Vikram Gupta,Ahmedabad,Maharashtra,2023-10-05,Enterprise
CUS002903,Neha Joshi,Pune,Tamil Nadu,2023-10-15,Business
CUS002904,Simran Patel,Delhi,Maharashtra,2024-01-25,Retail
CUS002905,Aisha Verma,Mumbai,Maharashtra,2025-03-05,Enterprise
CUS002906,Kavya Gupta,Ahmedabad,Telangana,2022-02-04,Enterprise
CUS002907,Aditya Malhotra,Ahmedabad,Uttar Pradesh,2023-03-10,Enterprise
CUS002908,Kavya Joshi,Jaipur,West Bengal,2024-01-03,Retail
CUS002909,Vivaan Joshi,Pune,Delhi,2022-02-07,Business
CUS002910,Rohan Mehta,Delhi,Maharashtra,2022-05-26,Enterprise
CUS002911,Vikram Patel,Delhi,Maharashtra,2022-11-03,Business
CUS002912,Aditya Singh,Lucknow,Karnataka,2026-01-07,Business
CUS002913,Amit Mehta,Kolkata,Rajasthan,2025-03-06,Enterprise
CUS002914,Karan Mehta,Pune,Uttar Pradesh,2024-12-07,Business
CUS002915,Ananya Patel,Delhi,Gujarat,2024-10-01,Business
CUS002916,Priya Patel,Lucknow,Delhi,2022-09-28,Business
CUS002917,Sneha Sharma,Kolkata,Tamil Nadu,2025-11-25,Enterprise
CUS002918,Nikhil Kapoor,Lucknow,West Bengal,2025-08-21,Enterprise
CUS002919,Aisha Gupta,Bengaluru,Karnataka,2025-07-16,Enterprise
CUS002920,Simran Verma,Bengaluru,Maharashtra,2025-05-19,Retail
CUS002921,Sneha Gupta,Hyderabad,Karnataka,2022-03-05,Enterprise
CUS002922,Simran Gupta,Delhi,Karnataka,2022-09-13,Retail
CUS002923,Vivaan Jain,Mumbai,Uttar Pradesh,2022-05-22,Business
CUS002924,Aarav Gupta,Kolkata,Gujarat,2023-07-12,Business
CUS002925,Simran Joshi,Hyderabad,West Bengal,2022-01-15,Enterprise
CUS002926,Vivaan Sharma,Delhi,Gujarat,2025-02-23,Business
CUS002927,Sneha Verma,Hyderabad,Rajasthan,2025-09-24,Business
CUS002928,Vikram Mehta,Hyderabad,Uttar Pradesh,2024-07-06,Enterprise
CUS002929,Karan Verma,Mumbai,Gujarat,2023-02-17,Business
CUS002930,Meera Mehta,Pune,Telangana,2023-11-09,Retail
CUS002931,Aarav Mehta,Bengaluru,Tamil Nadu,2023-10-07,Enterprise
CUS002932,Priya Joshi,Bengaluru,Maharashtra,2025-04-20,Enterprise
CUS002933,Sneha Verma,Lucknow,Gujarat,2025-06-16,Retail
CUS002934,Karan Joshi,Mumbai,Maharashtra,2025-07-24,Enterprise
CUS002935,Meera Jain,Lucknow,Gujarat,2023-04-02,Business
CUS002936,Ananya Sharma,Chennai,Uttar Pradesh,2024-08-12,Enterprise
CUS002937,Aarav Jain,Chennai,Tamil Nadu,2022-08-14,Retail
CUS002938,Nikhil Jain,Kolkata,Gujarat,2025-10-13,Retail
CUS002939,Aisha Verma,Bengaluru,Maharashtra,2023-10-06,Enterprise
CUS002940,Ishita Kapoor,Lucknow,Rajasthan,2025-03-13,Business
CUS002941,Amit Mehta,Chennai,Telangana,2024-04-27,Enterprise
CUS002942,Aisha Singh,Hyderabad,Tamil Nadu,2023-06-21,Business
CUS002943,Priya Verma,Hyderabad,Maharashtra,2023-09-18,Enterprise
CUS002944,Arjun Mehta,Lucknow,Uttar Pradesh,2025-04-21,Retail
CUS002945,Amit Singh,Hyderabad,Telangana,2025-03-30,Business
CUS002946,Ishita Singh,Lucknow,Telangana,2024-04-19,Business
CUS002947,Aarav Kapoor,Jaipur,Delhi,2022-10-27,Retail
CUS002948,Vivaan Malhotra,Chennai,Rajasthan,2024-05-10,Retail
CUS002949,Amit Joshi,Bengaluru,Uttar Pradesh,2025-10-02,Enterprise
CUS002950,Nikhil Malhotra,Hyderabad,Maharashtra,2023-05-26,Retail
CUS002951,Arjun Sharma,Lucknow,West Bengal,2022-09-22,Retail
CUS002952,Rohan Patel,Kolkata,Maharashtra,2024-09-07,Business
CUS002953,Ishita Kapoor,Chennai,Karnataka,2023-08-11,Enterprise
CUS002954,Aisha Gupta,Chennai,West Bengal,2025-04-14,Retail
CUS002955,Rahul Sharma,Bengaluru,Maharashtra,2022-03-29,Business
CUS002956,Neha Malhotra,Ahmedabad,Telangana,2024-02-21,Retail
CUS002957,Rahul Malhotra,Bengaluru,Uttar Pradesh,2022-04-22,Retail
CUS002958,Rahul Gupta,Mumbai,Delhi,2022-08-24,Retail
CUS002959,Karan Gupta,Ahmedabad,Tamil Nadu,2024-12-18,Enterprise
CUS002960,Amit Mehta,Bengaluru,Tamil Nadu,2025-04-07,Business
CUS002961,Vikram Sharma,Jaipur,Gujarat,2022-06-11,Enterprise
CUS002962,Amit Singh,Mumbai,Telangana,2025-12-16,Business
CUS002963,Pooja Verma,Bengaluru,Telangana,2025-11-25,Business
CUS002964,Sneha Mehta,Bengaluru,Maharashtra,2022-05-29,Retail
CUS002965,Pooja Kapoor,Chennai,Maharashtra,2023-02-24,Business
CUS002966,Rohan Singh,Ahmedabad,Delhi,2025-10-05,Enterprise
CUS002967,Rahul Sharma,Bengaluru,Karnataka,2023-09-27,Business
CUS002968,Ishita Jain,Hyderabad,Gujarat,2023-03-02,Enterprise
CUS002969,Arjun Sharma,Hyderabad,Karnataka,2025-09-20,Business
CUS002970,Simran Mehta,Jaipur,Gujarat,2025-01-11,Retail
CUS002971,Vivaan Kapoor,Chennai,Delhi,2025-03-11,Business
CUS002972,Sneha Malhotra,Pune,Delhi,2025-09-01,Retail
CUS002973,Vikram Joshi,Hyderabad,Maharashtra,2024-08-11,Business
CUS002974,Ananya Sharma,Hyderabad,Karnataka,2023-10-15,Retail
CUS002975,Rahul Singh,Jaipur,Tamil Nadu,2022-04-07,Retail
CUS002976,Rohan Kapoor,Lucknow,Telangana,2024-05-14,Business
CUS002977,Kavya Jain,Kolkata,Tamil Nadu,2026-02-03,Retail
CUS002978,Ananya Singh,Delhi,Rajasthan,2022-11-10,Enterprise
CUS002979,Priya Sharma,Delhi,Maharashtra,2022-10-03,Business
CUS002980,Sneha Malhotra,Mumbai,Karnataka,2023-02-23,Retail
CUS002981,Priya Sharma,Bengaluru,Karnataka,2023-06-04,Business
CUS002982,Karan Joshi,Mumbai,Maharashtra,2025-10-04,Business
CUS002983,Karan Gupta,Pune,West Bengal,2024-05-24,Retail
CUS002984,Vikram Malhotra,Lucknow,Tamil Nadu,2023-10-08,Retail
CUS002985,Vivaan Jain,Hyderabad,Tamil Nadu,2023-03-08,Retail
CUS002986,Aditya Jain,Bengaluru,Uttar Pradesh,2025-02-12,Business
CUS002987,Vikram Jain,Bengaluru,Maharashtra,2023-03-20,Business
CUS002988,Rahul Sharma,Delhi,Rajasthan,2023-08-30,Business
CUS002989,Aditya Malhotra,Pune,Maharashtra,2024-07-19,Enterprise
CUS002990,Rohan Jain,Delhi,Telangana,2022-04-17,Business
CUS002991,Vivaan Joshi,Ahmedabad,Telangana,2025-09-14,Enterprise
CUS002992,Karan Patel,Kolkata,West Bengal,2023-10-20,Business
CUS002993,Aisha Patel,Lucknow,Uttar Pradesh,2023-01-10,Business
CUS002994,Vivaan Mehta,Chennai,Rajasthan,2023-04-11,Enterprise
CUS002995,Karan Jain,Kolkata,Delhi,2023-11-27,Enterprise
CUS002996,Aditya Jain,Delhi,Tamil Nadu,2025-05-11,Retail
CUS002997,Simran Gupta,Ahmedabad,Gujarat,2024-12-29,Business
CUS002998,Neha Kapoor,Delhi,Karnataka,2024-09-21,Retail
CUS002999,Ananya Joshi,Lucknow,Maharashtra,2023-01-17,Retail
CUS003000,Rahul Patel,Mumbai,Maharashtra,2022-09-02,Enterprise
CUS003001,Karan Kapoor,Pune,Karnataka,2025-11-28,Business
CUS003002,Pooja Mehta,Lucknow,Maharashtra,2025-10-03,Retail
CUS003003,Karan Sharma,Kolkata,Telangana,2025-11-21,Retail
CUS003004,Priya Malhotra,Delhi,Tamil Nadu,2022-08-01,Enterprise
CUS003005,Amit Malhotra,Hyderabad,Tamil Nadu,2022-12-31,Enterprise
CUS003006,Kavya Patel,Kolkata,Maharashtra,2022-12-20,Retail
CUS003007,Rahul Joshi,Ahmedabad,Telangana,2023-05-27,Retail
CUS003008,Pooja Joshi,Delhi,Delhi,2022-02-13,Business
CUS003009,Ishita Jain,Delhi,Maharashtra,2024-02-09,Retail
CUS003010,Sneha Gupta,Hyderabad,Uttar Pradesh,2025-08-16,Business
CUS003011,Ananya Singh,Pune,Rajasthan,2023-02-05,Retail
CUS003012,Ishita Verma,Hyderabad,West Bengal,2022-02-07,Business
CUS003013,Nikhil Kapoor,Kolkata,Rajasthan,2025-05-12,Enterprise
CUS003014,Kavya Sharma,Hyderabad,West Bengal,2022-02-12,Retail
CUS003015,Aarav Gupta,Lucknow,Gujarat,2024-11-05,Enterprise
CUS003016,Meera Patel,Lucknow,Tamil Nadu,2023-01-24,Enterprise
CUS003017,Karan Joshi,Hyderabad,Uttar Pradesh,2025-12-08,Retail
CUS003018,Sneha Mehta,Bengaluru,Delhi,2025-05-09,Enterprise
CUS003019,Kavya Mehta,Bengaluru,Telangana,2023-01-14,Business
CUS003020,Vikram Joshi,Chennai,Delhi,2022-11-24,Business
CUS003021,Simran Jain,Pune,Gujarat,2022-06-14,Business
CUS003022,Meera Kapoor,Mumbai,Delhi,2025-05-23,Retail
CUS003023,Aarav Gupta,Lucknow,Delhi,2022-11-06,Enterprise
CUS003024,Ishita Patel,Mumbai,Tamil Nadu,2024-04-20,Retail
CUS003025,Vivaan Jain,Lucknow,Tamil Nadu,2023-10-09,Enterprise
CUS003026,Simran Mehta,Bengaluru,Gujarat,2023-05-16,Business
CUS003027,Rahul Mehta,Delhi,Uttar Pradesh,2026-01-20,Business
CUS003028,Rohan Sharma,Ahmedabad,Gujarat,2022-06-05,Business
CUS003029,Neha Malhotra,Jaipur,Maharashtra,2025-08-16,Enterprise
CUS003030,Pooja Gupta,Mumbai,Karnataka,2023-02-24,Enterprise
CUS003031,Arjun Singh,Jaipur,Maharashtra,2022-03-31,Business
CUS003032,Simran Kapoor,Bengaluru,Delhi,2022-05-12,Enterprise
CUS003033,Aditya Jain,Delhi,Maharashtra,2022-12-21,Retail
CUS003034,Meera Verma,Jaipur,Maharashtra,2025-12-27,Business
CUS003035,Pooja Jain,Ahmedabad,Rajasthan,2024-05-04,Enterprise
CUS003036,Vikram Mehta,Hyderabad,Maharashtra,2022-08-01,Enterprise
CUS003037,Arjun Kapoor,Chennai,Telangana,2025-02-13,Enterprise
CUS003038,Vivaan Mehta,Hyderabad,Telangana,2022-10-01,Enterprise
CUS003039,Aarav Sharma,Ahmedabad,Delhi,2025-03-13,Enterprise
CUS003040,Vikram Joshi,Jaipur,West Bengal,2023-05-16,Business
CUS003041,Nikhil Gupta,Ahmedabad,Gujarat,2023-08-01,Business
CUS003042,Ishita Patel,Lucknow,Gujarat,2026-01-23,Retail
CUS003043,Ananya Verma,Delhi,Maharashtra,2025-06-04,Retail
CUS003044,Aisha Jain,Delhi,Maharashtra,2023-01-31,Retail
CUS003045,Aarav Verma,Mumbai,Maharashtra,2023-08-06,Retail
CUS003046,Amit Verma,Jaipur,Karnataka,2022-08-19,Business
CUS003047,Vikram Kapoor,Lucknow,Maharashtra,2022-07-04,Business
CUS003048,Amit Joshi,Delhi,Gujarat,2025-04-19,Enterprise
CUS003049,Amit Malhotra,Hyderabad,Uttar Pradesh,2025-11-15,Enterprise
CUS003050,Arjun Jain,Jaipur,Karnataka,2022-08-16,Enterprise
CUS003051,Pooja Sharma,Pune,Karnataka,2024-06-03,Business
CUS003052,Aisha Sharma,Delhi,Maharashtra,2022-05-08,Retail
CUS003053,Meera Singh,Delhi,Rajasthan,2023-11-21,Retail
CUS003054,Pooja Mehta,Bengaluru,Maharashtra,2022-01-08,Business
CUS003055,Vivaan Gupta,Delhi,Telangana,2023-05-16,Enterprise
CUS003056,Priya Kapoor,Pune,Tamil Nadu,2025-02-06,Enterprise
CUS003057,Rohan Mehta,Lucknow,Delhi,2025-09-13,Enterprise
CUS003058,Amit Sharma,Pune,West Bengal,2024-03-26,Enterprise
CUS003059,Aisha Jain,Kolkata,Gujarat,2023-05-15,Retail
CUS003060,Rohan Kapoor,Bengaluru,Rajasthan,2025-06-02,Business
CUS003061,Ananya Singh,Kolkata,Gujarat,2022-06-20,Enterprise
CUS003062,Kavya Patel,Jaipur,Gujarat,2022-12-29,Business
CUS003063,Karan Patel,Bengaluru,Gujarat,2025-02-04,Business
CUS003064,Arjun Sharma,Mumbai,Karnataka,2022-11-14,Enterprise
CUS003065,Nikhil Jain,Bengaluru,Karnataka,2026-01-08,Enterprise
CUS003066,Rahul Patel,Jaipur,Rajasthan,2026-02-06,Retail
CUS003067,Meera Jain,Kolkata,Uttar Pradesh,2026-01-31,Retail
CUS003068,Nikhil Joshi,Chennai,Maharashtra,2024-04-11,Business
CUS003069,Vikram Mehta,Mumbai,Maharashtra,2024-05-15,Enterprise
CUS003070,Meera Malhotra,Delhi,Maharashtra,2025-07-24,Enterprise
CUS003071,Nikhil Patel,Hyderabad,Karnataka,2022-06-03,Enterprise
CUS003072,Rahul Joshi,Lucknow,West Bengal,2024-04-19,Retail
CUS003073,Karan Kapoor,Mumbai,Tamil Nadu,2025-04-30,Business
CUS003074,Simran Kapoor,Bengaluru,Rajasthan,2025-11-19,Business
CUS003075,Meera Joshi,Delhi,Maharashtra,2026-01-06,Enterprise
CUS003076,Rahul Mehta,Ahmedabad,Tamil Nadu,2025-11-26,Business
CUS003077,Pooja Mehta,Delhi,Uttar Pradesh,2023-12-26,Enterprise
CUS003078,Arjun Jain,Chennai,West Bengal,2023-02-23,Business
CUS003079,Amit Kapoor,Lucknow,Uttar Pradesh,2022-11-29,Business
CUS003080,Kavya Singh,Lucknow,Telangana,2025-10-06,Business
CUS003081,Aarav Joshi,Hyderabad,Delhi,2025-04-01,Enterprise
CUS003082,Aarav Joshi,Hyderabad,West Bengal,2022-10-20,Enterprise
CUS003083,Aisha Mehta,Lucknow,Telangana,2022-05-09,Business
CUS003084,Simran Malhotra,Ahmedabad,West Bengal,2022-02-14,Enterprise
CUS003085,Aarav Kapoor,Lucknow,West Bengal,2023-09-21,Enterprise
CUS003086,Vikram Verma,Jaipur,Tamil Nadu,2025-11-05,Enterprise
CUS003087,Simran Verma,Ahmedabad,Telangana,2022-06-04,Enterprise
CUS003088,Ananya Malhotra,Jaipur,Telangana,2022-08-19,Business
CUS003089,Karan Singh,Hyderabad,West Bengal,2024-11-28,Enterprise
CUS003090,Kavya Singh,Ahmedabad,Uttar Pradesh,2025-01-03,Enterprise
CUS003091,Arjun Mehta,Hyderabad,Uttar Pradesh,2024-12-29,Retail
CUS003092,Neha Verma,Chennai,Maharashtra,2025-05-23,Retail
CUS003093,Nikhil Mehta,Pune,Tamil Nadu,2022-12-17,Retail
CUS003094,Vivaan Jain,Ahmedabad,Delhi,2024-07-28,Retail
CUS003095,Sneha Mehta,Hyderabad,Rajasthan,2025-05-17,Retail
CUS003096,Aarav Kapoor,Delhi,Telangana,2024-12-30,Business
CUS003097,Meera Kapoor,Mumbai,Karnataka,2022-01-02,Enterprise
CUS003098,Pooja Malhotra,Jaipur,Karnataka,2025-09-25,Retail
CUS003099,Kavya Joshi,Hyderabad,Rajasthan,2025-02-02,Retail
CUS003100,Amit Malhotra,Kolkata,Telangana,2022-08-06,Enterprise
CUS003101,Meera Mehta,Bengaluru,Maharashtra,2022-11-02,Business
CUS003102,Meera Sharma,Pune,Maharashtra,2023-03-12,Retail
CUS003103,Meera Mehta,Ahmedabad,Maharashtra,2025-04-27,Enterprise
CUS003104,Meera Singh,Pune,Tamil Nadu,2024-03-04,Business
CUS003105,Arjun Kapoor,Hyderabad,Uttar Pradesh,2023-01-28,Business
CUS003106,Pooja Verma,Ahmedabad,West Bengal,2025-03-12,Retail
CUS003107,Nikhil Joshi,Pune,Maharashtra,2024-12-23,Business
CUS003108,Rohan Mehta,Pune,Maharashtra,2022-08-20,Enterprise
CUS003109,Ananya Mehta,Chennai,Maharashtra,2022-04-08,Retail
CUS003110,Neha Verma,Hyderabad,Telangana,2022-09-27,Enterprise
CUS003111,Amit Sharma,Ahmedabad,West Bengal,2023-07-16,Enterprise
CUS003112,Kavya Mehta,Jaipur,Gujarat,2024-02-06,Retail
CUS003113,Ishita Sharma,Ahmedabad,Delhi,2022-09-16,Retail
CUS003114,Kavya Gupta,Lucknow,Uttar Pradesh,2024-06-12,Business
CUS003115,Rahul Gupta,Ahmedabad,Delhi,2023-01-13,Retail
CUS003116,Arjun Malhotra,Pune,Tamil Nadu,2023-04-29,Retail
CUS003117,Ishita Joshi,Pune,Telangana,2024-10-18,Business
CUS003118,Vikram Mehta,Hyderabad,Rajasthan,2023-08-14,Enterprise
CUS003119,Kavya Gupta,Lucknow,Karnataka,2025-05-15,Business
CUS003120,Kavya Jain,Mumbai,Karnataka,2024-12-30,Retail
CUS003121,Kavya Sharma,Kolkata,Maharashtra,2022-10-08,Business
CUS003122,Kavya Gupta,Bengaluru,Maharashtra,2022-12-07,Enterprise
CUS003123,Amit Sharma,Pune,Karnataka,2024-03-18,Retail
CUS003124,Rohan Patel,Mumbai,West Bengal,2023-05-01,Enterprise
CUS003125,Rahul Joshi,Kolkata,Delhi,2024-05-21,Business
CUS003126,Pooja Kapoor,Bengaluru,Uttar Pradesh,2023-12-11,Enterprise
CUS003127,Kavya Gupta,Jaipur,Tamil Nadu,2022-12-17,Retail
CUS003128,Simran Verma,Delhi,Tamil Nadu,2022-10-14,Enterprise
CUS003129,Kavya Patel,Ahmedabad,Maharashtra,2024-10-25,Business
CUS003130,Vikram Gupta,Lucknow,Maharashtra,2024-07-07,Retail
CUS003131,Vivaan Gupta,Pune,Rajasthan,2025-07-28,Retail
CUS003132,Meera Verma,Lucknow,Maharashtra,2023-06-14,Business
CUS003133,Karan Verma,Hyderabad,West Bengal,2023-04-17,Business
CUS003134,Ananya Gupta,Delhi,Telangana,2024-06-16,Enterprise
CUS003135,Ishita Patel,Kolkata,Maharashtra,2023-12-31,Enterprise
CUS003136,Ishita Malhotra,Kolkata,Karnataka,2023-06-17,Business
CUS003137,Amit Singh,Pune,Tamil Nadu,2023-04-19,Business
CUS003138,Nikhil Kapoor,Pune,Karnataka,2023-02-04,Retail
CUS003139,Nikhil Singh,Ahmedabad,Maharashtra,2022-05-21,Enterprise
CUS003140,Ananya Singh,Jaipur,Uttar Pradesh,2023-01-09,Business
CUS003141,Vivaan Kapoor,Kolkata,Rajasthan,2024-12-31,Retail
CUS003142,Pooja Patel,Chennai,Delhi,2024-09-09,Enterprise
CUS003143,Vikram Singh,Pune,Telangana,2025-02-10,Business
CUS003144,Rohan Gupta,Mumbai,Tamil Nadu,2023-01-07,Retail
CUS003145,Karan Verma,Ahmedabad,Tamil Nadu,2025-09-15,Retail
CUS003146,Kavya Singh,Kolkata,Rajasthan,2022-04-13,Retail
CUS003147,Nikhil Malhotra,Mumbai,Tamil Nadu,2024-05-20,Enterprise
CUS003148,Vikram Singh,Hyderabad,Telangana,2024-02-21,Business
CUS003149,Aditya Joshi,Kolkata,Gujarat,2022-11-29,Enterprise
CUS003150,Sneha Malhotra,Mumbai,Telangana,2023-04-05,Retail
CUS003151,Sneha Jain,Lucknow,Uttar Pradesh,2025-03-24,Business
CUS003152,Sneha Mehta,Hyderabad,Tamil Nadu,2022-04-18,Enterprise
CUS003153,Simran Malhotra,Lucknow,Maharashtra,2025-11-13,Retail
CUS003154,Arjun Sharma,Jaipur,Uttar Pradesh,2025-02-08,Business
CUS003155,Vikram Singh,Lucknow,Maharashtra,2024-12-24,Retail
CUS003156,Kavya Jain,Mumbai,Maharashtra,2025-01-11,Enterprise
CUS003157,Aisha Kapoor,Hyderabad,Telangana,2022-12-15,Enterprise
CUS003158,Ishita Mehta,Hyderabad,Rajasthan,2024-11-24,Business
CUS003159,Amit Malhotra,Kolkata,Uttar Pradesh,2024-01-30,Business
CUS003160,Rohan Kapoor,Chennai,West Bengal,2023-11-04,Enterprise
CUS003161,Simran Gupta,Jaipur,Delhi,2024-11-27,Enterprise
CUS003162,Arjun Malhotra,Pune,Delhi,2022-10-21,Retail
CUS003163,Karan Malhotra,Kolkata,Rajasthan,2025-06-01,Enterprise
CUS003164,Aditya Jain,Hyderabad,Rajasthan,2025-01-11,Retail
CUS003165,Amit Joshi,Mumbai,West Bengal,2022-01-30,Business
CUS003166,Simran Kapoor,Hyderabad,Telangana,2023-11-05,Retail
CUS003167,Neha Singh,Ahmedabad,West Bengal,2022-11-24,Enterprise
CUS003168,Sneha Kapoor,Mumbai,Maharashtra,2023-01-09,Enterprise
CUS003169,Ananya Sharma,Bengaluru,Rajasthan,2024-10-26,Business
CUS003170,Aisha Kapoor,Mumbai,Maharashtra,2025-03-29,Retail
CUS003171,Amit Joshi,Jaipur,Maharashtra,2023-07-18,Business
CUS003172,Simran Sharma,Pune,Uttar Pradesh,2025-09-06,Enterprise
CUS003173,Simran Jain,Mumbai,West Bengal,2024-08-16,Enterprise
CUS003174,Vivaan Gupta,Chennai,Delhi,2025-02-21,Business
CUS003175,Aisha Malhotra,Bengaluru,Karnataka,2024-02-05,Retail
CUS003176,Kavya Kapoor,Jaipur,Maharashtra,2026-01-18,Business
CUS003177,Aarav Gupta,Bengaluru,Delhi,2025-10-10,Business
CUS003178,Aarav Patel,Mumbai,Uttar Pradesh,2023-05-09,Enterprise
CUS003179,Aditya Sharma,Bengaluru,Rajasthan,2022-09-15,Enterprise
CUS003180,Vikram Verma,Delhi,Tamil Nadu,2023-12-17,Retail
CUS003181,Priya Mehta,Pune,Uttar Pradesh,2022-05-01,Enterprise
CUS003182,Nikhil Gupta,Jaipur,Maharashtra,2024-10-25,Enterprise
CUS003183,Arjun Sharma,Hyderabad,Tamil Nadu,2022-05-05,Retail
CUS003184,Ishita Singh,Kolkata,Karnataka,2024-03-31,Retail
CUS003185,Kavya Kapoor,Kolkata,Karnataka,2024-02-16,Business
CUS003186,Rahul Joshi,Mumbai,Karnataka,2025-11-14,Business
CUS003187,Nikhil Malhotra,Ahmedabad,Uttar Pradesh,2023-05-18,Retail
CUS003188,Meera Singh,Lucknow,Maharashtra,2025-12-13,Retail
CUS003189,Kavya Kapoor,Chennai,Gujarat,2022-07-05,Business
CUS003190,Ishita Joshi,Bengaluru,Maharashtra,2025-08-25,Business
CUS003191,Sneha Mehta,Bengaluru,Uttar Pradesh,2024-09-25,Enterprise
CUS003192,Rohan Gupta,Chennai,Maharashtra,2022-07-27,Business
CUS003193,Ishita Singh,Ahmedabad,Uttar Pradesh,2022-03-29,Enterprise
CUS003194,Rahul Kapoor,Bengaluru,West Bengal,2024-09-22,Retail
CUS003195,Karan Sharma,Delhi,Rajasthan,2025-05-02,Business
CUS003196,Sneha Mehta,Pune,Tamil Nadu,2023-05-26,Business
CUS003197,Rohan Kapoor,Mumbai,Gujarat,2023-06-07,Business
CUS003198,Aditya Mehta,Mumbai,Maharashtra,2022-08-03,Enterprise
CUS003199,Karan Gupta,Bengaluru,Tamil Nadu,2025-01-01,Enterprise
CUS003200,Ishita Mehta,Hyderabad,Maharashtra,2024-02-04,Retail
CUS003201,Vivaan Singh,Jaipur,Rajasthan,2022-01-03,Retail
CUS003202,Vikram Singh,Pune,Telangana,2022-10-20,Business
CUS003203,Aisha Singh,Ahmedabad,Delhi,2024-11-08,Retail
CUS003204,Neha Verma,Hyderabad,West Bengal,2022-08-26,Enterprise
CUS003205,Simran Singh,Lucknow,Tamil Nadu,2023-03-09,Retail
CUS003206,Simran Mehta,Lucknow,Maharashtra,2024-05-06,Business
CUS003207,Sneha Verma,Lucknow,Maharashtra,2025-03-12,Retail
CUS003208,Rohan Kapoor,Jaipur,Telangana,2025-06-10,Enterprise
CUS003209,Karan Verma,Chennai,Tamil Nadu,2022-08-18,Enterprise
CUS003210,Priya Gupta,Jaipur,West Bengal,2022-10-06,Business
CUS003211,Arjun Joshi,Hyderabad,Karnataka,2022-02-13,Enterprise
CUS003212,Aisha Kapoor,Jaipur,Maharashtra,2022-08-05,Business
CUS003213,Neha Sharma,Bengaluru,Telangana,2023-03-03,Enterprise
CUS003214,Nikhil Kapoor,Mumbai,Rajasthan,2024-10-07,Retail
CUS003215,Pooja Joshi,Kolkata,Tamil Nadu,2024-11-14,Retail
CUS003216,Priya Singh,Ahmedabad,Telangana,2024-08-30,Business
CUS003217,Aarav Verma,Mumbai,Karnataka,2026-01-09,Retail
CUS003218,Amit Sharma,Lucknow,Maharashtra,2023-12-16,Retail
CUS003219,Nikhil Mehta,Pune,Delhi,2025-01-21,Retail
CUS003220,Sneha Jain,Chennai,Telangana,2022-12-08,Retail
CUS003221,Neha Patel,Delhi,Karnataka,2022-06-24,Enterprise
CUS003222,Vivaan Gupta,Kolkata,West Bengal,2022-10-02,Retail
CUS003223,Neha Verma,Mumbai,Maharashtra,2022-04-26,Enterprise
CUS003224,Vikram Malhotra,Hyderabad,Maharashtra,2025-03-03,Retail
CUS003225,Rohan Verma,Chennai,Karnataka,2025-02-02,Enterprise
CUS003226,Aditya Sharma,Lucknow,West Bengal,2026-01-03,Enterprise
CUS003227,Ishita Patel,Delhi,Delhi,2023-07-22,Enterprise
CUS003228,Karan Sharma,Lucknow,Rajasthan,2024-08-30,Retail
CUS003229,Sneha Verma,Lucknow,Gujarat,2023-02-24,Retail
CUS003230,Rohan Gupta,Mumbai,West Bengal,2023-09-04,Retail
CUS003231,Rohan Verma,Pune,Telangana,2025-11-22,Enterprise
CUS003232,Ananya Jain,Ahmedabad,Maharashtra,2022-08-09,Enterprise
CUS003233,Amit Sharma,Pune,Karnataka,2023-09-18,Business
CUS003234,Nikhil Mehta,Mumbai,Gujarat,2023-03-17,Retail
CUS003235,Vikram Sharma,Delhi,Rajasthan,2024-03-28,Business
CUS003236,Rohan Sharma,Delhi,Maharashtra,2022-03-07,Enterprise
CUS003237,Kavya Singh,Ahmedabad,Gujarat,2026-01-17,Retail
CUS003238,Aditya Malhotra,Chennai,Karnataka,2024-04-18,Enterprise
CUS003239,Simran Sharma,Pune,Tamil Nadu,2024-08-10,Business
CUS003240,Amit Gupta,Pune,Maharashtra,2022-07-16,Business
CUS003241,Priya Jain,Chennai,Uttar Pradesh,2022-01-26,Retail
CUS003242,Karan Singh,Lucknow,West Bengal,2022-07-03,Retail
CUS003243,Vivaan Joshi,Delhi,Delhi,2022-07-11,Retail
CUS003244,Ananya Kapoor,Ahmedabad,Uttar Pradesh,2022-03-26,Enterprise
CUS003245,Nikhil Joshi,Mumbai,Gujarat,2024-10-12,Retail
CUS003246,Rohan Patel,Pune,Telangana,2023-10-10,Enterprise
CUS003247,Neha Mehta,Mumbai,West Bengal,2022-08-16,Enterprise
CUS003248,Rohan Kapoor,Mumbai,West Bengal,2022-01-13,Business
CUS003249,Neha Verma,Bengaluru,Gujarat,2022-04-21,Retail
CUS003250,Priya Verma,Hyderabad,Delhi,2023-01-12,Business
CUS003251,Rahul Patel,Ahmedabad,Maharashtra,2022-10-23,Business
CUS003252,Rohan Singh,Lucknow,Telangana,2022-06-18,Retail
CUS003253,Aarav Malhotra,Hyderabad,Telangana,2024-07-02,Business
CUS003254,Rohan Mehta,Lucknow,Maharashtra,2023-03-03,Enterprise
CUS003255,Rohan Mehta,Chennai,Tamil Nadu,2022-07-13,Retail
CUS003256,Rahul Joshi,Ahmedabad,Maharashtra,2025-08-27,Business
CUS003257,Amit Verma,Jaipur,Maharashtra,2025-10-18,Retail
CUS003258,Neha Gupta,Chennai,Uttar Pradesh,2025-01-11,Business
CUS003259,Arjun Mehta,Pune,Delhi,2022-08-05,Retail
CUS003260,Simran Patel,Chennai,Rajasthan,2025-04-05,Retail
CUS003261,Rohan Mehta,Jaipur,Gujarat,2025-12-10,Business
CUS003262,Amit Kapoor,Ahmedabad,Telangana,2024-09-07,Enterprise
CUS003263,Aisha Kapoor,Ahmedabad,Delhi,2023-03-15,Business
CUS003264,Sneha Sharma,Pune,Rajasthan,2024-12-12,Business
CUS003265,Ishita Joshi,Hyderabad,Maharashtra,2024-11-12,Enterprise
CUS003266,Priya Joshi,Jaipur,Maharashtra,2025-03-02,Retail
CUS003267,Simran Sharma,Kolkata,Telangana,2025-06-23,Enterprise
CUS003268,Rahul Patel,Ahmedabad,Telangana,2022-03-31,Retail
CUS003269,Sneha Malhotra,Jaipur,Karnataka,2024-03-15,Enterprise
CUS003270,Rahul Singh,Chennai,Karnataka,2023-07-25,Enterprise
CUS003271,Neha Kapoor,Ahmedabad,Telangana,2024-07-08,Retail
CUS003272,Nikhil Jain,Mumbai,Karnataka,2025-03-21,Enterprise
CUS003273,Aisha Gupta,Hyderabad,Gujarat,2023-01-19,Retail
CUS003274,Aarav Jain,Mumbai,Delhi,2023-02-13,Enterprise
CUS003275,Vikram Jain,Pune,Tamil Nadu,2023-11-05,Retail
CUS003276,Ananya Singh,Pune,Maharashtra,2022-02-12,Retail
CUS003277,Pooja Kapoor,Ahmedabad,Karnataka,2023-08-21,Enterprise
CUS003278,Sneha Joshi,Bengaluru,Uttar Pradesh,2022-08-16,Enterprise
CUS003279,Aarav Sharma,Jaipur,Rajasthan,2025-03-16,Enterprise
CUS003280,Aditya Patel,Hyderabad,Maharashtra,2024-04-11,Retail
CUS003281,Aarav Malhotra,Mumbai,Gujarat,2025-03-08,Enterprise
CUS003282,Rahul Singh,Delhi,West Bengal,2023-02-17,Business
CUS003283,Simran Kapoor,Lucknow,West Bengal,2026-01-07,Enterprise
CUS003284,Vivaan Mehta,Pune,Rajasthan,2023-11-21,Business
CUS003285,Pooja Patel,Jaipur,Gujarat,2024-09-10,Business
CUS003286,Sneha Singh,Pune,Maharashtra,2022-02-17,Enterprise
CUS003287,Simran Kapoor,Hyderabad,Karnataka,2023-05-26,Business
CUS003288,Arjun Patel,Bengaluru,West Bengal,2022-06-18,Retail
CUS003289,Nikhil Patel,Chennai,Maharashtra,2025-09-18,Enterprise
CUS003290,Pooja Gupta,Hyderabad,Tamil Nadu,2024-10-23,Retail
CUS003291,Simran Verma,Delhi,Maharashtra,2023-01-23,Enterprise
CUS003292,Neha Sharma,Mumbai,Tamil Nadu,2023-02-21,Business
CUS003293,Priya Verma,Ahmedabad,Gujarat,2022-03-03,Business
CUS003294,Kavya Mehta,Lucknow,Uttar Pradesh,2025-05-08,Business
CUS003295,Ishita Malhotra,Hyderabad,Gujarat,2024-06-03,Business
CUS003296,Rahul Sharma,Mumbai,Maharashtra,2025-02-01,Retail
CUS003297,Neha Sharma,Delhi,Rajasthan,2022-07-07,Enterprise
CUS003298,Nikhil Jain,Delhi,Karnataka,2024-11-17,Business
CUS003299,Amit Verma,Pune,Delhi,2024-03-11,Retail
CUS003300,Vivaan Kapoor,Chennai,Rajasthan,2022-05-24,Business
CUS003301,Neha Gupta,Delhi,West Bengal,2023-04-11,Business
CUS003302,Ananya Mehta,Hyderabad,Delhi,2023-04-01,Business
CUS003303,Karan Sharma,Pune,Telangana,2022-06-28,Retail
CUS003304,Amit Patel,Jaipur,Delhi,2025-02-03,Enterprise
CUS003305,Kavya Patel,Jaipur,Maharashtra,2025-11-07,Business
CUS003306,Aditya Jain,Chennai,Tamil Nadu,2025-03-02,Retail
CUS003307,Ishita Mehta,Mumbai,Maharashtra,2022-05-05,Business
CUS003308,Amit Jain,Bengaluru,Maharashtra,2023-06-26,Business
CUS003309,Aisha Sharma,Pune,Maharashtra,2022-09-19,Enterprise
CUS003310,Priya Kapoor,Delhi,West Bengal,2022-06-27,Retail
CUS003311,Aditya Jain,Bengaluru,Delhi,2025-03-08,Enterprise
CUS003312,Aisha Patel,Chennai,Maharashtra,2022-09-14,Retail
CUS003313,Neha Kapoor,Chennai,Maharashtra,2024-10-16,Enterprise
CUS003314,Aisha Mehta,Chennai,Karnataka,2026-02-05,Business
CUS003315,Ishita Mehta,Pune,Telangana,2025-09-03,Retail
CUS003316,Rahul Joshi,Ahmedabad,Karnataka,2025-07-22,Business
CUS003317,Sneha Sharma,Mumbai,Uttar Pradesh,2022-06-30,Business
CUS003318,Priya Sharma,Chennai,West Bengal,2026-01-12,Enterprise
CUS003319,Ananya Verma,Kolkata,Delhi,2023-06-16,Retail
CUS003320,Meera Kapoor,Ahmedabad,Maharashtra,2024-10-02,Business
CUS003321,Pooja Jain,Delhi,Tamil Nadu,2022-07-27,Enterprise
CUS003322,Rahul Joshi,Delhi,Gujarat,2024-07-16,Retail
CUS003323,Nikhil Mehta,Ahmedabad,Gujarat,2023-12-21,Enterprise
CUS003324,Sneha Jain,Delhi,Telangana,2022-06-06,Enterprise
CUS003325,Karan Mehta,Jaipur,West Bengal,2024-11-11,Business
CUS003326,Amit Verma,Kolkata,West Bengal,2022-06-14,Enterprise
CUS003327,Rohan Malhotra,Pune,Karnataka,2024-01-11,Retail
CUS003328,Vivaan Mehta,Mumbai,Rajasthan,2023-09-14,Enterprise
CUS003329,Simran Joshi,Hyderabad,Delhi,2022-09-15,Retail
CUS003330,Kavya Verma,Bengaluru,Telangana,2022-04-20,Business
CUS003331,Aisha Mehta,Jaipur,Delhi,2022-08-15,Retail
CUS003332,Aditya Gupta,Ahmedabad,Telangana,2025-05-23,Enterprise
CUS003333,Meera Jain,Chennai,Telangana,2025-03-23,Retail
CUS003334,Aarav Mehta,Hyderabad,Telangana,2025-08-09,Retail
CUS003335,Arjun Patel,Lucknow,West Bengal,2023-02-05,Enterprise
CUS003336,Pooja Patel,Jaipur,Delhi,2024-08-07,Retail
CUS003337,Aarav Mehta,Bengaluru,Telangana,2023-04-07,Business
CUS003338,Simran Verma,Jaipur,Rajasthan,2023-01-02,Enterprise
CUS003339,Aditya Kapoor,Jaipur,Telangana,2025-04-16,Business
CUS003340,Pooja Sharma,Ahmedabad,Gujarat,2023-06-16,Retail
CUS003341,Meera Patel,Mumbai,Maharashtra,2023-01-08,Retail
CUS003342,Rohan Gupta,Hyderabad,Karnataka,2025-09-06,Enterprise
CUS003343,Neha Patel,Delhi,Karnataka,2022-03-02,Retail
CUS003344,Sneha Sharma,Hyderabad,Uttar Pradesh,2024-12-17,Business
CUS003345,Aarav Singh,Kolkata,Delhi,2022-07-25,Enterprise
CUS003346,Nikhil Mehta,Pune,Maharashtra,2023-02-19,Retail
CUS003347,Vivaan Singh,Mumbai,Uttar Pradesh,2024-07-03,Enterprise
CUS003348,Simran Malhotra,Lucknow,Maharashtra,2022-06-14,Retail
CUS003349,Neha Sharma,Pune,Karnataka,2023-09-02,Business
CUS003350,Arjun Singh,Mumbai,West Bengal,2022-07-22,Enterprise
CUS003351,Karan Kapoor,Ahmedabad,Maharashtra,2022-08-03,Enterprise
CUS003352,Sneha Jain,Chennai,Uttar Pradesh,2022-04-15,Enterprise
CUS003353,Nikhil Verma,Mumbai,Uttar Pradesh,2025-08-20,Business
CUS003354,Karan Kapoor,Chennai,Tamil Nadu,2022-01-20,Enterprise
CUS003355,Arjun Patel,Bengaluru,West Bengal,2023-11-29,Retail
CUS003356,Kavya Kapoor,Delhi,Maharashtra,2022-02-16,Business
CUS003357,Rohan Kapoor,Jaipur,West Bengal,2024-12-06,Enterprise
CUS003358,Aarav Joshi,Delhi,West Bengal,2025-05-11,Retail
CUS003359,Priya Joshi,Mumbai,Gujarat,2022-08-05,Business
CUS003360,Aarav Kapoor,Jaipur,Maharashtra,2025-06-14,Business
CUS003361,Rahul Jain,Bengaluru,Uttar Pradesh,2025-04-19,Enterprise
CUS003362,Sneha Verma,Kolkata,West Bengal,2022-09-05,Enterprise
CUS003363,Ananya Joshi,Chennai,Karnataka,2022-03-24,Business
CUS003364,Aisha Kapoor,Mumbai,Maharashtra,2023-01-08,Business
CUS003365,Pooja Sharma,Jaipur,Tamil Nadu,2023-12-22,Business
CUS003366,Nikhil Sharma,Pune,Delhi,2025-08-26,Business
CUS003367,Ishita Singh,Delhi,Karnataka,2024-03-20,Retail
CUS003368,Rohan Patel,Ahmedabad,Uttar Pradesh,2022-03-19,Business
CUS003369,Amit Mehta,Jaipur,Tamil Nadu,2024-07-22,Business
CUS003370,Sneha Joshi,Pune,Gujarat,2024-06-25,Enterprise
CUS003371,Meera Patel,Ahmedabad,Uttar Pradesh,2025-11-14,Retail
CUS003372,Priya Malhotra,Chennai,Delhi,2022-07-03,Business
CUS003373,Vivaan Patel,Ahmedabad,Telangana,2022-10-25,Business
CUS003374,Aditya Sharma,Kolkata,Maharashtra,2023-03-22,Retail
CUS003375,Meera Sharma,Jaipur,Telangana,2022-11-17,Business
CUS003376,Ananya Patel,Lucknow,Rajasthan,2023-03-31,Enterprise
CUS003377,Rahul Verma,Jaipur,Telangana,2024-10-27,Retail
CUS003378,Priya Sharma,Pune,Telangana,2022-08-08,Enterprise
CUS003379,Aisha Malhotra,Mumbai,Maharashtra,2023-10-10,Retail
CUS003380,Vivaan Jain,Mumbai,Tamil Nadu,2022-05-26,Business
CUS003381,Vikram Gupta,Jaipur,Gujarat,2025-12-01,Business
CUS003382,Sneha Singh,Bengaluru,Uttar Pradesh,2023-11-07,Retail
CUS003383,Ishita Kapoor,Mumbai,Maharashtra,2022-01-07,Business
CUS003384,Aarav Patel,Hyderabad,West Bengal,2024-05-11,Business
CUS003385,Rahul Joshi,Jaipur,Uttar Pradesh,2024-05-19,Retail
CUS003386,Kavya Joshi,Bengaluru,Rajasthan,2023-11-22,Business
CUS003387,Arjun Jain,Jaipur,Maharashtra,2024-07-08,Business
CUS003388,Kavya Patel,Delhi,Karnataka,2025-04-27,Business
CUS003389,Simran Joshi,Jaipur,Maharashtra,2023-12-01,Business
CUS003390,Neha Jain,Ahmedabad,Maharashtra,2025-10-07,Enterprise
CUS003391,Karan Jain,Bengaluru,Gujarat,2022-02-08,Retail
CUS003392,Ishita Verma,Ahmedabad,Tamil Nadu,2023-07-28,Business
CUS003393,Karan Joshi,Delhi,Maharashtra,2024-01-04,Retail
CUS003394,Karan Patel,Pune,West Bengal,2023-02-21,Retail
CUS003395,Nikhil Joshi,Mumbai,Tamil Nadu,2024-02-26,Business
CUS003396,Vikram Kapoor,Bengaluru,West Bengal,2025-09-23,Enterprise
CUS003397,Vivaan Singh,Mumbai,West Bengal,2023-10-14,Business
CUS003398,Priya Kapoor,Pune,Delhi,2024-06-24,Business
CUS003399,Aditya Verma,Jaipur,Tamil Nadu,2025-12-16,Business
CUS003400,Rohan Mehta,Pune,Delhi,2025-02-26,Retail
CUS003401,Kavya Verma,Ahmedabad,Rajasthan,2024-04-04,Retail
CUS003402,Karan Jain,Jaipur,Rajasthan,2023-09-07,Retail
CUS003403,Karan Mehta,Ahmedabad,Telangana,2022-10-06,Retail
CUS003404,Karan Mehta,Bengaluru,Delhi,2024-09-06,Retail
CUS003405,Ananya Gupta,Bengaluru,Rajasthan,2024-04-01,Business
CUS003406,Aisha Jain,Chennai,Uttar Pradesh,2022-09-14,Retail
CUS003407,Nikhil Mehta,Jaipur,West Bengal,2025-05-28,Retail
CUS003408,Aisha Sharma,Hyderabad,Rajasthan,2024-12-07,Business
CUS003409,Simran Singh,Delhi,Maharashtra,2025-11-22,Business
CUS003410,Meera Singh,Hyderabad,Maharashtra,2023-12-12,Retail
CUS003411,Nikhil Malhotra,Delhi,West Bengal,2023-02-14,Enterprise
CUS003412,Aisha Patel,Chennai,Uttar Pradesh,2024-07-09,Business
CUS003413,Neha Sharma,Chennai,Karnataka,2025-10-28,Enterprise
CUS003414,Kavya Mehta,Kolkata,Maharashtra,2024-08-28,Enterprise
CUS003415,Amit Joshi,Kolkata,Tamil Nadu,2023-12-07,Business
CUS003416,Rohan Mehta,Mumbai,Uttar Pradesh,2025-12-13,Retail
CUS003417,Priya Kapoor,Hyderabad,Delhi,2023-01-06,Business
CUS003418,Ananya Mehta,Delhi,West Bengal,2026-02-01,Retail
CUS003419,Rohan Sharma,Delhi,Delhi,2025-08-10,Retail
CUS003420,Vikram Patel,Mumbai,Maharashtra,2024-08-09,Business
CUS003421,Vikram Mehta,Lucknow,Maharashtra,2024-10-04,Retail
CUS003422,Aisha Jain,Pune,Telangana,2022-11-19,Enterprise
CUS003423,Pooja Gupta,Mumbai,Telangana,2023-07-04,Enterprise
CUS003424,Sneha Malhotra,Jaipur,Karnataka,2022-03-08,Business
CUS003425,Rohan Patel,Ahmedabad,Uttar Pradesh,2022-01-17,Retail
CUS003426,Simran Jain,Delhi,Maharashtra,2023-01-05,Enterprise
CUS003427,Aisha Malhotra,Jaipur,Maharashtra,2022-07-15,Business
CUS003428,Rohan Mehta,Hyderabad,West Bengal,2022-06-08,Retail
CUS003429,Aisha Kapoor,Pune,Maharashtra,2024-07-11,Business
CUS003430,Aarav Singh,Mumbai,Gujarat,2023-02-02,Business
CUS003431,Vivaan Gupta,Pune,Maharashtra,2023-08-20,Enterprise
CUS003432,Ananya Singh,Delhi,Gujarat,2024-07-28,Retail
CUS003433,Neha Verma,Ahmedabad,Uttar Pradesh,2023-04-04,Retail
CUS003434,Karan Jain,Lucknow,Telangana,2024-06-27,Business
CUS003435,Priya Kapoor,Pune,Rajasthan,2023-04-01,Enterprise
CUS003436,Vivaan Mehta,Chennai,Telangana,2022-05-05,Retail
CUS003437,Meera Malhotra,Lucknow,Rajasthan,2023-10-28,Retail
CUS003438,Amit Singh,Lucknow,Karnataka,2022-09-18,Business
CUS003439,Rohan Joshi,Delhi,Rajasthan,2022-06-28,Retail
CUS003440,Simran Patel,Ahmedabad,Karnataka,2023-12-14,Enterprise
CUS003441,Vivaan Verma,Lucknow,Gujarat,2022-05-02,Retail
CUS003442,Aisha Mehta,Kolkata,Gujarat,2025-08-15,Business
CUS003443,Rohan Joshi,Delhi,Rajasthan,2025-08-12,Business
CUS003444,Meera Singh,Lucknow,West Bengal,2023-06-27,Enterprise
CUS003445,Simran Gupta,Pune,West Bengal,2026-01-20,Retail
CUS003446,Nikhil Kapoor,Ahmedabad,Telangana,2022-01-06,Business
CUS003447,Vikram Gupta,Ahmedabad,Maharashtra,2022-12-14,Retail
CUS003448,Pooja Sharma,Mumbai,Uttar Pradesh,2022-12-18,Enterprise
CUS003449,Vivaan Jain,Delhi,Maharashtra,2024-01-31,Business
CUS003450,Priya Malhotra,Pune,Telangana,2023-06-15,Enterprise
CUS003451,Simran Sharma,Lucknow,Karnataka,2022-12-22,Retail
CUS003452,Meera Singh,Bengaluru,Karnataka,2022-12-21,Retail
CUS003453,Rohan Singh,Chennai,Maharashtra,2022-03-25,Retail
CUS003454,Meera Gupta,Chennai,Maharashtra,2022-08-21,Enterprise
CUS003455,Priya Gupta,Hyderabad,Tamil Nadu,2026-01-10,Enterprise
CUS003456,Vivaan Singh,Ahmedabad,Uttar Pradesh,2024-10-29,Enterprise
CUS003457,Pooja Verma,Bengaluru,Uttar Pradesh,2023-02-01,Retail
CUS003458,Ananya Jain,Hyderabad,Karnataka,2024-03-18,Retail
CUS003459,Simran Mehta,Delhi,Maharashtra,2025-01-05,Retail
CUS003460,Meera Malhotra,Jaipur,Karnataka,2022-09-08,Retail
CUS003461,Neha Verma,Mumbai,Delhi,2025-04-02,Retail
CUS003462,Karan Gupta,Lucknow,Gujarat,2023-10-04,Enterprise
CUS003463,Amit Malhotra,Delhi,Maharashtra,2022-08-30,Retail
CUS003464,Priya Joshi,Ahmedabad,Karnataka,2022-06-04,Business
CUS003465,Karan Verma,Lucknow,Tamil Nadu,2023-07-24,Retail
CUS003466,Aditya Sharma,Ahmedabad,Delhi,2025-05-04,Business
CUS003467,Aditya Malhotra,Bengaluru,West Bengal,2023-12-02,Enterprise
CUS003468,Arjun Malhotra,Delhi,Delhi,2024-03-21,Business
CUS003469,Aditya Singh,Mumbai,West Bengal,2024-02-02,Retail
CUS003470,Sneha Jain,Ahmedabad,Telangana,2024-08-27,Business
CUS003471,Rahul Kapoor,Ahmedabad,Telangana,2024-02-24,Retail
CUS003472,Rahul Sharma,Lucknow,Gujarat,2022-09-04,Business
CUS003473,Priya Sharma,Pune,Uttar Pradesh,2025-04-29,Retail
CUS003474,Pooja Verma,Chennai,Delhi,2023-07-08,Retail
CUS003475,Ananya Jain,Mumbai,Maharashtra,2023-12-26,Enterprise
CUS003476,Priya Gupta,Chennai,Maharashtra,2023-10-13,Retail
CUS003477,Neha Singh,Delhi,Maharashtra,2025-04-06,Enterprise
CUS003478,Arjun Verma,Bengaluru,Maharashtra,2024-11-25,Business
CUS003479,Vikram Malhotra,Kolkata,Delhi,2023-06-19,Business
CUS003480,Amit Jain,Chennai,Telangana,2022-09-26,Retail
CUS003481,Aditya Kapoor,Jaipur,Karnataka,2025-12-21,Business
CUS003482,Kavya Kapoor,Mumbai,Uttar Pradesh,2023-01-05,Enterprise
CUS003483,Aarav Verma,Jaipur,West Bengal,2024-10-05,Retail
CUS003484,Aisha Joshi,Ahmedabad,Uttar Pradesh,2023-02-11,Retail
CUS003485,Priya Jain,Lucknow,Uttar Pradesh,2025-02-17,Business
CUS003486,Meera Patel,Chennai,Uttar Pradesh,2022-04-28,Retail
CUS003487,Kavya Joshi,Jaipur,Telangana,2024-06-06,Business
CUS003488,Vivaan Kapoor,Chennai,Rajasthan,2024-01-06,Enterprise
CUS003489,Nikhil Kapoor,Bengaluru,Rajasthan,2022-12-18,Business
CUS003490,Aisha Joshi,Delhi,Gujarat,2022-12-19,Retail
CUS003491,Nikhil Verma,Ahmedabad,West Bengal,2022-09-14,Enterprise
CUS003492,Simran Jain,Chennai,Telangana,2023-03-20,Enterprise
CUS003493,Kavya Gupta,Mumbai,Uttar Pradesh,2024-03-13,Retail
CUS003494,Pooja Jain,Delhi,Delhi,2023-12-19,Retail
CUS003495,Arjun Kapoor,Delhi,Tamil Nadu,2026-02-02,Enterprise
CUS003496,Sneha Jain,Hyderabad,West Bengal,2022-12-19,Enterprise
CUS003497,Aisha Singh,Lucknow,Telangana,2023-01-05,Enterprise
CUS003498,Aarav Patel,Delhi,Delhi,2023-05-19,Business
CUS003499,Aditya Verma,Lucknow,Uttar Pradesh,2022-12-25,Enterprise
CUS003500,Aarav Sharma,Lucknow,Gujarat,2024-03-18,Retail
CUS003501,Karan Sharma,Delhi,Gujarat,2024-03-27,Retail
CUS003502,Neha Gupta,Pune,Uttar Pradesh,2024-01-10,Business
CUS003503,Ananya Jain,Mumbai,West Bengal,2023-08-07,Enterprise
CUS003504,Vivaan Sharma,Bengaluru,Uttar Pradesh,2022-06-03,Retail
CUS003505,Aditya Malhotra,Bengaluru,Karnataka,2024-01-30,Retail
CUS003506,Pooja Malhotra,Delhi,Delhi,2022-11-25,Business
CUS003507,Karan Patel,Mumbai,Uttar Pradesh,2023-04-01,Business
CUS003508,Aarav Sharma,Ahmedabad,Maharashtra,2024-12-19,Retail
CUS003509,Karan Joshi,Pune,Tamil Nadu,2024-03-30,Business
CUS003510,Sneha Patel,Ahmedabad,Maharashtra,2024-08-28,Business
CUS003511,Rahul Mehta,Hyderabad,Karnataka,2025-12-22,Enterprise
CUS003512,Meera Sharma,Pune,Uttar Pradesh,2023-10-29,Retail
CUS003513,Karan Jain,Bengaluru,Telangana,2024-05-17,Retail
CUS003514,Karan Mehta,Delhi,Karnataka,2025-10-10,Retail
CUS003515,Ananya Singh,Ahmedabad,Maharashtra,2022-01-26,Enterprise
CUS003516,Amit Verma,Hyderabad,Maharashtra,2024-06-10,Business
CUS003517,Rahul Singh,Mumbai,Gujarat,2023-12-16,Business
CUS003518,Ishita Patel,Bengaluru,West Bengal,2023-01-01,Business
CUS003519,Vikram Mehta,Jaipur,Tamil Nadu,2024-09-03,Business
CUS003520,Vivaan Mehta,Bengaluru,Telangana,2025-05-22,Business
CUS003521,Rohan Malhotra,Pune,Telangana,2024-05-27,Retail
CUS003522,Vikram Gupta,Chennai,Maharashtra,2024-11-13,Enterprise
CUS003523,Karan Sharma,Mumbai,West Bengal,2025-06-23,Enterprise
CUS003524,Simran Singh,Delhi,Telangana,2025-11-29,Retail
CUS003525,Vivaan Jain,Hyderabad,Rajasthan,2023-03-25,Business
CUS003526,Ishita Verma,Hyderabad,Maharashtra,2024-10-13,Retail
CUS003527,Priya Verma,Chennai,Gujarat,2023-11-18,Retail
CUS003528,Nikhil Mehta,Lucknow,Telangana,2024-07-07,Enterprise
CUS003529,Aarav Jain,Chennai,Telangana,2025-01-02,Business
CUS003530,Priya Mehta,Delhi,Gujarat,2025-02-19,Enterprise
CUS003531,Vivaan Verma,Kolkata,Delhi,2023-02-10,Enterprise
CUS003532,Aisha Verma,Mumbai,Maharashtra,2022-01-07,Enterprise
CUS003533,Kavya Singh,Jaipur,Tamil Nadu,2025-07-05,Business
CUS003534,Vikram Verma,Delhi,Maharashtra,2024-03-11,Enterprise
CUS003535,Neha Singh,Chennai,Uttar Pradesh,2025-05-20,Retail
CUS003536,Vivaan Malhotra,Bengaluru,West Bengal,2024-12-28,Retail
CUS003537,Neha Mehta,Pune,Telangana,2024-09-27,Enterprise
CUS003538,Aisha Patel,Hyderabad,Karnataka,2024-07-22,Enterprise
CUS003539,Nikhil Verma,Hyderabad,Karnataka,2024-07-25,Retail
CUS003540,Sneha Mehta,Mumbai,Rajasthan,2024-07-13,Enterprise
CUS003541,Meera Mehta,Hyderabad,Gujarat,2024-08-15,Retail
CUS003542,Sneha Singh,Ahmedabad,Rajasthan,2022-05-18,Business
CUS003543,Ishita Patel,Jaipur,Tamil Nadu,2024-11-25,Enterprise
CUS003544,Amit Malhotra,Pune,Maharashtra,2022-11-02,Business
CUS003545,Vikram Jain,Lucknow,Maharashtra,2022-01-23,Enterprise
CUS003546,Ishita Gupta,Pune,West Bengal,2025-08-23,Enterprise
CUS003547,Sneha Sharma,Hyderabad,Karnataka,2024-01-15,Business
CUS003548,Aisha Sharma,Chennai,Maharashtra,2023-04-12,Enterprise
CUS003549,Priya Joshi,Hyderabad,Gujarat,2025-04-27,Enterprise
CUS003550,Priya Singh,Pune,Gujarat,2024-09-16,Enterprise
CUS003551,Karan Singh,Pune,Gujarat,2024-08-22,Enterprise
CUS003552,Arjun Kapoor,Delhi,Delhi,2023-01-11,Business
CUS003553,Aisha Joshi,Lucknow,Telangana,2022-06-16,Enterprise
CUS003554,Aarav Kapoor,Kolkata,Rajasthan,2025-08-18,Enterprise
CUS003555,Aisha Gupta,Bengaluru,Rajasthan,2023-11-06,Enterprise
CUS003556,Amit Sharma,Ahmedabad,West Bengal,2023-02-25,Enterprise
CUS003557,Aisha Singh,Hyderabad,Delhi,2025-11-27,Enterprise
CUS003558,Amit Kapoor,Kolkata,Gujarat,2022-02-19,Enterprise
CUS003559,Kavya Gupta,Pune,Telangana,2025-03-15,Retail
CUS003560,Rahul Patel,Kolkata,Maharashtra,2023-06-22,Enterprise
CUS003561,Pooja Mehta,Mumbai,Rajasthan,2024-04-02,Enterprise
CUS003562,Karan Sharma,Ahmedabad,Gujarat,2023-02-26,Retail
CUS003563,Vivaan Patel,Ahmedabad,Delhi,2025-03-29,Enterprise
CUS003564,Aarav Joshi,Bengaluru,Uttar Pradesh,2025-04-05,Retail
CUS003565,Nikhil Malhotra,Mumbai,Uttar Pradesh,2025-01-03,Retail
CUS003566,Vikram Patel,Jaipur,Delhi,2024-05-07,Enterprise
CUS003567,Kavya Singh,Bengaluru,West Bengal,2022-07-05,Business
CUS003568,Aarav Kapoor,Ahmedabad,Telangana,2025-06-04,Business
CUS003569,Rohan Mehta,Lucknow,Telangana,2022-11-20,Retail
CUS003570,Ananya Malhotra,Jaipur,Karnataka,2022-06-28,Enterprise
CUS003571,Priya Gupta,Hyderabad,Uttar Pradesh,2025-11-18,Retail
CUS003572,Arjun Verma,Chennai,Uttar Pradesh,2025-06-04,Business
CUS003573,Karan Sharma,Ahmedabad,Uttar Pradesh,2023-01-03,Retail
CUS003574,Amit Gupta,Jaipur,West Bengal,2023-01-24,Retail
CUS003575,Meera Verma,Lucknow,Rajasthan,2022-11-29,Business
CUS003576,Priya Kapoor,Jaipur,Telangana,2025-09-10,Retail
CUS003577,Vivaan Jain,Mumbai,West Bengal,2026-01-24,Enterprise
CUS003578,Arjun Mehta,Kolkata,Rajasthan,2022-01-12,Business
CUS003579,Sneha Verma,Bengaluru,Maharashtra,2023-12-05,Enterprise
CUS003580,Nikhil Malhotra,Pune,Maharashtra,2024-02-17,Enterprise
CUS003581,Neha Malhotra,Delhi,Rajasthan,2022-07-10,Business
CUS003582,Aarav Singh,Kolkata,Maharashtra,2022-08-23,Business
CUS003583,Vivaan Malhotra,Delhi,Gujarat,2025-07-15,Business
CUS003584,Vivaan Joshi,Pune,Karnataka,2022-03-05,Enterprise
CUS003585,Pooja Sharma,Jaipur,Maharashtra,2024-07-19,Retail
CUS003586,Sneha Jain,Jaipur,Delhi,2025-05-15,Business
CUS003587,Pooja Jain,Hyderabad,Telangana,2024-12-14,Business
CUS003588,Aarav Sharma,Kolkata,Delhi,2024-11-23,Enterprise
CUS003589,Simran Gupta,Lucknow,Delhi,2025-08-06,Enterprise
CUS003590,Karan Verma,Mumbai,Maharashtra,2024-05-08,Enterprise
CUS003591,Aarav Mehta,Lucknow,Maharashtra,2026-01-12,Enterprise
CUS003592,Sneha Patel,Delhi,West Bengal,2024-04-11,Business
CUS003593,Rahul Sharma,Jaipur,Maharashtra,2024-12-22,Retail
CUS003594,Aarav Singh,Lucknow,Maharashtra,2024-07-23,Retail
CUS003595,Rohan Mehta,Bengaluru,Telangana,2023-07-29,Business
CUS003596,Ananya Gupta,Lucknow,Gujarat,2025-07-14,Enterprise
CUS003597,Rohan Verma,Chennai,Rajasthan,2025-10-25,Business
CUS003598,Aarav Patel,Delhi,Maharashtra,2023-08-28,Enterprise
CUS003599,Rahul Verma,Delhi,Tamil Nadu,2023-03-17,Business
CUS003600,Amit Sharma,Lucknow,Maharashtra,2022-11-16,Retail
CUS003601,Karan Gupta,Bengaluru,Maharashtra,2023-01-10,Enterprise
CUS003602,Neha Malhotra,Kolkata,Gujarat,2025-12-13,Retail
CUS003603,Priya Malhotra,Ahmedabad,West Bengal,2022-01-02,Retail
CUS003604,Ishita Singh,Ahmedabad,Tamil Nadu,2022-09-30,Enterprise
CUS003605,Ishita Sharma,Chennai,Tamil Nadu,2023-04-01,Enterprise
CUS003606,Aisha Verma,Jaipur,Maharashtra,2025-12-04,Enterprise
CUS003607,Karan Gupta,Hyderabad,Maharashtra,2023-05-13,Business
CUS003608,Neha Kapoor,Jaipur,Delhi,2022-09-01,Business
CUS003609,Simran Joshi,Kolkata,Karnataka,2024-11-26,Business
CUS003610,Neha Mehta,Ahmedabad,Delhi,2023-02-09,Retail
CUS003611,Priya Mehta,Pune,Gujarat,2024-04-05,Business
CUS003612,Amit Malhotra,Jaipur,Gujarat,2023-08-05,Enterprise
CUS003613,Aditya Jain,Chennai,Uttar Pradesh,2023-09-28,Enterprise
CUS003614,Vikram Jain,Delhi,Maharashtra,2023-06-10,Retail
CUS003615,Amit Kapoor,Ahmedabad,Delhi,2022-12-06,Business
CUS003616,Simran Malhotra,Delhi,Maharashtra,2024-02-26,Business
CUS003617,Sneha Patel,Kolkata,Uttar Pradesh,2025-04-09,Business
CUS003618,Rohan Singh,Chennai,Gujarat,2025-06-03,Enterprise
CUS003619,Amit Jain,Lucknow,Uttar Pradesh,2025-01-27,Retail
CUS003620,Ananya Gupta,Jaipur,West Bengal,2024-03-29,Enterprise
CUS003621,Nikhil Joshi,Kolkata,West Bengal,2025-06-05,Retail
CUS003622,Meera Mehta,Pune,Telangana,2022-09-06,Retail
CUS003623,Neha Kapoor,Delhi,Maharashtra,2024-12-07,Business
CUS003624,Amit Singh,Mumbai,Tamil Nadu,2023-02-14,Enterprise
CUS003625,Nikhil Singh,Lucknow,Maharashtra,2022-11-13,Retail
CUS003626,Sneha Sharma,Pune,Maharashtra,2022-05-17,Business
CUS003627,Ishita Sharma,Kolkata,Gujarat,2022-10-28,Enterprise
CUS003628,Aditya Verma,Bengaluru,Maharashtra,2023-08-06,Enterprise
CUS003629,Simran Patel,Bengaluru,Telangana,2022-08-31,Retail
CUS003630,Ananya Kapoor,Lucknow,West Bengal,2023-10-21,Retail
CUS003631,Pooja Joshi,Delhi,Maharashtra,2025-04-26,Enterprise
CUS003632,Pooja Mehta,Chennai,Gujarat,2023-09-01,Retail
CUS003633,Rahul Verma,Pune,Tamil Nadu,2025-06-25,Enterprise
CUS003634,Rahul Sharma,Jaipur,Delhi,2023-04-24,Business
CUS003635,Priya Sharma,Lucknow,West Bengal,2024-05-23,Business
CUS003636,Amit Patel,Lucknow,Telangana,2025-02-18,Enterprise
CUS003637,Sneha Jain,Lucknow,Rajasthan,2022-03-11,Enterprise
CUS003638,Meera Mehta,Jaipur,Delhi,2022-01-09,Retail
CUS003639,Vikram Gupta,Bengaluru,Maharashtra,2024-07-07,Enterprise
CUS003640,Aisha Mehta,Mumbai,Rajasthan,2024-05-31,Enterprise
CUS003641,Kavya Joshi,Delhi,Telangana,2022-01-14,Business
CUS003642,Priya Verma,Kolkata,Telangana,2022-09-04,Enterprise
CUS003643,Rohan Gupta,Bengaluru,Maharashtra,2025-09-06,Retail
CUS003644,Vikram Malhotra,Chennai,Gujarat,2022-07-18,Retail
CUS003645,Vivaan Joshi,Kolkata,West Bengal,2023-02-07,Enterprise
CUS003646,Rohan Patel,Kolkata,Tamil Nadu,2022-05-08,Retail
CUS003647,Aisha Patel,Lucknow,Delhi,2022-04-03,Retail
CUS003648,Kavya Malhotra,Lucknow,Uttar Pradesh,2026-01-19,Retail
CUS003649,Simran Singh,Jaipur,West Bengal,2023-02-01,Retail
CUS003650,Karan Sharma,Bengaluru,Telangana,2026-02-07,Retail
CUS003651,Ishita Verma,Hyderabad,West Bengal,2023-08-10,Enterprise
CUS003652,Amit Sharma,Hyderabad,West Bengal,2024-06-02,Retail
CUS003653,Karan Kapoor,Ahmedabad,Delhi,2023-04-07,Business
CUS003654,Aditya Sharma,Kolkata,Gujarat,2023-10-21,Retail
CUS003655,Amit Patel,Kolkata,Maharashtra,2025-11-10,Enterprise
CUS003656,Meera Patel,Kolkata,Karnataka,2025-09-08,Retail
CUS003657,Pooja Malhotra,Chennai,Maharashtra,2023-07-03,Business
CUS003658,Sneha Singh,Hyderabad,Maharashtra,2025-05-24,Retail
CUS003659,Pooja Gupta,Jaipur,Maharashtra,2023-12-07,Business
CUS003660,Pooja Patel,Mumbai,Tamil Nadu,2024-07-14,Business
CUS003661,Neha Malhotra,Ahmedabad,Tamil Nadu,2023-05-25,Enterprise
CUS003662,Arjun Mehta,Pune,West Bengal,2024-08-26,Retail
CUS003663,Vivaan Verma,Pune,Uttar Pradesh,2023-05-19,Retail
CUS003664,Ishita Gupta,Hyderabad,Maharashtra,2025-01-10,Business
CUS003665,Aarav Singh,Lucknow,Rajasthan,2022-11-03,Retail
CUS003666,Aditya Kapoor,Pune,Karnataka,2025-04-20,Business
CUS003667,Sneha Jain,Pune,Karnataka,2024-11-18,Business
CUS003668,Pooja Kapoor,Ahmedabad,Telangana,2025-07-10,Enterprise
CUS003669,Aarav Joshi,Jaipur,Rajasthan,2022-01-26,Retail
CUS003670,Sneha Gupta,Delhi,Uttar Pradesh,2025-11-30,Business
CUS003671,Aditya Mehta,Hyderabad,Gujarat,2025-12-23,Enterprise
CUS003672,Ananya Singh,Bengaluru,Tamil Nadu,2026-01-16,Business
CUS003673,Rahul Singh,Pune,Karnataka,2025-05-23,Business
CUS003674,Ishita Verma,Pune,Rajasthan,2024-11-04,Retail
CUS003675,Aisha Joshi,Pune,Rajasthan,2026-01-14,Enterprise
CUS003676,Pooja Joshi,Pune,Uttar Pradesh,2022-12-11,Retail
CUS003677,Arjun Malhotra,Lucknow,Maharashtra,2025-01-12,Enterprise
CUS003678,Ishita Singh,Mumbai,Maharashtra,2023-02-13,Enterprise
CUS003679,Rahul Mehta,Ahmedabad,Maharashtra,2022-07-17,Business
CUS003680,Pooja Verma,Jaipur,Tamil Nadu,2025-02-22,Retail
CUS003681,Kavya Jain,Ahmedabad,Karnataka,2023-01-17,Enterprise
CUS003682,Arjun Patel,Lucknow,Gujarat,2022-03-08,Business
CUS003683,Karan Jain,Delhi,Maharashtra,2023-10-05,Retail
CUS003684,Amit Joshi,Pune,West Bengal,2024-09-04,Business
CUS003685,Meera Verma,Hyderabad,West Bengal,2026-01-27,Enterprise
CUS003686,Vivaan Kapoor,Delhi,Karnataka,2022-06-13,Business
CUS003687,Aditya Verma,Ahmedabad,Maharashtra,2025-06-18,Enterprise
CUS003688,Kavya Singh,Lucknow,Telangana,2024-05-12,Business
CUS003689,Sneha Mehta,Delhi,Gujarat,2023-01-04,Retail
CUS003690,Kavya Malhotra,Ahmedabad,Maharashtra,2024-01-15,Retail
CUS003691,Aarav Jain,Ahmedabad,Maharashtra,2024-12-30,Business
CUS003692,Aarav Jain,Chennai,West Bengal,2025-02-11,Business
CUS003693,Aarav Singh,Ahmedabad,Rajasthan,2024-04-01,Retail
CUS003694,Kavya Sharma,Ahmedabad,Karnataka,2022-03-27,Business
CUS003695,Sneha Singh,Ahmedabad,Maharashtra,2024-01-30,Retail
CUS003696,Rahul Kapoor,Mumbai,Gujarat,2023-06-29,Retail
CUS003697,Amit Kapoor,Lucknow,Maharashtra,2022-01-23,Retail
CUS003698,Simran Sharma,Lucknow,Maharashtra,2022-12-04,Retail
CUS003699,Priya Sharma,Delhi,Tamil Nadu,2022-10-05,Retail
CUS003700,Amit Verma,Chennai,Delhi,2025-11-11,Retail
CUS003701,Karan Gupta,Lucknow,West Bengal,2025-11-26,Enterprise
CUS003702,Meera Singh,Mumbai,Uttar Pradesh,2025-08-22,Retail
CUS003703,Sneha Sharma,Pune,Uttar Pradesh,2026-01-07,Enterprise
CUS003704,Aisha Sharma,Delhi,West Bengal,2023-12-16,Business
CUS003705,Ishita Gupta,Hyderabad,Telangana,2025-07-14,Enterprise
CUS003706,Rahul Sharma,Chennai,Telangana,2025-02-14,Enterprise
CUS003707,Ishita Verma,Chennai,Karnataka,2024-11-18,Retail
CUS003708,Arjun Kapoor,Pune,Rajasthan,2022-09-05,Enterprise
CUS003709,Pooja Malhotra,Ahmedabad,Tamil Nadu,2025-07-12,Business
CUS003710,Nikhil Singh,Hyderabad,Telangana,2023-11-08,Business
CUS003711,Sneha Jain,Delhi,Uttar Pradesh,2025-11-05,Business
CUS003712,Rahul Patel,Kolkata,Uttar Pradesh,2024-10-10,Retail
CUS003713,Kavya Mehta,Ahmedabad,Maharashtra,2023-04-26,Business
CUS003714,Arjun Mehta,Delhi,Telangana,2025-01-14,Business
CUS003715,Aarav Joshi,Pune,Telangana,2024-07-08,Enterprise
CUS003716,Rahul Mehta,Ahmedabad,Maharashtra,2022-09-26,Retail
CUS003717,Meera Patel,Chennai,Rajasthan,2024-01-18,Retail
CUS003718,Aditya Gupta,Bengaluru,Maharashtra,2022-05-19,Business
CUS003719,Priya Patel,Ahmedabad,West Bengal,2022-07-12,Business
CUS003720,Aisha Sharma,Chennai,Rajasthan,2024-06-20,Enterprise
CUS003721,Vivaan Gupta,Delhi,Delhi,2023-06-08,Business
CUS003722,Aditya Singh,Bengaluru,Uttar Pradesh,2023-10-31,Business
CUS003723,Karan Malhotra,Hyderabad,Maharashtra,2025-12-24,Business
CUS003724,Neha Gupta,Bengaluru,Maharashtra,2025-10-24,Business
CUS003725,Karan Malhotra,Pune,Tamil Nadu,2026-01-20,Business
CUS003726,Arjun Malhotra,Mumbai,Rajasthan,2025-07-29,Enterprise
CUS003727,Pooja Mehta,Ahmedabad,Telangana,2026-01-11,Business
CUS003728,Simran Singh,Ahmedabad,Tamil Nadu,2024-03-06,Retail
CUS003729,Pooja Singh,Bengaluru,Tamil Nadu,2026-01-01,Enterprise
CUS003730,Vikram Verma,Jaipur,West Bengal,2024-03-21,Enterprise
CUS003731,Aarav Gupta,Kolkata,Maharashtra,2023-01-16,Retail
CUS003732,Vikram Joshi,Mumbai,Rajasthan,2023-06-28,Retail
CUS003733,Aarav Patel,Lucknow,Delhi,2022-12-02,Retail
CUS003734,Amit Gupta,Ahmedabad,West Bengal,2023-05-11,Retail
CUS003735,Ananya Jain,Lucknow,West Bengal,2023-03-12,Enterprise
CUS003736,Rahul Singh,Lucknow,Gujarat,2023-08-16,Business
CUS003737,Vivaan Jain,Jaipur,Delhi,2023-10-22,Retail
CUS003738,Rohan Mehta,Kolkata,Gujarat,2025-06-18,Enterprise
CUS003739,Rohan Verma,Delhi,West Bengal,2024-08-27,Retail
CUS003740,Amit Jain,Bengaluru,Rajasthan,2023-11-24,Enterprise
CUS003741,Rahul Sharma,Delhi,Karnataka,2025-11-05,Retail
CUS003742,Aarav Malhotra,Mumbai,Telangana,2025-11-11,Retail
CUS003743,Aditya Mehta,Lucknow,Karnataka,2023-04-12,Retail
CUS003744,Nikhil Verma,Hyderabad,Delhi,2023-03-12,Business
CUS003745,Vikram Patel,Lucknow,Uttar Pradesh,2024-12-11,Retail
CUS003746,Amit Sharma,Kolkata,Tamil Nadu,2023-10-20,Retail
CUS003747,Kavya Verma,Chennai,Delhi,2024-03-07,Retail
CUS003748,Karan Gupta,Ahmedabad,Uttar Pradesh,2025-11-13,Enterprise
CUS003749,Amit Patel,Bengaluru,Rajasthan,2023-03-29,Retail
CUS003750,Aarav Sharma,Ahmedabad,Telangana,2023-05-19,Retail
CUS003751,Rahul Jain,Ahmedabad,Delhi,2022-09-20,Business
CUS003752,Karan Joshi,Kolkata,Karnataka,2023-02-22,Retail
CUS003753,Aisha Kapoor,Pune,Gujarat,2024-04-02,Business
CUS003754,Vikram Sharma,Kolkata,Maharashtra,2023-03-01,Enterprise
CUS003755,Meera Sharma,Bengaluru,Gujarat,2022-03-12,Business
CUS003756,Amit Gupta,Delhi,Uttar Pradesh,2024-10-28,Business
CUS003757,Rahul Verma,Mumbai,Maharashtra,2025-08-04,Business
CUS003758,Ishita Sharma,Delhi,West Bengal,2023-07-08,Retail
CUS003759,Aisha Joshi,Chennai,Rajasthan,2022-12-09,Business
CUS003760,Karan Mehta,Delhi,Tamil Nadu,2025-03-11,Retail
CUS003761,Aisha Jain,Pune,Maharashtra,2023-05-17,Enterprise
CUS003762,Sneha Singh,Jaipur,Tamil Nadu,2025-07-23,Business
CUS003763,Neha Mehta,Mumbai,Telangana,2025-03-20,Business
CUS003764,Neha Gupta,Lucknow,West Bengal,2025-08-15,Enterprise
CUS003765,Ananya Patel,Jaipur,Karnataka,2025-04-17,Enterprise
CUS003766,Simran Joshi,Lucknow,Rajasthan,2025-12-21,Business
CUS003767,Amit Patel,Hyderabad,Uttar Pradesh,2025-12-17,Enterprise
CUS003768,Aisha Sharma,Lucknow,Uttar Pradesh,2023-10-08,Business
CUS003769,Aarav Verma,Lucknow,Karnataka,2022-10-20,Business
CUS003770,Aisha Verma,Bengaluru,Delhi,2022-09-27,Enterprise
CUS003771,Priya Malhotra,Hyderabad,Gujarat,2022-07-27,Retail
CUS003772,Arjun Jain,Jaipur,Uttar Pradesh,2025-12-12,Enterprise
CUS003773,Aditya Patel,Chennai,Uttar Pradesh,2023-08-14,Enterprise
CUS003774,Kavya Singh,Hyderabad,Maharashtra,2022-01-09,Enterprise
CUS003775,Aditya Jain,Kolkata,Gujarat,2025-12-02,Retail
CUS003776,Rahul Singh,Lucknow,Rajasthan,2025-12-11,Business
CUS003777,Vikram Verma,Delhi,Delhi,2023-11-30,Business
CUS003778,Karan Kapoor,Kolkata,Maharashtra,2024-11-17,Enterprise
CUS003779,Nikhil Jain,Delhi,Karnataka,2024-07-11,Enterprise
CUS003780,Pooja Joshi,Pune,Tamil Nadu,2025-09-08,Enterprise
CUS003781,Ishita Patel,Ahmedabad,Rajasthan,2022-04-12,Business
CUS003782,Aditya Singh,Hyderabad,Uttar Pradesh,2025-08-08,Business
CUS003783,Sneha Verma,Kolkata,Uttar Pradesh,2025-05-12,Enterprise
CUS003784,Neha Mehta,Pune,Tamil Nadu,2024-11-21,Business
CUS003785,Karan Malhotra,Hyderabad,Uttar Pradesh,2024-03-03,Retail
CUS003786,Pooja Singh,Pune,Uttar Pradesh,2024-06-29,Retail
CUS003787,Ananya Mehta,Mumbai,Maharashtra,2025-01-17,Retail
CUS003788,Simran Jain,Ahmedabad,Maharashtra,2024-02-26,Business
CUS003789,Rahul Sharma,Mumbai,Gujarat,2023-10-23,Business
CUS003790,Kavya Joshi,Jaipur,Gujarat,2023-07-23,Business
CUS003791,Vikram Kapoor,Ahmedabad,Tamil Nadu,2023-11-03,Business
CUS003792,Vikram Gupta,Mumbai,Delhi,2023-06-06,Business
CUS003793,Aisha Verma,Pune,Maharashtra,2022-04-18,Business
CUS003794,Nikhil Joshi,Chennai,Rajasthan,2024-04-29,Enterprise
CUS003795,Rahul Verma,Pune,Tamil Nadu,2022-05-27,Business
CUS003796,Sneha Gupta,Hyderabad,Tamil Nadu,2022-08-07,Retail
CUS003797,Rohan Verma,Hyderabad,Telangana,2022-05-21,Enterprise
CUS003798,Simran Malhotra,Kolkata,Telangana,2022-01-11,Retail
CUS003799,Ananya Singh,Jaipur,Gujarat,2024-12-30,Business
CUS003800,Aarav Kapoor,Bengaluru,Tamil Nadu,2024-08-20,Retail
CUS003801,Aditya Joshi,Pune,Karnataka,2024-04-16,Retail
CUS003802,Vivaan Malhotra,Hyderabad,Telangana,2022-11-12,Retail
CUS003803,Nikhil Mehta,Pune,Delhi,2022-04-03,Enterprise
CUS003804,Kavya Sharma,Jaipur,Uttar Pradesh,2024-12-31,Retail
CUS003805,Aarav Malhotra,Hyderabad,Maharashtra,2023-03-12,Business
CUS003806,Simran Sharma,Lucknow,Gujarat,2025-07-30,Retail
CUS003807,Amit Joshi,Lucknow,West Bengal,2025-03-25,Business
CUS003808,Rahul Verma,Chennai,Delhi,2025-02-11,Business
CUS003809,Arjun Singh,Chennai,Gujarat,2025-06-02,Business
CUS003810,Nikhil Sharma,Hyderabad,Tamil Nadu,2022-03-28,Business
CUS003811,Ananya Gupta,Ahmedabad,West Bengal,2023-09-05,Enterprise
CUS003812,Aarav Malhotra,Chennai,West Bengal,2025-08-04,Enterprise
CUS003813,Priya Malhotra,Hyderabad,Maharashtra,2023-11-21,Enterprise
CUS003814,Pooja Sharma,Delhi,Gujarat,2022-01-03,Retail
CUS003815,Amit Verma,Hyderabad,Delhi,2025-08-25,Retail
CUS003816,Priya Patel,Chennai,Rajasthan,2025-05-14,Retail
CUS003817,Kavya Kapoor,Hyderabad,Uttar Pradesh,2022-02-05,Business
CUS003818,Ananya Verma,Delhi,Maharashtra,2023-04-11,Retail
CUS003819,Simran Joshi,Kolkata,West Bengal,2023-08-09,Enterprise
CUS003820,Aisha Joshi,Chennai,Uttar Pradesh,2024-01-19,Retail
CUS003821,Ishita Patel,Jaipur,Gujarat,2023-07-02,Enterprise
CUS003822,Nikhil Jain,Bengaluru,Maharashtra,2024-10-22,Enterprise
CUS003823,Rahul Malhotra,Chennai,Rajasthan,2024-03-22,Enterprise
CUS003824,Nikhil Verma,Mumbai,Uttar Pradesh,2024-05-10,Retail
CUS003825,Priya Singh,Delhi,Gujarat,2022-03-05,Enterprise
CUS003826,Meera Kapoor,Ahmedabad,Uttar Pradesh,2023-07-28,Retail
CUS003827,Karan Mehta,Kolkata,Telangana,2024-11-23,Retail
CUS003828,Arjun Joshi,Bengaluru,Maharashtra,2024-02-26,Business
CUS003829,Rohan Malhotra,Bengaluru,Maharashtra,2024-01-31,Retail
CUS003830,Nikhil Patel,Kolkata,Rajasthan,2024-10-22,Retail
CUS003831,Ishita Jain,Ahmedabad,Tamil Nadu,2023-11-28,Enterprise
CUS003832,Ishita Mehta,Lucknow,Rajasthan,2025-04-30,Retail
CUS003833,Aisha Jain,Bengaluru,Delhi,2024-07-31,Enterprise
CUS003834,Rahul Singh,Kolkata,Maharashtra,2024-07-11,Enterprise
CUS003835,Nikhil Malhotra,Pune,Delhi,2022-12-17,Retail
CUS003836,Vikram Malhotra,Pune,Maharashtra,2025-12-21,Business
CUS003837,Kavya Verma,Jaipur,West Bengal,2022-04-24,Enterprise
CUS003838,Pooja Verma,Kolkata,West Bengal,2025-04-04,Business
CUS003839,Neha Patel,Kolkata,Gujarat,2024-10-13,Business
CUS003840,Kavya Singh,Lucknow,Rajasthan,2022-06-08,Enterprise
CUS003841,Pooja Malhotra,Pune,West Bengal,2023-03-07,Business
CUS003842,Nikhil Patel,Chennai,Uttar Pradesh,2022-05-13,Business
CUS003843,Vikram Malhotra,Pune,Rajasthan,2025-04-04,Business
CUS003844,Meera Kapoor,Lucknow,Gujarat,2022-12-10,Business
CUS003845,Pooja Singh,Jaipur,Telangana,2025-02-01,Enterprise
CUS003846,Karan Mehta,Bengaluru,Rajasthan,2022-02-16,Retail
CUS003847,Aarav Joshi,Ahmedabad,Maharashtra,2022-11-06,Retail
CUS003848,Simran Mehta,Mumbai,Delhi,2022-08-23,Enterprise
CUS003849,Amit Sharma,Chennai,Maharashtra,2025-01-25,Enterprise
CUS003850,Arjun Jain,Lucknow,Rajasthan,2024-12-07,Enterprise
CUS003851,Sneha Patel,Jaipur,Delhi,2022-02-24,Enterprise
CUS003852,Vikram Sharma,Ahmedabad,Gujarat,2026-01-04,Enterprise
CUS003853,Vivaan Patel,Pune,West Bengal,2025-04-15,Retail
CUS003854,Priya Joshi,Delhi,Uttar Pradesh,2025-02-10,Retail
CUS003855,Sneha Kapoor,Lucknow,Karnataka,2023-04-04,Business
CUS003856,Nikhil Mehta,Hyderabad,Uttar Pradesh,2024-07-19,Retail
CUS003857,Priya Gupta,Pune,Gujarat,2024-10-02,Business
CUS003858,Karan Kapoor,Lucknow,Gujarat,2024-11-28,Enterprise
CUS003859,Priya Singh,Chennai,Tamil Nadu,2025-11-15,Business
CUS003860,Aarav Joshi,Kolkata,Karnataka,2022-07-27,Retail
CUS003861,Ananya Patel,Chennai,Tamil Nadu,2023-11-28,Enterprise
CUS003862,Vivaan Gupta,Kolkata,Maharashtra,2024-01-03,Retail
CUS003863,Aditya Kapoor,Kolkata,Uttar Pradesh,2025-05-20,Enterprise
CUS003864,Priya Kapoor,Hyderabad,Telangana,2023-06-24,Retail
CUS003865,Ishita Gupta,Jaipur,Rajasthan,2023-03-05,Retail
CUS003866,Aditya Verma,Mumbai,Telangana,2024-09-16,Retail
CUS003867,Arjun Jain,Bengaluru,Tamil Nadu,2022-04-11,Retail
CUS003868,Sneha Kapoor,Kolkata,Maharashtra,2023-10-27,Enterprise
CUS003869,Sneha Kapoor,Lucknow,Maharashtra,2022-03-18,Enterprise
CUS003870,Karan Joshi,Lucknow,West Bengal,2025-01-06,Retail
CUS003871,Rahul Singh,Hyderabad,Telangana,2024-01-02,Business
CUS003872,Nikhil Verma,Hyderabad,Gujarat,2024-08-26,Enterprise
CUS003873,Ishita Sharma,Bengaluru,Gujarat,2026-01-26,Business
CUS003874,Ishita Sharma,Mumbai,Gujarat,2023-03-23,Retail
CUS003875,Amit Gupta,Kolkata,Karnataka,2024-10-18,Enterprise
CUS003876,Ananya Patel,Chennai,Uttar Pradesh,2024-10-17,Business
CUS003877,Karan Jain,Lucknow,Delhi,2025-09-18,Business
CUS003878,Priya Patel,Jaipur,Gujarat,2025-02-19,Enterprise
CUS003879,Ananya Sharma,Delhi,Uttar Pradesh,2022-07-01,Business
CUS003880,Pooja Gupta,Hyderabad,Delhi,2023-04-10,Retail
CUS003881,Rohan Verma,Mumbai,Gujarat,2024-02-03,Retail
CUS003882,Pooja Gupta,Hyderabad,Rajasthan,2023-05-22,Enterprise
CUS003883,Aisha Mehta,Pune,West Bengal,2023-03-01,Business
CUS003884,Ishita Mehta,Kolkata,Telangana,2024-03-07,Retail
CUS003885,Arjun Gupta,Lucknow,Tamil Nadu,2025-01-20,Business
CUS003886,Aditya Joshi,Hyderabad,Uttar Pradesh,2022-08-24,Business
CUS003887,Aditya Joshi,Pune,Tamil Nadu,2022-01-27,Retail
CUS003888,Rohan Patel,Jaipur,Maharashtra,2024-04-08,Enterprise
CUS003889,Pooja Patel,Hyderabad,Maharashtra,2023-04-12,Business
CUS003890,Neha Joshi,Ahmedabad,Maharashtra,2025-12-15,Enterprise
CUS003891,Neha Kapoor,Bengaluru,West Bengal,2024-07-10,Business
CUS003892,Aarav Jain,Lucknow,Delhi,2025-01-02,Business
CUS003893,Ishita Singh,Bengaluru,Maharashtra,2022-11-07,Business
CUS003894,Meera Sharma,Lucknow,Uttar Pradesh,2024-02-27,Enterprise
CUS003895,Rohan Patel,Jaipur,Karnataka,2024-05-01,Business
CUS003896,Karan Joshi,Mumbai,Uttar Pradesh,2024-02-13,Business
CUS003897,Aisha Mehta,Mumbai,Maharashtra,2022-10-13,Business
CUS003898,Sneha Singh,Hyderabad,Delhi,2022-03-07,Retail
CUS003899,Rahul Jain,Bengaluru,Telangana,2025-06-10,Enterprise
CUS003900,Pooja Sharma,Mumbai,Karnataka,2026-01-25,Business
CUS003901,Aisha Kapoor,Bengaluru,Gujarat,2024-09-26,Business
CUS003902,Amit Sharma,Mumbai,West Bengal,2024-07-15,Enterprise
CUS003903,Aditya Gupta,Delhi,Telangana,2023-07-20,Business
CUS003904,Arjun Verma,Hyderabad,Maharashtra,2025-06-17,Retail
CUS003905,Ananya Singh,Chennai,Maharashtra,2024-07-26,Business
CUS003906,Sneha Gupta,Ahmedabad,Telangana,2022-10-14,Business
CUS003907,Vivaan Patel,Jaipur,Gujarat,2023-05-20,Business
CUS003908,Rahul Mehta,Bengaluru,Maharashtra,2025-03-08,Enterprise
CUS003909,Meera Mehta,Lucknow,Tamil Nadu,2023-12-31,Enterprise
CUS003910,Rohan Jain,Kolkata,West Bengal,2024-02-09,Business
CUS003911,Aditya Verma,Lucknow,Maharashtra,2022-02-23,Retail
CUS003912,Pooja Gupta,Pune,Delhi,2023-11-17,Business
CUS003913,Aditya Singh,Hyderabad,Telangana,2025-10-31,Business
CUS003914,Pooja Mehta,Kolkata,Delhi,2023-01-05,Enterprise
CUS003915,Pooja Singh,Lucknow,Maharashtra,2023-09-08,Business
CUS003916,Priya Singh,Mumbai,Telangana,2024-01-10,Business
CUS003917,Sneha Patel,Chennai,West Bengal,2023-08-22,Enterprise
CUS003918,Ananya Jain,Chennai,Maharashtra,2022-08-23,Business
CUS003919,Simran Joshi,Jaipur,Rajasthan,2024-08-13,Enterprise
CUS003920,Kavya Singh,Mumbai,Delhi,2025-11-10,Retail
CUS003921,Ishita Sharma,Lucknow,Tamil Nadu,2023-08-08,Retail
CUS003922,Karan Joshi,Ahmedabad,Gujarat,2022-07-14,Enterprise
CUS003923,Ananya Sharma,Jaipur,Tamil Nadu,2024-10-25,Retail
CUS003924,Vivaan Patel,Jaipur,West Bengal,2023-05-14,Retail
CUS003925,Ishita Singh,Lucknow,Maharashtra,2023-10-27,Retail
CUS003926,Aditya Verma,Bengaluru,Gujarat,2024-09-12,Enterprise
CUS003927,Aisha Jain,Mumbai,Maharashtra,2024-09-22,Enterprise
CUS003928,Aditya Kapoor,Kolkata,Maharashtra,2022-04-03,Enterprise
CUS003929,Sneha Kapoor,Chennai,Gujarat,2023-09-09,Retail
CUS003930,Kavya Joshi,Pune,Gujarat,2025-08-08,Enterprise
CUS003931,Aarav Jain,Ahmedabad,Uttar Pradesh,2025-09-06,Retail
CUS003932,Priya Patel,Chennai,Telangana,2023-01-03,Enterprise
CUS003933,Ananya Sharma,Ahmedabad,Maharashtra,2022-04-19,Retail
CUS003934,Ananya Sharma,Delhi,Rajasthan,2024-06-03,Business
CUS003935,Kavya Sharma,Chennai,Delhi,2022-12-11,Business
CUS003936,Arjun Patel,Hyderabad,Delhi,2022-02-25,Business
CUS003937,Aisha Joshi,Pune,Maharashtra,2023-10-08,Retail
CUS003938,Neha Gupta,Lucknow,Uttar Pradesh,2022-10-18,Retail
CUS003939,Arjun Mehta,Ahmedabad,Karnataka,2023-02-26,Enterprise
CUS003940,Nikhil Jain,Delhi,Delhi,2022-10-07,Business
CUS003941,Vivaan Sharma,Chennai,Karnataka,2025-04-17,Retail
CUS003942,Rohan Jain,Pune,Tamil Nadu,2024-02-13,Retail
CUS003943,Aarav Patel,Lucknow,Maharashtra,2022-06-04,Retail
CUS003944,Ananya Verma,Jaipur,Telangana,2023-03-05,Retail
CUS003945,Simran Patel,Bengaluru,Karnataka,2025-08-07,Retail
CUS003946,Meera Jain,Jaipur,Gujarat,2022-08-28,Retail
CUS003947,Rohan Singh,Lucknow,Telangana,2023-11-19,Business
CUS003948,Ishita Gupta,Delhi,Karnataka,2023-09-16,Retail
CUS003949,Nikhil Mehta,Hyderabad,Telangana,2025-06-02,Business
CUS003950,Aisha Sharma,Delhi,Telangana,2025-04-10,Enterprise
CUS003951,Aisha Mehta,Bengaluru,Telangana,2022-12-23,Enterprise
CUS003952,Vivaan Malhotra,Chennai,Karnataka,2024-06-14,Business
CUS003953,Vikram Singh,Hyderabad,Uttar Pradesh,2025-01-31,Enterprise
CUS003954,Meera Jain,Lucknow,West Bengal,2023-04-21,Business
CUS003955,Sneha Patel,Chennai,Delhi,2024-02-25,Business
CUS003956,Meera Gupta,Lucknow,Maharashtra,2023-07-02,Business
CUS003957,Sneha Jain,Chennai,Karnataka,2025-08-02,Enterprise
CUS003958,Vivaan Malhotra,Ahmedabad,Gujarat,2023-09-07,Retail
CUS003959,Neha Joshi,Chennai,Karnataka,2023-05-26,Business
CUS003960,Simran Gupta,Delhi,Telangana,2024-06-23,Business
CUS003961,Sneha Mehta,Chennai,Karnataka,2023-11-24,Retail
CUS003962,Pooja Malhotra,Ahmedabad,Delhi,2025-07-22,Enterprise
CUS003963,Pooja Gupta,Bengaluru,Delhi,2023-08-17,Retail
CUS003964,Sneha Joshi,Lucknow,Delhi,2023-09-02,Retail
CUS003965,Kavya Joshi,Mumbai,Delhi,2025-08-05,Business
CUS003966,Aisha Singh,Jaipur,Karnataka,2023-10-26,Business
CUS003967,Ananya Verma,Ahmedabad,Rajasthan,2023-11-04,Enterprise
CUS003968,Aisha Singh,Lucknow,Maharashtra,2024-04-25,Retail
CUS003969,Sneha Kapoor,Delhi,Telangana,2025-03-04,Business
CUS003970,Simran Singh,Lucknow,Uttar Pradesh,2025-01-23,Enterprise
CUS003971,Aditya Mehta,Mumbai,Tamil Nadu,2023-04-05,Enterprise
CUS003972,Nikhil Patel,Mumbai,Gujarat,2024-11-21,Enterprise
CUS003973,Ananya Joshi,Mumbai,Maharashtra,2023-05-17,Retail
CUS003974,Vikram Singh,Kolkata,Delhi,2024-02-17,Retail
CUS003975,Vikram Jain,Pune,Maharashtra,2023-07-15,Enterprise
CUS003976,Amit Mehta,Kolkata,Rajasthan,2025-12-28,Retail
CUS003977,Pooja Jain,Ahmedabad,Telangana,2025-03-21,Retail
CUS003978,Arjun Jain,Mumbai,Telangana,2024-03-26,Retail
CUS003979,Simran Verma,Kolkata,Gujarat,2023-01-12,Business
CUS003980,Neha Jain,Lucknow,Delhi,2024-03-06,Enterprise
CUS003981,Ishita Gupta,Ahmedabad,Karnataka,2023-01-27,Enterprise
CUS003982,Arjun Joshi,Delhi,Uttar Pradesh,2025-04-20,Enterprise
CUS003983,Ishita Sharma,Bengaluru,Gujarat,2025-03-18,Business
CUS003984,Nikhil Patel,Mumbai,Delhi,2025-08-07,Business
CUS003985,Sneha Verma,Lucknow,West Bengal,2022-07-01,Enterprise
CUS003986,Aisha Joshi,Pune,Gujarat,2025-10-28,Enterprise
CUS003987,Priya Singh,Chennai,Karnataka,2025-05-13,Retail
CUS003988,Vivaan Patel,Ahmedabad,Maharashtra,2022-12-14,Business
CUS003989,Simran Sharma,Mumbai,Gujarat,2026-01-11,Retail
CUS003990,Simran Malhotra,Hyderabad,Uttar Pradesh,2022-03-11,Retail
CUS003991,Ananya Singh,Bengaluru,Telangana,2023-07-11,Retail
CUS003992,Vikram Mehta,Kolkata,Karnataka,2025-11-05,Business
CUS003993,Pooja Patel,Hyderabad,Maharashtra,2025-02-27,Enterprise
CUS003994,Neha Patel,Pune,Maharashtra,2024-06-08,Business
CUS003995,Amit Singh,Pune,Maharashtra,2023-05-30,Enterprise
CUS003996,Aditya Patel,Ahmedabad,Maharashtra,2023-08-03,Enterprise
CUS003997,Simran Patel,Pune,Maharashtra,2023-10-01,Enterprise
CUS003998,Rohan Sharma,Delhi,Rajasthan,2025-02-24,Business
CUS003999,Aisha Patel,Ahmedabad,Rajasthan,2022-03-09,Enterprise
CUS004000,Aditya Malhotra,Lucknow,Maharashtra,2023-05-20,Business
CUS004001,Rahul Patel,Bengaluru,Telangana,2024-10-24,Enterprise
CUS004002,Kavya Verma,Jaipur,Telangana,2022-11-16,Retail
CUS004003,Ananya Gupta,Bengaluru,Maharashtra,2024-05-21,Retail
CUS004004,Vikram Malhotra,Mumbai,West Bengal,2025-04-26,Retail
CUS004005,Ananya Kapoor,Ahmedabad,Maharashtra,2022-06-13,Business
CUS004006,Vikram Patel,Mumbai,West Bengal,2022-08-26,Retail
CUS004007,Rahul Patel,Lucknow,Telangana,2022-02-03,Retail
CUS004008,Ishita Joshi,Pune,Delhi,2024-12-02,Enterprise
CUS004009,Aditya Verma,Mumbai,Maharashtra,2022-09-29,Enterprise
CUS004010,Karan Verma,Chennai,Delhi,2024-09-19,Enterprise
CUS004011,Aditya Malhotra,Bengaluru,Gujarat,2024-09-02,Enterprise
CUS004012,Meera Joshi,Ahmedabad,Telangana,2024-05-27,Retail
CUS004013,Amit Patel,Bengaluru,Rajasthan,2022-06-13,Retail
CUS004014,Vikram Verma,Lucknow,Maharashtra,2025-09-08,Business
CUS004015,Arjun Malhotra,Hyderabad,Delhi,2023-05-26,Enterprise
CUS004016,Rahul Patel,Chennai,Telangana,2022-04-09,Retail
CUS004017,Priya Patel,Chennai,Karnataka,2023-11-10,Retail
CUS004018,Aisha Malhotra,Ahmedabad,Delhi,2024-03-06,Retail
CUS004019,Aisha Kapoor,Hyderabad,Tamil Nadu,2023-11-22,Retail
CUS004020,Kavya Jain,Kolkata,Telangana,2022-06-03,Retail
CUS004021,Rahul Gupta,Hyderabad,West Bengal,2026-01-15,Retail
CUS004022,Karan Malhotra,Jaipur,Uttar Pradesh,2025-12-14,Enterprise
CUS004023,Neha Kapoor,Jaipur,Tamil Nadu,2024-05-22,Business
CUS004024,Amit Verma,Jaipur,Uttar Pradesh,2025-05-09,Retail
CUS004025,Vivaan Sharma,Chennai,Maharashtra,2025-04-25,Enterprise
CUS004026,Kavya Mehta,Kolkata,Tamil Nadu,2025-09-20,Business
CUS004027,Ananya Gupta,Chennai,Rajasthan,2023-08-30,Retail
CUS004028,Rohan Joshi,Mumbai,West Bengal,2022-11-16,Business
CUS004029,Sneha Jain,Chennai,Gujarat,2024-01-22,Retail
CUS004030,Neha Mehta,Pune,West Bengal,2022-02-16,Enterprise
CUS004031,Vivaan Patel,Hyderabad,Telangana,2022-08-16,Retail
CUS004032,Aarav Mehta,Jaipur,Gujarat,2023-01-04,Business
CUS004033,Vivaan Kapoor,Kolkata,Maharashtra,2022-01-11,Retail
CUS004034,Aisha Mehta,Jaipur,Uttar Pradesh,2022-05-01,Enterprise
CUS004035,Neha Patel,Kolkata,Delhi,2025-01-03,Retail
CUS004036,Aarav Joshi,Ahmedabad,Delhi,2023-01-29,Enterprise
CUS004037,Arjun Patel,Chennai,Delhi,2022-10-14,Retail
CUS004038,Rahul Kapoor,Delhi,Delhi,2022-12-25,Enterprise
CUS004039,Rahul Verma,Pune,Rajasthan,2023-07-23,Business
CUS004040,Kavya Jain,Jaipur,Karnataka,2024-01-04,Enterprise
CUS004041,Simran Malhotra,Hyderabad,Maharashtra,2022-01-03,Business
CUS004042,Aditya Sharma,Jaipur,Telangana,2024-07-15,Enterprise
CUS004043,Arjun Singh,Chennai,Maharashtra,2025-12-13,Retail
CUS004044,Priya Gupta,Pune,Tamil Nadu,2023-02-02,Business
CUS004045,Karan Jain,Delhi,Rajasthan,2025-04-27,Retail
CUS004046,Aarav Mehta,Hyderabad,Maharashtra,2025-08-02,Enterprise
CUS004047,Meera Joshi,Jaipur,Maharashtra,2025-05-11,Business
CUS004048,Nikhil Singh,Pune,Delhi,2025-01-11,Retail
CUS004049,Aditya Sharma,Hyderabad,Maharashtra,2025-06-27,Business
CUS004050,Kavya Singh,Hyderabad,Maharashtra,2025-06-09,Business
CUS004051,Rahul Kapoor,Mumbai,Telangana,2023-08-13,Business
CUS004052,Pooja Mehta,Kolkata,Telangana,2026-02-09,Enterprise
CUS004053,Rahul Kapoor,Pune,Delhi,2022-06-24,Enterprise
CUS004054,Nikhil Kapoor,Lucknow,Karnataka,2022-02-16,Business
CUS004055,Priya Gupta,Kolkata,Rajasthan,2025-08-08,Enterprise
CUS004056,Aarav Singh,Kolkata,Rajasthan,2025-04-13,Retail
CUS004057,Rahul Patel,Bengaluru,Uttar Pradesh,2026-01-25,Enterprise
CUS004058,Karan Verma,Bengaluru,Gujarat,2025-05-06,Enterprise
CUS004059,Aarav Gupta,Chennai,Rajasthan,2023-10-24,Business
CUS004060,Vikram Gupta,Lucknow,Uttar Pradesh,2023-09-19,Enterprise
CUS004061,Aarav Kapoor,Hyderabad,Delhi,2025-03-25,Enterprise
CUS004062,Aarav Mehta,Lucknow,Gujarat,2025-03-06,Enterprise
CUS004063,Vivaan Verma,Chennai,Delhi,2024-11-30,Enterprise
CUS004064,Pooja Mehta,Pune,Gujarat,2022-05-17,Enterprise
CUS004065,Vivaan Mehta,Chennai,Gujarat,2024-07-30,Retail
CUS004066,Priya Joshi,Hyderabad,Tamil Nadu,2024-06-28,Retail
CUS004067,Aditya Mehta,Chennai,Delhi,2024-06-28,Business
CUS004068,Aditya Singh,Ahmedabad,Rajasthan,2022-05-22,Business
CUS004069,Simran Kapoor,Pune,Delhi,2024-01-03,Retail
CUS004070,Aarav Kapoor,Hyderabad,Karnataka,2024-09-07,Enterprise
CUS004071,Sneha Malhotra,Lucknow,Delhi,2025-08-04,Enterprise
CUS004072,Sneha Verma,Hyderabad,Telangana,2024-07-30,Business
CUS004073,Rohan Gupta,Pune,Rajasthan,2023-08-01,Enterprise
CUS004074,Rohan Singh,Delhi,Telangana,2022-12-23,Retail
CUS004075,Ishita Kapoor,Pune,Maharashtra,2023-07-15,Retail
CUS004076,Karan Jain,Hyderabad,Maharashtra,2026-01-14,Business
CUS004077,Kavya Singh,Ahmedabad,Uttar Pradesh,2022-08-10,Business
CUS004078,Pooja Gupta,Chennai,West Bengal,2023-08-01,Enterprise
CUS004079,Aarav Mehta,Delhi,West Bengal,2025-02-27,Business
CUS004080,Aarav Jain,Hyderabad,Delhi,2024-01-26,Business
CUS004081,Vivaan Singh,Bengaluru,Karnataka,2025-09-07,Retail
CUS004082,Amit Gupta,Lucknow,Telangana,2024-01-05,Retail
CUS004083,Priya Patel,Chennai,Rajasthan,2022-10-13,Enterprise
CUS004084,Sneha Singh,Pune,Telangana,2022-02-11,Retail
CUS004085,Amit Mehta,Ahmedabad,Delhi,2025-11-14,Enterprise
CUS004086,Amit Patel,Kolkata,Delhi,2022-07-23,Business
CUS004087,Ishita Jain,Lucknow,Delhi,2022-09-26,Retail
CUS004088,Ishita Patel,Ahmedabad,West Bengal,2025-01-14,Retail
CUS004089,Arjun Gupta,Bengaluru,Uttar Pradesh,2022-12-27,Business
CUS004090,Sneha Malhotra,Bengaluru,West Bengal,2022-01-11,Business
CUS004091,Priya Jain,Chennai,Maharashtra,2023-03-18,Retail
CUS004092,Priya Malhotra,Delhi,Rajasthan,2022-04-03,Business
CUS004093,Pooja Gupta,Pune,Delhi,2022-11-06,Retail
CUS004094,Aisha Patel,Lucknow,Maharashtra,2022-08-06,Enterprise
CUS004095,Priya Singh,Bengaluru,Tamil Nadu,2025-06-21,Retail
CUS004096,Vikram Malhotra,Kolkata,Maharashtra,2025-05-21,Retail
CUS004097,Aarav Sharma,Pune,Delhi,2025-12-22,Enterprise
CUS004098,Kavya Mehta,Mumbai,Gujarat,2022-10-27,Retail
CUS004099,Kavya Mehta,Hyderabad,West Bengal,2022-05-12,Enterprise
CUS004100,Meera Gupta,Lucknow,Telangana,2022-01-06,Enterprise
CUS004101,Karan Malhotra,Lucknow,Delhi,2023-04-10,Retail
CUS004102,Ishita Gupta,Bengaluru,Delhi,2023-04-25,Retail
CUS004103,Sneha Joshi,Kolkata,Rajasthan,2022-06-04,Business
CUS004104,Kavya Mehta,Hyderabad,West Bengal,2023-08-13,Retail
CUS004105,Karan Sharma,Mumbai,Uttar Pradesh,2023-08-29,Business
CUS004106,Ananya Malhotra,Mumbai,Maharashtra,2025-10-04,Business
CUS004107,Vikram Mehta,Ahmedabad,Gujarat,2023-11-28,Retail
CUS004108,Meera Jain,Kolkata,Gujarat,2022-05-18,Retail
CUS004109,Aarav Malhotra,Delhi,Rajasthan,2022-06-27,Enterprise
CUS004110,Kavya Joshi,Jaipur,Maharashtra,2024-04-13,Enterprise
CUS004111,Aditya Malhotra,Pune,Delhi,2022-09-28,Retail
CUS004112,Aditya Patel,Ahmedabad,West Bengal,2025-07-06,Enterprise
CUS004113,Karan Sharma,Ahmedabad,West Bengal,2025-07-19,Business
CUS004114,Ananya Gupta,Bengaluru,Delhi,2022-11-06,Retail
CUS004115,Vikram Patel,Jaipur,Tamil Nadu,2025-04-14,Retail
CUS004116,Aditya Jain,Ahmedabad,Rajasthan,2026-01-15,Business
CUS004117,Nikhil Gupta,Ahmedabad,Karnataka,2024-10-16,Retail
CUS004118,Aditya Verma,Delhi,Uttar Pradesh,2023-10-01,Retail
CUS004119,Aarav Sharma,Pune,Karnataka,2024-07-17,Business
CUS004120,Priya Malhotra,Jaipur,Uttar Pradesh,2025-11-28,Retail
CUS004121,Priya Patel,Bengaluru,Delhi,2023-06-16,Business
CUS004122,Meera Malhotra,Jaipur,Gujarat,2024-02-18,Enterprise
CUS004123,Ananya Jain,Kolkata,Rajasthan,2026-01-01,Business
CUS004124,Arjun Joshi,Jaipur,Karnataka,2025-10-30,Business
CUS004125,Aisha Gupta,Lucknow,Maharashtra,2023-11-30,Retail
CUS004126,Nikhil Jain,Pune,Maharashtra,2022-07-21,Business
CUS004127,Aarav Mehta,Chennai,Delhi,2025-12-05,Business
CUS004128,Sneha Verma,Delhi,Gujarat,2024-06-30,Retail
CUS004129,Meera Patel,Delhi,West Bengal,2023-01-10,Business
CUS004130,Kavya Gupta,Bengaluru,Karnataka,2024-09-28,Business
CUS004131,Sneha Gupta,Ahmedabad,Uttar Pradesh,2024-08-19,Business
CUS004132,Neha Kapoor,Kolkata,Rajasthan,2023-08-25,Enterprise
CUS004133,Aisha Jain,Delhi,Telangana,2025-03-29,Business
CUS004134,Meera Patel,Pune,Telangana,2024-04-13,Enterprise
CUS004135,Rahul Gupta,Pune,Gujarat,2025-03-30,Retail
CUS004136,Simran Mehta,Chennai,Gujarat,2024-12-29,Business
CUS004137,Arjun Jain,Pune,Gujarat,2022-09-16,Business
CUS004138,Aisha Joshi,Delhi,Uttar Pradesh,2023-04-19,Enterprise
CUS004139,Kavya Sharma,Lucknow,West Bengal,2025-04-11,Retail
CUS004140,Neha Verma,Delhi,Maharashtra,2022-09-26,Enterprise
CUS004141,Arjun Verma,Ahmedabad,Tamil Nadu,2022-01-09,Retail
CUS004142,Rahul Singh,Hyderabad,West Bengal,2024-08-03,Enterprise
CUS004143,Aarav Verma,Chennai,West Bengal,2026-01-20,Enterprise
CUS004144,Karan Jain,Chennai,Maharashtra,2024-11-30,Business
CUS004145,Vivaan Joshi,Pune,Karnataka,2023-04-17,Enterprise
CUS004146,Amit Kapoor,Delhi,Maharashtra,2023-08-23,Business
CUS004147,Pooja Jain,Bengaluru,Karnataka,2024-06-29,Enterprise
CUS004148,Rahul Sharma,Lucknow,Telangana,2023-10-11,Retail
CUS004149,Sneha Joshi,Ahmedabad,West Bengal,2022-01-25,Business
CUS004150,Ananya Mehta,Bengaluru,Delhi,2024-12-01,Business
CUS004151,Ananya Sharma,Mumbai,Maharashtra,2022-10-11,Retail
CUS004152,Aarav Sharma,Jaipur,Telangana,2024-10-27,Business
CUS004153,Rahul Mehta,Hyderabad,Rajasthan,2023-02-21,Retail
CUS004154,Ananya Mehta,Kolkata,Uttar Pradesh,2024-02-20,Retail
CUS004155,Nikhil Jain,Jaipur,Uttar Pradesh,2024-04-10,Business
CUS004156,Aditya Singh,Ahmedabad,Maharashtra,2023-11-19,Enterprise
CUS004157,Neha Malhotra,Hyderabad,Gujarat,2025-05-12,Retail
CUS004158,Aarav Kapoor,Chennai,Gujarat,2023-07-28,Enterprise
CUS004159,Vivaan Patel,Bengaluru,Delhi,2023-06-20,Enterprise
CUS004160,Meera Patel,Lucknow,Karnataka,2024-02-06,Retail
CUS004161,Aarav Patel,Mumbai,Tamil Nadu,2023-08-21,Business
CUS004162,Arjun Joshi,Chennai,Rajasthan,2026-01-05,Enterprise
CUS004163,Vivaan Kapoor,Pune,Karnataka,2024-12-08,Enterprise
CUS004164,Nikhil Malhotra,Pune,Telangana,2023-06-07,Enterprise
CUS004165,Aditya Sharma,Hyderabad,Maharashtra,2023-07-11,Retail
CUS004166,Aditya Gupta,Ahmedabad,Gujarat,2024-11-08,Business
CUS004167,Aditya Singh,Chennai,Karnataka,2024-12-05,Enterprise
CUS004168,Arjun Verma,Jaipur,Karnataka,2024-09-04,Business
CUS004169,Karan Gupta,Chennai,Rajasthan,2022-04-13,Retail
CUS004170,Vivaan Malhotra,Pune,Maharashtra,2024-04-05,Enterprise
CUS004171,Kavya Mehta,Hyderabad,West Bengal,2022-08-14,Business
CUS004172,Karan Kapoor,Hyderabad,Maharashtra,2022-07-06,Enterprise
CUS004173,Vivaan Jain,Kolkata,Maharashtra,2024-04-09,Enterprise
CUS004174,Nikhil Kapoor,Bengaluru,West Bengal,2025-12-08,Retail
CUS004175,Aisha Patel,Mumbai,Tamil Nadu,2024-11-22,Business
CUS004176,Aisha Kapoor,Ahmedabad,Maharashtra,2022-06-24,Enterprise
CUS004177,Simran Joshi,Ahmedabad,West Bengal,2023-12-31,Enterprise
CUS004178,Nikhil Singh,Bengaluru,Delhi,2024-04-27,Retail
CUS004179,Vikram Sharma,Chennai,Maharashtra,2023-11-13,Enterprise
CUS004180,Ananya Gupta,Bengaluru,Telangana,2024-01-01,Enterprise
CUS004181,Pooja Patel,Lucknow,Tamil Nadu,2024-05-14,Business
CUS004182,Karan Jain,Jaipur,Tamil Nadu,2023-05-21,Business
CUS004183,Priya Singh,Lucknow,Uttar Pradesh,2024-11-08,Retail
CUS004184,Ishita Jain,Ahmedabad,Gujarat,2025-09-12,Retail
CUS004185,Arjun Joshi,Kolkata,Tamil Nadu,2025-02-19,Retail
CUS004186,Aditya Gupta,Jaipur,Telangana,2024-05-21,Business
CUS004187,Pooja Joshi,Lucknow,Karnataka,2022-01-09,Retail
CUS004188,Aarav Jain,Jaipur,Tamil Nadu,2023-02-23,Retail
CUS004189,Karan Jain,Kolkata,Gujarat,2024-05-30,Enterprise
CUS004190,Pooja Singh,Hyderabad,Tamil Nadu,2022-05-23,Enterprise
CUS004191,Meera Sharma,Delhi,Tamil Nadu,2022-09-15,Enterprise
CUS004192,Meera Verma,Ahmedabad,Maharashtra,2023-05-04,Retail
CUS004193,Pooja Joshi,Bengaluru,Maharashtra,2025-01-01,Enterprise
CUS004194,Vikram Jain,Pune,West Bengal,2023-04-04,Enterprise
CUS004195,Rohan Joshi,Kolkata,West Bengal,2024-07-22,Enterprise
CUS004196,Arjun Patel,Jaipur,Telangana,2022-10-15,Business
CUS004197,Rahul Joshi,Jaipur,Gujarat,2023-02-11,Retail
CUS004198,Amit Sharma,Pune,West Bengal,2022-06-19,Retail
CUS004199,Aditya Sharma,Delhi,Telangana,2022-10-16,Retail
CUS004200,Ishita Verma,Kolkata,Karnataka,2025-10-20,Retail
CUS004201,Meera Joshi,Kolkata,West Bengal,2022-07-12,Enterprise
CUS004202,Aisha Patel,Lucknow,Uttar Pradesh,2025-07-16,Business
CUS004203,Arjun Mehta,Chennai,Uttar Pradesh,2024-06-08,Business
CUS004204,Sneha Mehta,Kolkata,Gujarat,2023-08-30,Retail
CUS004205,Amit Malhotra,Ahmedabad,Rajasthan,2023-04-26,Retail
CUS004206,Ishita Verma,Pune,Maharashtra,2025-06-13,Enterprise
CUS004207,Meera Jain,Delhi,Telangana,2022-10-11,Enterprise
CUS004208,Sneha Gupta,Bengaluru,West Bengal,2025-07-02,Retail
CUS004209,Rohan Jain,Mumbai,Uttar Pradesh,2022-06-05,Business
CUS004210,Priya Malhotra,Pune,West Bengal,2022-02-13,Business
CUS004211,Ishita Joshi,Bengaluru,Gujarat,2022-04-13,Retail
CUS004212,Kavya Joshi,Lucknow,Maharashtra,2022-06-19,Business
CUS004213,Vivaan Patel,Pune,Maharashtra,2024-03-23,Enterprise
CUS004214,Rahul Mehta,Pune,Maharashtra,2024-10-29,Retail
CUS004215,Rahul Mehta,Chennai,Rajasthan,2025-03-17,Enterprise
CUS004216,Ananya Verma,Kolkata,Tamil Nadu,2025-05-09,Business
CUS004217,Pooja Singh,Bengaluru,Tamil Nadu,2023-08-15,Enterprise
CUS004218,Nikhil Singh,Chennai,West Bengal,2022-07-02,Enterprise
CUS004219,Rohan Patel,Hyderabad,Uttar Pradesh,2024-04-05,Business
CUS004220,Simran Patel,Hyderabad,Gujarat,2023-05-12,Enterprise
CUS004221,Nikhil Mehta,Ahmedabad,Telangana,2025-10-22,Retail
CUS004222,Rahul Sharma,Bengaluru,Maharashtra,2024-10-10,Enterprise
CUS004223,Rahul Mehta,Ahmedabad,Tamil Nadu,2022-10-27,Enterprise
CUS004224,Rahul Verma,Ahmedabad,Rajasthan,2023-11-14,Business
CUS004225,Simran Jain,Kolkata,Delhi,2023-08-18,Retail
CUS004226,Vivaan Sharma,Delhi,Maharashtra,2025-01-23,Business
CUS004227,Vivaan Patel,Hyderabad,Gujarat,2022-02-05,Business
CUS004228,Aditya Malhotra,Pune,Rajasthan,2023-11-24,Business
CUS004229,Ananya Jain,Kolkata,Maharashtra,2024-03-31,Enterprise
CUS004230,Ananya Sharma,Bengaluru,Karnataka,2023-10-18,Business
CUS004231,Ananya Mehta,Lucknow,Karnataka,2022-01-27,Retail
CUS004232,Vivaan Sharma,Pune,Uttar Pradesh,2022-04-18,Enterprise
CUS004233,Amit Malhotra,Bengaluru,Maharashtra,2025-02-06,Business
CUS004234,Nikhil Patel,Pune,Telangana,2024-12-24,Retail
CUS004235,Rohan Kapoor,Bengaluru,Tamil Nadu,2025-12-02,Business
CUS004236,Aditya Gupta,Jaipur,Uttar Pradesh,2023-01-04,Enterprise
CUS004237,Vivaan Malhotra,Bengaluru,Maharashtra,2023-06-22,Enterprise
CUS004238,Priya Joshi,Ahmedabad,Gujarat,2022-07-01,Retail
CUS004239,Aisha Mehta,Delhi,Rajasthan,2025-08-09,Retail
CUS004240,Nikhil Patel,Delhi,Delhi,2025-10-13,Enterprise
CUS004241,Aisha Kapoor,Mumbai,Tamil Nadu,2025-03-17,Business
CUS004242,Karan Verma,Kolkata,Maharashtra,2023-12-13,Enterprise
CUS004243,Priya Patel,Mumbai,Maharashtra,2023-12-16,Enterprise
CUS004244,Pooja Singh,Bengaluru,Maharashtra,2025-06-09,Business
CUS004245,Vikram Singh,Lucknow,West Bengal,2025-06-21,Enterprise
CUS004246,Ishita Jain,Mumbai,Rajasthan,2025-04-12,Retail
CUS004247,Ishita Jain,Ahmedabad,Uttar Pradesh,2023-04-22,Business
CUS004248,Aisha Gupta,Pune,Maharashtra,2024-04-10,Business
CUS004249,Aisha Joshi,Mumbai,Rajasthan,2024-10-11,Business
CUS004250,Sneha Jain,Jaipur,Rajasthan,2023-03-20,Business
CUS004251,Priya Mehta,Jaipur,Rajasthan,2025-09-23,Enterprise
CUS004252,Meera Sharma,Mumbai,Gujarat,2025-08-03,Retail
CUS004253,Karan Mehta,Delhi,Uttar Pradesh,2022-11-22,Retail
CUS004254,Aisha Mehta,Ahmedabad,West Bengal,2024-11-20,Enterprise
CUS004255,Nikhil Sharma,Lucknow,Karnataka,2024-07-05,Enterprise
CUS004256,Sneha Patel,Ahmedabad,Tamil Nadu,2022-12-13,Retail
CUS004257,Pooja Malhotra,Jaipur,Uttar Pradesh,2022-01-02,Business
CUS004258,Ishita Malhotra,Lucknow,Karnataka,2023-10-14,Enterprise
CUS004259,Pooja Patel,Delhi,Tamil Nadu,2023-12-01,Enterprise
CUS004260,Vikram Joshi,Kolkata,Delhi,2024-06-07,Business
CUS004261,Amit Joshi,Ahmedabad,Telangana,2022-02-21,Enterprise
CUS004262,Ananya Kapoor,Chennai,Rajasthan,2022-02-20,Business
CUS004263,Aarav Patel,Hyderabad,Maharashtra,2024-06-21,Retail
CUS004264,Sneha Gupta,Kolkata,Rajasthan,2025-04-08,Retail
CUS004265,Simran Patel,Delhi,Uttar Pradesh,2023-12-23,Business
CUS004266,Meera Patel,Jaipur,Rajasthan,2024-06-22,Retail
CUS004267,Arjun Verma,Jaipur,Gujarat,2022-03-22,Retail
CUS004268,Meera Sharma,Pune,Uttar Pradesh,2023-01-12,Business
CUS004269,Neha Malhotra,Delhi,Rajasthan,2024-07-04,Enterprise
CUS004270,Vikram Gupta,Kolkata,Maharashtra,2025-07-06,Retail
CUS004271,Aarav Jain,Lucknow,Karnataka,2022-02-06,Retail
CUS004272,Arjun Jain,Chennai,Maharashtra,2022-05-11,Enterprise
CUS004273,Nikhil Mehta,Pune,West Bengal,2023-07-18,Retail
CUS004274,Simran Sharma,Ahmedabad,Uttar Pradesh,2023-12-07,Retail
CUS004275,Rohan Jain,Bengaluru,Karnataka,2024-04-15,Enterprise
CUS004276,Ananya Patel,Jaipur,Maharashtra,2024-02-27,Retail
CUS004277,Vivaan Sharma,Kolkata,Karnataka,2022-02-10,Retail
CUS004278,Neha Jain,Ahmedabad,Gujarat,2022-10-12,Business
CUS004279,Simran Joshi,Chennai,Karnataka,2024-08-19,Enterprise
CUS004280,Ishita Sharma,Chennai,West Bengal,2025-11-14,Retail
CUS004281,Neha Verma,Ahmedabad,Uttar Pradesh,2024-01-23,Business
CUS004282,Vikram Verma,Pune,Gujarat,2025-01-16,Business
CUS004283,Ananya Gupta,Hyderabad,Telangana,2024-02-03,Retail
CUS004284,Neha Gupta,Mumbai,Telangana,2024-02-19,Enterprise
CUS004285,Aisha Kapoor,Jaipur,Gujarat,2023-12-26,Enterprise
CUS004286,Ananya Verma,Jaipur,Karnataka,2023-08-31,Enterprise
CUS004287,Priya Gupta,Jaipur,Gujarat,2025-07-14,Retail
CUS004288,Aisha Joshi,Bengaluru,Gujarat,2024-03-13,Business
CUS004289,Nikhil Gupta,Bengaluru,Delhi,2022-03-02,Enterprise
CUS004290,Karan Joshi,Chennai,Rajasthan,2024-08-22,Retail
CUS004291,Nikhil Malhotra,Hyderabad,Karnataka,2022-11-22,Enterprise
CUS004292,Aisha Malhotra,Jaipur,Karnataka,2025-09-07,Enterprise
CUS004293,Neha Verma,Bengaluru,Gujarat,2025-05-07,Enterprise
CUS004294,Kavya Kapoor,Pune,Tamil Nadu,2022-02-18,Enterprise
CUS004295,Ishita Gupta,Pune,Tamil Nadu,2026-01-16,Retail
CUS004296,Amit Jain,Jaipur,Telangana,2024-04-01,Business
CUS004297,Rohan Sharma,Pune,West Bengal,2023-02-08,Business
CUS004298,Rohan Malhotra,Bengaluru,Uttar Pradesh,2022-04-04,Enterprise
CUS004299,Karan Joshi,Bengaluru,West Bengal,2022-10-18,Enterprise
CUS004300,Kavya Verma,Chennai,Maharashtra,2023-05-10,Enterprise
CUS004301,Aarav Patel,Ahmedabad,Delhi,2023-11-18,Enterprise
CUS004302,Meera Patel,Chennai,Maharashtra,2025-10-17,Retail
CUS004303,Aarav Verma,Chennai,Maharashtra,2025-09-09,Retail
CUS004304,Pooja Patel,Hyderabad,Karnataka,2023-12-05,Retail
CUS004305,Aditya Jain,Kolkata,Uttar Pradesh,2023-06-27,Enterprise
CUS004306,Priya Singh,Kolkata,Uttar Pradesh,2023-11-09,Retail
CUS004307,Aditya Patel,Mumbai,Delhi,2023-05-05,Enterprise
CUS004308,Meera Malhotra,Pune,Telangana,2022-12-08,Business
CUS004309,Meera Jain,Kolkata,Telangana,2022-11-02,Enterprise
CUS004310,Aisha Mehta,Delhi,Tamil Nadu,2022-08-16,Enterprise
CUS004311,Vivaan Kapoor,Chennai,West Bengal,2023-04-03,Enterprise
CUS004312,Ananya Kapoor,Chennai,Tamil Nadu,2023-08-23,Business
CUS004313,Aditya Verma,Ahmedabad,Maharashtra,2025-05-21,Enterprise
CUS004314,Aditya Malhotra,Bengaluru,Tamil Nadu,2022-07-12,Retail
CUS004315,Vikram Verma,Chennai,Tamil Nadu,2023-10-03,Enterprise
CUS004316,Priya Joshi,Pune,Gujarat,2022-10-05,Business
CUS004317,Rohan Kapoor,Mumbai,Gujarat,2024-07-22,Retail
CUS004318,Priya Joshi,Hyderabad,Gujarat,2022-07-15,Retail
CUS004319,Aditya Gupta,Kolkata,Tamil Nadu,2024-05-16,Enterprise
CUS004320,Rohan Mehta,Hyderabad,Maharashtra,2022-12-22,Business
CUS004321,Aarav Kapoor,Hyderabad,Rajasthan,2022-08-31,Enterprise
CUS004322,Karan Mehta,Delhi,Maharashtra,2025-04-21,Enterprise
CUS004323,Vivaan Mehta,Lucknow,Karnataka,2022-06-21,Enterprise
CUS004324,Aisha Singh,Pune,Karnataka,2025-06-20,Enterprise
CUS004325,Kavya Patel,Ahmedabad,West Bengal,2022-05-02,Business
CUS004326,Kavya Sharma,Chennai,Uttar Pradesh,2025-04-23,Enterprise
CUS004327,Rahul Jain,Ahmedabad,West Bengal,2023-04-12,Enterprise
CUS004328,Arjun Jain,Bengaluru,Telangana,2023-04-15,Enterprise
CUS004329,Pooja Kapoor,Pune,Telangana,2024-10-25,Business
CUS004330,Aditya Verma,Delhi,Maharashtra,2022-10-25,Business
CUS004331,Amit Singh,Ahmedabad,Telangana,2024-01-21,Retail
CUS004332,Rahul Kapoor,Delhi,Karnataka,2022-08-08,Retail
CUS004333,Neha Jain,Kolkata,Tamil Nadu,2024-01-30,Business
CUS004334,Sneha Joshi,Delhi,Uttar Pradesh,2025-06-02,Retail
CUS004335,Arjun Gupta,Hyderabad,Uttar Pradesh,2022-02-19,Enterprise
CUS004336,Ishita Verma,Bengaluru,Maharashtra,2024-12-03,Enterprise
CUS004337,Ananya Verma,Bengaluru,Gujarat,2025-06-13,Business
CUS004338,Priya Patel,Pune,Delhi,2025-09-22,Enterprise
CUS004339,Vikram Joshi,Mumbai,Maharashtra,2023-10-19,Retail
CUS004340,Aisha Jain,Lucknow,Maharashtra,2025-10-10,Business
CUS004341,Amit Jain,Ahmedabad,Tamil Nadu,2022-05-12,Business
CUS004342,Ananya Jain,Jaipur,Maharashtra,2024-05-25,Retail
CUS004343,Amit Patel,Pune,Rajasthan,2024-09-28,Retail
CUS004344,Amit Jain,Delhi,Maharashtra,2025-04-30,Enterprise
CUS004345,Priya Mehta,Lucknow,Maharashtra,2023-10-22,Business
CUS004346,Ananya Joshi,Ahmedabad,West Bengal,2022-08-22,Retail
CUS004347,Meera Jain,Lucknow,Rajasthan,2025-10-29,Business
CUS004348,Vikram Sharma,Kolkata,Telangana,2023-12-11,Enterprise
CUS004349,Amit Patel,Chennai,Karnataka,2022-04-26,Business
CUS004350,Neha Gupta,Pune,Maharashtra,2022-12-30,Retail
CUS004351,Rahul Mehta,Jaipur,Karnataka,2025-02-21,Business
CUS004352,Pooja Malhotra,Pune,Karnataka,2023-09-27,Enterprise
CUS004353,Meera Sharma,Delhi,Uttar Pradesh,2023-10-10,Enterprise
CUS004354,Sneha Joshi,Ahmedabad,Maharashtra,2023-05-02,Enterprise
CUS004355,Vivaan Verma,Pune,Uttar Pradesh,2026-01-12,Retail
CUS004356,Neha Mehta,Kolkata,Tamil Nadu,2023-09-02,Enterprise
CUS004357,Aditya Kapoor,Delhi,Karnataka,2024-05-18,Enterprise
CUS004358,Nikhil Patel,Pune,Maharashtra,2023-05-14,Enterprise
CUS004359,Rahul Joshi,Delhi,Maharashtra,2022-04-10,Business
CUS004360,Arjun Singh,Bengaluru,Telangana,2024-02-08,Retail
CUS004361,Arjun Kapoor,Hyderabad,Delhi,2022-11-01,Retail
CUS004362,Arjun Singh,Jaipur,Rajasthan,2022-12-13,Business
CUS004363,Priya Jain,Pune,Rajasthan,2023-02-08,Enterprise
CUS004364,Aditya Mehta,Jaipur,Maharashtra,2026-01-22,Enterprise
CUS004365,Aisha Singh,Ahmedabad,Maharashtra,2023-05-02,Enterprise
CUS004366,Simran Patel,Kolkata,Karnataka,2024-02-19,Enterprise
CUS004367,Aarav Joshi,Jaipur,Uttar Pradesh,2025-12-17,Business
CUS004368,Vikram Mehta,Kolkata,Delhi,2022-04-05,Retail
CUS004369,Aarav Gupta,Delhi,Maharashtra,2023-06-11,Enterprise
CUS004370,Arjun Sharma,Kolkata,Maharashtra,2024-07-24,Retail
CUS004371,Aisha Singh,Hyderabad,Rajasthan,2024-01-18,Retail
CUS004372,Pooja Malhotra,Chennai,Maharashtra,2023-01-05,Retail
CUS004373,Karan Sharma,Jaipur,Tamil Nadu,2022-06-15,Retail
CUS004374,Simran Patel,Lucknow,Telangana,2025-08-09,Business
CUS004375,Meera Verma,Chennai,Gujarat,2025-05-25,Business
CUS004376,Rahul Malhotra,Ahmedabad,Tamil Nadu,2023-11-25,Business
CUS004377,Arjun Malhotra,Delhi,West Bengal,2024-05-26,Business
CUS004378,Aditya Singh,Kolkata,West Bengal,2025-11-02,Retail
CUS004379,Nikhil Kapoor,Ahmedabad,Delhi,2024-05-21,Retail
CUS004380,Simran Gupta,Ahmedabad,Maharashtra,2022-10-03,Enterprise
CUS004381,Sneha Mehta,Kolkata,Rajasthan,2023-03-25,Retail
CUS004382,Meera Gupta,Kolkata,Karnataka,2024-07-28,Retail
CUS004383,Ananya Kapoor,Jaipur,West Bengal,2023-08-10,Retail
CUS004384,Rohan Jain,Bengaluru,Telangana,2025-09-28,Business
CUS004385,Aditya Verma,Hyderabad,Gujarat,2024-02-20,Retail
CUS004386,Vikram Mehta,Bengaluru,Karnataka,2022-01-02,Business
CUS004387,Arjun Patel,Kolkata,Gujarat,2022-07-18,Enterprise
CUS004388,Ishita Jain,Mumbai,Tamil Nadu,2023-01-16,Business
CUS004389,Nikhil Singh,Mumbai,Uttar Pradesh,2024-03-23,Enterprise
CUS004390,Aisha Singh,Ahmedabad,Telangana,2024-09-08,Retail
CUS004391,Neha Mehta,Chennai,Gujarat,2025-01-08,Enterprise
CUS004392,Sneha Malhotra,Jaipur,West Bengal,2022-02-14,Retail
CUS004393,Sneha Kapoor,Jaipur,Karnataka,2022-01-07,Retail
CUS004394,Neha Kapoor,Bengaluru,West Bengal,2025-10-30,Enterprise
CUS004395,Priya Mehta,Bengaluru,Maharashtra,2023-12-07,Enterprise
CUS004396,Rohan Jain,Lucknow,Maharashtra,2025-09-16,Enterprise
CUS004397,Rohan Joshi,Pune,Gujarat,2023-11-07,Enterprise
CUS004398,Priya Verma,Mumbai,Maharashtra,2023-06-26,Retail
CUS004399,Sneha Jain,Lucknow,Maharashtra,2022-06-17,Enterprise
CUS004400,Karan Jain,Delhi,Rajasthan,2022-11-18,Business
CUS004401,Vikram Patel,Jaipur,Karnataka,2022-02-11,Retail
CUS004402,Pooja Patel,Kolkata,Uttar Pradesh,2024-03-31,Enterprise
CUS004403,Vivaan Joshi,Chennai,West Bengal,2024-12-12,Enterprise
CUS004404,Nikhil Verma,Lucknow,West Bengal,2023-08-07,Enterprise
CUS004405,Amit Joshi,Lucknow,Uttar Pradesh,2022-04-27,Business
CUS004406,Rohan Jain,Mumbai,West Bengal,2022-09-12,Retail
CUS004407,Neha Kapoor,Ahmedabad,Tamil Nadu,2024-05-05,Business
CUS004408,Nikhil Patel,Jaipur,Uttar Pradesh,2024-12-30,Enterprise
CUS004409,Arjun Sharma,Ahmedabad,Maharashtra,2024-10-05,Retail
CUS004410,Kavya Mehta,Bengaluru,Maharashtra,2024-04-15,Retail
CUS004411,Arjun Jain,Lucknow,West Bengal,2024-01-21,Business
CUS004412,Karan Jain,Ahmedabad,Maharashtra,2024-05-07,Enterprise
CUS004413,Ishita Malhotra,Ahmedabad,Karnataka,2024-09-26,Enterprise
CUS004414,Nikhil Patel,Mumbai,Uttar Pradesh,2023-03-09,Enterprise
CUS004415,Simran Malhotra,Lucknow,Maharashtra,2024-03-13,Enterprise
CUS004416,Rohan Sharma,Mumbai,Karnataka,2025-08-09,Retail
CUS004417,Vikram Patel,Ahmedabad,West Bengal,2023-12-14,Retail
CUS004418,Rohan Patel,Ahmedabad,Karnataka,2025-11-16,Retail
CUS004419,Aisha Patel,Bengaluru,Maharashtra,2024-08-20,Enterprise
CUS004420,Nikhil Gupta,Hyderabad,Uttar Pradesh,2022-03-17,Retail
CUS004421,Ishita Malhotra,Pune,Karnataka,2024-09-02,Enterprise
CUS004422,Rohan Malhotra,Chennai,Telangana,2024-01-31,Enterprise
CUS004423,Kavya Kapoor,Bengaluru,Tamil Nadu,2025-11-24,Business
CUS004424,Priya Malhotra,Lucknow,Rajasthan,2022-09-11,Retail
CUS004425,Vikram Verma,Bengaluru,Uttar Pradesh,2025-07-18,Retail
CUS004426,Rahul Gupta,Chennai,Maharashtra,2024-06-15,Business
CUS004427,Aditya Malhotra,Delhi,Tamil Nadu,2025-02-16,Retail
CUS004428,Neha Joshi,Ahmedabad,Delhi,2022-08-06,Enterprise
CUS004429,Rohan Singh,Ahmedabad,Maharashtra,2022-09-06,Enterprise
CUS004430,Pooja Mehta,Bengaluru,Uttar Pradesh,2025-05-10,Business
CUS004431,Meera Verma,Mumbai,Karnataka,2026-01-21,Enterprise
CUS004432,Neha Gupta,Bengaluru,Maharashtra,2023-10-05,Business
CUS004433,Ananya Sharma,Lucknow,Karnataka,2022-01-18,Business
CUS004434,Amit Mehta,Jaipur,Tamil Nadu,2025-06-27,Retail
CUS004435,Simran Mehta,Hyderabad,Tamil Nadu,2025-04-01,Enterprise
CUS004436,Karan Jain,Hyderabad,Maharashtra,2025-02-25,Enterprise
CUS004437,Amit Malhotra,Delhi,Maharashtra,2024-08-01,Business
CUS004438,Ananya Gupta,Mumbai,Gujarat,2024-03-31,Enterprise
CUS004439,Aditya Patel,Bengaluru,Karnataka,2025-06-27,Business
CUS004440,Ananya Mehta,Kolkata,Maharashtra,2024-09-06,Enterprise
CUS004441,Rahul Patel,Kolkata,Karnataka,2025-12-18,Business
CUS004442,Aarav Jain,Hyderabad,Delhi,2025-08-25,Retail
CUS004443,Rohan Verma,Mumbai,Uttar Pradesh,2024-12-11,Enterprise
CUS004444,Priya Sharma,Ahmedabad,Karnataka,2023-01-14,Enterprise
CUS004445,Priya Mehta,Chennai,Telangana,2022-01-30,Retail
CUS004446,Pooja Patel,Hyderabad,Telangana,2023-07-04,Retail
CUS004447,Ishita Kapoor,Hyderabad,Delhi,2025-10-02,Enterprise
CUS004448,Aarav Jain,Hyderabad,Karnataka,2024-01-24,Retail
CUS004449,Amit Verma,Kolkata,Gujarat,2023-12-20,Enterprise
CUS004450,Aditya Patel,Jaipur,Gujarat,2025-09-08,Retail
CUS004451,Kavya Mehta,Hyderabad,Maharashtra,2025-06-08,Enterprise
CUS004452,Ishita Patel,Hyderabad,West Bengal,2023-12-21,Retail
CUS004453,Amit Kapoor,Lucknow,Maharashtra,2023-01-30,Business
CUS004454,Vivaan Gupta,Hyderabad,Delhi,2023-09-07,Business
CUS004455,Aditya Malhotra,Pune,Rajasthan,2023-01-02,Business
CUS004456,Aditya Patel,Pune,Karnataka,2023-10-14,Business
CUS004457,Kavya Malhotra,Hyderabad,Delhi,2025-03-29,Enterprise
CUS004458,Rohan Sharma,Delhi,Karnataka,2024-09-10,Business
CUS004459,Sneha Mehta,Lucknow,Gujarat,2025-05-13,Retail
CUS004460,Rohan Malhotra,Chennai,Karnataka,2023-04-20,Enterprise
CUS004461,Sneha Patel,Lucknow,Telangana,2022-07-10,Retail
CUS004462,Pooja Singh,Lucknow,Maharashtra,2025-06-26,Retail
CUS004463,Ishita Jain,Hyderabad,Delhi,2023-08-26,Retail
CUS004464,Sneha Mehta,Delhi,Rajasthan,2023-01-20,Business
CUS004465,Aisha Singh,Bengaluru,Telangana,2025-10-13,Enterprise
CUS004466,Pooja Malhotra,Bengaluru,Karnataka,2023-06-12,Retail
CUS004467,Vikram Gupta,Mumbai,Rajasthan,2024-02-20,Business
CUS004468,Amit Verma,Pune,Rajasthan,2024-06-09,Business
CUS004469,Ishita Jain,Hyderabad,Karnataka,2026-01-29,Enterprise
CUS004470,Rohan Mehta,Lucknow,Delhi,2025-02-09,Business
CUS004471,Kavya Sharma,Kolkata,Telangana,2023-02-23,Business
CUS004472,Aarav Malhotra,Chennai,Delhi,2025-02-19,Enterprise
CUS004473,Nikhil Malhotra,Chennai,Uttar Pradesh,2023-07-12,Business
CUS004474,Aarav Singh,Lucknow,Gujarat,2025-05-24,Business
CUS004475,Ishita Gupta,Bengaluru,Tamil Nadu,2025-05-15,Retail
CUS004476,Vikram Mehta,Chennai,Maharashtra,2023-06-14,Business
CUS004477,Arjun Kapoor,Jaipur,Karnataka,2022-01-10,Retail
CUS004478,Simran Malhotra,Chennai,Telangana,2022-10-07,Enterprise
CUS004479,Nikhil Joshi,Bengaluru,Telangana,2023-08-07,Enterprise
CUS004480,Amit Mehta,Ahmedabad,Rajasthan,2024-06-07,Business
CUS004481,Karan Malhotra,Jaipur,Uttar Pradesh,2025-04-01,Business
CUS004482,Karan Sharma,Ahmedabad,Maharashtra,2024-07-26,Enterprise
CUS004483,Aarav Mehta,Lucknow,Maharashtra,2022-06-24,Business
CUS004484,Amit Joshi,Mumbai,Maharashtra,2022-02-23,Retail
CUS004485,Nikhil Verma,Kolkata,Maharashtra,2023-11-21,Business
CUS004486,Vikram Gupta,Ahmedabad,Gujarat,2026-01-30,Business
CUS004487,Aarav Gupta,Mumbai,Rajasthan,2026-01-30,Enterprise
CUS004488,Aisha Sharma,Mumbai,Gujarat,2024-10-03,Enterprise
CUS004489,Ishita Verma,Lucknow,Delhi,2023-02-23,Business
CUS004490,Ananya Gupta,Lucknow,Gujarat,2025-03-24,Enterprise
CUS004491,Kavya Sharma,Hyderabad,Tamil Nadu,2022-02-04,Enterprise
CUS004492,Kavya Mehta,Ahmedabad,Uttar Pradesh,2023-04-15,Business
CUS004493,Kavya Verma,Pune,Delhi,2025-12-29,Enterprise
CUS004494,Neha Jain,Jaipur,Gujarat,2022-05-28,Business
CUS004495,Pooja Malhotra,Delhi,Tamil Nadu,2024-07-01,Retail
CUS004496,Ishita Sharma,Delhi,Tamil Nadu,2022-04-25,Enterprise
CUS004497,Priya Kapoor,Chennai,West Bengal,2024-05-26,Enterprise
CUS004498,Rohan Mehta,Hyderabad,Rajasthan,2022-05-27,Enterprise
CUS004499,Aisha Singh,Jaipur,Telangana,2025-03-19,Retail
CUS004500,Aisha Kapoor,Pune,Gujarat,2023-02-06,Business
CUS004501,Nikhil Gupta,Bengaluru,Maharashtra,2026-01-14,Retail
CUS004502,Aarav Patel,Delhi,West Bengal,2025-01-29,Enterprise
CUS004503,Sneha Malhotra,Chennai,Maharashtra,2025-06-04,Enterprise
CUS004504,Ananya Sharma,Hyderabad,Rajasthan,2024-01-26,Retail
CUS004505,Vikram Joshi,Chennai,Rajasthan,2024-02-10,Business
CUS004506,Vivaan Singh,Ahmedabad,Tamil Nadu,2024-04-29,Retail
CUS004507,Vivaan Singh,Ahmedabad,Karnataka,2023-06-04,Business
CUS004508,Ishita Singh,Lucknow,Telangana,2024-04-05,Enterprise
CUS004509,Amit Mehta,Bengaluru,Karnataka,2022-08-03,Enterprise
CUS004510,Aditya Jain,Bengaluru,Karnataka,2024-01-30,Business
CUS004511,Aisha Patel,Kolkata,Maharashtra,2024-07-07,Retail
CUS004512,Arjun Joshi,Hyderabad,Telangana,2024-01-02,Business
CUS004513,Karan Mehta,Delhi,Gujarat,2022-10-06,Business
CUS004514,Priya Mehta,Kolkata,Rajasthan,2023-10-04,Enterprise
CUS004515,Vivaan Kapoor,Lucknow,Rajasthan,2025-05-24,Business
CUS004516,Vikram Verma,Kolkata,Tamil Nadu,2025-06-09,Business
CUS004517,Ishita Singh,Hyderabad,Rajasthan,2025-12-30,Business
CUS004518,Rahul Malhotra,Chennai,Karnataka,2024-07-02,Enterprise
CUS004519,Karan Verma,Pune,Karnataka,2024-09-02,Business
CUS004520,Karan Mehta,Jaipur,West Bengal,2023-07-31,Retail
CUS004521,Neha Jain,Pune,West Bengal,2024-05-12,Business
CUS004522,Meera Patel,Hyderabad,Uttar Pradesh,2024-06-30,Business
CUS004523,Ananya Verma,Mumbai,Maharashtra,2023-10-12,Business
CUS004524,Ananya Singh,Pune,Uttar Pradesh,2025-04-19,Retail
CUS004525,Vivaan Sharma,Lucknow,Telangana,2022-03-10,Business
CUS004526,Meera Mehta,Chennai,Rajasthan,2022-11-04,Retail
CUS004527,Ishita Verma,Chennai,Karnataka,2024-12-11,Business
CUS004528,Aisha Gupta,Bengaluru,Tamil Nadu,2023-01-05,Retail
CUS004529,Rahul Mehta,Ahmedabad,Maharashtra,2025-07-16,Enterprise
CUS004530,Aarav Sharma,Hyderabad,West Bengal,2022-03-01,Enterprise
CUS004531,Aditya Patel,Pune,Karnataka,2023-09-23,Enterprise
CUS004532,Meera Mehta,Mumbai,Maharashtra,2025-05-13,Enterprise
CUS004533,Amit Kapoor,Lucknow,Uttar Pradesh,2024-03-28,Business
CUS004534,Aditya Patel,Jaipur,Maharashtra,2025-10-30,Business
CUS004535,Nikhil Singh,Kolkata,Telangana,2024-04-02,Business
CUS004536,Aditya Verma,Hyderabad,West Bengal,2024-07-07,Business
CUS004537,Aditya Kapoor,Ahmedabad,Rajasthan,2024-09-24,Enterprise
CUS004538,Aarav Verma,Kolkata,Uttar Pradesh,2024-04-22,Business
CUS004539,Sneha Kapoor,Delhi,Uttar Pradesh,2022-02-02,Enterprise
CUS004540,Meera Jain,Chennai,Gujarat,2023-12-04,Enterprise
CUS004541,Simran Gupta,Pune,Rajasthan,2025-08-07,Enterprise
CUS004542,Aditya Verma,Delhi,Karnataka,2025-11-17,Retail
CUS004543,Aarav Jain,Lucknow,Delhi,2024-10-13,Business
CUS004544,Ishita Sharma,Chennai,Telangana,2024-09-12,Enterprise
CUS004545,Priya Malhotra,Jaipur,Gujarat,2022-12-24,Retail
CUS004546,Aditya Verma,Pune,Tamil Nadu,2022-05-18,Retail
CUS004547,Aditya Kapoor,Ahmedabad,Gujarat,2022-03-08,Business
CUS004548,Vikram Verma,Kolkata,Karnataka,2023-03-13,Enterprise
CUS004549,Simran Patel,Hyderabad,West Bengal,2024-10-21,Business
CUS004550,Rohan Verma,Kolkata,Telangana,2023-09-12,Retail
CUS004551,Aarav Singh,Chennai,Uttar Pradesh,2023-06-22,Business
CUS004552,Arjun Sharma,Delhi,Karnataka,2024-10-30,Business
CUS004553,Priya Gupta,Mumbai,Rajasthan,2025-10-28,Enterprise
CUS004554,Aisha Mehta,Hyderabad,West Bengal,2024-09-08,Business
CUS004555,Arjun Singh,Mumbai,Karnataka,2024-01-21,Retail
CUS004556,Nikhil Singh,Pune,Delhi,2023-12-29,Enterprise
CUS004557,Meera Singh,Hyderabad,Gujarat,2023-10-14,Enterprise
CUS004558,Aditya Gupta,Bengaluru,Uttar Pradesh,2024-12-15,Enterprise
CUS004559,Meera Jain,Mumbai,West Bengal,2025-02-01,Enterprise
CUS004560,Kavya Gupta,Lucknow,Uttar Pradesh,2022-04-29,Enterprise
CUS004561,Nikhil Verma,Mumbai,Delhi,2025-02-08,Business
CUS004562,Kavya Gupta,Jaipur,Maharashtra,2024-02-11,Business
CUS004563,Meera Malhotra,Delhi,Karnataka,2025-01-06,Retail
CUS004564,Arjun Malhotra,Bengaluru,Telangana,2024-12-26,Enterprise
CUS004565,Aditya Kapoor,Pune,Maharashtra,2023-02-06,Enterprise
CUS004566,Aditya Verma,Ahmedabad,Karnataka,2023-06-15,Retail
CUS004567,Amit Jain,Hyderabad,Delhi,2022-07-30,Enterprise
CUS004568,Amit Gupta,Lucknow,West Bengal,2023-05-11,Retail
CUS004569,Simran Patel,Delhi,Maharashtra,2024-11-20,Business
CUS004570,Rahul Joshi,Bengaluru,Telangana,2022-07-05,Retail
CUS004571,Ishita Mehta,Mumbai,Karnataka,2023-05-26,Retail
CUS004572,Kavya Gupta,Chennai,Karnataka,2022-04-21,Retail
CUS004573,Kavya Singh,Pune,Karnataka,2022-05-01,Business
CUS004574,Ishita Sharma,Kolkata,West Bengal,2024-12-27,Retail
CUS004575,Arjun Sharma,Lucknow,Gujarat,2024-01-09,Enterprise
CUS004576,Pooja Verma,Chennai,Tamil Nadu,2024-07-24,Business
CUS004577,Aisha Singh,Hyderabad,Tamil Nadu,2023-09-14,Retail
CUS004578,Pooja Jain,Lucknow,Uttar Pradesh,2022-07-21,Retail
CUS004579,Aisha Malhotra,Lucknow,Telangana,2023-11-30,Retail
CUS004580,Vivaan Mehta,Hyderabad,Maharashtra,2025-06-19,Enterprise
CUS004581,Arjun Sharma,Ahmedabad,Maharashtra,2025-11-23,Enterprise
CUS004582,Sneha Mehta,Lucknow,Maharashtra,2022-02-05,Retail
CUS004583,Nikhil Jain,Delhi,Telangana,2022-10-02,Enterprise
CUS004584,Arjun Mehta,Jaipur,Delhi,2024-05-04,Enterprise
CUS004585,Rahul Jain,Mumbai,West Bengal,2023-12-30,Enterprise
CUS004586,Sneha Jain,Ahmedabad,Uttar Pradesh,2025-03-10,Business
CUS004587,Rahul Sharma,Jaipur,Karnataka,2025-07-17,Business
CUS004588,Vikram Malhotra,Mumbai,Maharashtra,2022-01-23,Business
CUS004589,Simran Singh,Delhi,Tamil Nadu,2024-10-05,Retail
CUS004590,Rahul Kapoor,Kolkata,Maharashtra,2025-12-11,Retail
CUS004591,Rohan Jain,Pune,Maharashtra,2025-08-14,Enterprise
CUS004592,Karan Verma,Jaipur,Tamil Nadu,2025-06-14,Business
CUS004593,Rahul Verma,Bengaluru,Rajasthan,2024-08-06,Retail
CUS004594,Rahul Malhotra,Chennai,Maharashtra,2023-08-28,Business
CUS004595,Rohan Sharma,Chennai,Rajasthan,2025-08-08,Retail
CUS004596,Rahul Kapoor,Ahmedabad,Maharashtra,2024-02-18,Retail
CUS004597,Ishita Kapoor,Pune,Delhi,2023-01-08,Business
CUS004598,Aarav Mehta,Chennai,Telangana,2024-09-04,Business
CUS004599,Karan Mehta,Lucknow,Tamil Nadu,2022-03-27,Enterprise
CUS004600,Simran Sharma,Hyderabad,Maharashtra,2025-07-23,Enterprise
CUS004601,Simran Kapoor,Chennai,Gujarat,2024-03-14,Enterprise
CUS004602,Neha Singh,Pune,Maharashtra,2024-03-07,Business
CUS004603,Meera Mehta,Delhi,Karnataka,2024-11-20,Enterprise
CUS004604,Vikram Kapoor,Jaipur,Rajasthan,2024-06-25,Enterprise
CUS004605,Sneha Gupta,Ahmedabad,Uttar Pradesh,2025-06-30,Retail
CUS004606,Aditya Singh,Ahmedabad,Maharashtra,2024-05-03,Enterprise
CUS004607,Rahul Jain,Lucknow,Maharashtra,2022-06-30,Retail
CUS004608,Ananya Kapoor,Ahmedabad,Maharashtra,2023-07-27,Business
CUS004609,Simran Verma,Kolkata,Maharashtra,2025-03-28,Enterprise
CUS004610,Aarav Singh,Jaipur,Maharashtra,2023-03-01,Business
CUS004611,Arjun Verma,Jaipur,Uttar Pradesh,2023-10-23,Enterprise
CUS004612,Priya Kapoor,Delhi,Uttar Pradesh,2023-08-17,Business
CUS004613,Aditya Malhotra,Mumbai,Telangana,2024-07-30,Enterprise
CUS004614,Vivaan Gupta,Bengaluru,Telangana,2024-06-21,Retail
CUS004615,Pooja Singh,Lucknow,Tamil Nadu,2022-07-10,Enterprise
CUS004616,Aisha Joshi,Bengaluru,Maharashtra,2025-03-01,Business
CUS004617,Priya Jain,Ahmedabad,West Bengal,2022-01-17,Enterprise
CUS004618,Neha Kapoor,Jaipur,Gujarat,2025-07-07,Enterprise
CUS004619,Aisha Gupta,Ahmedabad,Delhi,2025-04-29,Retail
CUS004620,Meera Kapoor,Delhi,Delhi,2024-12-12,Retail
CUS004621,Pooja Sharma,Mumbai,Rajasthan,2023-03-24,Retail
CUS004622,Priya Gupta,Bengaluru,Maharashtra,2024-06-13,Enterprise
CUS004623,Nikhil Gupta,Ahmedabad,Rajasthan,2026-01-29,Business
CUS004624,Aisha Joshi,Ahmedabad,West Bengal,2024-10-25,Retail
CUS004625,Amit Mehta,Hyderabad,Tamil Nadu,2025-02-03,Retail
CUS004626,Vikram Verma,Hyderabad,Uttar Pradesh,2023-10-29,Enterprise
CUS004627,Vikram Gupta,Delhi,Maharashtra,2023-04-19,Business
CUS004628,Ananya Patel,Kolkata,Tamil Nadu,2023-12-07,Enterprise
CUS004629,Kavya Malhotra,Delhi,Rajasthan,2025-12-04,Enterprise
CUS004630,Vikram Verma,Jaipur,West Bengal,2023-07-21,Retail
CUS004631,Aditya Verma,Jaipur,Gujarat,2025-11-01,Retail
CUS004632,Aisha Joshi,Chennai,Maharashtra,2025-08-28,Retail
CUS004633,Amit Malhotra,Kolkata,Gujarat,2023-06-11,Business
CUS004634,Priya Verma,Lucknow,Gujarat,2023-12-30,Business
CUS004635,Aditya Gupta,Ahmedabad,Telangana,2022-08-17,Enterprise
CUS004636,Sneha Joshi,Jaipur,Uttar Pradesh,2024-05-24,Retail
CUS004637,Aarav Sharma,Lucknow,Karnataka,2023-12-20,Enterprise
CUS004638,Nikhil Jain,Pune,Maharashtra,2024-03-22,Retail
CUS004639,Vivaan Patel,Chennai,Uttar Pradesh,2024-08-31,Enterprise
CUS004640,Rahul Jain,Hyderabad,Delhi,2022-09-16,Enterprise
CUS004641,Neha Kapoor,Bengaluru,Telangana,2025-09-19,Enterprise
CUS004642,Rohan Joshi,Ahmedabad,Gujarat,2025-02-07,Retail
CUS004643,Simran Kapoor,Hyderabad,Gujarat,2025-09-03,Enterprise
CUS004644,Vivaan Patel,Jaipur,Maharashtra,2023-07-17,Retail
CUS004645,Ananya Singh,Hyderabad,Rajasthan,2022-01-11,Retail
CUS004646,Kavya Singh,Kolkata,Karnataka,2024-02-07,Enterprise
CUS004647,Sneha Mehta,Kolkata,Maharashtra,2023-12-10,Business
CUS004648,Neha Verma,Ahmedabad,Maharashtra,2023-12-08,Retail
CUS004649,Simran Jain,Ahmedabad,Maharashtra,2025-06-13,Business
CUS004650,Vikram Verma,Ahmedabad,Delhi,2024-10-12,Retail
CUS004651,Vivaan Gupta,Bengaluru,Gujarat,2025-11-27,Business
CUS004652,Amit Malhotra,Mumbai,Maharashtra,2025-05-12,Enterprise
CUS004653,Rahul Kapoor,Chennai,Gujarat,2024-06-29,Enterprise
CUS004654,Rahul Kapoor,Chennai,Maharashtra,2022-12-16,Retail
CUS004655,Meera Gupta,Bengaluru,Rajasthan,2023-05-19,Retail
CUS004656,Vikram Joshi,Chennai,Tamil Nadu,2025-01-29,Retail
CUS004657,Aditya Jain,Ahmedabad,Delhi,2024-05-03,Business
CUS004658,Ananya Malhotra,Chennai,Gujarat,2024-09-05,Enterprise
CUS004659,Nikhil Verma,Hyderabad,Gujarat,2022-01-06,Business
CUS004660,Pooja Malhotra,Pune,West Bengal,2023-12-05,Retail
CUS004661,Simran Malhotra,Mumbai,Uttar Pradesh,2024-10-30,Retail
CUS004662,Karan Joshi,Chennai,Tamil Nadu,2022-05-21,Retail
CUS004663,Simran Verma,Hyderabad,Maharashtra,2023-09-21,Enterprise
CUS004664,Rohan Gupta,Bengaluru,Maharashtra,2024-05-29,Business
CUS004665,Amit Kapoor,Delhi,Rajasthan,2025-10-10,Retail
CUS004666,Nikhil Gupta,Lucknow,West Bengal,2023-07-12,Business
CUS004667,Karan Mehta,Chennai,Gujarat,2023-10-16,Enterprise
CUS004668,Vivaan Joshi,Pune,Tamil Nadu,2023-10-30,Business
CUS004669,Amit Verma,Bengaluru,Telangana,2023-04-01,Business
CUS004670,Pooja Joshi,Kolkata,Maharashtra,2023-11-20,Business
CUS004671,Simran Jain,Delhi,Maharashtra,2025-04-07,Business
CUS004672,Amit Sharma,Kolkata,Gujarat,2025-11-22,Retail
CUS004673,Ishita Patel,Chennai,Karnataka,2024-01-08,Enterprise
CUS004674,Karan Joshi,Mumbai,Maharashtra,2025-09-21,Retail
CUS004675,Arjun Patel,Chennai,Telangana,2024-08-04,Business
CUS004676,Priya Verma,Lucknow,Telangana,2023-05-08,Enterprise
CUS004677,Aditya Verma,Jaipur,West Bengal,2022-10-01,Retail
CUS004678,Meera Gupta,Kolkata,Rajasthan,2023-11-21,Business
CUS004679,Neha Patel,Bengaluru,Tamil Nadu,2023-07-08,Enterprise
CUS004680,Vikram Verma,Mumbai,Gujarat,2024-12-29,Business
CUS004681,Meera Joshi,Bengaluru,Uttar Pradesh,2025-09-24,Business
CUS004682,Rahul Singh,Delhi,Rajasthan,2024-01-22,Business
CUS004683,Meera Kapoor,Pune,Uttar Pradesh,2023-12-06,Business
CUS004684,Amit Verma,Kolkata,Tamil Nadu,2024-10-24,Retail
CUS004685,Aisha Mehta,Pune,Delhi,2024-12-23,Business
CUS004686,Arjun Singh,Ahmedabad,Delhi,2023-05-04,Retail
CUS004687,Ishita Joshi,Pune,Telangana,2022-02-07,Business
CUS004688,Arjun Verma,Ahmedabad,Uttar Pradesh,2024-06-29,Enterprise
CUS004689,Arjun Verma,Kolkata,Uttar Pradesh,2024-09-28,Enterprise
CUS004690,Priya Verma,Mumbai,Rajasthan,2023-12-17,Enterprise
CUS004691,Kavya Malhotra,Chennai,Maharashtra,2024-11-27,Enterprise
CUS004692,Ananya Joshi,Hyderabad,Tamil Nadu,2026-01-02,Business
CUS004693,Vivaan Patel,Kolkata,Maharashtra,2023-01-27,Enterprise
CUS004694,Sneha Patel,Pune,Maharashtra,2024-07-31,Business
CUS004695,Amit Sharma,Pune,Maharashtra,2024-06-16,Enterprise
CUS004696,Vivaan Mehta,Kolkata,Uttar Pradesh,2025-08-16,Business
CUS004697,Simran Sharma,Kolkata,Rajasthan,2024-06-04,Enterprise
CUS004698,Amit Jain,Jaipur,Tamil Nadu,2023-10-05,Enterprise
CUS004699,Arjun Mehta,Delhi,Maharashtra,2024-01-18,Enterprise
CUS004700,Priya Kapoor,Lucknow,Gujarat,2024-06-30,Business
CUS004701,Priya Gupta,Bengaluru,Gujarat,2024-09-23,Retail
CUS004702,Meera Gupta,Jaipur,Uttar Pradesh,2024-04-14,Retail
CUS004703,Vikram Sharma,Kolkata,Delhi,2022-09-30,Enterprise
CUS004704,Pooja Singh,Hyderabad,Maharashtra,2023-03-14,Retail
CUS004705,Meera Patel,Bengaluru,Uttar Pradesh,2022-01-15,Retail
CUS004706,Neha Singh,Pune,Uttar Pradesh,2024-08-16,Business
CUS004707,Rohan Joshi,Hyderabad,Uttar Pradesh,2023-04-10,Business
CUS004708,Sneha Singh,Chennai,West Bengal,2025-12-29,Enterprise
CUS004709,Simran Mehta,Kolkata,Maharashtra,2025-11-23,Business
CUS004710,Nikhil Sharma,Bengaluru,Maharashtra,2025-09-22,Retail
CUS004711,Karan Singh,Chennai,Gujarat,2024-01-18,Enterprise
CUS004712,Rahul Mehta,Pune,Rajasthan,2022-12-23,Business
CUS004713,Rohan Mehta,Bengaluru,West Bengal,2025-04-25,Business
CUS004714,Aditya Jain,Jaipur,Rajasthan,2024-03-10,Business
CUS004715,Simran Patel,Mumbai,Delhi,2025-10-08,Retail
CUS004716,Ananya Jain,Mumbai,Telangana,2025-07-07,Enterprise
CUS004717,Rohan Gupta,Delhi,Gujarat,2022-06-19,Retail
CUS004718,Simran Joshi,Jaipur,Uttar Pradesh,2022-10-28,Business
CUS004719,Amit Verma,Ahmedabad,Tamil Nadu,2024-07-13,Business
CUS004720,Neha Mehta,Chennai,Karnataka,2023-01-06,Business
CUS004721,Kavya Verma,Hyderabad,Maharashtra,2022-08-13,Enterprise
CUS004722,Arjun Kapoor,Chennai,Maharashtra,2023-03-14,Business
CUS004723,Karan Singh,Jaipur,Maharashtra,2025-11-08,Business
CUS004724,Rahul Sharma,Bengaluru,Rajasthan,2025-08-20,Enterprise
CUS004725,Pooja Patel,Lucknow,Karnataka,2024-06-29,Enterprise
CUS004726,Aisha Kapoor,Hyderabad,Maharashtra,2025-01-04,Business
CUS004727,Vikram Patel,Hyderabad,Gujarat,2025-10-05,Retail
CUS004728,Rohan Sharma,Mumbai,Telangana,2025-09-17,Enterprise
CUS004729,Priya Singh,Bengaluru,Tamil Nadu,2023-07-01,Retail
CUS004730,Arjun Patel,Delhi,West Bengal,2022-12-13,Enterprise
CUS004731,Ananya Mehta,Pune,Karnataka,2022-01-04,Enterprise
CUS004732,Vikram Mehta,Hyderabad,West Bengal,2024-09-15,Retail
CUS004733,Simran Sharma,Ahmedabad,West Bengal,2024-06-10,Retail
CUS004734,Pooja Singh,Kolkata,Gujarat,2022-10-23,Enterprise
CUS004735,Amit Gupta,Pune,West Bengal,2024-05-12,Enterprise
CUS004736,Vikram Patel,Ahmedabad,Delhi,2022-07-12,Business
CUS004737,Rahul Sharma,Hyderabad,Rajasthan,2024-12-08,Enterprise
CUS004738,Sneha Kapoor,Pune,Telangana,2022-07-30,Enterprise
CUS004739,Sneha Malhotra,Bengaluru,Maharashtra,2023-04-09,Enterprise
CUS004740,Rohan Mehta,Hyderabad,Tamil Nadu,2024-03-31,Business
CUS004741,Amit Mehta,Kolkata,Telangana,2022-08-12,Enterprise
CUS004742,Amit Patel,Ahmedabad,Maharashtra,2023-10-24,Enterprise
CUS004743,Priya Malhotra,Pune,Gujarat,2023-05-28,Enterprise
CUS004744,Vivaan Malhotra,Kolkata,Maharashtra,2023-04-15,Business
CUS004745,Rahul Gupta,Mumbai,Uttar Pradesh,2024-07-11,Enterprise
CUS004746,Vivaan Patel,Jaipur,Maharashtra,2024-02-05,Enterprise
CUS004747,Simran Patel,Bengaluru,Gujarat,2025-01-20,Retail
CUS004748,Simran Mehta,Kolkata,Maharashtra,2024-08-04,Business
CUS004749,Rohan Patel,Chennai,Karnataka,2022-05-18,Enterprise
CUS004750,Priya Mehta,Delhi,Tamil Nadu,2022-12-18,Business
CUS004751,Aarav Jain,Delhi,Maharashtra,2024-05-17,Enterprise
CUS004752,Aarav Kapoor,Jaipur,West Bengal,2024-01-22,Business
CUS004753,Nikhil Sharma,Delhi,Uttar Pradesh,2023-04-20,Retail
CUS004754,Meera Kapoor,Bengaluru,Rajasthan,2023-09-03,Retail
CUS004755,Amit Patel,Pune,Gujarat,2024-01-12,Business
CUS004756,Priya Gupta,Mumbai,West Bengal,2023-09-30,Business
CUS004757,Neha Mehta,Lucknow,Karnataka,2025-11-14,Enterprise
CUS004758,Meera Patel,Pune,Delhi,2022-06-16,Business
CUS004759,Vivaan Patel,Delhi,Rajasthan,2023-05-16,Retail
CUS004760,Aditya Malhotra,Chennai,Tamil Nadu,2024-11-17,Enterprise
CUS004761,Simran Joshi,Lucknow,Uttar Pradesh,2022-01-25,Retail
CUS004762,Kavya Malhotra,Kolkata,Maharashtra,2024-10-06,Business
CUS004763,Aditya Joshi,Pune,Karnataka,2022-03-08,Business
CUS004764,Aisha Kapoor,Kolkata,Maharashtra,2025-03-19,Business
CUS004765,Aditya Jain,Hyderabad,Gujarat,2022-01-10,Business
CUS004766,Aditya Mehta,Hyderabad,Rajasthan,2023-04-20,Enterprise
CUS004767,Pooja Malhotra,Chennai,Karnataka,2023-05-05,Business
CUS004768,Sneha Kapoor,Hyderabad,Maharashtra,2025-02-15,Business
CUS004769,Sneha Joshi,Kolkata,Gujarat,2022-05-05,Retail
CUS004770,Sneha Verma,Bengaluru,Telangana,2023-10-27,Enterprise
CUS004771,Simran Joshi,Bengaluru,Maharashtra,2025-08-01,Business
CUS004772,Priya Sharma,Bengaluru,Karnataka,2022-12-29,Business
CUS004773,Simran Mehta,Kolkata,Tamil Nadu,2024-10-20,Business
CUS004774,Kavya Patel,Pune,Telangana,2025-01-16,Business
CUS004775,Pooja Sharma,Lucknow,Telangana,2025-12-06,Business
CUS004776,Ananya Patel,Jaipur,Maharashtra,2023-12-07,Business
CUS004777,Aarav Gupta,Hyderabad,Delhi,2024-09-17,Retail
CUS004778,Karan Malhotra,Lucknow,Tamil Nadu,2025-04-02,Enterprise
CUS004779,Ishita Joshi,Ahmedabad,Maharashtra,2022-08-04,Retail
CUS004780,Vivaan Joshi,Lucknow,West Bengal,2024-03-14,Business
CUS004781,Karan Gupta,Hyderabad,Tamil Nadu,2024-05-06,Business
CUS004782,Karan Jain,Jaipur,Uttar Pradesh,2024-07-22,Retail
CUS004783,Rohan Mehta,Lucknow,Karnataka,2023-08-30,Enterprise
CUS004784,Kavya Verma,Pune,Karnataka,2025-04-02,Retail
CUS004785,Amit Kapoor,Hyderabad,Gujarat,2024-12-18,Business
CUS004786,Aisha Sharma,Ahmedabad,Gujarat,2026-01-21,Enterprise
CUS004787,Amit Jain,Ahmedabad,Maharashtra,2023-03-24,Enterprise
CUS004788,Rahul Mehta,Jaipur,West Bengal,2022-03-11,Enterprise
CUS004789,Karan Joshi,Kolkata,West Bengal,2025-05-05,Business
CUS004790,Karan Sharma,Bengaluru,Uttar Pradesh,2025-03-03,Business
CUS004791,Rahul Mehta,Bengaluru,West Bengal,2024-08-17,Enterprise
CUS004792,Rohan Joshi,Mumbai,Maharashtra,2022-04-23,Business
CUS004793,Priya Gupta,Mumbai,Delhi,2025-02-08,Enterprise
CUS004794,Aisha Jain,Delhi,Maharashtra,2024-04-13,Enterprise
CUS004795,Rohan Verma,Bengaluru,Delhi,2023-04-20,Retail
CUS004796,Priya Sharma,Delhi,Karnataka,2025-06-17,Enterprise
CUS004797,Priya Verma,Hyderabad,Gujarat,2022-02-16,Business
CUS004798,Aarav Mehta,Lucknow,Telangana,2025-12-20,Retail
CUS004799,Aarav Mehta,Lucknow,Tamil Nadu,2025-09-02,Retail
CUS004800,Ananya Gupta,Kolkata,Rajasthan,2024-03-13,Business
CUS004801,Rahul Malhotra,Hyderabad,Maharashtra,2022-10-07,Enterprise
CUS004802,Kavya Singh,Kolkata,Maharashtra,2022-03-09,Business
CUS004803,Neha Verma,Jaipur,Rajasthan,2023-11-20,Business
CUS004804,Pooja Joshi,Chennai,Karnataka,2022-08-07,Retail
CUS004805,Simran Kapoor,Pune,Telangana,2022-12-08,Business
CUS004806,Meera Verma,Delhi,Rajasthan,2022-01-14,Business
CUS004807,Priya Joshi,Ahmedabad,Telangana,2022-09-28,Business
CUS004808,Kavya Sharma,Kolkata,Rajasthan,2024-05-18,Enterprise
CUS004809,Nikhil Joshi,Jaipur,Gujarat,2022-02-26,Enterprise
CUS004810,Rohan Sharma,Bengaluru,Uttar Pradesh,2022-09-24,Retail
CUS004811,Arjun Singh,Mumbai,West Bengal,2022-03-12,Retail
CUS004812,Amit Gupta,Jaipur,Gujarat,2024-04-29,Retail
CUS004813,Simran Malhotra,Delhi,Rajasthan,2024-08-24,Enterprise
CUS004814,Nikhil Joshi,Delhi,Rajasthan,2024-10-14,Retail
CUS004815,Aditya Verma,Delhi,Telangana,2025-03-08,Business
CUS004816,Aisha Jain,Lucknow,Maharashtra,2024-08-28,Enterprise
CUS004817,Simran Mehta,Hyderabad,Telangana,2022-08-24,Business
CUS004818,Aarav Singh,Bengaluru,Delhi,2025-01-14,Enterprise
CUS004819,Nikhil Sharma,Kolkata,Maharashtra,2022-02-09,Business
CUS004820,Aditya Sharma,Delhi,Rajasthan,2024-09-25,Business
CUS004821,Kavya Patel,Delhi,Maharashtra,2022-10-29,Enterprise
CUS004822,Rohan Sharma,Mumbai,West Bengal,2024-01-10,Business
CUS004823,Meera Verma,Mumbai,Gujarat,2023-07-19,Enterprise
CUS004824,Vikram Malhotra,Delhi,Maharashtra,2022-04-24,Business
CUS004825,Sneha Mehta,Delhi,West Bengal,2023-10-17,Enterprise
CUS004826,Aarav Patel,Chennai,Delhi,2024-04-10,Enterprise
CUS004827,Simran Joshi,Hyderabad,Telangana,2022-12-16,Retail
CUS004828,Priya Mehta,Pune,West Bengal,2024-12-30,Business
CUS004829,Ishita Kapoor,Bengaluru,Karnataka,2022-01-28,Enterprise
CUS004830,Meera Kapoor,Kolkata,Delhi,2023-05-03,Enterprise
CUS004831,Pooja Singh,Ahmedabad,Rajasthan,2025-12-19,Enterprise
CUS004832,Aarav Mehta,Pune,Maharashtra,2023-06-16,Business
CUS004833,Karan Malhotra,Delhi,Karnataka,2022-10-03,Business
CUS004834,Vikram Patel,Hyderabad,Rajasthan,2023-12-02,Enterprise
CUS004835,Arjun Malhotra,Kolkata,Maharashtra,2022-07-15,Business
CUS004836,Vivaan Patel,Lucknow,Gujarat,2024-10-13,Enterprise
CUS004837,Vikram Jain,Pune,Uttar Pradesh,2022-09-22,Business
CUS004838,Aditya Malhotra,Delhi,Maharashtra,2022-09-02,Enterprise
CUS004839,Rahul Kapoor,Chennai,Delhi,2023-05-03,Retail
CUS004840,Rahul Malhotra,Kolkata,Maharashtra,2023-07-05,Enterprise
CUS004841,Ananya Joshi,Lucknow,Tamil Nadu,2024-11-01,Retail
CUS004842,Simran Patel,Chennai,Rajasthan,2025-07-17,Business
CUS004843,Kavya Patel,Mumbai,Gujarat,2023-03-09,Enterprise
CUS004844,Karan Patel,Hyderabad,Uttar Pradesh,2022-12-04,Retail
CUS004845,Karan Gupta,Kolkata,Telangana,2025-11-26,Retail
CUS004846,Ishita Jain,Hyderabad,Rajasthan,2024-08-15,Retail
CUS004847,Simran Mehta,Delhi,Gujarat,2022-09-24,Business
CUS004848,Amit Patel,Jaipur,Rajasthan,2023-05-02,Enterprise
CUS004849,Aditya Jain,Hyderabad,Uttar Pradesh,2024-08-20,Enterprise
CUS004850,Karan Singh,Ahmedabad,West Bengal,2024-09-10,Retail
CUS004851,Neha Verma,Bengaluru,Telangana,2023-02-09,Enterprise
CUS004852,Kavya Verma,Lucknow,West Bengal,2024-11-28,Business
CUS004853,Rohan Malhotra,Ahmedabad,Tamil Nadu,2024-09-02,Retail
CUS004854,Kavya Mehta,Hyderabad,Karnataka,2024-11-27,Enterprise
CUS004855,Vivaan Jain,Lucknow,Uttar Pradesh,2022-04-07,Retail
CUS004856,Neha Kapoor,Pune,Telangana,2022-09-14,Business
CUS004857,Vikram Malhotra,Ahmedabad,Maharashtra,2025-07-07,Retail
CUS004858,Vivaan Malhotra,Hyderabad,Maharashtra,2025-05-16,Retail
CUS004859,Aisha Gupta,Kolkata,Karnataka,2024-09-05,Business
CUS004860,Rahul Verma,Delhi,Gujarat,2024-02-22,Enterprise
CUS004861,Rahul Jain,Chennai,Telangana,2025-05-01,Retail
CUS004862,Vivaan Singh,Ahmedabad,Uttar Pradesh,2023-04-18,Retail
CUS004863,Amit Patel,Hyderabad,Maharashtra,2022-07-25,Enterprise
CUS004864,Kavya Jain,Kolkata,Karnataka,2022-08-11,Enterprise
CUS004865,Arjun Joshi,Delhi,Delhi,2024-03-22,Business
CUS004866,Aditya Verma,Kolkata,Tamil Nadu,2024-05-12,Enterprise
CUS004867,Aarav Sharma,Mumbai,Rajasthan,2023-06-29,Retail
CUS004868,Amit Singh,Bengaluru,Tamil Nadu,2025-06-04,Enterprise
CUS004869,Neha Joshi,Hyderabad,Delhi,2022-11-20,Enterprise
CUS004870,Pooja Singh,Chennai,Uttar Pradesh,2024-05-04,Enterprise
CUS004871,Aisha Joshi,Kolkata,Maharashtra,2023-12-24,Retail
CUS004872,Amit Sharma,Delhi,Delhi,2024-06-02,Retail
CUS004873,Ishita Joshi,Bengaluru,Gujarat,2023-10-27,Retail
CUS004874,Vivaan Singh,Delhi,Uttar Pradesh,2025-02-26,Retail
CUS004875,Simran Sharma,Pune,Gujarat,2023-09-08,Business
CUS004876,Aisha Patel,Hyderabad,Telangana,2022-10-26,Business
CUS004877,Nikhil Joshi,Bengaluru,Tamil Nadu,2023-10-14,Business
CUS004878,Vivaan Verma,Delhi,Karnataka,2022-09-13,Business
CUS004879,Amit Joshi,Lucknow,Delhi,2026-01-22,Enterprise
CUS004880,Vivaan Mehta,Kolkata,Tamil Nadu,2023-07-03,Enterprise
CUS004881,Priya Malhotra,Bengaluru,Telangana,2023-04-19,Enterprise
CUS004882,Simran Mehta,Lucknow,Maharashtra,2023-07-22,Business
CUS004883,Ananya Malhotra,Delhi,Tamil Nadu,2022-12-24,Enterprise
CUS004884,Vikram Kapoor,Bengaluru,Tamil Nadu,2024-07-24,Retail
CUS004885,Priya Kapoor,Mumbai,Karnataka,2023-05-20,Retail
CUS004886,Vikram Singh,Hyderabad,Tamil Nadu,2023-05-25,Enterprise
CUS004887,Ananya Sharma,Delhi,Karnataka,2024-05-16,Business
CUS004888,Arjun Jain,Delhi,Telangana,2024-09-01,Business
CUS004889,Aarav Malhotra,Jaipur,Tamil Nadu,2023-01-26,Enterprise
CUS004890,Karan Jain,Pune,Karnataka,2023-04-17,Business
CUS004891,Vivaan Gupta,Mumbai,Gujarat,2022-04-09,Retail
CUS004892,Priya Jain,Chennai,Maharashtra,2022-02-28,Business
CUS004893,Aditya Gupta,Chennai,Tamil Nadu,2024-12-30,Business
CUS004894,Vivaan Malhotra,Hyderabad,Maharashtra,2023-07-14,Retail
CUS004895,Rahul Verma,Chennai,Gujarat,2023-09-18,Retail
CUS004896,Aditya Malhotra,Lucknow,Delhi,2024-01-31,Business
CUS004897,Aditya Jain,Chennai,Karnataka,2024-11-11,Retail
CUS004898,Vikram Kapoor,Mumbai,Uttar Pradesh,2022-07-06,Retail
CUS004899,Meera Sharma,Chennai,Karnataka,2026-02-02,Enterprise
CUS004900,Ishita Malhotra,Hyderabad,Maharashtra,2025-06-16,Enterprise
CUS004901,Vikram Patel,Chennai,West Bengal,2023-10-06,Business
CUS004902,Vikram Patel,Ahmedabad,Gujarat,2023-04-18,Retail
CUS004903,Nikhil Jain,Hyderabad,Gujarat,2023-05-19,Retail
CUS004904,Aisha Patel,Ahmedabad,Delhi,2022-06-02,Enterprise
CUS004905,Pooja Gupta,Ahmedabad,Karnataka,2023-10-10,Retail
CUS004906,Aarav Sharma,Kolkata,Gujarat,2022-05-30,Business
CUS004907,Vivaan Verma,Delhi,Maharashtra,2023-10-06,Enterprise
CUS004908,Pooja Mehta,Jaipur,Tamil Nadu,2025-09-29,Enterprise
CUS004909,Aisha Malhotra,Kolkata,West Bengal,2022-06-08,Business
CUS004910,Ananya Singh,Ahmedabad,Maharashtra,2024-10-31,Retail
CUS004911,Simran Sharma,Mumbai,Maharashtra,2022-06-11,Business
CUS004912,Aisha Patel,Pune,Karnataka,2025-05-13,Retail
CUS004913,Vikram Kapoor,Jaipur,Rajasthan,2025-02-15,Retail
CUS004914,Pooja Malhotra,Bengaluru,Maharashtra,2023-07-30,Business
CUS004915,Arjun Mehta,Bengaluru,Rajasthan,2024-12-07,Retail
CUS004916,Aisha Kapoor,Kolkata,Rajasthan,2023-12-23,Retail
CUS004917,Nikhil Gupta,Ahmedabad,Uttar Pradesh,2022-04-04,Business
CUS004918,Vivaan Malhotra,Ahmedabad,Tamil Nadu,2024-03-30,Enterprise
CUS004919,Pooja Jain,Ahmedabad,West Bengal,2022-12-27,Enterprise
CUS004920,Vivaan Sharma,Kolkata,Delhi,2026-01-03,Business
CUS004921,Rohan Sharma,Jaipur,Maharashtra,2025-10-10,Enterprise
CUS004922,Ishita Joshi,Delhi,Karnataka,2024-07-27,Retail
CUS004923,Meera Mehta,Hyderabad,Maharashtra,2024-08-12,Enterprise
CUS004924,Priya Sharma,Jaipur,Karnataka,2022-04-12,Business
CUS004925,Amit Joshi,Jaipur,Uttar Pradesh,2025-04-11,Enterprise
CUS004926,Simran Gupta,Mumbai,Telangana,2023-12-11,Business
CUS004927,Amit Kapoor,Bengaluru,Gujarat,2024-08-03,Retail
CUS004928,Neha Mehta,Kolkata,Telangana,2025-03-01,Retail
CUS004929,Aisha Mehta,Jaipur,Rajasthan,2026-01-21,Business
CUS004930,Karan Gupta,Mumbai,Rajasthan,2023-11-23,Business
CUS004931,Arjun Patel,Ahmedabad,Telangana,2023-12-27,Business
CUS004932,Vivaan Gupta,Lucknow,Tamil Nadu,2024-04-03,Retail
CUS004933,Ishita Singh,Mumbai,Rajasthan,2022-04-10,Enterprise
CUS004934,Karan Singh,Lucknow,Delhi,2022-02-03,Enterprise
CUS004935,Vivaan Jain,Chennai,Rajasthan,2023-12-10,Business
CUS004936,Kavya Singh,Bengaluru,West Bengal,2025-12-11,Business
CUS004937,Vikram Singh,Pune,Karnataka,2022-07-23,Business
CUS004938,Vikram Kapoor,Kolkata,Maharashtra,2025-04-27,Retail
CUS004939,Aisha Patel,Chennai,Telangana,2025-01-26,Business
CUS004940,Rahul Sharma,Mumbai,Delhi,2023-06-22,Enterprise
CUS004941,Vivaan Jain,Chennai,Telangana,2023-11-22,Business
CUS004942,Aarav Sharma,Chennai,Telangana,2025-04-23,Retail
CUS004943,Nikhil Sharma,Lucknow,Uttar Pradesh,2025-02-01,Retail
CUS004944,Simran Joshi,Ahmedabad,West Bengal,2023-05-01,Enterprise
CUS004945,Nikhil Joshi,Delhi,Telangana,2024-02-13,Retail
CUS004946,Sneha Singh,Pune,Karnataka,2023-08-01,Retail
CUS004947,Nikhil Singh,Pune,Maharashtra,2022-03-03,Enterprise
CUS004948,Aditya Verma,Bengaluru,Tamil Nadu,2022-11-19,Enterprise
CUS004949,Ishita Malhotra,Bengaluru,Maharashtra,2024-10-04,Enterprise
CUS004950,Neha Patel,Kolkata,Uttar Pradesh,2025-03-05,Enterprise
CUS004951,Aisha Gupta,Hyderabad,Gujarat,2024-03-04,Retail
CUS004952,Nikhil Malhotra,Kolkata,Karnataka,2024-01-06,Retail
CUS004953,Nikhil Malhotra,Ahmedabad,Delhi,2022-10-25,Business
CUS004954,Rahul Joshi,Chennai,Gujarat,2022-04-25,Retail
CUS004955,Rohan Jain,Bengaluru,Maharashtra,2022-09-23,Retail
CUS004956,Ishita Sharma,Chennai,Gujarat,2024-08-16,Business
CUS004957,Arjun Jain,Chennai,Maharashtra,2025-09-12,Business
CUS004958,Nikhil Malhotra,Pune,Telangana,2022-07-29,Enterprise
CUS004959,Rohan Kapoor,Pune,Tamil Nadu,2022-05-23,Business
CUS004960,Sneha Mehta,Pune,Rajasthan,2022-08-24,Retail
CUS004961,Ananya Malhotra,Delhi,West Bengal,2024-12-15,Enterprise
CUS004962,Ishita Verma,Kolkata,Uttar Pradesh,2022-03-10,Enterprise
CUS004963,Pooja Mehta,Bengaluru,Gujarat,2022-06-19,Business
CUS004964,Rahul Joshi,Ahmedabad,Uttar Pradesh,2023-10-24,Enterprise
CUS004965,Ishita Verma,Hyderabad,Delhi,2022-01-31,Retail
CUS004966,Rohan Verma,Jaipur,Delhi,2023-05-30,Enterprise
CUS004967,Pooja Mehta,Bengaluru,Maharashtra,2023-05-16,Business
CUS004968,Priya Joshi,Mumbai,Telangana,2024-01-22,Retail
CUS004969,Priya Patel,Mumbai,Rajasthan,2022-03-06,Enterprise
CUS004970,Rahul Mehta,Ahmedabad,Uttar Pradesh,2022-09-07,Business
CUS004971,Arjun Malhotra,Bengaluru,Uttar Pradesh,2024-04-17,Retail
CUS004972,Sneha Patel,Pune,Telangana,2024-07-19,Retail
CUS004973,Nikhil Malhotra,Mumbai,Maharashtra,2025-04-03,Enterprise
CUS004974,Rahul Gupta,Ahmedabad,Uttar Pradesh,2022-10-20,Business
CUS004975,Vikram Mehta,Jaipur,Rajasthan,2025-10-02,Retail
CUS004976,Ishita Patel,Pune,Karnataka,2023-06-21,Retail
CUS004977,Neha Patel,Bengaluru,Maharashtra,2024-11-22,Retail
CUS004978,Arjun Kapoor,Mumbai,Telangana,2022-01-20,Business
CUS004979,Aditya Singh,Delhi,Tamil Nadu,2025-07-26,Retail
CUS004980,Karan Malhotra,Pune,Telangana,2023-10-01,Business
CUS004981,Vivaan Kapoor,Chennai,Gujarat,2022-01-03,Enterprise
CUS004982,Neha Sharma,Ahmedabad,West Bengal,2022-07-24,Business
CUS004983,Nikhil Joshi,Jaipur,Karnataka,2022-05-22,Retail
CUS004984,Ananya Patel,Hyderabad,Tamil Nadu,2024-03-09,Business
CUS004985,Kavya Joshi,Delhi,Delhi,2024-07-26,Business
CUS004986,Vikram Malhotra,Hyderabad,Maharashtra,2024-07-20,Enterprise
CUS004987,Neha Sharma,Bengaluru,Karnataka,2024-07-10,Business
CUS004988,Neha Malhotra,Lucknow,Uttar Pradesh,2024-12-11,Business
CUS004989,Aarav Malhotra,Bengaluru,Karnataka,2025-05-31,Retail
CUS004990,Priya Mehta,Lucknow,Telangana,2022-07-02,Retail
CUS004991,Sneha Verma,Mumbai,Maharashtra,2024-02-29,Retail
CUS004992,Priya Jain,Ahmedabad,West Bengal,2023-12-20,Retail
CUS004993,Aditya Kapoor,Pune,Tamil Nadu,2024-09-28,Business
CUS004994,Priya Patel,Pune,Maharashtra,2022-02-24,Enterprise
CUS004995,Amit Mehta,Chennai,Telangana,2024-04-13,Retail
CUS004996,Rohan Gupta,Bengaluru,Gujarat,2022-03-18,Business
CUS004997,Ishita Sharma,Pune,Telangana,2024-06-21,Business
CUS004998,Nikhil Mehta,Kolkata,Uttar Pradesh,2023-09-08,Enterprise
CUS004999,Sneha Malhotra,Jaipur,Uttar Pradesh,2023-07-11,Enterprise
CUS005000,Neha Kapoor,Mumbai,West Bengal,2022-01-25,Enterprise
CUS005001,Priya Mehta,Mumbai,Maharashtra,2022-04-20,Business
CUS005002,Karan Sharma,Mumbai,West Bengal,2024-09-22,Retail
CUS005003,Vikram Gupta,Lucknow,Telangana,2025-05-04,Retail
CUS005004,Ananya Sharma,Kolkata,Rajasthan,2022-07-31,Retail
CUS005005,Aditya Joshi,Mumbai,Uttar Pradesh,2025-12-11,Business
CUS005006,Vivaan Sharma,Hyderabad,Uttar Pradesh,2022-02-18,Retail
CUS005007,Aditya Verma,Hyderabad,Telangana,2022-06-26,Business
CUS005008,Kavya Malhotra,Ahmedabad,West Bengal,2023-07-27,Retail
CUS005009,Priya Singh,Jaipur,Telangana,2025-09-21,Enterprise
CUS005010,Aisha Gupta,Chennai,Delhi,2023-04-14,Enterprise
CUS005011,Arjun Joshi,Pune,Karnataka,2026-01-28,Retail
CUS005012,Meera Singh,Pune,Maharashtra,2023-09-30,Enterprise
CUS005013,Simran Malhotra,Delhi,Gujarat,2025-07-07,Business
CUS005014,Meera Singh,Ahmedabad,Maharashtra,2025-06-10,Business
CUS005015,Karan Singh,Mumbai,West Bengal,2023-03-20,Enterprise
CUS005016,Ishita Mehta,Delhi,Telangana,2024-11-03,Business
CUS005017,Rahul Singh,Jaipur,Tamil Nadu,2024-12-13,Business
CUS005018,Kavya Singh,Lucknow,Delhi,2024-09-08,Enterprise
CUS005019,Sneha Kapoor,Kolkata,Maharashtra,2023-06-19,Enterprise
CUS005020,Aditya Singh,Hyderabad,Uttar Pradesh,2023-02-16,Retail
CUS005021,Vikram Malhotra,Ahmedabad,West Bengal,2022-03-10,Business
CUS005022,Aarav Gupta,Chennai,Rajasthan,2025-08-05,Retail
CUS005023,Vikram Singh,Chennai,West Bengal,2025-05-29,Retail
CUS005024,Arjun Patel,Ahmedabad,Delhi,2023-11-26,Retail
CUS005025,Sneha Malhotra,Jaipur,Uttar Pradesh,2023-01-20,Business
CUS005026,Neha Mehta,Hyderabad,Gujarat,2023-03-04,Enterprise
CUS005027,Pooja Malhotra,Kolkata,Maharashtra,2022-07-28,Business
CUS005028,Kavya Gupta,Kolkata,Maharashtra,2023-04-18,Enterprise
CUS005029,Priya Verma,Delhi,West Bengal,2025-11-25,Retail
CUS005030,Pooja Mehta,Ahmedabad,Uttar Pradesh,2022-11-06,Business
CUS005031,Kavya Jain,Lucknow,Maharashtra,2023-11-06,Retail
CUS005032,Amit Jain,Ahmedabad,Maharashtra,2022-01-15,Retail
CUS005033,Aditya Patel,Pune,Maharashtra,2023-11-01,Business
CUS005034,Aditya Mehta,Mumbai,Uttar Pradesh,2024-07-30,Retail
CUS005035,Pooja Verma,Hyderabad,Uttar Pradesh,2025-07-07,Enterprise
CUS005036,Aditya Jain,Mumbai,Karnataka,2022-01-03,Retail
CUS005037,Pooja Kapoor,Delhi,Karnataka,2024-12-23,Business
CUS005038,Sneha Malhotra,Lucknow,Maharashtra,2025-10-25,Enterprise
CUS005039,Pooja Mehta,Kolkata,Delhi,2023-02-07,Enterprise
CUS005040,Ananya Patel,Pune,Telangana,2025-09-24,Business
CUS005041,Nikhil Patel,Kolkata,West Bengal,2025-07-10,Retail
CUS005042,Aisha Gupta,Chennai,Gujarat,2022-05-24,Enterprise
CUS005043,Rahul Jain,Mumbai,Rajasthan,2025-01-25,Retail
CUS005044,Rahul Sharma,Ahmedabad,Karnataka,2022-06-17,Enterprise
CUS005045,Sneha Verma,Mumbai,West Bengal,2024-02-27,Retail
CUS005046,Priya Sharma,Delhi,Karnataka,2024-04-26,Business
CUS005047,Arjun Mehta,Lucknow,Karnataka,2024-05-17,Enterprise
CUS005048,Ananya Gupta,Lucknow,Uttar Pradesh,2022-05-16,Business
CUS005049,Karan Mehta,Hyderabad,Maharashtra,2023-05-15,Retail
CUS005050,Priya Malhotra,Mumbai,Uttar Pradesh,2023-04-13,Enterprise
CUS005051,Rohan Gupta,Delhi,Rajasthan,2022-11-02,Enterprise
CUS005052,Sneha Joshi,Mumbai,Delhi,2024-02-19,Enterprise
CUS005053,Priya Joshi,Lucknow,Telangana,2025-05-24,Enterprise
CUS005054,Simran Gupta,Delhi,Delhi,2023-10-04,Retail
CUS005055,Amit Mehta,Hyderabad,Telangana,2023-09-10,Enterprise
CUS005056,Nikhil Verma,Bengaluru,Gujarat,2025-12-11,Enterprise
CUS005057,Pooja Mehta,Jaipur,Maharashtra,2022-08-26,Retail
CUS005058,Ishita Singh,Bengaluru,Maharashtra,2024-05-22,Business
CUS005059,Aarav Malhotra,Jaipur,Maharashtra,2023-10-19,Enterprise
CUS005060,Vikram Joshi,Mumbai,Tamil Nadu,2023-10-12,Enterprise
CUS005061,Meera Malhotra,Pune,Gujarat,2025-12-01,Retail
CUS005062,Vikram Kapoor,Kolkata,Uttar Pradesh,2022-04-17,Retail
CUS005063,Meera Malhotra,Mumbai,Delhi,2022-02-02,Enterprise
CUS005064,Neha Mehta,Bengaluru,West Bengal,2022-12-11,Retail
CUS005065,Aisha Jain,Ahmedabad,Gujarat,2026-01-24,Retail
CUS005066,Ananya Jain,Bengaluru,Tamil Nadu,2024-11-07,Business
CUS005067,Aditya Kapoor,Pune,Delhi,2025-06-28,Business
CUS005068,Meera Malhotra,Lucknow,Uttar Pradesh,2024-09-29,Business
CUS005069,Priya Joshi,Lucknow,Karnataka,2025-05-17,Business
CUS005070,Vikram Malhotra,Chennai,Tamil Nadu,2022-05-19,Enterprise
CUS005071,Rahul Verma,Kolkata,Telangana,2025-10-29,Retail
CUS005072,Aditya Patel,Kolkata,Karnataka,2024-03-12,Business
CUS005073,Aarav Singh,Jaipur,Gujarat,2022-10-31,Business
CUS005074,Sneha Joshi,Ahmedabad,Maharashtra,2022-07-31,Retail
CUS005075,Meera Kapoor,Hyderabad,Delhi,2023-02-25,Retail
CUS005076,Aarav Sharma,Jaipur,Maharashtra,2024-01-11,Business
CUS005077,Priya Sharma,Jaipur,Delhi,2025-03-29,Retail
CUS005078,Neha Kapoor,Delhi,Rajasthan,2024-08-13,Retail
CUS005079,Rohan Patel,Pune,West Bengal,2025-10-30,Enterprise
CUS005080,Nikhil Kapoor,Bengaluru,Maharashtra,2022-12-18,Enterprise
CUS005081,Karan Singh,Ahmedabad,Tamil Nadu,2023-08-19,Enterprise
CUS005082,Meera Jain,Delhi,Maharashtra,2024-08-24,Retail
CUS005083,Aarav Patel,Lucknow,West Bengal,2022-02-16,Enterprise
CUS005084,Ishita Jain,Jaipur,West Bengal,2023-06-03,Enterprise
CUS005085,Aditya Mehta,Delhi,West Bengal,2025-06-09,Enterprise
CUS005086,Aisha Singh,Ahmedabad,Tamil Nadu,2022-05-16,Retail
CUS005087,Amit Gupta,Chennai,Tamil Nadu,2022-07-07,Enterprise
CUS005088,Aarav Sharma,Chennai,Maharashtra,2022-03-08,Enterprise
CUS005089,Arjun Malhotra,Hyderabad,Rajasthan,2023-06-09,Enterprise
CUS005090,Rahul Jain,Ahmedabad,Delhi,2023-03-02,Enterprise
CUS005091,Vivaan Sharma,Bengaluru,Gujarat,2022-01-22,Business
CUS005092,Rahul Jain,Bengaluru,Tamil Nadu,2022-03-20,Retail
CUS005093,Nikhil Singh,Pune,Karnataka,2025-10-03,Business
CUS005094,Rahul Verma,Bengaluru,West Bengal,2023-11-09,Retail
CUS005095,Simran Patel,Ahmedabad,Uttar Pradesh,2022-10-17,Enterprise
CUS005096,Aarav Malhotra,Mumbai,Gujarat,2025-12-23,Business
CUS005097,Priya Patel,Ahmedabad,Gujarat,2025-06-07,Business
CUS005098,Pooja Joshi,Hyderabad,Maharashtra,2023-05-25,Retail
CUS005099,Aarav Verma,Chennai,Telangana,2023-06-02,Retail
CUS005100,Aarav Mehta,Mumbai,Gujarat,2024-03-11,Business
CUS005101,Simran Joshi,Pune,Maharashtra,2025-11-05,Enterprise
CUS005102,Ishita Verma,Chennai,Rajasthan,2022-02-26,Retail
CUS005103,Kavya Patel,Kolkata,Gujarat,2023-09-06,Retail
CUS005104,Simran Mehta,Delhi,Rajasthan,2022-01-08,Enterprise
CUS005105,Rahul Verma,Mumbai,Maharashtra,2024-01-05,Retail
CUS005106,Kavya Sharma,Lucknow,Gujarat,2025-06-14,Enterprise
CUS005107,Aisha Patel,Bengaluru,Maharashtra,2023-11-07,Retail
CUS005108,Kavya Gupta,Delhi,Karnataka,2025-11-27,Retail
CUS005109,Rahul Kapoor,Pune,Tamil Nadu,2024-10-27,Enterprise
CUS005110,Ananya Joshi,Kolkata,Telangana,2023-04-27,Business
CUS005111,Neha Sharma,Hyderabad,West Bengal,2024-04-08,Retail
CUS005112,Kavya Singh,Lucknow,Tamil Nadu,2022-04-06,Retail
CUS005113,Aditya Patel,Chennai,Delhi,2023-10-27,Business
CUS005114,Nikhil Mehta,Delhi,West Bengal,2024-07-01,Enterprise
CUS005115,Pooja Kapoor,Jaipur,Delhi,2024-04-03,Retail
CUS005116,Priya Patel,Kolkata,Telangana,2024-12-24,Enterprise
CUS005117,Aarav Singh,Pune,Telangana,2024-01-05,Enterprise
CUS005118,Nikhil Sharma,Lucknow,West Bengal,2022-08-30,Enterprise
CUS005119,Aisha Patel,Hyderabad,Delhi,2022-12-31,Enterprise
CUS005120,Priya Gupta,Chennai,Telangana,2025-09-15,Enterprise
CUS005121,Meera Malhotra,Delhi,Maharashtra,2023-10-30,Enterprise
CUS005122,Meera Malhotra,Ahmedabad,West Bengal,2023-10-20,Business
CUS005123,Vikram Malhotra,Lucknow,Maharashtra,2022-08-08,Enterprise
CUS005124,Ananya Joshi,Lucknow,Rajasthan,2023-04-03,Retail
CUS005125,Ishita Gupta,Kolkata,Gujarat,2022-10-20,Business
CUS005126,Neha Gupta,Mumbai,Maharashtra,2024-03-07,Retail
CUS005127,Pooja Malhotra,Chennai,Rajasthan,2025-03-14,Business
CUS005128,Vivaan Patel,Chennai,Delhi,2023-01-07,Retail
CUS005129,Ananya Singh,Ahmedabad,Rajasthan,2025-05-03,Business
CUS005130,Vivaan Sharma,Jaipur,Karnataka,2023-07-12,Business
CUS005131,Aisha Patel,Delhi,Rajasthan,2025-07-25,Enterprise
CUS005132,Nikhil Malhotra,Lucknow,Karnataka,2022-01-15,Enterprise
CUS005133,Vikram Verma,Ahmedabad,Maharashtra,2022-08-28,Enterprise
CUS005134,Priya Malhotra,Lucknow,West Bengal,2025-03-28,Enterprise
CUS005135,Rahul Joshi,Mumbai,Tamil Nadu,2025-11-26,Business
CUS005136,Vivaan Singh,Bengaluru,Rajasthan,2025-10-18,Business
CUS005137,Pooja Kapoor,Chennai,Delhi,2024-11-17,Business
CUS005138,Pooja Malhotra,Jaipur,Gujarat,2024-11-15,Enterprise
CUS005139,Arjun Kapoor,Hyderabad,Karnataka,2025-03-24,Business
CUS005140,Sneha Singh,Pune,Uttar Pradesh,2022-01-18,Enterprise
CUS005141,Aarav Joshi,Bengaluru,West Bengal,2025-04-17,Business
CUS005142,Amit Malhotra,Lucknow,Telangana,2023-07-21,Business
CUS005143,Karan Verma,Hyderabad,Telangana,2022-08-14,Retail
CUS005144,Karan Mehta,Lucknow,Delhi,2024-05-22,Retail
CUS005145,Sneha Gupta,Hyderabad,Karnataka,2023-09-02,Business
CUS005146,Meera Malhotra,Mumbai,Gujarat,2022-03-05,Enterprise
CUS005147,Neha Singh,Chennai,Uttar Pradesh,2025-08-28,Enterprise
CUS005148,Ananya Malhotra,Jaipur,Tamil Nadu,2025-07-07,Enterprise
CUS005149,Simran Sharma,Kolkata,Uttar Pradesh,2025-12-12,Enterprise
CUS005150,Aisha Gupta,Jaipur,Tamil Nadu,2024-07-11,Enterprise
CUS005151,Priya Joshi,Chennai,Gujarat,2025-09-25,Enterprise
CUS005152,Aditya Mehta,Kolkata,Rajasthan,2023-09-26,Retail
CUS005153,Ishita Sharma,Kolkata,Karnataka,2022-04-27,Business
CUS005154,Arjun Joshi,Kolkata,Gujarat,2022-07-12,Enterprise
CUS005155,Ananya Gupta,Pune,Maharashtra,2024-10-04,Enterprise
CUS005156,Pooja Singh,Ahmedabad,Uttar Pradesh,2022-11-17,Retail
CUS005157,Ananya Singh,Jaipur,Tamil Nadu,2023-08-02,Retail
CUS005158,Priya Singh,Ahmedabad,Uttar Pradesh,2025-04-18,Enterprise
CUS005159,Kavya Jain,Jaipur,Tamil Nadu,2025-10-28,Retail
CUS005160,Rohan Singh,Mumbai,Delhi,2025-10-31,Business
CUS005161,Kavya Singh,Delhi,West Bengal,2023-05-03,Business
CUS005162,Kavya Patel,Hyderabad,Uttar Pradesh,2024-07-11,Retail
CUS005163,Neha Malhotra,Pune,Karnataka,2022-10-14,Retail
CUS005164,Priya Verma,Kolkata,West Bengal,2022-06-03,Business
CUS005165,Aisha Malhotra,Chennai,Maharashtra,2025-04-13,Retail
CUS005166,Meera Gupta,Chennai,Tamil Nadu,2025-11-24,Business
CUS005167,Vivaan Jain,Pune,Maharashtra,2024-04-21,Retail
CUS005168,Vikram Verma,Mumbai,Karnataka,2024-05-06,Business
CUS005169,Neha Gupta,Lucknow,Telangana,2024-08-20,Business
CUS005170,Arjun Jain,Mumbai,Rajasthan,2025-02-28,Retail
CUS005171,Amit Patel,Delhi,West Bengal,2025-10-18,Enterprise
CUS005172,Aarav Mehta,Chennai,Maharashtra,2024-06-15,Enterprise
CUS005173,Sneha Patel,Delhi,Delhi,2022-11-03,Enterprise
CUS005174,Priya Sharma,Chennai,Gujarat,2023-08-30,Business
CUS005175,Aisha Kapoor,Chennai,Karnataka,2025-10-06,Retail
CUS005176,Neha Gupta,Chennai,Tamil Nadu,2023-11-28,Enterprise
CUS005177,Kavya Sharma,Delhi,Gujarat,2023-03-11,Enterprise
CUS005178,Kavya Mehta,Pune,West Bengal,2024-10-17,Business
CUS005179,Pooja Malhotra,Hyderabad,Karnataka,2023-04-21,Enterprise
CUS005180,Rahul Joshi,Ahmedabad,Karnataka,2025-03-26,Enterprise
CUS005181,Amit Sharma,Hyderabad,Gujarat,2022-03-14,Retail
CUS005182,Nikhil Jain,Bengaluru,Gujarat,2025-03-04,Business
CUS005183,Rahul Mehta,Lucknow,Maharashtra,2023-01-12,Enterprise
CUS005184,Rohan Jain,Pune,Uttar Pradesh,2024-06-28,Business
CUS005185,Kavya Sharma,Ahmedabad,Maharashtra,2024-07-26,Enterprise
CUS005186,Vivaan Mehta,Kolkata,Maharashtra,2026-01-17,Retail
CUS005187,Kavya Patel,Delhi,Maharashtra,2022-04-25,Retail
CUS005188,Simran Singh,Hyderabad,Telangana,2025-06-06,Retail
CUS005189,Karan Mehta,Lucknow,West Bengal,2022-12-02,Retail
CUS005190,Sneha Jain,Mumbai,Rajasthan,2025-08-22,Retail
CUS005191,Priya Singh,Lucknow,Maharashtra,2025-05-06,Retail
CUS005192,Simran Mehta,Lucknow,Delhi,2022-08-19,Retail
CUS005193,Kavya Singh,Pune,West Bengal,2022-06-24,Retail
CUS005194,Rohan Mehta,Pune,Maharashtra,2025-02-19,Retail
CUS005195,Rahul Kapoor,Bengaluru,West Bengal,2024-06-29,Enterprise
CUS005196,Neha Jain,Kolkata,Maharashtra,2023-10-09,Business
CUS005197,Amit Kapoor,Chennai,West Bengal,2025-01-13,Enterprise
CUS005198,Karan Jain,Jaipur,Delhi,2022-05-08,Business
CUS005199,Ananya Jain,Delhi,Rajasthan,2025-11-21,Enterprise
CUS005200,Aarav Patel,Delhi,Gujarat,2025-03-27,Enterprise
CUS005201,Vivaan Verma,Hyderabad,Gujarat,2025-12-12,Business
CUS005202,Meera Kapoor,Lucknow,Tamil Nadu,2022-10-09,Enterprise
CUS005203,Neha Joshi,Ahmedabad,Maharashtra,2025-03-08,Business
CUS005204,Aarav Mehta,Hyderabad,West Bengal,2022-11-15,Enterprise
CUS005205,Neha Gupta,Delhi,Tamil Nadu,2024-08-02,Retail
CUS005206,Karan Kapoor,Kolkata,Telangana,2024-08-19,Business
CUS005207,Pooja Kapoor,Hyderabad,Maharashtra,2024-06-23,Retail
CUS005208,Amit Verma,Ahmedabad,Tamil Nadu,2024-09-07,Business
CUS005209,Karan Sharma,Ahmedabad,Maharashtra,2022-10-19,Enterprise
CUS005210,Nikhil Kapoor,Lucknow,West Bengal,2022-11-10,Enterprise
CUS005211,Ishita Jain,Ahmedabad,Rajasthan,2022-05-06,Enterprise
CUS005212,Rahul Kapoor,Delhi,Gujarat,2025-11-08,Enterprise
CUS005213,Aditya Mehta,Hyderabad,Maharashtra,2024-06-15,Retail
CUS005214,Aarav Gupta,Bengaluru,West Bengal,2022-06-02,Enterprise
CUS005215,Nikhil Mehta,Pune,Tamil Nadu,2024-03-03,Enterprise
CUS005216,Sneha Kapoor,Jaipur,Maharashtra,2023-02-17,Retail
CUS005217,Sneha Mehta,Hyderabad,West Bengal,2025-03-28,Business
CUS005218,Aditya Jain,Kolkata,Uttar Pradesh,2024-12-08,Retail
CUS005219,Arjun Jain,Hyderabad,Delhi,2025-02-14,Enterprise
CUS005220,Meera Singh,Chennai,Telangana,2022-06-20,Business
CUS005221,Aarav Patel,Lucknow,Uttar Pradesh,2022-06-25,Enterprise
CUS005222,Pooja Verma,Jaipur,Maharashtra,2024-12-05,Business
CUS005223,Aarav Patel,Kolkata,Maharashtra,2025-11-18,Enterprise
CUS005224,Sneha Joshi,Mumbai,Tamil Nadu,2022-12-16,Retail
CUS005225,Vikram Joshi,Mumbai,Maharashtra,2024-08-23,Business
CUS005226,Vivaan Verma,Bengaluru,Karnataka,2024-05-19,Enterprise
CUS005227,Simran Gupta,Kolkata,Uttar Pradesh,2024-02-16,Business
CUS005228,Rahul Verma,Ahmedabad,Maharashtra,2025-10-03,Retail
CUS005229,Kavya Patel,Mumbai,Maharashtra,2025-03-14,Retail
CUS005230,Vivaan Joshi,Pune,Maharashtra,2024-10-13,Enterprise
CUS005231,Meera Sharma,Delhi,Maharashtra,2024-02-02,Retail
CUS005232,Rahul Gupta,Hyderabad,Uttar Pradesh,2024-08-27,Retail
CUS005233,Priya Malhotra,Delhi,Maharashtra,2022-06-17,Retail
CUS005234,Rohan Malhotra,Kolkata,Tamil Nadu,2025-07-02,Enterprise
CUS005235,Vikram Verma,Kolkata,Tamil Nadu,2025-08-03,Retail
CUS005236,Amit Mehta,Chennai,Uttar Pradesh,2024-07-13,Enterprise
CUS005237,Ishita Verma,Delhi,Tamil Nadu,2022-11-06,Business
CUS005238,Amit Verma,Delhi,Maharashtra,2023-07-31,Retail
CUS005239,Sneha Verma,Mumbai,Tamil Nadu,2026-01-12,Retail
CUS005240,Karan Verma,Pune,Tamil Nadu,2022-07-10,Retail
CUS005241,Priya Joshi,Lucknow,Karnataka,2024-06-28,Business
CUS005242,Sneha Malhotra,Lucknow,West Bengal,2024-02-16,Enterprise
CUS005243,Arjun Mehta,Pune,Rajasthan,2023-10-18,Business
CUS005244,Vikram Patel,Kolkata,Telangana,2025-05-11,Enterprise
CUS005245,Vivaan Gupta,Jaipur,Telangana,2025-06-14,Enterprise
CUS005246,Sneha Kapoor,Jaipur,Maharashtra,2023-07-18,Business
CUS005247,Simran Malhotra,Pune,Rajasthan,2022-04-30,Retail
CUS005248,Kavya Kapoor,Ahmedabad,Delhi,2023-08-04,Enterprise
CUS005249,Vivaan Gupta,Kolkata,Telangana,2023-06-28,Business
CUS005250,Aarav Malhotra,Lucknow,Uttar Pradesh,2025-02-16,Business
CUS005251,Ananya Jain,Hyderabad,Tamil Nadu,2023-05-14,Business
CUS005252,Rahul Joshi,Lucknow,Maharashtra,2022-07-19,Retail
CUS005253,Aditya Sharma,Jaipur,Tamil Nadu,2025-11-20,Retail
CUS005254,Pooja Verma,Ahmedabad,Gujarat,2024-11-13,Enterprise
CUS005255,Pooja Gupta,Lucknow,Karnataka,2022-12-06,Retail
CUS005256,Priya Gupta,Lucknow,Gujarat,2022-08-30,Enterprise
CUS005257,Ananya Sharma,Kolkata,Karnataka,2025-08-25,Business
CUS005258,Pooja Sharma,Pune,Delhi,2022-10-30,Enterprise
CUS005259,Aisha Verma,Delhi,Tamil Nadu,2025-06-15,Business
CUS005260,Rahul Sharma,Chennai,Tamil Nadu,2023-08-31,Enterprise
CUS005261,Rohan Malhotra,Jaipur,West Bengal,2025-01-27,Retail
CUS005262,Amit Jain,Mumbai,Telangana,2024-08-21,Enterprise
CUS005263,Neha Malhotra,Jaipur,Telangana,2024-07-04,Business
CUS005264,Sneha Sharma,Hyderabad,Delhi,2025-04-10,Retail
CUS005265,Karan Patel,Kolkata,Rajasthan,2023-06-01,Enterprise
CUS005266,Vikram Jain,Mumbai,Telangana,2024-05-30,Retail
CUS005267,Karan Jain,Kolkata,Tamil Nadu,2025-01-01,Retail
CUS005268,Neha Gupta,Delhi,Uttar Pradesh,2023-01-06,Business
CUS005269,Karan Mehta,Lucknow,Rajasthan,2024-11-27,Enterprise
CUS005270,Amit Joshi,Lucknow,Rajasthan,2024-12-10,Business
CUS005271,Vikram Gupta,Hyderabad,Telangana,2023-11-06,Enterprise
CUS005272,Neha Joshi,Hyderabad,Maharashtra,2023-04-28,Business
CUS005273,Aarav Patel,Lucknow,Delhi,2026-01-18,Enterprise
CUS005274,Ananya Mehta,Pune,Tamil Nadu,2025-05-18,Business
CUS005275,Rohan Joshi,Chennai,Maharashtra,2025-12-01,Enterprise
CUS005276,Ananya Verma,Ahmedabad,Karnataka,2024-11-22,Enterprise
CUS005277,Aarav Patel,Delhi,Telangana,2024-12-17,Business
CUS005278,Ishita Joshi,Lucknow,Karnataka,2024-05-14,Enterprise
CUS005279,Meera Mehta,Mumbai,Maharashtra,2024-01-08,Business
CUS005280,Pooja Mehta,Delhi,Delhi,2025-12-07,Retail
CUS005281,Vivaan Joshi,Pune,Gujarat,2023-11-18,Enterprise
CUS005282,Neha Kapoor,Pune,Tamil Nadu,2023-04-21,Retail
CUS005283,Sneha Sharma,Delhi,Delhi,2024-07-09,Enterprise
CUS005284,Ishita Singh,Bengaluru,Maharashtra,2023-03-13,Business
CUS005285,Rohan Joshi,Mumbai,Rajasthan,2024-04-27,Enterprise
CUS005286,Rohan Verma,Hyderabad,West Bengal,2023-12-23,Business
CUS005287,Ananya Patel,Mumbai,Delhi,2025-07-05,Retail
CUS005288,Ananya Kapoor,Pune,West Bengal,2025-01-20,Retail
CUS005289,Pooja Joshi,Jaipur,Maharashtra,2024-03-20,Business
CUS005290,Aditya Gupta,Hyderabad,Tamil Nadu,2025-06-29,Enterprise
CUS005291,Kavya Kapoor,Ahmedabad,Gujarat,2023-04-20,Business
CUS005292,Aisha Gupta,Hyderabad,Maharashtra,2024-12-06,Retail
CUS005293,Rohan Kapoor,Jaipur,Delhi,2023-11-25,Retail
CUS005294,Aditya Jain,Jaipur,Rajasthan,2024-02-20,Business
CUS005295,Simran Sharma,Chennai,Uttar Pradesh,2023-07-13,Business
CUS005296,Simran Malhotra,Jaipur,Telangana,2022-12-26,Enterprise
CUS005297,Nikhil Jain,Jaipur,Telangana,2024-07-08,Retail
CUS005298,Kavya Jain,Pune,Karnataka,2022-06-12,Enterprise
CUS005299,Priya Jain,Lucknow,Rajasthan,2025-02-11,Business
CUS005300,Aditya Jain,Bengaluru,Delhi,2022-02-04,Retail
CUS005301,Aisha Mehta,Jaipur,Gujarat,2023-08-24,Retail
CUS005302,Karan Joshi,Jaipur,Gujarat,2022-10-06,Business
CUS005303,Pooja Gupta,Delhi,West Bengal,2022-10-22,Enterprise
CUS005304,Karan Mehta,Pune,Karnataka,2022-11-03,Retail
CUS005305,Nikhil Joshi,Kolkata,Rajasthan,2023-04-09,Business
CUS005306,Karan Patel,Pune,Gujarat,2023-01-08,Enterprise
CUS005307,Pooja Singh,Bengaluru,Telangana,2025-07-30,Enterprise
CUS005308,Meera Gupta,Kolkata,Karnataka,2023-12-02,Business
CUS005309,Rohan Singh,Delhi,West Bengal,2024-10-20,Enterprise
CUS005310,Vivaan Sharma,Hyderabad,Tamil Nadu,2023-03-13,Business
CUS005311,Nikhil Gupta,Lucknow,West Bengal,2023-03-24,Retail
CUS005312,Rahul Joshi,Bengaluru,Delhi,2022-12-15,Enterprise
CUS005313,Meera Joshi,Pune,Telangana,2025-12-23,Retail
CUS005314,Neha Sharma,Delhi,Tamil Nadu,2023-12-02,Business
CUS005315,Ishita Mehta,Jaipur,Uttar Pradesh,2026-01-27,Enterprise
CUS005316,Priya Malhotra,Kolkata,West Bengal,2025-08-22,Retail
CUS005317,Ishita Patel,Mumbai,Gujarat,2024-09-03,Enterprise
CUS005318,Pooja Patel,Chennai,Uttar Pradesh,2024-05-12,Enterprise
CUS005319,Ishita Mehta,Kolkata,Karnataka,2024-12-16,Business
CUS005320,Kavya Mehta,Lucknow,Maharashtra,2023-09-01,Business
CUS005321,Nikhil Verma,Ahmedabad,West Bengal,2023-04-13,Retail
CUS005322,Rohan Jain,Lucknow,Maharashtra,2025-11-13,Retail
CUS005323,Ishita Kapoor,Lucknow,Tamil Nadu,2023-12-23,Enterprise
CUS005324,Karan Joshi,Pune,Maharashtra,2025-09-12,Business
CUS005325,Rohan Singh,Lucknow,Telangana,2023-10-03,Enterprise
CUS005326,Simran Verma,Delhi,Gujarat,2023-07-17,Retail
CUS005327,Vikram Mehta,Pune,Rajasthan,2025-05-02,Business
CUS005328,Ananya Sharma,Mumbai,Delhi,2026-01-11,Retail
CUS005329,Priya Singh,Lucknow,Rajasthan,2022-03-01,Enterprise
CUS005330,Arjun Singh,Jaipur,West Bengal,2022-07-06,Business
CUS005331,Rahul Kapoor,Bengaluru,Karnataka,2023-12-30,Business
CUS005332,Pooja Malhotra,Pune,Tamil Nadu,2025-01-27,Retail
CUS005333,Vivaan Kapoor,Pune,Maharashtra,2024-01-20,Retail
CUS005334,Ananya Joshi,Hyderabad,Karnataka,2023-10-30,Business
CUS005335,Karan Sharma,Delhi,West Bengal,2024-10-02,Retail
CUS005336,Nikhil Joshi,Mumbai,Tamil Nadu,2024-02-20,Business
CUS005337,Amit Mehta,Lucknow,Tamil Nadu,2024-08-05,Enterprise
CUS005338,Simran Verma,Chennai,West Bengal,2023-11-29,Enterprise
CUS005339,Kavya Malhotra,Lucknow,Tamil Nadu,2024-01-24,Retail
CUS005340,Kavya Gupta,Bengaluru,Gujarat,2022-10-02,Enterprise
CUS005341,Aditya Joshi,Mumbai,Telangana,2024-11-18,Business
CUS005342,Ishita Patel,Jaipur,Karnataka,2025-07-02,Business
CUS005343,Rohan Gupta,Delhi,Tamil Nadu,2022-10-21,Retail
CUS005344,Karan Kapoor,Jaipur,Delhi,2022-06-02,Business
CUS005345,Kavya Patel,Mumbai,Uttar Pradesh,2025-07-12,Enterprise
CUS005346,Rohan Patel,Hyderabad,Tamil Nadu,2024-10-03,Business
CUS005347,Ishita Gupta,Delhi,Maharashtra,2023-02-23,Retail
CUS005348,Rahul Joshi,Ahmedabad,Uttar Pradesh,2023-06-21,Business
CUS005349,Ananya Sharma,Jaipur,Rajasthan,2022-10-17,Business
CUS005350,Vivaan Singh,Chennai,Karnataka,2022-12-19,Enterprise
CUS005351,Aditya Jain,Hyderabad,Telangana,2022-01-20,Enterprise
CUS005352,Rohan Malhotra,Bengaluru,Gujarat,2023-04-24,Business
CUS005353,Aarav Malhotra,Hyderabad,Maharashtra,2022-12-27,Enterprise
CUS005354,Aditya Kapoor,Pune,Tamil Nadu,2026-01-11,Enterprise
CUS005355,Rohan Gupta,Kolkata,Uttar Pradesh,2023-10-12,Enterprise
CUS005356,Simran Sharma,Pune,Telangana,2024-09-06,Enterprise
CUS005357,Neha Patel,Delhi,Karnataka,2022-11-12,Business
CUS005358,Ishita Mehta,Pune,Maharashtra,2025-02-07,Enterprise
CUS005359,Aditya Patel,Bengaluru,Telangana,2026-02-03,Retail
CUS005360,Neha Kapoor,Chennai,West Bengal,2022-05-21,Retail
CUS005361,Ananya Malhotra,Lucknow,Gujarat,2025-11-18,Retail
CUS005362,Karan Mehta,Jaipur,Gujarat,2022-06-28,Retail
CUS005363,Vikram Singh,Hyderabad,Delhi,2022-08-26,Retail
CUS005364,Rahul Sharma,Delhi,Uttar Pradesh,2022-06-26,Enterprise
CUS005365,Ananya Kapoor,Mumbai,Karnataka,2022-03-22,Retail
CUS005366,Ishita Malhotra,Hyderabad,Rajasthan,2022-03-12,Retail
CUS005367,Amit Kapoor,Lucknow,Maharashtra,2025-02-12,Enterprise
CUS005368,Nikhil Patel,Lucknow,Gujarat,2025-10-19,Business
CUS005369,Ishita Gupta,Delhi,Karnataka,2022-08-28,Enterprise
CUS005370,Arjun Malhotra,Lucknow,Maharashtra,2024-11-16,Retail
CUS005371,Aditya Singh,Bengaluru,Tamil Nadu,2024-03-14,Enterprise
CUS005372,Ananya Patel,Kolkata,Delhi,2023-04-24,Business
CUS005373,Sneha Joshi,Pune,Telangana,2025-12-28,Enterprise
CUS005374,Aditya Joshi,Mumbai,Maharashtra,2025-09-03,Retail
CUS005375,Pooja Malhotra,Mumbai,Uttar Pradesh,2022-08-24,Enterprise
CUS005376,Vikram Verma,Pune,Tamil Nadu,2022-03-03,Retail
CUS005377,Priya Singh,Delhi,Maharashtra,2023-05-25,Business
CUS005378,Neha Malhotra,Chennai,Gujarat,2022-02-26,Business
CUS005379,Aditya Verma,Jaipur,West Bengal,2024-03-11,Business
CUS005380,Vivaan Joshi,Kolkata,Tamil Nadu,2025-12-11,Retail
CUS005381,Meera Joshi,Delhi,Karnataka,2022-06-04,Business
CUS005382,Ananya Patel,Ahmedabad,Maharashtra,2023-02-06,Enterprise
CUS005383,Vikram Kapoor,Mumbai,Maharashtra,2025-08-28,Enterprise
CUS005384,Vivaan Gupta,Kolkata,Maharashtra,2023-01-20,Enterprise
CUS005385,Amit Mehta,Bengaluru,Maharashtra,2024-05-19,Business
CUS005386,Karan Sharma,Pune,Tamil Nadu,2025-05-01,Enterprise
CUS005387,Neha Mehta,Lucknow,Gujarat,2024-03-24,Enterprise
CUS005388,Amit Singh,Delhi,Karnataka,2023-03-23,Enterprise
CUS005389,Karan Sharma,Pune,West Bengal,2022-08-10,Enterprise
CUS005390,Kavya Kapoor,Pune,Maharashtra,2025-04-02,Business
CUS005391,Aditya Verma,Pune,Rajasthan,2024-05-11,Retail
CUS005392,Priya Jain,Bengaluru,Telangana,2023-03-18,Retail
CUS005393,Sneha Gupta,Jaipur,West Bengal,2023-08-24,Business
CUS005394,Pooja Kapoor,Jaipur,Karnataka,2025-06-30,Enterprise
CUS005395,Rohan Singh,Kolkata,Tamil Nadu,2025-05-13,Enterprise
CUS005396,Aarav Malhotra,Kolkata,Delhi,2022-10-19,Enterprise
CUS005397,Kavya Kapoor,Delhi,Tamil Nadu,2025-02-01,Business
CUS005398,Neha Gupta,Chennai,Maharashtra,2023-03-10,Enterprise
CUS005399,Arjun Malhotra,Ahmedabad,Maharashtra,2023-03-16,Business
CUS005400,Nikhil Jain,Bengaluru,Gujarat,2024-10-12,Enterprise
CUS005401,Pooja Singh,Jaipur,West Bengal,2023-02-05,Business
CUS005402,Simran Singh,Delhi,Karnataka,2024-12-25,Retail
CUS005403,Vivaan Verma,Bengaluru,Gujarat,2023-06-07,Business
CUS005404,Meera Kapoor,Hyderabad,Gujarat,2024-05-12,Business
CUS005405,Nikhil Mehta,Kolkata,Telangana,2022-07-21,Business
CUS005406,Priya Joshi,Mumbai,Delhi,2022-03-21,Business
CUS005407,Priya Patel,Kolkata,Tamil Nadu,2023-12-08,Retail
CUS005408,Simran Joshi,Kolkata,Gujarat,2022-03-18,Retail
CUS005409,Neha Gupta,Jaipur,Telangana,2022-01-10,Enterprise
CUS005410,Arjun Patel,Hyderabad,Telangana,2022-06-12,Business
CUS005411,Karan Jain,Jaipur,Maharashtra,2025-12-18,Business
CUS005412,Ananya Mehta,Mumbai,Maharashtra,2024-04-28,Enterprise
CUS005413,Sneha Patel,Mumbai,Telangana,2024-03-02,Retail
CUS005414,Ananya Mehta,Mumbai,Maharashtra,2024-11-23,Enterprise
CUS005415,Rohan Mehta,Pune,Tamil Nadu,2023-12-01,Business
CUS005416,Neha Mehta,Chennai,Telangana,2022-12-26,Enterprise
CUS005417,Sneha Kapoor,Bengaluru,Gujarat,2024-11-03,Business
CUS005418,Priya Joshi,Kolkata,Maharashtra,2023-07-01,Retail
CUS005419,Ananya Verma,Hyderabad,Tamil Nadu,2023-07-30,Business
CUS005420,Simran Gupta,Ahmedabad,Gujarat,2022-02-28,Retail
CUS005421,Priya Sharma,Mumbai,Maharashtra,2025-05-15,Business
CUS005422,Rahul Jain,Kolkata,Delhi,2023-03-28,Enterprise
CUS005423,Sneha Malhotra,Kolkata,Telangana,2025-11-07,Retail
CUS005424,Arjun Joshi,Bengaluru,Gujarat,2024-12-22,Retail
CUS005425,Pooja Gupta,Pune,Uttar Pradesh,2023-10-28,Enterprise
CUS005426,Karan Sharma,Lucknow,Karnataka,2023-06-14,Retail
CUS005427,Amit Malhotra,Mumbai,Gujarat,2025-10-30,Business
CUS005428,Vivaan Kapoor,Mumbai,Maharashtra,2023-01-23,Business
CUS005429,Neha Sharma,Bengaluru,Telangana,2024-12-16,Enterprise
CUS005430,Neha Kapoor,Hyderabad,Karnataka,2024-08-28,Business
CUS005431,Vivaan Sharma,Ahmedabad,Delhi,2024-09-24,Enterprise
CUS005432,Kavya Malhotra,Chennai,Maharashtra,2023-09-17,Retail
CUS005433,Amit Gupta,Hyderabad,Telangana,2025-06-09,Enterprise
CUS005434,Sneha Mehta,Lucknow,Tamil Nadu,2023-08-25,Retail
CUS005435,Aditya Joshi,Chennai,Gujarat,2022-09-25,Business
CUS005436,Kavya Jain,Jaipur,Maharashtra,2022-01-25,Retail
CUS005437,Aisha Patel,Kolkata,Karnataka,2023-07-09,Business
CUS005438,Karan Malhotra,Hyderabad,Tamil Nadu,2025-04-13,Retail
CUS005439,Priya Gupta,Mumbai,Gujarat,2025-12-28,Retail
CUS005440,Pooja Singh,Delhi,Gujarat,2023-07-25,Enterprise
CUS005441,Nikhil Malhotra,Kolkata,Maharashtra,2025-11-07,Enterprise
CUS005442,Vivaan Sharma,Mumbai,West Bengal,2022-01-27,Business
CUS005443,Pooja Patel,Delhi,Uttar Pradesh,2023-08-05,Enterprise
CUS005444,Kavya Joshi,Ahmedabad,Maharashtra,2023-05-06,Retail
CUS005445,Neha Malhotra,Hyderabad,Rajasthan,2023-08-01,Retail
CUS005446,Ishita Jain,Bengaluru,Tamil Nadu,2026-01-01,Business
CUS005447,Rahul Kapoor,Bengaluru,Karnataka,2024-09-16,Retail
CUS005448,Pooja Joshi,Chennai,Gujarat,2025-09-10,Business
CUS005449,Simran Kapoor,Mumbai,Karnataka,2022-04-09,Retail
CUS005450,Aisha Gupta,Ahmedabad,Telangana,2025-07-29,Business
CUS005451,Vikram Patel,Mumbai,Tamil Nadu,2024-11-26,Enterprise
CUS005452,Rahul Patel,Jaipur,West Bengal,2022-03-18,Enterprise
CUS005453,Nikhil Malhotra,Hyderabad,Maharashtra,2026-01-17,Retail
CUS005454,Vikram Malhotra,Mumbai,Maharashtra,2024-05-03,Retail
CUS005455,Aditya Verma,Ahmedabad,Telangana,2023-06-06,Business
CUS005456,Aditya Patel,Lucknow,Rajasthan,2023-05-09,Retail
CUS005457,Simran Joshi,Chennai,Telangana,2022-12-20,Enterprise
CUS005458,Ishita Joshi,Bengaluru,Rajasthan,2025-01-24,Enterprise
CUS005459,Kavya Jain,Bengaluru,West Bengal,2026-01-17,Enterprise
CUS005460,Vikram Verma,Jaipur,West Bengal,2024-07-27,Retail
CUS005461,Vivaan Joshi,Jaipur,Rajasthan,2022-09-05,Enterprise
CUS005462,Rahul Gupta,Bengaluru,Delhi,2023-11-16,Retail
CUS005463,Rohan Patel,Jaipur,Maharashtra,2025-02-01,Retail
CUS005464,Rohan Mehta,Kolkata,Uttar Pradesh,2025-04-14,Retail
CUS005465,Amit Mehta,Ahmedabad,Gujarat,2026-01-30,Retail
CUS005466,Rahul Kapoor,Ahmedabad,Tamil Nadu,2026-01-12,Retail
CUS005467,Pooja Singh,Lucknow,Tamil Nadu,2024-07-29,Retail
CUS005468,Aisha Verma,Ahmedabad,Rajasthan,2022-10-01,Retail
CUS005469,Aarav Sharma,Bengaluru,West Bengal,2022-01-20,Enterprise
CUS005470,Simran Sharma,Kolkata,Maharashtra,2023-05-19,Business
CUS005471,Nikhil Sharma,Jaipur,Rajasthan,2024-05-03,Enterprise
CUS005472,Aisha Malhotra,Bengaluru,Delhi,2022-03-16,Business
CUS005473,Vivaan Malhotra,Jaipur,Karnataka,2023-07-14,Enterprise
CUS005474,Neha Malhotra,Delhi,Gujarat,2024-10-04,Enterprise
CUS005475,Ishita Kapoor,Kolkata,Gujarat,2025-11-02,Retail
CUS005476,Amit Mehta,Chennai,Maharashtra,2024-08-30,Business
CUS005477,Neha Gupta,Ahmedabad,Tamil Nadu,2024-06-23,Retail
CUS005478,Aisha Joshi,Ahmedabad,Tamil Nadu,2025-10-18,Business
CUS005479,Aditya Malhotra,Jaipur,Delhi,2024-10-25,Retail
CUS005480,Karan Malhotra,Hyderabad,West Bengal,2024-09-03,Enterprise
CUS005481,Meera Sharma,Pune,Karnataka,2023-09-22,Business
CUS005482,Rahul Jain,Pune,Delhi,2024-06-14,Retail
CUS005483,Sneha Malhotra,Bengaluru,Maharashtra,2023-03-20,Retail
CUS005484,Sneha Verma,Chennai,Delhi,2024-01-31,Business
CUS005485,Priya Singh,Pune,Uttar Pradesh,2026-01-05,Retail
CUS005486,Karan Verma,Pune,Gujarat,2023-04-11,Business
CUS005487,Aditya Mehta,Jaipur,Tamil Nadu,2022-10-28,Enterprise
CUS005488,Rahul Verma,Kolkata,Gujarat,2024-09-07,Business
CUS005489,Arjun Jain,Chennai,Rajasthan,2023-02-14,Business
CUS005490,Simran Malhotra,Pune,Maharashtra,2026-01-14,Business
CUS005491,Ananya Mehta,Ahmedabad,Uttar Pradesh,2023-03-04,Retail
CUS005492,Rahul Joshi,Ahmedabad,Karnataka,2023-03-21,Business
CUS005493,Rahul Jain,Jaipur,Tamil Nadu,2025-11-28,Business
CUS005494,Rohan Kapoor,Bengaluru,West Bengal,2022-10-14,Retail
CUS005495,Vikram Jain,Delhi,Tamil Nadu,2025-04-02,Retail
CUS005496,Arjun Sharma,Bengaluru,Karnataka,2026-01-09,Business
CUS005497,Vivaan Sharma,Jaipur,Uttar Pradesh,2023-10-02,Retail
CUS005498,Ananya Verma,Pune,Karnataka,2024-07-01,Retail
CUS005499,Neha Singh,Bengaluru,Karnataka,2023-02-07,Enterprise
CUS005500,Arjun Kapoor,Jaipur,Karnataka,2024-12-28,Business
CUS005501,Meera Mehta,Mumbai,Delhi,2024-01-08,Enterprise
CUS005502,Vikram Kapoor,Pune,Telangana,2024-08-09,Retail
CUS005503,Karan Patel,Lucknow,Rajasthan,2025-12-26,Enterprise
CUS005504,Meera Patel,Kolkata,Gujarat,2025-03-16,Enterprise
CUS005505,Sneha Kapoor,Pune,Gujarat,2023-08-29,Business
CUS005506,Meera Verma,Hyderabad,Delhi,2022-07-16,Business
CUS005507,Vikram Kapoor,Bengaluru,West Bengal,2025-06-25,Enterprise
CUS005508,Rohan Mehta,Hyderabad,Maharashtra,2023-10-24,Retail
CUS005509,Rahul Joshi,Bengaluru,Uttar Pradesh,2024-05-27,Enterprise
CUS005510,Nikhil Gupta,Lucknow,Karnataka,2023-06-23,Enterprise
CUS005511,Rahul Kapoor,Jaipur,Karnataka,2025-07-25,Enterprise
CUS005512,Vivaan Singh,Lucknow,West Bengal,2025-06-10,Enterprise
CUS005513,Karan Kapoor,Bengaluru,Karnataka,2022-06-14,Enterprise
CUS005514,Meera Sharma,Bengaluru,Delhi,2022-07-13,Enterprise
CUS005515,Nikhil Gupta,Lucknow,Gujarat,2023-12-09,Business
CUS005516,Aditya Sharma,Delhi,Tamil Nadu,2022-01-24,Business
CUS005517,Aisha Mehta,Jaipur,Gujarat,2025-07-30,Enterprise
CUS005518,Vivaan Mehta,Kolkata,Karnataka,2023-09-02,Business
CUS005519,Aisha Joshi,Mumbai,Telangana,2025-03-09,Enterprise
CUS005520,Pooja Mehta,Bengaluru,Delhi,2025-02-19,Enterprise
CUS005521,Meera Malhotra,Mumbai,Maharashtra,2023-04-19,Enterprise
CUS005522,Kavya Jain,Hyderabad,Delhi,2024-08-19,Business
CUS005523,Rohan Jain,Mumbai,Tamil Nadu,2023-12-23,Enterprise
CUS005524,Sneha Singh,Kolkata,Telangana,2023-02-26,Enterprise
CUS005525,Aisha Singh,Lucknow,Uttar Pradesh,2023-06-11,Enterprise
CUS005526,Kavya Malhotra,Hyderabad,Maharashtra,2023-02-16,Enterprise
CUS005527,Simran Gupta,Chennai,Telangana,2024-04-29,Business
CUS005528,Aisha Gupta,Bengaluru,Maharashtra,2024-08-20,Retail
CUS005529,Nikhil Joshi,Bengaluru,Maharashtra,2022-04-20,Retail
CUS005530,Aditya Sharma,Delhi,West Bengal,2023-02-22,Business
CUS005531,Sneha Singh,Delhi,Tamil Nadu,2024-03-10,Enterprise
CUS005532,Karan Singh,Delhi,Delhi,2026-02-03,Retail
CUS005533,Ishita Kapoor,Kolkata,Telangana,2025-03-01,Retail
CUS005534,Amit Patel,Ahmedabad,Gujarat,2022-01-11,Retail
CUS005535,Simran Patel,Pune,Uttar Pradesh,2022-01-22,Business
CUS005536,Pooja Kapoor,Ahmedabad,Gujarat,2026-01-14,Enterprise
CUS005537,Aarav Joshi,Bengaluru,Delhi,2024-04-26,Business
CUS005538,Ishita Joshi,Jaipur,Uttar Pradesh,2025-07-10,Enterprise
CUS005539,Ananya Joshi,Jaipur,Tamil Nadu,2025-06-11,Business
CUS005540,Neha Patel,Kolkata,Gujarat,2022-04-30,Enterprise
CUS005541,Aarav Malhotra,Bengaluru,West Bengal,2022-07-18,Business
CUS005542,Ishita Gupta,Jaipur,Maharashtra,2022-01-30,Business
CUS005543,Meera Joshi,Bengaluru,Telangana,2024-05-07,Business
CUS005544,Simran Verma,Hyderabad,West Bengal,2023-03-14,Enterprise
CUS005545,Priya Kapoor,Kolkata,Rajasthan,2022-04-27,Enterprise
CUS005546,Kavya Jain,Jaipur,Uttar Pradesh,2022-03-03,Enterprise
CUS005547,Kavya Mehta,Ahmedabad,Tamil Nadu,2022-06-29,Enterprise
CUS005548,Ananya Joshi,Jaipur,Telangana,2024-07-09,Business
CUS005549,Aditya Malhotra,Jaipur,Rajasthan,2024-10-26,Retail
CUS005550,Karan Verma,Bengaluru,Telangana,2023-12-28,Retail
CUS005551,Amit Mehta,Jaipur,Tamil Nadu,2025-06-21,Retail
CUS005552,Nikhil Sharma,Ahmedabad,Delhi,2023-10-25,Retail
CUS005553,Rahul Singh,Pune,Rajasthan,2025-03-14,Enterprise
CUS005554,Simran Mehta,Hyderabad,Gujarat,2025-05-30,Enterprise
CUS005555,Rohan Verma,Bengaluru,Telangana,2023-04-21,Business
CUS005556,Neha Kapoor,Ahmedabad,Uttar Pradesh,2023-11-07,Retail
CUS005557,Arjun Jain,Mumbai,Tamil Nadu,2024-03-07,Retail
CUS005558,Priya Kapoor,Kolkata,Maharashtra,2022-01-11,Enterprise
CUS005559,Pooja Sharma,Bengaluru,Tamil Nadu,2023-09-28,Business
CUS005560,Amit Verma,Ahmedabad,Gujarat,2022-01-02,Business
CUS005561,Simran Sharma,Bengaluru,West Bengal,2024-04-04,Business
CUS005562,Karan Verma,Kolkata,Gujarat,2025-04-08,Retail
CUS005563,Aditya Mehta,Mumbai,Delhi,2022-12-30,Retail
CUS005564,Kavya Sharma,Bengaluru,Uttar Pradesh,2025-10-25,Business
CUS005565,Kavya Gupta,Jaipur,Gujarat,2025-12-25,Enterprise
CUS005566,Aditya Malhotra,Pune,Maharashtra,2023-09-12,Retail
CUS005567,Kavya Kapoor,Lucknow,Karnataka,2023-03-17,Retail
CUS005568,Meera Jain,Jaipur,Gujarat,2026-01-03,Enterprise
CUS005569,Sneha Sharma,Mumbai,Karnataka,2024-11-21,Business
CUS005570,Kavya Sharma,Pune,Delhi,2025-04-15,Business
CUS005571,Vikram Singh,Jaipur,Maharashtra,2022-08-05,Retail
CUS005572,Aditya Jain,Hyderabad,Tamil Nadu,2024-08-11,Retail
CUS005573,Pooja Patel,Chennai,Rajasthan,2022-04-23,Business
CUS005574,Aditya Malhotra,Hyderabad,Uttar Pradesh,2025-03-09,Enterprise
CUS005575,Arjun Singh,Ahmedabad,Tamil Nadu,2022-03-16,Business
CUS005576,Kavya Patel,Lucknow,Maharashtra,2025-10-07,Enterprise
CUS005577,Simran Singh,Lucknow,Gujarat,2024-12-26,Business
CUS005578,Aditya Kapoor,Ahmedabad,West Bengal,2022-06-07,Business
CUS005579,Aarav Kapoor,Pune,Telangana,2025-06-03,Retail
CUS005580,Amit Singh,Delhi,Rajasthan,2026-01-05,Business
CUS005581,Aarav Joshi,Mumbai,Uttar Pradesh,2024-05-15,Retail
CUS005582,Rahul Malhotra,Bengaluru,Karnataka,2022-10-15,Retail
CUS005583,Ananya Verma,Lucknow,Tamil Nadu,2022-12-01,Retail
CUS005584,Vivaan Malhotra,Hyderabad,Maharashtra,2025-09-25,Retail
CUS005585,Ananya Joshi,Mumbai,West Bengal,2024-10-12,Business
CUS005586,Nikhil Kapoor,Chennai,Gujarat,2022-11-13,Enterprise
CUS005587,Karan Verma,Jaipur,Maharashtra,2024-03-06,Business
CUS005588,Arjun Patel,Delhi,Gujarat,2022-09-26,Enterprise
CUS005589,Vivaan Singh,Pune,Gujarat,2025-04-27,Business
CUS005590,Aditya Mehta,Chennai,West Bengal,2025-10-11,Retail
CUS005591,Rohan Patel,Mumbai,Rajasthan,2024-06-02,Retail
CUS005592,Aditya Kapoor,Mumbai,Maharashtra,2025-09-28,Enterprise
CUS005593,Rahul Singh,Lucknow,Uttar Pradesh,2023-03-30,Retail
CUS005594,Vivaan Jain,Chennai,Tamil Nadu,2025-04-10,Enterprise
CUS005595,Nikhil Joshi,Lucknow,Delhi,2022-05-02,Business
CUS005596,Rahul Singh,Mumbai,Telangana,2025-09-19,Business
CUS005597,Amit Mehta,Jaipur,Rajasthan,2025-12-06,Enterprise
CUS005598,Arjun Sharma,Lucknow,Gujarat,2025-07-20,Retail
CUS005599,Simran Mehta,Jaipur,Maharashtra,2023-08-14,Business
CUS005600,Aarav Gupta,Delhi,Maharashtra,2022-05-14,Retail
CUS005601,Vivaan Singh,Ahmedabad,Maharashtra,2024-11-28,Retail
CUS005602,Sneha Verma,Mumbai,Rajasthan,2022-01-28,Business
CUS005603,Neha Mehta,Pune,Rajasthan,2025-12-07,Retail
CUS005604,Amit Joshi,Mumbai,Telangana,2022-03-20,Enterprise
CUS005605,Priya Verma,Ahmedabad,Uttar Pradesh,2023-10-29,Business
CUS005606,Neha Malhotra,Chennai,Maharashtra,2024-04-07,Retail
CUS005607,Simran Gupta,Jaipur,Maharashtra,2024-04-27,Retail
CUS005608,Karan Verma,Chennai,Gujarat,2024-06-04,Enterprise
CUS005609,Pooja Singh,Lucknow,Rajasthan,2023-12-15,Enterprise
CUS005610,Vivaan Joshi,Hyderabad,Delhi,2025-05-30,Business
CUS005611,Aditya Verma,Delhi,Uttar Pradesh,2025-09-09,Retail
CUS005612,Ishita Malhotra,Chennai,West Bengal,2025-08-25,Business
CUS005613,Aisha Jain,Chennai,Karnataka,2025-10-13,Enterprise
CUS005614,Pooja Verma,Kolkata,Gujarat,2024-03-10,Enterprise
CUS005615,Aditya Malhotra,Chennai,Karnataka,2022-04-02,Retail
CUS005616,Sneha Verma,Kolkata,Delhi,2024-12-10,Enterprise
CUS005617,Sneha Patel,Kolkata,Telangana,2025-10-08,Enterprise
CUS005618,Sneha Kapoor,Chennai,Uttar Pradesh,2022-01-30,Retail
CUS005619,Sneha Jain,Lucknow,West Bengal,2024-03-05,Retail
CUS005620,Arjun Mehta,Ahmedabad,Delhi,2026-01-12,Enterprise
CUS005621,Sneha Mehta,Pune,Karnataka,2023-09-24,Enterprise
CUS005622,Nikhil Jain,Hyderabad,Gujarat,2025-01-28,Enterprise
CUS005623,Aisha Joshi,Pune,Maharashtra,2024-03-21,Business
CUS005624,Sneha Jain,Kolkata,West Bengal,2025-11-01,Business
CUS005625,Vivaan Jain,Mumbai,Tamil Nadu,2024-10-15,Retail
CUS005626,Ananya Patel,Delhi,Tamil Nadu,2022-10-31,Business
CUS005627,Rohan Singh,Chennai,Delhi,2023-12-01,Enterprise
CUS005628,Sneha Sharma,Pune,Rajasthan,2023-10-20,Enterprise
CUS005629,Nikhil Malhotra,Hyderabad,Uttar Pradesh,2024-03-10,Retail
CUS005630,Karan Jain,Mumbai,Tamil Nadu,2022-04-26,Business
CUS005631,Rahul Sharma,Chennai,Karnataka,2023-11-08,Retail
CUS005632,Aditya Singh,Mumbai,Rajasthan,2023-07-12,Business
CUS005633,Aisha Sharma,Chennai,Uttar Pradesh,2025-07-01,Retail
CUS005634,Ishita Jain,Bengaluru,Delhi,2022-09-17,Enterprise
CUS005635,Arjun Sharma,Lucknow,Maharashtra,2022-10-28,Enterprise
CUS005636,Neha Verma,Bengaluru,Maharashtra,2023-07-22,Enterprise
CUS005637,Aditya Verma,Pune,Rajasthan,2024-09-21,Enterprise
CUS005638,Priya Verma,Bengaluru,West Bengal,2024-09-13,Enterprise
CUS005639,Pooja Jain,Hyderabad,Maharashtra,2022-11-01,Retail
CUS005640,Arjun Mehta,Jaipur,Delhi,2023-04-13,Retail
CUS005641,Ananya Joshi,Lucknow,Uttar Pradesh,2025-10-27,Enterprise
CUS005642,Nikhil Patel,Jaipur,Maharashtra,2025-08-30,Retail
CUS005643,Vivaan Malhotra,Ahmedabad,Delhi,2023-09-29,Retail
CUS005644,Aisha Gupta,Kolkata,Rajasthan,2025-06-16,Business
CUS005645,Ananya Gupta,Chennai,Rajasthan,2024-08-27,Business
CUS005646,Ishita Gupta,Delhi,Gujarat,2023-03-13,Enterprise
CUS005647,Ishita Kapoor,Jaipur,Rajasthan,2022-10-22,Retail
CUS005648,Vikram Jain,Chennai,Telangana,2023-08-29,Enterprise
CUS005649,Rohan Jain,Chennai,Karnataka,2023-11-01,Retail
CUS005650,Aditya Joshi,Jaipur,Rajasthan,2023-01-18,Enterprise
CUS005651,Aarav Gupta,Pune,Karnataka,2023-05-31,Business
CUS005652,Meera Singh,Jaipur,Rajasthan,2023-01-18,Enterprise
CUS005653,Vikram Jain,Pune,Telangana,2024-06-22,Business
CUS005654,Vikram Mehta,Ahmedabad,Gujarat,2025-12-22,Retail
CUS005655,Pooja Jain,Jaipur,Rajasthan,2024-10-11,Business
CUS005656,Kavya Kapoor,Kolkata,Maharashtra,2026-01-20,Enterprise
CUS005657,Rahul Sharma,Kolkata,Tamil Nadu,2023-03-02,Retail
CUS005658,Ananya Mehta,Jaipur,Tamil Nadu,2025-05-22,Retail
CUS005659,Arjun Gupta,Delhi,Gujarat,2022-09-20,Retail
CUS005660,Vivaan Joshi,Hyderabad,Maharashtra,2023-06-11,Business
CUS005661,Priya Sharma,Mumbai,Maharashtra,2024-03-04,Retail
CUS005662,Neha Verma,Chennai,Delhi,2025-04-25,Enterprise
CUS005663,Sneha Verma,Chennai,West Bengal,2023-10-01,Business
CUS005664,Ananya Singh,Mumbai,Uttar Pradesh,2025-06-08,Business
CUS005665,Arjun Patel,Chennai,Karnataka,2023-04-11,Retail
CUS005666,Neha Malhotra,Kolkata,Delhi,2025-06-28,Business
CUS005667,Amit Joshi,Pune,Maharashtra,2022-02-21,Retail
CUS005668,Ananya Verma,Bengaluru,Telangana,2023-09-10,Enterprise
CUS005669,Amit Joshi,Chennai,Rajasthan,2025-12-06,Business
CUS005670,Pooja Mehta,Mumbai,Rajasthan,2024-12-08,Enterprise
CUS005671,Aditya Joshi,Jaipur,Gujarat,2022-04-20,Enterprise
CUS005672,Rahul Patel,Chennai,Uttar Pradesh,2025-04-24,Retail
CUS005673,Vikram Malhotra,Hyderabad,Karnataka,2024-07-23,Business
CUS005674,Priya Kapoor,Delhi,West Bengal,2023-08-14,Enterprise
CUS005675,Vivaan Singh,Bengaluru,Maharashtra,2022-11-25,Retail
CUS005676,Rohan Singh,Lucknow,Tamil Nadu,2023-06-25,Enterprise
CUS005677,Vivaan Joshi,Pune,Telangana,2024-07-11,Retail
CUS005678,Arjun Verma,Jaipur,Karnataka,2024-03-22,Enterprise
CUS005679,Karan Verma,Kolkata,West Bengal,2026-01-20,Business
CUS005680,Neha Sharma,Kolkata,Maharashtra,2023-03-29,Business
CUS005681,Sneha Mehta,Chennai,Gujarat,2022-01-26,Retail
CUS005682,Karan Mehta,Delhi,Delhi,2025-01-30,Retail
CUS005683,Arjun Jain,Jaipur,Delhi,2022-09-05,Enterprise
CUS005684,Ananya Kapoor,Ahmedabad,Rajasthan,2022-12-04,Business
CUS005685,Pooja Verma,Kolkata,Delhi,2024-05-23,Business
CUS005686,Ananya Malhotra,Bengaluru,Karnataka,2022-01-23,Business
CUS005687,Meera Malhotra,Ahmedabad,Uttar Pradesh,2022-12-07,Enterprise
CUS005688,Vivaan Mehta,Ahmedabad,Gujarat,2022-03-08,Business
CUS005689,Pooja Gupta,Bengaluru,Maharashtra,2023-01-08,Retail
CUS005690,Neha Verma,Bengaluru,Tamil Nadu,2024-12-03,Enterprise
CUS005691,Neha Malhotra,Jaipur,Maharashtra,2022-08-19,Enterprise
CUS005692,Ishita Mehta,Chennai,Maharashtra,2022-11-12,Business
CUS005693,Rohan Patel,Pune,Gujarat,2023-04-27,Business
CUS005694,Pooja Patel,Kolkata,Maharashtra,2023-09-21,Enterprise
CUS005695,Priya Mehta,Hyderabad,Rajasthan,2022-07-14,Retail
CUS005696,Aisha Gupta,Lucknow,Tamil Nadu,2024-01-11,Enterprise
CUS005697,Pooja Gupta,Lucknow,Telangana,2022-12-08,Retail
CUS005698,Amit Singh,Kolkata,Uttar Pradesh,2023-02-09,Retail
CUS005699,Ananya Mehta,Bengaluru,Gujarat,2023-11-21,Enterprise
CUS005700,Vikram Jain,Kolkata,Gujarat,2024-08-02,Business
CUS005701,Nikhil Joshi,Kolkata,West Bengal,2024-01-20,Enterprise
CUS005702,Ananya Gupta,Jaipur,Gujarat,2022-05-28,Retail
CUS005703,Ishita Patel,Kolkata,Telangana,2025-05-04,Retail
CUS005704,Simran Gupta,Bengaluru,Rajasthan,2022-02-18,Enterprise
CUS005705,Pooja Verma,Delhi,Gujarat,2024-10-03,Retail
CUS005706,Ananya Singh,Lucknow,Uttar Pradesh,2022-01-27,Enterprise
CUS005707,Vikram Mehta,Mumbai,Tamil Nadu,2022-02-26,Retail
CUS005708,Arjun Patel,Mumbai,Karnataka,2025-06-02,Retail
CUS005709,Kavya Verma,Jaipur,Maharashtra,2023-09-23,Business
CUS005710,Rohan Singh,Ahmedabad,Telangana,2024-10-19,Enterprise
CUS005711,Rohan Patel,Hyderabad,Uttar Pradesh,2025-05-21,Retail
CUS005712,Aditya Sharma,Jaipur,Gujarat,2022-07-19,Business
CUS005713,Neha Joshi,Lucknow,Maharashtra,2023-10-01,Enterprise
CUS005714,Amit Malhotra,Mumbai,Tamil Nadu,2024-09-12,Retail
CUS005715,Nikhil Sharma,Ahmedabad,West Bengal,2025-06-09,Enterprise
CUS005716,Sneha Joshi,Bengaluru,Gujarat,2024-07-14,Retail
CUS005717,Vivaan Malhotra,Ahmedabad,Maharashtra,2022-04-03,Retail
CUS005718,Ananya Joshi,Delhi,Gujarat,2023-09-18,Retail
CUS005719,Rohan Sharma,Chennai,Rajasthan,2024-03-03,Enterprise
CUS005720,Simran Joshi,Delhi,Telangana,2024-01-14,Enterprise
CUS005721,Vikram Patel,Chennai,Tamil Nadu,2025-10-28,Business
CUS005722,Amit Singh,Delhi,West Bengal,2024-08-14,Retail
CUS005723,Arjun Patel,Chennai,Telangana,2025-10-20,Enterprise
CUS005724,Arjun Joshi,Kolkata,Karnataka,2025-07-04,Retail
CUS005725,Aisha Sharma,Lucknow,Gujarat,2024-11-06,Business
CUS005726,Aisha Kapoor,Jaipur,Rajasthan,2025-08-05,Enterprise
CUS005727,Pooja Mehta,Mumbai,Maharashtra,2024-12-08,Business
CUS005728,Amit Joshi,Bengaluru,Tamil Nadu,2024-10-22,Business
CUS005729,Vikram Malhotra,Hyderabad,Karnataka,2025-11-28,Retail
CUS005730,Aisha Verma,Hyderabad,West Bengal,2022-04-15,Retail
CUS005731,Sneha Singh,Delhi,West Bengal,2024-03-21,Business
CUS005732,Aisha Gupta,Lucknow,Gujarat,2023-06-25,Enterprise
CUS005733,Kavya Kapoor,Kolkata,Gujarat,2024-02-28,Enterprise
CUS005734,Neha Malhotra,Hyderabad,West Bengal,2022-06-10,Business
CUS005735,Meera Singh,Hyderabad,West Bengal,2023-06-02,Business
CUS005736,Vivaan Jain,Hyderabad,Maharashtra,2024-01-17,Retail
CUS005737,Karan Joshi,Delhi,Uttar Pradesh,2025-08-18,Retail
CUS005738,Pooja Verma,Jaipur,Uttar Pradesh,2024-03-26,Business
CUS005739,Priya Malhotra,Hyderabad,Tamil Nadu,2022-02-25,Retail
CUS005740,Karan Gupta,Hyderabad,Rajasthan,2022-03-08,Business
CUS005741,Nikhil Sharma,Chennai,Karnataka,2024-12-25,Retail
CUS005742,Ananya Kapoor,Chennai,Gujarat,2025-04-03,Retail
CUS005743,Rohan Malhotra,Mumbai,Karnataka,2024-04-13,Enterprise
CUS005744,Sneha Verma,Jaipur,Maharashtra,2025-11-27,Business
CUS005745,Aarav Joshi,Bengaluru,West Bengal,2023-03-05,Retail
CUS005746,Neha Patel,Chennai,Maharashtra,2026-01-18,Business
CUS005747,Ananya Jain,Hyderabad,Maharashtra,2023-10-06,Retail
CUS005748,Vivaan Jain,Ahmedabad,Tamil Nadu,2024-11-23,Retail
CUS005749,Pooja Joshi,Lucknow,Gujarat,2023-02-26,Retail
CUS005750,Ishita Mehta,Kolkata,Telangana,2025-08-19,Business
CUS005751,Neha Mehta,Ahmedabad,Maharashtra,2023-05-23,Retail
CUS005752,Rahul Joshi,Bengaluru,Uttar Pradesh,2025-06-22,Business
CUS005753,Neha Patel,Chennai,Uttar Pradesh,2022-10-28,Retail
CUS005754,Simran Verma,Mumbai,Maharashtra,2022-07-01,Retail
CUS005755,Rohan Joshi,Ahmedabad,Maharashtra,2024-09-16,Enterprise
CUS005756,Arjun Malhotra,Chennai,Maharashtra,2024-03-13,Business
CUS005757,Nikhil Verma,Lucknow,West Bengal,2024-09-01,Enterprise
CUS005758,Vikram Singh,Jaipur,Karnataka,2023-04-29,Retail
CUS005759,Aisha Patel,Hyderabad,Telangana,2023-03-17,Business
CUS005760,Karan Gupta,Hyderabad,West Bengal,2024-12-17,Enterprise
CUS005761,Ananya Gupta,Pune,Tamil Nadu,2025-10-01,Enterprise
CUS005762,Rohan Mehta,Pune,Delhi,2024-08-15,Retail
CUS005763,Sneha Kapoor,Kolkata,Tamil Nadu,2024-06-05,Business
CUS005764,Vivaan Joshi,Mumbai,Rajasthan,2025-10-25,Retail
CUS005765,Rohan Malhotra,Delhi,Karnataka,2026-01-12,Business
CUS005766,Arjun Singh,Lucknow,Maharashtra,2022-09-18,Retail
CUS005767,Vikram Joshi,Hyderabad,Tamil Nadu,2025-05-10,Enterprise
CUS005768,Simran Kapoor,Hyderabad,Maharashtra,2025-12-04,Enterprise
CUS005769,Ananya Singh,Kolkata,Gujarat,2024-10-22,Business
CUS005770,Aarav Gupta,Jaipur,Maharashtra,2024-09-29,Enterprise
CUS005771,Aditya Sharma,Ahmedabad,Tamil Nadu,2022-09-01,Retail
CUS005772,Aisha Verma,Pune,West Bengal,2022-03-15,Business
CUS005773,Nikhil Singh,Jaipur,Telangana,2024-06-22,Enterprise
CUS005774,Neha Kapoor,Bengaluru,Maharashtra,2023-04-12,Business
CUS005775,Nikhil Gupta,Kolkata,Karnataka,2024-06-05,Business
CUS005776,Ishita Sharma,Hyderabad,Telangana,2025-06-24,Retail
CUS005777,Vikram Jain,Jaipur,Maharashtra,2025-06-12,Retail
CUS005778,Ananya Patel,Kolkata,Rajasthan,2024-11-02,Retail
CUS005779,Sneha Verma,Bengaluru,Maharashtra,2024-05-26,Business
CUS005780,Nikhil Gupta,Lucknow,Rajasthan,2023-07-01,Business
CUS005781,Neha Sharma,Jaipur,Rajasthan,2025-09-11,Enterprise
CUS005782,Kavya Malhotra,Bengaluru,Maharashtra,2023-02-14,Retail
CUS005783,Vivaan Joshi,Chennai,Gujarat,2022-01-11,Enterprise
CUS005784,Kavya Jain,Ahmedabad,Uttar Pradesh,2025-07-03,Retail
CUS005785,Arjun Gupta,Delhi,Karnataka,2025-08-22,Retail
CUS005786,Rahul Malhotra,Lucknow,Uttar Pradesh,2024-04-03,Business
CUS005787,Ananya Singh,Pune,Uttar Pradesh,2022-12-05,Retail
CUS005788,Meera Mehta,Chennai,Telangana,2022-01-07,Retail
CUS005789,Aarav Joshi,Lucknow,Uttar Pradesh,2022-08-29,Business
CUS005790,Neha Sharma,Delhi,West Bengal,2023-03-03,Retail
CUS005791,Aarav Patel,Delhi,Uttar Pradesh,2024-01-02,Retail
CUS005792,Aditya Kapoor,Chennai,Maharashtra,2022-02-15,Business
CUS005793,Rahul Singh,Mumbai,Rajasthan,2022-10-14,Enterprise
CUS005794,Vivaan Mehta,Jaipur,Delhi,2022-04-24,Business
CUS005795,Nikhil Patel,Pune,Uttar Pradesh,2023-05-02,Retail
CUS005796,Meera Verma,Jaipur,Telangana,2025-12-22,Business
CUS005797,Ananya Kapoor,Chennai,West Bengal,2024-09-21,Enterprise
CUS005798,Karan Singh,Lucknow,Rajasthan,2022-11-04,Business
CUS005799,Kavya Gupta,Bengaluru,Rajasthan,2022-08-03,Business
CUS005800,Aditya Kapoor,Delhi,West Bengal,2022-10-25,Enterprise
CUS005801,Ananya Kapoor,Delhi,Gujarat,2023-07-17,Retail
CUS005802,Simran Gupta,Mumbai,Rajasthan,2023-12-05,Retail
CUS005803,Meera Gupta,Kolkata,Gujarat,2024-12-17,Enterprise
CUS005804,Aditya Gupta,Chennai,Uttar Pradesh,2022-03-26,Retail
CUS005805,Vivaan Kapoor,Mumbai,Uttar Pradesh,2024-05-16,Enterprise
CUS005806,Amit Gupta,Hyderabad,Telangana,2024-10-24,Business
CUS005807,Sneha Patel,Chennai,Maharashtra,2025-12-22,Business
CUS005808,Nikhil Kapoor,Hyderabad,Uttar Pradesh,2022-08-24,Enterprise
CUS005809,Kavya Sharma,Jaipur,Uttar Pradesh,2022-10-06,Enterprise
CUS005810,Neha Verma,Ahmedabad,Telangana,2022-03-26,Retail
CUS005811,Kavya Sharma,Kolkata,Gujarat,2025-05-04,Business
CUS005812,Meera Gupta,Lucknow,Karnataka,2024-01-25,Business
CUS005813,Nikhil Kapoor,Mumbai,Maharashtra,2024-11-05,Enterprise
CUS005814,Rahul Jain,Kolkata,West Bengal,2023-11-07,Business
CUS005815,Karan Joshi,Kolkata,West Bengal,2023-07-11,Business
CUS005816,Simran Jain,Chennai,Telangana,2025-12-21,Retail
CUS005817,Rahul Singh,Jaipur,West Bengal,2022-10-31,Business
CUS005818,Simran Singh,Kolkata,Uttar Pradesh,2024-08-20,Enterprise
CUS005819,Vivaan Sharma,Kolkata,Maharashtra,2025-12-26,Business
CUS005820,Kavya Gupta,Lucknow,Telangana,2025-01-26,Business
CUS005821,Simran Mehta,Kolkata,Telangana,2026-01-13,Retail
CUS005822,Aisha Mehta,Delhi,Karnataka,2025-10-20,Enterprise
CUS005823,Kavya Mehta,Kolkata,Maharashtra,2022-11-12,Business
CUS005824,Meera Malhotra,Bengaluru,Tamil Nadu,2022-03-03,Retail
CUS005825,Karan Mehta,Kolkata,Telangana,2025-07-02,Enterprise
CUS005826,Aarav Mehta,Hyderabad,Maharashtra,2022-11-14,Retail
CUS005827,Vikram Jain,Kolkata,Gujarat,2024-01-09,Retail
CUS005828,Aditya Verma,Chennai,Maharashtra,2025-11-21,Enterprise
CUS005829,Ananya Verma,Mumbai,West Bengal,2025-07-28,Retail
CUS005830,Vivaan Gupta,Hyderabad,Tamil Nadu,2023-11-20,Enterprise
CUS005831,Priya Verma,Chennai,Tamil Nadu,2025-06-28,Business
CUS005832,Meera Mehta,Delhi,Maharashtra,2024-05-18,Enterprise
CUS005833,Ananya Singh,Chennai,West Bengal,2025-12-03,Business
CUS005834,Aisha Kapoor,Pune,Rajasthan,2025-06-08,Business
CUS005835,Aarav Verma,Lucknow,Maharashtra,2022-03-03,Enterprise
CUS005836,Aisha Sharma,Hyderabad,Karnataka,2022-06-12,Business
CUS005837,Aditya Gupta,Chennai,West Bengal,2025-02-19,Business
CUS005838,Rohan Patel,Lucknow,West Bengal,2025-04-09,Retail
CUS005839,Priya Mehta,Jaipur,Gujarat,2022-04-05,Enterprise
CUS005840,Priya Patel,Ahmedabad,Maharashtra,2024-12-08,Enterprise
CUS005841,Nikhil Kapoor,Jaipur,Tamil Nadu,2025-08-16,Enterprise
CUS005842,Aarav Patel,Pune,Tamil Nadu,2024-02-01,Enterprise
CUS005843,Ananya Malhotra,Mumbai,Maharashtra,2022-08-10,Business
CUS005844,Ananya Jain,Pune,Delhi,2024-04-11,Business
CUS005845,Vivaan Sharma,Lucknow,Karnataka,2025-11-05,Enterprise
CUS005846,Priya Singh,Lucknow,Gujarat,2023-05-13,Business
CUS005847,Simran Sharma,Delhi,Maharashtra,2025-09-25,Enterprise
CUS005848,Priya Kapoor,Jaipur,West Bengal,2024-11-28,Retail
CUS005849,Aditya Kapoor,Jaipur,Uttar Pradesh,2023-03-09,Enterprise
CUS005850,Ishita Verma,Kolkata,Rajasthan,2022-07-23,Business
CUS005851,Karan Mehta,Ahmedabad,Karnataka,2023-07-14,Retail
CUS005852,Aarav Kapoor,Bengaluru,Telangana,2024-11-15,Enterprise
CUS005853,Aditya Jain,Hyderabad,Delhi,2024-04-08,Business
CUS005854,Ishita Joshi,Hyderabad,Delhi,2026-01-30,Business
CUS005855,Ishita Verma,Pune,Telangana,2024-08-06,Enterprise
CUS005856,Pooja Singh,Delhi,West Bengal,2025-05-12,Business
CUS005857,Aisha Singh,Kolkata,Uttar Pradesh,2025-08-26,Business
CUS005858,Nikhil Patel,Jaipur,West Bengal,2024-06-27,Business
CUS005859,Neha Malhotra,Lucknow,Delhi,2023-09-30,Business
CUS005860,Nikhil Joshi,Mumbai,Telangana,2023-06-11,Business
CUS005861,Amit Singh,Lucknow,Uttar Pradesh,2025-12-11,Business
CUS005862,Priya Patel,Chennai,Tamil Nadu,2024-06-14,Business
CUS005863,Ishita Jain,Bengaluru,Uttar Pradesh,2023-07-26,Retail
CUS005864,Rahul Mehta,Lucknow,Maharashtra,2025-02-11,Enterprise
CUS005865,Sneha Verma,Lucknow,Gujarat,2024-03-10,Business
CUS005866,Nikhil Patel,Mumbai,Rajasthan,2023-01-08,Retail
CUS005867,Simran Jain,Bengaluru,Delhi,2023-06-30,Business
CUS005868,Pooja Joshi,Delhi,Delhi,2022-04-18,Retail
CUS005869,Karan Singh,Bengaluru,West Bengal,2025-12-18,Enterprise
CUS005870,Neha Sharma,Ahmedabad,Maharashtra,2023-02-22,Enterprise
CUS005871,Aisha Joshi,Hyderabad,Rajasthan,2023-11-01,Business
CUS005872,Nikhil Singh,Pune,Telangana,2023-11-07,Business
CUS005873,Simran Mehta,Chennai,West Bengal,2025-09-18,Business
CUS005874,Meera Joshi,Jaipur,Gujarat,2025-02-24,Enterprise
CUS005875,Aarav Sharma,Chennai,Tamil Nadu,2022-05-18,Enterprise
CUS005876,Rahul Mehta,Kolkata,Gujarat,2023-06-19,Enterprise
CUS005877,Neha Malhotra,Hyderabad,Karnataka,2024-04-28,Retail
CUS005878,Rohan Joshi,Pune,Tamil Nadu,2024-04-21,Retail
CUS005879,Neha Mehta,Chennai,Karnataka,2023-05-30,Business
CUS005880,Rohan Sharma,Pune,Telangana,2022-11-06,Retail
CUS005881,Nikhil Mehta,Kolkata,Telangana,2024-07-22,Enterprise
CUS005882,Arjun Gupta,Delhi,Maharashtra,2023-05-27,Business
CUS005883,Aditya Malhotra,Mumbai,Uttar Pradesh,2024-12-16,Business
CUS005884,Aarav Gupta,Ahmedabad,Tamil Nadu,2025-07-08,Retail
CUS005885,Priya Singh,Chennai,Rajasthan,2023-10-17,Retail
CUS005886,Pooja Patel,Hyderabad,Karnataka,2023-01-16,Retail
CUS005887,Simran Kapoor,Kolkata,Gujarat,2024-04-21,Enterprise
CUS005888,Ananya Jain,Kolkata,Uttar Pradesh,2025-11-17,Enterprise
CUS005889,Vivaan Verma,Delhi,Karnataka,2023-02-23,Enterprise
CUS005890,Arjun Sharma,Ahmedabad,Maharashtra,2024-11-01,Enterprise
CUS005891,Aditya Joshi,Pune,Maharashtra,2024-01-15,Retail
CUS005892,Rahul Malhotra,Mumbai,Rajasthan,2023-07-02,Business
CUS005893,Karan Verma,Lucknow,Gujarat,2024-01-12,Enterprise
CUS005894,Amit Sharma,Chennai,Delhi,2024-08-26,Retail
CUS005895,Rohan Gupta,Lucknow,Uttar Pradesh,2024-05-29,Retail
CUS005896,Arjun Verma,Bengaluru,Tamil Nadu,2024-10-28,Retail
CUS005897,Vivaan Verma,Pune,West Bengal,2024-09-08,Enterprise
CUS005898,Meera Patel,Bengaluru,Maharashtra,2024-05-26,Retail
CUS005899,Aarav Malhotra,Delhi,Delhi,2022-08-11,Business
CUS005900,Pooja Malhotra,Kolkata,Telangana,2023-11-26,Retail
CUS005901,Karan Patel,Hyderabad,West Bengal,2023-05-05,Retail
CUS005902,Vivaan Verma,Bengaluru,Maharashtra,2025-06-02,Retail
CUS005903,Karan Verma,Bengaluru,Maharashtra,2023-01-03,Business
CUS005904,Aisha Mehta,Chennai,Gujarat,2022-03-30,Retail
CUS005905,Priya Singh,Ahmedabad,Maharashtra,2024-04-27,Business
CUS005906,Kavya Kapoor,Pune,Gujarat,2022-10-26,Business
CUS005907,Karan Gupta,Chennai,Tamil Nadu,2022-11-03,Business
CUS005908,Karan Jain,Pune,Karnataka,2024-04-09,Enterprise
CUS005909,Vikram Sharma,Delhi,West Bengal,2026-01-22,Business
CUS005910,Arjun Sharma,Pune,Tamil Nadu,2025-11-04,Business
CUS005911,Pooja Joshi,Pune,Gujarat,2025-03-31,Retail
CUS005912,Kavya Joshi,Mumbai,Maharashtra,2022-12-31,Retail
CUS005913,Nikhil Patel,Ahmedabad,West Bengal,2025-11-10,Enterprise
CUS005914,Ananya Jain,Bengaluru,Tamil Nadu,2023-01-20,Enterprise
CUS005915,Priya Singh,Pune,Tamil Nadu,2023-07-13,Enterprise
CUS005916,Ishita Malhotra,Chennai,Maharashtra,2024-05-07,Business
CUS005917,Vikram Sharma,Kolkata,Uttar Pradesh,2023-08-31,Retail
CUS005918,Rahul Patel,Jaipur,Karnataka,2022-03-07,Retail
CUS005919,Neha Jain,Ahmedabad,Telangana,2024-04-24,Enterprise
CUS005920,Nikhil Gupta,Chennai,Maharashtra,2025-03-20,Retail
CUS005921,Rahul Sharma,Hyderabad,Maharashtra,2025-08-29,Retail
CUS005922,Kavya Verma,Jaipur,Rajasthan,2022-03-09,Business
CUS005923,Arjun Sharma,Lucknow,Karnataka,2023-01-25,Business
CUS005924,Sneha Gupta,Bengaluru,Karnataka,2024-05-03,Retail
CUS005925,Priya Sharma,Chennai,West Bengal,2025-12-22,Business
CUS005926,Ishita Singh,Kolkata,Maharashtra,2022-01-06,Enterprise
CUS005927,Pooja Verma,Mumbai,Gujarat,2023-06-24,Retail
CUS005928,Karan Joshi,Pune,Delhi,2022-07-16,Business
CUS005929,Aarav Verma,Kolkata,Maharashtra,2022-08-16,Retail
CUS005930,Kavya Malhotra,Delhi,Rajasthan,2025-10-24,Retail
CUS005931,Ananya Malhotra,Kolkata,Maharashtra,2024-07-08,Enterprise
CUS005932,Pooja Gupta,Ahmedabad,Rajasthan,2022-08-11,Business
CUS005933,Sneha Malhotra,Kolkata,Tamil Nadu,2022-03-17,Business
CUS005934,Amit Patel,Kolkata,Karnataka,2025-11-12,Enterprise
CUS005935,Priya Sharma,Mumbai,Maharashtra,2025-11-05,Business
CUS005936,Meera Malhotra,Mumbai,Gujarat,2025-05-27,Enterprise
CUS005937,Ananya Singh,Mumbai,West Bengal,2025-04-20,Retail
CUS005938,Sneha Verma,Kolkata,Maharashtra,2024-11-29,Enterprise
CUS005939,Neha Verma,Pune,Gujarat,2023-12-19,Enterprise
CUS005940,Ishita Gupta,Delhi,Tamil Nadu,2025-03-15,Retail
CUS005941,Meera Joshi,Pune,West Bengal,2024-02-22,Business
CUS005942,Aarav Malhotra,Hyderabad,Gujarat,2023-01-04,Retail
CUS005943,Vikram Kapoor,Chennai,Gujarat,2022-10-29,Enterprise
CUS005944,Rohan Joshi,Mumbai,Uttar Pradesh,2025-09-17,Retail
CUS005945,Aisha Sharma,Delhi,Gujarat,2022-05-13,Retail
CUS005946,Pooja Mehta,Jaipur,Maharashtra,2022-08-29,Retail
CUS005947,Amit Singh,Ahmedabad,Maharashtra,2025-04-18,Enterprise
CUS005948,Aditya Malhotra,Hyderabad,Uttar Pradesh,2022-01-08,Enterprise
CUS005949,Aditya Joshi,Pune,Maharashtra,2023-02-07,Retail
CUS005950,Vikram Mehta,Delhi,Rajasthan,2022-02-19,Business
CUS005951,Nikhil Joshi,Kolkata,West Bengal,2024-10-12,Retail
CUS005952,Aditya Verma,Lucknow,West Bengal,2022-10-02,Enterprise
CUS005953,Sneha Kapoor,Delhi,Maharashtra,2022-08-04,Enterprise
CUS005954,Kavya Mehta,Lucknow,Gujarat,2023-09-19,Business
CUS005955,Aarav Joshi,Kolkata,Karnataka,2025-07-25,Business
CUS005956,Amit Gupta,Ahmedabad,Uttar Pradesh,2025-11-05,Retail
CUS005957,Simran Jain,Delhi,Maharashtra,2023-12-27,Retail
CUS005958,Ananya Gupta,Ahmedabad,Karnataka,2026-02-02,Enterprise
CUS005959,Karan Verma,Jaipur,Uttar Pradesh,2022-12-24,Business
CUS005960,Vivaan Sharma,Kolkata,Tamil Nadu,2022-08-05,Business
CUS005961,Karan Verma,Jaipur,Gujarat,2025-08-01,Business
CUS005962,Ananya Gupta,Jaipur,Maharashtra,2025-02-02,Retail
CUS005963,Arjun Joshi,Kolkata,Telangana,2024-11-09,Business
CUS005964,Ishita Joshi,Kolkata,Uttar Pradesh,2023-05-04,Business
CUS005965,Amit Malhotra,Chennai,Rajasthan,2023-09-21,Retail
CUS005966,Pooja Singh,Chennai,Gujarat,2025-05-22,Enterprise
CUS005967,Simran Joshi,Mumbai,Delhi,2023-12-20,Retail
CUS005968,Vivaan Patel,Lucknow,Karnataka,2022-05-07,Enterprise
CUS005969,Sneha Verma,Ahmedabad,Uttar Pradesh,2022-09-10,Retail
CUS005970,Sneha Joshi,Mumbai,Uttar Pradesh,2022-07-02,Enterprise
CUS005971,Aisha Malhotra,Lucknow,Karnataka,2023-03-08,Business
CUS005972,Priya Sharma,Bengaluru,Maharashtra,2023-05-18,Enterprise
CUS005973,Vikram Kapoor,Bengaluru,Maharashtra,2023-10-20,Enterprise
CUS005974,Sneha Kapoor,Delhi,Rajasthan,2026-01-22,Business
CUS005975,Meera Singh,Bengaluru,Tamil Nadu,2023-11-10,Retail
CUS005976,Aisha Jain,Pune,Delhi,2025-05-10,Enterprise
CUS005977,Neha Kapoor,Kolkata,Telangana,2024-09-10,Enterprise
CUS005978,Arjun Patel,Delhi,Rajasthan,2022-11-19,Business
CUS005979,Simran Malhotra,Bengaluru,Telangana,2024-01-25,Retail
CUS005980,Karan Singh,Lucknow,Delhi,2022-09-19,Retail
CUS005981,Simran Singh,Mumbai,West Bengal,2025-08-13,Business
CUS005982,Nikhil Mehta,Chennai,Maharashtra,2023-05-16,Enterprise
CUS005983,Neha Joshi,Chennai,Maharashtra,2023-10-10,Business
CUS005984,Vikram Joshi,Kolkata,Uttar Pradesh,2022-06-11,Business
CUS005985,Ishita Singh,Mumbai,Delhi,2025-10-02,Business
CUS005986,Ananya Verma,Chennai,Karnataka,2023-12-18,Retail
CUS005987,Nikhil Patel,Mumbai,Tamil Nadu,2024-10-10,Business
CUS005988,Vivaan Malhotra,Delhi,West Bengal,2022-11-20,Retail
CUS005989,Amit Verma,Jaipur,Maharashtra,2023-01-21,Business
CUS005990,Simran Gupta,Kolkata,Tamil Nadu,2024-05-05,Retail
CUS005991,Amit Verma,Bengaluru,Karnataka,2025-03-26,Retail
CUS005992,Aisha Kapoor,Ahmedabad,West Bengal,2022-01-10,Enterprise
CUS005993,Pooja Gupta,Chennai,Maharashtra,2024-03-29,Enterprise
CUS005994,Neha Singh,Lucknow,Telangana,2023-06-29,Retail
CUS005995,Vivaan Patel,Pune,Telangana,2022-10-26,Business
CUS005996,Simran Joshi,Hyderabad,Uttar Pradesh,2023-01-31,Business
CUS005997,Neha Malhotra,Delhi,Maharashtra,2022-01-03,Retail
CUS005998,Nikhil Patel,Jaipur,Rajasthan,2025-08-04,Enterprise
CUS005999,Aisha Malhotra,Lucknow,Maharashtra,2023-03-15,Retail
CUS006000,Simran Singh,Chennai,West Bengal,2023-10-20,Retail
CUS006001,Nikhil Verma,Jaipur,Maharashtra,2022-07-26,Retail
CUS006002,Kavya Joshi,Pune,Karnataka,2023-09-06,Business
CUS006003,Meera Mehta,Pune,Maharashtra,2024-04-23,Business
CUS006004,Rohan Mehta,Delhi,Telangana,2023-11-16,Business
CUS006005,Ishita Mehta,Delhi,Maharashtra,2022-12-31,Retail
CUS006006,Priya Gupta,Hyderabad,Gujarat,2025-06-29,Enterprise
CUS006007,Rohan Jain,Bengaluru,Uttar Pradesh,2023-08-06,Retail
CUS006008,Vikram Patel,Kolkata,Karnataka,2025-09-26,Business
CUS006009,Priya Verma,Ahmedabad,Gujarat,2022-05-08,Enterprise
CUS006010,Kavya Verma,Kolkata,Maharashtra,2026-01-16,Enterprise
CUS006011,Vivaan Mehta,Pune,Karnataka,2025-03-14,Enterprise
CUS006012,Aditya Sharma,Kolkata,Uttar Pradesh,2024-01-03,Retail
CUS006013,Sneha Singh,Chennai,Delhi,2022-06-02,Business
CUS006014,Aditya Jain,Pune,Delhi,2022-12-05,Business
CUS006015,Arjun Joshi,Chennai,Gujarat,2022-05-18,Business
CUS006016,Nikhil Sharma,Lucknow,Tamil Nadu,2024-06-12,Business
CUS006017,Aditya Kapoor,Chennai,Telangana,2022-09-07,Retail
CUS006018,Ananya Singh,Ahmedabad,Gujarat,2024-01-07,Enterprise
CUS006019,Aarav Jain,Jaipur,Tamil Nadu,2025-05-08,Retail
CUS006020,Kavya Mehta,Chennai,Rajasthan,2022-08-27,Business
CUS006021,Amit Patel,Chennai,West Bengal,2025-01-28,Retail
CUS006022,Simran Sharma,Chennai,Delhi,2023-09-15,Enterprise
CUS006023,Rohan Jain,Mumbai,Uttar Pradesh,2022-08-26,Enterprise
CUS006024,Arjun Verma,Delhi,Uttar Pradesh,2025-04-08,Enterprise
CUS006025,Neha Kapoor,Mumbai,Telangana,2022-08-14,Business
CUS006026,Aarav Patel,Bengaluru,Rajasthan,2024-01-12,Enterprise
CUS006027,Sneha Malhotra,Lucknow,Karnataka,2025-04-03,Retail
CUS006028,Ishita Jain,Ahmedabad,Tamil Nadu,2022-11-12,Retail
CUS006029,Arjun Jain,Pune,Maharashtra,2024-07-11,Business
CUS006030,Vivaan Jain,Pune,Uttar Pradesh,2024-11-02,Enterprise
CUS006031,Ishita Verma,Ahmedabad,Uttar Pradesh,2024-10-27,Enterprise
CUS006032,Nikhil Mehta,Ahmedabad,Tamil Nadu,2025-07-02,Business
CUS006033,Pooja Patel,Jaipur,Delhi,2024-08-06,Retail
CUS006034,Amit Patel,Bengaluru,Gujarat,2024-07-25,Enterprise
CUS006035,Kavya Malhotra,Mumbai,Gujarat,2023-10-02,Business
CUS006036,Simran Patel,Chennai,Karnataka,2022-11-03,Enterprise
CUS006037,Arjun Kapoor,Pune,Maharashtra,2022-07-21,Retail
CUS006038,Vivaan Kapoor,Chennai,Delhi,2023-03-22,Retail
CUS006039,Meera Mehta,Jaipur,Delhi,2023-04-28,Business
CUS006040,Rohan Kapoor,Hyderabad,Maharashtra,2026-01-29,Retail
CUS006041,Rahul Verma,Ahmedabad,Delhi,2024-03-15,Business
CUS006042,Aditya Singh,Delhi,Maharashtra,2022-10-13,Business
CUS006043,Priya Verma,Delhi,Karnataka,2025-01-04,Business
CUS006044,Karan Sharma,Kolkata,West Bengal,2024-02-28,Retail
CUS006045,Ishita Jain,Lucknow,Karnataka,2025-08-27,Enterprise
CUS006046,Simran Kapoor,Kolkata,Gujarat,2025-12-21,Business
CUS006047,Vikram Verma,Pune,Rajasthan,2025-12-06,Business
CUS006048,Vikram Jain,Mumbai,Maharashtra,2024-07-08,Enterprise
CUS006049,Kavya Jain,Hyderabad,Maharashtra,2022-02-11,Retail
CUS006050,Ananya Sharma,Chennai,Maharashtra,2022-02-08,Enterprise
CUS006051,Amit Joshi,Delhi,Telangana,2024-08-04,Retail
CUS006052,Meera Verma,Delhi,Gujarat,2023-12-11,Business
CUS006053,Aditya Mehta,Jaipur,Uttar Pradesh,2025-10-06,Retail
CUS006054,Simran Jain,Kolkata,Gujarat,2026-01-22,Enterprise
CUS006055,Priya Malhotra,Jaipur,Tamil Nadu,2025-12-03,Retail
CUS006056,Priya Kapoor,Mumbai,Rajasthan,2022-12-13,Enterprise
CUS006057,Simran Singh,Ahmedabad,Karnataka,2025-10-05,Enterprise
CUS006058,Rohan Joshi,Jaipur,Gujarat,2024-11-22,Retail
CUS006059,Vikram Sharma,Hyderabad,Delhi,2025-08-25,Retail
CUS006060,Meera Joshi,Bengaluru,Maharashtra,2024-12-03,Enterprise
CUS006061,Amit Gupta,Lucknow,Karnataka,2022-05-25,Retail
CUS006062,Aisha Malhotra,Lucknow,Delhi,2025-10-13,Retail
CUS006063,Ananya Gupta,Bengaluru,Telangana,2025-12-19,Business
CUS006064,Vivaan Gupta,Pune,West Bengal,2025-09-04,Retail
CUS006065,Vikram Joshi,Chennai,Maharashtra,2026-01-21,Enterprise
CUS006066,Pooja Verma,Lucknow,Telangana,2025-09-10,Enterprise
CUS006067,Amit Malhotra,Ahmedabad,Karnataka,2023-12-11,Business
CUS006068,Sneha Kapoor,Ahmedabad,Gujarat,2022-09-14,Retail
CUS006069,Priya Kapoor,Pune,Tamil Nadu,2025-03-31,Business
CUS006070,Aditya Malhotra,Hyderabad,Rajasthan,2023-07-27,Enterprise
CUS006071,Meera Verma,Delhi,Delhi,2024-01-30,Enterprise
CUS006072,Kavya Gupta,Mumbai,Karnataka,2023-01-22,Enterprise
CUS006073,Vivaan Gupta,Lucknow,Maharashtra,2023-12-20,Business
CUS006074,Arjun Malhotra,Ahmedabad,Karnataka,2025-09-12,Enterprise
CUS006075,Meera Patel,Mumbai,Maharashtra,2025-05-06,Business
CUS006076,Vikram Verma,Chennai,Maharashtra,2025-10-09,Retail
CUS006077,Aisha Singh,Ahmedabad,Tamil Nadu,2025-05-24,Retail
CUS006078,Kavya Sharma,Hyderabad,Maharashtra,2024-10-03,Retail
CUS006079,Vikram Jain,Delhi,Karnataka,2023-06-19,Retail
CUS006080,Aisha Joshi,Jaipur,West Bengal,2022-03-22,Enterprise
CUS006081,Ananya Jain,Bengaluru,Rajasthan,2022-08-18,Retail
CUS006082,Nikhil Patel,Kolkata,Maharashtra,2024-12-13,Enterprise
CUS006083,Simran Singh,Chennai,Telangana,2025-10-13,Business
CUS006084,Kavya Jain,Mumbai,Maharashtra,2022-11-27,Business
CUS006085,Kavya Malhotra,Ahmedabad,Karnataka,2024-10-16,Retail
CUS006086,Aditya Patel,Hyderabad,Uttar Pradesh,2023-02-26,Retail
CUS006087,Arjun Sharma,Jaipur,Rajasthan,2024-04-04,Retail
CUS006088,Priya Sharma,Ahmedabad,Tamil Nadu,2025-04-05,Business
CUS006089,Aarav Sharma,Bengaluru,Rajasthan,2022-07-15,Enterprise
CUS006090,Aarav Singh,Ahmedabad,Telangana,2025-01-25,Business
CUS006091,Aditya Sharma,Pune,Delhi,2022-05-19,Enterprise
CUS006092,Rahul Verma,Mumbai,Telangana,2022-02-18,Enterprise
CUS006093,Aditya Joshi,Pune,Delhi,2024-11-26,Business
CUS006094,Aisha Patel,Ahmedabad,Rajasthan,2024-08-21,Enterprise
CUS006095,Karan Singh,Delhi,Maharashtra,2023-07-31,Enterprise
CUS006096,Amit Malhotra,Kolkata,Maharashtra,2023-03-06,Enterprise
CUS006097,Rahul Sharma,Hyderabad,Karnataka,2025-08-12,Business
CUS006098,Vikram Verma,Bengaluru,Karnataka,2023-09-21,Business
CUS006099,Rahul Patel,Pune,Gujarat,2024-01-10,Retail
CUS006100,Vivaan Sharma,Hyderabad,Gujarat,2022-01-04,Retail
CUS006101,Aarav Verma,Mumbai,Karnataka,2022-09-07,Retail
CUS006102,Kavya Gupta,Chennai,West Bengal,2025-03-15,Business
CUS006103,Rahul Sharma,Kolkata,Delhi,2025-11-03,Enterprise
CUS006104,Rahul Singh,Lucknow,Tamil Nadu,2024-05-16,Enterprise
CUS006105,Karan Jain,Mumbai,West Bengal,2024-02-13,Retail
CUS006106,Nikhil Malhotra,Jaipur,Uttar Pradesh,2025-02-09,Business
CUS006107,Pooja Joshi,Kolkata,Gujarat,2024-09-02,Enterprise
CUS006108,Karan Gupta,Mumbai,Karnataka,2024-10-21,Business
CUS006109,Karan Patel,Delhi,Karnataka,2025-05-27,Enterprise
CUS006110,Aditya Kapoor,Lucknow,Karnataka,2025-06-12,Business
CUS006111,Rohan Sharma,Hyderabad,Rajasthan,2024-09-02,Retail
CUS006112,Vivaan Verma,Chennai,Maharashtra,2025-04-17,Business
CUS006113,Kavya Gupta,Jaipur,Gujarat,2024-11-10,Retail
CUS006114,Karan Singh,Hyderabad,Maharashtra,2025-01-07,Enterprise
CUS006115,Aarav Joshi,Lucknow,Gujarat,2023-10-01,Enterprise
CUS006116,Vivaan Singh,Mumbai,Tamil Nadu,2024-09-19,Business
CUS006117,Nikhil Gupta,Lucknow,Karnataka,2025-03-10,Retail
CUS006118,Pooja Gupta,Bengaluru,Gujarat,2026-01-15,Retail
CUS006119,Vivaan Gupta,Hyderabad,Telangana,2025-05-15,Retail
CUS006120,Priya Malhotra,Delhi,West Bengal,2022-06-16,Enterprise
CUS006121,Simran Gupta,Hyderabad,Maharashtra,2024-04-20,Retail
CUS006122,Nikhil Gupta,Ahmedabad,West Bengal,2022-01-18,Retail
CUS006123,Vivaan Joshi,Mumbai,Tamil Nadu,2023-02-08,Business
CUS006124,Pooja Verma,Delhi,Maharashtra,2025-11-07,Business
CUS006125,Meera Gupta,Chennai,Karnataka,2025-10-11,Business
CUS006126,Neha Verma,Pune,West Bengal,2024-11-23,Enterprise
CUS006127,Simran Mehta,Kolkata,West Bengal,2025-12-01,Enterprise
CUS006128,Nikhil Kapoor,Lucknow,Delhi,2025-08-12,Enterprise
CUS006129,Rahul Patel,Pune,Maharashtra,2024-07-21,Retail
CUS006130,Aarav Verma,Pune,Uttar Pradesh,2023-09-28,Business
CUS006131,Aditya Patel,Delhi,Telangana,2024-04-04,Retail
CUS006132,Karan Gupta,Kolkata,Rajasthan,2025-11-19,Retail
CUS006133,Neha Patel,Pune,Telangana,2025-02-04,Business
CUS006134,Aisha Joshi,Mumbai,Rajasthan,2024-05-06,Business
CUS006135,Neha Jain,Ahmedabad,Delhi,2023-08-22,Business
CUS006136,Vikram Sharma,Hyderabad,Uttar Pradesh,2025-01-28,Business
CUS006137,Vikram Patel,Mumbai,Maharashtra,2022-08-29,Enterprise
CUS006138,Karan Joshi,Pune,Karnataka,2023-05-12,Retail
CUS006139,Kavya Joshi,Pune,Telangana,2025-09-12,Business
CUS006140,Priya Sharma,Kolkata,Karnataka,2022-10-03,Business
CUS006141,Sneha Mehta,Jaipur,Uttar Pradesh,2025-06-10,Business
CUS006142,Neha Malhotra,Pune,Karnataka,2025-08-01,Retail
CUS006143,Neha Singh,Jaipur,Maharashtra,2024-08-08,Business
CUS006144,Amit Malhotra,Jaipur,Uttar Pradesh,2025-03-20,Retail
CUS006145,Neha Mehta,Lucknow,Delhi,2023-08-04,Business
CUS006146,Aarav Verma,Jaipur,Maharashtra,2022-08-04,Enterprise
CUS006147,Ananya Sharma,Mumbai,Rajasthan,2024-05-22,Business
CUS006148,Priya Jain,Bengaluru,Maharashtra,2023-06-26,Business
CUS006149,Sneha Gupta,Mumbai,Rajasthan,2022-09-13,Retail
CUS006150,Karan Gupta,Lucknow,Maharashtra,2024-08-30,Retail
CUS006151,Aarav Singh,Hyderabad,Karnataka,2024-07-31,Business
CUS006152,Ananya Jain,Chennai,Gujarat,2025-10-30,Business
CUS006153,Ishita Sharma,Chennai,Karnataka,2024-02-18,Retail
CUS006154,Kavya Patel,Delhi,Karnataka,2022-09-10,Retail
CUS006155,Kavya Verma,Mumbai,Maharashtra,2022-08-21,Enterprise
CUS006156,Aarav Jain,Pune,Gujarat,2022-01-24,Business
CUS006157,Arjun Singh,Ahmedabad,Uttar Pradesh,2023-02-22,Retail
CUS006158,Vivaan Gupta,Delhi,Delhi,2022-06-04,Enterprise
CUS006159,Ishita Verma,Delhi,Gujarat,2024-06-15,Enterprise
CUS006160,Priya Gupta,Bengaluru,Rajasthan,2023-06-28,Enterprise
CUS006161,Rahul Gupta,Ahmedabad,Maharashtra,2022-09-11,Business
CUS006162,Arjun Gupta,Lucknow,Uttar Pradesh,2026-01-05,Enterprise
CUS006163,Ishita Verma,Delhi,Gujarat,2025-12-08,Retail
CUS006164,Pooja Verma,Chennai,Tamil Nadu,2023-03-06,Business
CUS006165,Kavya Kapoor,Delhi,Gujarat,2024-12-21,Retail
CUS006166,Amit Gupta,Pune,Rajasthan,2022-08-07,Business
CUS006167,Amit Malhotra,Hyderabad,Maharashtra,2023-01-10,Retail
CUS006168,Rahul Singh,Chennai,Rajasthan,2024-01-29,Enterprise
CUS006169,Priya Gupta,Jaipur,Maharashtra,2025-11-21,Retail
CUS006170,Kavya Jain,Jaipur,Rajasthan,2022-03-03,Business
CUS006171,Aarav Joshi,Chennai,Maharashtra,2024-10-15,Enterprise
CUS006172,Nikhil Patel,Lucknow,West Bengal,2023-03-10,Business
CUS006173,Neha Verma,Delhi,Tamil Nadu,2023-01-06,Business
CUS006174,Vikram Joshi,Kolkata,West Bengal,2023-06-03,Business
CUS006175,Neha Malhotra,Ahmedabad,Telangana,2025-04-17,Retail
CUS006176,Vivaan Verma,Ahmedabad,Telangana,2022-04-19,Retail
CUS006177,Aisha Sharma,Ahmedabad,Uttar Pradesh,2024-12-25,Enterprise
CUS006178,Rahul Mehta,Hyderabad,Rajasthan,2024-06-08,Retail
CUS006179,Karan Gupta,Chennai,Karnataka,2024-10-14,Business
CUS006180,Simran Singh,Jaipur,Tamil Nadu,2025-08-27,Business
CUS006181,Sneha Sharma,Lucknow,Maharashtra,2022-10-14,Retail
CUS006182,Aarav Verma,Pune,West Bengal,2022-11-18,Business
CUS006183,Neha Gupta,Bengaluru,Uttar Pradesh,2024-06-10,Retail
CUS006184,Aditya Mehta,Pune,Uttar Pradesh,2025-06-12,Retail
CUS006185,Rahul Verma,Kolkata,Maharashtra,2024-06-20,Enterprise
CUS006186,Rahul Mehta,Delhi,Tamil Nadu,2025-09-30,Retail
CUS006187,Vikram Verma,Bengaluru,Maharashtra,2025-11-05,Business
CUS006188,Vivaan Singh,Delhi,Tamil Nadu,2022-05-01,Enterprise
CUS006189,Priya Malhotra,Hyderabad,Karnataka,2025-10-12,Enterprise
CUS006190,Amit Kapoor,Jaipur,Telangana,2023-07-02,Retail
CUS006191,Karan Kapoor,Lucknow,Tamil Nadu,2022-11-15,Enterprise
CUS006192,Priya Mehta,Mumbai,West Bengal,2025-04-26,Business
CUS006193,Simran Mehta,Hyderabad,Tamil Nadu,2023-09-20,Enterprise
CUS006194,Meera Malhotra,Chennai,West Bengal,2024-11-04,Retail
CUS006195,Rohan Joshi,Bengaluru,Maharashtra,2024-10-06,Enterprise
CUS006196,Ishita Jain,Kolkata,Maharashtra,2024-12-19,Retail
CUS006197,Rahul Jain,Hyderabad,Maharashtra,2022-11-27,Retail
CUS006198,Amit Singh,Ahmedabad,Delhi,2024-09-01,Business
CUS006199,Arjun Joshi,Ahmedabad,Telangana,2025-12-26,Retail
CUS006200,Neha Sharma,Hyderabad,Gujarat,2023-11-20,Enterprise
CUS006201,Meera Patel,Mumbai,Delhi,2025-02-05,Business
CUS006202,Priya Kapoor,Mumbai,Maharashtra,2022-02-02,Business
CUS006203,Aarav Jain,Delhi,Rajasthan,2026-01-11,Enterprise
CUS006204,Rohan Sharma,Kolkata,Telangana,2025-10-22,Enterprise
CUS006205,Kavya Malhotra,Chennai,Delhi,2024-12-13,Enterprise
CUS006206,Rahul Joshi,Ahmedabad,West Bengal,2024-09-13,Business
CUS006207,Rohan Singh,Lucknow,Karnataka,2023-10-14,Enterprise
CUS006208,Neha Singh,Bengaluru,West Bengal,2023-02-01,Enterprise
CUS006209,Rahul Joshi,Jaipur,Karnataka,2025-05-30,Business
CUS006210,Simran Jain,Mumbai,Tamil Nadu,2022-09-03,Retail
CUS006211,Aarav Jain,Ahmedabad,Maharashtra,2024-09-29,Business
CUS006212,Rohan Patel,Hyderabad,Karnataka,2025-07-10,Enterprise
CUS006213,Neha Kapoor,Ahmedabad,Uttar Pradesh,2025-09-26,Business
CUS006214,Kavya Singh,Kolkata,Maharashtra,2024-01-10,Business
CUS006215,Vikram Singh,Mumbai,Maharashtra,2023-12-31,Retail
CUS006216,Aarav Kapoor,Lucknow,Rajasthan,2023-02-03,Retail
CUS006217,Pooja Joshi,Bengaluru,Maharashtra,2025-09-24,Enterprise
CUS006218,Meera Sharma,Kolkata,Uttar Pradesh,2023-03-06,Retail
CUS006219,Karan Joshi,Bengaluru,Maharashtra,2022-09-24,Enterprise
CUS006220,Vikram Singh,Hyderabad,Maharashtra,2023-09-30,Enterprise
CUS006221,Kavya Sharma,Delhi,West Bengal,2025-10-03,Business
CUS006222,Amit Sharma,Jaipur,Delhi,2024-04-23,Enterprise
CUS006223,Aarav Sharma,Lucknow,Maharashtra,2024-08-24,Retail
CUS006224,Rohan Sharma,Jaipur,West Bengal,2022-06-24,Retail
CUS006225,Arjun Kapoor,Lucknow,Telangana,2023-12-13,Retail
CUS006226,Priya Malhotra,Chennai,Uttar Pradesh,2024-04-26,Retail
CUS006227,Rahul Singh,Bengaluru,Maharashtra,2023-11-03,Enterprise
CUS006228,Amit Kapoor,Kolkata,Tamil Nadu,2022-08-24,Business
CUS006229,Meera Joshi,Lucknow,Maharashtra,2023-02-09,Retail
CUS006230,Ananya Sharma,Jaipur,Rajasthan,2025-01-07,Retail
CUS006231,Aisha Sharma,Lucknow,Telangana,2022-05-18,Business
CUS006232,Kavya Sharma,Delhi,Telangana,2022-09-07,Retail
CUS006233,Aarav Sharma,Kolkata,Rajasthan,2025-07-04,Enterprise
CUS006234,Aisha Joshi,Chennai,Rajasthan,2025-12-05,Business
CUS006235,Kavya Gupta,Jaipur,Tamil Nadu,2022-01-11,Enterprise
CUS006236,Kavya Malhotra,Mumbai,Telangana,2023-11-18,Retail
CUS006237,Ishita Malhotra,Kolkata,Delhi,2023-05-24,Business
CUS006238,Aisha Malhotra,Hyderabad,Gujarat,2022-09-20,Business
CUS006239,Rohan Kapoor,Ahmedabad,Tamil Nadu,2022-08-02,Enterprise
CUS006240,Arjun Verma,Delhi,Maharashtra,2023-09-24,Retail
CUS006241,Pooja Verma,Chennai,Maharashtra,2025-10-28,Enterprise
CUS006242,Neha Mehta,Delhi,Maharashtra,2024-09-24,Business
CUS006243,Neha Singh,Hyderabad,Uttar Pradesh,2023-02-17,Enterprise
CUS006244,Ishita Patel,Ahmedabad,Gujarat,2024-07-08,Business
CUS006245,Vivaan Joshi,Jaipur,Rajasthan,2025-10-08,Enterprise
CUS006246,Aisha Malhotra,Jaipur,Tamil Nadu,2024-12-27,Business
CUS006247,Karan Verma,Lucknow,Maharashtra,2022-06-26,Retail
CUS006248,Sneha Mehta,Kolkata,Delhi,2024-05-28,Business
CUS006249,Aditya Kapoor,Kolkata,Uttar Pradesh,2023-04-29,Enterprise
CUS006250,Simran Joshi,Jaipur,Uttar Pradesh,2023-10-12,Retail
CUS006251,Karan Joshi,Pune,Maharashtra,2022-11-24,Business
CUS006252,Simran Singh,Mumbai,Gujarat,2023-06-29,Business
CUS006253,Amit Kapoor,Delhi,Telangana,2023-05-21,Business
CUS006254,Pooja Sharma,Hyderabad,West Bengal,2022-01-06,Business
CUS006255,Vivaan Joshi,Lucknow,Karnataka,2024-03-07,Business
CUS006256,Aditya Kapoor,Kolkata,Tamil Nadu,2024-03-17,Enterprise
CUS006257,Rohan Mehta,Lucknow,Delhi,2022-04-13,Retail
CUS006258,Rohan Joshi,Bengaluru,Tamil Nadu,2024-10-13,Retail
CUS006259,Rahul Gupta,Ahmedabad,West Bengal,2023-01-14,Retail
CUS006260,Rahul Singh,Pune,Maharashtra,2025-02-05,Business
CUS006261,Karan Kapoor,Lucknow,Tamil Nadu,2025-04-17,Retail
CUS006262,Meera Singh,Delhi,Telangana,2023-01-07,Business
CUS006263,Sneha Mehta,Pune,Maharashtra,2025-04-03,Enterprise
CUS006264,Aarav Gupta,Kolkata,Rajasthan,2023-03-12,Business
CUS006265,Amit Sharma,Bengaluru,Maharashtra,2023-02-19,Business
CUS006266,Aditya Singh,Ahmedabad,Tamil Nadu,2025-09-01,Retail
CUS006267,Rahul Malhotra,Jaipur,Tamil Nadu,2024-06-07,Enterprise
CUS006268,Pooja Verma,Lucknow,Uttar Pradesh,2024-06-27,Enterprise
CUS006269,Karan Sharma,Kolkata,Maharashtra,2024-05-22,Retail
CUS006270,Aarav Joshi,Hyderabad,Gujarat,2022-07-23,Business
CUS006271,Priya Singh,Kolkata,Maharashtra,2022-04-15,Business
CUS006272,Simran Patel,Kolkata,Telangana,2023-08-05,Retail
CUS006273,Sneha Kapoor,Kolkata,Maharashtra,2025-09-14,Enterprise
CUS006274,Sneha Singh,Jaipur,West Bengal,2024-06-13,Retail
CUS006275,Aditya Gupta,Kolkata,West Bengal,2023-09-09,Retail
CUS006276,Kavya Verma,Chennai,Rajasthan,2024-06-14,Business
CUS006277,Arjun Kapoor,Delhi,Telangana,2025-01-09,Enterprise
CUS006278,Vikram Verma,Mumbai,Telangana,2022-12-15,Business
CUS006279,Nikhil Gupta,Bengaluru,Maharashtra,2023-05-29,Retail
CUS006280,Amit Kapoor,Jaipur,West Bengal,2022-12-21,Business
CUS006281,Ananya Verma,Lucknow,Delhi,2022-06-18,Enterprise
CUS006282,Rohan Jain,Bengaluru,Karnataka,2025-03-26,Enterprise
CUS006283,Nikhil Jain,Mumbai,Tamil Nadu,2025-02-27,Retail
CUS006284,Aarav Joshi,Mumbai,Karnataka,2022-10-11,Enterprise
CUS006285,Aarav Verma,Hyderabad,Rajasthan,2023-06-14,Business
CUS006286,Aisha Joshi,Kolkata,Maharashtra,2024-01-15,Enterprise
CUS006287,Neha Patel,Kolkata,Gujarat,2024-03-10,Retail
CUS006288,Ishita Gupta,Ahmedabad,Rajasthan,2025-04-21,Retail
CUS006289,Simran Patel,Mumbai,Gujarat,2025-11-05,Enterprise
CUS006290,Ishita Gupta,Kolkata,Gujarat,2024-10-03,Enterprise
CUS006291,Karan Mehta,Chennai,West Bengal,2026-01-13,Business
CUS006292,Sneha Mehta,Hyderabad,West Bengal,2024-03-18,Retail
CUS006293,Pooja Gupta,Delhi,Maharashtra,2024-10-21,Enterprise
CUS006294,Kavya Jain,Lucknow,Gujarat,2023-09-29,Business
CUS006295,Kavya Jain,Mumbai,West Bengal,2024-01-15,Retail
CUS006296,Ishita Malhotra,Lucknow,Rajasthan,2024-11-29,Business
CUS006297,Nikhil Jain,Lucknow,Rajasthan,2024-10-23,Business
CUS006298,Rahul Joshi,Chennai,Telangana,2023-07-19,Retail
CUS006299,Rohan Sharma,Ahmedabad,Maharashtra,2025-11-07,Enterprise
CUS006300,Pooja Gupta,Pune,Gujarat,2025-05-28,Retail
CUS006301,Amit Kapoor,Kolkata,Karnataka,2025-08-14,Enterprise
CUS006302,Aisha Verma,Pune,Maharashtra,2024-02-18,Business
CUS006303,Rahul Verma,Ahmedabad,Gujarat,2023-02-19,Enterprise
CUS006304,Vivaan Singh,Delhi,Maharashtra,2023-06-11,Retail
CUS006305,Vivaan Singh,Mumbai,Rajasthan,2025-11-27,Retail
CUS006306,Simran Singh,Bengaluru,Maharashtra,2022-06-11,Retail
CUS006307,Arjun Kapoor,Hyderabad,Maharashtra,2024-03-31,Business
CUS006308,Neha Kapoor,Jaipur,Tamil Nadu,2023-12-04,Enterprise
CUS006309,Vikram Gupta,Chennai,Delhi,2025-11-27,Business
CUS006310,Meera Jain,Lucknow,Gujarat,2022-08-02,Business
CUS006311,Aditya Verma,Bengaluru,Gujarat,2025-05-31,Business
CUS006312,Neha Gupta,Kolkata,Rajasthan,2023-03-09,Business
CUS006313,Aditya Joshi,Lucknow,Rajasthan,2023-02-14,Enterprise
CUS006314,Nikhil Joshi,Mumbai,Karnataka,2023-11-04,Business
CUS006315,Sneha Mehta,Lucknow,Gujarat,2023-05-22,Enterprise
CUS006316,Ananya Kapoor,Lucknow,Tamil Nadu,2025-12-26,Enterprise
CUS006317,Pooja Mehta,Hyderabad,Maharashtra,2024-08-08,Enterprise
CUS006318,Pooja Jain,Chennai,Gujarat,2022-04-05,Enterprise
CUS006319,Arjun Malhotra,Lucknow,Uttar Pradesh,2022-08-16,Enterprise
CUS006320,Aisha Jain,Hyderabad,Gujarat,2025-05-19,Business
CUS006321,Vikram Mehta,Delhi,Uttar Pradesh,2023-02-06,Business
CUS006322,Pooja Verma,Delhi,Gujarat,2024-12-11,Business
CUS006323,Arjun Joshi,Lucknow,West Bengal,2023-01-27,Business
CUS006324,Vikram Malhotra,Lucknow,Maharashtra,2022-07-05,Retail
CUS006325,Rahul Joshi,Mumbai,Uttar Pradesh,2022-04-30,Enterprise
CUS006326,Amit Gupta,Delhi,Maharashtra,2023-01-20,Enterprise
CUS006327,Karan Jain,Mumbai,Delhi,2022-09-12,Business
CUS006328,Aditya Malhotra,Pune,Telangana,2023-12-22,Enterprise
CUS006329,Sneha Jain,Hyderabad,Telangana,2024-05-04,Enterprise
CUS006330,Rohan Jain,Pune,Maharashtra,2024-03-11,Business
CUS006331,Aisha Mehta,Bengaluru,Karnataka,2025-05-17,Retail
CUS006332,Meera Sharma,Jaipur,Delhi,2023-08-13,Retail
CUS006333,Rahul Mehta,Delhi,Tamil Nadu,2023-05-08,Enterprise
CUS006334,Pooja Patel,Hyderabad,Maharashtra,2023-04-27,Retail
CUS006335,Vikram Gupta,Chennai,Uttar Pradesh,2024-12-15,Business
CUS006336,Aditya Verma,Delhi,Maharashtra,2022-10-17,Business
CUS006337,Nikhil Verma,Bengaluru,Tamil Nadu,2022-04-11,Business
CUS006338,Neha Gupta,Pune,Uttar Pradesh,2023-03-11,Enterprise
CUS006339,Priya Jain,Jaipur,Maharashtra,2025-04-11,Enterprise
CUS006340,Simran Malhotra,Kolkata,Maharashtra,2022-10-14,Business
CUS006341,Neha Sharma,Hyderabad,Karnataka,2022-06-26,Retail
CUS006342,Amit Sharma,Kolkata,West Bengal,2022-07-17,Enterprise
CUS006343,Pooja Jain,Bengaluru,Tamil Nadu,2025-12-09,Enterprise
CUS006344,Priya Jain,Kolkata,West Bengal,2025-07-13,Enterprise
CUS006345,Priya Joshi,Ahmedabad,Tamil Nadu,2023-12-04,Business
CUS006346,Karan Mehta,Mumbai,West Bengal,2022-09-18,Business
CUS006347,Meera Joshi,Bengaluru,Tamil Nadu,2023-10-19,Business
CUS006348,Pooja Patel,Hyderabad,West Bengal,2022-07-19,Retail
CUS006349,Sneha Mehta,Ahmedabad,Maharashtra,2023-11-27,Enterprise
CUS006350,Priya Malhotra,Bengaluru,Uttar Pradesh,2022-09-19,Enterprise
CUS006351,Neha Jain,Kolkata,Maharashtra,2022-10-12,Retail
CUS006352,Meera Sharma,Mumbai,Karnataka,2023-06-06,Retail
CUS006353,Priya Malhotra,Pune,Gujarat,2022-11-19,Business
CUS006354,Amit Kapoor,Lucknow,Tamil Nadu,2024-10-29,Retail
CUS006355,Ishita Joshi,Kolkata,Karnataka,2023-03-17,Enterprise
CUS006356,Simran Patel,Delhi,Uttar Pradesh,2025-05-21,Retail
CUS006357,Priya Joshi,Mumbai,Uttar Pradesh,2022-08-13,Retail
CUS006358,Karan Gupta,Lucknow,Karnataka,2025-03-07,Enterprise
CUS006359,Meera Gupta,Kolkata,Maharashtra,2023-08-13,Retail
CUS006360,Aditya Patel,Ahmedabad,Delhi,2022-12-30,Retail
CUS006361,Sneha Gupta,Lucknow,Maharashtra,2022-04-04,Retail
CUS006362,Neha Verma,Bengaluru,Gujarat,2023-05-30,Retail
CUS006363,Sneha Verma,Hyderabad,Telangana,2023-03-07,Retail
CUS006364,Simran Mehta,Lucknow,Maharashtra,2023-06-02,Retail
CUS006365,Rohan Sharma,Pune,West Bengal,2025-07-12,Retail
CUS006366,Rohan Joshi,Ahmedabad,Rajasthan,2023-05-05,Business
CUS006367,Rohan Joshi,Jaipur,Maharashtra,2025-07-08,Enterprise
CUS006368,Karan Kapoor,Chennai,West Bengal,2022-08-06,Retail
CUS006369,Amit Singh,Bengaluru,Rajasthan,2024-02-02,Retail
CUS006370,Vivaan Sharma,Pune,Uttar Pradesh,2022-03-30,Retail
CUS006371,Aisha Singh,Delhi,Tamil Nadu,2024-11-19,Enterprise
CUS006372,Aisha Joshi,Kolkata,Tamil Nadu,2023-08-04,Business
CUS006373,Meera Kapoor,Ahmedabad,Maharashtra,2024-09-08,Retail
CUS006374,Pooja Verma,Kolkata,Maharashtra,2023-05-10,Business
CUS006375,Neha Mehta,Bengaluru,Karnataka,2023-01-12,Enterprise
CUS006376,Ishita Mehta,Chennai,Gujarat,2024-12-18,Business
CUS006377,Aditya Gupta,Hyderabad,Gujarat,2023-02-16,Business
CUS006378,Arjun Joshi,Chennai,West Bengal,2023-02-22,Business
CUS006379,Aditya Kapoor,Chennai,Maharashtra,2026-02-02,Business
CUS006380,Sneha Malhotra,Ahmedabad,Tamil Nadu,2025-12-12,Enterprise
CUS006381,Meera Malhotra,Ahmedabad,Tamil Nadu,2024-04-23,Retail
CUS006382,Vivaan Singh,Bengaluru,West Bengal,2023-10-07,Retail
CUS006383,Rohan Malhotra,Ahmedabad,Telangana,2024-11-22,Business
CUS006384,Rahul Patel,Pune,Uttar Pradesh,2022-11-24,Retail
CUS006385,Rahul Gupta,Mumbai,Telangana,2023-11-25,Business
CUS006386,Vikram Malhotra,Chennai,Karnataka,2024-07-17,Enterprise
CUS006387,Rahul Singh,Kolkata,Gujarat,2024-04-26,Retail
CUS006388,Neha Patel,Hyderabad,Delhi,2024-05-29,Business
CUS006389,Ananya Sharma,Delhi,Uttar Pradesh,2024-08-24,Retail
CUS006390,Pooja Patel,Bengaluru,West Bengal,2022-11-14,Retail
CUS006391,Simran Kapoor,Delhi,Maharashtra,2022-02-03,Enterprise
CUS006392,Ananya Gupta,Delhi,Telangana,2025-10-06,Retail
CUS006393,Amit Jain,Delhi,Uttar Pradesh,2025-07-30,Business
CUS006394,Vivaan Patel,Hyderabad,Uttar Pradesh,2024-03-18,Retail
CUS006395,Pooja Verma,Pune,West Bengal,2024-06-04,Enterprise
CUS006396,Simran Gupta,Bengaluru,Uttar Pradesh,2022-04-22,Enterprise
CUS006397,Karan Kapoor,Bengaluru,Telangana,2024-10-18,Business
CUS006398,Karan Malhotra,Pune,Maharashtra,2024-06-16,Enterprise
CUS006399,Rahul Verma,Hyderabad,Gujarat,2024-06-01,Business
CUS006400,Sneha Malhotra,Hyderabad,Rajasthan,2023-03-31,Business
CUS006401,Aarav Malhotra,Hyderabad,Karnataka,2024-11-26,Business
CUS006402,Nikhil Jain,Chennai,Maharashtra,2024-12-20,Business
CUS006403,Kavya Malhotra,Delhi,Tamil Nadu,2025-07-20,Business
CUS006404,Rohan Malhotra,Kolkata,Delhi,2024-02-12,Business
CUS006405,Simran Jain,Bengaluru,Delhi,2023-11-02,Business
CUS006406,Rohan Joshi,Bengaluru,Telangana,2026-01-10,Business
CUS006407,Pooja Malhotra,Delhi,West Bengal,2022-04-23,Enterprise
CUS006408,Neha Joshi,Delhi,Karnataka,2025-10-08,Enterprise
CUS006409,Priya Verma,Hyderabad,Gujarat,2024-05-02,Business
CUS006410,Arjun Sharma,Chennai,Maharashtra,2023-09-03,Enterprise
CUS006411,Sneha Patel,Jaipur,Maharashtra,2024-02-15,Enterprise
CUS006412,Sneha Jain,Jaipur,Rajasthan,2024-03-01,Enterprise
CUS006413,Nikhil Kapoor,Kolkata,Uttar Pradesh,2022-12-13,Business
CUS006414,Neha Malhotra,Hyderabad,Maharashtra,2023-05-19,Enterprise
CUS006415,Amit Gupta,Mumbai,Rajasthan,2024-05-24,Enterprise
CUS006416,Kavya Mehta,Mumbai,Karnataka,2025-09-28,Business
CUS006417,Neha Sharma,Jaipur,Rajasthan,2023-04-12,Enterprise
CUS006418,Priya Patel,Jaipur,Karnataka,2025-01-20,Retail
CUS006419,Arjun Mehta,Lucknow,Karnataka,2023-07-03,Business
CUS006420,Aisha Malhotra,Mumbai,Delhi,2025-08-14,Retail
CUS006421,Vikram Joshi,Lucknow,Karnataka,2025-07-17,Enterprise
CUS006422,Pooja Sharma,Mumbai,Delhi,2022-11-24,Retail
CUS006423,Aditya Mehta,Bengaluru,Maharashtra,2024-10-23,Business
CUS006424,Rohan Sharma,Pune,Delhi,2023-05-08,Enterprise
CUS006425,Arjun Gupta,Delhi,Karnataka,2022-05-30,Retail
CUS006426,Priya Mehta,Bengaluru,Maharashtra,2023-08-20,Retail
CUS006427,Simran Kapoor,Delhi,Maharashtra,2022-12-10,Business
CUS006428,Vivaan Jain,Bengaluru,Maharashtra,2025-01-29,Enterprise
CUS006429,Aisha Joshi,Delhi,Maharashtra,2022-08-19,Retail
CUS006430,Amit Gupta,Lucknow,Maharashtra,2023-05-17,Retail
CUS006431,Karan Joshi,Chennai,Gujarat,2025-03-24,Enterprise
CUS006432,Aarav Sharma,Pune,Maharashtra,2025-09-05,Enterprise
CUS006433,Aditya Joshi,Ahmedabad,Tamil Nadu,2023-03-12,Retail
CUS006434,Ishita Verma,Jaipur,Karnataka,2023-06-11,Retail
CUS006435,Nikhil Joshi,Mumbai,Tamil Nadu,2022-05-29,Business
CUS006436,Ishita Joshi,Hyderabad,Gujarat,2025-06-21,Retail
CUS006437,Arjun Joshi,Pune,Rajasthan,2024-07-15,Retail
CUS006438,Rahul Joshi,Delhi,Rajasthan,2023-01-17,Retail
CUS006439,Neha Sharma,Pune,Uttar Pradesh,2023-05-02,Enterprise
CUS006440,Nikhil Sharma,Jaipur,Karnataka,2023-08-03,Enterprise
CUS006441,Simran Patel,Delhi,Karnataka,2022-12-10,Retail
CUS006442,Sneha Sharma,Pune,Tamil Nadu,2025-05-14,Enterprise
CUS006443,Ananya Jain,Hyderabad,Maharashtra,2025-01-23,Retail
CUS006444,Rahul Gupta,Delhi,West Bengal,2024-02-27,Retail
CUS006445,Meera Jain,Pune,Delhi,2022-06-30,Retail
CUS006446,Arjun Patel,Ahmedabad,West Bengal,2025-03-01,Business
CUS006447,Ishita Jain,Jaipur,Karnataka,2022-12-09,Business
CUS006448,Vikram Sharma,Mumbai,Maharashtra,2024-04-01,Business
CUS006449,Nikhil Patel,Mumbai,Gujarat,2024-08-17,Enterprise
CUS006450,Pooja Mehta,Delhi,Uttar Pradesh,2022-01-15,Retail
CUS006451,Kavya Patel,Chennai,Karnataka,2024-11-04,Business
CUS006452,Neha Jain,Ahmedabad,West Bengal,2023-04-24,Retail
CUS006453,Rohan Jain,Pune,Uttar Pradesh,2025-03-20,Business
CUS006454,Aditya Joshi,Chennai,Karnataka,2025-08-05,Retail
CUS006455,Ishita Sharma,Chennai,Karnataka,2022-06-08,Enterprise
CUS006456,Nikhil Verma,Mumbai,Maharashtra,2025-09-23,Business
CUS006457,Aarav Joshi,Chennai,Tamil Nadu,2022-01-06,Enterprise
CUS006458,Neha Kapoor,Chennai,Delhi,2025-01-26,Business
CUS006459,Aisha Joshi,Kolkata,Maharashtra,2023-04-22,Business
CUS006460,Nikhil Verma,Ahmedabad,West Bengal,2025-06-03,Business
CUS006461,Vivaan Sharma,Jaipur,Karnataka,2022-02-18,Enterprise
CUS006462,Karan Mehta,Hyderabad,Telangana,2022-03-24,Business
CUS006463,Nikhil Singh,Chennai,Tamil Nadu,2026-01-10,Retail
CUS006464,Aditya Joshi,Delhi,West Bengal,2022-12-09,Business
CUS006465,Amit Joshi,Bengaluru,Delhi,2025-01-28,Retail
CUS006466,Simran Sharma,Mumbai,Rajasthan,2023-04-29,Retail
CUS006467,Aarav Gupta,Mumbai,Maharashtra,2022-11-19,Retail
CUS006468,Ananya Verma,Pune,Gujarat,2023-02-05,Business
CUS006469,Pooja Sharma,Mumbai,Uttar Pradesh,2025-05-06,Retail
CUS006470,Meera Sharma,Delhi,Telangana,2022-03-26,Business
CUS006471,Kavya Patel,Mumbai,West Bengal,2025-07-30,Enterprise
CUS006472,Neha Joshi,Mumbai,Maharashtra,2024-08-01,Retail
CUS006473,Sneha Verma,Jaipur,Tamil Nadu,2024-06-19,Enterprise
CUS006474,Aisha Kapoor,Jaipur,Gujarat,2023-02-04,Enterprise
CUS006475,Aditya Jain,Hyderabad,Maharashtra,2024-07-06,Enterprise
CUS006476,Amit Sharma,Hyderabad,Telangana,2025-01-17,Enterprise
CUS006477,Aditya Singh,Jaipur,Rajasthan,2022-09-04,Enterprise
CUS006478,Vivaan Patel,Mumbai,Telangana,2023-11-18,Enterprise
CUS006479,Aisha Joshi,Ahmedabad,West Bengal,2024-06-18,Business
CUS006480,Aditya Malhotra,Chennai,Delhi,2023-07-03,Enterprise
CUS006481,Sneha Sharma,Mumbai,West Bengal,2022-03-21,Enterprise
CUS006482,Rahul Patel,Kolkata,Gujarat,2023-09-20,Business
CUS006483,Aditya Joshi,Kolkata,Maharashtra,2022-09-22,Retail
CUS006484,Ananya Kapoor,Pune,Telangana,2025-12-12,Business
CUS006485,Priya Verma,Kolkata,Rajasthan,2022-11-29,Business
CUS006486,Karan Jain,Chennai,Karnataka,2026-02-01,Retail
CUS006487,Vivaan Malhotra,Chennai,Uttar Pradesh,2025-08-12,Enterprise
CUS006488,Rohan Kapoor,Hyderabad,Rajasthan,2025-03-01,Enterprise
CUS006489,Vikram Singh,Chennai,Rajasthan,2024-10-18,Retail
CUS006490,Karan Jain,Lucknow,Uttar Pradesh,2023-01-25,Retail
CUS006491,Kavya Joshi,Pune,Delhi,2025-12-04,Business
CUS006492,Aarav Malhotra,Bengaluru,Uttar Pradesh,2024-10-27,Business
CUS006493,Aisha Singh,Lucknow,Rajasthan,2023-09-24,Business
CUS006494,Ishita Kapoor,Hyderabad,Telangana,2022-10-05,Enterprise
CUS006495,Karan Singh,Lucknow,Rajasthan,2023-04-22,Business
CUS006496,Sneha Gupta,Delhi,Karnataka,2025-05-19,Retail
CUS006497,Pooja Kapoor,Ahmedabad,West Bengal,2024-04-09,Retail
CUS006498,Rahul Joshi,Bengaluru,Tamil Nadu,2023-04-08,Retail
CUS006499,Ishita Sharma,Ahmedabad,Delhi,2022-04-26,Retail
CUS006500,Aisha Mehta,Bengaluru,Karnataka,2023-07-08,Retail
CUS006501,Arjun Verma,Delhi,Maharashtra,2024-02-06,Business
CUS006502,Ananya Verma,Chennai,Delhi,2024-05-01,Retail
CUS006503,Sneha Jain,Jaipur,Rajasthan,2024-05-09,Retail
CUS006504,Ananya Singh,Chennai,West Bengal,2022-03-07,Business
CUS006505,Neha Verma,Chennai,Tamil Nadu,2026-01-07,Retail
CUS006506,Ishita Singh,Hyderabad,Telangana,2022-10-29,Retail
CUS006507,Aditya Patel,Kolkata,Tamil Nadu,2023-06-28,Enterprise
CUS006508,Neha Verma,Lucknow,Tamil Nadu,2024-09-06,Enterprise
CUS006509,Ishita Jain,Mumbai,Rajasthan,2024-12-24,Enterprise
CUS006510,Ishita Jain,Hyderabad,Gujarat,2023-05-02,Enterprise
CUS006511,Arjun Gupta,Mumbai,Delhi,2025-07-02,Retail
CUS006512,Arjun Mehta,Hyderabad,West Bengal,2025-08-07,Enterprise
CUS006513,Rohan Verma,Ahmedabad,Telangana,2022-12-31,Enterprise
CUS006514,Amit Kapoor,Kolkata,Delhi,2023-06-03,Business
CUS006515,Ananya Gupta,Bengaluru,Uttar Pradesh,2025-06-20,Enterprise
CUS006516,Vikram Gupta,Lucknow,Maharashtra,2024-01-08,Retail
CUS006517,Aarav Sharma,Kolkata,Tamil Nadu,2022-09-02,Business
CUS006518,Meera Patel,Jaipur,Karnataka,2023-07-24,Business
CUS006519,Simran Jain,Bengaluru,Maharashtra,2023-11-27,Business
CUS006520,Pooja Jain,Hyderabad,Tamil Nadu,2023-02-07,Retail
CUS006521,Aarav Kapoor,Mumbai,Delhi,2023-05-30,Business
CUS006522,Ishita Singh,Kolkata,Rajasthan,2025-08-03,Enterprise
CUS006523,Sneha Jain,Hyderabad,Karnataka,2022-04-08,Enterprise
CUS006524,Aditya Verma,Ahmedabad,Maharashtra,2024-05-21,Business
CUS006525,Simran Mehta,Mumbai,Maharashtra,2024-02-13,Enterprise
CUS006526,Aisha Singh,Kolkata,Telangana,2025-05-28,Retail
CUS006527,Rahul Patel,Jaipur,West Bengal,2025-05-09,Enterprise
CUS006528,Vivaan Mehta,Chennai,Maharashtra,2024-05-19,Retail
CUS006529,Neha Joshi,Mumbai,Tamil Nadu,2025-04-05,Retail
CUS006530,Arjun Patel,Delhi,Tamil Nadu,2022-01-05,Retail
CUS006531,Ananya Patel,Ahmedabad,Maharashtra,2022-01-04,Business
CUS006532,Vivaan Jain,Kolkata,Delhi,2025-02-16,Enterprise
CUS006533,Pooja Mehta,Jaipur,Karnataka,2025-08-01,Retail
CUS006534,Arjun Jain,Pune,Rajasthan,2024-03-11,Retail
CUS006535,Neha Malhotra,Jaipur,Telangana,2022-10-16,Business
CUS006536,Vivaan Joshi,Lucknow,Gujarat,2024-02-19,Enterprise
CUS006537,Amit Joshi,Jaipur,Telangana,2022-12-02,Retail
CUS006538,Vivaan Patel,Hyderabad,Maharashtra,2023-07-24,Business
CUS006539,Rahul Verma,Ahmedabad,Maharashtra,2025-08-07,Business
CUS006540,Priya Joshi,Delhi,Karnataka,2025-12-15,Enterprise
CUS006541,Aisha Patel,Chennai,Uttar Pradesh,2024-01-25,Retail
CUS006542,Nikhil Gupta,Lucknow,Uttar Pradesh,2023-07-14,Business
CUS006543,Kavya Joshi,Ahmedabad,Karnataka,2024-09-30,Enterprise
CUS006544,Amit Kapoor,Delhi,Uttar Pradesh,2023-04-16,Retail
CUS006545,Kavya Gupta,Kolkata,West Bengal,2025-03-23,Business
CUS006546,Amit Kapoor,Bengaluru,Gujarat,2024-06-27,Business
CUS006547,Aarav Joshi,Hyderabad,Maharashtra,2022-03-24,Business
CUS006548,Simran Singh,Lucknow,Telangana,2026-02-03,Enterprise
CUS006549,Pooja Patel,Chennai,Maharashtra,2023-07-29,Retail
CUS006550,Simran Sharma,Bengaluru,Tamil Nadu,2024-06-07,Enterprise
CUS006551,Aarav Jain,Jaipur,Tamil Nadu,2025-02-03,Enterprise
CUS006552,Aisha Malhotra,Ahmedabad,Gujarat,2026-01-07,Retail
CUS006553,Amit Mehta,Bengaluru,Tamil Nadu,2023-09-22,Enterprise
CUS006554,Karan Mehta,Pune,West Bengal,2023-10-31,Retail
CUS006555,Rohan Patel,Pune,Maharashtra,2024-10-21,Business
CUS006556,Rahul Mehta,Delhi,Delhi,2024-02-17,Business
CUS006557,Ishita Patel,Jaipur,Maharashtra,2022-09-25,Business
CUS006558,Meera Malhotra,Hyderabad,Maharashtra,2024-10-24,Business
CUS006559,Amit Singh,Chennai,Gujarat,2024-02-04,Retail
CUS006560,Kavya Jain,Hyderabad,Karnataka,2024-08-21,Business
CUS006561,Simran Gupta,Pune,West Bengal,2026-01-20,Business
CUS006562,Meera Gupta,Kolkata,Karnataka,2024-09-22,Business
CUS006563,Pooja Gupta,Delhi,Tamil Nadu,2022-06-05,Retail
CUS006564,Rohan Gupta,Jaipur,Telangana,2024-05-08,Business
CUS006565,Simran Sharma,Mumbai,West Bengal,2023-10-27,Retail
CUS006566,Rohan Joshi,Lucknow,Delhi,2025-06-26,Business
CUS006567,Simran Mehta,Chennai,Delhi,2023-03-05,Enterprise
CUS006568,Sneha Joshi,Hyderabad,Uttar Pradesh,2025-02-28,Enterprise
CUS006569,Vivaan Jain,Pune,Karnataka,2025-09-23,Enterprise
CUS006570,Kavya Verma,Pune,West Bengal,2022-01-02,Retail
CUS006571,Pooja Verma,Mumbai,Tamil Nadu,2025-03-14,Enterprise
CUS006572,Aditya Jain,Hyderabad,Delhi,2024-04-29,Enterprise
CUS006573,Kavya Joshi,Chennai,Karnataka,2025-11-23,Enterprise
CUS006574,Kavya Patel,Bengaluru,Uttar Pradesh,2024-09-14,Business
CUS006575,Priya Gupta,Delhi,Uttar Pradesh,2023-08-06,Business
CUS006576,Aditya Verma,Delhi,Gujarat,2022-12-10,Retail
CUS006577,Neha Sharma,Jaipur,Tamil Nadu,2022-10-16,Retail
CUS006578,Sneha Singh,Bengaluru,Telangana,2024-04-14,Retail
CUS006579,Aditya Kapoor,Lucknow,West Bengal,2024-12-12,Business
CUS006580,Ananya Joshi,Delhi,Rajasthan,2023-01-03,Enterprise
CUS006581,Sneha Gupta,Lucknow,Karnataka,2025-09-11,Retail
CUS006582,Nikhil Sharma,Hyderabad,Maharashtra,2025-12-28,Enterprise
CUS006583,Aditya Joshi,Mumbai,Gujarat,2022-04-09,Retail
CUS006584,Ananya Singh,Pune,Rajasthan,2024-02-05,Business
CUS006585,Ishita Patel,Jaipur,Telangana,2023-05-27,Business
CUS006586,Aisha Sharma,Delhi,Maharashtra,2025-07-15,Enterprise
CUS006587,Ananya Patel,Bengaluru,West Bengal,2025-02-07,Enterprise
CUS006588,Vivaan Jain,Mumbai,Maharashtra,2025-04-03,Retail
CUS006589,Aisha Joshi,Ahmedabad,West Bengal,2024-07-26,Business
CUS006590,Karan Singh,Ahmedabad,Tamil Nadu,2024-07-23,Business
CUS006591,Ishita Gupta,Chennai,Telangana,2023-11-09,Enterprise
CUS006592,Vivaan Singh,Hyderabad,Rajasthan,2022-08-15,Enterprise
CUS006593,Kavya Verma,Bengaluru,Tamil Nadu,2026-01-18,Retail
CUS006594,Arjun Sharma,Delhi,Gujarat,2025-07-02,Retail
CUS006595,Simran Gupta,Chennai,Karnataka,2023-04-27,Retail
CUS006596,Pooja Malhotra,Delhi,Karnataka,2025-11-16,Retail
CUS006597,Ananya Patel,Bengaluru,Tamil Nadu,2025-10-22,Enterprise
CUS006598,Aditya Verma,Jaipur,Tamil Nadu,2023-11-20,Enterprise
CUS006599,Aarav Joshi,Pune,Delhi,2024-02-11,Business
CUS006600,Aarav Mehta,Delhi,Gujarat,2022-01-30,Business
CUS006601,Karan Verma,Mumbai,Tamil Nadu,2025-07-18,Retail
CUS006602,Ishita Verma,Jaipur,West Bengal,2024-06-13,Retail
CUS006603,Arjun Mehta,Hyderabad,Rajasthan,2023-05-17,Enterprise
CUS006604,Neha Jain,Kolkata,Uttar Pradesh,2024-07-17,Retail
CUS006605,Vivaan Jain,Lucknow,Telangana,2022-04-20,Business
CUS006606,Simran Gupta,Kolkata,Delhi,2023-12-08,Retail
CUS006607,Vivaan Jain,Bengaluru,Tamil Nadu,2024-11-04,Enterprise
CUS006608,Ananya Joshi,Kolkata,Maharashtra,2022-11-26,Business
CUS006609,Pooja Jain,Jaipur,Telangana,2024-12-22,Enterprise
CUS006610,Amit Patel,Lucknow,Uttar Pradesh,2023-09-07,Enterprise
CUS006611,Meera Patel,Ahmedabad,Tamil Nadu,2025-07-03,Enterprise
CUS006612,Aditya Malhotra,Hyderabad,Tamil Nadu,2024-03-17,Enterprise
CUS006613,Ishita Verma,Ahmedabad,Telangana,2023-10-21,Retail
CUS006614,Priya Malhotra,Pune,Maharashtra,2023-06-13,Retail
CUS006615,Meera Jain,Hyderabad,Delhi,2024-12-13,Business
CUS006616,Vikram Kapoor,Chennai,Tamil Nadu,2023-06-08,Business
CUS006617,Aarav Patel,Jaipur,Uttar Pradesh,2024-08-20,Business
CUS006618,Amit Gupta,Pune,Maharashtra,2025-11-03,Business
CUS006619,Sneha Joshi,Pune,Uttar Pradesh,2025-10-22,Retail
CUS006620,Aisha Joshi,Delhi,Tamil Nadu,2022-04-02,Enterprise
CUS006621,Rahul Kapoor,Pune,Maharashtra,2025-11-16,Business
CUS006622,Aditya Joshi,Kolkata,Maharashtra,2025-07-24,Business
CUS006623,Priya Verma,Ahmedabad,Maharashtra,2025-10-10,Retail
CUS006624,Arjun Mehta,Mumbai,Karnataka,2025-09-21,Business
CUS006625,Aarav Joshi,Lucknow,Uttar Pradesh,2022-09-19,Enterprise
CUS006626,Aditya Mehta,Hyderabad,Tamil Nadu,2024-09-12,Business
CUS006627,Rohan Joshi,Chennai,Telangana,2025-08-19,Retail
CUS006628,Nikhil Singh,Delhi,Rajasthan,2024-03-29,Business
CUS006629,Nikhil Gupta,Mumbai,Tamil Nadu,2025-10-24,Retail
CUS006630,Aisha Mehta,Jaipur,Rajasthan,2022-05-24,Business
CUS006631,Meera Joshi,Mumbai,Tamil Nadu,2024-01-18,Business
CUS006632,Aisha Patel,Ahmedabad,Gujarat,2025-02-20,Enterprise
CUS006633,Ishita Sharma,Lucknow,Karnataka,2024-05-11,Enterprise
CUS006634,Priya Mehta,Hyderabad,Gujarat,2025-08-02,Retail
CUS006635,Kavya Malhotra,Chennai,Tamil Nadu,2022-09-02,Enterprise
CUS006636,Aisha Patel,Mumbai,Karnataka,2023-03-01,Enterprise
CUS006637,Kavya Mehta,Bengaluru,Delhi,2022-09-27,Business
CUS006638,Meera Patel,Jaipur,Delhi,2024-02-04,Business
CUS006639,Amit Mehta,Mumbai,Uttar Pradesh,2022-09-21,Retail
CUS006640,Rahul Mehta,Lucknow,West Bengal,2023-10-01,Enterprise
CUS006641,Sneha Malhotra,Kolkata,Rajasthan,2023-09-15,Enterprise
CUS006642,Vikram Malhotra,Jaipur,Uttar Pradesh,2024-04-16,Enterprise
CUS006643,Ananya Patel,Lucknow,Gujarat,2023-04-05,Retail
CUS006644,Meera Jain,Kolkata,Maharashtra,2023-06-17,Enterprise
CUS006645,Ananya Mehta,Lucknow,Delhi,2023-01-05,Business
CUS006646,Simran Patel,Ahmedabad,Telangana,2022-09-30,Retail
CUS006647,Aarav Patel,Delhi,West Bengal,2023-07-31,Business
CUS006648,Simran Sharma,Mumbai,West Bengal,2024-03-10,Retail
CUS006649,Arjun Malhotra,Mumbai,Uttar Pradesh,2024-10-25,Business
CUS006650,Priya Joshi,Pune,Rajasthan,2024-01-14,Enterprise
CUS006651,Meera Singh,Ahmedabad,Maharashtra,2024-05-10,Retail
CUS006652,Rohan Singh,Pune,Gujarat,2023-01-22,Business
CUS006653,Aisha Joshi,Bengaluru,Tamil Nadu,2024-10-01,Business
CUS006654,Meera Mehta,Lucknow,Telangana,2022-12-07,Enterprise
CUS006655,Nikhil Verma,Mumbai,Maharashtra,2023-09-03,Retail
CUS006656,Vivaan Singh,Delhi,West Bengal,2023-02-21,Retail
CUS006657,Ananya Jain,Hyderabad,Rajasthan,2022-12-23,Enterprise
CUS006658,Karan Verma,Ahmedabad,Karnataka,2023-10-28,Retail
CUS006659,Priya Gupta,Ahmedabad,Maharashtra,2022-08-26,Enterprise
CUS006660,Nikhil Jain,Pune,Karnataka,2025-01-11,Retail
CUS006661,Aisha Malhotra,Chennai,Rajasthan,2025-09-26,Business
CUS006662,Rahul Patel,Jaipur,Tamil Nadu,2023-02-14,Enterprise
CUS006663,Aditya Patel,Mumbai,Delhi,2024-10-26,Retail
CUS006664,Karan Joshi,Lucknow,Maharashtra,2023-03-05,Enterprise
CUS006665,Sneha Mehta,Ahmedabad,Gujarat,2023-04-14,Business
CUS006666,Amit Verma,Kolkata,Delhi,2024-11-04,Retail
CUS006667,Priya Jain,Ahmedabad,Tamil Nadu,2025-04-05,Enterprise
CUS006668,Neha Gupta,Pune,Karnataka,2023-02-16,Enterprise
CUS006669,Vikram Malhotra,Pune,Delhi,2025-09-29,Enterprise
CUS006670,Amit Verma,Pune,Karnataka,2024-10-01,Business
CUS006671,Ananya Gupta,Bengaluru,Maharashtra,2025-09-13,Retail
CUS006672,Rahul Verma,Chennai,Delhi,2025-11-12,Business
CUS006673,Kavya Mehta,Kolkata,Maharashtra,2025-04-07,Enterprise
CUS006674,Kavya Sharma,Bengaluru,Maharashtra,2024-01-27,Business
CUS006675,Nikhil Joshi,Jaipur,Maharashtra,2024-07-23,Retail
CUS006676,Rahul Mehta,Chennai,Delhi,2023-08-05,Enterprise
CUS006677,Ishita Kapoor,Lucknow,Maharashtra,2024-10-22,Business
CUS006678,Rohan Malhotra,Jaipur,Karnataka,2024-11-05,Enterprise
CUS006679,Rohan Sharma,Mumbai,Tamil Nadu,2022-09-05,Business
CUS006680,Simran Joshi,Kolkata,West Bengal,2024-04-27,Business
CUS006681,Simran Patel,Bengaluru,Gujarat,2026-01-26,Retail
CUS006682,Aisha Gupta,Kolkata,Gujarat,2023-12-11,Retail
CUS006683,Nikhil Jain,Delhi,Gujarat,2022-08-11,Enterprise
CUS006684,Kavya Verma,Lucknow,Maharashtra,2022-09-26,Enterprise
CUS006685,Ishita Kapoor,Hyderabad,Uttar Pradesh,2023-08-31,Retail
CUS006686,Neha Gupta,Kolkata,West Bengal,2024-04-18,Business
CUS006687,Aditya Singh,Jaipur,Rajasthan,2024-06-13,Business
CUS006688,Kavya Sharma,Pune,Uttar Pradesh,2022-07-05,Enterprise
CUS006689,Meera Malhotra,Chennai,Gujarat,2024-06-27,Enterprise
CUS006690,Ananya Jain,Bengaluru,Uttar Pradesh,2025-11-28,Enterprise
CUS006691,Meera Malhotra,Bengaluru,Gujarat,2022-02-01,Retail
CUS006692,Simran Verma,Mumbai,Delhi,2025-07-28,Business
CUS006693,Aarav Mehta,Ahmedabad,Maharashtra,2025-02-24,Business
CUS006694,Priya Mehta,Pune,Rajasthan,2024-10-06,Enterprise
CUS006695,Vivaan Joshi,Delhi,Maharashtra,2025-10-01,Retail
CUS006696,Aarav Singh,Bengaluru,Rajasthan,2025-01-29,Retail
CUS006697,Aditya Jain,Pune,Uttar Pradesh,2025-06-19,Business
CUS006698,Sneha Joshi,Ahmedabad,Karnataka,2024-06-26,Retail
CUS006699,Aarav Singh,Kolkata,Karnataka,2023-08-28,Business
CUS006700,Nikhil Singh,Ahmedabad,Tamil Nadu,2024-05-11,Business
CUS006701,Aarav Joshi,Mumbai,Uttar Pradesh,2025-07-12,Enterprise
CUS006702,Aarav Gupta,Ahmedabad,Tamil Nadu,2024-10-01,Business
CUS006703,Ananya Malhotra,Ahmedabad,West Bengal,2024-09-06,Retail
CUS006704,Kavya Verma,Ahmedabad,West Bengal,2023-02-17,Enterprise
CUS006705,Priya Patel,Ahmedabad,Telangana,2026-01-26,Enterprise
CUS006706,Aarav Malhotra,Chennai,Telangana,2024-05-21,Enterprise
CUS006707,Pooja Joshi,Bengaluru,Maharashtra,2023-12-26,Enterprise
CUS006708,Nikhil Mehta,Jaipur,Maharashtra,2022-04-30,Retail
CUS006709,Kavya Singh,Mumbai,Delhi,2025-04-22,Retail
CUS006710,Aisha Mehta,Delhi,Tamil Nadu,2023-07-12,Business
CUS006711,Nikhil Sharma,Pune,Uttar Pradesh,2023-11-03,Enterprise
CUS006712,Vivaan Verma,Pune,Maharashtra,2023-08-25,Business
CUS006713,Arjun Gupta,Lucknow,West Bengal,2022-01-27,Retail
CUS006714,Aarav Patel,Lucknow,Maharashtra,2022-03-13,Business
CUS006715,Ananya Kapoor,Jaipur,Tamil Nadu,2023-06-12,Business
CUS006716,Karan Singh,Hyderabad,West Bengal,2023-08-03,Retail
CUS006717,Sneha Malhotra,Bengaluru,Uttar Pradesh,2025-07-26,Retail
CUS006718,Pooja Malhotra,Hyderabad,Maharashtra,2023-03-08,Retail
CUS006719,Simran Kapoor,Chennai,Uttar Pradesh,2024-02-14,Business
CUS006720,Aditya Kapoor,Bengaluru,Delhi,2022-08-12,Retail
CUS006721,Aarav Gupta,Hyderabad,Delhi,2025-09-14,Enterprise
CUS006722,Neha Jain,Chennai,Maharashtra,2022-08-01,Retail
CUS006723,Simran Sharma,Bengaluru,Tamil Nadu,2025-05-16,Business
CUS006724,Aarav Malhotra,Hyderabad,Delhi,2025-09-17,Enterprise
CUS006725,Ishita Patel,Delhi,Tamil Nadu,2025-03-02,Business
CUS006726,Amit Malhotra,Lucknow,Maharashtra,2026-02-01,Enterprise
CUS006727,Priya Jain,Bengaluru,Rajasthan,2025-01-15,Enterprise
CUS006728,Karan Mehta,Kolkata,Gujarat,2024-05-31,Retail
CUS006729,Sneha Jain,Jaipur,Uttar Pradesh,2023-10-18,Retail
CUS006730,Ananya Verma,Pune,Karnataka,2025-03-01,Enterprise
CUS006731,Vikram Kapoor,Bengaluru,Rajasthan,2024-08-02,Business
CUS006732,Ishita Singh,Pune,Rajasthan,2022-07-24,Enterprise
CUS006733,Ananya Mehta,Bengaluru,Delhi,2025-11-15,Enterprise
CUS006734,Ananya Malhotra,Kolkata,Maharashtra,2023-01-05,Business
CUS006735,Sneha Singh,Jaipur,Delhi,2022-01-10,Business
CUS006736,Arjun Gupta,Hyderabad,Rajasthan,2022-06-13,Enterprise
CUS006737,Kavya Patel,Bengaluru,Karnataka,2022-08-04,Retail
CUS006738,Vikram Kapoor,Ahmedabad,Maharashtra,2023-11-30,Business
CUS006739,Karan Mehta,Kolkata,West Bengal,2022-05-27,Enterprise
CUS006740,Rahul Kapoor,Jaipur,Uttar Pradesh,2022-10-04,Retail
CUS006741,Priya Sharma,Delhi,Rajasthan,2024-06-28,Business
CUS006742,Karan Verma,Pune,Tamil Nadu,2024-10-28,Enterprise
CUS006743,Rohan Singh,Pune,Karnataka,2024-05-05,Retail
CUS006744,Sneha Joshi,Kolkata,Rajasthan,2024-09-14,Retail
CUS006745,Amit Jain,Hyderabad,Uttar Pradesh,2024-08-24,Enterprise
CUS006746,Rohan Mehta,Chennai,Tamil Nadu,2024-08-11,Retail
CUS006747,Ananya Mehta,Hyderabad,Uttar Pradesh,2024-04-28,Business
CUS006748,Neha Gupta,Mumbai,Telangana,2023-10-10,Retail
CUS006749,Karan Gupta,Delhi,Tamil Nadu,2024-06-27,Enterprise
CUS006750,Ishita Verma,Jaipur,Rajasthan,2022-10-27,Business
CUS006751,Rahul Mehta,Lucknow,Uttar Pradesh,2022-04-10,Enterprise
CUS006752,Arjun Kapoor,Chennai,Maharashtra,2022-07-30,Retail
CUS006753,Kavya Mehta,Kolkata,Karnataka,2023-04-21,Enterprise
CUS006754,Meera Patel,Chennai,West Bengal,2024-05-26,Business
CUS006755,Aisha Joshi,Pune,Tamil Nadu,2022-05-04,Enterprise
CUS006756,Aisha Kapoor,Pune,Uttar Pradesh,2025-01-20,Retail
CUS006757,Nikhil Singh,Mumbai,Uttar Pradesh,2023-04-03,Business
CUS006758,Aisha Gupta,Pune,Delhi,2024-09-20,Business
CUS006759,Nikhil Mehta,Pune,Karnataka,2025-07-05,Business
CUS006760,Meera Mehta,Bengaluru,Karnataka,2023-02-28,Enterprise
CUS006761,Simran Jain,Bengaluru,Telangana,2025-07-01,Business
CUS006762,Rahul Verma,Chennai,West Bengal,2022-04-20,Business
CUS006763,Aditya Gupta,Chennai,West Bengal,2024-12-22,Enterprise
CUS006764,Rahul Mehta,Bengaluru,Rajasthan,2025-01-18,Retail
CUS006765,Ananya Jain,Hyderabad,Delhi,2024-08-08,Retail
CUS006766,Sneha Patel,Jaipur,Gujarat,2022-11-26,Enterprise
CUS006767,Nikhil Mehta,Lucknow,West Bengal,2023-05-29,Business
CUS006768,Aisha Jain,Bengaluru,West Bengal,2022-02-20,Retail
CUS006769,Pooja Gupta,Hyderabad,West Bengal,2025-02-21,Business
CUS006770,Rohan Mehta,Jaipur,Maharashtra,2025-03-14,Retail
CUS006771,Arjun Malhotra,Delhi,Delhi,2026-01-22,Enterprise
CUS006772,Neha Patel,Delhi,Karnataka,2022-10-13,Enterprise
CUS006773,Aarav Mehta,Delhi,Tamil Nadu,2023-05-08,Enterprise
CUS006774,Simran Verma,Mumbai,Rajasthan,2024-01-09,Business
CUS006775,Kavya Gupta,Hyderabad,Maharashtra,2025-01-09,Enterprise
CUS006776,Rohan Gupta,Jaipur,Rajasthan,2023-05-05,Retail
CUS006777,Neha Sharma,Pune,Karnataka,2023-12-12,Business
CUS006778,Priya Sharma,Bengaluru,Delhi,2024-10-31,Retail
CUS006779,Aisha Joshi,Bengaluru,Tamil Nadu,2025-09-29,Business
CUS006780,Amit Sharma,Hyderabad,West Bengal,2025-04-01,Enterprise
CUS006781,Sneha Gupta,Kolkata,Maharashtra,2024-05-23,Enterprise
CUS006782,Simran Mehta,Delhi,Maharashtra,2023-02-03,Retail
CUS006783,Meera Sharma,Jaipur,Gujarat,2022-12-20,Enterprise
CUS006784,Aisha Kapoor,Chennai,Gujarat,2023-08-22,Enterprise
CUS006785,Ananya Verma,Kolkata,Gujarat,2022-04-14,Enterprise
CUS006786,Nikhil Kapoor,Delhi,Karnataka,2022-02-11,Enterprise
CUS006787,Rohan Gupta,Jaipur,West Bengal,2022-12-29,Enterprise
CUS006788,Amit Verma,Ahmedabad,West Bengal,2025-09-22,Retail
CUS006789,Sneha Singh,Mumbai,Gujarat,2023-02-19,Retail
CUS006790,Aarav Kapoor,Hyderabad,Gujarat,2022-03-27,Retail
CUS006791,Vikram Jain,Ahmedabad,Delhi,2024-11-18,Retail
CUS006792,Priya Singh,Ahmedabad,Telangana,2025-05-31,Retail
CUS006793,Nikhil Verma,Kolkata,Telangana,2025-03-15,Retail
CUS006794,Aditya Mehta,Bengaluru,Telangana,2025-08-28,Enterprise
CUS006795,Priya Sharma,Bengaluru,Maharashtra,2022-05-06,Enterprise
CUS006796,Arjun Mehta,Ahmedabad,Karnataka,2024-02-08,Business
CUS006797,Rohan Jain,Jaipur,Telangana,2024-01-14,Business
CUS006798,Ishita Patel,Hyderabad,Maharashtra,2024-12-28,Enterprise
CUS006799,Kavya Joshi,Lucknow,Gujarat,2022-11-08,Retail
CUS006800,Simran Gupta,Mumbai,Maharashtra,2025-07-22,Retail
CUS006801,Nikhil Verma,Jaipur,Gujarat,2022-06-13,Retail
CUS006802,Sneha Mehta,Pune,Maharashtra,2023-01-10,Business
CUS006803,Aarav Verma,Ahmedabad,Uttar Pradesh,2022-02-06,Enterprise
CUS006804,Arjun Joshi,Hyderabad,Uttar Pradesh,2025-09-13,Business
CUS006805,Ananya Kapoor,Lucknow,Maharashtra,2026-01-12,Business
CUS006806,Rahul Verma,Hyderabad,Maharashtra,2022-02-18,Business
CUS006807,Sneha Joshi,Jaipur,Rajasthan,2023-08-13,Business
CUS006808,Vikram Singh,Delhi,Maharashtra,2024-05-31,Business
CUS006809,Vivaan Jain,Hyderabad,Delhi,2023-03-10,Enterprise
CUS006810,Simran Singh,Chennai,Telangana,2023-06-05,Retail
CUS006811,Karan Patel,Mumbai,Maharashtra,2025-11-08,Business
CUS006812,Rohan Malhotra,Jaipur,Tamil Nadu,2022-02-19,Retail
CUS006813,Priya Sharma,Chennai,Maharashtra,2024-05-21,Business
CUS006814,Karan Patel,Hyderabad,Rajasthan,2023-11-27,Retail
CUS006815,Priya Singh,Mumbai,West Bengal,2022-06-15,Business
CUS006816,Karan Malhotra,Chennai,Tamil Nadu,2023-06-08,Enterprise
CUS006817,Aditya Jain,Lucknow,Rajasthan,2025-11-24,Retail
CUS006818,Ishita Malhotra,Delhi,Delhi,2022-01-12,Retail
CUS006819,Nikhil Kapoor,Mumbai,Tamil Nadu,2025-08-31,Retail
CUS006820,Vivaan Kapoor,Lucknow,Tamil Nadu,2022-10-12,Retail
CUS006821,Karan Mehta,Jaipur,Maharashtra,2022-09-04,Retail
CUS006822,Aisha Malhotra,Ahmedabad,Delhi,2023-11-16,Retail
CUS006823,Kavya Sharma,Kolkata,Karnataka,2025-12-30,Retail
CUS006824,Neha Malhotra,Mumbai,Karnataka,2025-05-15,Business
CUS006825,Priya Sharma,Bengaluru,Delhi,2024-01-19,Retail
CUS006826,Rohan Joshi,Hyderabad,Uttar Pradesh,2024-03-24,Retail
CUS006827,Priya Kapoor,Bengaluru,Rajasthan,2023-07-31,Business
CUS006828,Vivaan Singh,Kolkata,Gujarat,2023-12-28,Business
CUS006829,Ananya Malhotra,Lucknow,Uttar Pradesh,2023-06-29,Retail
CUS006830,Pooja Gupta,Jaipur,Maharashtra,2023-01-27,Retail
CUS006831,Aarav Kapoor,Ahmedabad,Telangana,2022-07-16,Business
CUS006832,Pooja Mehta,Bengaluru,Delhi,2025-04-24,Enterprise
CUS006833,Vivaan Kapoor,Chennai,Maharashtra,2023-11-13,Retail
CUS006834,Neha Kapoor,Kolkata,Maharashtra,2023-11-17,Enterprise
CUS006835,Aarav Gupta,Mumbai,Rajasthan,2022-09-14,Retail
CUS006836,Karan Joshi,Delhi,Maharashtra,2022-05-02,Enterprise
CUS006837,Vivaan Joshi,Hyderabad,Telangana,2023-06-11,Business
CUS006838,Simran Singh,Lucknow,Maharashtra,2025-11-17,Retail
CUS006839,Vikram Patel,Kolkata,Telangana,2026-01-02,Retail
CUS006840,Aarav Singh,Hyderabad,Tamil Nadu,2024-03-18,Enterprise
CUS006841,Nikhil Verma,Jaipur,Gujarat,2023-11-06,Enterprise
CUS006842,Vikram Singh,Kolkata,Telangana,2023-07-24,Enterprise
CUS006843,Sneha Mehta,Ahmedabad,Maharashtra,2024-06-25,Retail
CUS006844,Priya Mehta,Ahmedabad,Maharashtra,2023-08-22,Business
CUS006845,Neha Patel,Delhi,Maharashtra,2025-02-17,Retail
CUS006846,Pooja Sharma,Bengaluru,Gujarat,2024-11-24,Enterprise
CUS006847,Ananya Kapoor,Delhi,Tamil Nadu,2022-09-29,Enterprise
CUS006848,Simran Verma,Pune,Telangana,2023-03-19,Enterprise
CUS006849,Priya Gupta,Mumbai,Gujarat,2022-02-07,Retail
CUS006850,Sneha Malhotra,Chennai,West Bengal,2024-06-22,Business
CUS006851,Rahul Mehta,Ahmedabad,Rajasthan,2023-08-17,Enterprise
CUS006852,Vivaan Singh,Mumbai,Gujarat,2023-02-07,Business
CUS006853,Vikram Kapoor,Mumbai,West Bengal,2023-10-08,Retail
CUS006854,Neha Kapoor,Mumbai,Karnataka,2023-11-24,Retail
CUS006855,Vikram Mehta,Hyderabad,Delhi,2025-06-02,Enterprise
CUS006856,Priya Malhotra,Bengaluru,Maharashtra,2023-03-05,Enterprise
CUS006857,Meera Singh,Lucknow,Tamil Nadu,2022-10-05,Enterprise
CUS006858,Sneha Sharma,Jaipur,Rajasthan,2023-12-10,Retail
CUS006859,Rohan Malhotra,Jaipur,West Bengal,2023-04-30,Business
CUS006860,Aarav Patel,Mumbai,Telangana,2025-06-22,Enterprise
CUS006861,Vikram Verma,Kolkata,Tamil Nadu,2023-07-12,Enterprise
CUS006862,Vikram Singh,Kolkata,West Bengal,2022-03-17,Business
CUS006863,Simran Malhotra,Pune,Uttar Pradesh,2024-05-04,Business
CUS006864,Pooja Patel,Lucknow,Telangana,2024-01-17,Business
CUS006865,Kavya Malhotra,Kolkata,West Bengal,2023-04-23,Enterprise
CUS006866,Sneha Patel,Pune,Karnataka,2025-11-08,Business
CUS006867,Aarav Gupta,Kolkata,Karnataka,2024-04-02,Enterprise
CUS006868,Simran Patel,Pune,Rajasthan,2022-02-11,Business
CUS006869,Arjun Joshi,Chennai,Gujarat,2025-07-03,Enterprise
CUS006870,Neha Singh,Pune,West Bengal,2026-01-01,Retail
CUS006871,Arjun Kapoor,Jaipur,West Bengal,2025-09-17,Business
CUS006872,Aditya Mehta,Lucknow,Uttar Pradesh,2022-07-26,Business
CUS006873,Kavya Kapoor,Kolkata,Delhi,2023-04-20,Business
CUS006874,Priya Verma,Mumbai,Maharashtra,2022-03-07,Business
CUS006875,Pooja Gupta,Kolkata,Rajasthan,2026-01-02,Business
CUS006876,Karan Patel,Delhi,Gujarat,2023-11-03,Business
CUS006877,Rohan Kapoor,Mumbai,Rajasthan,2022-10-22,Enterprise
CUS006878,Arjun Jain,Kolkata,Rajasthan,2025-07-01,Enterprise
CUS006879,Pooja Kapoor,Chennai,Delhi,2023-06-13,Enterprise
CUS006880,Simran Patel,Lucknow,Gujarat,2022-02-22,Enterprise
CUS006881,Nikhil Verma,Mumbai,Tamil Nadu,2025-10-19,Enterprise
CUS006882,Kavya Gupta,Bengaluru,West Bengal,2025-12-31,Retail
CUS006883,Vivaan Verma,Bengaluru,West Bengal,2024-05-02,Retail
CUS006884,Arjun Kapoor,Chennai,Tamil Nadu,2025-03-04,Business
CUS006885,Vikram Sharma,Kolkata,Maharashtra,2024-06-10,Enterprise
CUS006886,Neha Verma,Jaipur,Maharashtra,2023-07-09,Enterprise
CUS006887,Ishita Sharma,Pune,Maharashtra,2023-07-11,Retail
CUS006888,Karan Gupta,Ahmedabad,Maharashtra,2022-11-02,Retail
CUS006889,Arjun Sharma,Ahmedabad,Telangana,2022-03-24,Business
CUS006890,Amit Joshi,Delhi,Uttar Pradesh,2024-04-21,Enterprise
CUS006891,Rohan Jain,Jaipur,Rajasthan,2025-09-17,Business
CUS006892,Ishita Jain,Kolkata,Karnataka,2023-07-02,Business
CUS006893,Simran Joshi,Lucknow,Uttar Pradesh,2022-11-02,Business
CUS006894,Arjun Malhotra,Kolkata,Karnataka,2024-04-21,Business
CUS006895,Kavya Verma,Kolkata,Tamil Nadu,2024-11-07,Business
CUS006896,Pooja Singh,Kolkata,Maharashtra,2022-05-03,Enterprise
CUS006897,Kavya Singh,Lucknow,Delhi,2023-12-28,Enterprise
CUS006898,Simran Sharma,Ahmedabad,West Bengal,2024-07-30,Retail
CUS006899,Pooja Gupta,Bengaluru,Gujarat,2022-01-05,Enterprise
CUS006900,Arjun Joshi,Hyderabad,Karnataka,2025-12-05,Retail
CUS006901,Neha Sharma,Delhi,Tamil Nadu,2024-02-12,Retail
CUS006902,Vivaan Verma,Mumbai,Karnataka,2022-07-23,Business
CUS006903,Sneha Joshi,Kolkata,Tamil Nadu,2022-10-30,Business
CUS006904,Aarav Joshi,Mumbai,Delhi,2024-07-06,Enterprise
CUS006905,Karan Patel,Kolkata,Gujarat,2023-03-13,Enterprise
CUS006906,Kavya Sharma,Ahmedabad,Telangana,2023-01-01,Enterprise
CUS006907,Karan Jain,Lucknow,Uttar Pradesh,2022-02-18,Enterprise
CUS006908,Ishita Singh,Jaipur,Rajasthan,2025-07-12,Retail
CUS006909,Vikram Mehta,Kolkata,Gujarat,2022-10-05,Retail
CUS006910,Karan Sharma,Delhi,Tamil Nadu,2023-10-01,Retail
CUS006911,Aditya Mehta,Bengaluru,Uttar Pradesh,2022-05-17,Business
CUS006912,Nikhil Verma,Ahmedabad,Telangana,2024-09-15,Retail
CUS006913,Kavya Mehta,Pune,Telangana,2024-02-26,Business
CUS006914,Nikhil Jain,Pune,Karnataka,2024-06-11,Enterprise
CUS006915,Aarav Mehta,Mumbai,Tamil Nadu,2025-12-25,Enterprise
CUS006916,Meera Sharma,Delhi,Gujarat,2022-05-13,Retail
CUS006917,Neha Sharma,Lucknow,West Bengal,2023-04-09,Retail
CUS006918,Rahul Jain,Pune,Gujarat,2024-02-26,Business
CUS006919,Aisha Mehta,Chennai,Telangana,2025-09-05,Retail
CUS006920,Kavya Singh,Delhi,Telangana,2022-11-18,Enterprise
CUS006921,Arjun Mehta,Lucknow,Telangana,2023-03-30,Business
CUS006922,Priya Jain,Jaipur,Gujarat,2022-05-31,Business
CUS006923,Pooja Sharma,Chennai,Rajasthan,2022-05-19,Retail
CUS006924,Nikhil Sharma,Chennai,West Bengal,2023-04-05,Retail
CUS006925,Arjun Singh,Ahmedabad,West Bengal,2025-02-16,Enterprise
CUS006926,Pooja Mehta,Hyderabad,Tamil Nadu,2023-11-12,Business
CUS006927,Rahul Mehta,Mumbai,Tamil Nadu,2022-09-02,Retail
CUS006928,Karan Sharma,Chennai,Tamil Nadu,2024-10-16,Retail
CUS006929,Meera Jain,Lucknow,Tamil Nadu,2022-03-15,Enterprise
CUS006930,Sneha Kapoor,Kolkata,Telangana,2023-08-16,Retail
CUS006931,Rahul Singh,Chennai,Uttar Pradesh,2025-04-08,Enterprise
CUS006932,Pooja Malhotra,Ahmedabad,Delhi,2023-10-14,Enterprise
CUS006933,Sneha Malhotra,Delhi,Gujarat,2023-05-20,Business
CUS006934,Aisha Sharma,Pune,Gujarat,2025-08-20,Retail
CUS006935,Kavya Gupta,Mumbai,Tamil Nadu,2022-06-28,Business
CUS006936,Simran Joshi,Chennai,Maharashtra,2025-04-13,Retail
CUS006937,Vikram Kapoor,Hyderabad,Uttar Pradesh,2023-11-17,Retail
CUS006938,Aditya Jain,Kolkata,Karnataka,2023-07-02,Business
CUS006939,Kavya Kapoor,Pune,Maharashtra,2025-07-02,Business
CUS006940,Aisha Jain,Mumbai,Karnataka,2023-07-05,Business
CUS006941,Aditya Mehta,Hyderabad,Gujarat,2022-06-07,Business
CUS006942,Rahul Mehta,Chennai,Karnataka,2022-11-06,Retail
CUS006943,Rahul Verma,Kolkata,Maharashtra,2025-10-17,Enterprise
CUS006944,Arjun Sharma,Mumbai,Telangana,2024-12-17,Enterprise
CUS006945,Arjun Jain,Lucknow,West Bengal,2022-05-29,Enterprise
CUS006946,Pooja Kapoor,Hyderabad,Maharashtra,2025-02-11,Enterprise
CUS006947,Neha Singh,Kolkata,Telangana,2025-02-08,Enterprise
CUS006948,Arjun Jain,Ahmedabad,Rajasthan,2022-08-14,Business
CUS006949,Amit Singh,Pune,Maharashtra,2024-12-03,Retail
CUS006950,Kavya Kapoor,Jaipur,Uttar Pradesh,2025-05-30,Retail
CUS006951,Kavya Kapoor,Pune,Rajasthan,2022-09-05,Business
CUS006952,Aarav Singh,Bengaluru,Telangana,2025-12-29,Retail
CUS006953,Kavya Sharma,Jaipur,Maharashtra,2025-11-24,Enterprise
CUS006954,Vivaan Gupta,Ahmedabad,Karnataka,2023-11-30,Enterprise
CUS006955,Nikhil Mehta,Lucknow,Uttar Pradesh,2022-03-19,Enterprise
CUS006956,Rohan Patel,Bengaluru,Maharashtra,2022-07-19,Business
CUS006957,Aisha Malhotra,Hyderabad,Gujarat,2022-02-15,Retail
CUS006958,Aditya Jain,Hyderabad,Gujarat,2024-07-06,Business
CUS006959,Neha Jain,Jaipur,Maharashtra,2022-11-02,Enterprise
CUS006960,Meera Malhotra,Jaipur,Karnataka,2024-03-23,Retail
CUS006961,Vivaan Joshi,Hyderabad,Uttar Pradesh,2024-11-08,Enterprise
CUS006962,Neha Malhotra,Chennai,Uttar Pradesh,2022-06-03,Retail
CUS006963,Sneha Sharma,Lucknow,Delhi,2022-01-01,Retail
CUS006964,Priya Patel,Hyderabad,Gujarat,2024-01-27,Business
CUS006965,Meera Joshi,Mumbai,Gujarat,2024-03-11,Business
CUS006966,Vikram Kapoor,Mumbai,Karnataka,2022-02-16,Business
CUS006967,Simran Malhotra,Chennai,Maharashtra,2023-09-13,Retail
CUS006968,Nikhil Malhotra,Ahmedabad,Telangana,2025-08-22,Retail
CUS006969,Sneha Verma,Chennai,Maharashtra,2024-12-18,Business
CUS006970,Rahul Malhotra,Chennai,Karnataka,2022-09-24,Retail
CUS006971,Priya Sharma,Kolkata,Delhi,2023-07-10,Enterprise
CUS006972,Pooja Joshi,Ahmedabad,Telangana,2022-07-12,Retail
CUS006973,Aisha Patel,Bengaluru,Uttar Pradesh,2024-01-16,Business
CUS006974,Vikram Verma,Chennai,Rajasthan,2024-03-23,Retail
CUS006975,Nikhil Sharma,Chennai,Rajasthan,2023-02-14,Enterprise
CUS006976,Priya Verma,Pune,Rajasthan,2023-03-26,Business
CUS006977,Neha Verma,Delhi,West Bengal,2024-11-20,Enterprise
CUS006978,Meera Malhotra,Jaipur,Rajasthan,2022-09-13,Enterprise
CUS006979,Rohan Sharma,Ahmedabad,Uttar Pradesh,2024-02-24,Business
CUS006980,Sneha Malhotra,Bengaluru,Delhi,2024-01-29,Enterprise
CUS006981,Amit Mehta,Delhi,West Bengal,2024-06-11,Enterprise
CUS006982,Rohan Jain,Bengaluru,Gujarat,2025-01-08,Retail
CUS006983,Aditya Jain,Kolkata,Tamil Nadu,2023-04-18,Business
CUS006984,Arjun Kapoor,Bengaluru,Uttar Pradesh,2025-05-28,Enterprise
CUS006985,Meera Gupta,Kolkata,Rajasthan,2022-03-09,Retail
CUS006986,Rahul Kapoor,Pune,Maharashtra,2024-07-19,Business
CUS006987,Aditya Sharma,Ahmedabad,Delhi,2025-03-01,Business
CUS006988,Meera Sharma,Delhi,Gujarat,2025-09-14,Enterprise
CUS006989,Ishita Verma,Kolkata,Karnataka,2024-01-18,Enterprise
CUS006990,Ananya Verma,Mumbai,Telangana,2025-11-27,Retail
CUS006991,Amit Patel,Pune,Karnataka,2023-01-17,Retail
CUS006992,Arjun Kapoor,Ahmedabad,Gujarat,2024-08-17,Enterprise
CUS006993,Vivaan Mehta,Ahmedabad,West Bengal,2023-06-11,Business
CUS006994,Vikram Jain,Pune,Maharashtra,2022-06-12,Enterprise
CUS006995,Vivaan Verma,Pune,Rajasthan,2023-04-17,Enterprise
CUS006996,Neha Singh,Kolkata,Rajasthan,2022-12-22,Business
CUS006997,Aarav Patel,Jaipur,West Bengal,2024-08-18,Enterprise
CUS006998,Vikram Malhotra,Chennai,Karnataka,2023-01-21,Enterprise
CUS006999,Ishita Jain,Delhi,Tamil Nadu,2023-03-10,Enterprise
CUS007000,Priya Malhotra,Delhi,Delhi,2023-06-25,Retail
CUS007001,Meera Joshi,Kolkata,West Bengal,2023-01-07,Business
CUS007002,Karan Verma,Chennai,West Bengal,2025-10-13,Business
CUS007003,Vivaan Jain,Mumbai,Rajasthan,2024-12-12,Business
CUS007004,Rohan Patel,Mumbai,Telangana,2024-12-13,Business
CUS007005,Aisha Sharma,Bengaluru,Gujarat,2023-01-24,Enterprise
CUS007006,Priya Malhotra,Ahmedabad,Rajasthan,2024-09-28,Enterprise
CUS007007,Nikhil Verma,Delhi,Maharashtra,2025-09-28,Business
CUS007008,Karan Gupta,Lucknow,Rajasthan,2023-05-21,Business
CUS007009,Nikhil Malhotra,Hyderabad,West Bengal,2024-08-30,Retail
CUS007010,Sneha Malhotra,Bengaluru,Uttar Pradesh,2022-12-30,Enterprise
CUS007011,Kavya Singh,Delhi,Maharashtra,2022-11-04,Business
CUS007012,Ishita Mehta,Mumbai,Gujarat,2025-12-30,Enterprise
CUS007013,Vikram Malhotra,Hyderabad,Gujarat,2024-06-30,Enterprise
CUS007014,Karan Kapoor,Mumbai,Rajasthan,2025-03-12,Enterprise
CUS007015,Aisha Singh,Ahmedabad,Maharashtra,2023-04-06,Enterprise
CUS007016,Kavya Malhotra,Hyderabad,Tamil Nadu,2025-04-14,Retail
CUS007017,Aditya Patel,Jaipur,Tamil Nadu,2024-06-16,Retail
CUS007018,Priya Gupta,Pune,Maharashtra,2025-06-21,Business
CUS007019,Karan Singh,Kolkata,West Bengal,2025-03-15,Business
CUS007020,Rahul Mehta,Bengaluru,Rajasthan,2025-04-09,Business
CUS007021,Meera Verma,Lucknow,Uttar Pradesh,2024-10-07,Enterprise
CUS007022,Karan Malhotra,Mumbai,West Bengal,2025-02-08,Enterprise
CUS007023,Rahul Jain,Pune,Maharashtra,2025-01-31,Enterprise
CUS007024,Arjun Sharma,Pune,Maharashtra,2023-06-08,Retail
CUS007025,Nikhil Mehta,Ahmedabad,Uttar Pradesh,2022-04-29,Business
CUS007026,Rohan Gupta,Mumbai,Tamil Nadu,2024-09-27,Business
CUS007027,Simran Gupta,Mumbai,Telangana,2025-04-08,Retail
CUS007028,Simran Mehta,Kolkata,Maharashtra,2025-07-19,Enterprise
CUS007029,Aarav Kapoor,Pune,Maharashtra,2025-12-31,Business
CUS007030,Meera Kapoor,Kolkata,Delhi,2023-07-13,Retail
CUS007031,Rohan Joshi,Hyderabad,Uttar Pradesh,2024-03-18,Business
CUS007032,Meera Jain,Lucknow,Telangana,2024-11-23,Retail
CUS007033,Vivaan Gupta,Mumbai,West Bengal,2022-09-12,Enterprise
CUS007034,Karan Jain,Chennai,Maharashtra,2023-01-04,Enterprise
CUS007035,Ananya Verma,Bengaluru,Karnataka,2023-11-02,Retail
CUS007036,Aisha Joshi,Chennai,West Bengal,2025-10-24,Business
CUS007037,Vikram Joshi,Bengaluru,Telangana,2026-01-19,Retail
CUS007038,Sneha Gupta,Jaipur,West Bengal,2023-10-23,Retail
CUS007039,Ananya Patel,Pune,Telangana,2025-12-22,Enterprise
CUS007040,Simran Joshi,Lucknow,Maharashtra,2023-06-10,Retail
CUS007041,Vikram Joshi,Mumbai,Delhi,2024-11-10,Retail
CUS007042,Aisha Patel,Lucknow,Uttar Pradesh,2022-03-14,Business
CUS007043,Neha Mehta,Ahmedabad,Gujarat,2025-05-22,Business
CUS007044,Neha Joshi,Delhi,Maharashtra,2024-07-29,Retail
CUS007045,Rohan Verma,Bengaluru,Tamil Nadu,2024-03-09,Business
CUS007046,Nikhil Singh,Pune,Karnataka,2022-11-11,Business
CUS007047,Ananya Mehta,Lucknow,Tamil Nadu,2026-01-04,Retail
CUS007048,Meera Gupta,Jaipur,West Bengal,2026-01-30,Enterprise
CUS007049,Sneha Joshi,Bengaluru,Tamil Nadu,2026-02-02,Retail
CUS007050,Vikram Kapoor,Mumbai,Maharashtra,2025-09-16,Business
CUS007051,Rohan Kapoor,Bengaluru,Uttar Pradesh,2023-09-02,Business
CUS007052,Sneha Verma,Ahmedabad,Maharashtra,2023-01-11,Enterprise
CUS007053,Sneha Patel,Hyderabad,Uttar Pradesh,2025-11-29,Enterprise
CUS007054,Amit Singh,Ahmedabad,Karnataka,2022-08-08,Enterprise
CUS007055,Sneha Jain,Kolkata,Tamil Nadu,2024-03-18,Enterprise
CUS007056,Ishita Verma,Bengaluru,Uttar Pradesh,2022-03-20,Enterprise
CUS007057,Kavya Patel,Lucknow,Tamil Nadu,2024-03-16,Business
CUS007058,Ananya Sharma,Pune,Gujarat,2023-02-16,Business
CUS007059,Rahul Patel,Pune,Tamil Nadu,2025-10-22,Retail
CUS007060,Sneha Verma,Pune,West Bengal,2024-11-11,Business
CUS007061,Vivaan Verma,Jaipur,Maharashtra,2022-07-05,Retail
CUS007062,Meera Singh,Kolkata,Karnataka,2025-05-22,Business
CUS007063,Meera Jain,Kolkata,Delhi,2025-05-04,Business
CUS007064,Simran Kapoor,Ahmedabad,West Bengal,2024-08-01,Business
CUS007065,Vivaan Gupta,Chennai,Telangana,2024-11-24,Enterprise
CUS007066,Simran Sharma,Kolkata,Maharashtra,2023-01-09,Enterprise
CUS007067,Simran Malhotra,Ahmedabad,Uttar Pradesh,2025-05-16,Retail
CUS007068,Kavya Verma,Jaipur,Delhi,2024-09-06,Retail
CUS007069,Vivaan Jain,Lucknow,Karnataka,2023-03-21,Enterprise
CUS007070,Arjun Singh,Delhi,Gujarat,2024-11-09,Enterprise
CUS007071,Ananya Joshi,Hyderabad,Gujarat,2022-02-10,Retail
CUS007072,Aditya Singh,Ahmedabad,Rajasthan,2025-01-02,Business
CUS007073,Aditya Gupta,Kolkata,West Bengal,2022-06-21,Enterprise
CUS007074,Rahul Malhotra,Mumbai,Rajasthan,2023-06-29,Retail
CUS007075,Meera Patel,Lucknow,Tamil Nadu,2024-04-27,Retail
CUS007076,Vikram Mehta,Chennai,Tamil Nadu,2025-02-16,Enterprise
CUS007077,Rohan Jain,Bengaluru,Tamil Nadu,2024-01-11,Retail
CUS007078,Pooja Gupta,Jaipur,West Bengal,2025-09-30,Retail
CUS007079,Aisha Singh,Pune,Delhi,2022-10-30,Enterprise
CUS007080,Rohan Malhotra,Bengaluru,Karnataka,2024-01-01,Retail
CUS007081,Pooja Joshi,Jaipur,Uttar Pradesh,2024-10-16,Retail
CUS007082,Meera Singh,Chennai,Uttar Pradesh,2025-08-21,Business
CUS007083,Ishita Joshi,Delhi,Gujarat,2024-12-13,Enterprise
CUS007084,Ishita Joshi,Hyderabad,Gujarat,2023-07-22,Enterprise
CUS007085,Meera Gupta,Pune,West Bengal,2025-11-02,Retail
CUS007086,Nikhil Singh,Mumbai,Maharashtra,2022-09-09,Enterprise
CUS007087,Meera Sharma,Jaipur,Rajasthan,2022-04-11,Enterprise
CUS007088,Vikram Gupta,Ahmedabad,Telangana,2023-12-20,Retail
CUS007089,Kavya Kapoor,Mumbai,Maharashtra,2023-10-18,Enterprise
CUS007090,Aarav Patel,Pune,Rajasthan,2025-08-07,Enterprise
CUS007091,Aisha Joshi,Lucknow,West Bengal,2023-06-17,Business
CUS007092,Vikram Mehta,Mumbai,Uttar Pradesh,2023-03-11,Business
CUS007093,Pooja Kapoor,Ahmedabad,Gujarat,2023-02-02,Business
CUS007094,Ishita Mehta,Chennai,Karnataka,2023-03-26,Retail
CUS007095,Ishita Joshi,Kolkata,Telangana,2025-03-21,Business
CUS007096,Priya Singh,Kolkata,Uttar Pradesh,2022-10-30,Retail
CUS007097,Aisha Jain,Jaipur,Maharashtra,2025-06-15,Retail
CUS007098,Meera Sharma,Delhi,Karnataka,2024-09-20,Business
CUS007099,Ananya Kapoor,Kolkata,Karnataka,2023-08-14,Business
CUS007100,Vivaan Gupta,Delhi,Maharashtra,2025-05-14,Business
CUS007101,Aarav Gupta,Pune,Telangana,2024-08-27,Retail
CUS007102,Aisha Sharma,Lucknow,West Bengal,2025-08-06,Enterprise
CUS007103,Aisha Jain,Lucknow,Maharashtra,2023-07-07,Business
CUS007104,Simran Joshi,Kolkata,Karnataka,2024-04-19,Business
CUS007105,Aarav Malhotra,Jaipur,Tamil Nadu,2025-04-04,Retail
CUS007106,Amit Kapoor,Mumbai,West Bengal,2023-09-03,Business
CUS007107,Priya Mehta,Ahmedabad,Tamil Nadu,2023-02-24,Enterprise
CUS007108,Karan Kapoor,Jaipur,Tamil Nadu,2024-12-09,Business
CUS007109,Ishita Kapoor,Lucknow,Tamil Nadu,2025-09-02,Business
CUS007110,Karan Patel,Bengaluru,Maharashtra,2025-07-17,Enterprise
CUS007111,Pooja Verma,Hyderabad,Telangana,2026-01-20,Enterprise
CUS007112,Sneha Patel,Ahmedabad,Karnataka,2025-03-02,Business
CUS007113,Rohan Gupta,Kolkata,Telangana,2024-09-04,Business
CUS007114,Vikram Verma,Bengaluru,West Bengal,2025-08-04,Retail
CUS007115,Aditya Jain,Bengaluru,Rajasthan,2023-07-16,Enterprise
CUS007116,Karan Joshi,Chennai,Gujarat,2022-05-29,Enterprise
CUS007117,Aditya Kapoor,Lucknow,Rajasthan,2024-08-18,Business
CUS007118,Meera Joshi,Lucknow,Rajasthan,2023-03-29,Retail
CUS007119,Rohan Malhotra,Pune,Maharashtra,2022-05-03,Business
CUS007120,Simran Sharma,Chennai,Telangana,2023-12-20,Enterprise
CUS007121,Arjun Joshi,Bengaluru,Gujarat,2023-10-22,Enterprise
CUS007122,Meera Verma,Pune,Tamil Nadu,2026-02-02,Enterprise
CUS007123,Aditya Malhotra,Bengaluru,Telangana,2023-09-13,Retail
CUS007124,Ishita Mehta,Delhi,West Bengal,2022-07-31,Retail
CUS007125,Ananya Malhotra,Bengaluru,Karnataka,2022-04-24,Business
CUS007126,Kavya Singh,Bengaluru,Tamil Nadu,2023-02-03,Enterprise
CUS007127,Meera Malhotra,Kolkata,Tamil Nadu,2025-04-13,Enterprise
CUS007128,Pooja Sharma,Lucknow,Gujarat,2022-11-17,Enterprise
CUS007129,Rohan Patel,Lucknow,Gujarat,2022-01-01,Enterprise
CUS007130,Vikram Kapoor,Kolkata,Tamil Nadu,2025-07-20,Business
CUS007131,Nikhil Kapoor,Delhi,West Bengal,2023-01-25,Business
CUS007132,Aisha Singh,Pune,Uttar Pradesh,2024-08-18,Business
CUS007133,Priya Malhotra,Jaipur,Karnataka,2024-06-14,Business
CUS007134,Aisha Sharma,Lucknow,West Bengal,2025-09-08,Enterprise
CUS007135,Vikram Kapoor,Chennai,Tamil Nadu,2022-01-23,Retail
CUS007136,Ishita Verma,Chennai,Maharashtra,2024-06-27,Enterprise
CUS007137,Rahul Malhotra,Ahmedabad,Delhi,2025-06-02,Enterprise
CUS007138,Aarav Patel,Pune,West Bengal,2025-06-07,Retail
CUS007139,Rohan Jain,Ahmedabad,Tamil Nadu,2022-10-30,Business
CUS007140,Nikhil Jain,Chennai,Telangana,2024-03-01,Retail
CUS007141,Aarav Gupta,Lucknow,Telangana,2025-10-05,Retail
CUS007142,Meera Mehta,Kolkata,Maharashtra,2022-05-19,Business
CUS007143,Karan Gupta,Bengaluru,Uttar Pradesh,2025-02-02,Enterprise
CUS007144,Karan Jain,Hyderabad,Tamil Nadu,2025-02-07,Retail
CUS007145,Simran Kapoor,Kolkata,Maharashtra,2024-11-02,Enterprise
CUS007146,Nikhil Verma,Pune,West Bengal,2023-11-06,Enterprise
CUS007147,Kavya Singh,Jaipur,Maharashtra,2024-01-17,Retail
CUS007148,Sneha Gupta,Lucknow,West Bengal,2022-10-18,Business
CUS007149,Nikhil Singh,Lucknow,Tamil Nadu,2022-03-10,Business
CUS007150,Aarav Gupta,Mumbai,Karnataka,2022-04-04,Business
CUS007151,Amit Mehta,Kolkata,Delhi,2022-05-13,Retail
CUS007152,Pooja Patel,Chennai,Gujarat,2025-01-26,Retail
CUS007153,Pooja Joshi,Pune,Delhi,2024-09-17,Enterprise
CUS007154,Kavya Singh,Kolkata,Uttar Pradesh,2025-02-14,Retail
CUS007155,Arjun Verma,Lucknow,Delhi,2023-09-28,Retail
CUS007156,Priya Joshi,Mumbai,West Bengal,2023-05-10,Retail
CUS007157,Aisha Singh,Lucknow,Maharashtra,2024-12-19,Business
CUS007158,Nikhil Singh,Pune,Gujarat,2025-02-19,Business
CUS007159,Nikhil Singh,Ahmedabad,Rajasthan,2022-09-11,Business
CUS007160,Karan Jain,Bengaluru,Rajasthan,2024-03-19,Business
CUS007161,Kavya Mehta,Pune,Gujarat,2024-08-30,Business
CUS007162,Meera Gupta,Lucknow,Tamil Nadu,2024-07-08,Retail
CUS007163,Kavya Verma,Mumbai,Maharashtra,2023-10-15,Enterprise
CUS007164,Karan Joshi,Delhi,Tamil Nadu,2022-01-25,Business
CUS007165,Vivaan Jain,Chennai,Rajasthan,2025-08-26,Enterprise
CUS007166,Nikhil Kapoor,Mumbai,Maharashtra,2025-07-10,Enterprise
CUS007167,Kavya Gupta,Jaipur,West Bengal,2022-11-06,Retail
CUS007168,Kavya Joshi,Jaipur,Telangana,2024-01-07,Business
CUS007169,Rahul Sharma,Jaipur,Maharashtra,2022-11-10,Business
CUS007170,Arjun Sharma,Hyderabad,Maharashtra,2024-01-28,Retail
CUS007171,Karan Verma,Lucknow,Karnataka,2022-08-28,Business
CUS007172,Sneha Sharma,Jaipur,Maharashtra,2024-05-26,Enterprise
CUS007173,Arjun Patel,Chennai,Tamil Nadu,2025-07-13,Business
CUS007174,Aisha Patel,Bengaluru,Telangana,2022-02-04,Enterprise
CUS007175,Neha Joshi,Chennai,Maharashtra,2022-03-28,Retail
CUS007176,Ishita Gupta,Jaipur,Telangana,2022-03-11,Enterprise
CUS007177,Pooja Malhotra,Delhi,Delhi,2025-07-06,Business
CUS007178,Aarav Mehta,Lucknow,Uttar Pradesh,2025-10-28,Retail
CUS007179,Sneha Verma,Lucknow,Telangana,2025-07-01,Retail
CUS007180,Kavya Mehta,Chennai,Rajasthan,2022-03-25,Enterprise
CUS007181,Priya Mehta,Bengaluru,Rajasthan,2023-03-22,Business
CUS007182,Ishita Joshi,Delhi,Delhi,2023-09-16,Business
CUS007183,Kavya Kapoor,Mumbai,West Bengal,2022-03-20,Enterprise
CUS007184,Priya Singh,Chennai,Maharashtra,2023-08-31,Enterprise
CUS007185,Rohan Verma,Hyderabad,Uttar Pradesh,2025-07-15,Enterprise
CUS007186,Aisha Mehta,Bengaluru,Uttar Pradesh,2022-03-14,Retail
CUS007187,Vivaan Verma,Chennai,Karnataka,2025-04-26,Enterprise
CUS007188,Pooja Sharma,Hyderabad,Rajasthan,2025-01-18,Enterprise
CUS007189,Aisha Joshi,Delhi,Tamil Nadu,2022-08-02,Business
CUS007190,Aarav Malhotra,Ahmedabad,Maharashtra,2024-06-15,Retail
CUS007191,Simran Malhotra,Jaipur,West Bengal,2023-03-08,Retail
CUS007192,Vikram Sharma,Lucknow,Rajasthan,2022-08-25,Business
CUS007193,Aisha Kapoor,Jaipur,Maharashtra,2023-04-02,Retail
CUS007194,Priya Kapoor,Hyderabad,Gujarat,2025-05-19,Retail
CUS007195,Rohan Kapoor,Mumbai,Tamil Nadu,2022-04-22,Retail
CUS007196,Sneha Verma,Chennai,Telangana,2024-04-17,Business
CUS007197,Rahul Gupta,Kolkata,Karnataka,2022-08-17,Retail
CUS007198,Meera Singh,Ahmedabad,Maharashtra,2022-09-18,Business
CUS007199,Sneha Malhotra,Jaipur,West Bengal,2024-03-19,Retail
CUS007200,Rohan Malhotra,Chennai,West Bengal,2025-08-01,Enterprise
CUS007201,Ishita Joshi,Hyderabad,Tamil Nadu,2022-03-18,Enterprise
CUS007202,Vivaan Malhotra,Jaipur,Uttar Pradesh,2024-07-13,Retail
CUS007203,Karan Singh,Bengaluru,Maharashtra,2023-11-21,Business
CUS007204,Arjun Mehta,Pune,Telangana,2022-12-20,Business
CUS007205,Aditya Verma,Hyderabad,West Bengal,2022-06-29,Business
CUS007206,Kavya Sharma,Hyderabad,Telangana,2022-08-03,Business
CUS007207,Rohan Mehta,Hyderabad,Telangana,2023-12-08,Enterprise
CUS007208,Nikhil Jain,Lucknow,Gujarat,2025-05-05,Business
CUS007209,Meera Verma,Mumbai,Uttar Pradesh,2022-08-23,Retail
CUS007210,Karan Kapoor,Pune,Telangana,2025-05-03,Enterprise
CUS007211,Vikram Mehta,Delhi,Maharashtra,2025-05-19,Retail
CUS007212,Pooja Singh,Kolkata,Karnataka,2025-05-01,Business
CUS007213,Kavya Jain,Hyderabad,Delhi,2024-08-31,Enterprise
CUS007214,Aisha Sharma,Kolkata,Telangana,2025-09-13,Enterprise
CUS007215,Arjun Verma,Ahmedabad,Telangana,2023-07-08,Retail
CUS007216,Rohan Mehta,Mumbai,Karnataka,2023-12-23,Retail
CUS007217,Ishita Jain,Chennai,Tamil Nadu,2023-12-01,Business
CUS007218,Aditya Kapoor,Bengaluru,Delhi,2024-05-31,Enterprise
CUS007219,Rahul Patel,Bengaluru,Rajasthan,2023-06-08,Retail
CUS007220,Meera Gupta,Mumbai,Maharashtra,2025-03-24,Enterprise
CUS007221,Meera Verma,Delhi,Tamil Nadu,2022-10-17,Business
CUS007222,Kavya Sharma,Chennai,Gujarat,2025-01-13,Enterprise
CUS007223,Vivaan Kapoor,Hyderabad,Rajasthan,2022-12-19,Enterprise
CUS007224,Aarav Joshi,Delhi,West Bengal,2022-05-28,Retail
CUS007225,Sneha Singh,Bengaluru,Telangana,2022-03-08,Enterprise
CUS007226,Rohan Malhotra,Bengaluru,West Bengal,2024-12-20,Retail
CUS007227,Priya Jain,Ahmedabad,West Bengal,2022-11-21,Business
CUS007228,Priya Singh,Delhi,Gujarat,2022-09-14,Business
CUS007229,Karan Mehta,Kolkata,Telangana,2024-06-08,Enterprise
CUS007230,Kavya Kapoor,Jaipur,Maharashtra,2025-04-04,Enterprise
CUS007231,Ishita Mehta,Jaipur,West Bengal,2025-08-04,Enterprise
CUS007232,Karan Verma,Lucknow,Delhi,2025-03-23,Business
CUS007233,Neha Malhotra,Lucknow,Karnataka,2022-05-30,Retail
CUS007234,Aisha Joshi,Chennai,West Bengal,2022-11-18,Enterprise
CUS007235,Sneha Mehta,Jaipur,Telangana,2025-12-23,Enterprise
CUS007236,Aarav Gupta,Bengaluru,Gujarat,2025-08-22,Business
CUS007237,Karan Kapoor,Bengaluru,Delhi,2022-03-07,Retail
CUS007238,Aditya Mehta,Mumbai,Karnataka,2022-08-08,Business
CUS007239,Karan Malhotra,Pune,Tamil Nadu,2023-05-14,Business
CUS007240,Vivaan Singh,Jaipur,Rajasthan,2023-03-30,Retail
CUS007241,Ananya Patel,Chennai,Maharashtra,2024-11-14,Retail
CUS007242,Arjun Mehta,Ahmedabad,Telangana,2025-01-12,Retail
CUS007243,Rohan Singh,Ahmedabad,Delhi,2025-01-06,Retail
CUS007244,Arjun Malhotra,Bengaluru,Rajasthan,2024-12-18,Enterprise
CUS007245,Amit Gupta,Bengaluru,Maharashtra,2022-08-14,Business
CUS007246,Neha Singh,Lucknow,West Bengal,2025-01-19,Retail
CUS007247,Meera Joshi,Bengaluru,Telangana,2022-06-27,Business
CUS007248,Simran Patel,Pune,Gujarat,2024-05-23,Retail
CUS007249,Nikhil Mehta,Delhi,Karnataka,2026-01-05,Business
CUS007250,Meera Sharma,Hyderabad,Gujarat,2022-03-19,Retail
CUS007251,Aisha Jain,Delhi,Telangana,2024-10-09,Enterprise
CUS007252,Amit Jain,Delhi,Tamil Nadu,2022-08-03,Enterprise
CUS007253,Pooja Jain,Ahmedabad,Maharashtra,2023-05-17,Business
CUS007254,Vivaan Mehta,Delhi,Maharashtra,2022-05-04,Enterprise
CUS007255,Ishita Sharma,Mumbai,Tamil Nadu,2024-09-10,Enterprise
CUS007256,Simran Joshi,Pune,Gujarat,2022-10-06,Enterprise
CUS007257,Amit Kapoor,Mumbai,Maharashtra,2025-03-01,Enterprise
CUS007258,Vikram Gupta,Delhi,Gujarat,2024-12-23,Business
CUS007259,Aisha Gupta,Pune,Rajasthan,2023-03-16,Business
CUS007260,Pooja Patel,Ahmedabad,Rajasthan,2025-10-11,Retail
CUS007261,Arjun Verma,Pune,West Bengal,2023-04-08,Business
CUS007262,Ananya Sharma,Jaipur,West Bengal,2022-06-19,Business
CUS007263,Ananya Malhotra,Pune,Karnataka,2025-06-21,Retail
CUS007264,Amit Jain,Pune,Maharashtra,2023-11-30,Enterprise
CUS007265,Sneha Jain,Ahmedabad,Maharashtra,2024-09-14,Retail
CUS007266,Rohan Verma,Kolkata,Telangana,2024-11-17,Business
CUS007267,Karan Malhotra,Jaipur,Rajasthan,2024-12-20,Enterprise
CUS007268,Rohan Patel,Bengaluru,Delhi,2024-08-03,Retail
CUS007269,Pooja Patel,Chennai,Delhi,2022-11-09,Enterprise
CUS007270,Ananya Jain,Delhi,Uttar Pradesh,2024-07-17,Enterprise
CUS007271,Rohan Gupta,Hyderabad,Maharashtra,2022-08-18,Business
CUS007272,Simran Singh,Jaipur,Telangana,2024-09-29,Business
CUS007273,Ishita Singh,Mumbai,Rajasthan,2025-01-04,Business
CUS007274,Ishita Gupta,Lucknow,Telangana,2024-07-19,Enterprise
CUS007275,Vivaan Sharma,Kolkata,Uttar Pradesh,2022-12-22,Enterprise
CUS007276,Neha Mehta,Bengaluru,Gujarat,2024-04-21,Enterprise
CUS007277,Nikhil Singh,Kolkata,Tamil Nadu,2024-01-07,Enterprise
CUS007278,Meera Sharma,Hyderabad,Tamil Nadu,2025-01-19,Retail
CUS007279,Pooja Joshi,Chennai,Maharashtra,2022-01-28,Enterprise
CUS007280,Vikram Joshi,Pune,Uttar Pradesh,2025-04-05,Retail
CUS007281,Ananya Patel,Kolkata,Delhi,2022-07-14,Enterprise
CUS007282,Aditya Singh,Chennai,Uttar Pradesh,2025-12-18,Enterprise
CUS007283,Aarav Verma,Bengaluru,Karnataka,2023-04-30,Retail
CUS007284,Meera Mehta,Lucknow,Gujarat,2023-06-26,Retail
CUS007285,Arjun Sharma,Mumbai,Telangana,2024-04-10,Retail
CUS007286,Aditya Malhotra,Bengaluru,Karnataka,2023-11-01,Retail
CUS007287,Aarav Mehta,Delhi,Delhi,2024-02-24,Retail
CUS007288,Simran Singh,Mumbai,Gujarat,2023-07-20,Retail
CUS007289,Sneha Mehta,Bengaluru,Karnataka,2022-08-28,Business
CUS007290,Arjun Verma,Pune,Rajasthan,2022-11-16,Retail
CUS007291,Arjun Sharma,Mumbai,West Bengal,2022-06-25,Enterprise
CUS007292,Karan Patel,Lucknow,Uttar Pradesh,2023-08-28,Business
CUS007293,Karan Verma,Pune,Tamil Nadu,2022-08-14,Enterprise
CUS007294,Simran Gupta,Pune,Rajasthan,2022-05-31,Enterprise
CUS007295,Aarav Sharma,Chennai,Gujarat,2024-06-22,Retail
CUS007296,Meera Jain,Ahmedabad,Karnataka,2024-01-18,Enterprise
CUS007297,Meera Patel,Kolkata,Gujarat,2023-05-04,Business
CUS007298,Rohan Verma,Mumbai,Karnataka,2025-08-28,Retail
CUS007299,Rahul Jain,Jaipur,Gujarat,2024-09-07,Retail
CUS007300,Vivaan Mehta,Ahmedabad,Tamil Nadu,2024-05-17,Retail
CUS007301,Rohan Verma,Lucknow,Delhi,2023-01-31,Business
CUS007302,Karan Joshi,Kolkata,Telangana,2022-06-16,Enterprise
CUS007303,Ishita Malhotra,Pune,Tamil Nadu,2024-08-22,Retail
CUS007304,Vikram Gupta,Bengaluru,Delhi,2022-09-21,Enterprise
CUS007305,Vikram Malhotra,Lucknow,West Bengal,2025-11-22,Enterprise
CUS007306,Meera Jain,Ahmedabad,Maharashtra,2023-10-09,Enterprise
CUS007307,Karan Kapoor,Lucknow,Rajasthan,2025-05-03,Enterprise
CUS007308,Arjun Mehta,Jaipur,Karnataka,2022-07-22,Business
CUS007309,Arjun Gupta,Mumbai,Maharashtra,2022-05-17,Business
CUS007310,Rohan Verma,Mumbai,Delhi,2023-08-23,Enterprise
CUS007311,Nikhil Verma,Chennai,Telangana,2024-05-02,Business
CUS007312,Ananya Patel,Bengaluru,West Bengal,2022-06-02,Enterprise
CUS007313,Vikram Verma,Mumbai,Uttar Pradesh,2022-01-02,Enterprise
CUS007314,Aisha Mehta,Lucknow,Tamil Nadu,2023-09-28,Business
CUS007315,Vivaan Kapoor,Chennai,West Bengal,2022-01-11,Retail
CUS007316,Neha Sharma,Mumbai,Maharashtra,2024-10-06,Business
CUS007317,Aditya Joshi,Pune,Gujarat,2022-08-02,Retail
CUS007318,Vivaan Patel,Mumbai,Delhi,2024-07-14,Retail
CUS007319,Pooja Singh,Mumbai,Rajasthan,2025-07-17,Enterprise
CUS007320,Aditya Joshi,Delhi,Maharashtra,2023-05-16,Business
CUS007321,Vikram Malhotra,Ahmedabad,Tamil Nadu,2024-05-14,Business
CUS007322,Aarav Sharma,Mumbai,Uttar Pradesh,2022-05-11,Enterprise
CUS007323,Kavya Verma,Delhi,Gujarat,2026-01-20,Retail
CUS007324,Karan Kapoor,Delhi,Telangana,2022-06-03,Retail
CUS007325,Aisha Verma,Bengaluru,Telangana,2025-11-11,Retail
CUS007326,Ishita Patel,Mumbai,Telangana,2024-08-26,Business
CUS007327,Ishita Mehta,Ahmedabad,Delhi,2023-07-17,Enterprise
CUS007328,Rahul Jain,Bengaluru,Maharashtra,2025-08-12,Business
CUS007329,Ishita Jain,Mumbai,Maharashtra,2024-05-15,Enterprise
CUS007330,Neha Mehta,Pune,Karnataka,2024-11-27,Enterprise
CUS007331,Meera Patel,Chennai,Uttar Pradesh,2022-11-01,Retail
CUS007332,Neha Mehta,Ahmedabad,Tamil Nadu,2022-10-28,Retail
CUS007333,Vikram Verma,Ahmedabad,Telangana,2023-10-28,Retail
CUS007334,Priya Patel,Ahmedabad,Telangana,2025-04-03,Business
CUS007335,Aarav Mehta,Pune,Tamil Nadu,2025-08-15,Business
CUS007336,Arjun Patel,Bengaluru,West Bengal,2025-08-30,Retail
CUS007337,Priya Verma,Ahmedabad,Karnataka,2025-07-19,Retail
CUS007338,Aarav Joshi,Jaipur,Uttar Pradesh,2025-11-01,Retail
CUS007339,Vikram Kapoor,Ahmedabad,Uttar Pradesh,2025-11-02,Enterprise
CUS007340,Kavya Joshi,Ahmedabad,Maharashtra,2022-08-17,Enterprise
CUS007341,Nikhil Singh,Pune,Telangana,2022-08-07,Enterprise
CUS007342,Kavya Verma,Hyderabad,West Bengal,2023-09-20,Business
CUS007343,Priya Singh,Hyderabad,Karnataka,2024-01-31,Enterprise
CUS007344,Amit Joshi,Bengaluru,Gujarat,2025-05-19,Business
CUS007345,Vivaan Patel,Ahmedabad,Rajasthan,2024-01-08,Retail
CUS007346,Meera Singh,Mumbai,West Bengal,2023-10-17,Retail
CUS007347,Neha Sharma,Lucknow,Karnataka,2024-08-28,Retail
CUS007348,Aditya Patel,Jaipur,Tamil Nadu,2025-06-26,Business
CUS007349,Pooja Malhotra,Kolkata,Telangana,2025-08-12,Retail
CUS007350,Amit Gupta,Delhi,Uttar Pradesh,2022-02-13,Business
CUS007351,Meera Sharma,Lucknow,Tamil Nadu,2024-09-16,Enterprise
CUS007352,Rahul Kapoor,Mumbai,Rajasthan,2023-07-01,Business
CUS007353,Rahul Mehta,Ahmedabad,Rajasthan,2022-04-12,Business
CUS007354,Ananya Malhotra,Lucknow,Delhi,2023-08-13,Retail
CUS007355,Aisha Patel,Mumbai,Uttar Pradesh,2023-12-11,Business
CUS007356,Vivaan Mehta,Delhi,West Bengal,2024-11-16,Enterprise
CUS007357,Amit Sharma,Jaipur,Rajasthan,2025-09-05,Retail
CUS007358,Sneha Kapoor,Bengaluru,Maharashtra,2022-09-09,Retail
CUS007359,Arjun Joshi,Lucknow,Tamil Nadu,2025-05-19,Retail
CUS007360,Pooja Jain,Delhi,Karnataka,2023-05-10,Retail
CUS007361,Rohan Gupta,Ahmedabad,West Bengal,2024-10-17,Retail
CUS007362,Meera Sharma,Bengaluru,Rajasthan,2023-12-06,Business
CUS007363,Arjun Mehta,Delhi,West Bengal,2025-12-03,Retail
CUS007364,Neha Patel,Bengaluru,Telangana,2022-12-24,Business
CUS007365,Vikram Singh,Delhi,Karnataka,2023-10-09,Enterprise
CUS007366,Vikram Singh,Kolkata,Telangana,2023-01-04,Retail
CUS007367,Ishita Jain,Pune,Uttar Pradesh,2023-06-02,Retail
CUS007368,Vivaan Joshi,Lucknow,Karnataka,2024-09-12,Business
CUS007369,Arjun Gupta,Jaipur,West Bengal,2022-05-15,Enterprise
CUS007370,Amit Verma,Delhi,Tamil Nadu,2022-04-14,Enterprise
CUS007371,Kavya Malhotra,Delhi,Tamil Nadu,2023-04-09,Enterprise
CUS007372,Aarav Malhotra,Chennai,Tamil Nadu,2025-11-12,Enterprise
CUS007373,Pooja Joshi,Kolkata,Uttar Pradesh,2025-12-17,Enterprise
CUS007374,Priya Mehta,Hyderabad,Delhi,2024-09-27,Retail
CUS007375,Karan Malhotra,Chennai,West Bengal,2022-11-02,Retail
CUS007376,Nikhil Patel,Ahmedabad,Maharashtra,2022-09-19,Enterprise
CUS007377,Rahul Patel,Bengaluru,Tamil Nadu,2022-08-01,Retail
CUS007378,Aditya Singh,Bengaluru,Maharashtra,2022-08-07,Retail
CUS007379,Vikram Gupta,Bengaluru,Tamil Nadu,2025-10-17,Retail
CUS007380,Rohan Verma,Ahmedabad,Uttar Pradesh,2023-07-26,Enterprise
CUS007381,Ishita Patel,Delhi,Karnataka,2022-10-13,Enterprise
CUS007382,Rahul Jain,Bengaluru,Delhi,2022-03-10,Enterprise
CUS007383,Vikram Singh,Jaipur,Tamil Nadu,2025-12-12,Business
CUS007384,Vivaan Malhotra,Hyderabad,Karnataka,2025-04-12,Retail
CUS007385,Priya Joshi,Pune,Rajasthan,2023-12-25,Enterprise
CUS007386,Karan Kapoor,Bengaluru,West Bengal,2025-06-19,Retail
CUS007387,Arjun Singh,Mumbai,Gujarat,2025-02-08,Retail
CUS007388,Rahul Mehta,Pune,Rajasthan,2022-01-14,Enterprise
CUS007389,Amit Singh,Kolkata,Maharashtra,2024-02-02,Retail
CUS007390,Amit Singh,Mumbai,West Bengal,2025-01-17,Business
CUS007391,Neha Malhotra,Jaipur,Rajasthan,2023-05-20,Enterprise
CUS007392,Aarav Singh,Kolkata,Telangana,2025-08-24,Business
CUS007393,Priya Kapoor,Mumbai,Maharashtra,2023-04-03,Retail
CUS007394,Karan Sharma,Hyderabad,Uttar Pradesh,2023-06-30,Business
CUS007395,Rohan Verma,Chennai,Tamil Nadu,2023-09-24,Retail
CUS007396,Karan Joshi,Pune,Maharashtra,2023-10-20,Retail
CUS007397,Meera Gupta,Jaipur,Rajasthan,2022-09-24,Retail
CUS007398,Neha Kapoor,Mumbai,Maharashtra,2024-11-12,Retail
CUS007399,Pooja Jain,Lucknow,Karnataka,2024-11-25,Business
CUS007400,Vivaan Jain,Jaipur,Telangana,2024-10-04,Business
CUS007401,Simran Kapoor,Delhi,Tamil Nadu,2024-11-21,Business
CUS007402,Meera Singh,Kolkata,Maharashtra,2024-01-31,Business
CUS007403,Ishita Patel,Chennai,Karnataka,2023-03-20,Enterprise
CUS007404,Vivaan Joshi,Pune,Gujarat,2024-04-21,Business
CUS007405,Vikram Sharma,Ahmedabad,Karnataka,2023-04-23,Retail
CUS007406,Arjun Malhotra,Mumbai,Gujarat,2025-11-28,Retail
CUS007407,Arjun Malhotra,Chennai,Tamil Nadu,2023-03-28,Retail
CUS007408,Amit Singh,Kolkata,Karnataka,2026-01-27,Retail
CUS007409,Ananya Verma,Pune,Karnataka,2024-09-25,Business
CUS007410,Amit Patel,Kolkata,Maharashtra,2023-03-17,Business
CUS007411,Simran Singh,Pune,Gujarat,2022-07-19,Enterprise
CUS007412,Simran Jain,Pune,Maharashtra,2023-08-11,Business
CUS007413,Nikhil Jain,Pune,West Bengal,2022-10-22,Retail
CUS007414,Sneha Jain,Hyderabad,West Bengal,2025-11-19,Business
CUS007415,Rahul Verma,Ahmedabad,Rajasthan,2023-07-07,Business
CUS007416,Priya Jain,Chennai,Tamil Nadu,2022-05-05,Business
CUS007417,Kavya Jain,Lucknow,Uttar Pradesh,2022-02-19,Business
CUS007418,Priya Mehta,Kolkata,Uttar Pradesh,2025-07-25,Retail
CUS007419,Rahul Sharma,Kolkata,Delhi,2026-01-31,Retail
CUS007420,Amit Gupta,Kolkata,Rajasthan,2025-09-16,Enterprise
CUS007421,Aarav Singh,Chennai,Tamil Nadu,2022-01-23,Enterprise
CUS007422,Arjun Malhotra,Lucknow,Gujarat,2025-01-10,Enterprise
CUS007423,Neha Verma,Chennai,Gujarat,2023-10-31,Enterprise
CUS007424,Karan Kapoor,Mumbai,West Bengal,2023-06-24,Business
CUS007425,Rohan Sharma,Chennai,Telangana,2022-04-24,Enterprise
CUS007426,Meera Patel,Chennai,Tamil Nadu,2024-05-09,Business
CUS007427,Neha Sharma,Lucknow,Delhi,2022-04-10,Retail
CUS007428,Sneha Joshi,Chennai,Uttar Pradesh,2025-05-07,Enterprise
CUS007429,Priya Sharma,Pune,Maharashtra,2023-04-04,Business
CUS007430,Aditya Verma,Pune,Tamil Nadu,2025-07-12,Enterprise
CUS007431,Vivaan Mehta,Kolkata,Maharashtra,2025-03-15,Retail
CUS007432,Neha Verma,Ahmedabad,Tamil Nadu,2023-09-26,Enterprise
CUS007433,Neha Sharma,Pune,Maharashtra,2022-03-24,Business
CUS007434,Vivaan Sharma,Hyderabad,Gujarat,2023-06-06,Business
CUS007435,Neha Malhotra,Kolkata,Gujarat,2024-12-18,Retail
CUS007436,Ishita Kapoor,Kolkata,Tamil Nadu,2022-12-15,Business
CUS007437,Aisha Sharma,Hyderabad,Rajasthan,2025-04-04,Enterprise
CUS007438,Rahul Verma,Ahmedabad,Gujarat,2022-10-03,Business
CUS007439,Karan Mehta,Pune,Maharashtra,2023-01-30,Enterprise
CUS007440,Vivaan Joshi,Lucknow,Tamil Nadu,2022-06-12,Retail
CUS007441,Nikhil Patel,Delhi,Maharashtra,2024-02-26,Business
CUS007442,Rohan Gupta,Pune,Rajasthan,2025-10-14,Retail
CUS007443,Meera Malhotra,Chennai,Uttar Pradesh,2022-02-16,Business
CUS007444,Priya Patel,Chennai,Maharashtra,2024-06-18,Retail
CUS007445,Vikram Verma,Mumbai,Gujarat,2025-11-01,Business
CUS007446,Vikram Joshi,Ahmedabad,Karnataka,2022-07-27,Enterprise
CUS007447,Vivaan Singh,Delhi,Karnataka,2022-09-07,Enterprise
CUS007448,Karan Mehta,Kolkata,Maharashtra,2022-11-29,Business
CUS007449,Ishita Mehta,Mumbai,Gujarat,2024-11-10,Business
CUS007450,Ishita Verma,Ahmedabad,Uttar Pradesh,2024-05-08,Business
CUS007451,Meera Kapoor,Lucknow,Delhi,2023-05-30,Enterprise
CUS007452,Ishita Patel,Jaipur,Karnataka,2023-01-15,Enterprise
CUS007453,Aditya Patel,Bengaluru,West Bengal,2025-07-19,Retail
CUS007454,Neha Verma,Kolkata,Uttar Pradesh,2025-12-25,Retail
CUS007455,Simran Joshi,Chennai,Uttar Pradesh,2022-07-09,Enterprise
CUS007456,Neha Verma,Jaipur,Uttar Pradesh,2023-09-19,Retail
CUS007457,Aarav Malhotra,Hyderabad,Gujarat,2023-11-27,Enterprise
CUS007458,Neha Mehta,Bengaluru,Uttar Pradesh,2022-11-13,Enterprise
CUS007459,Ishita Kapoor,Jaipur,West Bengal,2025-02-21,Retail
CUS007460,Vikram Singh,Kolkata,Gujarat,2025-09-26,Enterprise
CUS007461,Vikram Mehta,Hyderabad,Uttar Pradesh,2024-08-20,Retail
CUS007462,Karan Kapoor,Pune,Tamil Nadu,2023-05-24,Business
CUS007463,Rahul Gupta,Mumbai,Uttar Pradesh,2022-07-24,Enterprise
CUS007464,Karan Patel,Ahmedabad,Delhi,2025-01-07,Enterprise
CUS007465,Karan Verma,Kolkata,Gujarat,2024-07-26,Business
CUS007466,Aisha Mehta,Pune,Uttar Pradesh,2022-06-17,Enterprise
CUS007467,Arjun Malhotra,Bengaluru,Tamil Nadu,2022-12-02,Business
CUS007468,Neha Jain,Chennai,Uttar Pradesh,2025-09-09,Enterprise
CUS007469,Amit Singh,Mumbai,West Bengal,2024-06-10,Enterprise
CUS007470,Vikram Sharma,Jaipur,Tamil Nadu,2024-05-11,Business
CUS007471,Kavya Malhotra,Mumbai,Maharashtra,2025-07-10,Business
CUS007472,Aisha Singh,Lucknow,Gujarat,2024-09-20,Retail
CUS007473,Ishita Verma,Kolkata,West Bengal,2024-09-12,Retail
CUS007474,Neha Sharma,Chennai,West Bengal,2024-08-16,Retail
CUS007475,Rahul Gupta,Pune,Maharashtra,2024-01-08,Business
CUS007476,Ishita Verma,Lucknow,Telangana,2022-03-15,Enterprise
CUS007477,Amit Malhotra,Jaipur,Tamil Nadu,2024-07-27,Business
CUS007478,Rahul Gupta,Ahmedabad,Karnataka,2024-10-01,Business
CUS007479,Neha Kapoor,Hyderabad,Tamil Nadu,2023-11-21,Enterprise
CUS007480,Kavya Joshi,Ahmedabad,Gujarat,2023-03-08,Retail
CUS007481,Kavya Verma,Delhi,Maharashtra,2025-12-22,Business
CUS007482,Aarav Malhotra,Chennai,Karnataka,2022-01-21,Enterprise
CUS007483,Karan Jain,Kolkata,West Bengal,2022-09-25,Enterprise
CUS007484,Rahul Joshi,Ahmedabad,Uttar Pradesh,2023-11-01,Enterprise
CUS007485,Nikhil Kapoor,Kolkata,Maharashtra,2026-01-09,Enterprise
CUS007486,Simran Verma,Delhi,Gujarat,2024-04-05,Retail
CUS007487,Priya Mehta,Ahmedabad,Uttar Pradesh,2025-01-11,Retail
CUS007488,Rohan Joshi,Ahmedabad,Telangana,2023-06-26,Enterprise
CUS007489,Rohan Malhotra,Hyderabad,Karnataka,2025-11-18,Business
CUS007490,Vivaan Sharma,Kolkata,Uttar Pradesh,2024-03-26,Retail
CUS007491,Aisha Gupta,Bengaluru,West Bengal,2024-10-12,Business
CUS007492,Nikhil Verma,Delhi,Telangana,2024-10-02,Retail
CUS007493,Aisha Verma,Lucknow,Maharashtra,2025-04-15,Retail
CUS007494,Sneha Singh,Ahmedabad,Uttar Pradesh,2023-11-15,Retail
CUS007495,Vikram Jain,Chennai,Uttar Pradesh,2022-12-27,Business
CUS007496,Vivaan Patel,Ahmedabad,Uttar Pradesh,2022-06-01,Business
CUS007497,Aisha Malhotra,Kolkata,Rajasthan,2022-05-07,Business
CUS007498,Amit Kapoor,Delhi,Karnataka,2022-04-20,Business
CUS007499,Vivaan Sharma,Jaipur,Maharashtra,2023-02-07,Retail
CUS007500,Ishita Malhotra,Pune,Delhi,2023-03-04,Business
CUS007501,Ishita Singh,Delhi,Gujarat,2025-03-21,Enterprise
CUS007502,Rohan Verma,Lucknow,Telangana,2022-07-20,Enterprise
CUS007503,Aarav Patel,Ahmedabad,Uttar Pradesh,2025-08-01,Business
CUS007504,Amit Malhotra,Mumbai,Maharashtra,2025-08-13,Enterprise
CUS007505,Rohan Malhotra,Hyderabad,Gujarat,2023-06-23,Retail
CUS007506,Priya Patel,Mumbai,Rajasthan,2022-11-15,Enterprise
CUS007507,Karan Malhotra,Mumbai,Telangana,2024-06-09,Business
CUS007508,Simran Gupta,Mumbai,Maharashtra,2025-08-31,Retail
CUS007509,Aarav Singh,Bengaluru,Uttar Pradesh,2022-05-02,Business
CUS007510,Amit Mehta,Ahmedabad,Gujarat,2025-08-16,Enterprise
CUS007511,Neha Jain,Bengaluru,Uttar Pradesh,2023-08-18,Retail
CUS007512,Pooja Singh,Kolkata,Tamil Nadu,2025-10-16,Enterprise
CUS007513,Ishita Jain,Jaipur,Rajasthan,2023-09-07,Business
CUS007514,Priya Joshi,Kolkata,Karnataka,2023-09-20,Enterprise
CUS007515,Pooja Gupta,Pune,Karnataka,2022-01-20,Enterprise
CUS007516,Rohan Joshi,Kolkata,Delhi,2025-11-01,Retail
CUS007517,Karan Malhotra,Bengaluru,Maharashtra,2024-04-01,Retail
CUS007518,Meera Sharma,Chennai,Tamil Nadu,2023-02-10,Retail
CUS007519,Aisha Joshi,Lucknow,Uttar Pradesh,2022-10-26,Business
CUS007520,Ishita Kapoor,Bengaluru,West Bengal,2022-10-22,Business
CUS007521,Pooja Joshi,Kolkata,Uttar Pradesh,2023-05-08,Enterprise
CUS007522,Nikhil Kapoor,Lucknow,Telangana,2025-05-02,Retail
CUS007523,Rohan Kapoor,Ahmedabad,West Bengal,2022-12-06,Enterprise
CUS007524,Vikram Joshi,Hyderabad,West Bengal,2025-01-07,Business
CUS007525,Amit Patel,Pune,Telangana,2022-02-06,Business
CUS007526,Sneha Jain,Lucknow,Gujarat,2025-06-24,Business
CUS007527,Kavya Jain,Hyderabad,Maharashtra,2023-10-11,Business
CUS007528,Priya Patel,Jaipur,Maharashtra,2022-10-16,Retail
CUS007529,Ishita Sharma,Hyderabad,Maharashtra,2025-12-13,Retail
CUS007530,Karan Patel,Lucknow,Maharashtra,2022-10-03,Enterprise
CUS007531,Neha Singh,Bengaluru,West Bengal,2022-04-26,Retail
CUS007532,Aisha Gupta,Kolkata,Rajasthan,2022-07-24,Business
CUS007533,Amit Mehta,Bengaluru,Tamil Nadu,2023-10-13,Retail
CUS007534,Aditya Malhotra,Bengaluru,Tamil Nadu,2023-03-05,Retail
CUS007535,Aditya Sharma,Mumbai,Tamil Nadu,2024-11-12,Business
CUS007536,Meera Mehta,Kolkata,Karnataka,2022-07-07,Retail
CUS007537,Vikram Sharma,Pune,Maharashtra,2025-09-22,Enterprise
CUS007538,Karan Verma,Lucknow,Karnataka,2022-07-08,Business
CUS007539,Meera Mehta,Pune,West Bengal,2023-04-23,Retail
CUS007540,Rohan Patel,Kolkata,Karnataka,2024-07-17,Retail
CUS007541,Priya Malhotra,Kolkata,Maharashtra,2022-06-20,Retail
CUS007542,Arjun Verma,Lucknow,Delhi,2024-04-27,Retail
CUS007543,Aditya Kapoor,Lucknow,Delhi,2022-11-23,Enterprise
CUS007544,Neha Sharma,Pune,Gujarat,2022-06-08,Retail
CUS007545,Nikhil Mehta,Chennai,Telangana,2025-11-19,Enterprise
CUS007546,Aisha Mehta,Pune,Delhi,2025-08-24,Business
CUS007547,Aditya Verma,Bengaluru,Tamil Nadu,2025-01-16,Enterprise
CUS007548,Vivaan Verma,Kolkata,Maharashtra,2022-05-12,Enterprise
CUS007549,Aarav Sharma,Hyderabad,Tamil Nadu,2022-04-18,Retail
CUS007550,Kavya Singh,Mumbai,Maharashtra,2025-03-17,Business
CUS007551,Amit Mehta,Pune,Delhi,2024-09-13,Business
CUS007552,Amit Singh,Hyderabad,West Bengal,2024-09-19,Enterprise
CUS007553,Aisha Mehta,Pune,Tamil Nadu,2023-06-10,Enterprise
CUS007554,Kavya Mehta,Delhi,Tamil Nadu,2024-08-25,Business
CUS007555,Aarav Verma,Delhi,Delhi,2023-09-27,Business
CUS007556,Neha Sharma,Ahmedabad,Uttar Pradesh,2023-06-24,Enterprise
CUS007557,Nikhil Mehta,Mumbai,West Bengal,2023-11-23,Business
CUS007558,Arjun Kapoor,Delhi,West Bengal,2024-10-18,Retail
CUS007559,Arjun Verma,Jaipur,Rajasthan,2022-07-18,Business
CUS007560,Vivaan Gupta,Jaipur,Maharashtra,2022-06-04,Enterprise
CUS007561,Vikram Gupta,Chennai,West Bengal,2022-03-28,Enterprise
CUS007562,Rohan Mehta,Kolkata,Rajasthan,2024-02-21,Business
CUS007563,Vivaan Verma,Hyderabad,Telangana,2022-07-07,Business
CUS007564,Neha Jain,Lucknow,Telangana,2022-10-24,Enterprise
CUS007565,Sneha Joshi,Pune,Rajasthan,2025-01-08,Retail
CUS007566,Meera Sharma,Mumbai,Tamil Nadu,2022-09-11,Retail
CUS007567,Karan Kapoor,Ahmedabad,Delhi,2024-04-21,Enterprise
CUS007568,Neha Malhotra,Kolkata,Maharashtra,2023-08-24,Retail
CUS007569,Neha Patel,Ahmedabad,Uttar Pradesh,2025-09-24,Enterprise
CUS007570,Arjun Verma,Delhi,Maharashtra,2024-06-30,Business
CUS007571,Pooja Patel,Kolkata,Maharashtra,2022-04-01,Business
CUS007572,Pooja Patel,Hyderabad,Karnataka,2024-05-22,Business
CUS007573,Simran Joshi,Delhi,Karnataka,2025-05-05,Enterprise
CUS007574,Karan Mehta,Ahmedabad,Maharashtra,2025-10-31,Retail
CUS007575,Kavya Verma,Mumbai,West Bengal,2022-06-21,Business
CUS007576,Vivaan Sharma,Kolkata,Gujarat,2022-01-29,Retail
CUS007577,Karan Gupta,Mumbai,Rajasthan,2022-01-13,Retail
CUS007578,Karan Joshi,Jaipur,Telangana,2023-01-02,Enterprise
CUS007579,Ishita Gupta,Chennai,West Bengal,2024-06-13,Retail
CUS007580,Nikhil Mehta,Kolkata,West Bengal,2022-04-04,Business
CUS007581,Aisha Joshi,Delhi,Maharashtra,2025-05-22,Enterprise
CUS007582,Rohan Jain,Jaipur,Karnataka,2023-09-06,Enterprise
CUS007583,Arjun Verma,Bengaluru,Maharashtra,2025-07-24,Enterprise
CUS007584,Rahul Patel,Chennai,Delhi,2024-07-15,Retail
CUS007585,Meera Malhotra,Kolkata,Rajasthan,2023-03-31,Retail
CUS007586,Aisha Joshi,Hyderabad,Maharashtra,2024-12-08,Enterprise
CUS007587,Simran Patel,Delhi,Maharashtra,2023-12-09,Enterprise
CUS007588,Simran Verma,Hyderabad,West Bengal,2025-07-10,Business
CUS007589,Simran Kapoor,Jaipur,Maharashtra,2022-07-05,Retail
CUS007590,Rohan Gupta,Ahmedabad,Delhi,2022-05-05,Enterprise
CUS007591,Ananya Mehta,Mumbai,Maharashtra,2025-02-19,Enterprise
CUS007592,Vivaan Jain,Chennai,West Bengal,2025-09-09,Retail
CUS007593,Aditya Mehta,Delhi,Maharashtra,2025-08-31,Business
CUS007594,Priya Joshi,Pune,Karnataka,2024-02-01,Business
CUS007595,Amit Gupta,Lucknow,Maharashtra,2023-10-14,Retail
CUS007596,Sneha Joshi,Ahmedabad,Maharashtra,2024-06-11,Enterprise
CUS007597,Aisha Jain,Lucknow,Gujarat,2023-12-13,Enterprise
CUS007598,Sneha Singh,Ahmedabad,Maharashtra,2022-09-29,Business
CUS007599,Priya Mehta,Jaipur,West Bengal,2023-01-21,Retail
CUS007600,Vivaan Malhotra,Delhi,Delhi,2023-10-31,Business
CUS007601,Meera Sharma,Jaipur,Maharashtra,2024-03-04,Enterprise
CUS007602,Neha Sharma,Lucknow,West Bengal,2025-02-19,Business
CUS007603,Ananya Kapoor,Kolkata,Maharashtra,2025-01-02,Retail
CUS007604,Ishita Patel,Pune,Maharashtra,2025-08-03,Retail
CUS007605,Aisha Mehta,Chennai,Rajasthan,2023-08-23,Enterprise
CUS007606,Ishita Singh,Lucknow,Karnataka,2022-02-25,Retail
CUS007607,Neha Mehta,Pune,Karnataka,2025-12-07,Business
CUS007608,Aisha Sharma,Jaipur,Uttar Pradesh,2025-11-27,Enterprise
CUS007609,Vikram Sharma,Ahmedabad,Telangana,2025-03-03,Enterprise
CUS007610,Priya Joshi,Chennai,Uttar Pradesh,2022-01-11,Business
CUS007611,Ishita Joshi,Lucknow,Maharashtra,2025-07-25,Business
CUS007612,Pooja Singh,Pune,Telangana,2024-08-20,Retail
CUS007613,Rahul Joshi,Jaipur,Uttar Pradesh,2022-02-18,Retail
CUS007614,Karan Mehta,Hyderabad,Tamil Nadu,2022-08-21,Retail
CUS007615,Aarav Sharma,Chennai,Maharashtra,2022-08-31,Enterprise
CUS007616,Pooja Gupta,Kolkata,Tamil Nadu,2023-09-04,Business
CUS007617,Ananya Kapoor,Jaipur,Maharashtra,2025-01-14,Business
CUS007618,Rohan Joshi,Hyderabad,Maharashtra,2024-02-23,Retail
CUS007619,Nikhil Jain,Jaipur,Tamil Nadu,2022-01-06,Business
CUS007620,Rohan Gupta,Chennai,Karnataka,2023-01-12,Retail
CUS007621,Meera Jain,Jaipur,Tamil Nadu,2022-05-30,Business
CUS007622,Meera Sharma,Mumbai,Karnataka,2023-11-06,Retail
CUS007623,Neha Joshi,Mumbai,Maharashtra,2024-06-15,Enterprise
CUS007624,Nikhil Joshi,Chennai,Maharashtra,2026-01-13,Business
CUS007625,Arjun Singh,Lucknow,Maharashtra,2024-12-22,Enterprise
CUS007626,Neha Patel,Jaipur,Maharashtra,2024-01-05,Enterprise
CUS007627,Aditya Verma,Mumbai,Delhi,2022-02-15,Enterprise
CUS007628,Aarav Joshi,Hyderabad,Maharashtra,2023-07-17,Enterprise
CUS007629,Meera Patel,Chennai,Gujarat,2025-04-03,Enterprise
CUS007630,Ananya Singh,Delhi,West Bengal,2024-04-13,Enterprise
CUS007631,Amit Jain,Ahmedabad,Rajasthan,2025-03-16,Enterprise
CUS007632,Neha Joshi,Bengaluru,Rajasthan,2024-08-11,Enterprise
CUS007633,Ananya Sharma,Lucknow,Delhi,2025-10-13,Business
CUS007634,Rohan Singh,Lucknow,Maharashtra,2024-02-08,Retail
CUS007635,Meera Mehta,Bengaluru,Gujarat,2022-04-03,Business
CUS007636,Aditya Jain,Hyderabad,Maharashtra,2023-02-21,Business
CUS007637,Ananya Malhotra,Hyderabad,Uttar Pradesh,2022-06-27,Retail
CUS007638,Kavya Kapoor,Mumbai,Uttar Pradesh,2023-03-31,Business
CUS007639,Sneha Malhotra,Hyderabad,Karnataka,2024-06-01,Business
CUS007640,Ananya Mehta,Chennai,Karnataka,2022-06-22,Enterprise
CUS007641,Ishita Gupta,Lucknow,Telangana,2024-02-03,Business
CUS007642,Pooja Patel,Chennai,Maharashtra,2025-01-17,Enterprise
CUS007643,Kavya Patel,Hyderabad,Gujarat,2025-12-07,Retail
CUS007644,Arjun Kapoor,Kolkata,Uttar Pradesh,2025-02-01,Enterprise
CUS007645,Vikram Mehta,Bengaluru,Karnataka,2025-10-11,Retail
CUS007646,Rahul Singh,Pune,Telangana,2022-11-15,Retail
CUS007647,Priya Singh,Jaipur,Rajasthan,2025-07-17,Retail
CUS007648,Arjun Malhotra,Ahmedabad,Maharashtra,2022-10-25,Business
CUS007649,Aarav Malhotra,Delhi,West Bengal,2022-02-03,Business
CUS007650,Aarav Sharma,Hyderabad,Karnataka,2025-01-23,Business
CUS007651,Sneha Mehta,Jaipur,Telangana,2024-08-15,Retail
CUS007652,Vikram Jain,Ahmedabad,Maharashtra,2022-11-25,Business
CUS007653,Kavya Joshi,Jaipur,Uttar Pradesh,2024-05-07,Business
CUS007654,Ananya Mehta,Jaipur,Maharashtra,2024-01-01,Retail
CUS007655,Vikram Singh,Jaipur,Maharashtra,2025-02-10,Enterprise
CUS007656,Rahul Singh,Bengaluru,Maharashtra,2025-03-01,Business
CUS007657,Aarav Patel,Lucknow,Uttar Pradesh,2025-01-15,Retail
CUS007658,Ishita Joshi,Kolkata,Maharashtra,2025-07-16,Enterprise
CUS007659,Karan Gupta,Mumbai,Rajasthan,2025-11-19,Business
CUS007660,Rahul Patel,Pune,Uttar Pradesh,2024-11-04,Enterprise
CUS007661,Aisha Singh,Ahmedabad,West Bengal,2024-12-16,Enterprise
CUS007662,Rohan Kapoor,Mumbai,Gujarat,2025-01-20,Enterprise
CUS007663,Sneha Sharma,Pune,Gujarat,2024-03-28,Enterprise
CUS007664,Nikhil Patel,Delhi,West Bengal,2025-04-19,Retail
CUS007665,Ishita Jain,Chennai,Delhi,2025-01-19,Enterprise
CUS007666,Neha Mehta,Chennai,Rajasthan,2022-02-17,Business
CUS007667,Pooja Patel,Kolkata,Uttar Pradesh,2022-10-02,Retail
CUS007668,Ishita Patel,Lucknow,Uttar Pradesh,2024-07-23,Enterprise
CUS007669,Karan Sharma,Bengaluru,Maharashtra,2022-03-26,Enterprise
CUS007670,Vivaan Kapoor,Bengaluru,Telangana,2025-02-18,Enterprise
CUS007671,Aarav Malhotra,Jaipur,Tamil Nadu,2026-01-25,Business
CUS007672,Neha Kapoor,Kolkata,Rajasthan,2025-03-20,Retail
CUS007673,Neha Kapoor,Bengaluru,Karnataka,2023-06-07,Business
CUS007674,Kavya Kapoor,Ahmedabad,West Bengal,2025-07-23,Retail
CUS007675,Sneha Sharma,Delhi,Maharashtra,2023-03-20,Retail
CUS007676,Nikhil Sharma,Ahmedabad,Gujarat,2026-01-29,Business
CUS007677,Ishita Sharma,Chennai,Uttar Pradesh,2025-03-29,Business
CUS007678,Ishita Singh,Pune,Rajasthan,2024-10-18,Enterprise
CUS007679,Pooja Sharma,Bengaluru,West Bengal,2024-12-09,Retail
CUS007680,Kavya Singh,Kolkata,Maharashtra,2022-09-17,Business
CUS007681,Nikhil Kapoor,Kolkata,Maharashtra,2023-08-12,Retail
CUS007682,Kavya Gupta,Kolkata,Rajasthan,2025-07-27,Retail
CUS007683,Priya Joshi,Bengaluru,Maharashtra,2023-08-05,Retail
CUS007684,Arjun Joshi,Chennai,Gujarat,2022-10-09,Business
CUS007685,Vikram Malhotra,Lucknow,Telangana,2026-01-19,Business
CUS007686,Priya Singh,Mumbai,West Bengal,2025-01-20,Retail
CUS007687,Karan Singh,Pune,Tamil Nadu,2025-08-22,Enterprise
CUS007688,Vikram Mehta,Ahmedabad,Delhi,2022-03-07,Enterprise
CUS007689,Ishita Sharma,Kolkata,Rajasthan,2023-07-16,Enterprise
CUS007690,Sneha Verma,Pune,Maharashtra,2023-11-12,Business
CUS007691,Karan Verma,Ahmedabad,Gujarat,2022-10-12,Retail
CUS007692,Amit Malhotra,Kolkata,Rajasthan,2025-09-18,Business
CUS007693,Aisha Gupta,Delhi,Tamil Nadu,2023-12-05,Enterprise
CUS007694,Ishita Jain,Hyderabad,Tamil Nadu,2025-02-25,Business
CUS007695,Sneha Joshi,Delhi,Uttar Pradesh,2023-01-01,Enterprise
CUS007696,Amit Sharma,Kolkata,Delhi,2022-10-05,Enterprise
CUS007697,Aisha Joshi,Lucknow,Telangana,2022-03-31,Business
CUS007698,Aarav Patel,Chennai,Telangana,2022-08-02,Retail
CUS007699,Nikhil Jain,Kolkata,Karnataka,2025-02-14,Business
CUS007700,Pooja Kapoor,Bengaluru,Karnataka,2025-06-15,Retail
CUS007701,Ananya Kapoor,Lucknow,Rajasthan,2024-03-10,Retail
CUS007702,Rahul Gupta,Hyderabad,Gujarat,2025-08-22,Enterprise
CUS007703,Aisha Jain,Lucknow,Gujarat,2024-06-01,Retail
CUS007704,Vivaan Singh,Chennai,Gujarat,2024-02-03,Business
CUS007705,Neha Kapoor,Pune,Rajasthan,2023-10-02,Retail
CUS007706,Vikram Patel,Hyderabad,Uttar Pradesh,2022-11-26,Business
CUS007707,Rahul Joshi,Bengaluru,Tamil Nadu,2022-01-09,Enterprise
CUS007708,Sneha Sharma,Pune,Maharashtra,2022-11-01,Business
CUS007709,Aisha Verma,Ahmedabad,Maharashtra,2025-04-14,Business
CUS007710,Aditya Verma,Lucknow,Maharashtra,2025-03-06,Retail
CUS007711,Aarav Sharma,Lucknow,Maharashtra,2024-05-30,Business
CUS007712,Meera Malhotra,Chennai,Telangana,2023-11-27,Business
CUS007713,Priya Sharma,Pune,Maharashtra,2024-08-29,Enterprise
CUS007714,Neha Mehta,Delhi,West Bengal,2026-01-29,Business
CUS007715,Rohan Sharma,Chennai,Delhi,2026-01-02,Retail
CUS007716,Kavya Kapoor,Lucknow,Rajasthan,2024-07-26,Enterprise
CUS007717,Ananya Sharma,Kolkata,Karnataka,2022-11-20,Retail
CUS007718,Aisha Mehta,Chennai,Gujarat,2025-03-12,Retail
CUS007719,Vivaan Joshi,Pune,Rajasthan,2025-10-22,Enterprise
CUS007720,Sneha Patel,Mumbai,West Bengal,2022-07-10,Retail
CUS007721,Neha Sharma,Delhi,Tamil Nadu,2022-03-10,Retail
CUS007722,Aisha Verma,Delhi,Delhi,2024-07-27,Business
CUS007723,Neha Singh,Hyderabad,Uttar Pradesh,2025-08-16,Business
CUS007724,Aisha Gupta,Delhi,Gujarat,2025-10-11,Enterprise
CUS007725,Meera Sharma,Chennai,Karnataka,2023-08-06,Business
CUS007726,Vikram Verma,Mumbai,Maharashtra,2024-04-22,Retail
CUS007727,Rohan Kapoor,Chennai,Uttar Pradesh,2023-12-23,Retail
CUS007728,Pooja Kapoor,Kolkata,Tamil Nadu,2024-01-06,Enterprise
CUS007729,Pooja Joshi,Chennai,Uttar Pradesh,2023-01-19,Retail
CUS007730,Neha Patel,Chennai,Tamil Nadu,2022-12-02,Enterprise
CUS007731,Rohan Singh,Pune,Maharashtra,2024-03-28,Business
CUS007732,Priya Sharma,Bengaluru,Delhi,2025-05-20,Business
CUS007733,Karan Verma,Hyderabad,Telangana,2023-04-11,Retail
CUS007734,Rahul Malhotra,Hyderabad,Tamil Nadu,2025-10-22,Business
CUS007735,Nikhil Mehta,Kolkata,Telangana,2025-12-19,Retail
CUS007736,Ishita Joshi,Kolkata,Delhi,2023-06-21,Enterprise
CUS007737,Sneha Verma,Lucknow,West Bengal,2022-11-04,Enterprise
CUS007738,Nikhil Singh,Hyderabad,Maharashtra,2025-02-26,Retail
CUS007739,Aisha Joshi,Mumbai,Maharashtra,2022-03-07,Enterprise
CUS007740,Simran Joshi,Jaipur,Telangana,2023-08-21,Retail
CUS007741,Amit Kapoor,Delhi,Uttar Pradesh,2025-03-13,Retail
CUS007742,Aditya Mehta,Hyderabad,Delhi,2022-09-06,Retail
CUS007743,Nikhil Jain,Ahmedabad,Tamil Nadu,2024-11-02,Business
CUS007744,Amit Joshi,Pune,Delhi,2023-08-06,Enterprise
CUS007745,Simran Patel,Pune,Tamil Nadu,2025-08-10,Business
CUS007746,Vikram Malhotra,Lucknow,Uttar Pradesh,2022-07-01,Business
CUS007747,Nikhil Verma,Bengaluru,Telangana,2025-10-21,Business
CUS007748,Sneha Gupta,Mumbai,Delhi,2023-04-02,Business
CUS007749,Ananya Verma,Hyderabad,Maharashtra,2026-01-07,Business
CUS007750,Aarav Kapoor,Pune,Gujarat,2025-08-28,Retail
CUS007751,Aditya Singh,Lucknow,Tamil Nadu,2025-06-03,Enterprise
CUS007752,Ishita Singh,Chennai,West Bengal,2025-01-10,Enterprise
CUS007753,Neha Gupta,Lucknow,Maharashtra,2024-08-25,Retail
CUS007754,Arjun Jain,Jaipur,Delhi,2022-05-31,Enterprise
CUS007755,Arjun Patel,Delhi,Gujarat,2023-09-24,Enterprise
CUS007756,Rahul Patel,Jaipur,Maharashtra,2023-10-17,Business
CUS007757,Neha Joshi,Jaipur,Rajasthan,2025-04-10,Retail
CUS007758,Karan Joshi,Pune,West Bengal,2022-04-30,Business
CUS007759,Aarav Joshi,Pune,Uttar Pradesh,2024-01-30,Enterprise
CUS007760,Aarav Mehta,Delhi,Gujarat,2025-10-01,Retail
CUS007761,Rohan Joshi,Ahmedabad,Delhi,2023-06-07,Enterprise
CUS007762,Ananya Jain,Ahmedabad,Tamil Nadu,2024-07-16,Retail
CUS007763,Aarav Joshi,Lucknow,Rajasthan,2022-04-18,Business
CUS007764,Vikram Sharma,Kolkata,Rajasthan,2025-06-26,Enterprise
CUS007765,Priya Joshi,Lucknow,Rajasthan,2024-10-18,Business
CUS007766,Kavya Jain,Bengaluru,Uttar Pradesh,2025-04-21,Enterprise
CUS007767,Aisha Singh,Ahmedabad,Uttar Pradesh,2022-08-11,Enterprise
CUS007768,Ishita Gupta,Hyderabad,Telangana,2022-08-09,Enterprise
CUS007769,Simran Kapoor,Bengaluru,Rajasthan,2024-01-13,Business
CUS007770,Simran Jain,Jaipur,Delhi,2024-03-29,Retail
CUS007771,Amit Sharma,Mumbai,Gujarat,2023-12-22,Retail
CUS007772,Kavya Malhotra,Lucknow,Tamil Nadu,2022-12-06,Business
CUS007773,Ishita Joshi,Jaipur,West Bengal,2022-07-22,Business
CUS007774,Kavya Singh,Bengaluru,Karnataka,2022-05-25,Enterprise
CUS007775,Karan Malhotra,Bengaluru,Maharashtra,2025-09-24,Retail
CUS007776,Ishita Joshi,Chennai,Gujarat,2022-05-11,Enterprise
CUS007777,Aisha Patel,Kolkata,Gujarat,2024-01-09,Enterprise
CUS007778,Vivaan Jain,Mumbai,Maharashtra,2022-02-11,Retail
CUS007779,Rohan Joshi,Jaipur,Gujarat,2023-09-23,Enterprise
CUS007780,Amit Malhotra,Chennai,Rajasthan,2025-10-04,Business
CUS007781,Vivaan Sharma,Chennai,Maharashtra,2025-07-27,Retail
CUS007782,Kavya Singh,Jaipur,Maharashtra,2025-08-23,Business
CUS007783,Ananya Patel,Lucknow,Maharashtra,2023-11-09,Retail
CUS007784,Vikram Mehta,Lucknow,Karnataka,2022-12-16,Enterprise
CUS007785,Pooja Joshi,Lucknow,Delhi,2025-12-22,Business
CUS007786,Ishita Mehta,Delhi,Delhi,2024-03-20,Enterprise
CUS007787,Amit Joshi,Chennai,Karnataka,2022-07-01,Retail
CUS007788,Meera Jain,Hyderabad,Karnataka,2025-01-08,Business
CUS007789,Rahul Sharma,Kolkata,Tamil Nadu,2024-07-02,Enterprise
CUS007790,Ananya Patel,Hyderabad,Telangana,2023-05-30,Enterprise
CUS007791,Amit Verma,Mumbai,Uttar Pradesh,2025-12-17,Enterprise
CUS007792,Sneha Verma,Chennai,Uttar Pradesh,2025-08-27,Business
CUS007793,Rohan Verma,Bengaluru,Rajasthan,2023-07-24,Retail
CUS007794,Simran Jain,Kolkata,West Bengal,2025-09-23,Retail
CUS007795,Meera Joshi,Bengaluru,Gujarat,2024-12-17,Business
CUS007796,Aarav Joshi,Pune,Tamil Nadu,2025-10-12,Retail
CUS007797,Pooja Jain,Chennai,Maharashtra,2025-08-16,Retail
CUS007798,Aarav Singh,Mumbai,Rajasthan,2024-06-08,Business
CUS007799,Rahul Sharma,Kolkata,Tamil Nadu,2025-03-31,Retail
CUS007800,Neha Verma,Chennai,Gujarat,2024-05-29,Retail
CUS007801,Amit Mehta,Ahmedabad,West Bengal,2025-11-06,Business
CUS007802,Aarav Patel,Chennai,Maharashtra,2026-01-07,Business
CUS007803,Priya Verma,Pune,Maharashtra,2022-01-03,Retail
CUS007804,Sneha Gupta,Chennai,West Bengal,2024-02-15,Enterprise
CUS007805,Ishita Joshi,Chennai,Gujarat,2025-08-08,Business
CUS007806,Meera Joshi,Bengaluru,Delhi,2025-04-19,Enterprise
CUS007807,Vikram Joshi,Hyderabad,Maharashtra,2022-05-01,Business
CUS007808,Aarav Mehta,Jaipur,Tamil Nadu,2025-06-12,Retail
CUS007809,Rahul Singh,Bengaluru,Maharashtra,2025-06-07,Business
CUS007810,Aisha Jain,Mumbai,Telangana,2025-12-10,Business
CUS007811,Aarav Mehta,Mumbai,Gujarat,2023-11-16,Retail
CUS007812,Karan Singh,Pune,Tamil Nadu,2023-02-22,Business
CUS007813,Rohan Kapoor,Lucknow,Maharashtra,2024-10-02,Enterprise
CUS007814,Nikhil Patel,Ahmedabad,Delhi,2025-03-31,Retail
CUS007815,Vivaan Malhotra,Ahmedabad,Maharashtra,2023-12-22,Retail
CUS007816,Vikram Patel,Pune,Gujarat,2024-03-26,Retail
CUS007817,Sneha Malhotra,Pune,Karnataka,2024-06-06,Business
CUS007818,Vivaan Gupta,Lucknow,Maharashtra,2023-07-06,Retail
CUS007819,Arjun Joshi,Lucknow,West Bengal,2024-06-26,Enterprise
CUS007820,Aisha Singh,Mumbai,Uttar Pradesh,2025-03-24,Business
CUS007821,Aisha Joshi,Pune,Uttar Pradesh,2025-06-27,Business
CUS007822,Vivaan Kapoor,Kolkata,Telangana,2025-06-15,Business
CUS007823,Aditya Jain,Delhi,Uttar Pradesh,2024-11-13,Retail
CUS007824,Aarav Kapoor,Kolkata,Rajasthan,2024-11-24,Business
CUS007825,Vikram Joshi,Lucknow,Rajasthan,2024-11-07,Enterprise
CUS007826,Rahul Verma,Bengaluru,West Bengal,2023-12-15,Enterprise
CUS007827,Sneha Kapoor,Ahmedabad,Rajasthan,2025-11-07,Business
CUS007828,Rohan Joshi,Hyderabad,Rajasthan,2023-01-19,Enterprise
CUS007829,Priya Sharma,Pune,Uttar Pradesh,2025-12-31,Business
CUS007830,Aditya Gupta,Hyderabad,West Bengal,2023-11-13,Enterprise
CUS007831,Meera Sharma,Mumbai,Karnataka,2023-03-19,Business
CUS007832,Karan Jain,Mumbai,Maharashtra,2023-11-02,Business
CUS007833,Karan Kapoor,Mumbai,Telangana,2022-02-06,Enterprise
CUS007834,Rohan Kapoor,Delhi,Telangana,2024-04-10,Business
CUS007835,Amit Patel,Bengaluru,West Bengal,2022-06-13,Business
CUS007836,Kavya Sharma,Lucknow,Telangana,2025-10-04,Enterprise
CUS007837,Rohan Singh,Mumbai,Tamil Nadu,2025-03-13,Business
CUS007838,Priya Joshi,Jaipur,Maharashtra,2023-04-02,Retail
CUS007839,Amit Patel,Chennai,Maharashtra,2024-11-15,Enterprise
CUS007840,Aditya Singh,Ahmedabad,Uttar Pradesh,2022-02-17,Retail
CUS007841,Neha Joshi,Lucknow,Maharashtra,2023-09-15,Business
CUS007842,Ishita Verma,Lucknow,Telangana,2022-05-03,Business
CUS007843,Pooja Patel,Chennai,Maharashtra,2025-05-23,Retail
CUS007844,Amit Verma,Delhi,West Bengal,2025-02-20,Enterprise
CUS007845,Aditya Patel,Lucknow,Delhi,2024-06-07,Enterprise
CUS007846,Amit Sharma,Pune,Uttar Pradesh,2024-10-22,Business
CUS007847,Vivaan Mehta,Jaipur,Maharashtra,2023-08-20,Business
CUS007848,Aditya Mehta,Ahmedabad,Gujarat,2022-07-16,Retail
CUS007849,Vikram Joshi,Delhi,Uttar Pradesh,2023-07-24,Retail
CUS007850,Aarav Mehta,Kolkata,Maharashtra,2025-02-14,Retail
CUS007851,Kavya Kapoor,Chennai,Rajasthan,2022-11-11,Business
CUS007852,Aarav Verma,Lucknow,West Bengal,2024-09-19,Enterprise
CUS007853,Simran Gupta,Kolkata,Delhi,2023-08-07,Retail
CUS007854,Vivaan Singh,Pune,Karnataka,2022-06-21,Business
CUS007855,Aditya Kapoor,Ahmedabad,Maharashtra,2024-07-05,Business
CUS007856,Simran Kapoor,Lucknow,Gujarat,2022-12-31,Retail
CUS007857,Ishita Malhotra,Hyderabad,West Bengal,2024-05-08,Business
CUS007858,Arjun Malhotra,Hyderabad,Uttar Pradesh,2023-12-11,Enterprise
CUS007859,Ananya Jain,Chennai,Maharashtra,2025-05-11,Enterprise
CUS007860,Vivaan Patel,Pune,Delhi,2024-04-06,Retail
CUS007861,Ananya Verma,Lucknow,Delhi,2022-10-24,Business
CUS007862,Vikram Joshi,Pune,Rajasthan,2023-11-02,Enterprise
CUS007863,Ishita Jain,Ahmedabad,Rajasthan,2022-12-19,Retail
CUS007864,Amit Gupta,Chennai,Telangana,2023-02-11,Enterprise
CUS007865,Neha Verma,Jaipur,Delhi,2022-07-07,Retail
CUS007866,Nikhil Sharma,Mumbai,Maharashtra,2023-10-04,Enterprise
CUS007867,Kavya Joshi,Ahmedabad,Uttar Pradesh,2023-07-21,Retail
CUS007868,Meera Patel,Bengaluru,Uttar Pradesh,2025-01-22,Business
CUS007869,Meera Singh,Delhi,Karnataka,2024-08-21,Business
CUS007870,Aarav Kapoor,Bengaluru,Uttar Pradesh,2024-10-10,Retail
CUS007871,Arjun Joshi,Chennai,Delhi,2023-10-17,Retail
CUS007872,Priya Jain,Hyderabad,Karnataka,2023-05-30,Enterprise
CUS007873,Rahul Patel,Bengaluru,Uttar Pradesh,2023-12-17,Enterprise
CUS007874,Vikram Malhotra,Ahmedabad,Tamil Nadu,2024-06-14,Retail
CUS007875,Pooja Sharma,Kolkata,Karnataka,2023-04-02,Business
CUS007876,Aarav Sharma,Ahmedabad,Telangana,2025-11-15,Business
CUS007877,Kavya Kapoor,Pune,Telangana,2024-11-27,Retail
CUS007878,Amit Verma,Pune,West Bengal,2025-10-22,Enterprise
CUS007879,Rohan Kapoor,Ahmedabad,Delhi,2024-01-19,Enterprise
CUS007880,Meera Kapoor,Kolkata,Delhi,2025-03-26,Retail
CUS007881,Karan Sharma,Ahmedabad,Delhi,2025-07-14,Enterprise
CUS007882,Meera Kapoor,Kolkata,Karnataka,2024-02-19,Retail
CUS007883,Nikhil Sharma,Chennai,Tamil Nadu,2025-01-07,Retail
CUS007884,Rahul Mehta,Delhi,Karnataka,2025-12-18,Enterprise
CUS007885,Aditya Mehta,Kolkata,Tamil Nadu,2022-02-11,Retail
CUS007886,Aditya Gupta,Bengaluru,Delhi,2025-07-26,Business
CUS007887,Aarav Singh,Hyderabad,Maharashtra,2023-08-08,Business
CUS007888,Vikram Gupta,Ahmedabad,Rajasthan,2024-11-09,Enterprise
CUS007889,Aisha Singh,Kolkata,Maharashtra,2023-04-30,Business
CUS007890,Simran Malhotra,Jaipur,West Bengal,2022-01-17,Enterprise
CUS007891,Aarav Gupta,Bengaluru,Rajasthan,2023-01-13,Enterprise
CUS007892,Simran Kapoor,Mumbai,Delhi,2025-12-13,Retail
CUS007893,Priya Malhotra,Ahmedabad,Tamil Nadu,2024-07-16,Enterprise
CUS007894,Meera Singh,Kolkata,Gujarat,2023-07-07,Business
CUS007895,Kavya Patel,Delhi,Tamil Nadu,2024-02-25,Retail
CUS007896,Rohan Jain,Pune,Rajasthan,2025-09-07,Retail
CUS007897,Neha Mehta,Hyderabad,Telangana,2022-09-27,Enterprise
CUS007898,Simran Mehta,Mumbai,Karnataka,2024-11-26,Retail
CUS007899,Karan Patel,Jaipur,Gujarat,2022-04-01,Enterprise
CUS007900,Aisha Malhotra,Lucknow,Karnataka,2025-05-24,Enterprise
CUS007901,Neha Gupta,Mumbai,Maharashtra,2024-02-27,Enterprise
CUS007902,Nikhil Singh,Jaipur,Delhi,2025-06-16,Retail
CUS007903,Aditya Mehta,Delhi,Uttar Pradesh,2024-11-23,Enterprise
CUS007904,Sneha Sharma,Hyderabad,Delhi,2024-09-19,Enterprise
CUS007905,Meera Joshi,Mumbai,Maharashtra,2023-05-18,Business
CUS007906,Ananya Sharma,Chennai,Gujarat,2025-05-10,Business
CUS007907,Aisha Jain,Chennai,Maharashtra,2025-11-07,Enterprise
CUS007908,Sneha Malhotra,Hyderabad,Maharashtra,2022-10-15,Retail
CUS007909,Kavya Jain,Jaipur,Rajasthan,2025-01-23,Enterprise
CUS007910,Simran Sharma,Jaipur,Rajasthan,2024-11-28,Business
CUS007911,Aarav Kapoor,Mumbai,Maharashtra,2022-01-08,Business
CUS007912,Arjun Verma,Lucknow,Delhi,2023-02-23,Enterprise
CUS007913,Sneha Sharma,Bengaluru,Gujarat,2024-11-13,Retail
CUS007914,Nikhil Gupta,Jaipur,Rajasthan,2023-08-10,Business
CUS007915,Neha Singh,Kolkata,Delhi,2022-08-20,Retail
CUS007916,Rohan Mehta,Kolkata,West Bengal,2024-05-03,Retail
CUS007917,Pooja Singh,Mumbai,Uttar Pradesh,2022-06-05,Enterprise
CUS007918,Nikhil Sharma,Hyderabad,Karnataka,2024-11-15,Business
CUS007919,Priya Sharma,Lucknow,West Bengal,2025-03-13,Business
CUS007920,Kavya Mehta,Jaipur,Telangana,2022-12-28,Retail
CUS007921,Pooja Patel,Jaipur,Maharashtra,2022-05-15,Enterprise
CUS007922,Vikram Verma,Kolkata,Delhi,2025-05-10,Retail
CUS007923,Priya Patel,Mumbai,Delhi,2024-03-02,Business
CUS007924,Amit Joshi,Hyderabad,Gujarat,2022-01-16,Retail
CUS007925,Vivaan Jain,Bengaluru,Maharashtra,2022-09-30,Retail
CUS007926,Vikram Kapoor,Mumbai,West Bengal,2022-02-04,Business
CUS007927,Rohan Singh,Delhi,West Bengal,2023-10-07,Enterprise
CUS007928,Pooja Kapoor,Mumbai,Maharashtra,2024-12-27,Business
CUS007929,Amit Jain,Pune,Gujarat,2023-03-24,Retail
CUS007930,Neha Patel,Ahmedabad,Tamil Nadu,2022-09-24,Business
CUS007931,Rohan Mehta,Mumbai,Rajasthan,2025-03-06,Retail
CUS007932,Aarav Malhotra,Chennai,Karnataka,2022-07-18,Retail
CUS007933,Aarav Patel,Kolkata,Uttar Pradesh,2025-09-11,Retail
CUS007934,Kavya Patel,Bengaluru,Gujarat,2025-07-29,Retail
CUS007935,Rahul Singh,Jaipur,Maharashtra,2022-06-03,Retail
CUS007936,Karan Sharma,Delhi,Maharashtra,2025-03-04,Enterprise
CUS007937,Pooja Patel,Lucknow,Telangana,2022-01-11,Retail
CUS007938,Neha Mehta,Lucknow,Gujarat,2022-06-18,Enterprise
CUS007939,Priya Mehta,Pune,West Bengal,2024-10-11,Retail
CUS007940,Vikram Jain,Pune,Telangana,2024-01-17,Retail
CUS007941,Simran Kapoor,Pune,Gujarat,2023-02-24,Enterprise
CUS007942,Meera Singh,Bengaluru,Karnataka,2024-01-13,Retail
CUS007943,Arjun Mehta,Delhi,Gujarat,2022-09-28,Business
CUS007944,Aditya Sharma,Hyderabad,Uttar Pradesh,2023-07-12,Business
CUS007945,Arjun Joshi,Bengaluru,Maharashtra,2024-01-14,Enterprise
CUS007946,Aditya Gupta,Mumbai,Karnataka,2023-03-30,Enterprise
CUS007947,Rahul Sharma,Lucknow,Gujarat,2024-06-26,Retail
CUS007948,Vivaan Malhotra,Delhi,Telangana,2022-01-01,Business
CUS007949,Ishita Patel,Bengaluru,Tamil Nadu,2025-03-07,Enterprise
CUS007950,Aisha Mehta,Chennai,Karnataka,2023-04-30,Enterprise
CUS007951,Vivaan Singh,Ahmedabad,Karnataka,2025-09-15,Enterprise
CUS007952,Meera Joshi,Hyderabad,Karnataka,2023-03-30,Enterprise
CUS007953,Arjun Malhotra,Chennai,Rajasthan,2022-02-09,Enterprise
CUS007954,Aarav Sharma,Jaipur,Telangana,2022-07-28,Business
CUS007955,Rahul Mehta,Kolkata,Tamil Nadu,2022-03-31,Retail
CUS007956,Ishita Mehta,Jaipur,Karnataka,2025-08-20,Retail
CUS007957,Neha Mehta,Chennai,Maharashtra,2022-02-06,Retail
CUS007958,Simran Verma,Chennai,Tamil Nadu,2024-11-12,Enterprise
CUS007959,Ishita Mehta,Hyderabad,Delhi,2022-05-01,Retail
CUS007960,Nikhil Patel,Lucknow,Maharashtra,2022-10-15,Retail
CUS007961,Rohan Sharma,Mumbai,Gujarat,2023-12-14,Retail
CUS007962,Amit Kapoor,Jaipur,Uttar Pradesh,2022-01-15,Business
CUS007963,Aarav Malhotra,Mumbai,West Bengal,2023-12-16,Retail
CUS007964,Karan Gupta,Mumbai,Uttar Pradesh,2022-11-27,Business
CUS007965,Karan Joshi,Chennai,Maharashtra,2023-07-29,Business
CUS007966,Arjun Mehta,Delhi,Delhi,2025-10-11,Enterprise
CUS007967,Nikhil Verma,Bengaluru,Uttar Pradesh,2025-10-12,Business
CUS007968,Meera Mehta,Jaipur,Rajasthan,2025-08-01,Business
CUS007969,Rohan Sharma,Delhi,Maharashtra,2023-06-11,Enterprise
CUS007970,Vikram Patel,Pune,Karnataka,2024-02-25,Enterprise
CUS007971,Kavya Singh,Hyderabad,West Bengal,2024-02-11,Business
CUS007972,Aditya Verma,Hyderabad,Delhi,2026-01-19,Enterprise
CUS007973,Vikram Patel,Lucknow,West Bengal,2023-08-29,Business
CUS007974,Ananya Patel,Hyderabad,Tamil Nadu,2025-04-03,Business
CUS007975,Meera Sharma,Jaipur,Maharashtra,2022-04-12,Retail
CUS007976,Amit Sharma,Ahmedabad,Uttar Pradesh,2023-12-18,Business
CUS007977,Vikram Singh,Chennai,Gujarat,2023-06-05,Retail
CUS007978,Karan Jain,Lucknow,Telangana,2023-02-21,Business
CUS007979,Aditya Sharma,Lucknow,Maharashtra,2025-03-04,Enterprise
CUS007980,Rohan Verma,Chennai,Maharashtra,2025-08-13,Enterprise
CUS007981,Arjun Verma,Ahmedabad,Telangana,2024-06-24,Retail
CUS007982,Rahul Singh,Ahmedabad,Maharashtra,2024-06-19,Business
CUS007983,Arjun Joshi,Pune,Gujarat,2022-01-27,Retail
CUS007984,Rohan Gupta,Delhi,Tamil Nadu,2023-10-24,Retail
CUS007985,Aditya Singh,Hyderabad,Maharashtra,2024-07-10,Business
CUS007986,Rohan Jain,Jaipur,Maharashtra,2025-03-25,Business
CUS007987,Ishita Patel,Kolkata,Tamil Nadu,2023-06-29,Enterprise
CUS007988,Vivaan Patel,Ahmedabad,Karnataka,2024-07-08,Enterprise
CUS007989,Vivaan Gupta,Jaipur,Telangana,2025-02-09,Retail
CUS007990,Pooja Patel,Kolkata,Karnataka,2025-06-10,Retail
CUS007991,Ananya Malhotra,Ahmedabad,Uttar Pradesh,2025-07-15,Retail
CUS007992,Aarav Kapoor,Delhi,Uttar Pradesh,2024-05-16,Enterprise
CUS007993,Meera Mehta,Mumbai,Delhi,2022-05-05,Business
CUS007994,Ishita Mehta,Hyderabad,Gujarat,2024-09-09,Business
CUS007995,Neha Joshi,Jaipur,Tamil Nadu,2024-02-23,Retail
CUS007996,Kavya Sharma,Jaipur,Telangana,2023-12-24,Retail
CUS007997,Aditya Verma,Bengaluru,Uttar Pradesh,2025-04-03,Enterprise
CUS007998,Rahul Gupta,Kolkata,Maharashtra,2025-04-03,Enterprise
CUS007999,Rohan Kapoor,Ahmedabad,Maharashtra,2022-01-17,Retail
CUS008000,Nikhil Gupta,Chennai,Maharashtra,2023-05-29,Retail
CUS008001,Nikhil Jain,Chennai,Tamil Nadu,2022-10-16,Retail
CUS008002,Priya Jain,Jaipur,Gujarat,2023-11-22,Enterprise
CUS008003,Arjun Kapoor,Mumbai,Uttar Pradesh,2024-12-19,Retail
CUS008004,Meera Jain,Jaipur,Karnataka,2025-05-23,Retail
CUS008005,Kavya Singh,Pune,Gujarat,2024-09-28,Retail
CUS008006,Aarav Kapoor,Bengaluru,Maharashtra,2023-04-10,Enterprise
CUS008007,Nikhil Verma,Pune,Maharashtra,2024-06-01,Enterprise
CUS008008,Vikram Joshi,Ahmedabad,Uttar Pradesh,2022-10-19,Enterprise
CUS008009,Aditya Malhotra,Mumbai,Maharashtra,2023-11-04,Retail
CUS008010,Vikram Patel,Lucknow,West Bengal,2022-03-13,Enterprise
CUS008011,Meera Joshi,Hyderabad,Telangana,2023-12-15,Enterprise
CUS008012,Neha Sharma,Ahmedabad,Uttar Pradesh,2022-08-27,Business
CUS008013,Priya Kapoor,Kolkata,Gujarat,2024-08-22,Retail
CUS008014,Pooja Verma,Bengaluru,Maharashtra,2025-11-17,Enterprise
CUS008015,Kavya Gupta,Ahmedabad,West Bengal,2024-05-19,Enterprise
CUS008016,Kavya Malhotra,Kolkata,Uttar Pradesh,2022-12-01,Enterprise
CUS008017,Sneha Jain,Ahmedabad,Karnataka,2022-12-03,Enterprise
CUS008018,Vikram Singh,Delhi,Telangana,2023-04-13,Business
CUS008019,Vivaan Singh,Lucknow,Maharashtra,2025-03-15,Enterprise
CUS008020,Vivaan Gupta,Ahmedabad,Gujarat,2023-10-20,Enterprise
CUS008021,Arjun Verma,Mumbai,Karnataka,2023-09-24,Retail
CUS008022,Aarav Joshi,Ahmedabad,Rajasthan,2025-08-28,Retail
CUS008023,Rahul Malhotra,Jaipur,West Bengal,2024-02-27,Enterprise
CUS008024,Pooja Patel,Ahmedabad,Maharashtra,2023-12-27,Enterprise
CUS008025,Aditya Malhotra,Mumbai,West Bengal,2022-01-16,Retail
CUS008026,Neha Jain,Bengaluru,Gujarat,2023-05-08,Business
CUS008027,Neha Singh,Kolkata,Karnataka,2024-12-29,Retail
CUS008028,Aditya Singh,Mumbai,Rajasthan,2023-06-23,Retail
CUS008029,Ishita Patel,Bengaluru,Tamil Nadu,2025-10-12,Business
CUS008030,Arjun Mehta,Jaipur,Delhi,2024-04-27,Retail
CUS008031,Aditya Patel,Hyderabad,West Bengal,2024-02-21,Retail
CUS008032,Aarav Joshi,Bengaluru,Telangana,2024-08-02,Enterprise
CUS008033,Vikram Singh,Chennai,Telangana,2022-09-05,Business
CUS008034,Kavya Gupta,Ahmedabad,Telangana,2024-07-14,Retail
CUS008035,Aditya Patel,Ahmedabad,Rajasthan,2024-12-29,Business
CUS008036,Simran Jain,Ahmedabad,Gujarat,2023-04-19,Business
CUS008037,Aarav Sharma,Jaipur,Rajasthan,2025-05-22,Business
CUS008038,Priya Kapoor,Bengaluru,Maharashtra,2022-09-13,Business
CUS008039,Pooja Gupta,Kolkata,Rajasthan,2022-08-02,Business
CUS008040,Meera Mehta,Pune,Rajasthan,2024-12-20,Retail
CUS008041,Neha Patel,Jaipur,Uttar Pradesh,2022-03-19,Enterprise
CUS008042,Rahul Verma,Hyderabad,Gujarat,2026-01-05,Retail
CUS008043,Pooja Kapoor,Delhi,Gujarat,2022-05-15,Business
CUS008044,Ananya Verma,Ahmedabad,Maharashtra,2025-01-21,Business
CUS008045,Ananya Mehta,Bengaluru,Maharashtra,2023-06-21,Enterprise
CUS008046,Ananya Patel,Jaipur,Maharashtra,2023-01-25,Business
CUS008047,Rahul Jain,Lucknow,Karnataka,2024-12-01,Enterprise
CUS008048,Aarav Verma,Chennai,Maharashtra,2025-08-24,Retail
CUS008049,Aarav Kapoor,Bengaluru,Telangana,2025-03-08,Retail
CUS008050,Aditya Mehta,Hyderabad,West Bengal,2024-04-24,Business
CUS008051,Simran Jain,Kolkata,Karnataka,2025-02-22,Enterprise
CUS008052,Aisha Kapoor,Mumbai,Karnataka,2023-04-24,Enterprise
CUS008053,Vikram Jain,Delhi,West Bengal,2025-11-25,Enterprise
CUS008054,Arjun Kapoor,Mumbai,Tamil Nadu,2023-12-09,Retail
CUS008055,Simran Jain,Chennai,Rajasthan,2024-12-31,Retail
CUS008056,Vivaan Jain,Mumbai,Karnataka,2024-03-25,Business
CUS008057,Aditya Mehta,Pune,Karnataka,2023-05-16,Enterprise
CUS008058,Ishita Patel,Kolkata,Rajasthan,2024-07-20,Business
CUS008059,Aarav Jain,Jaipur,West Bengal,2023-09-27,Enterprise
CUS008060,Aarav Joshi,Delhi,Gujarat,2025-11-16,Enterprise
CUS008061,Neha Kapoor,Jaipur,Maharashtra,2022-01-08,Business
CUS008062,Aarav Singh,Lucknow,Maharashtra,2024-05-04,Business
CUS008063,Pooja Patel,Delhi,Rajasthan,2024-11-11,Enterprise
CUS008064,Priya Joshi,Lucknow,Karnataka,2025-05-17,Enterprise
CUS008065,Pooja Gupta,Lucknow,Karnataka,2022-04-29,Enterprise
CUS008066,Rahul Jain,Kolkata,Rajasthan,2022-07-17,Business
CUS008067,Aisha Malhotra,Chennai,Karnataka,2025-04-30,Business
CUS008068,Priya Mehta,Lucknow,Rajasthan,2026-02-02,Retail
CUS008069,Priya Jain,Pune,West Bengal,2022-12-09,Enterprise
CUS008070,Ishita Kapoor,Ahmedabad,Maharashtra,2025-10-22,Retail
CUS008071,Kavya Mehta,Delhi,Karnataka,2022-04-17,Enterprise
CUS008072,Sneha Joshi,Jaipur,Maharashtra,2022-05-13,Enterprise
CUS008073,Simran Verma,Ahmedabad,West Bengal,2022-03-18,Retail
CUS008074,Neha Patel,Delhi,Rajasthan,2022-01-02,Business
CUS008075,Ishita Joshi,Mumbai,Delhi,2022-03-18,Enterprise
CUS008076,Ananya Mehta,Delhi,Telangana,2025-01-28,Business
CUS008077,Ishita Kapoor,Chennai,Gujarat,2023-01-16,Retail
CUS008078,Karan Kapoor,Jaipur,Gujarat,2025-12-09,Retail
CUS008079,Vikram Singh,Delhi,West Bengal,2024-07-29,Business
CUS008080,Aarav Mehta,Bengaluru,Uttar Pradesh,2025-08-24,Enterprise
CUS008081,Kavya Patel,Bengaluru,Gujarat,2025-02-15,Enterprise
CUS008082,Simran Sharma,Ahmedabad,Tamil Nadu,2024-08-29,Business
CUS008083,Aditya Mehta,Lucknow,Rajasthan,2023-05-30,Enterprise
CUS008084,Priya Mehta,Ahmedabad,Karnataka,2025-10-15,Retail
CUS008085,Vikram Gupta,Ahmedabad,Maharashtra,2024-11-04,Business
CUS008086,Meera Singh,Chennai,West Bengal,2024-07-16,Business
CUS008087,Vikram Kapoor,Chennai,Uttar Pradesh,2022-10-10,Enterprise
CUS008088,Amit Verma,Chennai,Rajasthan,2023-04-24,Business
CUS008089,Aditya Kapoor,Jaipur,Karnataka,2024-06-19,Business
CUS008090,Ishita Kapoor,Lucknow,Delhi,2023-01-25,Enterprise
CUS008091,Sneha Sharma,Hyderabad,Delhi,2023-07-05,Business
CUS008092,Kavya Sharma,Delhi,Tamil Nadu,2024-03-09,Business
CUS008093,Vivaan Jain,Mumbai,West Bengal,2024-11-24,Retail
CUS008094,Amit Gupta,Lucknow,Rajasthan,2025-01-24,Retail
CUS008095,Sneha Patel,Pune,Karnataka,2024-06-16,Enterprise
CUS008096,Aisha Singh,Delhi,Uttar Pradesh,2023-08-21,Retail
CUS008097,Priya Kapoor,Pune,Telangana,2023-03-15,Business
CUS008098,Neha Patel,Delhi,Gujarat,2025-06-05,Enterprise
CUS008099,Aarav Kapoor,Ahmedabad,Tamil Nadu,2023-10-16,Retail
CUS008100,Aarav Kapoor,Ahmedabad,Maharashtra,2025-06-12,Enterprise
CUS008101,Karan Sharma,Kolkata,Rajasthan,2023-02-28,Enterprise
CUS008102,Ananya Patel,Bengaluru,Delhi,2025-06-28,Business
CUS008103,Vivaan Jain,Kolkata,Tamil Nadu,2025-04-19,Business
CUS008104,Rohan Gupta,Pune,Maharashtra,2024-04-06,Business
CUS008105,Karan Gupta,Chennai,Tamil Nadu,2024-08-30,Business
CUS008106,Nikhil Mehta,Bengaluru,Delhi,2025-02-11,Retail
CUS008107,Aarav Joshi,Pune,Tamil Nadu,2024-03-18,Retail
CUS008108,Kavya Gupta,Kolkata,Karnataka,2024-12-07,Enterprise
CUS008109,Ishita Patel,Pune,Uttar Pradesh,2024-04-08,Retail
CUS008110,Aarav Mehta,Ahmedabad,Maharashtra,2024-04-15,Enterprise
CUS008111,Aditya Gupta,Bengaluru,Maharashtra,2024-06-21,Business
CUS008112,Sneha Sharma,Delhi,Telangana,2023-08-21,Enterprise
CUS008113,Meera Mehta,Lucknow,West Bengal,2025-12-09,Enterprise
CUS008114,Aditya Kapoor,Mumbai,Telangana,2023-03-13,Retail
CUS008115,Sneha Malhotra,Kolkata,Tamil Nadu,2024-07-27,Business
CUS008116,Meera Verma,Ahmedabad,Maharashtra,2024-02-27,Enterprise
CUS008117,Ananya Verma,Delhi,Gujarat,2022-02-13,Business
CUS008118,Ananya Singh,Jaipur,Rajasthan,2022-11-19,Enterprise
CUS008119,Ishita Malhotra,Lucknow,Gujarat,2025-04-20,Business
CUS008120,Sneha Sharma,Jaipur,Maharashtra,2024-11-18,Business
CUS008121,Kavya Kapoor,Jaipur,Maharashtra,2023-08-14,Retail
CUS008122,Ishita Sharma,Bengaluru,Gujarat,2023-04-02,Business
CUS008123,Nikhil Joshi,Hyderabad,Tamil Nadu,2022-08-04,Retail
CUS008124,Sneha Patel,Lucknow,Karnataka,2024-07-10,Enterprise
CUS008125,Vivaan Jain,Delhi,Uttar Pradesh,2023-03-03,Retail
CUS008126,Amit Verma,Hyderabad,Karnataka,2022-05-24,Enterprise
CUS008127,Rohan Patel,Bengaluru,Telangana,2025-12-31,Business
CUS008128,Kavya Joshi,Lucknow,Uttar Pradesh,2025-05-06,Retail
CUS008129,Vivaan Joshi,Delhi,Tamil Nadu,2024-04-01,Business
CUS008130,Pooja Joshi,Delhi,Karnataka,2022-04-28,Business
CUS008131,Ananya Mehta,Chennai,West Bengal,2024-12-15,Retail
CUS008132,Karan Patel,Chennai,Maharashtra,2022-04-18,Business
CUS008133,Arjun Singh,Ahmedabad,West Bengal,2024-07-21,Business
CUS008134,Sneha Joshi,Lucknow,Tamil Nadu,2025-04-02,Enterprise
CUS008135,Ananya Jain,Delhi,Telangana,2025-05-16,Business
CUS008136,Vikram Singh,Kolkata,Maharashtra,2025-04-21,Business
CUS008137,Vikram Gupta,Chennai,West Bengal,2025-04-08,Retail
CUS008138,Rahul Sharma,Lucknow,Telangana,2023-11-17,Business
CUS008139,Aarav Jain,Jaipur,Uttar Pradesh,2025-11-09,Business
CUS008140,Ishita Singh,Jaipur,Rajasthan,2022-10-11,Business
CUS008141,Simran Joshi,Ahmedabad,Uttar Pradesh,2023-07-26,Retail
CUS008142,Priya Mehta,Ahmedabad,West Bengal,2023-07-07,Enterprise
CUS008143,Nikhil Mehta,Jaipur,Uttar Pradesh,2025-04-09,Business
CUS008144,Amit Sharma,Jaipur,West Bengal,2024-11-27,Business
CUS008145,Priya Malhotra,Mumbai,Telangana,2022-09-08,Enterprise
CUS008146,Priya Gupta,Lucknow,Maharashtra,2026-01-24,Enterprise
CUS008147,Ishita Malhotra,Pune,Telangana,2023-08-20,Business
CUS008148,Karan Verma,Delhi,West Bengal,2022-04-20,Business
CUS008149,Rahul Gupta,Hyderabad,Telangana,2023-12-05,Enterprise
CUS008150,Rahul Joshi,Jaipur,Gujarat,2022-05-11,Retail
CUS008151,Amit Gupta,Hyderabad,West Bengal,2025-08-22,Retail
CUS008152,Pooja Joshi,Hyderabad,Maharashtra,2024-07-23,Business
CUS008153,Aditya Malhotra,Bengaluru,Uttar Pradesh,2022-09-11,Business
CUS008154,Sneha Sharma,Bengaluru,West Bengal,2025-01-23,Retail
CUS008155,Pooja Sharma,Bengaluru,Tamil Nadu,2024-04-27,Enterprise
CUS008156,Amit Malhotra,Mumbai,Maharashtra,2025-02-20,Enterprise
CUS008157,Meera Kapoor,Kolkata,West Bengal,2024-07-29,Retail
CUS008158,Vikram Gupta,Pune,Maharashtra,2023-01-27,Enterprise
CUS008159,Amit Singh,Lucknow,Delhi,2023-10-23,Business
CUS008160,Karan Malhotra,Kolkata,Telangana,2025-10-17,Business
CUS008161,Priya Patel,Kolkata,West Bengal,2022-05-18,Enterprise
CUS008162,Sneha Jain,Ahmedabad,Gujarat,2026-02-06,Business
CUS008163,Nikhil Mehta,Mumbai,Gujarat,2023-04-22,Retail
CUS008164,Pooja Mehta,Bengaluru,Rajasthan,2022-09-02,Retail
CUS008165,Aarav Singh,Delhi,Gujarat,2022-09-23,Business
CUS008166,Amit Kapoor,Ahmedabad,Telangana,2022-02-25,Enterprise
CUS008167,Neha Mehta,Ahmedabad,Tamil Nadu,2023-07-21,Enterprise
CUS008168,Vikram Joshi,Pune,Tamil Nadu,2023-04-06,Business
CUS008169,Ishita Verma,Bengaluru,Telangana,2025-02-27,Enterprise
CUS008170,Kavya Verma,Mumbai,Delhi,2022-08-12,Enterprise
CUS008171,Karan Mehta,Delhi,Maharashtra,2025-01-12,Enterprise
CUS008172,Vivaan Patel,Delhi,Rajasthan,2025-06-15,Retail
CUS008173,Neha Kapoor,Delhi,Rajasthan,2022-01-19,Retail
CUS008174,Simran Jain,Pune,Tamil Nadu,2023-05-20,Business
CUS008175,Kavya Sharma,Hyderabad,Tamil Nadu,2024-03-28,Enterprise
CUS008176,Aisha Malhotra,Ahmedabad,Uttar Pradesh,2022-03-22,Retail
CUS008177,Aditya Malhotra,Delhi,Karnataka,2023-01-21,Retail
CUS008178,Kavya Jain,Hyderabad,Maharashtra,2023-07-12,Retail
CUS008179,Kavya Joshi,Chennai,Rajasthan,2025-11-13,Business
CUS008180,Rahul Joshi,Ahmedabad,Rajasthan,2024-05-04,Retail
CUS008181,Rohan Joshi,Kolkata,Uttar Pradesh,2023-02-09,Retail
CUS008182,Priya Singh,Chennai,Gujarat,2025-06-14,Business
CUS008183,Rahul Sharma,Mumbai,Rajasthan,2023-07-03,Business
CUS008184,Kavya Joshi,Ahmedabad,Gujarat,2022-06-21,Business
CUS008185,Rohan Malhotra,Chennai,Maharashtra,2026-02-06,Business
CUS008186,Ishita Patel,Pune,Karnataka,2022-06-09,Enterprise
CUS008187,Ishita Patel,Kolkata,Karnataka,2025-09-30,Retail
CUS008188,Aisha Gupta,Delhi,Karnataka,2023-06-08,Enterprise
CUS008189,Aisha Gupta,Chennai,Telangana,2024-05-29,Enterprise
CUS008190,Aditya Jain,Pune,Karnataka,2025-01-14,Business
CUS008191,Aisha Joshi,Delhi,Gujarat,2023-06-18,Business
CUS008192,Vivaan Patel,Lucknow,Rajasthan,2025-06-18,Retail
CUS008193,Nikhil Malhotra,Mumbai,Telangana,2025-10-23,Retail
CUS008194,Kavya Singh,Chennai,Telangana,2023-01-04,Business
CUS008195,Aisha Jain,Jaipur,Gujarat,2025-08-17,Retail
CUS008196,Vikram Kapoor,Mumbai,Karnataka,2024-11-03,Business
CUS008197,Karan Gupta,Mumbai,Karnataka,2023-06-11,Retail
CUS008198,Karan Verma,Lucknow,Maharashtra,2024-10-27,Enterprise
CUS008199,Kavya Sharma,Chennai,Rajasthan,2022-10-11,Enterprise
CUS008200,Neha Sharma,Chennai,Tamil Nadu,2023-07-06,Business
CUS008201,Meera Patel,Delhi,Maharashtra,2024-04-02,Enterprise
CUS008202,Aarav Mehta,Mumbai,Maharashtra,2025-07-02,Enterprise
CUS008203,Meera Malhotra,Kolkata,Karnataka,2025-08-02,Business
CUS008204,Rahul Gupta,Bengaluru,Maharashtra,2023-04-21,Retail
CUS008205,Kavya Kapoor,Hyderabad,Gujarat,2023-09-26,Retail
CUS008206,Amit Verma,Hyderabad,Delhi,2025-01-25,Retail
CUS008207,Kavya Verma,Pune,Maharashtra,2025-04-11,Retail
CUS008208,Ananya Patel,Lucknow,Tamil Nadu,2022-04-08,Business
CUS008209,Pooja Joshi,Bengaluru,Maharashtra,2023-12-02,Enterprise
CUS008210,Ananya Malhotra,Pune,Maharashtra,2023-05-07,Business
CUS008211,Ananya Jain,Lucknow,Delhi,2024-03-06,Retail
CUS008212,Aarav Gupta,Chennai,Tamil Nadu,2025-12-18,Business
CUS008213,Sneha Jain,Jaipur,Telangana,2025-05-28,Business
CUS008214,Meera Mehta,Chennai,West Bengal,2025-01-23,Enterprise
CUS008215,Priya Singh,Lucknow,Karnataka,2025-05-18,Enterprise
CUS008216,Ishita Singh,Mumbai,Maharashtra,2025-03-30,Enterprise
CUS008217,Meera Patel,Jaipur,Rajasthan,2024-11-07,Business
CUS008218,Karan Kapoor,Kolkata,Rajasthan,2023-01-18,Enterprise
CUS008219,Aarav Malhotra,Chennai,West Bengal,2023-01-04,Enterprise
CUS008220,Nikhil Singh,Lucknow,West Bengal,2024-11-27,Retail
CUS008221,Aarav Patel,Jaipur,Uttar Pradesh,2025-02-25,Business
CUS008222,Meera Malhotra,Jaipur,Telangana,2024-04-07,Enterprise
CUS008223,Aarav Joshi,Hyderabad,Tamil Nadu,2024-05-09,Retail
CUS008224,Kavya Mehta,Kolkata,Maharashtra,2023-03-05,Retail
CUS008225,Karan Patel,Jaipur,Rajasthan,2024-07-04,Business
CUS008226,Nikhil Joshi,Chennai,Maharashtra,2025-04-02,Enterprise
CUS008227,Vivaan Jain,Pune,West Bengal,2023-12-01,Enterprise
CUS008228,Rahul Sharma,Hyderabad,Gujarat,2025-04-13,Retail
CUS008229,Karan Verma,Bengaluru,Uttar Pradesh,2022-02-12,Enterprise
CUS008230,Sneha Verma,Jaipur,Telangana,2024-09-10,Business
CUS008231,Ananya Malhotra,Delhi,Maharashtra,2022-11-02,Business
CUS008232,Neha Verma,Pune,West Bengal,2023-04-28,Enterprise
CUS008233,Arjun Malhotra,Kolkata,Maharashtra,2025-01-13,Enterprise
CUS008234,Amit Sharma,Mumbai,Maharashtra,2023-01-06,Retail
CUS008235,Ananya Mehta,Kolkata,Delhi,2025-06-04,Enterprise
CUS008236,Aditya Mehta,Lucknow,Telangana,2022-09-14,Business
CUS008237,Aditya Mehta,Ahmedabad,Gujarat,2023-07-17,Business
CUS008238,Aditya Sharma,Kolkata,Uttar Pradesh,2023-03-27,Business
CUS008239,Rohan Joshi,Chennai,Gujarat,2024-01-21,Retail
CUS008240,Aarav Kapoor,Bengaluru,Maharashtra,2025-11-03,Retail
CUS008241,Aarav Sharma,Mumbai,Gujarat,2022-06-13,Enterprise
CUS008242,Nikhil Singh,Delhi,Maharashtra,2023-11-08,Retail
CUS008243,Simran Sharma,Pune,West Bengal,2023-08-28,Retail
CUS008244,Sneha Mehta,Hyderabad,Karnataka,2022-03-19,Enterprise
CUS008245,Sneha Sharma,Hyderabad,Delhi,2025-02-13,Enterprise
CUS008246,Priya Patel,Ahmedabad,West Bengal,2022-10-15,Retail
CUS008247,Rahul Verma,Ahmedabad,Telangana,2023-07-30,Business
CUS008248,Arjun Sharma,Ahmedabad,Maharashtra,2024-03-16,Retail
CUS008249,Aisha Joshi,Bengaluru,West Bengal,2024-07-17,Enterprise
CUS008250,Pooja Malhotra,Delhi,Maharashtra,2023-06-08,Retail
CUS008251,Pooja Patel,Pune,Maharashtra,2024-07-29,Retail
CUS008252,Amit Sharma,Jaipur,Telangana,2024-08-22,Enterprise
CUS008253,Pooja Sharma,Mumbai,Maharashtra,2024-07-23,Retail
CUS008254,Meera Mehta,Hyderabad,West Bengal,2025-07-30,Enterprise
CUS008255,Aisha Gupta,Jaipur,Tamil Nadu,2024-07-19,Business
CUS008256,Karan Malhotra,Pune,Karnataka,2026-02-07,Retail
CUS008257,Sneha Joshi,Chennai,Uttar Pradesh,2026-01-30,Business
CUS008258,Vikram Malhotra,Mumbai,Maharashtra,2025-04-09,Enterprise
CUS008259,Amit Malhotra,Bengaluru,West Bengal,2024-12-19,Business
CUS008260,Pooja Mehta,Chennai,Delhi,2023-03-21,Retail
CUS008261,Pooja Sharma,Hyderabad,Tamil Nadu,2023-03-15,Retail
CUS008262,Neha Singh,Pune,Telangana,2025-06-07,Enterprise
CUS008263,Rohan Sharma,Kolkata,Maharashtra,2022-01-05,Retail
CUS008264,Rahul Mehta,Kolkata,Tamil Nadu,2023-11-23,Business
CUS008265,Karan Gupta,Bengaluru,Uttar Pradesh,2024-06-08,Business
CUS008266,Aditya Mehta,Bengaluru,Rajasthan,2022-10-13,Business
CUS008267,Aditya Patel,Kolkata,Delhi,2025-07-23,Retail
CUS008268,Vivaan Singh,Chennai,Rajasthan,2022-12-02,Retail
CUS008269,Vikram Jain,Ahmedabad,Karnataka,2025-11-04,Retail
CUS008270,Aarav Kapoor,Pune,Telangana,2025-02-07,Enterprise
CUS008271,Aarav Kapoor,Jaipur,Gujarat,2025-11-23,Retail
CUS008272,Arjun Jain,Chennai,Rajasthan,2022-02-12,Business
CUS008273,Ishita Singh,Pune,Gujarat,2023-10-15,Enterprise
CUS008274,Karan Joshi,Delhi,Maharashtra,2022-07-24,Retail
CUS008275,Karan Patel,Ahmedabad,Rajasthan,2022-08-05,Retail
CUS008276,Simran Kapoor,Mumbai,West Bengal,2024-05-01,Business
CUS008277,Priya Gupta,Delhi,Maharashtra,2023-11-15,Retail
CUS008278,Aisha Joshi,Bengaluru,West Bengal,2022-08-23,Retail
CUS008279,Aarav Joshi,Pune,Gujarat,2024-12-29,Business
CUS008280,Nikhil Mehta,Hyderabad,Gujarat,2023-09-22,Retail
CUS008281,Ishita Joshi,Bengaluru,Tamil Nadu,2025-05-27,Business
CUS008282,Aisha Kapoor,Lucknow,Tamil Nadu,2023-01-28,Enterprise
CUS008283,Karan Verma,Delhi,Tamil Nadu,2022-12-20,Business
CUS008284,Karan Joshi,Ahmedabad,Rajasthan,2025-04-08,Enterprise
CUS008285,Vikram Joshi,Bengaluru,Uttar Pradesh,2024-02-05,Retail
CUS008286,Sneha Mehta,Pune,Karnataka,2026-01-25,Retail
CUS008287,Priya Joshi,Pune,Maharashtra,2023-06-27,Enterprise
CUS008288,Aarav Malhotra,Chennai,Maharashtra,2025-10-22,Business
CUS008289,Aditya Gupta,Mumbai,Uttar Pradesh,2025-06-03,Business
CUS008290,Priya Jain,Bengaluru,Maharashtra,2025-08-25,Business
CUS008291,Vikram Joshi,Delhi,Tamil Nadu,2026-01-09,Enterprise
CUS008292,Aisha Patel,Mumbai,Tamil Nadu,2025-07-31,Enterprise
CUS008293,Amit Gupta,Bengaluru,Karnataka,2024-10-31,Business
CUS008294,Aditya Mehta,Delhi,Uttar Pradesh,2025-10-31,Retail
CUS008295,Aisha Jain,Jaipur,Rajasthan,2022-06-28,Business
CUS008296,Aisha Mehta,Pune,Karnataka,2022-02-24,Enterprise
CUS008297,Pooja Sharma,Chennai,Maharashtra,2025-08-01,Enterprise
CUS008298,Ananya Verma,Bengaluru,Telangana,2025-03-08,Retail
CUS008299,Aisha Singh,Chennai,Gujarat,2024-12-16,Retail
CUS008300,Nikhil Joshi,Kolkata,Uttar Pradesh,2025-07-12,Retail
CUS008301,Ishita Joshi,Delhi,Telangana,2025-12-07,Business
CUS008302,Arjun Mehta,Kolkata,Gujarat,2022-10-23,Retail
CUS008303,Pooja Joshi,Hyderabad,Karnataka,2022-02-12,Enterprise
CUS008304,Aisha Verma,Kolkata,Telangana,2022-09-25,Enterprise
CUS008305,Ananya Jain,Ahmedabad,Rajasthan,2023-04-29,Enterprise
CUS008306,Ishita Kapoor,Kolkata,Maharashtra,2025-05-22,Enterprise
CUS008307,Rohan Malhotra,Chennai,Maharashtra,2024-05-11,Enterprise
CUS008308,Rohan Kapoor,Lucknow,Maharashtra,2025-02-13,Business
CUS008309,Meera Verma,Jaipur,Delhi,2024-02-13,Retail
CUS008310,Karan Joshi,Bengaluru,Karnataka,2022-07-29,Retail
CUS008311,Kavya Kapoor,Mumbai,Delhi,2025-10-04,Enterprise
CUS008312,Karan Mehta,Ahmedabad,Karnataka,2023-06-29,Retail
CUS008313,Neha Patel,Lucknow,West Bengal,2023-06-01,Business
CUS008314,Karan Mehta,Chennai,Delhi,2022-09-22,Business
CUS008315,Sneha Malhotra,Ahmedabad,Rajasthan,2023-11-10,Retail
CUS008316,Aisha Malhotra,Delhi,Maharashtra,2024-09-03,Business
CUS008317,Aditya Joshi,Mumbai,Karnataka,2024-01-31,Enterprise
CUS008318,Rahul Kapoor,Hyderabad,Tamil Nadu,2023-06-18,Enterprise
CUS008319,Karan Sharma,Chennai,Maharashtra,2025-07-05,Retail
CUS008320,Meera Joshi,Hyderabad,Tamil Nadu,2025-12-23,Enterprise
CUS008321,Vivaan Joshi,Ahmedabad,Gujarat,2023-10-02,Enterprise
CUS008322,Karan Kapoor,Hyderabad,Maharashtra,2023-04-08,Enterprise
CUS008323,Priya Patel,Delhi,West Bengal,2024-06-11,Retail
CUS008324,Vikram Kapoor,Bengaluru,Karnataka,2023-12-19,Enterprise
CUS008325,Ishita Kapoor,Delhi,Delhi,2023-06-09,Business
CUS008326,Rahul Verma,Jaipur,Rajasthan,2022-09-01,Business
CUS008327,Aarav Singh,Chennai,Karnataka,2023-09-26,Retail
CUS008328,Vikram Mehta,Chennai,Telangana,2024-04-14,Retail
CUS008329,Neha Patel,Mumbai,Uttar Pradesh,2025-09-05,Retail
CUS008330,Vivaan Patel,Hyderabad,West Bengal,2023-04-01,Enterprise
CUS008331,Aditya Jain,Lucknow,Rajasthan,2025-08-28,Retail
CUS008332,Kavya Kapoor,Hyderabad,Telangana,2025-02-20,Enterprise
CUS008333,Aarav Patel,Delhi,West Bengal,2024-08-30,Retail
CUS008334,Rahul Joshi,Kolkata,Maharashtra,2023-10-21,Business
CUS008335,Nikhil Gupta,Bengaluru,Uttar Pradesh,2022-01-10,Enterprise
CUS008336,Arjun Joshi,Hyderabad,Telangana,2024-09-25,Enterprise
CUS008337,Neha Sharma,Jaipur,Maharashtra,2025-09-07,Retail
CUS008338,Aarav Kapoor,Lucknow,Delhi,2022-12-08,Enterprise
CUS008339,Vivaan Mehta,Hyderabad,Maharashtra,2025-05-24,Enterprise
CUS008340,Sneha Gupta,Jaipur,Telangana,2022-03-09,Retail
CUS008341,Simran Singh,Kolkata,Gujarat,2023-05-31,Business
CUS008342,Rahul Mehta,Chennai,Rajasthan,2024-07-16,Retail
CUS008343,Nikhil Sharma,Delhi,Karnataka,2025-01-31,Business
CUS008344,Kavya Mehta,Delhi,Gujarat,2022-03-31,Retail
CUS008345,Pooja Sharma,Chennai,Uttar Pradesh,2025-01-18,Retail
CUS008346,Arjun Kapoor,Jaipur,Rajasthan,2022-01-28,Retail
CUS008347,Priya Sharma,Pune,Tamil Nadu,2023-02-04,Business
CUS008348,Pooja Jain,Jaipur,Gujarat,2024-12-08,Enterprise
CUS008349,Vikram Jain,Delhi,Maharashtra,2023-01-26,Retail
CUS008350,Karan Patel,Pune,Rajasthan,2022-05-09,Business
CUS008351,Simran Jain,Delhi,Karnataka,2025-12-20,Enterprise
CUS008352,Karan Mehta,Ahmedabad,Delhi,2022-08-20,Business
CUS008353,Neha Patel,Chennai,Maharashtra,2025-03-30,Enterprise
CUS008354,Vivaan Joshi,Pune,Delhi,2024-07-19,Enterprise
CUS008355,Rahul Malhotra,Delhi,Uttar Pradesh,2023-09-24,Retail
CUS008356,Pooja Mehta,Bengaluru,Tamil Nadu,2025-01-06,Retail
CUS008357,Ishita Malhotra,Delhi,Gujarat,2023-02-15,Enterprise
CUS008358,Simran Kapoor,Kolkata,Telangana,2025-06-15,Business
CUS008359,Meera Malhotra,Mumbai,Maharashtra,2025-06-02,Retail
CUS008360,Priya Singh,Chennai,Tamil Nadu,2024-12-10,Enterprise
CUS008361,Meera Joshi,Delhi,Rajasthan,2025-08-23,Retail
CUS008362,Neha Mehta,Bengaluru,Rajasthan,2025-06-01,Retail
CUS008363,Aisha Patel,Lucknow,Maharashtra,2023-12-19,Business
CUS008364,Pooja Joshi,Chennai,Karnataka,2022-02-07,Enterprise
CUS008365,Rahul Malhotra,Ahmedabad,Maharashtra,2023-07-11,Enterprise
CUS008366,Simran Malhotra,Pune,Uttar Pradesh,2023-09-02,Retail
CUS008367,Aisha Joshi,Lucknow,Tamil Nadu,2025-07-08,Enterprise
CUS008368,Rohan Sharma,Delhi,West Bengal,2025-05-05,Enterprise
CUS008369,Amit Patel,Hyderabad,Tamil Nadu,2023-06-24,Enterprise
CUS008370,Aditya Patel,Jaipur,Uttar Pradesh,2022-09-05,Business
CUS008371,Rohan Kapoor,Hyderabad,Tamil Nadu,2024-11-22,Business
CUS008372,Pooja Joshi,Hyderabad,Uttar Pradesh,2023-06-12,Retail
CUS008373,Vivaan Malhotra,Delhi,Gujarat,2023-01-12,Enterprise
CUS008374,Nikhil Mehta,Chennai,Rajasthan,2022-02-15,Business
CUS008375,Rohan Sharma,Pune,Rajasthan,2025-07-30,Enterprise
CUS008376,Aarav Gupta,Kolkata,Maharashtra,2022-06-14,Enterprise
CUS008377,Vikram Verma,Bengaluru,Tamil Nadu,2024-07-03,Business
CUS008378,Rahul Malhotra,Delhi,Tamil Nadu,2023-12-06,Enterprise
CUS008379,Meera Mehta,Jaipur,Maharashtra,2025-12-09,Enterprise
CUS008380,Pooja Verma,Ahmedabad,Uttar Pradesh,2026-02-01,Retail
CUS008381,Aarav Patel,Chennai,Rajasthan,2022-08-16,Retail
CUS008382,Ananya Mehta,Delhi,Telangana,2025-12-12,Retail
CUS008383,Ishita Malhotra,Hyderabad,West Bengal,2025-10-21,Retail
CUS008384,Aarav Jain,Chennai,Maharashtra,2025-03-17,Enterprise
CUS008385,Vivaan Mehta,Kolkata,Delhi,2023-09-24,Enterprise
CUS008386,Neha Mehta,Pune,Uttar Pradesh,2024-01-07,Business
CUS008387,Vikram Jain,Hyderabad,Rajasthan,2024-09-08,Business
CUS008388,Ishita Joshi,Ahmedabad,Karnataka,2022-04-22,Enterprise
CUS008389,Pooja Singh,Chennai,West Bengal,2022-09-28,Enterprise
CUS008390,Pooja Malhotra,Pune,Uttar Pradesh,2022-07-13,Enterprise
CUS008391,Vivaan Sharma,Ahmedabad,Karnataka,2023-07-01,Enterprise
CUS008392,Karan Verma,Mumbai,Rajasthan,2022-01-30,Business
CUS008393,Rahul Sharma,Delhi,Delhi,2023-02-03,Retail
CUS008394,Kavya Malhotra,Kolkata,Tamil Nadu,2024-07-24,Retail
CUS008395,Ananya Mehta,Jaipur,Delhi,2024-10-23,Business
CUS008396,Sneha Gupta,Kolkata,Tamil Nadu,2026-01-30,Business
CUS008397,Meera Jain,Chennai,Rajasthan,2024-04-27,Enterprise
CUS008398,Kavya Mehta,Jaipur,Tamil Nadu,2022-02-20,Enterprise
CUS008399,Aisha Mehta,Hyderabad,Rajasthan,2024-09-03,Enterprise
CUS008400,Rohan Mehta,Hyderabad,Rajasthan,2024-08-26,Retail
CUS008401,Priya Sharma,Pune,Maharashtra,2022-12-26,Business
CUS008402,Meera Verma,Ahmedabad,Telangana,2023-11-29,Retail
CUS008403,Priya Verma,Kolkata,Uttar Pradesh,2024-11-09,Business
CUS008404,Rahul Malhotra,Hyderabad,Rajasthan,2023-08-10,Business
CUS008405,Karan Sharma,Hyderabad,Maharashtra,2025-11-12,Enterprise
CUS008406,Ishita Gupta,Pune,Tamil Nadu,2025-09-26,Enterprise
CUS008407,Sneha Singh,Bengaluru,West Bengal,2022-03-24,Business
CUS008408,Amit Gupta,Mumbai,Maharashtra,2024-12-06,Retail
CUS008409,Simran Mehta,Mumbai,Karnataka,2024-12-31,Enterprise
CUS008410,Karan Gupta,Lucknow,Tamil Nadu,2023-10-30,Enterprise
CUS008411,Neha Jain,Delhi,Uttar Pradesh,2024-12-10,Retail
CUS008412,Ananya Singh,Delhi,Telangana,2022-06-06,Enterprise
CUS008413,Amit Joshi,Kolkata,Maharashtra,2022-06-15,Enterprise
CUS008414,Aarav Patel,Ahmedabad,West Bengal,2025-11-28,Business
CUS008415,Ishita Singh,Ahmedabad,Maharashtra,2023-06-25,Enterprise
CUS008416,Amit Sharma,Lucknow,Rajasthan,2023-11-11,Enterprise
CUS008417,Rahul Joshi,Mumbai,Telangana,2023-04-03,Enterprise
CUS008418,Aisha Malhotra,Hyderabad,West Bengal,2023-06-02,Enterprise
CUS008419,Ananya Verma,Kolkata,Gujarat,2025-11-28,Enterprise
CUS008420,Pooja Malhotra,Bengaluru,Rajasthan,2024-05-05,Retail
CUS008421,Sneha Patel,Jaipur,West Bengal,2024-07-29,Business
CUS008422,Ishita Gupta,Jaipur,Maharashtra,2025-01-10,Business
CUS008423,Ananya Patel,Lucknow,Gujarat,2025-07-23,Business
CUS008424,Rohan Patel,Kolkata,Uttar Pradesh,2022-03-16,Enterprise
CUS008425,Aarav Gupta,Bengaluru,Maharashtra,2022-10-02,Business
CUS008426,Aarav Gupta,Chennai,West Bengal,2023-09-05,Retail
CUS008427,Rahul Kapoor,Hyderabad,Tamil Nadu,2025-06-26,Business
CUS008428,Pooja Joshi,Ahmedabad,Uttar Pradesh,2023-10-20,Business
CUS008429,Simran Patel,Delhi,Gujarat,2024-11-22,Retail
CUS008430,Priya Sharma,Kolkata,Rajasthan,2023-05-11,Business
CUS008431,Ananya Patel,Jaipur,Karnataka,2023-12-15,Enterprise
CUS008432,Ishita Patel,Delhi,Karnataka,2023-06-20,Business
CUS008433,Simran Jain,Bengaluru,Delhi,2024-01-28,Enterprise
CUS008434,Nikhil Sharma,Delhi,Telangana,2023-12-13,Business
CUS008435,Vikram Patel,Mumbai,Gujarat,2023-01-02,Enterprise
CUS008436,Karan Verma,Bengaluru,Tamil Nadu,2022-07-30,Business
CUS008437,Amit Jain,Jaipur,Gujarat,2023-02-16,Retail
CUS008438,Vikram Sharma,Delhi,Karnataka,2022-07-24,Business
CUS008439,Neha Sharma,Delhi,Rajasthan,2022-06-02,Retail
CUS008440,Sneha Sharma,Kolkata,Gujarat,2023-04-21,Business
CUS008441,Neha Singh,Bengaluru,Telangana,2025-10-24,Business
CUS008442,Aarav Jain,Ahmedabad,Karnataka,2023-05-19,Enterprise
CUS008443,Meera Mehta,Hyderabad,Maharashtra,2025-12-25,Business
CUS008444,Rohan Malhotra,Jaipur,West Bengal,2022-03-19,Retail
CUS008445,Kavya Jain,Mumbai,Tamil Nadu,2026-01-16,Enterprise
CUS008446,Aditya Verma,Bengaluru,Tamil Nadu,2022-07-15,Business
CUS008447,Rahul Singh,Ahmedabad,Rajasthan,2024-01-20,Retail
CUS008448,Neha Verma,Jaipur,Tamil Nadu,2022-12-14,Business
CUS008449,Vivaan Jain,Bengaluru,Tamil Nadu,2023-08-12,Enterprise
CUS008450,Vikram Jain,Delhi,Telangana,2022-03-14,Business
CUS008451,Meera Singh,Pune,Gujarat,2022-06-07,Retail
CUS008452,Priya Malhotra,Pune,Maharashtra,2023-06-30,Business
CUS008453,Nikhil Malhotra,Delhi,West Bengal,2024-01-16,Enterprise
CUS008454,Rohan Singh,Hyderabad,Maharashtra,2024-11-03,Business
CUS008455,Vivaan Gupta,Ahmedabad,Rajasthan,2025-09-23,Retail
CUS008456,Priya Gupta,Chennai,Tamil Nadu,2024-04-02,Retail
CUS008457,Nikhil Gupta,Lucknow,Rajasthan,2022-05-10,Enterprise
CUS008458,Rahul Kapoor,Hyderabad,Karnataka,2025-06-08,Enterprise
CUS008459,Karan Verma,Jaipur,Gujarat,2025-04-02,Enterprise
CUS008460,Vivaan Sharma,Chennai,Tamil Nadu,2024-09-27,Enterprise
CUS008461,Ananya Singh,Jaipur,Maharashtra,2024-08-01,Enterprise
CUS008462,Rahul Mehta,Ahmedabad,Maharashtra,2025-03-29,Enterprise
CUS008463,Ishita Sharma,Hyderabad,Telangana,2024-07-22,Business
CUS008464,Aarav Patel,Kolkata,Tamil Nadu,2022-02-01,Business
CUS008465,Aisha Mehta,Chennai,Tamil Nadu,2024-11-22,Enterprise
CUS008466,Amit Sharma,Ahmedabad,Tamil Nadu,2024-12-31,Business
CUS008467,Simran Joshi,Delhi,Delhi,2023-02-18,Retail
CUS008468,Ishita Jain,Pune,Telangana,2023-05-07,Retail
CUS008469,Vivaan Mehta,Bengaluru,Maharashtra,2025-03-21,Retail
CUS008470,Vivaan Mehta,Lucknow,West Bengal,2022-07-26,Enterprise
CUS008471,Priya Mehta,Bengaluru,Tamil Nadu,2025-04-26,Retail
CUS008472,Aditya Verma,Delhi,Maharashtra,2022-11-12,Enterprise
CUS008473,Sneha Patel,Delhi,Delhi,2023-03-19,Retail
CUS008474,Pooja Mehta,Mumbai,Telangana,2022-01-05,Enterprise
CUS008475,Rahul Verma,Chennai,Telangana,2022-10-07,Retail
CUS008476,Neha Malhotra,Delhi,Delhi,2023-08-12,Retail
CUS008477,Aarav Jain,Bengaluru,Delhi,2025-12-09,Retail
CUS008478,Aarav Sharma,Mumbai,Karnataka,2022-09-23,Business
CUS008479,Nikhil Malhotra,Delhi,Rajasthan,2025-09-12,Enterprise
CUS008480,Rohan Verma,Bengaluru,Tamil Nadu,2022-05-06,Enterprise
CUS008481,Simran Joshi,Lucknow,Maharashtra,2026-01-02,Retail
CUS008482,Kavya Singh,Delhi,Uttar Pradesh,2023-10-23,Business
CUS008483,Arjun Joshi,Ahmedabad,Delhi,2025-04-20,Business
CUS008484,Nikhil Verma,Ahmedabad,West Bengal,2024-02-09,Business
CUS008485,Vivaan Kapoor,Lucknow,West Bengal,2024-07-27,Enterprise
CUS008486,Meera Singh,Ahmedabad,Maharashtra,2023-07-18,Retail
CUS008487,Pooja Singh,Pune,West Bengal,2022-03-23,Enterprise
CUS008488,Vivaan Mehta,Bengaluru,Karnataka,2024-02-11,Retail
CUS008489,Rahul Joshi,Bengaluru,Maharashtra,2026-01-17,Business
CUS008490,Aisha Joshi,Delhi,Gujarat,2022-05-22,Business
CUS008491,Ananya Mehta,Delhi,Uttar Pradesh,2022-10-26,Business
CUS008492,Kavya Malhotra,Jaipur,Uttar Pradesh,2024-08-21,Enterprise
CUS008493,Karan Joshi,Bengaluru,Rajasthan,2026-01-27,Enterprise
CUS008494,Rohan Verma,Bengaluru,Rajasthan,2022-11-16,Retail
CUS008495,Neha Mehta,Delhi,Uttar Pradesh,2022-11-24,Retail
CUS008496,Rohan Jain,Jaipur,Karnataka,2023-02-08,Enterprise
CUS008497,Aditya Singh,Jaipur,Tamil Nadu,2022-12-28,Enterprise
CUS008498,Rohan Singh,Chennai,Uttar Pradesh,2022-02-27,Business
CUS008499,Rahul Joshi,Pune,Uttar Pradesh,2025-12-15,Business
CUS008500,Vivaan Patel,Hyderabad,Telangana,2022-06-02,Retail
CUS008501,Ishita Gupta,Delhi,Delhi,2025-04-23,Retail
CUS008502,Neha Gupta,Ahmedabad,West Bengal,2025-10-15,Retail
CUS008503,Nikhil Malhotra,Bengaluru,Uttar Pradesh,2025-12-17,Retail
CUS008504,Meera Sharma,Hyderabad,Gujarat,2022-11-17,Enterprise
CUS008505,Amit Singh,Bengaluru,West Bengal,2023-07-25,Retail
CUS008506,Meera Singh,Chennai,Rajasthan,2026-01-29,Retail
CUS008507,Ananya Kapoor,Kolkata,Rajasthan,2025-08-11,Enterprise
CUS008508,Meera Malhotra,Mumbai,Uttar Pradesh,2022-02-14,Business
CUS008509,Priya Sharma,Lucknow,Telangana,2023-11-28,Enterprise
CUS008510,Vikram Gupta,Lucknow,Tamil Nadu,2022-05-02,Enterprise
CUS008511,Rohan Gupta,Kolkata,Delhi,2023-04-06,Retail
CUS008512,Ananya Sharma,Pune,West Bengal,2022-01-10,Enterprise
CUS008513,Aisha Patel,Jaipur,Gujarat,2025-05-19,Business
CUS008514,Nikhil Verma,Ahmedabad,West Bengal,2023-08-07,Business
CUS008515,Meera Jain,Lucknow,Maharashtra,2023-07-05,Enterprise
CUS008516,Priya Gupta,Ahmedabad,Tamil Nadu,2022-03-26,Enterprise
CUS008517,Sneha Malhotra,Delhi,Delhi,2024-07-27,Enterprise
CUS008518,Aarav Jain,Chennai,Delhi,2025-10-19,Enterprise
CUS008519,Meera Verma,Mumbai,Maharashtra,2025-09-29,Retail
CUS008520,Meera Gupta,Ahmedabad,Delhi,2025-08-31,Business
CUS008521,Aditya Jain,Ahmedabad,Gujarat,2024-07-01,Business
CUS008522,Nikhil Sharma,Lucknow,Telangana,2022-04-12,Enterprise
CUS008523,Kavya Malhotra,Ahmedabad,Telangana,2024-09-17,Retail
CUS008524,Priya Singh,Ahmedabad,Telangana,2022-12-16,Business
CUS008525,Kavya Singh,Delhi,Maharashtra,2024-05-30,Business
CUS008526,Neha Singh,Delhi,Gujarat,2025-07-22,Retail
CUS008527,Ishita Singh,Hyderabad,Maharashtra,2025-11-25,Enterprise
CUS008528,Ananya Joshi,Mumbai,Tamil Nadu,2022-11-02,Enterprise
CUS008529,Neha Singh,Mumbai,Maharashtra,2025-05-31,Retail
CUS008530,Kavya Mehta,Jaipur,Karnataka,2025-08-25,Retail
CUS008531,Amit Gupta,Bengaluru,Maharashtra,2023-01-17,Retail
CUS008532,Meera Jain,Ahmedabad,Telangana,2025-04-16,Business
CUS008533,Ishita Joshi,Jaipur,West Bengal,2022-05-07,Business
CUS008534,Karan Mehta,Hyderabad,Telangana,2022-12-01,Enterprise
CUS008535,Aisha Singh,Pune,West Bengal,2025-09-11,Enterprise
CUS008536,Aarav Joshi,Jaipur,Maharashtra,2022-03-23,Enterprise
CUS008537,Aditya Sharma,Mumbai,Delhi,2023-08-26,Business
CUS008538,Nikhil Sharma,Chennai,Gujarat,2025-05-26,Enterprise
CUS008539,Ishita Jain,Mumbai,Maharashtra,2024-11-08,Business
CUS008540,Ishita Malhotra,Pune,Maharashtra,2023-07-27,Business
CUS008541,Simran Patel,Pune,Maharashtra,2024-06-18,Retail
CUS008542,Ananya Patel,Hyderabad,Uttar Pradesh,2022-12-21,Retail
CUS008543,Ishita Malhotra,Lucknow,Karnataka,2022-02-03,Enterprise
CUS008544,Aisha Verma,Pune,Telangana,2022-06-25,Retail
CUS008545,Aditya Sharma,Kolkata,Maharashtra,2025-10-06,Business
CUS008546,Ananya Patel,Pune,Tamil Nadu,2024-01-29,Retail
CUS008547,Ananya Patel,Chennai,Rajasthan,2024-11-17,Business
CUS008548,Pooja Gupta,Pune,Gujarat,2024-04-30,Retail
CUS008549,Aisha Joshi,Chennai,Maharashtra,2023-07-02,Retail
CUS008550,Neha Kapoor,Bengaluru,Tamil Nadu,2022-05-28,Business
CUS008551,Sneha Sharma,Lucknow,Tamil Nadu,2022-09-04,Business
CUS008552,Rahul Joshi,Kolkata,Maharashtra,2025-11-04,Retail
CUS008553,Aditya Gupta,Bengaluru,Rajasthan,2024-03-06,Retail
CUS008554,Arjun Gupta,Mumbai,Maharashtra,2022-06-12,Enterprise
CUS008555,Aisha Jain,Kolkata,Maharashtra,2023-06-09,Retail
CUS008556,Meera Malhotra,Bengaluru,Telangana,2022-08-18,Retail
CUS008557,Sneha Patel,Ahmedabad,Tamil Nadu,2022-01-22,Enterprise
CUS008558,Neha Joshi,Delhi,Tamil Nadu,2023-12-14,Retail
CUS008559,Arjun Sharma,Kolkata,Karnataka,2024-10-19,Retail
CUS008560,Rohan Jain,Pune,West Bengal,2022-10-25,Business
CUS008561,Vivaan Kapoor,Hyderabad,Tamil Nadu,2026-01-23,Enterprise
CUS008562,Rohan Verma,Pune,Rajasthan,2024-11-25,Business
CUS008563,Vivaan Malhotra,Ahmedabad,Uttar Pradesh,2022-09-20,Business
CUS008564,Priya Singh,Ahmedabad,Maharashtra,2022-07-23,Enterprise
CUS008565,Aarav Malhotra,Lucknow,Uttar Pradesh,2023-05-02,Retail
CUS008566,Simran Patel,Hyderabad,Maharashtra,2022-02-22,Enterprise
CUS008567,Amit Kapoor,Mumbai,Delhi,2026-01-12,Enterprise
CUS008568,Karan Patel,Lucknow,Delhi,2025-09-17,Enterprise
CUS008569,Rohan Kapoor,Jaipur,West Bengal,2023-09-19,Enterprise
CUS008570,Aditya Gupta,Lucknow,Telangana,2025-06-29,Retail
CUS008571,Meera Verma,Bengaluru,Telangana,2025-12-20,Business
CUS008572,Vivaan Jain,Ahmedabad,Gujarat,2023-06-18,Enterprise
CUS008573,Rohan Joshi,Bengaluru,Rajasthan,2025-12-24,Business
CUS008574,Amit Mehta,Ahmedabad,Telangana,2025-01-28,Retail
CUS008575,Aditya Sharma,Chennai,Maharashtra,2022-12-17,Enterprise
CUS008576,Rahul Joshi,Delhi,Telangana,2023-01-23,Retail
CUS008577,Aisha Joshi,Kolkata,West Bengal,2025-06-18,Enterprise
CUS008578,Priya Mehta,Kolkata,West Bengal,2024-11-05,Retail
CUS008579,Aarav Joshi,Pune,Rajasthan,2025-11-16,Retail
CUS008580,Neha Sharma,Jaipur,Uttar Pradesh,2023-04-02,Enterprise
CUS008581,Meera Patel,Bengaluru,Karnataka,2022-07-18,Business
CUS008582,Karan Malhotra,Delhi,Maharashtra,2025-02-24,Retail
CUS008583,Priya Mehta,Ahmedabad,Maharashtra,2025-12-26,Business
CUS008584,Rohan Sharma,Mumbai,West Bengal,2022-11-06,Enterprise
CUS008585,Kavya Patel,Delhi,Gujarat,2025-08-12,Business
CUS008586,Vivaan Kapoor,Ahmedabad,Uttar Pradesh,2024-05-16,Retail
CUS008587,Aditya Sharma,Jaipur,Telangana,2022-01-04,Enterprise
CUS008588,Priya Malhotra,Pune,Uttar Pradesh,2023-01-05,Enterprise
CUS008589,Vikram Mehta,Kolkata,Karnataka,2024-04-23,Retail
CUS008590,Nikhil Mehta,Bengaluru,Karnataka,2023-03-24,Enterprise
CUS008591,Amit Gupta,Pune,Gujarat,2024-03-11,Enterprise
CUS008592,Sneha Joshi,Ahmedabad,Maharashtra,2026-01-06,Business
CUS008593,Meera Sharma,Jaipur,Maharashtra,2025-08-21,Retail
CUS008594,Kavya Sharma,Lucknow,Maharashtra,2025-01-28,Retail
CUS008595,Vivaan Mehta,Lucknow,Delhi,2024-01-09,Retail
CUS008596,Simran Kapoor,Pune,Tamil Nadu,2024-01-30,Business
CUS008597,Ishita Verma,Mumbai,Uttar Pradesh,2025-03-21,Enterprise
CUS008598,Ishita Patel,Delhi,Telangana,2023-03-09,Business
CUS008599,Aditya Mehta,Pune,Tamil Nadu,2022-01-27,Enterprise
CUS008600,Rohan Malhotra,Lucknow,Uttar Pradesh,2022-03-28,Business
CUS008601,Sneha Patel,Lucknow,Maharashtra,2025-07-14,Enterprise
CUS008602,Arjun Verma,Lucknow,Rajasthan,2023-03-08,Business
CUS008603,Vikram Kapoor,Hyderabad,Uttar Pradesh,2022-01-30,Retail
CUS008604,Rahul Patel,Kolkata,West Bengal,2023-07-26,Enterprise
CUS008605,Aditya Patel,Kolkata,Gujarat,2024-06-17,Business
CUS008606,Meera Sharma,Pune,Telangana,2023-01-21,Business
CUS008607,Kavya Singh,Mumbai,Tamil Nadu,2024-07-01,Business
CUS008608,Rahul Jain,Lucknow,Tamil Nadu,2022-04-18,Enterprise
CUS008609,Pooja Singh,Jaipur,Gujarat,2022-03-15,Retail
CUS008610,Simran Sharma,Bengaluru,Gujarat,2024-10-12,Business
CUS008611,Pooja Mehta,Kolkata,Tamil Nadu,2024-03-21,Business
CUS008612,Meera Singh,Chennai,Maharashtra,2023-10-09,Retail
CUS008613,Neha Joshi,Hyderabad,Karnataka,2025-05-10,Retail
CUS008614,Vikram Sharma,Jaipur,Maharashtra,2022-12-16,Retail
CUS008615,Karan Kapoor,Pune,Maharashtra,2023-03-01,Business
CUS008616,Pooja Patel,Pune,Maharashtra,2022-01-07,Retail
CUS008617,Rahul Sharma,Jaipur,Delhi,2023-05-06,Business
CUS008618,Arjun Mehta,Pune,Uttar Pradesh,2025-11-04,Enterprise
CUS008619,Aarav Malhotra,Kolkata,Tamil Nadu,2024-09-28,Enterprise
CUS008620,Nikhil Kapoor,Chennai,Maharashtra,2024-03-31,Business
CUS008621,Aditya Malhotra,Pune,West Bengal,2024-03-22,Business
CUS008622,Ishita Verma,Lucknow,Maharashtra,2023-07-29,Retail
CUS008623,Simran Verma,Ahmedabad,Maharashtra,2024-06-08,Enterprise
CUS008624,Rahul Jain,Delhi,West Bengal,2025-11-13,Business
CUS008625,Rahul Mehta,Mumbai,Maharashtra,2023-11-29,Business
CUS008626,Vivaan Jain,Ahmedabad,Maharashtra,2023-01-04,Enterprise
CUS008627,Ishita Mehta,Chennai,Tamil Nadu,2025-04-12,Retail
CUS008628,Aditya Kapoor,Lucknow,Tamil Nadu,2024-02-24,Enterprise
CUS008629,Nikhil Mehta,Hyderabad,Uttar Pradesh,2025-03-25,Retail
CUS008630,Ananya Malhotra,Kolkata,Telangana,2023-12-23,Retail
CUS008631,Amit Patel,Jaipur,Maharashtra,2022-12-27,Retail
CUS008632,Pooja Verma,Jaipur,West Bengal,2024-04-20,Retail
CUS008633,Ishita Verma,Hyderabad,Karnataka,2026-02-07,Enterprise
CUS008634,Priya Joshi,Bengaluru,Gujarat,2025-08-12,Enterprise
CUS008635,Vivaan Malhotra,Pune,Rajasthan,2023-11-06,Business
CUS008636,Kavya Singh,Kolkata,Uttar Pradesh,2023-09-19,Business
CUS008637,Sneha Singh,Mumbai,Rajasthan,2026-01-04,Retail
CUS008638,Neha Jain,Lucknow,Maharashtra,2022-01-27,Retail
CUS008639,Ishita Malhotra,Delhi,West Bengal,2025-01-05,Business
CUS008640,Rohan Singh,Hyderabad,Gujarat,2026-01-23,Enterprise
CUS008641,Aditya Gupta,Mumbai,Delhi,2022-08-17,Business
CUS008642,Vikram Mehta,Pune,Rajasthan,2025-05-31,Business
CUS008643,Vivaan Patel,Pune,Gujarat,2024-05-24,Business
CUS008644,Nikhil Malhotra,Kolkata,Rajasthan,2025-10-19,Retail
CUS008645,Ishita Jain,Chennai,Gujarat,2024-01-09,Enterprise
CUS008646,Rahul Malhotra,Bengaluru,Rajasthan,2023-11-07,Business
CUS008647,Vivaan Verma,Hyderabad,Tamil Nadu,2022-02-06,Enterprise
CUS008648,Priya Malhotra,Jaipur,Gujarat,2023-02-01,Enterprise
CUS008649,Ananya Verma,Ahmedabad,Gujarat,2025-05-19,Retail
CUS008650,Nikhil Patel,Hyderabad,Telangana,2025-05-28,Enterprise
CUS008651,Sneha Sharma,Delhi,Uttar Pradesh,2025-12-27,Business
CUS008652,Kavya Singh,Delhi,Rajasthan,2025-12-24,Retail
CUS008653,Aditya Gupta,Bengaluru,Maharashtra,2024-09-08,Retail
CUS008654,Karan Malhotra,Mumbai,Uttar Pradesh,2022-03-28,Business
CUS008655,Nikhil Joshi,Jaipur,Gujarat,2022-02-16,Retail
CUS008656,Meera Sharma,Jaipur,Karnataka,2023-05-04,Business
CUS008657,Kavya Patel,Delhi,Uttar Pradesh,2024-12-16,Retail
CUS008658,Amit Verma,Chennai,Telangana,2022-06-28,Enterprise
CUS008659,Ananya Singh,Kolkata,Rajasthan,2024-12-02,Retail
CUS008660,Ishita Joshi,Hyderabad,Delhi,2023-12-18,Retail
CUS008661,Karan Verma,Bengaluru,Rajasthan,2022-09-30,Retail
CUS008662,Ananya Malhotra,Chennai,Maharashtra,2025-08-24,Enterprise
CUS008663,Vivaan Joshi,Jaipur,Gujarat,2024-07-04,Business
CUS008664,Kavya Gupta,Pune,Maharashtra,2023-10-20,Retail
CUS008665,Kavya Joshi,Ahmedabad,Maharashtra,2025-08-28,Retail
CUS008666,Sneha Joshi,Bengaluru,Karnataka,2024-03-07,Retail
CUS008667,Neha Jain,Hyderabad,West Bengal,2023-07-30,Retail
CUS008668,Meera Patel,Ahmedabad,Karnataka,2022-11-03,Enterprise
CUS008669,Kavya Mehta,Ahmedabad,Maharashtra,2025-08-06,Business
CUS008670,Nikhil Jain,Hyderabad,Karnataka,2024-05-03,Business
CUS008671,Pooja Gupta,Mumbai,West Bengal,2024-12-16,Retail
CUS008672,Karan Gupta,Kolkata,West Bengal,2023-02-20,Retail
CUS008673,Sneha Patel,Hyderabad,Gujarat,2022-03-02,Retail
CUS008674,Vikram Verma,Mumbai,Uttar Pradesh,2024-02-13,Business
CUS008675,Aarav Sharma,Pune,Uttar Pradesh,2022-11-14,Business
CUS008676,Aisha Kapoor,Bengaluru,Tamil Nadu,2025-05-14,Enterprise
CUS008677,Aisha Jain,Kolkata,Rajasthan,2023-05-26,Enterprise
CUS008678,Pooja Joshi,Kolkata,West Bengal,2024-02-23,Business
CUS008679,Neha Sharma,Delhi,Karnataka,2023-09-02,Business
CUS008680,Arjun Verma,Chennai,Maharashtra,2023-01-31,Business
CUS008681,Neha Sharma,Delhi,Rajasthan,2025-08-19,Retail
CUS008682,Aisha Gupta,Ahmedabad,Tamil Nadu,2023-01-06,Enterprise
CUS008683,Priya Mehta,Kolkata,Tamil Nadu,2024-03-06,Retail
CUS008684,Karan Gupta,Hyderabad,Tamil Nadu,2025-10-12,Business
CUS008685,Aarav Singh,Hyderabad,Uttar Pradesh,2025-07-22,Enterprise
CUS008686,Simran Singh,Lucknow,West Bengal,2024-01-10,Enterprise
CUS008687,Meera Gupta,Bengaluru,Gujarat,2025-09-06,Business
CUS008688,Rohan Jain,Pune,Uttar Pradesh,2023-06-21,Business
CUS008689,Vivaan Gupta,Hyderabad,Telangana,2024-10-10,Business
CUS008690,Meera Kapoor,Bengaluru,Uttar Pradesh,2025-09-16,Enterprise
CUS008691,Aarav Patel,Jaipur,West Bengal,2024-02-28,Enterprise
CUS008692,Amit Jain,Kolkata,Maharashtra,2023-07-13,Retail
CUS008693,Nikhil Kapoor,Chennai,Delhi,2024-11-29,Business
CUS008694,Aditya Gupta,Jaipur,Karnataka,2023-07-10,Enterprise
CUS008695,Neha Singh,Pune,Delhi,2025-04-08,Enterprise
CUS008696,Karan Singh,Jaipur,Tamil Nadu,2023-09-29,Business
CUS008697,Rohan Verma,Pune,Delhi,2025-06-14,Business
CUS008698,Pooja Sharma,Hyderabad,Gujarat,2024-11-21,Enterprise
CUS008699,Sneha Malhotra,Jaipur,Uttar Pradesh,2022-04-06,Enterprise
CUS008700,Karan Mehta,Bengaluru,Telangana,2025-09-07,Retail
CUS008701,Vikram Jain,Hyderabad,West Bengal,2024-08-11,Retail
CUS008702,Arjun Gupta,Kolkata,Rajasthan,2024-07-23,Retail
CUS008703,Vikram Kapoor,Mumbai,Tamil Nadu,2024-04-12,Retail
CUS008704,Sneha Jain,Mumbai,West Bengal,2023-03-10,Business
CUS008705,Vikram Patel,Bengaluru,Rajasthan,2026-01-19,Business
CUS008706,Ananya Patel,Hyderabad,Maharashtra,2025-12-01,Enterprise
CUS008707,Ananya Patel,Lucknow,Maharashtra,2024-03-25,Business
CUS008708,Aisha Patel,Ahmedabad,Delhi,2023-09-29,Enterprise
CUS008709,Sneha Malhotra,Jaipur,Rajasthan,2026-01-20,Enterprise
CUS008710,Aisha Joshi,Ahmedabad,Delhi,2022-06-05,Enterprise
CUS008711,Rahul Jain,Hyderabad,West Bengal,2025-03-12,Enterprise
CUS008712,Rohan Jain,Hyderabad,West Bengal,2024-04-09,Enterprise
CUS008713,Pooja Mehta,Kolkata,Maharashtra,2025-11-07,Business
CUS008714,Arjun Mehta,Kolkata,Maharashtra,2025-07-30,Business
CUS008715,Nikhil Malhotra,Chennai,West Bengal,2025-06-02,Retail
CUS008716,Kavya Joshi,Jaipur,Tamil Nadu,2025-11-17,Retail
CUS008717,Ananya Gupta,Delhi,Uttar Pradesh,2024-10-26,Retail
CUS008718,Aarav Malhotra,Bengaluru,Telangana,2022-05-24,Retail
CUS008719,Karan Singh,Hyderabad,Tamil Nadu,2023-07-06,Retail
CUS008720,Ishita Joshi,Mumbai,Maharashtra,2023-12-10,Business
CUS008721,Nikhil Jain,Delhi,Maharashtra,2025-02-15,Retail
CUS008722,Simran Gupta,Mumbai,West Bengal,2022-07-08,Enterprise
CUS008723,Aarav Joshi,Pune,Gujarat,2024-07-23,Business
CUS008724,Aisha Malhotra,Bengaluru,Maharashtra,2023-03-06,Retail
CUS008725,Sneha Verma,Chennai,Karnataka,2025-02-07,Retail
CUS008726,Ananya Mehta,Hyderabad,Delhi,2023-12-16,Business
CUS008727,Aarav Singh,Chennai,Karnataka,2023-05-13,Enterprise
CUS008728,Rohan Patel,Pune,Maharashtra,2022-11-25,Business
CUS008729,Ishita Mehta,Kolkata,Tamil Nadu,2025-05-05,Retail
CUS008730,Ishita Malhotra,Lucknow,Uttar Pradesh,2024-01-04,Enterprise
CUS008731,Karan Joshi,Pune,Karnataka,2022-07-15,Enterprise
CUS008732,Vikram Sharma,Chennai,Gujarat,2024-12-27,Enterprise
CUS008733,Rahul Gupta,Jaipur,Karnataka,2023-01-18,Retail
CUS008734,Aditya Verma,Bengaluru,Tamil Nadu,2023-09-20,Business
CUS008735,Sneha Singh,Ahmedabad,West Bengal,2025-06-15,Enterprise
CUS008736,Nikhil Singh,Ahmedabad,Rajasthan,2024-06-06,Retail
CUS008737,Aisha Verma,Hyderabad,Telangana,2025-04-01,Enterprise
CUS008738,Arjun Sharma,Ahmedabad,Karnataka,2022-09-28,Business
CUS008739,Karan Singh,Lucknow,Delhi,2025-07-21,Retail
CUS008740,Sneha Sharma,Hyderabad,Delhi,2025-04-03,Business
CUS008741,Rahul Malhotra,Lucknow,Delhi,2022-06-06,Retail
CUS008742,Amit Jain,Hyderabad,West Bengal,2023-06-22,Retail
CUS008743,Kavya Sharma,Ahmedabad,Uttar Pradesh,2025-09-21,Business
CUS008744,Pooja Jain,Pune,Uttar Pradesh,2025-03-31,Enterprise
CUS008745,Ananya Kapoor,Kolkata,Delhi,2022-09-01,Retail
CUS008746,Rahul Sharma,Bengaluru,Rajasthan,2022-11-06,Enterprise
CUS008747,Simran Malhotra,Jaipur,Karnataka,2025-04-18,Enterprise
CUS008748,Vivaan Patel,Chennai,Maharashtra,2025-09-26,Enterprise
CUS008749,Meera Malhotra,Chennai,Telangana,2024-09-30,Business
CUS008750,Aditya Mehta,Jaipur,Maharashtra,2026-01-20,Enterprise
CUS008751,Sneha Kapoor,Pune,Karnataka,2022-03-20,Business
CUS008752,Aarav Sharma,Chennai,Telangana,2024-05-10,Enterprise
CUS008753,Aarav Patel,Bengaluru,Maharashtra,2023-07-16,Retail
CUS008754,Priya Mehta,Pune,Tamil Nadu,2024-10-07,Business
CUS008755,Ananya Jain,Mumbai,Maharashtra,2022-09-03,Business
CUS008756,Neha Malhotra,Chennai,Uttar Pradesh,2025-07-17,Enterprise
CUS008757,Amit Jain,Lucknow,Maharashtra,2025-10-31,Business
CUS008758,Amit Patel,Lucknow,Gujarat,2025-06-26,Enterprise
CUS008759,Vivaan Malhotra,Mumbai,Karnataka,2024-02-16,Business
CUS008760,Aditya Joshi,Ahmedabad,Tamil Nadu,2025-12-03,Enterprise
CUS008761,Rahul Sharma,Chennai,Uttar Pradesh,2023-09-12,Enterprise
CUS008762,Ananya Mehta,Pune,Uttar Pradesh,2022-02-25,Retail
CUS008763,Aisha Kapoor,Pune,Maharashtra,2022-06-18,Business
CUS008764,Ananya Mehta,Pune,Uttar Pradesh,2024-02-28,Business
CUS008765,Ananya Malhotra,Hyderabad,Tamil Nadu,2025-07-17,Retail
CUS008766,Neha Malhotra,Kolkata,Karnataka,2022-09-16,Retail
CUS008767,Aarav Malhotra,Ahmedabad,Maharashtra,2022-08-27,Business
CUS008768,Ananya Gupta,Bengaluru,Maharashtra,2024-01-05,Retail
CUS008769,Rohan Gupta,Ahmedabad,Delhi,2023-09-24,Enterprise
CUS008770,Pooja Kapoor,Jaipur,Rajasthan,2022-02-05,Business
CUS008771,Amit Joshi,Pune,Telangana,2024-04-23,Business
CUS008772,Pooja Gupta,Chennai,Tamil Nadu,2022-07-19,Enterprise
CUS008773,Sneha Malhotra,Bengaluru,Delhi,2026-01-09,Business
CUS008774,Vivaan Gupta,Kolkata,Telangana,2022-07-24,Retail
CUS008775,Simran Singh,Chennai,Karnataka,2025-03-06,Retail
CUS008776,Aarav Singh,Jaipur,Uttar Pradesh,2022-05-31,Enterprise
CUS008777,Sneha Mehta,Kolkata,West Bengal,2025-11-08,Retail
CUS008778,Amit Gupta,Delhi,Maharashtra,2024-11-05,Business
CUS008779,Nikhil Mehta,Jaipur,Maharashtra,2023-06-19,Enterprise
CUS008780,Ananya Malhotra,Hyderabad,Delhi,2025-04-23,Retail
CUS008781,Vivaan Kapoor,Jaipur,Uttar Pradesh,2022-10-20,Business
CUS008782,Pooja Gupta,Kolkata,Rajasthan,2023-02-14,Enterprise
CUS008783,Pooja Sharma,Bengaluru,West Bengal,2022-02-18,Retail
CUS008784,Karan Joshi,Bengaluru,Maharashtra,2022-11-11,Retail
CUS008785,Meera Kapoor,Jaipur,Gujarat,2025-03-06,Enterprise
CUS008786,Ishita Kapoor,Chennai,Karnataka,2025-11-18,Retail
CUS008787,Karan Verma,Jaipur,West Bengal,2025-02-02,Retail
CUS008788,Ananya Verma,Pune,Uttar Pradesh,2023-12-16,Enterprise
CUS008789,Arjun Verma,Pune,Tamil Nadu,2022-04-28,Enterprise
CUS008790,Aditya Kapoor,Mumbai,Karnataka,2025-12-25,Enterprise
CUS008791,Sneha Patel,Kolkata,Maharashtra,2022-01-05,Retail
CUS008792,Neha Kapoor,Chennai,Telangana,2026-01-31,Enterprise
CUS008793,Arjun Jain,Bengaluru,Telangana,2024-11-02,Retail
CUS008794,Aarav Malhotra,Hyderabad,Tamil Nadu,2022-12-05,Business
CUS008795,Kavya Singh,Lucknow,Gujarat,2022-10-27,Business
CUS008796,Meera Mehta,Mumbai,Telangana,2023-07-05,Retail
CUS008797,Rahul Malhotra,Jaipur,West Bengal,2022-05-06,Retail
CUS008798,Vivaan Malhotra,Bengaluru,Delhi,2022-09-06,Business
CUS008799,Rahul Malhotra,Hyderabad,Maharashtra,2024-10-13,Business
CUS008800,Arjun Patel,Mumbai,Telangana,2024-11-20,Retail
CUS008801,Rohan Verma,Pune,Uttar Pradesh,2024-04-11,Enterprise
CUS008802,Kavya Jain,Ahmedabad,Maharashtra,2022-09-27,Retail
CUS008803,Sneha Mehta,Lucknow,Telangana,2024-11-23,Retail
CUS008804,Vivaan Sharma,Mumbai,Maharashtra,2022-12-04,Enterprise
CUS008805,Ananya Singh,Pune,Maharashtra,2024-05-09,Business
CUS008806,Simran Mehta,Chennai,Tamil Nadu,2025-07-05,Business
CUS008807,Karan Singh,Delhi,Karnataka,2025-01-28,Enterprise
CUS008808,Ananya Mehta,Jaipur,Telangana,2022-07-23,Business
CUS008809,Priya Verma,Hyderabad,Gujarat,2022-12-14,Retail
CUS008810,Nikhil Sharma,Kolkata,Telangana,2025-09-18,Enterprise
CUS008811,Vivaan Gupta,Bengaluru,Rajasthan,2025-10-12,Enterprise
CUS008812,Simran Sharma,Chennai,Uttar Pradesh,2024-01-23,Retail
CUS008813,Amit Verma,Delhi,Rajasthan,2025-08-05,Retail
CUS008814,Aisha Kapoor,Bengaluru,Gujarat,2022-11-09,Business
CUS008815,Karan Joshi,Delhi,Maharashtra,2022-02-23,Enterprise
CUS008816,Nikhil Joshi,Delhi,West Bengal,2023-08-11,Retail
CUS008817,Vivaan Gupta,Lucknow,Maharashtra,2023-12-18,Enterprise
CUS008818,Karan Malhotra,Jaipur,Maharashtra,2024-02-04,Business
CUS008819,Kavya Patel,Jaipur,Telangana,2025-04-29,Business
CUS008820,Meera Jain,Lucknow,Gujarat,2023-06-09,Retail
CUS008821,Kavya Jain,Delhi,Maharashtra,2024-09-18,Retail
CUS008822,Rahul Kapoor,Hyderabad,Delhi,2023-06-26,Enterprise
CUS008823,Vikram Jain,Lucknow,Rajasthan,2022-05-03,Enterprise
CUS008824,Rohan Sharma,Delhi,Uttar Pradesh,2022-06-05,Enterprise
CUS008825,Karan Jain,Ahmedabad,Tamil Nadu,2022-08-06,Enterprise
CUS008826,Priya Verma,Delhi,Maharashtra,2023-10-02,Enterprise
CUS008827,Kavya Joshi,Jaipur,Maharashtra,2023-05-16,Retail
CUS008828,Ishita Gupta,Ahmedabad,Delhi,2026-01-17,Business
CUS008829,Priya Sharma,Bengaluru,Maharashtra,2022-10-11,Business
CUS008830,Aditya Singh,Pune,Maharashtra,2022-08-25,Retail
CUS008831,Ananya Patel,Hyderabad,Gujarat,2023-09-12,Business
CUS008832,Rohan Patel,Hyderabad,Karnataka,2024-08-10,Enterprise
CUS008833,Vikram Kapoor,Pune,Tamil Nadu,2023-11-19,Enterprise
CUS008834,Amit Jain,Delhi,West Bengal,2024-08-29,Retail
CUS008835,Rahul Mehta,Pune,Telangana,2025-02-27,Business
CUS008836,Sneha Malhotra,Kolkata,Uttar Pradesh,2025-04-10,Enterprise
CUS008837,Nikhil Joshi,Delhi,Tamil Nadu,2024-04-05,Enterprise
CUS008838,Simran Mehta,Hyderabad,Maharashtra,2022-05-11,Retail
CUS008839,Meera Sharma,Kolkata,Gujarat,2023-08-17,Enterprise
CUS008840,Amit Mehta,Kolkata,Delhi,2025-12-05,Business
CUS008841,Sneha Singh,Bengaluru,Uttar Pradesh,2024-04-21,Enterprise
CUS008842,Aarav Sharma,Kolkata,Maharashtra,2022-08-06,Enterprise
CUS008843,Ishita Joshi,Chennai,Maharashtra,2025-09-09,Business
CUS008844,Rohan Jain,Pune,Maharashtra,2022-05-16,Retail
CUS008845,Vikram Sharma,Hyderabad,Delhi,2022-09-21,Enterprise
CUS008846,Meera Malhotra,Bengaluru,Karnataka,2025-08-22,Enterprise
CUS008847,Rahul Singh,Jaipur,Maharashtra,2023-09-16,Retail
CUS008848,Ananya Patel,Ahmedabad,Maharashtra,2024-06-02,Business
CUS008849,Amit Joshi,Hyderabad,Telangana,2024-04-26,Enterprise
CUS008850,Vikram Sharma,Kolkata,Maharashtra,2022-08-18,Enterprise
CUS008851,Nikhil Malhotra,Chennai,Maharashtra,2022-08-14,Retail
CUS008852,Meera Joshi,Jaipur,West Bengal,2022-09-20,Retail
CUS008853,Simran Sharma,Bengaluru,West Bengal,2022-08-29,Business
CUS008854,Meera Kapoor,Ahmedabad,Maharashtra,2023-01-08,Business
CUS008855,Ishita Jain,Bengaluru,Gujarat,2022-12-31,Enterprise
CUS008856,Ishita Gupta,Jaipur,Rajasthan,2026-01-17,Business
CUS008857,Sneha Malhotra,Bengaluru,West Bengal,2022-05-22,Business
CUS008858,Karan Kapoor,Kolkata,Tamil Nadu,2022-02-22,Enterprise
CUS008859,Aarav Gupta,Kolkata,Maharashtra,2022-05-19,Business
CUS008860,Nikhil Verma,Hyderabad,Telangana,2022-04-11,Retail
CUS008861,Rahul Joshi,Hyderabad,Rajasthan,2025-05-18,Business
CUS008862,Rohan Verma,Hyderabad,Karnataka,2024-06-23,Enterprise
CUS008863,Ananya Mehta,Ahmedabad,Gujarat,2022-04-17,Business
CUS008864,Ishita Kapoor,Ahmedabad,West Bengal,2022-08-28,Retail
CUS008865,Pooja Kapoor,Mumbai,Gujarat,2022-05-19,Enterprise
CUS008866,Rohan Joshi,Kolkata,Karnataka,2023-08-29,Business
CUS008867,Karan Verma,Lucknow,Gujarat,2024-06-16,Enterprise
CUS008868,Ishita Gupta,Delhi,West Bengal,2023-04-27,Enterprise
CUS008869,Priya Patel,Jaipur,Rajasthan,2022-08-03,Business
CUS008870,Aisha Joshi,Chennai,Telangana,2022-09-05,Retail
CUS008871,Kavya Verma,Chennai,Tamil Nadu,2025-09-17,Business
CUS008872,Amit Joshi,Pune,West Bengal,2025-05-16,Enterprise
CUS008873,Vivaan Joshi,Kolkata,Maharashtra,2023-09-25,Enterprise
CUS008874,Meera Gupta,Bengaluru,Maharashtra,2022-02-10,Retail
CUS008875,Vikram Singh,Mumbai,Telangana,2022-08-02,Retail
CUS008876,Vikram Jain,Chennai,Uttar Pradesh,2022-12-26,Retail
CUS008877,Rohan Malhotra,Jaipur,Tamil Nadu,2024-02-22,Business
CUS008878,Rahul Verma,Pune,Tamil Nadu,2024-01-20,Business
CUS008879,Rohan Gupta,Mumbai,West Bengal,2024-08-18,Business
CUS008880,Pooja Gupta,Ahmedabad,Tamil Nadu,2022-11-16,Enterprise
CUS008881,Sneha Verma,Delhi,Telangana,2023-03-19,Business
CUS008882,Ishita Jain,Jaipur,Delhi,2022-11-12,Retail
CUS008883,Rohan Jain,Pune,Telangana,2022-05-30,Retail
CUS008884,Aisha Verma,Lucknow,Gujarat,2022-03-27,Business
CUS008885,Rohan Mehta,Chennai,Delhi,2026-01-02,Retail
CUS008886,Arjun Verma,Jaipur,West Bengal,2024-05-08,Retail
CUS008887,Amit Mehta,Kolkata,Karnataka,2024-06-18,Retail
CUS008888,Meera Sharma,Pune,Uttar Pradesh,2023-05-04,Retail
CUS008889,Arjun Malhotra,Chennai,Gujarat,2026-01-15,Enterprise
CUS008890,Ananya Jain,Pune,Tamil Nadu,2026-02-09,Retail
CUS008891,Aisha Gupta,Pune,Gujarat,2025-03-09,Business
CUS008892,Arjun Gupta,Jaipur,Rajasthan,2023-06-04,Business
CUS008893,Meera Jain,Bengaluru,Gujarat,2023-05-28,Enterprise
CUS008894,Neha Patel,Mumbai,Maharashtra,2022-03-10,Enterprise
CUS008895,Rohan Sharma,Jaipur,Uttar Pradesh,2024-02-08,Business
CUS008896,Sneha Sharma,Hyderabad,Maharashtra,2024-04-23,Retail
CUS008897,Priya Jain,Mumbai,Tamil Nadu,2022-09-03,Enterprise
CUS008898,Karan Gupta,Mumbai,Uttar Pradesh,2024-02-10,Business
CUS008899,Simran Jain,Lucknow,Gujarat,2022-02-26,Business
CUS008900,Nikhil Mehta,Chennai,Karnataka,2022-06-15,Business
CUS008901,Ananya Verma,Delhi,Delhi,2022-03-09,Business
CUS008902,Vivaan Verma,Bengaluru,Maharashtra,2025-11-03,Retail
CUS008903,Karan Joshi,Delhi,Delhi,2022-10-21,Enterprise
CUS008904,Karan Verma,Lucknow,Uttar Pradesh,2023-11-12,Enterprise
CUS008905,Simran Singh,Ahmedabad,West Bengal,2023-08-24,Retail
CUS008906,Pooja Mehta,Pune,Maharashtra,2024-09-22,Business
CUS008907,Vikram Kapoor,Kolkata,Karnataka,2024-10-26,Enterprise
CUS008908,Vivaan Patel,Mumbai,Maharashtra,2023-02-28,Retail
CUS008909,Meera Jain,Lucknow,Delhi,2023-03-02,Enterprise
CUS008910,Priya Gupta,Delhi,Delhi,2023-03-07,Business
CUS008911,Vikram Gupta,Pune,Telangana,2023-08-10,Enterprise
CUS008912,Aarav Mehta,Bengaluru,Delhi,2023-06-25,Business
CUS008913,Pooja Malhotra,Ahmedabad,Rajasthan,2023-05-28,Business
CUS008914,Vivaan Verma,Mumbai,Delhi,2024-05-06,Retail
CUS008915,Sneha Gupta,Chennai,Telangana,2022-09-23,Business
CUS008916,Simran Singh,Bengaluru,Uttar Pradesh,2025-03-15,Business
CUS008917,Vivaan Jain,Mumbai,Telangana,2025-10-04,Business
CUS008918,Aditya Mehta,Lucknow,Maharashtra,2023-10-01,Business
CUS008919,Sneha Patel,Pune,Delhi,2025-06-04,Business
CUS008920,Meera Verma,Hyderabad,Maharashtra,2025-04-17,Enterprise
CUS008921,Vivaan Verma,Bengaluru,West Bengal,2024-08-10,Retail
CUS008922,Rohan Malhotra,Ahmedabad,West Bengal,2022-03-09,Business
CUS008923,Aarav Singh,Chennai,Gujarat,2022-12-11,Retail
CUS008924,Karan Jain,Hyderabad,Gujarat,2025-09-29,Business
CUS008925,Kavya Mehta,Pune,Telangana,2025-01-05,Business
CUS008926,Aditya Patel,Lucknow,Uttar Pradesh,2022-03-06,Business
CUS008927,Kavya Mehta,Bengaluru,Delhi,2023-01-17,Enterprise
CUS008928,Sneha Joshi,Lucknow,Maharashtra,2022-08-25,Retail
CUS008929,Vikram Kapoor,Chennai,Maharashtra,2023-01-04,Business
CUS008930,Amit Jain,Kolkata,Delhi,2025-04-06,Retail
CUS008931,Sneha Malhotra,Hyderabad,Delhi,2022-10-26,Retail
CUS008932,Amit Jain,Chennai,Karnataka,2025-01-23,Business
CUS008933,Aditya Kapoor,Kolkata,Tamil Nadu,2024-09-06,Business
CUS008934,Aditya Joshi,Ahmedabad,Tamil Nadu,2025-10-23,Business
CUS008935,Rohan Jain,Hyderabad,Tamil Nadu,2024-12-02,Enterprise
CUS008936,Priya Mehta,Ahmedabad,Maharashtra,2024-10-20,Enterprise
CUS008937,Pooja Singh,Bengaluru,Telangana,2022-04-08,Enterprise
CUS008938,Ananya Singh,Kolkata,Rajasthan,2023-03-23,Business
CUS008939,Arjun Gupta,Lucknow,Delhi,2024-03-07,Business
CUS008940,Nikhil Mehta,Ahmedabad,Rajasthan,2022-02-18,Enterprise
CUS008941,Aarav Joshi,Lucknow,Tamil Nadu,2024-05-04,Business
CUS008942,Priya Sharma,Pune,Maharashtra,2023-01-17,Retail
CUS008943,Vikram Gupta,Pune,Uttar Pradesh,2023-02-18,Enterprise
CUS008944,Aisha Sharma,Hyderabad,West Bengal,2022-01-12,Enterprise
CUS008945,Rahul Kapoor,Pune,Karnataka,2023-03-31,Business
CUS008946,Aditya Verma,Delhi,Maharashtra,2023-03-19,Business
CUS008947,Ishita Joshi,Delhi,West Bengal,2025-03-10,Retail
CUS008948,Simran Jain,Delhi,Gujarat,2026-01-22,Enterprise
CUS008949,Nikhil Malhotra,Hyderabad,Uttar Pradesh,2023-11-03,Business
CUS008950,Rohan Joshi,Ahmedabad,Delhi,2025-06-04,Retail
CUS008951,Priya Mehta,Lucknow,Rajasthan,2023-03-15,Retail
CUS008952,Ishita Sharma,Kolkata,Delhi,2024-11-20,Retail
CUS008953,Amit Gupta,Lucknow,Rajasthan,2022-08-03,Enterprise
CUS008954,Aisha Patel,Jaipur,Maharashtra,2025-04-22,Enterprise
CUS008955,Aarav Malhotra,Jaipur,Rajasthan,2026-01-22,Retail
CUS008956,Neha Sharma,Lucknow,Karnataka,2023-04-19,Business
CUS008957,Rohan Joshi,Delhi,Telangana,2023-09-11,Business
CUS008958,Rahul Jain,Kolkata,Tamil Nadu,2025-05-18,Business
CUS008959,Rahul Mehta,Kolkata,Karnataka,2022-10-02,Enterprise
CUS008960,Vikram Jain,Delhi,Delhi,2022-07-28,Business
CUS008961,Meera Singh,Delhi,Tamil Nadu,2022-04-13,Retail
CUS008962,Sneha Malhotra,Lucknow,Karnataka,2023-01-16,Enterprise
CUS008963,Karan Verma,Chennai,Maharashtra,2022-06-24,Enterprise
CUS008964,Sneha Gupta,Mumbai,Gujarat,2022-01-09,Enterprise
CUS008965,Sneha Jain,Hyderabad,Uttar Pradesh,2023-10-28,Retail
CUS008966,Priya Singh,Lucknow,Gujarat,2024-05-22,Enterprise
CUS008967,Aarav Gupta,Kolkata,Tamil Nadu,2022-11-02,Enterprise
CUS008968,Simran Mehta,Ahmedabad,Telangana,2024-09-07,Retail
CUS008969,Aditya Kapoor,Mumbai,Karnataka,2022-10-03,Enterprise
CUS008970,Aarav Joshi,Delhi,Karnataka,2025-03-20,Retail
CUS008971,Simran Patel,Jaipur,Telangana,2024-03-29,Business
CUS008972,Meera Sharma,Ahmedabad,Karnataka,2024-06-05,Enterprise
CUS008973,Nikhil Gupta,Mumbai,Gujarat,2024-07-27,Enterprise
CUS008974,Aisha Gupta,Chennai,Uttar Pradesh,2025-06-21,Enterprise
CUS008975,Aditya Malhotra,Ahmedabad,Gujarat,2025-04-13,Business
CUS008976,Sneha Sharma,Delhi,Delhi,2023-02-09,Business
CUS008977,Neha Verma,Lucknow,Uttar Pradesh,2023-12-13,Enterprise
CUS008978,Arjun Verma,Bengaluru,West Bengal,2025-09-27,Retail
CUS008979,Neha Singh,Hyderabad,Delhi,2023-08-31,Enterprise
CUS008980,Arjun Mehta,Delhi,Gujarat,2023-02-09,Retail
CUS008981,Vikram Joshi,Kolkata,Telangana,2025-12-21,Business
CUS008982,Rahul Jain,Delhi,Maharashtra,2023-01-16,Enterprise
CUS008983,Ishita Jain,Mumbai,Uttar Pradesh,2024-09-09,Retail
CUS008984,Nikhil Patel,Lucknow,Maharashtra,2023-04-22,Business
CUS008985,Karan Singh,Mumbai,West Bengal,2023-11-01,Retail
CUS008986,Vivaan Jain,Lucknow,Tamil Nadu,2025-01-11,Retail
CUS008987,Pooja Gupta,Pune,Rajasthan,2023-02-26,Retail
CUS008988,Rohan Joshi,Mumbai,Maharashtra,2023-09-04,Business
CUS008989,Ananya Gupta,Mumbai,Karnataka,2023-10-13,Enterprise
CUS008990,Aisha Singh,Hyderabad,Karnataka,2022-05-15,Enterprise
CUS008991,Karan Patel,Lucknow,Maharashtra,2024-02-19,Retail
CUS008992,Ananya Gupta,Hyderabad,West Bengal,2025-07-10,Retail
CUS008993,Meera Verma,Bengaluru,Karnataka,2025-08-01,Enterprise
CUS008994,Nikhil Jain,Chennai,Telangana,2022-08-09,Business
CUS008995,Aisha Kapoor,Lucknow,Delhi,2025-11-12,Enterprise
CUS008996,Rahul Sharma,Ahmedabad,Rajasthan,2022-09-30,Enterprise
CUS008997,Simran Verma,Chennai,Rajasthan,2025-11-09,Retail
CUS008998,Rohan Kapoor,Hyderabad,Tamil Nadu,2024-08-01,Retail
CUS008999,Pooja Mehta,Lucknow,Maharashtra,2025-03-01,Enterprise
CUS009000,Nikhil Patel,Ahmedabad,Delhi,2024-01-27,Business
CUS009001,Amit Malhotra,Bengaluru,Maharashtra,2023-09-12,Business
CUS009002,Priya Mehta,Chennai,Maharashtra,2023-02-15,Retail
CUS009003,Nikhil Mehta,Mumbai,Karnataka,2024-04-28,Business
CUS009004,Ishita Mehta,Mumbai,Gujarat,2022-07-25,Business
CUS009005,Aarav Gupta,Hyderabad,Karnataka,2023-04-09,Business
CUS009006,Aarav Joshi,Bengaluru,Gujarat,2024-08-19,Retail
CUS009007,Rahul Joshi,Hyderabad,West Bengal,2022-01-09,Business
CUS009008,Amit Gupta,Bengaluru,Maharashtra,2022-12-23,Retail
CUS009009,Karan Kapoor,Lucknow,Telangana,2022-01-01,Enterprise
CUS009010,Sneha Malhotra,Kolkata,Delhi,2025-05-01,Business
CUS009011,Karan Jain,Pune,Telangana,2022-07-02,Enterprise
CUS009012,Aisha Jain,Lucknow,Karnataka,2022-05-14,Enterprise
CUS009013,Arjun Mehta,Kolkata,Rajasthan,2025-07-19,Business
CUS009014,Kavya Kapoor,Ahmedabad,Telangana,2024-10-03,Business
CUS009015,Aarav Patel,Lucknow,Delhi,2025-07-31,Business
CUS009016,Meera Singh,Mumbai,West Bengal,2023-11-17,Business
CUS009017,Aarav Verma,Ahmedabad,Maharashtra,2024-06-08,Retail
CUS009018,Ishita Singh,Jaipur,Telangana,2022-04-11,Retail
CUS009019,Amit Joshi,Delhi,Gujarat,2024-09-03,Business
CUS009020,Ishita Gupta,Kolkata,Gujarat,2025-04-21,Enterprise
CUS009021,Vivaan Malhotra,Hyderabad,Maharashtra,2023-06-13,Retail
CUS009022,Meera Sharma,Lucknow,Tamil Nadu,2024-03-14,Retail
CUS009023,Aisha Sharma,Bengaluru,Rajasthan,2023-11-08,Enterprise
CUS009024,Kavya Jain,Jaipur,Rajasthan,2023-01-17,Retail
CUS009025,Arjun Singh,Delhi,Uttar Pradesh,2025-06-23,Business
CUS009026,Vikram Kapoor,Bengaluru,Telangana,2023-02-20,Business
CUS009027,Pooja Gupta,Lucknow,Uttar Pradesh,2022-08-10,Enterprise
CUS009028,Karan Joshi,Ahmedabad,Karnataka,2024-11-15,Business
CUS009029,Nikhil Mehta,Lucknow,Delhi,2022-10-18,Business
CUS009030,Neha Singh,Kolkata,Gujarat,2023-02-06,Business
CUS009031,Sneha Jain,Jaipur,West Bengal,2022-07-18,Retail
CUS009032,Karan Patel,Ahmedabad,Tamil Nadu,2023-03-11,Enterprise
CUS009033,Kavya Malhotra,Chennai,Tamil Nadu,2023-02-04,Enterprise
CUS009034,Neha Gupta,Pune,Gujarat,2025-09-24,Enterprise
CUS009035,Nikhil Malhotra,Chennai,Rajasthan,2025-09-08,Retail
CUS009036,Amit Verma,Jaipur,Gujarat,2023-04-28,Retail
CUS009037,Amit Malhotra,Kolkata,Delhi,2024-12-02,Business
CUS009038,Kavya Verma,Mumbai,West Bengal,2025-04-03,Retail
CUS009039,Amit Verma,Bengaluru,Maharashtra,2023-10-02,Enterprise
CUS009040,Arjun Verma,Delhi,Maharashtra,2023-12-31,Business
CUS009041,Ishita Sharma,Lucknow,Gujarat,2024-08-05,Business
CUS009042,Rahul Verma,Delhi,Rajasthan,2024-01-09,Business
CUS009043,Neha Sharma,Hyderabad,Maharashtra,2024-01-28,Retail
CUS009044,Vikram Joshi,Pune,Karnataka,2024-01-25,Business
CUS009045,Karan Mehta,Ahmedabad,Karnataka,2022-04-13,Business
CUS009046,Karan Malhotra,Lucknow,West Bengal,2023-10-19,Retail
CUS009047,Aarav Malhotra,Pune,Gujarat,2025-12-12,Enterprise
CUS009048,Meera Patel,Lucknow,Telangana,2022-02-17,Business
CUS009049,Rohan Singh,Hyderabad,Gujarat,2022-07-30,Business
CUS009050,Vivaan Verma,Mumbai,Maharashtra,2024-10-19,Retail
CUS009051,Nikhil Jain,Lucknow,Delhi,2022-10-12,Retail
CUS009052,Simran Jain,Chennai,Maharashtra,2025-12-04,Retail
CUS009053,Amit Sharma,Pune,Delhi,2025-04-13,Enterprise
CUS009054,Meera Sharma,Mumbai,Maharashtra,2023-09-15,Business
CUS009055,Neha Joshi,Delhi,Uttar Pradesh,2025-03-17,Retail
CUS009056,Meera Gupta,Chennai,Delhi,2023-05-08,Business
CUS009057,Nikhil Singh,Lucknow,Maharashtra,2023-06-02,Enterprise
CUS009058,Vikram Gupta,Kolkata,Telangana,2023-10-04,Business
CUS009059,Pooja Verma,Hyderabad,Delhi,2024-02-22,Retail
CUS009060,Ananya Singh,Bengaluru,Rajasthan,2025-01-19,Business
CUS009061,Aisha Gupta,Mumbai,Uttar Pradesh,2022-03-28,Retail
CUS009062,Ishita Kapoor,Bengaluru,Maharashtra,2025-02-19,Retail
CUS009063,Ishita Patel,Bengaluru,Maharashtra,2022-08-29,Business
CUS009064,Vivaan Mehta,Hyderabad,Telangana,2025-04-06,Retail
CUS009065,Ananya Gupta,Lucknow,Karnataka,2023-08-19,Retail
CUS009066,Vikram Joshi,Bengaluru,Karnataka,2023-08-07,Enterprise
CUS009067,Priya Sharma,Kolkata,Maharashtra,2025-01-25,Enterprise
CUS009068,Rahul Patel,Jaipur,Delhi,2022-07-08,Business
CUS009069,Aarav Mehta,Bengaluru,Uttar Pradesh,2022-12-04,Retail
CUS009070,Aditya Kapoor,Ahmedabad,West Bengal,2025-07-24,Enterprise
CUS009071,Nikhil Patel,Mumbai,Maharashtra,2025-01-19,Retail
CUS009072,Rahul Singh,Jaipur,Rajasthan,2023-05-09,Business
CUS009073,Simran Joshi,Pune,Delhi,2025-10-04,Business
CUS009074,Karan Malhotra,Chennai,Karnataka,2024-01-03,Business
CUS009075,Ishita Verma,Mumbai,Maharashtra,2025-05-25,Enterprise
CUS009076,Ananya Gupta,Hyderabad,West Bengal,2025-11-22,Retail
CUS009077,Nikhil Mehta,Bengaluru,Uttar Pradesh,2025-03-04,Enterprise
CUS009078,Sneha Jain,Hyderabad,Maharashtra,2025-09-20,Retail
CUS009079,Priya Kapoor,Hyderabad,Uttar Pradesh,2022-10-22,Retail
CUS009080,Priya Patel,Kolkata,Tamil Nadu,2025-06-29,Retail
CUS009081,Neha Gupta,Pune,Uttar Pradesh,2022-04-01,Enterprise
CUS009082,Aarav Singh,Lucknow,Tamil Nadu,2024-09-08,Retail
CUS009083,Nikhil Mehta,Lucknow,Karnataka,2025-06-13,Business
CUS009084,Priya Malhotra,Mumbai,Maharashtra,2024-02-24,Enterprise
CUS009085,Vikram Singh,Bengaluru,Karnataka,2024-11-30,Retail
CUS009086,Karan Mehta,Chennai,Karnataka,2023-08-29,Enterprise
CUS009087,Vivaan Jain,Hyderabad,Uttar Pradesh,2024-03-08,Business
CUS009088,Nikhil Malhotra,Lucknow,Delhi,2023-04-28,Enterprise
CUS009089,Meera Kapoor,Chennai,Tamil Nadu,2023-01-09,Retail
CUS009090,Aditya Sharma,Mumbai,Tamil Nadu,2025-10-21,Business
CUS009091,Ishita Verma,Jaipur,Telangana,2024-10-03,Enterprise
CUS009092,Rahul Sharma,Kolkata,Telangana,2022-04-27,Business
CUS009093,Arjun Kapoor,Kolkata,Maharashtra,2023-01-22,Enterprise
CUS009094,Rahul Jain,Mumbai,West Bengal,2024-07-23,Business
CUS009095,Amit Malhotra,Pune,Delhi,2023-12-07,Business
CUS009096,Amit Kapoor,Bengaluru,Uttar Pradesh,2022-06-02,Retail
CUS009097,Ananya Jain,Pune,Telangana,2022-08-05,Enterprise
CUS009098,Vivaan Singh,Kolkata,Delhi,2024-11-06,Retail
CUS009099,Vivaan Jain,Lucknow,West Bengal,2022-12-19,Enterprise
CUS009100,Kavya Joshi,Chennai,Tamil Nadu,2022-08-23,Retail
CUS009101,Aisha Singh,Kolkata,Maharashtra,2025-08-11,Retail
CUS009102,Vikram Malhotra,Ahmedabad,Karnataka,2023-03-02,Enterprise
CUS009103,Aarav Jain,Delhi,Tamil Nadu,2022-07-31,Business
CUS009104,Sneha Mehta,Ahmedabad,Rajasthan,2025-06-29,Enterprise
CUS009105,Rohan Patel,Delhi,West Bengal,2023-08-09,Business
CUS009106,Rohan Patel,Bengaluru,Karnataka,2023-09-13,Business
CUS009107,Simran Gupta,Jaipur,Delhi,2025-08-01,Enterprise
CUS009108,Meera Mehta,Chennai,Gujarat,2022-11-23,Retail
CUS009109,Simran Jain,Lucknow,Tamil Nadu,2025-05-10,Retail
CUS009110,Simran Malhotra,Hyderabad,Telangana,2022-06-03,Business
CUS009111,Vikram Gupta,Bengaluru,West Bengal,2024-05-25,Retail
CUS009112,Karan Kapoor,Delhi,Tamil Nadu,2024-05-04,Business
CUS009113,Nikhil Gupta,Jaipur,Gujarat,2023-10-01,Business
CUS009114,Aisha Mehta,Lucknow,Tamil Nadu,2025-09-21,Business
CUS009115,Vikram Joshi,Pune,Tamil Nadu,2022-08-29,Enterprise
CUS009116,Aisha Gupta,Pune,Gujarat,2024-08-08,Enterprise
CUS009117,Simran Mehta,Hyderabad,Tamil Nadu,2022-05-17,Retail
CUS009118,Meera Malhotra,Pune,Tamil Nadu,2025-06-16,Retail
CUS009119,Kavya Mehta,Jaipur,West Bengal,2022-01-06,Business
CUS009120,Rohan Mehta,Hyderabad,Gujarat,2025-06-04,Business
CUS009121,Amit Gupta,Pune,Rajasthan,2022-04-07,Business
CUS009122,Sneha Mehta,Pune,Gujarat,2023-03-28,Enterprise
CUS009123,Rohan Kapoor,Chennai,Maharashtra,2026-01-06,Business
CUS009124,Arjun Mehta,Delhi,West Bengal,2023-11-08,Retail
CUS009125,Rohan Sharma,Lucknow,Delhi,2023-01-05,Business
CUS009126,Rohan Patel,Delhi,Karnataka,2025-02-23,Retail
CUS009127,Rohan Malhotra,Hyderabad,Telangana,2025-12-04,Business
CUS009128,Rahul Joshi,Ahmedabad,Karnataka,2023-10-26,Enterprise
CUS009129,Arjun Verma,Jaipur,West Bengal,2023-06-24,Enterprise
CUS009130,Vikram Patel,Chennai,Maharashtra,2022-09-27,Enterprise
CUS009131,Amit Gupta,Hyderabad,Tamil Nadu,2025-02-21,Enterprise
CUS009132,Priya Kapoor,Chennai,Karnataka,2025-07-18,Retail
CUS009133,Kavya Kapoor,Hyderabad,Uttar Pradesh,2025-06-01,Enterprise
CUS009134,Amit Malhotra,Mumbai,Gujarat,2025-04-24,Business
CUS009135,Priya Gupta,Lucknow,Tamil Nadu,2022-10-21,Retail
CUS009136,Pooja Joshi,Chennai,Maharashtra,2022-09-23,Retail
CUS009137,Simran Sharma,Mumbai,Rajasthan,2022-07-03,Business
CUS009138,Ishita Malhotra,Kolkata,Karnataka,2022-05-10,Retail
CUS009139,Aditya Verma,Lucknow,Gujarat,2023-05-05,Retail
CUS009140,Aisha Sharma,Lucknow,Rajasthan,2025-06-03,Enterprise
CUS009141,Arjun Sharma,Chennai,Maharashtra,2023-08-01,Enterprise
CUS009142,Kavya Malhotra,Ahmedabad,Maharashtra,2025-06-20,Enterprise
CUS009143,Karan Verma,Pune,Maharashtra,2025-12-14,Business
CUS009144,Amit Joshi,Chennai,Rajasthan,2023-03-02,Business
CUS009145,Ishita Gupta,Lucknow,Telangana,2022-12-11,Retail
CUS009146,Aarav Verma,Delhi,Maharashtra,2025-10-16,Enterprise
CUS009147,Ishita Patel,Jaipur,Delhi,2025-01-21,Enterprise
CUS009148,Aisha Gupta,Hyderabad,Uttar Pradesh,2022-03-15,Business
CUS009149,Pooja Joshi,Delhi,Tamil Nadu,2023-11-05,Retail
CUS009150,Meera Verma,Mumbai,Tamil Nadu,2022-09-05,Enterprise
CUS009151,Vivaan Malhotra,Bengaluru,West Bengal,2024-01-28,Business
CUS009152,Karan Sharma,Kolkata,Uttar Pradesh,2024-02-16,Enterprise
CUS009153,Aarav Mehta,Mumbai,Gujarat,2025-04-17,Business
CUS009154,Arjun Singh,Chennai,Maharashtra,2022-12-18,Enterprise
CUS009155,Neha Kapoor,Bengaluru,Gujarat,2025-05-15,Business
CUS009156,Meera Malhotra,Chennai,Rajasthan,2022-11-24,Business
CUS009157,Karan Sharma,Ahmedabad,Uttar Pradesh,2025-06-22,Retail
CUS009158,Rahul Mehta,Lucknow,Maharashtra,2024-02-07,Business
CUS009159,Simran Verma,Lucknow,Maharashtra,2024-06-09,Retail
CUS009160,Nikhil Jain,Kolkata,Gujarat,2022-09-12,Retail
CUS009161,Aarav Jain,Bengaluru,Tamil Nadu,2022-06-07,Enterprise
CUS009162,Rahul Sharma,Lucknow,Telangana,2024-01-19,Enterprise
CUS009163,Sneha Malhotra,Mumbai,Tamil Nadu,2024-08-19,Retail
CUS009164,Neha Malhotra,Hyderabad,Karnataka,2025-02-25,Business
CUS009165,Aisha Singh,Bengaluru,West Bengal,2024-01-05,Enterprise
CUS009166,Nikhil Verma,Lucknow,Maharashtra,2023-05-13,Enterprise
CUS009167,Pooja Joshi,Jaipur,West Bengal,2022-01-06,Retail
CUS009168,Pooja Kapoor,Mumbai,Maharashtra,2022-09-03,Enterprise
CUS009169,Priya Singh,Kolkata,Uttar Pradesh,2023-10-30,Enterprise
CUS009170,Rohan Singh,Bengaluru,Maharashtra,2023-06-29,Retail
CUS009171,Rohan Verma,Mumbai,West Bengal,2022-01-26,Enterprise
CUS009172,Karan Patel,Delhi,West Bengal,2024-10-27,Business
CUS009173,Amit Mehta,Bengaluru,Karnataka,2024-11-10,Business
CUS009174,Amit Sharma,Jaipur,Maharashtra,2023-01-29,Enterprise
CUS009175,Rohan Jain,Pune,Rajasthan,2022-10-18,Retail
CUS009176,Vivaan Verma,Hyderabad,Rajasthan,2023-08-25,Enterprise
CUS009177,Priya Gupta,Mumbai,Uttar Pradesh,2024-10-02,Enterprise
CUS009178,Pooja Patel,Ahmedabad,Telangana,2025-04-15,Business
CUS009179,Vikram Patel,Pune,Telangana,2022-10-17,Enterprise
CUS009180,Kavya Malhotra,Lucknow,Maharashtra,2022-01-31,Enterprise
CUS009181,Rohan Kapoor,Hyderabad,Delhi,2022-09-30,Business
CUS009182,Arjun Joshi,Pune,Maharashtra,2025-01-09,Enterprise
CUS009183,Priya Patel,Bengaluru,West Bengal,2024-10-05,Enterprise
CUS009184,Neha Singh,Hyderabad,Maharashtra,2023-04-05,Retail
CUS009185,Kavya Joshi,Lucknow,Delhi,2023-11-12,Enterprise
CUS009186,Aditya Joshi,Bengaluru,Karnataka,2023-05-19,Business
CUS009187,Nikhil Patel,Bengaluru,Gujarat,2024-10-22,Retail
CUS009188,Rohan Sharma,Mumbai,Tamil Nadu,2022-11-16,Enterprise
CUS009189,Vikram Malhotra,Ahmedabad,Rajasthan,2024-01-24,Business
CUS009190,Sneha Jain,Mumbai,Maharashtra,2024-02-29,Business
CUS009191,Aarav Sharma,Ahmedabad,Delhi,2022-03-31,Enterprise
CUS009192,Rahul Patel,Delhi,Telangana,2022-01-21,Business
CUS009193,Sneha Mehta,Hyderabad,Tamil Nadu,2025-09-29,Retail
CUS009194,Sneha Jain,Lucknow,Delhi,2022-08-27,Enterprise
CUS009195,Priya Gupta,Pune,Maharashtra,2022-08-03,Retail
CUS009196,Neha Verma,Lucknow,Gujarat,2025-01-14,Enterprise
CUS009197,Simran Gupta,Pune,Uttar Pradesh,2022-09-29,Enterprise
CUS009198,Aditya Kapoor,Hyderabad,Rajasthan,2025-04-14,Enterprise
CUS009199,Neha Gupta,Hyderabad,Uttar Pradesh,2023-07-24,Enterprise
CUS009200,Amit Joshi,Delhi,Tamil Nadu,2023-08-27,Business
CUS009201,Rahul Sharma,Hyderabad,West Bengal,2023-05-29,Business
CUS009202,Rahul Patel,Kolkata,Tamil Nadu,2024-04-23,Retail
CUS009203,Simran Verma,Lucknow,Maharashtra,2023-06-23,Business
CUS009204,Kavya Patel,Hyderabad,Telangana,2023-06-14,Business
CUS009205,Aisha Gupta,Kolkata,Telangana,2024-11-24,Retail
CUS009206,Ishita Gupta,Delhi,Tamil Nadu,2022-10-03,Enterprise
CUS009207,Nikhil Kapoor,Jaipur,Gujarat,2023-09-03,Business
CUS009208,Kavya Sharma,Jaipur,Uttar Pradesh,2023-04-15,Retail
CUS009209,Neha Singh,Mumbai,West Bengal,2025-02-16,Business
CUS009210,Rahul Patel,Bengaluru,Uttar Pradesh,2022-07-20,Retail
CUS009211,Aisha Malhotra,Lucknow,West Bengal,2023-11-28,Business
CUS009212,Nikhil Singh,Lucknow,Karnataka,2024-09-25,Business
CUS009213,Vikram Jain,Kolkata,Maharashtra,2024-01-12,Business
CUS009214,Rahul Jain,Hyderabad,Maharashtra,2022-12-03,Business
CUS009215,Aarav Singh,Jaipur,Karnataka,2023-07-18,Retail
CUS009216,Rohan Verma,Kolkata,Delhi,2023-01-05,Retail
CUS009217,Karan Jain,Pune,West Bengal,2023-09-02,Retail
CUS009218,Amit Joshi,Chennai,Karnataka,2024-09-04,Retail
CUS009219,Vivaan Mehta,Bengaluru,Delhi,2023-04-26,Enterprise
CUS009220,Amit Kapoor,Jaipur,West Bengal,2024-07-22,Retail
CUS009221,Priya Gupta,Delhi,Maharashtra,2022-01-02,Enterprise
CUS009222,Kavya Kapoor,Bengaluru,West Bengal,2024-01-19,Business
CUS009223,Pooja Jain,Ahmedabad,Karnataka,2022-11-22,Retail
CUS009224,Nikhil Malhotra,Hyderabad,Tamil Nadu,2022-07-24,Enterprise
CUS009225,Vivaan Kapoor,Jaipur,Tamil Nadu,2024-11-05,Enterprise
CUS009226,Simran Kapoor,Mumbai,Rajasthan,2022-09-08,Retail
CUS009227,Amit Malhotra,Hyderabad,Delhi,2025-02-23,Retail
CUS009228,Vikram Kapoor,Bengaluru,Telangana,2022-10-04,Enterprise
CUS009229,Aarav Mehta,Hyderabad,Karnataka,2023-02-15,Enterprise
CUS009230,Simran Gupta,Chennai,Karnataka,2023-09-25,Retail
CUS009231,Ananya Verma,Lucknow,West Bengal,2025-12-29,Retail
CUS009232,Amit Joshi,Delhi,Maharashtra,2023-07-08,Retail
CUS009233,Simran Singh,Delhi,Telangana,2022-10-31,Business
CUS009234,Ananya Sharma,Pune,Uttar Pradesh,2025-08-14,Retail
CUS009235,Karan Singh,Mumbai,Gujarat,2023-01-30,Retail
CUS009236,Rahul Verma,Bengaluru,Maharashtra,2025-09-08,Enterprise
CUS009237,Vikram Jain,Hyderabad,Telangana,2024-09-10,Enterprise
CUS009238,Priya Malhotra,Pune,West Bengal,2022-09-01,Retail
CUS009239,Aditya Jain,Chennai,West Bengal,2025-06-22,Enterprise
CUS009240,Simran Mehta,Lucknow,Maharashtra,2022-04-13,Retail
CUS009241,Ishita Patel,Lucknow,Rajasthan,2025-09-11,Retail
CUS009242,Vikram Jain,Hyderabad,Telangana,2025-08-27,Enterprise
CUS009243,Meera Jain,Pune,West Bengal,2024-02-26,Enterprise
CUS009244,Simran Patel,Chennai,Delhi,2025-01-11,Retail
CUS009245,Aditya Patel,Lucknow,West Bengal,2024-10-06,Enterprise
CUS009246,Simran Gupta,Mumbai,Gujarat,2024-04-10,Business
CUS009247,Vivaan Patel,Jaipur,Maharashtra,2022-04-18,Business
CUS009248,Neha Verma,Pune,Delhi,2024-08-13,Business
CUS009249,Sneha Sharma,Mumbai,Delhi,2023-04-01,Retail
CUS009250,Sneha Jain,Chennai,West Bengal,2024-01-24,Retail
CUS009251,Aarav Sharma,Pune,Karnataka,2024-03-01,Business
CUS009252,Pooja Gupta,Kolkata,Telangana,2023-05-05,Enterprise
CUS009253,Vikram Singh,Jaipur,Telangana,2024-07-12,Enterprise
CUS009254,Aditya Kapoor,Hyderabad,Tamil Nadu,2024-10-26,Retail
CUS009255,Sneha Singh,Pune,Delhi,2022-08-08,Retail
CUS009256,Simran Patel,Jaipur,Delhi,2023-01-29,Business
CUS009257,Ananya Joshi,Delhi,Tamil Nadu,2022-08-20,Retail
CUS009258,Rahul Malhotra,Jaipur,Maharashtra,2023-02-26,Enterprise
CUS009259,Aditya Sharma,Delhi,Gujarat,2022-11-10,Retail
CUS009260,Karan Sharma,Chennai,Maharashtra,2024-02-25,Business
CUS009261,Ishita Kapoor,Delhi,Tamil Nadu,2022-11-24,Retail
CUS009262,Simran Jain,Chennai,Telangana,2024-03-16,Business
CUS009263,Neha Joshi,Ahmedabad,Karnataka,2022-06-07,Business
CUS009264,Amit Patel,Hyderabad,Tamil Nadu,2023-12-26,Enterprise
CUS009265,Vivaan Singh,Ahmedabad,Tamil Nadu,2023-04-07,Business
CUS009266,Ishita Jain,Bengaluru,West Bengal,2022-11-23,Business
CUS009267,Aisha Mehta,Kolkata,Gujarat,2022-09-15,Retail
CUS009268,Aisha Joshi,Ahmedabad,Maharashtra,2024-10-06,Business
CUS009269,Karan Malhotra,Pune,Telangana,2023-12-30,Business
CUS009270,Rohan Jain,Hyderabad,Delhi,2025-11-18,Retail
CUS009271,Meera Malhotra,Ahmedabad,Telangana,2022-10-29,Business
CUS009272,Ishita Malhotra,Kolkata,Rajasthan,2022-04-18,Business
CUS009273,Neha Singh,Kolkata,Maharashtra,2025-06-18,Enterprise
CUS009274,Sneha Sharma,Bengaluru,Telangana,2024-11-13,Enterprise
CUS009275,Vikram Singh,Mumbai,Maharashtra,2024-05-26,Retail
CUS009276,Arjun Gupta,Ahmedabad,Tamil Nadu,2023-04-26,Enterprise
CUS009277,Amit Gupta,Delhi,Maharashtra,2022-07-16,Enterprise
CUS009278,Kavya Verma,Delhi,Telangana,2022-01-10,Retail
CUS009279,Meera Sharma,Hyderabad,Karnataka,2025-08-02,Business
CUS009280,Amit Sharma,Jaipur,Gujarat,2025-01-27,Retail
CUS009281,Nikhil Kapoor,Bengaluru,Tamil Nadu,2024-12-15,Enterprise
CUS009282,Meera Gupta,Jaipur,Karnataka,2024-05-24,Business
CUS009283,Kavya Verma,Jaipur,West Bengal,2024-02-04,Enterprise
CUS009284,Karan Malhotra,Lucknow,West Bengal,2023-06-17,Retail
CUS009285,Meera Verma,Delhi,Uttar Pradesh,2025-08-20,Retail
CUS009286,Ishita Singh,Ahmedabad,Rajasthan,2022-12-10,Business
CUS009287,Kavya Mehta,Jaipur,Telangana,2025-04-13,Business
CUS009288,Nikhil Gupta,Pune,West Bengal,2024-12-06,Enterprise
CUS009289,Aisha Joshi,Delhi,Tamil Nadu,2023-04-22,Retail
CUS009290,Nikhil Patel,Chennai,Rajasthan,2022-01-12,Enterprise
CUS009291,Sneha Joshi,Jaipur,Uttar Pradesh,2023-06-20,Business
CUS009292,Arjun Patel,Lucknow,Karnataka,2025-10-23,Retail
CUS009293,Ishita Mehta,Kolkata,Maharashtra,2025-08-15,Enterprise
CUS009294,Simran Malhotra,Lucknow,Delhi,2024-08-08,Business
CUS009295,Rohan Singh,Kolkata,Maharashtra,2022-02-11,Retail
CUS009296,Rahul Malhotra,Chennai,Uttar Pradesh,2025-08-05,Business
CUS009297,Ananya Gupta,Mumbai,Rajasthan,2024-09-22,Business
CUS009298,Karan Sharma,Chennai,Karnataka,2023-01-06,Retail
CUS009299,Simran Singh,Ahmedabad,Maharashtra,2023-03-30,Enterprise
CUS009300,Aarav Patel,Hyderabad,Telangana,2024-04-14,Business
CUS009301,Arjun Malhotra,Kolkata,Delhi,2025-12-25,Enterprise
CUS009302,Ishita Patel,Pune,Karnataka,2024-05-25,Business
CUS009303,Kavya Kapoor,Pune,Gujarat,2025-03-09,Enterprise
CUS009304,Priya Jain,Jaipur,Uttar Pradesh,2023-06-30,Retail
CUS009305,Aditya Patel,Kolkata,Maharashtra,2023-01-24,Retail
CUS009306,Priya Joshi,Pune,Uttar Pradesh,2024-07-30,Retail
CUS009307,Nikhil Verma,Ahmedabad,West Bengal,2025-04-25,Retail
CUS009308,Pooja Joshi,Kolkata,Karnataka,2024-09-01,Retail
CUS009309,Arjun Mehta,Lucknow,Delhi,2024-07-05,Business
CUS009310,Amit Jain,Kolkata,Telangana,2024-04-27,Retail
CUS009311,Aditya Sharma,Pune,Gujarat,2025-07-29,Enterprise
CUS009312,Karan Joshi,Hyderabad,Maharashtra,2022-01-04,Enterprise
CUS009313,Karan Sharma,Mumbai,Rajasthan,2023-03-18,Retail
CUS009314,Meera Mehta,Ahmedabad,Maharashtra,2025-01-19,Retail
CUS009315,Sneha Patel,Pune,Rajasthan,2023-11-25,Retail
CUS009316,Karan Sharma,Pune,West Bengal,2022-05-08,Retail
CUS009317,Arjun Sharma,Delhi,Delhi,2022-09-29,Enterprise
CUS009318,Arjun Jain,Ahmedabad,Rajasthan,2023-03-23,Enterprise
CUS009319,Vivaan Gupta,Mumbai,Maharashtra,2022-09-07,Retail
CUS009320,Pooja Patel,Ahmedabad,Uttar Pradesh,2023-02-06,Business
CUS009321,Simran Patel,Pune,Gujarat,2024-08-06,Business
CUS009322,Amit Kapoor,Kolkata,Maharashtra,2022-03-23,Retail
CUS009323,Ishita Malhotra,Hyderabad,Maharashtra,2022-06-17,Business
CUS009324,Priya Jain,Jaipur,Delhi,2022-11-07,Business
CUS009325,Arjun Malhotra,Ahmedabad,Telangana,2022-10-04,Enterprise
CUS009326,Kavya Kapoor,Ahmedabad,Maharashtra,2024-06-05,Business
CUS009327,Rahul Patel,Mumbai,West Bengal,2022-02-10,Retail
CUS009328,Kavya Verma,Hyderabad,Uttar Pradesh,2024-03-10,Business
CUS009329,Kavya Sharma,Delhi,Telangana,2022-11-17,Enterprise
CUS009330,Aditya Kapoor,Delhi,Tamil Nadu,2023-06-24,Enterprise
CUS009331,Nikhil Sharma,Chennai,West Bengal,2023-12-09,Enterprise
CUS009332,Kavya Sharma,Delhi,Telangana,2022-10-18,Business
CUS009333,Rahul Mehta,Bengaluru,Karnataka,2024-02-07,Retail
CUS009334,Priya Patel,Kolkata,Tamil Nadu,2023-08-12,Enterprise
CUS009335,Karan Joshi,Mumbai,Karnataka,2022-11-11,Retail
CUS009336,Rahul Sharma,Ahmedabad,Maharashtra,2025-11-14,Retail
CUS009337,Amit Jain,Pune,Karnataka,2022-08-05,Enterprise
CUS009338,Aisha Joshi,Ahmedabad,West Bengal,2023-07-28,Business
CUS009339,Nikhil Jain,Delhi,Rajasthan,2024-09-28,Enterprise
CUS009340,Aarav Joshi,Bengaluru,Uttar Pradesh,2022-05-07,Retail
CUS009341,Ishita Malhotra,Ahmedabad,Karnataka,2022-03-06,Enterprise
CUS009342,Simran Mehta,Ahmedabad,Gujarat,2024-07-08,Business
CUS009343,Rohan Malhotra,Ahmedabad,Maharashtra,2025-07-19,Retail
CUS009344,Amit Mehta,Hyderabad,Uttar Pradesh,2025-05-10,Retail
CUS009345,Vivaan Verma,Kolkata,Maharashtra,2024-04-29,Business
CUS009346,Amit Gupta,Hyderabad,Tamil Nadu,2025-07-30,Enterprise
CUS009347,Neha Verma,Ahmedabad,Tamil Nadu,2024-08-16,Business
CUS009348,Arjun Singh,Kolkata,Maharashtra,2023-12-07,Retail
CUS009349,Neha Jain,Kolkata,Rajasthan,2025-04-06,Retail
CUS009350,Rohan Kapoor,Kolkata,Karnataka,2022-10-27,Retail
CUS009351,Karan Mehta,Ahmedabad,Tamil Nadu,2023-06-11,Enterprise
CUS009352,Pooja Verma,Delhi,West Bengal,2023-09-17,Enterprise
CUS009353,Ishita Mehta,Hyderabad,Tamil Nadu,2025-07-10,Business
CUS009354,Vivaan Singh,Pune,Maharashtra,2022-11-15,Enterprise
CUS009355,Arjun Verma,Bengaluru,Gujarat,2024-05-01,Business
CUS009356,Simran Verma,Chennai,Karnataka,2025-02-08,Enterprise
CUS009357,Rohan Singh,Delhi,Karnataka,2023-09-18,Business
CUS009358,Priya Singh,Chennai,Gujarat,2024-05-04,Enterprise
CUS009359,Rohan Jain,Jaipur,Uttar Pradesh,2024-04-30,Business
CUS009360,Vikram Gupta,Hyderabad,Uttar Pradesh,2025-07-23,Retail
CUS009361,Aarav Singh,Lucknow,Rajasthan,2022-01-02,Retail
CUS009362,Ananya Singh,Kolkata,Gujarat,2022-05-30,Enterprise
CUS009363,Aditya Gupta,Kolkata,West Bengal,2022-01-17,Retail
CUS009364,Ishita Patel,Mumbai,Maharashtra,2023-12-31,Enterprise
CUS009365,Nikhil Patel,Ahmedabad,Delhi,2023-03-10,Retail
CUS009366,Meera Singh,Lucknow,Telangana,2022-11-25,Enterprise
CUS009367,Aditya Patel,Chennai,Rajasthan,2024-08-05,Enterprise
CUS009368,Sneha Gupta,Pune,Uttar Pradesh,2022-05-12,Business
CUS009369,Ananya Malhotra,Kolkata,Tamil Nadu,2022-02-16,Business
CUS009370,Karan Malhotra,Delhi,Maharashtra,2024-01-30,Retail
CUS009371,Vivaan Malhotra,Jaipur,Maharashtra,2022-05-08,Retail
CUS009372,Simran Verma,Hyderabad,Karnataka,2022-01-31,Retail
CUS009373,Rahul Joshi,Kolkata,Karnataka,2022-10-11,Retail
CUS009374,Sneha Gupta,Ahmedabad,Uttar Pradesh,2023-08-16,Retail
CUS009375,Karan Mehta,Bengaluru,Rajasthan,2022-01-18,Enterprise
CUS009376,Nikhil Jain,Ahmedabad,Karnataka,2022-12-04,Business
CUS009377,Karan Mehta,Bengaluru,Maharashtra,2022-06-29,Business
CUS009378,Priya Patel,Pune,West Bengal,2023-11-27,Retail
CUS009379,Amit Kapoor,Kolkata,Maharashtra,2023-07-20,Retail
CUS009380,Neha Jain,Ahmedabad,Telangana,2022-10-02,Enterprise
CUS009381,Priya Sharma,Ahmedabad,Telangana,2026-02-05,Business
CUS009382,Arjun Verma,Bengaluru,Rajasthan,2023-02-18,Enterprise
CUS009383,Nikhil Patel,Ahmedabad,West Bengal,2023-09-08,Enterprise
CUS009384,Rahul Kapoor,Lucknow,Tamil Nadu,2023-09-29,Retail
CUS009385,Meera Kapoor,Hyderabad,West Bengal,2023-06-16,Retail
CUS009386,Pooja Malhotra,Hyderabad,West Bengal,2023-11-20,Retail
CUS009387,Nikhil Malhotra,Kolkata,Delhi,2025-08-27,Business
CUS009388,Kavya Malhotra,Kolkata,Uttar Pradesh,2025-02-12,Enterprise
CUS009389,Pooja Jain,Delhi,Telangana,2023-11-28,Business
CUS009390,Ishita Sharma,Hyderabad,Delhi,2022-09-08,Retail
CUS009391,Aarav Patel,Hyderabad,Uttar Pradesh,2025-06-05,Business
CUS009392,Arjun Patel,Kolkata,West Bengal,2024-12-14,Business
CUS009393,Neha Gupta,Bengaluru,Uttar Pradesh,2025-08-21,Retail
CUS009394,Meera Joshi,Lucknow,Rajasthan,2024-02-18,Business
CUS009395,Rahul Mehta,Lucknow,Delhi,2023-03-17,Retail
CUS009396,Simran Gupta,Bengaluru,Maharashtra,2022-03-08,Enterprise
CUS009397,Rahul Gupta,Chennai,Karnataka,2025-05-03,Business
CUS009398,Rohan Gupta,Ahmedabad,Karnataka,2024-07-19,Business
CUS009399,Ananya Patel,Delhi,Tamil Nadu,2022-11-20,Business
CUS009400,Meera Kapoor,Kolkata,Maharashtra,2022-09-09,Retail
CUS009401,Arjun Patel,Mumbai,West Bengal,2023-12-20,Retail
CUS009402,Vikram Singh,Bengaluru,Tamil Nadu,2025-02-15,Retail
CUS009403,Aisha Jain,Hyderabad,Uttar Pradesh,2025-07-18,Retail
CUS009404,Arjun Gupta,Mumbai,Tamil Nadu,2024-05-28,Enterprise
CUS009405,Ishita Verma,Bengaluru,Rajasthan,2024-10-11,Enterprise
CUS009406,Vikram Patel,Kolkata,Maharashtra,2023-04-19,Business
CUS009407,Amit Singh,Chennai,Rajasthan,2025-10-26,Enterprise
CUS009408,Aditya Sharma,Chennai,Telangana,2025-01-07,Retail
CUS009409,Kavya Mehta,Delhi,West Bengal,2023-03-13,Enterprise
CUS009410,Aisha Verma,Bengaluru,Karnataka,2022-09-13,Business
CUS009411,Aditya Jain,Pune,Uttar Pradesh,2025-06-16,Retail
CUS009412,Pooja Mehta,Jaipur,West Bengal,2025-02-17,Business
CUS009413,Rahul Joshi,Kolkata,Tamil Nadu,2022-07-30,Business
CUS009414,Priya Mehta,Kolkata,Delhi,2022-04-07,Enterprise
CUS009415,Simran Joshi,Chennai,Maharashtra,2024-02-26,Business
CUS009416,Amit Malhotra,Mumbai,Delhi,2026-02-09,Enterprise
CUS009417,Kavya Mehta,Jaipur,Tamil Nadu,2025-03-03,Business
CUS009418,Ishita Patel,Ahmedabad,Telangana,2025-03-17,Retail
CUS009419,Ananya Patel,Mumbai,Maharashtra,2023-10-18,Business
CUS009420,Pooja Gupta,Hyderabad,Maharashtra,2022-12-15,Business
CUS009421,Rahul Patel,Jaipur,Maharashtra,2024-03-16,Enterprise
CUS009422,Aarav Singh,Ahmedabad,Karnataka,2022-12-14,Retail
CUS009423,Meera Patel,Jaipur,Tamil Nadu,2022-12-18,Retail
CUS009424,Amit Patel,Ahmedabad,Tamil Nadu,2024-03-28,Retail
CUS009425,Ananya Sharma,Kolkata,Karnataka,2025-06-24,Enterprise
CUS009426,Karan Patel,Hyderabad,Rajasthan,2023-08-16,Enterprise
CUS009427,Kavya Verma,Hyderabad,Karnataka,2022-03-02,Retail
CUS009428,Karan Verma,Chennai,West Bengal,2024-09-27,Business
CUS009429,Ishita Patel,Hyderabad,Gujarat,2023-12-11,Retail
CUS009430,Nikhil Singh,Mumbai,Gujarat,2023-05-16,Retail
CUS009431,Rohan Gupta,Bengaluru,Karnataka,2025-12-16,Business
CUS009432,Ananya Sharma,Chennai,West Bengal,2023-12-25,Business
CUS009433,Nikhil Mehta,Ahmedabad,Maharashtra,2024-07-17,Retail
CUS009434,Rohan Gupta,Pune,West Bengal,2026-01-12,Business
CUS009435,Aisha Mehta,Pune,Gujarat,2025-03-24,Enterprise
CUS009436,Meera Sharma,Jaipur,Tamil Nadu,2025-12-28,Retail
CUS009437,Aisha Patel,Pune,Gujarat,2024-11-16,Enterprise
CUS009438,Aisha Gupta,Chennai,Karnataka,2022-10-06,Business
CUS009439,Neha Joshi,Hyderabad,Maharashtra,2025-08-21,Enterprise
CUS009440,Neha Patel,Delhi,Telangana,2022-01-29,Enterprise
CUS009441,Neha Singh,Lucknow,Gujarat,2024-12-01,Business
CUS009442,Nikhil Singh,Chennai,Uttar Pradesh,2024-03-05,Retail
CUS009443,Aarav Sharma,Mumbai,Rajasthan,2025-09-13,Enterprise
CUS009444,Rahul Sharma,Jaipur,West Bengal,2022-08-05,Business
CUS009445,Ananya Kapoor,Jaipur,Maharashtra,2025-04-28,Retail
CUS009446,Simran Jain,Kolkata,Maharashtra,2025-03-05,Retail
CUS009447,Nikhil Malhotra,Lucknow,Karnataka,2025-02-18,Retail
CUS009448,Amit Kapoor,Kolkata,Uttar Pradesh,2022-09-21,Retail
CUS009449,Aisha Gupta,Pune,Maharashtra,2024-12-10,Retail
CUS009450,Karan Gupta,Kolkata,Gujarat,2022-01-17,Retail
CUS009451,Nikhil Sharma,Jaipur,Gujarat,2025-12-30,Business
CUS009452,Kavya Jain,Delhi,Gujarat,2022-09-26,Business
CUS009453,Amit Patel,Chennai,Delhi,2025-11-06,Enterprise
CUS009454,Amit Singh,Delhi,Rajasthan,2022-08-08,Business
CUS009455,Aisha Gupta,Mumbai,West Bengal,2024-09-28,Retail
CUS009456,Aditya Singh,Mumbai,Uttar Pradesh,2024-08-01,Business
CUS009457,Simran Singh,Mumbai,Karnataka,2023-10-30,Retail
CUS009458,Vikram Mehta,Delhi,Tamil Nadu,2023-12-03,Enterprise
CUS009459,Priya Joshi,Ahmedabad,Tamil Nadu,2022-05-09,Retail
CUS009460,Nikhil Jain,Chennai,Gujarat,2024-05-18,Enterprise
CUS009461,Kavya Patel,Ahmedabad,Karnataka,2025-05-05,Retail
CUS009462,Karan Jain,Kolkata,Maharashtra,2023-11-07,Business
CUS009463,Pooja Singh,Ahmedabad,Delhi,2024-12-31,Retail
CUS009464,Ananya Verma,Mumbai,Karnataka,2023-11-15,Retail
CUS009465,Ananya Singh,Hyderabad,Gujarat,2022-01-26,Enterprise
CUS009466,Vikram Verma,Lucknow,Gujarat,2025-07-23,Enterprise
CUS009467,Karan Gupta,Kolkata,Telangana,2025-08-15,Enterprise
CUS009468,Ishita Mehta,Chennai,Telangana,2025-12-22,Business
CUS009469,Pooja Jain,Mumbai,Rajasthan,2024-09-27,Retail
CUS009470,Amit Kapoor,Delhi,Maharashtra,2022-09-18,Business
CUS009471,Kavya Kapoor,Jaipur,West Bengal,2024-08-22,Business
CUS009472,Vivaan Gupta,Pune,Karnataka,2022-05-14,Business
CUS009473,Aditya Singh,Hyderabad,Gujarat,2024-02-04,Retail
CUS009474,Pooja Mehta,Chennai,Gujarat,2025-06-23,Enterprise
CUS009475,Aisha Singh,Jaipur,West Bengal,2023-06-30,Business
CUS009476,Vikram Joshi,Mumbai,Karnataka,2023-09-23,Retail
CUS009477,Rohan Gupta,Bengaluru,Rajasthan,2025-11-26,Enterprise
CUS009478,Priya Verma,Mumbai,Maharashtra,2024-05-18,Business
CUS009479,Karan Jain,Lucknow,Uttar Pradesh,2024-07-01,Business
CUS009480,Sneha Gupta,Ahmedabad,Delhi,2025-12-31,Retail
CUS009481,Aisha Joshi,Pune,Karnataka,2025-05-27,Retail
CUS009482,Ananya Mehta,Kolkata,West Bengal,2024-07-19,Business
CUS009483,Ishita Patel,Pune,Rajasthan,2023-05-31,Retail
CUS009484,Simran Joshi,Mumbai,Maharashtra,2024-11-30,Retail
CUS009485,Vivaan Sharma,Bengaluru,Telangana,2022-03-14,Enterprise
CUS009486,Priya Gupta,Jaipur,Delhi,2024-09-04,Enterprise
CUS009487,Arjun Joshi,Bengaluru,Delhi,2022-04-19,Retail
CUS009488,Aditya Sharma,Ahmedabad,Gujarat,2024-03-19,Business
CUS009489,Aisha Gupta,Mumbai,Rajasthan,2023-07-01,Business
CUS009490,Nikhil Kapoor,Kolkata,Uttar Pradesh,2024-08-14,Enterprise
CUS009491,Pooja Kapoor,Hyderabad,Tamil Nadu,2024-10-22,Enterprise
CUS009492,Vikram Malhotra,Chennai,West Bengal,2025-12-05,Enterprise
CUS009493,Vikram Patel,Mumbai,Telangana,2025-05-11,Retail
CUS009494,Karan Malhotra,Hyderabad,Gujarat,2022-05-18,Enterprise
CUS009495,Amit Sharma,Ahmedabad,Uttar Pradesh,2025-12-21,Retail
CUS009496,Priya Malhotra,Chennai,Maharashtra,2022-02-12,Enterprise
CUS009497,Ananya Jain,Kolkata,Rajasthan,2024-03-25,Business
CUS009498,Nikhil Mehta,Jaipur,Uttar Pradesh,2025-03-16,Enterprise
CUS009499,Ishita Jain,Pune,Maharashtra,2023-04-14,Retail
CUS009500,Sneha Gupta,Pune,Karnataka,2022-04-12,Business
CUS009501,Rahul Verma,Mumbai,Maharashtra,2023-07-13,Retail
CUS009502,Vivaan Joshi,Ahmedabad,Tamil Nadu,2022-07-14,Retail
CUS009503,Ananya Gupta,Delhi,Uttar Pradesh,2023-08-02,Enterprise
CUS009504,Meera Joshi,Ahmedabad,Maharashtra,2023-05-25,Enterprise
CUS009505,Simran Mehta,Mumbai,Maharashtra,2025-01-10,Business
CUS009506,Simran Jain,Lucknow,West Bengal,2022-04-21,Business
CUS009507,Kavya Singh,Jaipur,Gujarat,2025-01-16,Business
CUS009508,Sneha Patel,Delhi,Uttar Pradesh,2024-07-07,Business
CUS009509,Vikram Mehta,Delhi,Maharashtra,2025-07-27,Retail
CUS009510,Kavya Verma,Chennai,Gujarat,2022-05-20,Business
CUS009511,Priya Patel,Chennai,Karnataka,2025-09-24,Enterprise
CUS009512,Ananya Verma,Jaipur,Uttar Pradesh,2025-04-15,Enterprise
CUS009513,Meera Singh,Mumbai,Delhi,2022-04-14,Retail
CUS009514,Nikhil Gupta,Lucknow,Maharashtra,2023-10-01,Retail
CUS009515,Aarav Jain,Hyderabad,Maharashtra,2025-10-19,Business
CUS009516,Vivaan Singh,Ahmedabad,Telangana,2023-01-11,Retail
CUS009517,Vikram Singh,Bengaluru,Maharashtra,2023-02-23,Business
CUS009518,Rahul Verma,Mumbai,Telangana,2025-07-06,Business
CUS009519,Arjun Kapoor,Lucknow,West Bengal,2024-03-16,Retail
CUS009520,Aditya Joshi,Kolkata,Uttar Pradesh,2025-09-12,Enterprise
CUS009521,Ishita Jain,Lucknow,Delhi,2022-07-21,Retail
CUS009522,Arjun Joshi,Delhi,West Bengal,2023-07-02,Enterprise
CUS009523,Rahul Patel,Chennai,Maharashtra,2024-09-10,Business
CUS009524,Aarav Joshi,Lucknow,Gujarat,2023-04-29,Retail
CUS009525,Priya Jain,Hyderabad,Maharashtra,2025-09-18,Enterprise
CUS009526,Neha Malhotra,Ahmedabad,Maharashtra,2025-06-28,Business
CUS009527,Kavya Patel,Lucknow,Gujarat,2024-03-14,Retail
CUS009528,Vikram Patel,Hyderabad,Tamil Nadu,2024-09-18,Retail
CUS009529,Aisha Gupta,Jaipur,Gujarat,2024-11-05,Business
CUS009530,Rohan Singh,Kolkata,Rajasthan,2024-02-01,Enterprise
CUS009531,Karan Joshi,Mumbai,West Bengal,2022-09-09,Retail
CUS009532,Aditya Malhotra,Lucknow,Uttar Pradesh,2023-02-04,Enterprise
CUS009533,Amit Patel,Kolkata,Gujarat,2026-01-17,Enterprise
CUS009534,Vikram Sharma,Kolkata,Maharashtra,2022-01-03,Retail
CUS009535,Rohan Joshi,Lucknow,Gujarat,2022-11-26,Enterprise
CUS009536,Neha Verma,Chennai,Delhi,2024-06-25,Enterprise
CUS009537,Ishita Singh,Pune,Maharashtra,2023-03-26,Enterprise
CUS009538,Pooja Joshi,Jaipur,Maharashtra,2024-05-10,Business
CUS009539,Aisha Gupta,Lucknow,Telangana,2025-05-07,Retail
CUS009540,Pooja Mehta,Jaipur,Telangana,2025-05-15,Enterprise
CUS009541,Nikhil Joshi,Hyderabad,Uttar Pradesh,2025-12-25,Retail
CUS009542,Rohan Sharma,Bengaluru,Uttar Pradesh,2022-10-17,Retail
CUS009543,Sneha Kapoor,Ahmedabad,Rajasthan,2024-08-22,Retail
CUS009544,Ananya Joshi,Chennai,Tamil Nadu,2024-10-02,Enterprise
CUS009545,Meera Verma,Chennai,West Bengal,2025-12-15,Enterprise
CUS009546,Sneha Gupta,Bengaluru,Maharashtra,2025-04-02,Retail
CUS009547,Neha Mehta,Hyderabad,Karnataka,2022-02-06,Enterprise
CUS009548,Arjun Singh,Delhi,Delhi,2022-12-21,Business
CUS009549,Karan Gupta,Pune,Telangana,2022-06-05,Retail
CUS009550,Rohan Mehta,Ahmedabad,Telangana,2023-05-04,Enterprise
CUS009551,Meera Sharma,Lucknow,Telangana,2023-10-08,Business
CUS009552,Karan Singh,Mumbai,Telangana,2025-03-13,Retail
CUS009553,Aisha Mehta,Delhi,Delhi,2025-09-08,Business
CUS009554,Vikram Joshi,Ahmedabad,Maharashtra,2023-02-17,Enterprise
CUS009555,Rahul Kapoor,Pune,West Bengal,2022-05-24,Retail
CUS009556,Vivaan Jain,Hyderabad,Tamil Nadu,2024-12-12,Enterprise
CUS009557,Nikhil Mehta,Hyderabad,Maharashtra,2025-07-12,Business
CUS009558,Simran Singh,Lucknow,Uttar Pradesh,2024-03-07,Enterprise
CUS009559,Vikram Malhotra,Bengaluru,Karnataka,2025-06-09,Retail
CUS009560,Priya Kapoor,Bengaluru,Karnataka,2024-12-15,Business
CUS009561,Aisha Kapoor,Jaipur,Karnataka,2025-02-03,Enterprise
CUS009562,Sneha Kapoor,Lucknow,Rajasthan,2022-11-03,Business
CUS009563,Nikhil Patel,Kolkata,Karnataka,2025-02-15,Enterprise
CUS009564,Aisha Kapoor,Mumbai,Gujarat,2023-12-15,Retail
CUS009565,Rahul Singh,Chennai,Maharashtra,2024-10-02,Enterprise
CUS009566,Amit Malhotra,Bengaluru,West Bengal,2025-01-17,Business
CUS009567,Priya Gupta,Delhi,Maharashtra,2025-04-02,Enterprise
CUS009568,Nikhil Sharma,Ahmedabad,Rajasthan,2023-06-08,Enterprise
CUS009569,Sneha Sharma,Bengaluru,Karnataka,2023-08-16,Retail
CUS009570,Amit Malhotra,Chennai,Maharashtra,2025-01-13,Business
CUS009571,Karan Jain,Delhi,Gujarat,2025-09-19,Enterprise
CUS009572,Aisha Jain,Jaipur,Maharashtra,2022-04-26,Business
CUS009573,Sneha Joshi,Kolkata,West Bengal,2025-01-07,Business
CUS009574,Karan Singh,Lucknow,West Bengal,2022-06-04,Enterprise
CUS009575,Aditya Malhotra,Pune,Tamil Nadu,2025-08-28,Enterprise
CUS009576,Karan Verma,Ahmedabad,Rajasthan,2025-03-21,Enterprise
CUS009577,Priya Singh,Pune,Tamil Nadu,2023-03-18,Enterprise
CUS009578,Vikram Verma,Pune,Gujarat,2022-11-20,Business
CUS009579,Rahul Mehta,Mumbai,Maharashtra,2025-12-23,Retail
CUS009580,Priya Jain,Hyderabad,Rajasthan,2025-11-20,Business
CUS009581,Vikram Singh,Ahmedabad,Tamil Nadu,2022-08-11,Enterprise
CUS009582,Pooja Verma,Lucknow,Maharashtra,2025-06-11,Enterprise
CUS009583,Aisha Mehta,Mumbai,Karnataka,2022-10-17,Enterprise
CUS009584,Ishita Sharma,Ahmedabad,Karnataka,2024-01-17,Business
CUS009585,Rohan Verma,Kolkata,Gujarat,2023-02-22,Enterprise
CUS009586,Pooja Gupta,Kolkata,Delhi,2024-03-23,Enterprise
CUS009587,Nikhil Gupta,Pune,Maharashtra,2024-08-10,Retail
CUS009588,Pooja Verma,Bengaluru,Rajasthan,2025-08-20,Enterprise
CUS009589,Meera Kapoor,Pune,Maharashtra,2025-03-31,Enterprise
CUS009590,Simran Kapoor,Ahmedabad,Gujarat,2025-11-07,Enterprise
CUS009591,Simran Jain,Hyderabad,Tamil Nadu,2025-11-14,Retail
CUS009592,Kavya Patel,Hyderabad,Uttar Pradesh,2022-02-28,Business
CUS009593,Nikhil Joshi,Bengaluru,Tamil Nadu,2026-01-16,Enterprise
CUS009594,Vikram Gupta,Hyderabad,Karnataka,2023-08-11,Business
CUS009595,Priya Mehta,Hyderabad,Uttar Pradesh,2025-03-03,Business
CUS009596,Arjun Sharma,Kolkata,West Bengal,2026-01-17,Enterprise
CUS009597,Amit Joshi,Kolkata,Delhi,2022-11-03,Retail
CUS009598,Rahul Mehta,Hyderabad,Gujarat,2026-02-04,Enterprise
CUS009599,Aditya Gupta,Bengaluru,Karnataka,2022-03-11,Retail
CUS009600,Rahul Joshi,Pune,Delhi,2024-07-31,Business
CUS009601,Vivaan Joshi,Ahmedabad,Uttar Pradesh,2024-08-21,Enterprise
CUS009602,Aisha Malhotra,Bengaluru,Rajasthan,2025-11-17,Retail
CUS009603,Kavya Patel,Hyderabad,Tamil Nadu,2023-05-08,Enterprise
CUS009604,Sneha Malhotra,Pune,Maharashtra,2024-06-09,Enterprise
CUS009605,Aditya Jain,Pune,West Bengal,2023-12-02,Retail
CUS009606,Vivaan Sharma,Ahmedabad,Uttar Pradesh,2025-06-19,Enterprise
CUS009607,Aditya Gupta,Chennai,Rajasthan,2023-12-11,Enterprise
CUS009608,Priya Malhotra,Delhi,Delhi,2023-06-14,Business
CUS009609,Kavya Gupta,Ahmedabad,Tamil Nadu,2023-01-10,Retail
CUS009610,Rohan Jain,Mumbai,Telangana,2025-01-02,Enterprise
CUS009611,Ishita Verma,Mumbai,Karnataka,2025-06-27,Enterprise
CUS009612,Simran Gupta,Mumbai,West Bengal,2024-04-03,Enterprise
CUS009613,Amit Singh,Bengaluru,Maharashtra,2023-05-04,Enterprise
CUS009614,Aditya Gupta,Ahmedabad,Uttar Pradesh,2023-11-01,Enterprise
CUS009615,Vivaan Joshi,Pune,Tamil Nadu,2025-09-12,Enterprise
CUS009616,Aisha Malhotra,Chennai,Maharashtra,2022-01-27,Business
CUS009617,Ananya Mehta,Mumbai,Maharashtra,2022-10-15,Enterprise
CUS009618,Vikram Verma,Pune,Rajasthan,2025-08-20,Retail
CUS009619,Aditya Joshi,Bengaluru,Maharashtra,2025-11-07,Business
CUS009620,Simran Malhotra,Bengaluru,Rajasthan,2022-10-25,Retail
CUS009621,Neha Gupta,Delhi,Rajasthan,2024-06-21,Enterprise
CUS009622,Simran Malhotra,Lucknow,Uttar Pradesh,2024-03-23,Retail
CUS009623,Nikhil Malhotra,Bengaluru,Maharashtra,2025-08-07,Retail
CUS009624,Pooja Verma,Pune,Tamil Nadu,2022-10-23,Retail
CUS009625,Nikhil Gupta,Pune,Tamil Nadu,2024-02-25,Retail
CUS009626,Pooja Singh,Mumbai,Uttar Pradesh,2022-07-16,Retail
CUS009627,Aisha Sharma,Hyderabad,Rajasthan,2023-12-26,Enterprise
CUS009628,Nikhil Malhotra,Ahmedabad,Tamil Nadu,2023-06-24,Enterprise
CUS009629,Pooja Patel,Jaipur,Telangana,2023-07-12,Retail
CUS009630,Amit Singh,Jaipur,Gujarat,2023-12-25,Business
CUS009631,Karan Patel,Lucknow,Delhi,2024-10-20,Enterprise
CUS009632,Vivaan Gupta,Hyderabad,Rajasthan,2024-07-25,Business
CUS009633,Nikhil Joshi,Pune,Tamil Nadu,2024-03-28,Business
CUS009634,Rahul Singh,Pune,Maharashtra,2024-01-31,Business
CUS009635,Aarav Malhotra,Hyderabad,Telangana,2025-07-06,Business
CUS009636,Arjun Gupta,Pune,Maharashtra,2022-10-11,Enterprise
CUS009637,Priya Gupta,Pune,Gujarat,2024-03-19,Enterprise
CUS009638,Meera Mehta,Ahmedabad,Maharashtra,2024-01-08,Retail
CUS009639,Meera Malhotra,Pune,Rajasthan,2024-01-09,Enterprise
CUS009640,Meera Joshi,Ahmedabad,Tamil Nadu,2024-09-19,Enterprise
CUS009641,Simran Singh,Kolkata,Uttar Pradesh,2025-12-03,Retail
CUS009642,Simran Patel,Lucknow,Telangana,2024-09-25,Business
CUS009643,Priya Joshi,Delhi,Uttar Pradesh,2025-04-30,Retail
CUS009644,Ananya Gupta,Delhi,Maharashtra,2025-11-22,Enterprise
CUS009645,Sneha Sharma,Lucknow,Maharashtra,2022-02-25,Retail
CUS009646,Karan Mehta,Hyderabad,West Bengal,2022-05-26,Business
CUS009647,Rohan Verma,Bengaluru,Delhi,2022-06-15,Retail
CUS009648,Aditya Malhotra,Pune,Delhi,2024-06-13,Enterprise
CUS009649,Aisha Jain,Bengaluru,West Bengal,2024-07-10,Retail
CUS009650,Pooja Patel,Bengaluru,Karnataka,2022-01-16,Enterprise
CUS009651,Pooja Singh,Mumbai,Telangana,2024-01-28,Retail
CUS009652,Priya Joshi,Jaipur,Maharashtra,2023-03-01,Business
CUS009653,Sneha Singh,Bengaluru,Delhi,2024-11-20,Business
CUS009654,Neha Jain,Chennai,Gujarat,2023-10-18,Business
CUS009655,Pooja Mehta,Ahmedabad,Rajasthan,2022-03-11,Enterprise
CUS009656,Kavya Kapoor,Pune,Maharashtra,2022-04-12,Enterprise
CUS009657,Meera Kapoor,Lucknow,Tamil Nadu,2025-12-03,Retail
CUS009658,Pooja Patel,Chennai,West Bengal,2024-02-02,Retail
CUS009659,Aditya Gupta,Hyderabad,Karnataka,2025-11-03,Enterprise
CUS009660,Kavya Joshi,Jaipur,Maharashtra,2025-02-20,Enterprise
CUS009661,Vivaan Joshi,Kolkata,Uttar Pradesh,2025-12-30,Business
CUS009662,Amit Patel,Hyderabad,Rajasthan,2024-11-30,Retail
CUS009663,Meera Patel,Hyderabad,Telangana,2024-05-25,Business
CUS009664,Aditya Malhotra,Lucknow,Tamil Nadu,2023-06-02,Retail
CUS009665,Karan Patel,Pune,Maharashtra,2024-04-12,Business
CUS009666,Aisha Jain,Ahmedabad,Gujarat,2024-05-26,Enterprise
CUS009667,Pooja Gupta,Hyderabad,Tamil Nadu,2025-09-28,Business
CUS009668,Priya Mehta,Bengaluru,West Bengal,2024-10-13,Business
CUS009669,Aisha Gupta,Lucknow,Uttar Pradesh,2023-12-23,Enterprise
CUS009670,Amit Sharma,Delhi,Karnataka,2023-07-19,Business
CUS009671,Rahul Singh,Jaipur,Maharashtra,2024-05-26,Retail
CUS009672,Rohan Mehta,Ahmedabad,Telangana,2024-11-11,Business
CUS009673,Amit Patel,Jaipur,Gujarat,2022-07-18,Business
CUS009674,Sneha Jain,Jaipur,Rajasthan,2023-04-24,Business
CUS009675,Ananya Gupta,Jaipur,Maharashtra,2025-09-12,Business
CUS009676,Ananya Singh,Mumbai,Tamil Nadu,2022-06-18,Enterprise
CUS009677,Ananya Patel,Bengaluru,Tamil Nadu,2024-06-01,Retail
CUS009678,Arjun Joshi,Pune,Delhi,2024-09-20,Enterprise
CUS009679,Ishita Joshi,Bengaluru,Telangana,2023-09-21,Business
CUS009680,Simran Singh,Kolkata,Delhi,2022-12-26,Retail
CUS009681,Amit Patel,Kolkata,Gujarat,2022-06-05,Enterprise
CUS009682,Aisha Kapoor,Delhi,Delhi,2023-12-11,Enterprise
CUS009683,Pooja Gupta,Jaipur,Telangana,2025-09-16,Retail
CUS009684,Arjun Singh,Chennai,West Bengal,2023-09-16,Retail
CUS009685,Nikhil Joshi,Hyderabad,West Bengal,2023-07-15,Retail
CUS009686,Karan Singh,Lucknow,West Bengal,2022-11-07,Enterprise
CUS009687,Aisha Patel,Kolkata,Tamil Nadu,2024-04-14,Business
CUS009688,Karan Joshi,Lucknow,Uttar Pradesh,2022-04-24,Business
CUS009689,Arjun Kapoor,Bengaluru,Telangana,2023-06-22,Retail
CUS009690,Kavya Patel,Mumbai,Rajasthan,2022-03-18,Enterprise
CUS009691,Kavya Verma,Chennai,Tamil Nadu,2022-06-09,Enterprise
CUS009692,Rahul Verma,Mumbai,Tamil Nadu,2022-09-22,Enterprise
CUS009693,Aisha Singh,Hyderabad,Rajasthan,2023-05-30,Retail
CUS009694,Aditya Mehta,Mumbai,West Bengal,2022-04-09,Enterprise
CUS009695,Sneha Verma,Lucknow,Maharashtra,2023-09-16,Business
CUS009696,Kavya Singh,Bengaluru,West Bengal,2025-11-12,Business
CUS009697,Rohan Sharma,Mumbai,Tamil Nadu,2024-02-20,Enterprise
CUS009698,Arjun Verma,Ahmedabad,Maharashtra,2024-02-17,Enterprise
CUS009699,Ishita Patel,Chennai,West Bengal,2023-04-12,Retail
CUS009700,Vikram Mehta,Jaipur,Telangana,2022-01-15,Enterprise
CUS009701,Amit Patel,Bengaluru,Telangana,2022-05-27,Enterprise
CUS009702,Vikram Kapoor,Mumbai,Maharashtra,2025-06-20,Retail
CUS009703,Vikram Patel,Lucknow,Tamil Nadu,2024-09-13,Enterprise
CUS009704,Arjun Verma,Chennai,Maharashtra,2023-10-01,Enterprise
CUS009705,Meera Patel,Hyderabad,Uttar Pradesh,2025-11-15,Enterprise
CUS009706,Meera Gupta,Jaipur,Karnataka,2025-01-16,Business
CUS009707,Ananya Mehta,Jaipur,Maharashtra,2024-08-14,Retail
CUS009708,Amit Mehta,Ahmedabad,Maharashtra,2024-11-25,Retail
CUS009709,Pooja Verma,Bengaluru,Rajasthan,2024-11-28,Retail
CUS009710,Sneha Kapoor,Hyderabad,Rajasthan,2022-10-14,Business
CUS009711,Rohan Singh,Pune,Uttar Pradesh,2025-05-22,Retail
CUS009712,Karan Sharma,Hyderabad,Gujarat,2023-07-19,Business
CUS009713,Kavya Sharma,Bengaluru,Maharashtra,2025-09-19,Retail
CUS009714,Sneha Sharma,Hyderabad,Tamil Nadu,2025-12-31,Enterprise
CUS009715,Arjun Malhotra,Lucknow,Maharashtra,2024-11-13,Retail
CUS009716,Nikhil Joshi,Bengaluru,Karnataka,2022-04-19,Retail
CUS009717,Rohan Joshi,Ahmedabad,Karnataka,2026-01-03,Retail
CUS009718,Karan Jain,Delhi,Karnataka,2024-10-13,Retail
CUS009719,Aisha Malhotra,Chennai,Maharashtra,2023-06-21,Retail
CUS009720,Rahul Mehta,Pune,Tamil Nadu,2025-04-13,Retail
CUS009721,Neha Joshi,Bengaluru,Tamil Nadu,2023-03-08,Business
CUS009722,Rahul Jain,Ahmedabad,Tamil Nadu,2023-06-17,Enterprise
CUS009723,Ananya Sharma,Chennai,Karnataka,2025-02-27,Business
CUS009724,Ananya Verma,Chennai,Maharashtra,2023-02-03,Enterprise
CUS009725,Meera Malhotra,Lucknow,Gujarat,2023-08-30,Retail
CUS009726,Aisha Sharma,Ahmedabad,Maharashtra,2026-01-04,Retail
CUS009727,Amit Kapoor,Lucknow,West Bengal,2022-11-17,Business
CUS009728,Neha Sharma,Chennai,Maharashtra,2023-06-14,Enterprise
CUS009729,Priya Patel,Ahmedabad,Telangana,2022-07-06,Retail
CUS009730,Amit Malhotra,Mumbai,Karnataka,2024-06-08,Business
CUS009731,Aisha Verma,Pune,Delhi,2025-11-30,Business
CUS009732,Ishita Jain,Ahmedabad,Maharashtra,2022-03-28,Business
CUS009733,Rahul Kapoor,Lucknow,Delhi,2022-12-09,Retail
CUS009734,Nikhil Verma,Bengaluru,Tamil Nadu,2024-08-05,Enterprise
CUS009735,Amit Singh,Jaipur,Uttar Pradesh,2023-10-16,Enterprise
CUS009736,Ishita Gupta,Jaipur,Uttar Pradesh,2022-12-09,Retail
CUS009737,Kavya Patel,Kolkata,Telangana,2024-09-22,Business
CUS009738,Rohan Malhotra,Hyderabad,Uttar Pradesh,2024-06-30,Business
CUS009739,Meera Mehta,Chennai,Tamil Nadu,2022-07-29,Retail
CUS009740,Nikhil Kapoor,Lucknow,Tamil Nadu,2024-06-11,Retail
CUS009741,Pooja Singh,Ahmedabad,West Bengal,2024-04-15,Business
CUS009742,Meera Joshi,Pune,Karnataka,2022-06-14,Enterprise
CUS009743,Aarav Patel,Delhi,Delhi,2025-07-08,Retail
CUS009744,Priya Singh,Jaipur,West Bengal,2023-12-31,Retail
CUS009745,Neha Jain,Mumbai,Telangana,2023-08-12,Enterprise
CUS009746,Nikhil Singh,Chennai,Telangana,2025-10-16,Business
CUS009747,Karan Verma,Lucknow,Rajasthan,2024-12-14,Enterprise
CUS009748,Priya Malhotra,Ahmedabad,Rajasthan,2023-02-15,Enterprise
CUS009749,Rahul Gupta,Delhi,Tamil Nadu,2023-08-10,Retail
CUS009750,Vivaan Malhotra,Bengaluru,Tamil Nadu,2025-11-12,Retail
CUS009751,Kavya Jain,Mumbai,Tamil Nadu,2022-05-10,Business
CUS009752,Ananya Verma,Ahmedabad,Gujarat,2022-02-13,Business
CUS009753,Pooja Malhotra,Lucknow,Delhi,2023-06-08,Business
CUS009754,Arjun Gupta,Kolkata,Tamil Nadu,2024-04-30,Retail
CUS009755,Aarav Kapoor,Pune,Maharashtra,2022-03-21,Retail
CUS009756,Aarav Jain,Delhi,Maharashtra,2026-01-05,Retail
CUS009757,Ananya Malhotra,Chennai,Tamil Nadu,2022-08-07,Retail
CUS009758,Arjun Mehta,Lucknow,Rajasthan,2023-04-05,Retail
CUS009759,Ananya Jain,Jaipur,Tamil Nadu,2023-06-16,Retail
CUS009760,Neha Jain,Delhi,Gujarat,2023-04-18,Enterprise
CUS009761,Rahul Mehta,Delhi,Maharashtra,2023-08-28,Business
CUS009762,Kavya Singh,Kolkata,Maharashtra,2023-11-20,Enterprise
CUS009763,Vivaan Verma,Chennai,Maharashtra,2025-06-19,Business
CUS009764,Vikram Kapoor,Kolkata,West Bengal,2025-02-01,Enterprise
CUS009765,Vivaan Patel,Mumbai,Tamil Nadu,2025-05-25,Retail
CUS009766,Ananya Jain,Ahmedabad,Rajasthan,2023-09-04,Retail
CUS009767,Ananya Jain,Ahmedabad,Karnataka,2023-11-23,Business
CUS009768,Neha Mehta,Lucknow,Maharashtra,2023-03-02,Retail
CUS009769,Sneha Malhotra,Bengaluru,Maharashtra,2022-03-13,Business
CUS009770,Karan Patel,Lucknow,West Bengal,2023-05-22,Retail
CUS009771,Ananya Kapoor,Mumbai,Tamil Nadu,2023-08-24,Business
CUS009772,Kavya Jain,Kolkata,Rajasthan,2026-02-03,Business
CUS009773,Aisha Jain,Ahmedabad,Maharashtra,2023-01-09,Retail
CUS009774,Kavya Mehta,Hyderabad,Maharashtra,2025-10-16,Enterprise
CUS009775,Priya Sharma,Lucknow,Uttar Pradesh,2025-06-15,Enterprise
CUS009776,Aisha Kapoor,Lucknow,Maharashtra,2025-05-13,Enterprise
CUS009777,Meera Sharma,Kolkata,Rajasthan,2024-06-13,Business
CUS009778,Simran Mehta,Lucknow,Uttar Pradesh,2025-05-27,Enterprise
CUS009779,Ananya Kapoor,Mumbai,Uttar Pradesh,2025-08-16,Retail
CUS009780,Simran Verma,Jaipur,West Bengal,2023-07-13,Business
CUS009781,Arjun Jain,Bengaluru,Maharashtra,2025-05-10,Enterprise
CUS009782,Aarav Sharma,Delhi,Telangana,2022-07-06,Business
CUS009783,Kavya Patel,Kolkata,Tamil Nadu,2024-11-30,Business
CUS009784,Ananya Joshi,Bengaluru,Tamil Nadu,2023-02-23,Retail
CUS009785,Rohan Joshi,Pune,Delhi,2024-10-30,Enterprise
CUS009786,Amit Mehta,Ahmedabad,Gujarat,2024-10-24,Business
CUS009787,Pooja Gupta,Jaipur,Telangana,2023-03-12,Retail
CUS009788,Aditya Mehta,Delhi,Maharashtra,2022-05-02,Enterprise
CUS009789,Sneha Gupta,Mumbai,Telangana,2025-12-06,Enterprise
CUS009790,Neha Joshi,Bengaluru,Uttar Pradesh,2024-04-04,Enterprise
CUS009791,Meera Verma,Bengaluru,Maharashtra,2022-02-07,Business
CUS009792,Meera Joshi,Kolkata,Maharashtra,2025-09-19,Retail
CUS009793,Ananya Sharma,Delhi,West Bengal,2023-11-08,Enterprise
CUS009794,Aisha Sharma,Jaipur,Rajasthan,2025-03-30,Business
CUS009795,Pooja Mehta,Lucknow,West Bengal,2025-05-29,Retail
CUS009796,Kavya Kapoor,Hyderabad,Karnataka,2023-06-08,Retail
CUS009797,Ananya Patel,Hyderabad,Uttar Pradesh,2023-07-21,Business
CUS009798,Rohan Patel,Delhi,Tamil Nadu,2025-12-19,Enterprise
CUS009799,Aisha Sharma,Ahmedabad,Delhi,2025-08-09,Retail
CUS009800,Amit Kapoor,Mumbai,Rajasthan,2022-04-02,Enterprise
CUS009801,Neha Sharma,Lucknow,Uttar Pradesh,2025-04-12,Retail
CUS009802,Kavya Patel,Hyderabad,Maharashtra,2023-08-21,Retail
CUS009803,Meera Sharma,Jaipur,Tamil Nadu,2022-01-30,Enterprise
CUS009804,Aditya Singh,Hyderabad,West Bengal,2025-07-12,Business
CUS009805,Rohan Malhotra,Ahmedabad,Karnataka,2024-04-29,Business
CUS009806,Aditya Jain,Delhi,Gujarat,2023-09-13,Business
CUS009807,Rahul Gupta,Hyderabad,Karnataka,2025-12-03,Enterprise
CUS009808,Rohan Verma,Chennai,Karnataka,2025-05-13,Enterprise
CUS009809,Sneha Sharma,Hyderabad,Delhi,2023-06-04,Retail
CUS009810,Pooja Patel,Kolkata,Telangana,2025-12-20,Enterprise
CUS009811,Neha Jain,Chennai,Karnataka,2025-03-15,Enterprise
CUS009812,Sneha Kapoor,Chennai,Delhi,2024-07-15,Business
CUS009813,Nikhil Jain,Pune,Uttar Pradesh,2022-07-20,Enterprise
CUS009814,Pooja Patel,Delhi,Delhi,2023-09-21,Business
CUS009815,Sneha Patel,Hyderabad,Delhi,2025-01-04,Retail
CUS009816,Amit Joshi,Pune,Delhi,2022-01-17,Enterprise
CUS009817,Karan Malhotra,Pune,Uttar Pradesh,2024-06-10,Enterprise
CUS009818,Priya Gupta,Mumbai,Tamil Nadu,2025-06-29,Retail
CUS009819,Aditya Joshi,Chennai,Karnataka,2023-04-28,Retail
CUS009820,Karan Sharma,Delhi,Tamil Nadu,2023-02-22,Retail
CUS009821,Vikram Malhotra,Kolkata,Maharashtra,2024-12-24,Business
CUS009822,Vivaan Verma,Bengaluru,West Bengal,2024-09-07,Business
CUS009823,Pooja Joshi,Delhi,Tamil Nadu,2023-02-11,Business
CUS009824,Aditya Joshi,Delhi,Maharashtra,2025-11-03,Retail
CUS009825,Kavya Singh,Bengaluru,Karnataka,2022-02-20,Retail
CUS009826,Ananya Jain,Chennai,Gujarat,2025-03-24,Business
CUS009827,Neha Joshi,Hyderabad,Maharashtra,2023-01-26,Retail
CUS009828,Aditya Patel,Chennai,Maharashtra,2025-05-03,Business
CUS009829,Nikhil Singh,Lucknow,Telangana,2025-01-09,Enterprise
CUS009830,Ishita Jain,Delhi,Gujarat,2025-09-05,Business
CUS009831,Ananya Patel,Chennai,Telangana,2023-03-11,Retail
CUS009832,Simran Malhotra,Pune,Karnataka,2025-08-07,Enterprise
CUS009833,Ishita Malhotra,Mumbai,Karnataka,2022-06-05,Business
CUS009834,Sneha Gupta,Bengaluru,Gujarat,2024-06-03,Business
CUS009835,Aditya Singh,Ahmedabad,Telangana,2024-05-07,Enterprise
CUS009836,Ananya Gupta,Mumbai,Telangana,2023-10-28,Retail
CUS009837,Rohan Kapoor,Delhi,Karnataka,2022-10-13,Business
CUS009838,Ananya Verma,Jaipur,Tamil Nadu,2026-01-25,Retail
CUS009839,Amit Joshi,Lucknow,Uttar Pradesh,2023-03-10,Enterprise
CUS009840,Neha Malhotra,Ahmedabad,Tamil Nadu,2024-06-16,Business
CUS009841,Kavya Kapoor,Bengaluru,Karnataka,2023-12-11,Retail
CUS009842,Arjun Malhotra,Kolkata,Maharashtra,2025-10-31,Business
CUS009843,Ishita Sharma,Ahmedabad,Telangana,2022-06-30,Retail
CUS009844,Ananya Patel,Chennai,Telangana,2022-03-25,Retail
CUS009845,Ishita Verma,Kolkata,Rajasthan,2023-02-23,Retail
CUS009846,Karan Gupta,Pune,Maharashtra,2024-03-29,Retail
CUS009847,Rahul Joshi,Pune,Karnataka,2025-08-25,Business
CUS009848,Simran Patel,Hyderabad,Maharashtra,2022-02-03,Enterprise
CUS009849,Meera Jain,Ahmedabad,Uttar Pradesh,2025-07-11,Business
CUS009850,Ananya Mehta,Hyderabad,Delhi,2024-08-09,Retail
CUS009851,Aditya Jain,Ahmedabad,Telangana,2025-11-02,Business
CUS009852,Ishita Singh,Ahmedabad,West Bengal,2024-05-06,Enterprise
CUS009853,Vikram Malhotra,Ahmedabad,West Bengal,2025-09-11,Business
CUS009854,Sneha Joshi,Delhi,Gujarat,2025-05-05,Enterprise
CUS009855,Aisha Singh,Pune,Maharashtra,2025-11-16,Retail
CUS009856,Ananya Singh,Delhi,West Bengal,2025-06-13,Enterprise
CUS009857,Pooja Jain,Mumbai,West Bengal,2022-01-03,Retail
CUS009858,Aisha Joshi,Mumbai,Uttar Pradesh,2025-03-06,Business
CUS009859,Aditya Verma,Lucknow,Telangana,2025-06-30,Retail
CUS009860,Pooja Gupta,Mumbai,Telangana,2024-07-30,Business
CUS009861,Aisha Patel,Ahmedabad,Maharashtra,2023-03-04,Enterprise
CUS009862,Ishita Malhotra,Chennai,Delhi,2024-03-26,Retail
CUS009863,Aisha Kapoor,Delhi,Delhi,2024-10-24,Business
CUS009864,Simran Gupta,Ahmedabad,Maharashtra,2023-09-21,Retail
CUS009865,Aarav Malhotra,Ahmedabad,Gujarat,2022-05-24,Enterprise
CUS009866,Meera Malhotra,Delhi,Uttar Pradesh,2023-01-25,Retail
CUS009867,Kavya Joshi,Jaipur,Uttar Pradesh,2022-04-05,Enterprise
CUS009868,Nikhil Gupta,Pune,Gujarat,2025-03-10,Retail
CUS009869,Ananya Sharma,Bengaluru,Telangana,2024-09-15,Enterprise
CUS009870,Aditya Patel,Delhi,Maharashtra,2022-10-09,Business
CUS009871,Ananya Sharma,Delhi,Karnataka,2024-12-17,Enterprise
CUS009872,Meera Malhotra,Chennai,Maharashtra,2025-11-22,Enterprise
CUS009873,Rahul Malhotra,Delhi,Maharashtra,2024-08-09,Retail
CUS009874,Rahul Singh,Pune,Karnataka,2023-05-12,Business
CUS009875,Pooja Jain,Bengaluru,Karnataka,2025-03-26,Enterprise
CUS009876,Amit Gupta,Mumbai,Maharashtra,2025-12-02,Retail
CUS009877,Priya Malhotra,Lucknow,West Bengal,2024-08-19,Retail
CUS009878,Pooja Joshi,Lucknow,Delhi,2024-06-18,Enterprise
CUS009879,Karan Mehta,Kolkata,Rajasthan,2022-11-17,Retail
CUS009880,Sneha Sharma,Jaipur,Telangana,2023-01-09,Retail
CUS009881,Simran Mehta,Ahmedabad,Tamil Nadu,2022-08-02,Business
CUS009882,Neha Verma,Jaipur,Gujarat,2023-11-25,Business
CUS009883,Neha Singh,Pune,Gujarat,2022-11-14,Retail
CUS009884,Sneha Kapoor,Mumbai,Telangana,2025-10-16,Enterprise
CUS009885,Pooja Verma,Lucknow,Uttar Pradesh,2025-07-06,Retail
CUS009886,Simran Kapoor,Kolkata,Delhi,2022-04-14,Retail
CUS009887,Simran Kapoor,Mumbai,Maharashtra,2023-03-03,Retail
CUS009888,Aarav Kapoor,Hyderabad,Karnataka,2025-08-17,Retail
CUS009889,Simran Patel,Hyderabad,Maharashtra,2025-04-01,Enterprise
CUS009890,Pooja Patel,Mumbai,West Bengal,2025-04-25,Business
CUS009891,Priya Singh,Pune,Tamil Nadu,2022-01-03,Business
CUS009892,Neha Malhotra,Chennai,Maharashtra,2023-08-02,Business
CUS009893,Priya Jain,Kolkata,Maharashtra,2025-04-24,Retail
CUS009894,Simran Kapoor,Pune,Delhi,2025-12-17,Enterprise
CUS009895,Neha Verma,Mumbai,Gujarat,2022-06-27,Enterprise
CUS009896,Sneha Malhotra,Bengaluru,Gujarat,2023-01-02,Business
CUS009897,Vivaan Kapoor,Jaipur,Tamil Nadu,2022-08-23,Enterprise
CUS009898,Aisha Singh,Delhi,Karnataka,2024-11-02,Retail
CUS009899,Ananya Joshi,Pune,Tamil Nadu,2024-09-15,Enterprise
CUS009900,Ishita Patel,Pune,Karnataka,2024-09-01,Business
CUS009901,Rohan Jain,Ahmedabad,Tamil Nadu,2025-05-15,Business
CUS009902,Arjun Gupta,Delhi,Tamil Nadu,2024-12-29,Retail
CUS009903,Nikhil Gupta,Mumbai,Gujarat,2023-04-25,Business
CUS009904,Vikram Kapoor,Mumbai,Maharashtra,2024-04-22,Business
CUS009905,Neha Mehta,Ahmedabad,Rajasthan,2023-07-17,Business
CUS009906,Arjun Singh,Delhi,Uttar Pradesh,2022-05-01,Retail
CUS009907,Vivaan Jain,Lucknow,Maharashtra,2023-11-25,Enterprise
CUS009908,Kavya Patel,Mumbai,Rajasthan,2024-01-23,Enterprise
CUS009909,Aditya Patel,Pune,Maharashtra,2023-08-08,Business
CUS009910,Vivaan Jain,Bengaluru,Tamil Nadu,2023-05-27,Business
CUS009911,Simran Mehta,Jaipur,Delhi,2024-11-10,Enterprise
CUS009912,Aarav Patel,Hyderabad,Maharashtra,2025-01-06,Retail
CUS009913,Rahul Singh,Chennai,Gujarat,2023-04-12,Retail
CUS009914,Sneha Joshi,Ahmedabad,Gujarat,2022-04-11,Retail
CUS009915,Karan Patel,Ahmedabad,Rajasthan,2025-04-09,Retail
CUS009916,Karan Kapoor,Jaipur,Rajasthan,2023-07-17,Business
CUS009917,Nikhil Joshi,Mumbai,Rajasthan,2022-06-07,Enterprise
CUS009918,Ananya Kapoor,Bengaluru,Telangana,2024-10-18,Enterprise
CUS009919,Karan Sharma,Chennai,Maharashtra,2022-01-26,Enterprise
CUS009920,Neha Joshi,Bengaluru,Maharashtra,2025-07-08,Enterprise
CUS009921,Aarav Jain,Jaipur,Delhi,2022-07-13,Retail
CUS009922,Arjun Patel,Hyderabad,Rajasthan,2022-12-20,Business
CUS009923,Aditya Verma,Bengaluru,Maharashtra,2023-07-16,Business
CUS009924,Ishita Mehta,Lucknow,West Bengal,2024-12-26,Enterprise
CUS009925,Simran Verma,Delhi,Tamil Nadu,2025-02-26,Business
CUS009926,Priya Verma,Lucknow,Maharashtra,2022-02-13,Retail
CUS009927,Simran Joshi,Ahmedabad,Rajasthan,2026-01-14,Enterprise
CUS009928,Amit Singh,Bengaluru,Telangana,2024-01-07,Retail
CUS009929,Vivaan Verma,Mumbai,Uttar Pradesh,2024-01-16,Retail
CUS009930,Aditya Singh,Pune,Karnataka,2022-02-23,Business
CUS009931,Sneha Mehta,Mumbai,West Bengal,2022-01-09,Business
CUS009932,Arjun Mehta,Ahmedabad,Rajasthan,2023-07-03,Business
CUS009933,Ishita Kapoor,Delhi,Maharashtra,2025-05-12,Enterprise
CUS009934,Vikram Jain,Jaipur,Telangana,2024-12-07,Retail
CUS009935,Nikhil Patel,Jaipur,Gujarat,2025-03-21,Business
CUS009936,Amit Jain,Bengaluru,Telangana,2023-06-06,Business
CUS009937,Vivaan Gupta,Chennai,West Bengal,2022-10-19,Business
CUS009938,Vikram Joshi,Delhi,Maharashtra,2023-04-01,Enterprise
CUS009939,Aisha Singh,Ahmedabad,Delhi,2022-02-22,Enterprise
CUS009940,Simran Patel,Ahmedabad,Maharashtra,2025-09-15,Business
CUS009941,Simran Verma,Mumbai,West Bengal,2025-12-06,Retail
CUS009942,Ananya Patel,Lucknow,Maharashtra,2022-05-09,Business
CUS009943,Vivaan Mehta,Ahmedabad,Rajasthan,2024-02-09,Retail
CUS009944,Karan Jain,Mumbai,Rajasthan,2024-01-14,Enterprise
CUS009945,Simran Singh,Chennai,Rajasthan,2023-05-28,Enterprise
CUS009946,Vivaan Verma,Kolkata,Maharashtra,2024-01-20,Enterprise
CUS009947,Karan Patel,Delhi,Gujarat,2023-10-13,Business
CUS009948,Meera Mehta,Hyderabad,Maharashtra,2025-10-25,Business
CUS009949,Kavya Mehta,Ahmedabad,Gujarat,2024-07-26,Retail
CUS009950,Kavya Joshi,Mumbai,Maharashtra,2022-09-01,Retail
CUS009951,Vivaan Joshi,Pune,Maharashtra,2024-12-05,Enterprise
CUS009952,Aarav Gupta,Jaipur,Uttar Pradesh,2023-01-28,Business
CUS009953,Simran Mehta,Kolkata,Uttar Pradesh,2023-01-16,Business
CUS009954,Rohan Gupta,Chennai,Delhi,2023-12-08,Business
CUS009955,Aisha Patel,Chennai,Maharashtra,2025-12-27,Enterprise
CUS009956,Priya Singh,Chennai,Uttar Pradesh,2025-07-10,Enterprise
CUS009957,Neha Kapoor,Pune,Rajasthan,2024-05-05,Retail
CUS009958,Nikhil Mehta,Jaipur,Karnataka,2022-01-21,Business
CUS009959,Ananya Verma,Delhi,Delhi,2025-04-28,Enterprise
CUS009960,Vikram Kapoor,Chennai,Karnataka,2022-09-25,Retail
CUS009961,Aarav Patel,Bengaluru,Karnataka,2025-04-08,Enterprise
CUS009962,Simran Singh,Pune,Uttar Pradesh,2022-01-29,Business
CUS009963,Aarav Sharma,Bengaluru,West Bengal,2024-05-10,Business
CUS009964,Pooja Verma,Lucknow,Maharashtra,2022-08-06,Business
CUS009965,Vivaan Gupta,Ahmedabad,Tamil Nadu,2022-01-01,Retail
CUS009966,Meera Joshi,Jaipur,West Bengal,2022-03-18,Enterprise
CUS009967,Amit Sharma,Lucknow,Tamil Nadu,2025-06-04,Retail
CUS009968,Rahul Joshi,Lucknow,Uttar Pradesh,2022-01-15,Business
CUS009969,Sneha Singh,Ahmedabad,Uttar Pradesh,2022-05-20,Enterprise
CUS009970,Simran Patel,Jaipur,Karnataka,2024-12-04,Business
CUS009971,Neha Kapoor,Jaipur,Karnataka,2024-02-19,Retail
CUS009972,Aisha Malhotra,Ahmedabad,Maharashtra,2024-04-25,Enterprise
CUS009973,Ananya Mehta,Kolkata,West Bengal,2022-05-17,Business
CUS009974,Karan Gupta,Delhi,Uttar Pradesh,2024-04-21,Enterprise
CUS009975,Simran Verma,Delhi,Gujarat,2025-06-29,Retail
CUS009976,Meera Verma,Jaipur,Uttar Pradesh,2024-08-04,Enterprise
CUS009977,Pooja Patel,Hyderabad,Maharashtra,2025-11-14,Retail
CUS009978,Neha Gupta,Delhi,West Bengal,2024-08-25,Retail
CUS009979,Meera Sharma,Jaipur,West Bengal,2023-11-23,Business
CUS009980,Vivaan Gupta,Ahmedabad,Delhi,2023-06-28,Business
CUS009981,Pooja Patel,Jaipur,Rajasthan,2024-12-27,Enterprise
CUS009982,Sneha Joshi,Jaipur,Uttar Pradesh,2026-01-05,Business
CUS009983,Aarav Patel,Bengaluru,Uttar Pradesh,2022-08-20,Enterprise
CUS009984,Ananya Kapoor,Kolkata,Maharashtra,2024-06-16,Business
CUS009985,Aditya Verma,Delhi,Maharashtra,2022-07-27,Retail
CUS009986,Neha Malhotra,Jaipur,Telangana,2023-03-10,Enterprise
CUS009987,Rohan Kapoor,Mumbai,Telangana,2022-02-04,Business
CUS009988,Sneha Jain,Hyderabad,West Bengal,2024-12-27,Business
CUS009989,Ananya Gupta,Kolkata,Delhi,2023-03-18,Business
CUS009990,Rohan Joshi,Bengaluru,Karnataka,2022-04-08,Enterprise
CUS009991,Simran Sharma,Bengaluru,Telangana,2023-10-15,Business
CUS009992,Ishita Mehta,Jaipur,Telangana,2023-05-25,Retail
CUS009993,Aditya Sharma,Lucknow,Tamil Nadu,2023-08-30,Enterprise
CUS009994,Sneha Kapoor,Ahmedabad,Maharashtra,2024-09-24,Business
CUS009995,Ananya Sharma,Kolkata,Uttar Pradesh,2022-01-07,Enterprise
CUS009996,Amit Patel,Lucknow,Uttar Pradesh,2025-08-05,Enterprise
CUS009997,Nikhil Verma,Ahmedabad,West Bengal,2024-05-08,Retail
CUS009998,Karan Sharma,Lucknow,Uttar Pradesh,2024-02-02,Retail
CUS009999,Aditya Sharma,Bengaluru,Tamil Nadu,2024-04-07,Enterprise
CUS010000,Rohan Gupta,Kolkata,Gujarat,2022-09-30,Retail
