inventory_id,warehouse_id,product_id,quantity,reserved_quantity,last_updated
INV0000001,WH001,PRD00170,68,18,2026-07-16
INV0000002,WH001,PRD00491,52,44,2026-07-18
INV0000003,WH001,PRD00324,703,47,2026-08-01
INV0000004,WH001,PRD00337,49,7,2026-07-08
INV0000005,WH001,PRD00633,525,38,2026-07-24
INV0000006,WH001,PRD00808,150,44,2026-07-19
INV0000007,WH001,PRD00620,782,30,2026-07-31
INV0000008,WH001,PRD00147,766,57,2026-07-04
INV0000009,WH001,PRD00663,320,63,2026-07-21
INV0000010,WH001,PRD00238,888,19,2026-07-07
INV0000011,WH001,PRD00205,383,2,2026-07-27
INV0000012,WH001,PRD00162,232,57,2026-07-22
INV0000013,WH001,PRD00285,1107,72,2026-07-27
INV0000014,WH001,PRD00963,1149,27,2026-07-14
INV0000015,WH001,PRD00776,44,41,2026-07-26
INV0000016,WH001,PRD00343,941,3,2026-07-29
INV0000017,WH001,PRD00654,464,61,2026-07-10
INV0000018,WH001,PRD00421,803,3,2026-07-02
INV0000019,WH001,PRD00554,934,23,2026-08-01
INV0000020,WH001,PRD00645,443,19,2026-07-04
INV0000021,WH001,PRD00710,571,66,2026-07-13
INV0000022,WH001,PRD00260,395,18,2026-07-25
INV0000023,WH001,PRD00682,953,61,2026-07-03
INV0000024,WH001,PRD00732,748,53,2026-07-17
INV0000025,WH001,PRD00576,974,78,2026-07-03
INV0000026,WH001,PRD00598,554,48,2026-07-20
INV0000027,WH001,PRD00535,1116,41,2026-07-26
INV0000028,WH001,PRD00336,381,35,2026-07-29
INV0000029,WH001,PRD00120,601,64,2026-07-23
INV0000030,WH001,PRD00605,319,53,2026-07-12
INV0000031,WH001,PRD00687,1150,77,2026-07-16
INV0000032,WH001,PRD00495,1127,4,2026-07-04
INV0000033,WH001,PRD00195,996,56,2026-07-21
INV0000034,WH001,PRD00248,975,36,2026-07-19
INV0000035,WH001,PRD00221,705,67,2026-07-22
INV0000036,WH001,PRD00595,899,70,2026-07-21
INV0000037,WH001,PRD00851,807,38,2026-07-21
INV0000038,WH001,PRD00656,179,74,2026-07-27
INV0000039,WH001,PRD00311,567,17,2026-07-18
INV0000040,WH001,PRD00099,1162,30,2026-07-24
INV0000041,WH001,PRD00746,790,68,2026-07-11
INV0000042,WH001,PRD00182,260,78,2026-07-11
INV0000043,WH001,PRD00760,1145,46,2026-07-30
INV0000044,WH001,PRD00480,816,44,2026-07-28
INV0000045,WH001,PRD00619,375,66,2026-07-17
INV0000046,WH001,PRD00871,425,41,2026-07-29
INV0000047,WH001,PRD00921,177,70,2026-07-18
INV0000048,WH001,PRD00722,984,67,2026-07-20
INV0000049,WH001,PRD00593,492,33,2026-07-12
INV0000050,WH001,PRD00427,139,35,2026-07-23
INV0000051,WH001,PRD00826,1146,61,2026-07-11
INV0000052,WH001,PRD00845,993,56,2026-07-23
INV0000053,WH001,PRD00972,911,52,2026-07-08
INV0000054,WH001,PRD00702,403,74,2026-07-18
INV0000055,WH001,PRD00139,158,2,2026-07-26
INV0000056,WH001,PRD00754,137,67,2026-07-15
INV0000057,WH001,PRD00855,898,22,2026-07-17
INV0000058,WH001,PRD00947,996,72,2026-07-02
INV0000059,WH001,PRD00350,856,7,2026-07-05
INV0000060,WH001,PRD00467,839,69,2026-07-16
INV0000061,WH001,PRD00621,1068,48,2026-07-18
INV0000062,WH001,PRD00790,579,22,2026-07-02
INV0000063,WH001,PRD00668,18,42,2026-07-11
INV0000064,WH001,PRD00013,62,41,2026-07-17
INV0000065,WH001,PRD00885,1095,37,2026-07-20
INV0000066,WH001,PRD00978,359,18,2026-07-06
INV0000067,WH001,PRD00622,142,51,2026-07-26
INV0000068,WH001,PRD00007,536,52,2026-07-22
INV0000069,WH001,PRD00075,189,68,2026-07-09
INV0000070,WH001,PRD00794,828,40,2026-07-08
INV0000071,WH001,PRD00008,232,44,2026-07-25
INV0000072,WH001,PRD00987,175,16,2026-07-30
INV0000073,WH001,PRD00764,600,9,2026-07-11
INV0000074,WH001,PRD00602,478,66,2026-07-28
INV0000075,WH001,PRD00707,1027,61,2026-07-13
INV0000076,WH001,PRD00382,96,68,2026-07-09
INV0000077,WH001,PRD00643,880,65,2026-07-19
INV0000078,WH001,PRD00321,644,13,2026-07-03
INV0000079,WH001,PRD00977,519,55,2026-07-06
INV0000080,WH001,PRD00680,839,6,2026-07-07
INV0000081,WH001,PRD00250,209,63,2026-08-01
INV0000082,WH001,PRD00884,716,72,2026-07-25
INV0000083,WH001,PRD00291,849,59,2026-07-31
INV0000084,WH001,PRD00886,219,42,2026-07-21
INV0000085,WH001,PRD00784,337,23,2026-07-20
INV0000086,WH001,PRD00159,631,9,2026-07-09
INV0000087,WH001,PRD00548,273,33,2026-07-20
INV0000088,WH001,PRD00189,766,42,2026-07-28
INV0000089,WH001,PRD00674,739,62,2026-07-15
INV0000090,WH001,PRD00920,926,25,2026-07-03
INV0000091,WH001,PRD00893,649,14,2026-07-20
INV0000092,WH001,PRD00169,1112,30,2026-07-28
INV0000093,WH001,PRD00108,11,23,2026-07-27
INV0000094,WH001,PRD00721,948,15,2026-07-30
INV0000095,WH001,PRD00876,438,10,2026-07-16
INV0000096,WH001,PRD00033,102,7,2026-07-28
INV0000097,WH001,PRD00095,168,35,2026-07-13
INV0000098,WH001,PRD00552,1062,6,2026-07-31
INV0000099,WH001,PRD00310,1092,32,2026-07-18
INV0000100,WH001,PRD00813,645,42,2026-07-21
INV0000101,WH001,PRD00469,914,62,2026-07-25
INV0000102,WH001,PRD00485,594,27,2026-07-28
INV0000103,WH001,PRD00037,1147,23,2026-07-25
INV0000104,WH001,PRD00867,139,24,2026-07-28
INV0000105,WH001,PRD00464,135,70,2026-07-07
INV0000106,WH001,PRD00869,493,53,2026-07-20
INV0000107,WH001,PRD00488,1188,33,2026-07-13
INV0000108,WH001,PRD00661,1059,31,2026-07-21
INV0000109,WH001,PRD00425,1050,1,2026-07-16
INV0000110,WH001,PRD00140,556,49,2026-07-13
INV0000111,WH001,PRD00644,1056,63,2026-07-26
INV0000112,WH001,PRD00022,283,73,2026-07-07
INV0000113,WH001,PRD00190,928,40,2026-07-16
INV0000114,WH001,PRD00892,558,42,2026-07-19
INV0000115,WH001,PRD00729,290,60,2026-07-29
INV0000116,WH001,PRD00965,388,59,2026-07-31
INV0000117,WH001,PRD00064,294,33,2026-07-03
INV0000118,WH001,PRD00483,612,50,2026-07-05
INV0000119,WH001,PRD00815,1075,35,2026-07-21
INV0000120,WH001,PRD00692,1154,69,2026-07-13
INV0000121,WH001,PRD00450,59,77,2026-07-31
INV0000122,WH001,PRD00209,777,51,2026-07-03
INV0000123,WH001,PRD00667,57,73,2026-07-23
INV0000124,WH001,PRD00472,957,67,2026-07-26
INV0000125,WH001,PRD00121,111,53,2026-07-28
INV0000126,WH001,PRD00860,871,37,2026-07-20
INV0000127,WH001,PRD00171,679,64,2026-07-04
INV0000128,WH001,PRD00031,1089,72,2026-07-14
INV0000129,WH001,PRD00055,1133,63,2026-07-27
INV0000130,WH001,PRD00208,548,34,2026-07-08
INV0000131,WH001,PRD00559,615,49,2026-07-03
INV0000132,WH001,PRD00803,496,10,2026-07-28
INV0000133,WH001,PRD00840,1085,35,2026-07-07
INV0000134,WH001,PRD00104,286,5,2026-07-14
INV0000135,WH001,PRD00954,353,58,2026-07-23
INV0000136,WH001,PRD00699,1199,31,2026-07-11
INV0000137,WH001,PRD00690,1161,5,2026-07-14
INV0000138,WH001,PRD00540,1056,11,2026-07-11
INV0000139,WH001,PRD00418,163,18,2026-07-28
INV0000140,WH001,PRD00728,77,23,2026-07-02
INV0000141,WH001,PRD00712,151,43,2026-07-12
INV0000142,WH001,PRD00993,197,17,2026-07-12
INV0000143,WH001,PRD00405,1039,45,2026-07-30
INV0000144,WH001,PRD00859,430,49,2026-07-16
INV0000145,WH001,PRD00091,571,4,2026-07-22
INV0000146,WH001,PRD00006,595,13,2026-07-10
INV0000147,WH001,PRD00611,794,42,2026-07-27
INV0000148,WH001,PRD00740,470,62,2026-08-01
INV0000149,WH001,PRD00546,2,68,2026-07-05
INV0000150,WH001,PRD00964,925,63,2026-07-17
INV0000151,WH001,PRD00614,761,9,2026-07-13
INV0000152,WH001,PRD00284,110,5,2026-07-26
INV0000153,WH001,PRD00974,360,20,2026-07-02
INV0000154,WH001,PRD00586,882,3,2026-07-17
INV0000155,WH001,PRD00114,495,36,2026-07-08
INV0000156,WH001,PRD00590,950,65,2026-07-09
INV0000157,WH001,PRD00232,587,30,2026-07-27
INV0000158,WH001,PRD00299,872,59,2026-07-02
INV0000159,WH001,PRD00912,525,68,2026-07-23
INV0000160,WH001,PRD00462,864,34,2026-07-12
INV0000161,WH001,PRD00606,448,9,2026-07-08
INV0000162,WH001,PRD00969,126,26,2026-07-28
INV0000163,WH001,PRD00685,447,29,2026-07-15
INV0000164,WH001,PRD00709,724,32,2026-07-25
INV0000165,WH001,PRD00098,914,55,2026-07-02
INV0000166,WH001,PRD00824,985,30,2026-07-31
INV0000167,WH001,PRD00307,728,70,2026-07-22
INV0000168,WH001,PRD00822,1101,22,2026-07-30
INV0000169,WH001,PRD00955,865,35,2026-07-08
INV0000170,WH001,PRD00241,698,77,2026-07-02
INV0000171,WH001,PRD00044,859,69,2026-07-28
INV0000172,WH001,PRD00215,283,34,2026-07-26
INV0000173,WH001,PRD00152,190,17,2026-07-11
INV0000174,WH001,PRD00868,163,19,2026-07-21
INV0000175,WH001,PRD00003,748,64,2026-07-16
INV0000176,WH001,PRD00960,1064,25,2026-07-09
INV0000177,WH001,PRD00259,344,26,2026-08-01
INV0000178,WH001,PRD00659,977,69,2026-07-29
INV0000179,WH001,PRD00689,547,14,2026-07-28
INV0000180,WH001,PRD00117,675,59,2026-08-01
INV0000181,WH001,PRD00509,844,57,2026-07-04
INV0000182,WH001,PRD00268,119,58,2026-07-17
INV0000183,WH001,PRD00737,381,38,2026-07-24
INV0000184,WH001,PRD00116,703,38,2026-07-09
INV0000185,WH001,PRD00898,960,41,2026-07-12
INV0000186,WH001,PRD00479,897,8,2026-07-29
INV0000187,WH001,PRD00207,472,14,2026-07-21
INV0000188,WH001,PRD00917,850,67,2026-07-06
INV0000189,WH001,PRD00103,996,26,2026-07-29
INV0000190,WH001,PRD00970,84,16,2026-07-23
INV0000191,WH001,PRD00641,322,49,2026-07-07
INV0000192,WH001,PRD00651,605,40,2026-07-13
INV0000193,WH001,PRD00163,879,29,2026-07-14
INV0000194,WH001,PRD00363,572,54,2026-07-16
INV0000195,WH001,PRD00916,587,47,2026-07-16
INV0000196,WH001,PRD00141,437,12,2026-07-07
INV0000197,WH001,PRD00578,25,73,2026-08-01
INV0000198,WH001,PRD00771,393,44,2026-07-15
INV0000199,WH001,PRD00127,706,64,2026-07-10
INV0000200,WH001,PRD00750,975,17,2026-07-20
INV0000201,WH001,PRD00303,389,23,2026-07-10
INV0000202,WH001,PRD00058,969,44,2026-07-31
INV0000203,WH001,PRD00691,383,62,2026-07-12
INV0000204,WH001,PRD00073,145,77,2026-07-28
INV0000205,WH001,PRD00263,796,39,2026-07-27
INV0000206,WH001,PRD00184,226,0,2026-07-27
INV0000207,WH001,PRD00703,481,70,2026-07-08
INV0000208,WH001,PRD00236,898,20,2026-07-03
INV0000209,WH001,PRD00839,1057,70,2026-08-01
INV0000210,WH001,PRD00455,1000,31,2026-07-19
INV0000211,WH001,PRD00111,848,39,2026-07-14
INV0000212,WH001,PRD00156,1010,5,2026-07-20
INV0000213,WH001,PRD00492,640,74,2026-07-10
INV0000214,WH001,PRD00836,5,80,2026-07-29
INV0000215,WH001,PRD00357,1153,51,2026-07-11
INV0000216,WH001,PRD00275,547,28,2026-07-09
INV0000217,WH001,PRD00524,490,44,2026-07-19
INV0000218,WH001,PRD00300,293,24,2026-07-14
INV0000219,WH001,PRD00473,682,3,2026-07-27
INV0000220,WH001,PRD00527,149,9,2026-07-05
INV0000221,WH001,PRD00271,247,65,2026-07-17
INV0000222,WH001,PRD00352,10,5,2026-07-02
INV0000223,WH001,PRD00025,8,5,2026-07-15
INV0000224,WH001,PRD00715,286,22,2026-07-28
INV0000225,WH001,PRD00351,112,45,2026-07-25
INV0000226,WH001,PRD00628,268,21,2026-07-31
INV0000227,WH001,PRD00897,1109,75,2026-07-25
INV0000228,WH001,PRD00681,1179,45,2026-07-20
INV0000229,WH001,PRD00950,100,67,2026-07-14
INV0000230,WH001,PRD00069,1082,3,2026-07-23
INV0000231,WH001,PRD00084,869,49,2026-07-30
INV0000232,WH001,PRD00247,915,14,2026-07-06
INV0000233,WH001,PRD00129,31,11,2026-07-23
INV0000234,WH001,PRD00347,962,68,2026-07-27
INV0000235,WH001,PRD00210,539,59,2026-07-06
INV0000236,WH001,PRD00783,721,72,2026-07-13
INV0000237,WH001,PRD00713,204,15,2026-07-04
INV0000238,WH001,PRD00438,997,24,2026-07-14
INV0000239,WH001,PRD00933,90,50,2026-07-19
INV0000240,WH001,PRD00282,663,7,2026-07-09
INV0000241,WH001,PRD00329,825,65,2026-07-16
INV0000242,WH001,PRD00136,1029,46,2026-07-18
INV0000243,WH001,PRD00903,879,4,2026-07-27
INV0000244,WH001,PRD00948,952,25,2026-07-29
INV0000245,WH001,PRD00445,869,2,2026-07-25
INV0000246,WH001,PRD00918,713,6,2026-07-28
INV0000247,WH001,PRD00056,625,43,2026-08-01
INV0000248,WH001,PRD00415,806,25,2026-07-28
INV0000249,WH001,PRD00192,948,7,2026-07-03
INV0000250,WH001,PRD00553,715,19,2026-07-05
INV0000251,WH001,PRD00298,563,11,2026-07-11
INV0000252,WH001,PRD00996,875,77,2026-07-06
INV0000253,WH001,PRD00456,526,40,2026-07-19
INV0000254,WH001,PRD00024,613,48,2026-07-15
INV0000255,WH001,PRD00564,851,48,2026-07-18
INV0000256,WH001,PRD00941,812,32,2026-07-19
INV0000257,WH001,PRD00219,245,35,2026-07-27
INV0000258,WH001,PRD00662,1034,39,2026-08-01
INV0000259,WH001,PRD00755,35,0,2026-07-03
INV0000260,WH001,PRD00927,27,14,2026-07-26
INV0000261,WH001,PRD00899,908,33,2026-07-26
INV0000262,WH001,PRD00420,916,65,2026-07-24
INV0000263,WH001,PRD00074,1001,12,2026-08-01
INV0000264,WH001,PRD00696,972,30,2026-07-16
INV0000265,WH001,PRD00818,365,24,2026-07-02
INV0000266,WH001,PRD00482,369,18,2026-07-22
INV0000267,WH001,PRD00833,1110,28,2026-07-25
INV0000268,WH001,PRD00200,984,54,2026-07-08
INV0000269,WH001,PRD00600,336,18,2026-07-05
INV0000270,WH001,PRD00770,428,30,2026-07-24
INV0000271,WH001,PRD00565,674,5,2026-07-29
INV0000272,WH001,PRD00734,701,35,2026-07-29
INV0000273,WH001,PRD01000,964,63,2026-07-20
INV0000274,WH001,PRD00149,755,59,2026-07-15
INV0000275,WH001,PRD00521,863,55,2026-07-30
INV0000276,WH001,PRD00841,86,6,2026-07-31
INV0000277,WH001,PRD00878,38,44,2026-07-13
INV0000278,WH001,PRD00772,176,15,2026-07-16
INV0000279,WH001,PRD00906,780,20,2026-07-12
INV0000280,WH001,PRD00435,549,63,2026-07-13
INV0000281,WH001,PRD00848,488,79,2026-07-26
INV0000282,WH001,PRD00792,422,38,2026-07-16
INV0000283,WH001,PRD00437,1183,10,2026-07-23
INV0000284,WH001,PRD00881,114,16,2026-07-20
INV0000285,WH001,PRD00441,796,28,2026-07-30
INV0000286,WH001,PRD00966,655,44,2026-07-12
INV0000287,WH001,PRD00331,718,67,2026-07-31
INV0000288,WH001,PRD00550,38,64,2026-07-17
INV0000289,WH001,PRD00962,758,63,2026-07-08
INV0000290,WH001,PRD00549,693,58,2026-07-22
INV0000291,WH001,PRD00989,201,27,2026-07-29
INV0000292,WH001,PRD00341,1042,28,2026-07-09
INV0000293,WH001,PRD00344,1129,17,2026-07-02
INV0000294,WH001,PRD00081,394,62,2026-07-31
INV0000295,WH001,PRD00191,1100,35,2026-07-24
INV0000296,WH001,PRD00594,524,49,2026-07-15
INV0000297,WH001,PRD00932,654,2,2026-07-29
INV0000298,WH001,PRD00945,405,80,2026-07-15
INV0000299,WH001,PRD00562,179,31,2026-07-16
INV0000300,WH001,PRD00265,751,38,2026-07-05
INV0000301,WH001,PRD00220,223,70,2026-07-02
INV0000302,WH001,PRD00461,632,22,2026-07-13
INV0000303,WH001,PRD00837,462,20,2026-07-02
INV0000304,WH001,PRD00384,825,35,2026-07-22
INV0000305,WH001,PRD00040,928,5,2026-07-30
INV0000306,WH001,PRD00102,962,57,2026-07-25
INV0000307,WH001,PRD00179,468,62,2026-07-11
INV0000308,WH001,PRD00153,77,8,2026-07-31
INV0000309,WH001,PRD00530,864,46,2026-07-26
INV0000310,WH001,PRD00627,822,5,2026-07-21
INV0000311,WH001,PRD00985,603,72,2026-07-17
INV0000312,WH001,PRD00411,169,23,2026-07-17
INV0000313,WH001,PRD00333,1182,29,2026-07-30
INV0000314,WH001,PRD00864,77,68,2026-07-28
INV0000315,WH001,PRD00652,794,21,2026-07-12
INV0000316,WH001,PRD00522,984,59,2026-07-22
INV0000317,WH001,PRD00596,856,76,2026-07-13
INV0000318,WH001,PRD00724,0,55,2026-07-10
INV0000319,WH001,PRD00319,45,38,2026-07-29
INV0000320,WH001,PRD00686,1035,55,2026-07-13
INV0000321,WH001,PRD00194,795,1,2026-07-13
INV0000322,WH001,PRD00325,736,49,2026-07-20
INV0000323,WH001,PRD00979,205,10,2026-07-06
INV0000324,WH001,PRD00457,1138,23,2026-07-15
INV0000325,WH001,PRD00428,1182,16,2026-07-05
INV0000326,WH001,PRD00574,178,2,2026-07-17
INV0000327,WH001,PRD00477,641,64,2026-07-19
INV0000328,WH001,PRD00497,623,28,2026-07-21
INV0000329,WH001,PRD00050,1151,30,2026-08-01
INV0000330,WH001,PRD00002,1198,63,2026-07-22
INV0000331,WH001,PRD00863,457,25,2026-07-10
INV0000332,WH001,PRD00531,772,25,2026-07-29
INV0000333,WH001,PRD00843,536,74,2026-07-05
INV0000334,WH001,PRD00990,275,64,2026-07-12
INV0000335,WH001,PRD00706,835,74,2026-07-29
INV0000336,WH001,PRD00277,1056,51,2026-07-29
INV0000337,WH001,PRD00379,972,40,2026-07-12
INV0000338,WH001,PRD00432,808,69,2026-07-19
INV0000339,WH001,PRD00188,446,32,2026-07-04
INV0000340,WH001,PRD00907,649,35,2026-07-07
INV0000341,WH001,PRD00266,782,35,2026-07-11
INV0000342,WH001,PRD00434,347,22,2026-08-01
INV0000343,WH001,PRD00880,852,72,2026-07-04
INV0000344,WH001,PRD00911,1174,19,2026-07-22
INV0000345,WH001,PRD00936,702,67,2026-07-08
INV0000346,WH001,PRD00126,492,6,2026-08-01
INV0000347,WH001,PRD00891,405,44,2026-07-15
INV0000348,WH001,PRD00909,120,70,2026-07-08
INV0000349,WH001,PRD00217,942,47,2026-07-20
INV0000350,WH001,PRD00802,503,32,2026-07-09
INV0000351,WH001,PRD00264,593,78,2026-07-29
INV0000352,WH001,PRD00335,80,64,2026-07-16
INV0000353,WH001,PRD00283,712,29,2026-07-23
INV0000354,WH001,PRD00528,1141,69,2026-07-25
INV0000355,WH001,PRD00809,174,77,2026-07-06
INV0000356,WH001,PRD00580,381,56,2026-07-09
INV0000357,WH001,PRD00381,335,57,2026-07-05
INV0000358,WH001,PRD00019,906,64,2026-07-07
INV0000359,WH001,PRD00371,429,36,2026-07-31
INV0000360,WH001,PRD00080,1017,74,2026-07-06
INV0000361,WH001,PRD00658,384,17,2026-07-02
INV0000362,WH001,PRD00919,1027,10,2026-07-02
INV0000363,WH001,PRD00047,1140,11,2026-07-20
INV0000364,WH001,PRD00423,970,11,2026-07-04
INV0000365,WH001,PRD00133,1005,57,2026-07-11
INV0000366,WH001,PRD00112,192,15,2026-08-01
INV0000367,WH001,PRD00476,462,36,2026-07-31
INV0000368,WH001,PRD00626,357,6,2026-07-02
INV0000369,WH001,PRD00355,1006,28,2026-07-19
INV0000370,WH001,PRD00305,135,63,2026-07-23
INV0000371,WH001,PRD00688,654,58,2026-07-08
INV0000372,WH001,PRD00212,535,13,2026-07-17
INV0000373,WH001,PRD00901,135,64,2026-07-24
INV0000374,WH001,PRD00801,1082,0,2026-08-01
INV0000375,WH001,PRD00164,127,3,2026-07-08
INV0000376,WH001,PRD00246,31,11,2026-07-25
INV0000377,WH001,PRD00012,489,7,2026-07-06
INV0000378,WH001,PRD00846,345,15,2026-07-24
INV0000379,WH001,PRD00101,1121,75,2026-08-01
INV0000380,WH001,PRD00135,522,1,2026-07-30
INV0000381,WH001,PRD00791,191,31,2026-07-06
INV0000382,WH001,PRD00753,1168,20,2026-07-29
INV0000383,WH001,PRD00828,727,71,2026-07-05
INV0000384,WH001,PRD00230,159,74,2026-07-28
INV0000385,WH001,PRD00054,954,62,2026-07-02
INV0000386,WH001,PRD00235,301,34,2026-07-23
INV0000387,WH001,PRD00805,511,57,2026-07-10
INV0000388,WH001,PRD00981,861,36,2026-07-22
INV0000389,WH001,PRD00670,772,9,2026-07-16
INV0000390,WH001,PRD00124,635,54,2026-07-15
INV0000391,WH001,PRD00440,1174,12,2026-07-21
INV0000392,WH001,PRD00296,1116,25,2026-07-26
INV0000393,WH001,PRD00517,813,42,2026-07-13
INV0000394,WH001,PRD00161,907,39,2026-07-17
INV0000395,WH001,PRD00369,91,80,2026-07-02
INV0000396,WH001,PRD00669,213,37,2026-07-16
INV0000397,WH001,PRD00030,944,15,2026-07-13
INV0000398,WH001,PRD00800,379,77,2026-07-08
INV0000399,WH001,PRD00938,30,65,2026-07-07
INV0000400,WH001,PRD00062,459,28,2026-07-02
INV0000401,WH001,PRD00474,1069,16,2026-07-06
INV0000402,WH001,PRD00665,769,44,2026-07-19
INV0000403,WH001,PRD00926,248,72,2026-07-17
INV0000404,WH001,PRD00018,1095,74,2026-07-20
INV0000405,WH001,PRD00088,1112,9,2026-07-28
INV0000406,WH001,PRD00817,772,51,2026-07-19
INV0000407,WH001,PRD00051,1188,15,2026-07-20
INV0000408,WH001,PRD00393,1175,72,2026-07-05
INV0000409,WH001,PRD00078,323,58,2026-07-05
INV0000410,WH001,PRD00928,927,3,2026-07-11
INV0000411,WH001,PRD00579,1028,54,2026-07-10
INV0000412,WH001,PRD00829,771,45,2026-07-18
INV0000413,WH001,PRD00520,607,68,2026-07-09
INV0000414,WH001,PRD00085,868,47,2026-07-06
INV0000415,WH001,PRD00525,921,56,2026-07-11
INV0000416,WH001,PRD00683,654,76,2026-07-03
INV0000417,WH001,PRD00742,950,62,2026-07-19
INV0000418,WH001,PRD00768,987,27,2026-07-10
INV0000419,WH001,PRD00358,1038,2,2026-07-31
INV0000420,WH001,PRD00889,946,40,2026-07-31
INV0000421,WH001,PRD00639,842,67,2026-07-28
INV0000422,WH001,PRD00890,393,31,2026-07-08
INV0000423,WH001,PRD00087,972,30,2026-07-06
INV0000424,WH001,PRD00460,458,72,2026-07-25
INV0000425,WH001,PRD00322,571,59,2026-07-08
INV0000426,WH001,PRD00065,578,11,2026-07-03
INV0000427,WH001,PRD00567,359,55,2026-07-17
INV0000428,WH001,PRD00243,1151,64,2026-07-20
INV0000429,WH001,PRD00118,691,57,2026-07-31
INV0000430,WH001,PRD00982,914,31,2026-07-12
INV0000431,WH001,PRD00518,1115,47,2026-07-24
INV0000432,WH001,PRD00766,824,0,2026-07-09
INV0000433,WH001,PRD00387,736,19,2026-07-30
INV0000434,WH001,PRD00245,941,26,2026-07-28
INV0000435,WH001,PRD00758,136,31,2026-07-26
INV0000436,WH001,PRD00975,6,42,2026-07-16
INV0000437,WH001,PRD00293,898,71,2026-07-14
INV0000438,WH001,PRD00180,342,80,2026-07-16
INV0000439,WH001,PRD00216,1075,1,2026-07-27
INV0000440,WH001,PRD00160,320,75,2026-07-11
INV0000441,WH001,PRD00853,709,42,2026-07-08
INV0000442,WH001,PRD00306,1023,50,2026-07-13
INV0000443,WH001,PRD00417,446,7,2026-07-16
INV0000444,WH001,PRD00499,1070,68,2026-07-26
INV0000445,WH001,PRD00026,1020,4,2026-07-18
INV0000446,WH001,PRD00998,1192,8,2026-07-06
INV0000447,WH001,PRD00735,20,53,2026-07-28
INV0000448,WH001,PRD00016,385,10,2026-07-21
INV0000449,WH001,PRD00242,577,28,2026-07-08
INV0000450,WH001,PRD00318,627,37,2026-07-13
INV0000451,WH001,PRD00406,161,72,2026-07-06
INV0000452,WH001,PRD00197,1007,39,2026-07-04
INV0000453,WH001,PRD00879,930,0,2026-07-12
INV0000454,WH001,PRD00354,1118,36,2026-07-15
INV0000455,WH001,PRD00738,813,62,2026-07-29
INV0000456,WH001,PRD00745,228,56,2026-07-08
INV0000457,WH001,PRD00010,324,37,2026-07-13
INV0000458,WH001,PRD00761,1082,80,2026-07-22
INV0000459,WH001,PRD00043,1199,48,2026-07-25
INV0000460,WH001,PRD00376,524,25,2026-07-19
INV0000461,WH001,PRD00134,765,6,2026-07-13
INV0000462,WH001,PRD00452,513,13,2026-07-19
INV0000463,WH001,PRD00240,289,80,2026-07-10
INV0000464,WH001,PRD00288,802,58,2026-07-27
INV0000465,WH001,PRD00854,544,1,2026-07-16
INV0000466,WH001,PRD00782,777,20,2026-07-15
INV0000467,WH001,PRD00823,1008,7,2026-07-30
INV0000468,WH001,PRD00642,505,18,2026-07-05
INV0000469,WH001,PRD00862,206,47,2026-07-05
INV0000470,WH001,PRD00968,815,54,2026-07-18
INV0000471,WH001,PRD00494,126,8,2026-07-11
INV0000472,WH001,PRD00107,156,65,2026-07-18
INV0000473,WH001,PRD00233,243,59,2026-07-29
INV0000474,WH001,PRD00021,14,34,2026-07-07
INV0000475,WH001,PRD00072,683,78,2026-07-14
INV0000476,WH001,PRD00251,325,5,2026-07-17
INV0000477,WH001,PRD00756,160,66,2026-07-05
INV0000478,WH001,PRD00935,1127,2,2026-07-28
INV0000479,WH001,PRD00705,353,10,2026-07-25
INV0000480,WH001,PRD00814,214,71,2026-07-14
INV0000481,WH001,PRD00383,814,4,2026-07-22
INV0000482,WH001,PRD00971,71,24,2026-07-03
INV0000483,WH001,PRD00666,639,49,2026-07-29
INV0000484,WH001,PRD00077,184,60,2026-07-25
INV0000485,WH001,PRD00592,604,11,2026-07-02
INV0000486,WH001,PRD00154,988,32,2026-07-03
INV0000487,WH001,PRD00577,180,35,2026-07-19
INV0000488,WH001,PRD00807,707,46,2026-07-23
INV0000489,WH001,PRD00708,671,10,2026-07-07
INV0000490,WH001,PRD00015,375,31,2026-07-05
INV0000491,WH001,PRD00636,422,43,2026-07-21
INV0000492,WH001,PRD00185,153,53,2026-07-07
INV0000493,WH001,PRD00173,617,79,2026-07-30
INV0000494,WH001,PRD00940,714,52,2026-07-20
INV0000495,WH001,PRD00448,396,3,2026-07-10
INV0000496,WH001,PRD00380,402,48,2026-07-26
INV0000497,WH001,PRD00297,476,65,2026-07-19
INV0000498,WH001,PRD00034,630,65,2026-07-20
INV0000499,WH001,PRD00581,681,2,2026-07-31
INV0000500,WH001,PRD00396,914,37,2026-07-24
INV0000501,WH002,PRD00991,666,22,2026-07-04
INV0000502,WH002,PRD00501,649,0,2026-07-30
INV0000503,WH002,PRD00704,1160,11,2026-07-19
INV0000504,WH002,PRD00305,749,29,2026-07-20
INV0000505,WH002,PRD00736,531,59,2026-08-01
INV0000506,WH002,PRD00163,804,55,2026-07-13
INV0000507,WH002,PRD00355,874,80,2026-07-08
INV0000508,WH002,PRD00912,982,62,2026-07-16
INV0000509,WH002,PRD00672,202,26,2026-07-24
INV0000510,WH002,PRD00549,132,39,2026-07-07
INV0000511,WH002,PRD00764,700,19,2026-07-24
INV0000512,WH002,PRD00322,564,70,2026-07-03
INV0000513,WH002,PRD00963,887,35,2026-07-08
INV0000514,WH002,PRD00357,1195,8,2026-07-11
INV0000515,WH002,PRD00386,647,27,2026-07-21
INV0000516,WH002,PRD00404,50,73,2026-08-01
INV0000517,WH002,PRD00014,543,25,2026-07-02
INV0000518,WH002,PRD00789,719,9,2026-07-06
INV0000519,WH002,PRD00906,1066,35,2026-07-31
INV0000520,WH002,PRD00855,775,26,2026-07-13
INV0000521,WH002,PRD00220,314,76,2026-07-10
INV0000522,WH002,PRD00802,527,51,2026-07-21
INV0000523,WH002,PRD00020,201,26,2026-07-28
INV0000524,WH002,PRD00907,933,10,2026-07-31
INV0000525,WH002,PRD00654,70,38,2026-07-13
INV0000526,WH002,PRD00175,1193,13,2026-07-05
INV0000527,WH002,PRD00067,354,54,2026-07-08
INV0000528,WH002,PRD00708,573,30,2026-07-02
INV0000529,WH002,PRD00725,1057,33,2026-07-08
INV0000530,WH002,PRD00103,966,3,2026-07-09
INV0000531,WH002,PRD00740,1148,12,2026-07-14
INV0000532,WH002,PRD00727,324,2,2026-07-21
INV0000533,WH002,PRD00004,99,77,2026-07-29
INV0000534,WH002,PRD00273,784,27,2026-07-25
INV0000535,WH002,PRD00181,1160,19,2026-07-11
INV0000536,WH002,PRD00194,499,50,2026-07-28
INV0000537,WH002,PRD00133,650,74,2026-07-25
INV0000538,WH002,PRD00661,274,70,2026-07-19
INV0000539,WH002,PRD00010,739,62,2026-07-09
INV0000540,WH002,PRD00623,245,14,2026-07-10
INV0000541,WH002,PRD00639,345,37,2026-07-14
INV0000542,WH002,PRD00373,221,17,2026-07-16
INV0000543,WH002,PRD00966,433,0,2026-07-04
INV0000544,WH002,PRD00603,54,54,2026-07-27
INV0000545,WH002,PRD00027,489,68,2026-07-29
INV0000546,WH002,PRD00290,1049,27,2026-07-03
INV0000547,WH002,PRD00407,348,34,2026-07-21
INV0000548,WH002,PRD00730,237,53,2026-07-17
INV0000549,WH002,PRD00385,1168,11,2026-07-17
INV0000550,WH002,PRD00851,921,51,2026-07-29
INV0000551,WH002,PRD00735,1173,55,2026-08-01
INV0000552,WH002,PRD00365,1006,79,2026-07-07
INV0000553,WH002,PRD00857,174,12,2026-07-17
INV0000554,WH002,PRD00494,288,78,2026-07-02
INV0000555,WH002,PRD00095,305,30,2026-07-25
INV0000556,WH002,PRD00154,668,72,2026-07-29
INV0000557,WH002,PRD00097,509,26,2026-07-21
INV0000558,WH002,PRD00316,422,10,2026-07-04
INV0000559,WH002,PRD00082,764,31,2026-07-21
INV0000560,WH002,PRD00406,884,21,2026-07-10
INV0000561,WH002,PRD00613,1112,58,2026-07-09
INV0000562,WH002,PRD00946,281,39,2026-07-21
INV0000563,WH002,PRD00185,45,34,2026-07-10
INV0000564,WH002,PRD00723,57,73,2026-07-24
INV0000565,WH002,PRD00274,212,34,2026-07-07
INV0000566,WH002,PRD00237,914,63,2026-07-30
INV0000567,WH002,PRD00467,878,70,2026-07-27
INV0000568,WH002,PRD00364,1089,78,2026-07-15
INV0000569,WH002,PRD00879,354,9,2026-07-15
INV0000570,WH002,PRD00915,263,37,2026-07-23
INV0000571,WH002,PRD00248,790,70,2026-07-27
INV0000572,WH002,PRD00072,198,51,2026-07-26
INV0000573,WH002,PRD00936,768,16,2026-07-13
INV0000574,WH002,PRD00271,999,0,2026-07-26
INV0000575,WH002,PRD00062,1071,55,2026-07-05
INV0000576,WH002,PRD00854,583,56,2026-07-04
INV0000577,WH002,PRD00229,472,18,2026-07-10
INV0000578,WH002,PRD00914,332,27,2026-07-04
INV0000579,WH002,PRD00738,284,17,2026-07-24
INV0000580,WH002,PRD00015,325,55,2026-07-26
INV0000581,WH002,PRD00734,927,71,2026-07-09
INV0000582,WH002,PRD00117,439,50,2026-07-16
INV0000583,WH002,PRD00104,160,20,2026-07-22
INV0000584,WH002,PRD00987,514,13,2026-07-23
INV0000585,WH002,PRD00700,701,17,2026-07-03
INV0000586,WH002,PRD00664,1067,62,2026-07-02
INV0000587,WH002,PRD00904,1108,35,2026-07-17
INV0000588,WH002,PRD00302,711,78,2026-08-01
INV0000589,WH002,PRD00951,568,33,2026-07-18
INV0000590,WH002,PRD00970,579,11,2026-07-18
INV0000591,WH002,PRD00092,868,39,2026-07-26
INV0000592,WH002,PRD00394,559,34,2026-07-30
INV0000593,WH002,PRD00931,7,44,2026-07-18
INV0000594,WH002,PRD00260,1200,38,2026-07-11
INV0000595,WH002,PRD00051,68,49,2026-07-10
INV0000596,WH002,PRD00893,658,23,2026-07-08
INV0000597,WH002,PRD00497,716,27,2026-07-27
INV0000598,WH002,PRD00279,1185,31,2026-07-12
INV0000599,WH002,PRD00278,262,34,2026-07-23
INV0000600,WH002,PRD00916,550,68,2026-07-08
INV0000601,WH002,PRD00296,475,35,2026-07-09
INV0000602,WH002,PRD00102,766,15,2026-07-14
INV0000603,WH002,PRD00903,755,40,2026-07-03
INV0000604,WH002,PRD00050,10,70,2026-07-12
INV0000605,WH002,PRD00500,920,61,2026-07-22
INV0000606,WH002,PRD00193,540,63,2026-07-28
INV0000607,WH002,PRD00345,1113,15,2026-07-09
INV0000608,WH002,PRD00941,659,57,2026-08-01
INV0000609,WH002,PRD00084,876,54,2026-07-27
INV0000610,WH002,PRD00047,709,0,2026-07-29
INV0000611,WH002,PRD00026,878,22,2026-07-27
INV0000612,WH002,PRD00448,53,38,2026-07-26
INV0000613,WH002,PRD00299,918,56,2026-07-29
INV0000614,WH002,PRD00147,530,78,2026-07-05
INV0000615,WH002,PRD00132,584,70,2026-07-03
INV0000616,WH002,PRD00342,974,21,2026-07-23
INV0000617,WH002,PRD00690,1060,32,2026-07-14
INV0000618,WH002,PRD00481,264,54,2026-07-29
INV0000619,WH002,PRD00369,713,22,2026-07-03
INV0000620,WH002,PRD00685,1062,30,2026-08-01
INV0000621,WH002,PRD00599,660,54,2026-07-15
INV0000622,WH002,PRD00783,273,6,2026-07-05
INV0000623,WH002,PRD00850,1146,6,2026-07-16
INV0000624,WH002,PRD00418,359,2,2026-07-09
INV0000625,WH002,PRD00085,970,64,2026-07-05
INV0000626,WH002,PRD00859,8,76,2026-07-16
INV0000627,WH002,PRD00054,1053,23,2026-07-27
INV0000628,WH002,PRD00813,73,74,2026-07-06
INV0000629,WH002,PRD00571,264,45,2026-07-27
INV0000630,WH002,PRD00537,235,0,2026-07-12
INV0000631,WH002,PRD00818,560,18,2026-07-26
INV0000632,WH002,PRD00269,707,33,2026-07-17
INV0000633,WH002,PRD00366,1156,10,2026-07-26
INV0000634,WH002,PRD00457,101,20,2026-07-17
INV0000635,WH002,PRD00405,1189,16,2026-07-14
INV0000636,WH002,PRD00287,1188,1,2026-07-27
INV0000637,WH002,PRD00788,645,11,2026-08-01
INV0000638,WH002,PRD00771,31,21,2026-07-27
INV0000639,WH002,PRD00515,981,76,2026-07-15
INV0000640,WH002,PRD00247,278,46,2026-07-06
INV0000641,WH002,PRD00245,949,73,2026-07-07
INV0000642,WH002,PRD00753,1168,65,2026-07-04
INV0000643,WH002,PRD00225,1076,31,2026-07-22
INV0000644,WH002,PRD00422,513,27,2026-07-27
INV0000645,WH002,PRD00135,883,4,2026-07-25
INV0000646,WH002,PRD00573,364,21,2026-07-23
INV0000647,WH002,PRD00122,100,70,2026-08-01
INV0000648,WH002,PRD00241,958,60,2026-07-12
INV0000649,WH002,PRD00558,65,1,2026-07-25
INV0000650,WH002,PRD00726,985,68,2026-07-29
INV0000651,WH002,PRD00217,1004,13,2026-07-07
INV0000652,WH002,PRD00986,710,6,2026-07-04
INV0000653,WH002,PRD00990,777,69,2026-07-22
INV0000654,WH002,PRD00935,303,37,2026-07-20
INV0000655,WH002,PRD00016,27,64,2026-07-16
INV0000656,WH002,PRD00799,1151,74,2026-07-21
INV0000657,WH002,PRD00006,1179,20,2026-07-02
INV0000658,WH002,PRD00190,102,69,2026-07-22
INV0000659,WH002,PRD00640,239,45,2026-07-30
INV0000660,WH002,PRD00323,382,17,2026-07-12
INV0000661,WH002,PRD00198,1044,53,2026-07-03
INV0000662,WH002,PRD00040,784,5,2026-08-01
INV0000663,WH002,PRD00948,1172,74,2026-07-13
INV0000664,WH002,PRD00068,935,37,2026-07-14
INV0000665,WH002,PRD00721,574,14,2026-07-29
INV0000666,WH002,PRD00929,905,14,2026-07-21
INV0000667,WH002,PRD00833,1193,7,2026-07-25
INV0000668,WH002,PRD00901,830,37,2026-07-06
INV0000669,WH002,PRD00141,1025,62,2026-07-25
INV0000670,WH002,PRD00391,965,16,2026-07-10
INV0000671,WH002,PRD00375,704,78,2026-07-11
INV0000672,WH002,PRD00115,43,13,2026-07-28
INV0000673,WH002,PRD00239,647,77,2026-07-14
INV0000674,WH002,PRD00474,872,64,2026-07-24
INV0000675,WH002,PRD00297,1067,26,2026-07-24
INV0000676,WH002,PRD00446,469,17,2026-07-14
INV0000677,WH002,PRD00890,904,69,2026-07-03
INV0000678,WH002,PRD00612,873,80,2026-07-17
INV0000679,WH002,PRD00213,152,42,2026-07-23
INV0000680,WH002,PRD00080,377,72,2026-07-10
INV0000681,WH002,PRD00035,695,79,2026-07-03
INV0000682,WH002,PRD00504,663,62,2026-07-30
INV0000683,WH002,PRD00959,1190,38,2026-07-18
INV0000684,WH002,PRD00145,1017,6,2026-07-31
INV0000685,WH002,PRD00470,957,11,2026-07-13
INV0000686,WH002,PRD00313,170,6,2026-07-25
INV0000687,WH002,PRD00223,750,24,2026-07-25
INV0000688,WH002,PRD00796,822,28,2026-07-04
INV0000689,WH002,PRD00925,715,79,2026-07-28
INV0000690,WH002,PRD00208,234,80,2026-07-03
INV0000691,WH002,PRD00575,962,22,2026-07-26
INV0000692,WH002,PRD00032,544,1,2026-07-02
INV0000693,WH002,PRD00519,693,80,2026-07-30
INV0000694,WH002,PRD00816,763,41,2026-07-15
INV0000695,WH002,PRD00610,1112,55,2026-07-19
INV0000696,WH002,PRD00078,507,14,2026-07-11
INV0000697,WH002,PRD00786,557,28,2026-07-15
INV0000698,WH002,PRD00679,954,7,2026-07-20
INV0000699,WH002,PRD00516,225,8,2026-07-22
INV0000700,WH002,PRD00787,622,18,2026-07-05
INV0000701,WH002,PRD00709,237,14,2026-07-05
INV0000702,WH002,PRD00356,1068,64,2026-07-13
INV0000703,WH002,PRD00995,692,78,2026-07-24
INV0000704,WH002,PRD00121,234,79,2026-07-28
INV0000705,WH002,PRD00760,791,41,2026-07-11
INV0000706,WH002,PRD00606,1189,42,2026-07-29
INV0000707,WH002,PRD00817,974,26,2026-07-25
INV0000708,WH002,PRD00608,806,49,2026-07-19
INV0000709,WH002,PRD00584,625,70,2026-07-29
INV0000710,WH002,PRD00945,570,28,2026-07-30
INV0000711,WH002,PRD00188,446,57,2026-07-04
INV0000712,WH002,PRD00235,540,2,2026-07-08
INV0000713,WH002,PRD00128,1,11,2026-07-14
INV0000714,WH002,PRD00402,1119,7,2026-07-04
INV0000715,WH002,PRD00918,239,13,2026-08-01
INV0000716,WH002,PRD00822,839,31,2026-07-15
INV0000717,WH002,PRD00960,337,23,2026-07-24
INV0000718,WH002,PRD00577,555,30,2026-07-27
INV0000719,WH002,PRD00101,787,44,2026-07-08
INV0000720,WH002,PRD00894,543,72,2026-07-06
INV0000721,WH002,PRD00328,643,10,2026-07-11
INV0000722,WH002,PRD00853,1052,77,2026-07-12
INV0000723,WH002,PRD00559,1026,15,2026-07-12
INV0000724,WH002,PRD00479,1186,62,2026-07-16
INV0000725,WH002,PRD00127,676,41,2026-07-30
INV0000726,WH002,PRD00582,921,76,2026-07-29
INV0000727,WH002,PRD00867,709,36,2026-07-05
INV0000728,WH002,PRD00477,488,51,2026-07-14
INV0000729,WH002,PRD00336,1142,5,2026-07-04
INV0000730,WH002,PRD00521,437,34,2026-07-21
INV0000731,WH002,PRD00729,525,68,2026-07-02
INV0000732,WH002,PRD00821,419,3,2026-07-23
INV0000733,WH002,PRD00179,558,6,2026-07-16
INV0000734,WH002,PRD00227,95,77,2026-07-04
INV0000735,WH002,PRD00863,142,4,2026-07-02
INV0000736,WH002,PRD00520,11,53,2026-07-14
INV0000737,WH002,PRD00262,667,51,2026-07-13
INV0000738,WH002,PRD00706,1107,11,2026-07-13
INV0000739,WH002,PRD00724,1097,27,2026-07-26
INV0000740,WH002,PRD00471,390,10,2026-07-20
INV0000741,WH002,PRD00533,963,75,2026-07-02
INV0000742,WH002,PRD00055,344,49,2026-07-07
INV0000743,WH002,PRD00805,788,36,2026-08-01
INV0000744,WH002,PRD00583,486,6,2026-07-18
INV0000745,WH002,PRD00824,710,0,2026-07-22
INV0000746,WH002,PRD00513,1154,73,2026-07-14
INV0000747,WH002,PRD00312,55,55,2026-07-24
INV0000748,WH002,PRD00444,42,66,2026-07-29
INV0000749,WH002,PRD00059,123,48,2026-07-18
INV0000750,WH002,PRD00110,225,7,2026-07-14
INV0000751,WH002,PRD00029,214,56,2026-07-13
INV0000752,WH002,PRD00212,769,47,2026-07-29
INV0000753,WH002,PRD00852,36,41,2026-07-13
INV0000754,WH002,PRD00367,332,3,2026-07-15
INV0000755,WH002,PRD00109,783,42,2026-07-26
INV0000756,WH002,PRD00591,1021,37,2026-07-14
INV0000757,WH002,PRD00769,556,45,2026-07-10
INV0000758,WH002,PRD00077,731,68,2026-07-26
INV0000759,WH002,PRD00462,385,10,2026-07-16
INV0000760,WH002,PRD00996,746,55,2026-07-20
INV0000761,WH002,PRD00270,680,32,2026-07-04
INV0000762,WH002,PRD00564,1156,31,2026-07-24
INV0000763,WH002,PRD00199,946,65,2026-07-29
INV0000764,WH002,PRD00325,302,52,2026-07-16
INV0000765,WH002,PRD00224,1122,65,2026-07-09
INV0000766,WH002,PRD00376,254,0,2026-07-17
INV0000767,WH002,PRD00151,1142,48,2026-07-10
INV0000768,WH002,PRD00891,488,22,2026-07-31
INV0000769,WH002,PRD00421,165,76,2026-07-18
INV0000770,WH002,PRD00615,81,80,2026-07-06
INV0000771,WH002,PRD00655,446,2,2026-07-17
INV0000772,WH002,PRD00593,1075,15,2026-07-18
INV0000773,WH002,PRD00319,867,16,2026-07-25
INV0000774,WH002,PRD00387,353,41,2026-07-22
INV0000775,WH002,PRD00806,1087,69,2026-07-29
INV0000776,WH002,PRD00182,173,79,2026-07-12
INV0000777,WH002,PRD00531,238,21,2026-07-09
INV0000778,WH002,PRD00882,900,59,2026-07-19
INV0000779,WH002,PRD00415,201,46,2026-07-05
INV0000780,WH002,PRD00950,195,69,2026-08-01
INV0000781,WH002,PRD00001,921,64,2026-07-05
INV0000782,WH002,PRD00697,544,39,2026-07-28
INV0000783,WH002,PRD00324,539,49,2026-07-18
INV0000784,WH002,PRD00164,890,2,2026-07-31
INV0000785,WH002,PRD00778,520,17,2026-07-07
INV0000786,WH002,PRD00967,706,77,2026-07-18
INV0000787,WH002,PRD00949,842,40,2026-07-17
INV0000788,WH002,PRD00523,189,23,2026-07-22
INV0000789,WH002,PRD00362,525,38,2026-07-05
INV0000790,WH002,PRD00965,716,69,2026-07-23
INV0000791,WH002,PRD00687,902,72,2026-07-11
INV0000792,WH002,PRD00399,722,11,2026-07-13
INV0000793,WH002,PRD00152,800,8,2026-07-24
INV0000794,WH002,PRD00377,1174,78,2026-08-01
INV0000795,WH002,PRD00985,136,33,2026-08-01
INV0000796,WH002,PRD00409,43,42,2026-07-23
INV0000797,WH002,PRD00741,615,39,2026-07-05
INV0000798,WH002,PRD00045,1170,54,2026-07-27
INV0000799,WH002,PRD00452,766,18,2026-07-06
INV0000800,WH002,PRD00590,224,53,2026-07-21
INV0000801,WH002,PRD00770,504,70,2026-07-04
INV0000802,WH002,PRD00819,935,27,2026-07-07
INV0000803,WH002,PRD00397,1192,6,2026-07-18
INV0000804,WH002,PRD00703,826,49,2026-07-09
INV0000805,WH002,PRD00714,823,62,2026-07-21
INV0000806,WH002,PRD00034,310,32,2026-07-12
INV0000807,WH002,PRD00503,609,23,2026-08-01
INV0000808,WH002,PRD00254,492,13,2026-07-06
INV0000809,WH002,PRD00228,656,61,2026-07-14
INV0000810,WH002,PRD00761,1011,1,2026-07-20
INV0000811,WH002,PRD00371,710,71,2026-07-30
INV0000812,WH002,PRD00037,209,16,2026-07-24
INV0000813,WH002,PRD00846,755,7,2026-07-07
INV0000814,WH002,PRD00370,968,56,2026-07-15
INV0000815,WH002,PRD00119,478,55,2026-07-25
INV0000816,WH002,PRD00295,670,5,2026-07-11
INV0000817,WH002,PRD00511,863,65,2026-07-31
INV0000818,WH002,PRD00620,210,72,2026-07-28
INV0000819,WH002,PRD00060,299,58,2026-07-29
INV0000820,WH002,PRD00780,856,53,2026-07-27
INV0000821,WH002,PRD00908,422,77,2026-07-12
INV0000822,WH002,PRD00022,468,45,2026-07-27
INV0000823,WH002,PRD00272,859,0,2026-07-30
INV0000824,WH002,PRD00755,944,80,2026-07-02
INV0000825,WH002,PRD00864,916,22,2026-07-05
INV0000826,WH002,PRD00130,853,43,2026-07-22
INV0000827,WH002,PRD00112,1034,8,2026-07-06
INV0000828,WH002,PRD00011,417,16,2026-07-07
INV0000829,WH002,PRD00974,890,12,2026-07-26
INV0000830,WH002,PRD00978,687,33,2026-07-02
INV0000831,WH002,PRD00815,279,57,2026-07-03
INV0000832,WH002,PRD00597,11,10,2026-07-11
INV0000833,WH002,PRD00454,1128,16,2026-07-26
INV0000834,WH002,PRD00048,414,16,2026-07-12
INV0000835,WH002,PRD00202,117,6,2026-07-27
INV0000836,WH002,PRD00866,664,28,2026-07-31
INV0000837,WH002,PRD00983,564,51,2026-07-17
INV0000838,WH002,PRD00831,632,2,2026-07-08
INV0000839,WH002,PRD00600,928,12,2026-07-15
INV0000840,WH002,PRD00777,762,28,2026-07-25
INV0000841,WH002,PRD00880,231,9,2026-07-22
INV0000842,WH002,PRD00641,826,37,2026-07-10
INV0000843,WH002,PRD00280,1038,28,2026-07-22
INV0000844,WH002,PRD00310,849,22,2026-07-02
INV0000845,WH002,PRD00410,1137,58,2026-07-22
INV0000846,WH002,PRD00161,395,13,2026-07-08
INV0000847,WH002,PRD00598,1042,33,2026-07-15
INV0000848,WH002,PRD00538,484,30,2026-07-20
INV0000849,WH002,PRD00633,589,72,2026-07-28
INV0000850,WH002,PRD00580,226,44,2026-07-28
INV0000851,WH002,PRD00414,849,32,2026-07-21
INV0000852,WH002,PRD00378,1066,59,2026-07-08
INV0000853,WH002,PRD00856,129,48,2026-07-20
INV0000854,WH002,PRD00964,397,78,2026-07-26
INV0000855,WH002,PRD00954,96,26,2026-07-28
INV0000856,WH002,PRD00484,329,12,2026-07-19
INV0000857,WH002,PRD00361,1130,65,2026-07-31
INV0000858,WH002,PRD00222,955,0,2026-07-29
INV0000859,WH002,PRD00017,1048,19,2026-07-05
INV0000860,WH002,PRD00480,171,42,2026-07-22
INV0000861,WH002,PRD00437,1002,33,2026-07-07
INV0000862,WH002,PRD00840,179,17,2026-07-02
INV0000863,WH002,PRD00008,753,12,2026-07-27
INV0000864,WH002,PRD00917,212,69,2026-07-15
INV0000865,WH002,PRD00485,390,24,2026-07-23
INV0000866,WH002,PRD00417,31,9,2026-07-17
INV0000867,WH002,PRD00489,1177,9,2026-07-14
INV0000868,WH002,PRD00396,622,34,2026-07-10
INV0000869,WH002,PRD00400,700,80,2026-07-21
INV0000870,WH002,PRD00611,969,55,2026-07-09
INV0000871,WH002,PRD00249,795,74,2026-07-08
INV0000872,WH002,PRD00823,771,19,2026-07-21
INV0000873,WH002,PRD00919,412,52,2026-07-18
INV0000874,WH002,PRD00693,211,13,2026-07-17
INV0000875,WH002,PRD00126,251,17,2026-07-31
INV0000876,WH002,PRD00013,467,39,2026-07-21
INV0000877,WH002,PRD00791,982,34,2026-07-29
INV0000878,WH002,PRD00828,910,43,2026-07-20
INV0000879,WH002,PRD00498,705,79,2026-07-09
INV0000880,WH002,PRD00257,353,26,2026-08-01
INV0000881,WH002,PRD00018,96,16,2026-07-27
INV0000882,WH002,PRD00057,599,22,2026-07-28
INV0000883,WH002,PRD00178,473,57,2026-07-30
INV0000884,WH002,PRD00482,824,49,2026-07-23
INV0000885,WH002,PRD00160,466,27,2026-07-11
INV0000886,WH002,PRD00430,394,45,2026-07-03
INV0000887,WH002,PRD00528,173,76,2026-07-13
INV0000888,WH002,PRD00998,924,80,2026-07-09
INV0000889,WH002,PRD00618,327,8,2026-07-30
INV0000890,WH002,PRD00340,140,40,2026-07-28
INV0000891,WH002,PRD00877,331,56,2026-07-08
INV0000892,WH002,PRD00246,17,78,2026-07-03
INV0000893,WH002,PRD00784,1184,27,2026-07-09
INV0000894,WH002,PRD00775,113,53,2026-07-07
INV0000895,WH002,PRD00644,964,54,2026-07-12
INV0000896,WH002,PRD00056,525,16,2026-07-31
INV0000897,WH002,PRD00731,238,11,2026-07-17
INV0000898,WH002,PRD00214,502,9,2026-07-31
INV0000899,WH002,PRD00334,159,5,2026-07-13
INV0000900,WH002,PRD00349,234,3,2026-07-02
INV0000901,WH002,PRD00332,537,50,2026-07-31
INV0000902,WH002,PRD00669,98,42,2026-07-27
INV0000903,WH002,PRD00662,95,39,2026-07-14
INV0000904,WH002,PRD00797,697,49,2026-07-04
INV0000905,WH002,PRD00069,855,68,2026-07-07
INV0000906,WH002,PRD00913,820,44,2026-07-30
INV0000907,WH002,PRD00318,42,25,2026-07-15
INV0000908,WH002,PRD00555,733,26,2026-07-17
INV0000909,WH002,PRD00315,371,17,2026-07-18
INV0000910,WH002,PRD00926,1084,29,2026-07-06
INV0000911,WH002,PRD00236,1174,23,2026-07-09
INV0000912,WH002,PRD00928,16,21,2026-07-22
INV0000913,WH002,PRD00205,439,23,2026-07-23
INV0000914,WH002,PRD00556,548,67,2026-07-15
INV0000915,WH002,PRD00447,1114,2,2026-07-17
INV0000916,WH002,PRD00957,838,76,2026-07-06
INV0000917,WH002,PRD00702,892,45,2026-07-18
INV0000918,WH002,PRD00187,968,51,2026-07-22
INV0000919,WH002,PRD00982,638,27,2026-07-14
INV0000920,WH002,PRD00499,721,76,2026-07-02
INV0000921,WH002,PRD00848,336,70,2026-07-14
INV0000922,WH002,PRD00408,204,32,2026-07-19
INV0000923,WH002,PRD00636,483,9,2026-07-27
INV0000924,WH002,PRD00510,605,43,2026-07-11
INV0000925,WH002,PRD00090,484,33,2026-07-18
INV0000926,WH002,PRD00339,535,74,2026-07-10
INV0000927,WH002,PRD00745,134,9,2026-07-20
INV0000928,WH002,PRD00171,69,65,2026-07-24
INV0000929,WH002,PRD00379,953,69,2026-07-11
INV0000930,WH002,PRD00343,246,71,2026-07-27
INV0000931,WH002,PRD00354,296,20,2026-07-26
INV0000932,WH002,PRD00895,545,34,2026-07-12
INV0000933,WH002,PRD00383,1173,37,2026-07-24
INV0000934,WH002,PRD00508,929,38,2026-07-15
INV0000935,WH002,PRD00330,622,67,2026-07-21
INV0000936,WH002,PRD00530,809,79,2026-07-07
INV0000937,WH002,PRD00258,635,38,2026-07-22
INV0000938,WH002,PRD00742,164,33,2026-07-27
INV0000939,WH002,PRD00071,241,80,2026-07-21
INV0000940,WH002,PRD00947,949,17,2026-07-13
INV0000941,WH002,PRD00632,1200,11,2026-07-24
INV0000942,WH002,PRD00962,271,48,2026-07-10
INV0000943,WH002,PRD00123,113,61,2026-07-30
INV0000944,WH002,PRD00803,449,25,2026-07-07
INV0000945,WH002,PRD00469,1186,10,2026-07-24
INV0000946,WH002,PRD00622,479,68,2026-07-28
INV0000947,WH002,PRD00546,902,51,2026-07-07
INV0000948,WH002,PRD00465,576,50,2026-07-29
INV0000949,WH002,PRD00557,270,27,2026-07-09
INV0000950,WH002,PRD00977,720,41,2026-07-24
INV0000951,WH002,PRD00568,751,18,2026-07-04
INV0000952,WH002,PRD00869,686,73,2026-07-08
INV0000953,WH002,PRD00701,228,26,2026-07-18
INV0000954,WH002,PRD00757,353,1,2026-07-06
INV0000955,WH002,PRD00934,846,59,2026-07-18
INV0000956,WH002,PRD00155,445,7,2026-07-02
INV0000957,WH002,PRD00634,943,71,2026-08-01
INV0000958,WH002,PRD00834,493,78,2026-07-13
INV0000959,WH002,PRD00514,437,32,2026-07-20
INV0000960,WH002,PRD00675,1145,50,2026-07-27
INV0000961,WH002,PRD00766,104,61,2026-07-22
INV0000962,WH002,PRD00226,434,72,2026-07-29
INV0000963,WH002,PRD00956,178,74,2026-07-02
INV0000964,WH002,PRD00870,389,70,2026-07-03
INV0000965,WH002,PRD00432,323,66,2026-07-03
INV0000966,WH002,PRD00459,1155,10,2026-07-16
INV0000967,WH002,PRD00676,431,41,2026-08-01
INV0000968,WH002,PRD00174,906,30,2026-07-13
INV0000969,WH002,PRD00838,1024,38,2026-07-15
INV0000970,WH002,PRD00496,659,43,2026-08-01
INV0000971,WH002,PRD00473,743,4,2026-07-20
INV0000972,WH002,PRD00532,1043,15,2026-07-21
INV0000973,WH002,PRD00264,192,11,2026-07-24
INV0000974,WH002,PRD00038,848,17,2026-07-18
INV0000975,WH002,PRD00544,1028,42,2026-07-20
INV0000976,WH002,PRD00250,833,20,2026-07-30
INV0000977,WH002,PRD00876,961,50,2026-07-03
INV0000978,WH002,PRD00007,331,59,2026-07-04
INV0000979,WH002,PRD00768,362,39,2026-07-25
INV0000980,WH002,PRD00665,1035,15,2026-07-02
INV0000981,WH002,PRD00674,624,34,2026-07-05
INV0000982,WH002,PRD00210,742,52,2026-07-05
INV0000983,WH002,PRD00883,718,10,2026-07-10
INV0000984,WH002,PRD00552,549,75,2026-07-13
INV0000985,WH002,PRD00303,926,43,2026-07-26
INV0000986,WH002,PRD00425,71,8,2026-07-23
INV0000987,WH002,PRD00681,531,49,2026-07-09
INV0000988,WH002,PRD00527,435,31,2026-07-15
INV0000989,WH002,PRD00810,535,41,2026-07-22
INV0000990,WH002,PRD00671,581,42,2026-07-07
INV0000991,WH002,PRD00429,6,11,2026-07-28
INV0000992,WH002,PRD00526,291,17,2026-07-30
INV0000993,WH002,PRD00975,1067,64,2026-07-23
INV0000994,WH002,PRD00058,1146,12,2026-07-26
INV0000995,WH002,PRD00089,161,16,2026-07-31
INV0000996,WH002,PRD00233,732,77,2026-07-25
INV0000997,WH002,PRD00189,114,70,2026-07-14
INV0000998,WH002,PRD00285,1065,79,2026-07-10
INV0000999,WH002,PRD00569,479,3,2026-07-14
INV0001000,WH002,PRD00820,311,23,2026-07-28
INV0001001,WH003,PRD00224,81,21,2026-07-10
INV0001002,WH003,PRD00001,632,8,2026-07-07
INV0001003,WH003,PRD00703,1023,54,2026-07-19
INV0001004,WH003,PRD00153,898,5,2026-07-06
INV0001005,WH003,PRD00798,827,67,2026-07-26
INV0001006,WH003,PRD00384,1121,20,2026-07-15
INV0001007,WH003,PRD00473,337,48,2026-07-10
INV0001008,WH003,PRD00561,837,57,2026-07-23
INV0001009,WH003,PRD00528,123,2,2026-07-11
INV0001010,WH003,PRD00192,14,76,2026-07-02
INV0001011,WH003,PRD00066,984,62,2026-07-25
INV0001012,WH003,PRD00077,671,37,2026-07-14
INV0001013,WH003,PRD00835,838,23,2026-07-21
INV0001014,WH003,PRD00394,716,75,2026-08-01
INV0001015,WH003,PRD00422,236,18,2026-07-30
INV0001016,WH003,PRD00064,445,46,2026-07-22
INV0001017,WH003,PRD00340,386,6,2026-07-29
INV0001018,WH003,PRD00675,331,43,2026-07-25
INV0001019,WH003,PRD00087,517,25,2026-07-19
INV0001020,WH003,PRD00432,529,49,2026-07-19
INV0001021,WH003,PRD00713,1190,28,2026-07-18
INV0001022,WH003,PRD00430,126,54,2026-07-17
INV0001023,WH003,PRD00405,672,55,2026-07-23
INV0001024,WH003,PRD00131,594,2,2026-07-26
INV0001025,WH003,PRD00794,176,34,2026-07-16
INV0001026,WH003,PRD00079,359,23,2026-07-29
INV0001027,WH003,PRD00782,151,79,2026-07-09
INV0001028,WH003,PRD00375,533,42,2026-07-02
INV0001029,WH003,PRD00372,1011,23,2026-08-01
INV0001030,WH003,PRD00424,710,47,2026-07-22
INV0001031,WH003,PRD00031,465,20,2026-07-29
INV0001032,WH003,PRD00112,812,70,2026-07-06
INV0001033,WH003,PRD00660,664,45,2026-07-22
INV0001034,WH003,PRD00328,1,19,2026-07-20
INV0001035,WH003,PRD00903,583,47,2026-08-01
INV0001036,WH003,PRD00041,722,66,2026-07-06
INV0001037,WH003,PRD00190,427,50,2026-07-31
INV0001038,WH003,PRD00852,947,20,2026-07-28
INV0001039,WH003,PRD00716,1147,64,2026-07-23
INV0001040,WH003,PRD00299,1184,73,2026-07-26
INV0001041,WH003,PRD00941,1187,19,2026-07-07
INV0001042,WH003,PRD00916,1089,71,2026-07-09
INV0001043,WH003,PRD00493,832,49,2026-07-16
INV0001044,WH003,PRD00945,1184,67,2026-08-01
INV0001045,WH003,PRD00467,200,3,2026-07-20
INV0001046,WH003,PRD00867,697,23,2026-07-16
INV0001047,WH003,PRD00244,705,36,2026-07-02
INV0001048,WH003,PRD00126,638,25,2026-07-31
INV0001049,WH003,PRD00269,643,22,2026-07-11
INV0001050,WH003,PRD00111,432,54,2026-07-29
INV0001051,WH003,PRD00225,521,12,2026-07-19
INV0001052,WH003,PRD00558,478,56,2026-08-01
INV0001053,WH003,PRD00369,943,20,2026-07-17
INV0001054,WH003,PRD00767,533,17,2026-07-04
INV0001055,WH003,PRD00203,59,5,2026-07-05
INV0001056,WH003,PRD00681,715,6,2026-07-27
INV0001057,WH003,PRD00682,601,0,2026-07-04
INV0001058,WH003,PRD00024,906,72,2026-07-13
INV0001059,WH003,PRD00323,464,77,2026-07-03
INV0001060,WH003,PRD00700,906,60,2026-07-09
INV0001061,WH003,PRD00697,1148,65,2026-07-05
INV0001062,WH003,PRD00230,170,6,2026-07-03
INV0001063,WH003,PRD00815,537,65,2026-07-21
INV0001064,WH003,PRD00158,1199,12,2026-07-02
INV0001065,WH003,PRD00136,712,76,2026-08-01
INV0001066,WH003,PRD00054,734,33,2026-07-27
INV0001067,WH003,PRD00302,606,71,2026-07-08
INV0001068,WH003,PRD00184,915,66,2026-07-23
INV0001069,WH003,PRD00888,90,39,2026-07-29
INV0001070,WH003,PRD00854,629,63,2026-07-02
INV0001071,WH003,PRD00222,213,33,2026-08-01
INV0001072,WH003,PRD00128,1049,66,2026-07-18
INV0001073,WH003,PRD00613,999,73,2026-07-08
INV0001074,WH003,PRD00095,715,9,2026-07-22
INV0001075,WH003,PRD00983,820,78,2026-07-14
INV0001076,WH003,PRD00520,328,17,2026-07-14
INV0001077,WH003,PRD00696,234,25,2026-07-18
INV0001078,WH003,PRD00631,1192,4,2026-07-12
INV0001079,WH003,PRD00525,129,50,2026-07-15
INV0001080,WH003,PRD00196,1072,36,2026-07-11
INV0001081,WH003,PRD00381,28,39,2026-07-10
INV0001082,WH003,PRD00530,978,51,2026-07-10
INV0001083,WH003,PRD00412,482,29,2026-08-01
INV0001084,WH003,PRD00232,1191,39,2026-07-17
INV0001085,WH003,PRD00076,204,39,2026-07-29
INV0001086,WH003,PRD00236,643,73,2026-07-27
INV0001087,WH003,PRD00618,1026,38,2026-07-28
INV0001088,WH003,PRD00117,956,48,2026-07-17
INV0001089,WH003,PRD00976,935,35,2026-07-29
INV0001090,WH003,PRD00720,887,43,2026-07-25
INV0001091,WH003,PRD00276,910,35,2026-07-03
INV0001092,WH003,PRD00714,835,48,2026-07-08
INV0001093,WH003,PRD00437,902,71,2026-07-22
INV0001094,WH003,PRD00694,858,26,2026-07-11
INV0001095,WH003,PRD00818,907,12,2026-07-20
INV0001096,WH003,PRD00141,607,30,2026-07-20
INV0001097,WH003,PRD00991,139,14,2026-07-29
INV0001098,WH003,PRD00829,829,66,2026-07-21
INV0001099,WH003,PRD00605,760,17,2026-07-23
INV0001100,WH003,PRD00377,145,63,2026-07-29
INV0001101,WH003,PRD00757,881,66,2026-07-17
INV0001102,WH003,PRD00753,616,62,2026-07-15
INV0001103,WH003,PRD00331,335,40,2026-07-19
INV0001104,WH003,PRD00382,507,34,2026-07-09
INV0001105,WH003,PRD00223,417,22,2026-07-22
INV0001106,WH003,PRD00947,179,1,2026-07-29
INV0001107,WH003,PRD00469,167,3,2026-07-27
INV0001108,WH003,PRD00445,1140,66,2026-07-26
INV0001109,WH003,PRD00931,240,34,2026-07-14
INV0001110,WH003,PRD00546,138,34,2026-07-30
INV0001111,WH003,PRD00346,109,10,2026-07-30
INV0001112,WH003,PRD00575,264,5,2026-07-07
INV0001113,WH003,PRD00133,167,58,2026-07-07
INV0001114,WH003,PRD00819,625,59,2026-07-24
INV0001115,WH003,PRD00050,1147,11,2026-07-22
INV0001116,WH003,PRD00671,972,72,2026-07-19
INV0001117,WH003,PRD00545,197,75,2026-07-05
INV0001118,WH003,PRD00760,561,16,2026-07-26
INV0001119,WH003,PRD00999,1025,7,2026-07-27
INV0001120,WH003,PRD00481,138,22,2026-07-24
INV0001121,WH003,PRD00629,659,68,2026-07-28
INV0001122,WH003,PRD00343,537,61,2026-07-09
INV0001123,WH003,PRD00817,17,65,2026-07-02
INV0001124,WH003,PRD00314,51,63,2026-07-31
INV0001125,WH003,PRD00623,1197,23,2026-07-18
INV0001126,WH003,PRD00371,1059,46,2026-07-18
INV0001127,WH003,PRD00177,551,24,2026-07-19
INV0001128,WH003,PRD00679,590,20,2026-07-22
INV0001129,WH003,PRD00577,562,22,2026-07-11
INV0001130,WH003,PRD00275,634,59,2026-07-31
INV0001131,WH003,PRD00874,352,49,2026-07-13
INV0001132,WH003,PRD00504,221,80,2026-07-22
INV0001133,WH003,PRD00075,598,51,2026-07-20
INV0001134,WH003,PRD00708,893,77,2026-07-12
INV0001135,WH003,PRD00374,269,0,2026-07-17
INV0001136,WH003,PRD00907,356,73,2026-07-18
INV0001137,WH003,PRD00624,305,16,2026-07-07
INV0001138,WH003,PRD00625,482,14,2026-07-09
INV0001139,WH003,PRD00917,1071,56,2026-08-01
INV0001140,WH003,PRD00592,1041,52,2026-07-02
INV0001141,WH003,PRD00389,493,26,2026-07-06
INV0001142,WH003,PRD00699,619,35,2026-07-21
INV0001143,WH003,PRD00208,472,74,2026-07-18
INV0001144,WH003,PRD00965,737,5,2026-07-15
INV0001145,WH003,PRD00856,353,72,2026-07-04
INV0001146,WH003,PRD00968,41,25,2026-07-02
INV0001147,WH003,PRD00438,1051,41,2026-07-20
INV0001148,WH003,PRD00595,1027,5,2026-07-02
INV0001149,WH003,PRD00554,283,71,2026-07-23
INV0001150,WH003,PRD00078,570,0,2026-07-03
INV0001151,WH003,PRD00547,314,57,2026-07-16
INV0001152,WH003,PRD00939,409,53,2026-07-10
INV0001153,WH003,PRD00633,270,48,2026-07-15
INV0001154,WH003,PRD00202,565,79,2026-07-04
INV0001155,WH003,PRD00181,606,13,2026-07-11
INV0001156,WH003,PRD00834,600,58,2026-07-13
INV0001157,WH003,PRD00242,113,33,2026-07-23
INV0001158,WH003,PRD00729,933,41,2026-07-30
INV0001159,WH003,PRD00883,709,30,2026-07-04
INV0001160,WH003,PRD00094,1004,77,2026-07-27
INV0001161,WH003,PRD00248,820,2,2026-07-06
INV0001162,WH003,PRD00639,883,2,2026-07-04
INV0001163,WH003,PRD00193,1105,16,2026-07-25
INV0001164,WH003,PRD00448,1059,18,2026-08-01
INV0001165,WH003,PRD00557,33,1,2026-07-11
INV0001166,WH003,PRD00021,352,76,2026-07-17
INV0001167,WH003,PRD00688,1098,1,2026-07-19
INV0001168,WH003,PRD00391,986,70,2026-07-28
INV0001169,WH003,PRD00549,549,54,2026-07-22
INV0001170,WH003,PRD00763,642,25,2026-08-01
INV0001171,WH003,PRD00516,301,19,2026-07-27
INV0001172,WH003,PRD00067,348,15,2026-07-28
INV0001173,WH003,PRD00666,1052,70,2026-07-29
INV0001174,WH003,PRD00685,816,79,2026-08-01
INV0001175,WH003,PRD00431,419,40,2026-07-06
INV0001176,WH003,PRD00900,1098,27,2026-07-08
INV0001177,WH003,PRD00392,357,19,2026-07-25
INV0001178,WH003,PRD00875,340,63,2026-07-28
INV0001179,WH003,PRD00065,461,39,2026-07-24
INV0001180,WH003,PRD00226,283,34,2026-07-30
INV0001181,WH003,PRD00037,802,7,2026-07-16
INV0001182,WH003,PRD00850,438,71,2026-07-16
INV0001183,WH003,PRD00788,166,32,2026-07-08
INV0001184,WH003,PRD00674,1112,74,2026-07-12
INV0001185,WH003,PRD00287,555,69,2026-07-02
INV0001186,WH003,PRD00647,341,21,2026-07-26
INV0001187,WH003,PRD00053,392,16,2026-07-27
INV0001188,WH003,PRD00439,1028,38,2026-07-19
INV0001189,WH003,PRD00156,809,15,2026-07-13
INV0001190,WH003,PRD00352,1195,72,2026-07-18
INV0001191,WH003,PRD00281,166,5,2026-07-16
INV0001192,WH003,PRD00273,192,65,2026-07-20
INV0001193,WH003,PRD00897,403,18,2026-07-03
INV0001194,WH003,PRD00637,227,30,2026-07-12
INV0001195,WH003,PRD00073,464,57,2026-07-03
INV0001196,WH003,PRD00636,651,22,2026-07-30
INV0001197,WH003,PRD00175,532,44,2026-07-11
INV0001198,WH003,PRD00988,731,38,2026-07-24
INV0001199,WH003,PRD00466,914,16,2026-07-28
INV0001200,WH003,PRD00329,979,3,2026-07-10
INV0001201,WH003,PRD00642,105,33,2026-07-16
INV0001202,WH003,PRD00100,1008,33,2026-07-08
INV0001203,WH003,PRD00085,520,21,2026-07-03
INV0001204,WH003,PRD00102,358,43,2026-07-13
INV0001205,WH003,PRD00970,926,25,2026-07-31
INV0001206,WH003,PRD00135,447,62,2026-07-24
INV0001207,WH003,PRD00898,1054,46,2026-07-12
INV0001208,WH003,PRD00925,106,67,2026-07-26
INV0001209,WH003,PRD00684,896,34,2026-07-05
INV0001210,WH003,PRD00101,455,18,2026-07-09
INV0001211,WH003,PRD00325,103,6,2026-07-20
INV0001212,WH003,PRD00570,9,70,2026-07-25
INV0001213,WH003,PRD00923,4,58,2026-07-17
INV0001214,WH003,PRD00650,498,55,2026-07-09
INV0001215,WH003,PRD00390,781,61,2026-07-08
INV0001216,WH003,PRD00825,744,64,2026-07-21
INV0001217,WH003,PRD00260,1191,66,2026-07-18
INV0001218,WH003,PRD00029,996,11,2026-07-09
INV0001219,WH003,PRD00904,649,59,2026-07-06
INV0001220,WH003,PRD00972,479,28,2026-07-25
INV0001221,WH003,PRD00388,680,28,2026-07-16
INV0001222,WH003,PRD00306,433,63,2026-07-08
INV0001223,WH003,PRD00449,76,23,2026-07-25
INV0001224,WH003,PRD00105,1093,75,2026-07-03
INV0001225,WH003,PRD00121,596,7,2026-07-22
INV0001226,WH003,PRD00932,894,76,2026-07-09
INV0001227,WH003,PRD00670,592,58,2026-07-20
INV0001228,WH003,PRD00940,214,78,2026-07-27
INV0001229,WH003,PRD00511,948,67,2026-07-29
INV0001230,WH003,PRD00510,314,5,2026-07-18
INV0001231,WH003,PRD00966,820,19,2026-07-24
INV0001232,WH003,PRD00737,1107,4,2026-07-04
INV0001233,WH003,PRD00303,1176,78,2026-07-21
INV0001234,WH003,PRD00786,324,20,2026-07-24
INV0001235,WH003,PRD00305,272,58,2026-07-22
INV0001236,WH003,PRD00640,873,14,2026-07-05
INV0001237,WH003,PRD00872,921,31,2026-07-04
INV0001238,WH003,PRD00971,914,19,2026-07-31
INV0001239,WH003,PRD00909,161,60,2026-07-05
INV0001240,WH003,PRD00855,46,8,2026-07-29
INV0001241,WH003,PRD00559,913,41,2026-07-12
INV0001242,WH003,PRD00937,676,42,2026-07-10
INV0001243,WH003,PRD00480,801,58,2026-07-18
INV0001244,WH003,PRD00748,602,61,2026-07-25
INV0001245,WH003,PRD00403,754,14,2026-07-31
INV0001246,WH003,PRD00277,857,58,2026-07-10
INV0001247,WH003,PRD00777,621,38,2026-07-24
INV0001248,WH003,PRD00975,1040,72,2026-07-31
INV0001249,WH003,PRD00233,1005,15,2026-07-10
INV0001250,WH003,PRD00123,816,62,2026-07-12
INV0001251,WH003,PRD00365,1006,66,2026-07-04
INV0001252,WH003,PRD00418,1055,6,2026-07-25
INV0001253,WH003,PRD00080,37,21,2026-07-23
INV0001254,WH003,PRD00627,1178,17,2026-07-25
INV0001255,WH003,PRD00217,3,1,2026-07-15
INV0001256,WH003,PRD00539,439,28,2026-07-23
INV0001257,WH003,PRD00892,247,68,2026-07-17
INV0001258,WH003,PRD00710,246,40,2026-07-10
INV0001259,WH003,PRD00107,640,2,2026-07-07
INV0001260,WH003,PRD00644,401,78,2026-07-12
INV0001261,WH003,PRD00745,397,7,2026-07-08
INV0001262,WH003,PRD00008,470,65,2026-07-02
INV0001263,WH003,PRD00792,20,24,2026-07-08
INV0001264,WH003,PRD00645,756,34,2026-07-26
INV0001265,WH003,PRD00043,215,31,2026-07-18
INV0001266,WH003,PRD00785,450,13,2026-07-28
INV0001267,WH003,PRD00638,1169,47,2026-07-07
INV0001268,WH003,PRD00889,59,34,2026-07-15
INV0001269,WH003,PRD00989,1054,80,2026-07-05
INV0001270,WH003,PRD00668,1117,13,2026-07-08
INV0001271,WH003,PRD00626,1108,63,2026-07-10
INV0001272,WH003,PRD00307,747,72,2026-07-05
INV0001273,WH003,PRD00822,1159,59,2026-07-25
INV0001274,WH003,PRD00290,282,22,2026-07-12
INV0001275,WH003,PRD00353,1194,17,2026-07-05
INV0001276,WH003,PRD00458,985,67,2026-07-31
INV0001277,WH003,PRD00823,293,66,2026-07-25
INV0001278,WH003,PRD00961,1177,69,2026-07-20
INV0001279,WH003,PRD00198,431,73,2026-07-29
INV0001280,WH003,PRD00399,79,53,2026-07-27
INV0001281,WH003,PRD00513,63,35,2026-07-02
INV0001282,WH003,PRD00366,878,58,2026-07-15
INV0001283,WH003,PRD00185,849,25,2026-07-03
INV0001284,WH003,PRD00342,82,28,2026-07-15
INV0001285,WH003,PRD00766,130,49,2026-07-14
INV0001286,WH003,PRD00654,138,73,2026-07-08
INV0001287,WH003,PRD00313,527,69,2026-07-20
INV0001288,WH003,PRD00362,982,5,2026-07-18
INV0001289,WH003,PRD00672,777,78,2026-07-02
INV0001290,WH003,PRD00964,1101,52,2026-07-05
INV0001291,WH003,PRD00807,525,34,2026-07-06
INV0001292,WH003,PRD00044,561,75,2026-07-30
INV0001293,WH003,PRD00527,245,69,2026-07-21
INV0001294,WH003,PRD00063,167,5,2026-07-29
INV0001295,WH003,PRD00632,702,33,2026-07-11
INV0001296,WH003,PRD00905,340,56,2026-07-08
INV0001297,WH003,PRD00061,358,41,2026-07-22
INV0001298,WH003,PRD00361,940,29,2026-08-01
INV0001299,WH003,PRD00673,209,64,2026-07-09
INV0001300,WH003,PRD00793,95,67,2026-07-17
INV0001301,WH003,PRD00294,277,43,2026-07-16
INV0001302,WH003,PRD00780,617,22,2026-07-05
INV0001303,WH003,PRD00584,459,2,2026-07-28
INV0001304,WH003,PRD00106,330,60,2026-07-03
INV0001305,WH003,PRD00316,368,62,2026-07-10
INV0001306,WH003,PRD00778,762,20,2026-07-29
INV0001307,WH003,PRD00161,704,21,2026-07-17
INV0001308,WH003,PRD00023,301,30,2026-07-30
INV0001309,WH003,PRD00560,246,34,2026-07-25
INV0001310,WH003,PRD00386,588,8,2026-07-09
INV0001311,WH003,PRD00444,790,49,2026-07-02
INV0001312,WH003,PRD00460,478,69,2026-07-27
INV0001313,WH003,PRD00614,855,59,2026-07-18
INV0001314,WH003,PRD00002,748,74,2026-07-18
INV0001315,WH003,PRD00542,270,59,2026-07-18
INV0001316,WH003,PRD00068,954,14,2026-07-12
INV0001317,WH003,PRD00992,1171,65,2026-07-10
INV0001318,WH003,PRD00204,563,52,2026-08-01
INV0001319,WH003,PRD00434,721,24,2026-07-10
INV0001320,WH003,PRD00266,616,50,2026-07-03
INV0001321,WH003,PRD00017,678,56,2026-07-23
INV0001322,WH003,PRD00012,124,78,2026-07-20
INV0001323,WH003,PRD00935,1102,29,2026-07-24
INV0001324,WH003,PRD00692,1093,55,2026-07-07
INV0001325,WH003,PRD00130,1032,62,2026-07-29
INV0001326,WH003,PRD00920,874,37,2026-07-08
INV0001327,WH003,PRD00155,820,20,2026-07-13
INV0001328,WH003,PRD00728,257,72,2026-07-30
INV0001329,WH003,PRD00979,1018,61,2026-07-08
INV0001330,WH003,PRD00252,395,49,2026-07-08
INV0001331,WH003,PRD00738,39,41,2026-07-25
INV0001332,WH003,PRD00103,4,69,2026-07-03
INV0001333,WH003,PRD00119,131,10,2026-07-07
INV0001334,WH003,PRD00938,26,2,2026-07-31
INV0001335,WH003,PRD00630,987,60,2026-07-15
INV0001336,WH003,PRD00960,484,14,2026-07-06
INV0001337,WH003,PRD00379,1061,20,2026-07-09
INV0001338,WH003,PRD00649,836,26,2026-07-17
INV0001339,WH003,PRD00487,512,9,2026-07-14
INV0001340,WH003,PRD00309,1105,62,2026-07-11
INV0001341,WH003,PRD00089,97,26,2026-07-03
INV0001342,WH003,PRD00231,375,23,2026-07-22
INV0001343,WH003,PRD00062,115,65,2026-07-30
INV0001344,WH003,PRD00264,407,29,2026-07-13
INV0001345,WH003,PRD00803,307,20,2026-07-17
INV0001346,WH003,PRD00243,528,37,2026-07-05
INV0001347,WH003,PRD00254,756,33,2026-07-11
INV0001348,WH003,PRD00997,716,36,2026-07-08
INV0001349,WH003,PRD00969,579,61,2026-07-02
INV0001350,WH003,PRD00286,328,56,2026-07-16
INV0001351,WH003,PRD00762,1012,76,2026-07-06
INV0001352,WH003,PRD00414,357,37,2026-07-23
INV0001353,WH003,PRD00239,896,58,2026-07-03
INV0001354,WH003,PRD00383,155,58,2026-07-23
INV0001355,WH003,PRD00006,48,52,2026-07-03
INV0001356,WH003,PRD00165,802,71,2026-07-20
INV0001357,WH003,PRD00838,920,72,2026-07-08
INV0001358,WH003,PRD00739,1183,33,2026-07-28
INV0001359,WH003,PRD00934,11,48,2026-07-29
INV0001360,WH003,PRD00400,447,60,2026-07-19
INV0001361,WH003,PRD00187,1089,21,2026-07-26
INV0001362,WH003,PRD00662,927,48,2026-07-30
INV0001363,WH003,PRD00218,1148,16,2026-07-22
INV0001364,WH003,PRD00007,418,3,2026-07-15
INV0001365,WH003,PRD00296,1008,66,2026-07-05
INV0001366,WH003,PRD00562,1011,72,2026-08-01
INV0001367,WH003,PRD00336,143,22,2026-07-16
INV0001368,WH003,PRD00869,157,22,2026-07-02
INV0001369,WH003,PRD00348,168,20,2026-07-04
INV0001370,WH003,PRD00498,831,27,2026-07-22
INV0001371,WH003,PRD00221,1137,14,2026-07-21
INV0001372,WH003,PRD00482,889,61,2026-07-30
INV0001373,WH003,PRD00957,68,22,2026-07-02
INV0001374,WH003,PRD00702,796,21,2026-07-27
INV0001375,WH003,PRD00927,664,13,2026-07-13
INV0001376,WH003,PRD00227,409,24,2026-07-22
INV0001377,WH003,PRD00936,858,16,2026-07-07
INV0001378,WH003,PRD00211,1039,36,2026-07-23
INV0001379,WH003,PRD00844,470,62,2026-07-11
INV0001380,WH003,PRD00921,375,69,2026-07-27
INV0001381,WH003,PRD00145,1024,32,2026-08-01
INV0001382,WH003,PRD00774,203,21,2026-07-21
INV0001383,WH003,PRD00610,271,7,2026-07-31
INV0001384,WH003,PRD00588,543,31,2026-07-27
INV0001385,WH003,PRD00206,95,72,2026-07-30
INV0001386,WH003,PRD00471,1107,20,2026-07-16
INV0001387,WH003,PRD00915,241,19,2026-07-23
INV0001388,WH003,PRD00415,986,79,2026-07-20
INV0001389,WH003,PRD00948,857,55,2026-07-03
INV0001390,WH003,PRD00357,955,65,2026-07-26
INV0001391,WH003,PRD00847,53,24,2026-07-29
INV0001392,WH003,PRD00172,1003,21,2026-07-13
INV0001393,WH003,PRD00611,545,6,2026-07-13
INV0001394,WH003,PRD00114,442,60,2026-07-21
INV0001395,WH003,PRD00147,164,27,2026-07-17
INV0001396,WH003,PRD00070,851,68,2026-07-02
INV0001397,WH003,PRD00140,528,67,2026-07-29
INV0001398,WH003,PRD00483,620,13,2026-07-10
INV0001399,WH003,PRD00285,779,63,2026-07-14
INV0001400,WH003,PRD00450,204,71,2026-07-23
INV0001401,WH003,PRD00814,668,8,2026-07-13
INV0001402,WH003,PRD00913,314,0,2026-07-16
INV0001403,WH003,PRD00529,556,79,2026-07-09
INV0001404,WH003,PRD00914,873,44,2026-07-25
INV0001405,WH003,PRD00617,1050,43,2026-07-30
INV0001406,WH003,PRD00347,1167,33,2026-07-31
INV0001407,WH003,PRD00055,764,51,2026-07-15
INV0001408,WH003,PRD00843,593,44,2026-07-12
INV0001409,WH003,PRD00104,1191,27,2026-07-10
INV0001410,WH003,PRD00582,516,6,2026-07-03
INV0001411,WH003,PRD00279,203,6,2026-07-06
INV0001412,WH003,PRD00228,945,46,2026-07-05
INV0001413,WH003,PRD00143,357,70,2026-07-18
INV0001414,WH003,PRD00058,970,21,2026-07-28
INV0001415,WH003,PRD00922,695,60,2026-07-07
INV0001416,WH003,PRD00583,657,6,2026-07-28
INV0001417,WH003,PRD00533,357,43,2026-07-13
INV0001418,WH003,PRD00726,508,15,2026-07-11
INV0001419,WH003,PRD00176,320,23,2026-07-02
INV0001420,WH003,PRD00585,972,21,2026-07-21
INV0001421,WH003,PRD00826,551,36,2026-07-11
INV0001422,WH003,PRD00743,1167,46,2026-07-03
INV0001423,WH003,PRD00420,644,80,2026-08-01
INV0001424,WH003,PRD00395,506,1,2026-07-18
INV0001425,WH003,PRD00205,1180,40,2026-07-15
INV0001426,WH003,PRD00189,271,42,2026-07-24
INV0001427,WH003,PRD00191,876,60,2026-07-02
INV0001428,WH003,PRD00701,901,19,2026-07-25
INV0001429,WH003,PRD00833,768,56,2026-07-11
INV0001430,WH003,PRD00751,993,66,2026-07-26
INV0001431,WH003,PRD00088,1154,1,2026-07-02
INV0001432,WH003,PRD00241,908,40,2026-07-04
INV0001433,WH003,PRD00565,164,52,2026-07-26
INV0001434,WH003,PRD00173,1113,0,2026-07-20
INV0001435,WH003,PRD00581,872,23,2026-07-20
INV0001436,WH003,PRD00801,988,79,2026-07-03
INV0001437,WH003,PRD00722,612,1,2026-07-13
INV0001438,WH003,PRD00628,1184,4,2026-07-18
INV0001439,WH003,PRD00160,427,59,2026-07-09
INV0001440,WH003,PRD00736,278,21,2026-07-13
INV0001441,WH003,PRD00247,228,63,2026-07-20
INV0001442,WH003,PRD00944,561,68,2026-08-01
INV0001443,WH003,PRD00667,445,51,2026-07-30
INV0001444,WH003,PRD00853,585,45,2026-07-23
INV0001445,WH003,PRD00370,513,3,2026-07-11
INV0001446,WH003,PRD00608,373,76,2026-07-30
INV0001447,WH003,PRD00474,741,48,2026-07-22
INV0001448,WH003,PRD00262,39,41,2026-07-09
INV0001449,WH003,PRD00589,1070,35,2026-07-15
INV0001450,WH003,PRD00358,615,9,2026-07-12
INV0001451,WH003,PRD00886,555,73,2026-07-27
INV0001452,WH003,PRD00564,259,68,2026-07-25
INV0001453,WH003,PRD00311,671,51,2026-07-31
INV0001454,WH003,PRD00796,273,17,2026-07-06
INV0001455,WH003,PRD00594,479,45,2026-07-04
INV0001456,WH003,PRD00509,131,10,2026-07-11
INV0001457,WH003,PRD00441,998,38,2026-07-04
INV0001458,WH003,PRD00091,1046,51,2026-07-26
INV0001459,WH003,PRD00602,850,79,2026-07-25
INV0001460,WH003,PRD00183,1106,5,2026-07-21
INV0001461,WH003,PRD00993,1103,32,2026-07-20
INV0001462,WH003,PRD00425,68,60,2026-08-01
INV0001463,WH003,PRD00057,538,29,2026-07-22
INV0001464,WH003,PRD00842,214,62,2026-07-21
INV0001465,WH003,PRD00171,392,10,2026-07-18
INV0001466,WH003,PRD00521,328,54,2026-07-03
INV0001467,WH003,PRD00619,134,4,2026-07-15
INV0001468,WH003,PRD00457,538,41,2026-07-20
INV0001469,WH003,PRD00635,411,9,2026-07-08
INV0001470,WH003,PRD00433,513,57,2026-07-11
INV0001471,WH003,PRD00718,813,13,2026-07-08
INV0001472,WH003,PRD00083,367,53,2026-07-22
INV0001473,WH003,PRD00219,102,67,2026-07-15
INV0001474,WH003,PRD00186,996,46,2026-07-22
INV0001475,WH003,PRD00750,1035,40,2026-07-26
INV0001476,WH003,PRD00477,968,75,2026-07-13
INV0001477,WH003,PRD00494,976,68,2026-07-03
INV0001478,WH003,PRD00981,1047,10,2026-07-19
INV0001479,WH003,PRD00982,858,65,2026-07-12
INV0001480,WH003,PRD00802,88,79,2026-07-20
INV0001481,WH003,PRD00216,675,9,2026-07-29
INV0001482,WH003,PRD00154,1176,70,2026-07-02
INV0001483,WH003,PRD00952,1039,70,2026-07-18
INV0001484,WH003,PRD00459,585,38,2026-07-10
INV0001485,WH003,PRD00110,972,24,2026-07-07
INV0001486,WH003,PRD00137,370,10,2026-07-17
INV0001487,WH003,PRD00870,926,65,2026-07-08
INV0001488,WH003,PRD00532,661,37,2026-07-22
INV0001489,WH003,PRD00180,944,36,2026-07-04
INV0001490,WH003,PRD00125,976,59,2026-08-01
INV0001491,WH003,PRD00985,812,5,2026-07-16
INV0001492,WH003,PRD00268,700,43,2026-07-15
INV0001493,WH003,PRD00197,1039,24,2026-07-23
INV0001494,WH003,PRD00933,1106,47,2026-07-05
INV0001495,WH003,PRD00846,848,36,2026-07-08
INV0001496,WH003,PRD00758,474,21,2026-07-05
INV0001497,WH003,PRD00151,955,46,2026-07-23
INV0001498,WH003,PRD00930,168,9,2026-07-09
INV0001499,WH003,PRD00084,658,54,2026-07-21
INV0001500,WH003,PRD00832,307,60,2026-07-18
INV0001501,WH004,PRD00281,172,44,2026-07-06
INV0001502,WH004,PRD00970,784,20,2026-07-20
INV0001503,WH004,PRD00272,821,79,2026-07-14
INV0001504,WH004,PRD00838,1101,10,2026-07-15
INV0001505,WH004,PRD00426,116,47,2026-07-28
INV0001506,WH004,PRD00945,922,75,2026-07-28
INV0001507,WH004,PRD00079,54,5,2026-07-15
INV0001508,WH004,PRD00374,667,32,2026-07-20
INV0001509,WH004,PRD00491,487,13,2026-07-19
INV0001510,WH004,PRD00715,568,52,2026-07-31
INV0001511,WH004,PRD00643,818,51,2026-07-12
INV0001512,WH004,PRD00814,632,72,2026-07-08
INV0001513,WH004,PRD00928,411,20,2026-07-25
INV0001514,WH004,PRD00312,992,42,2026-07-22
INV0001515,WH004,PRD00452,1103,26,2026-07-16
INV0001516,WH004,PRD00847,1066,25,2026-07-09
INV0001517,WH004,PRD00259,460,29,2026-07-12
INV0001518,WH004,PRD00562,182,33,2026-07-14
INV0001519,WH004,PRD00828,509,19,2026-07-21
INV0001520,WH004,PRD00936,584,65,2026-07-22
INV0001521,WH004,PRD00253,1183,21,2026-07-16
INV0001522,WH004,PRD00173,356,1,2026-07-02
INV0001523,WH004,PRD00099,806,54,2026-07-19
INV0001524,WH004,PRD00549,659,26,2026-07-24
INV0001525,WH004,PRD00595,1023,78,2026-07-18
INV0001526,WH004,PRD00892,179,4,2026-07-14
INV0001527,WH004,PRD00373,43,2,2026-07-28
INV0001528,WH004,PRD00508,1099,10,2026-08-01
INV0001529,WH004,PRD00022,80,2,2026-07-26
INV0001530,WH004,PRD00159,343,53,2026-07-20
INV0001531,WH004,PRD00130,838,11,2026-07-18
INV0001532,WH004,PRD00030,1148,1,2026-07-16
INV0001533,WH004,PRD00294,1047,51,2026-07-07
INV0001534,WH004,PRD00249,525,39,2026-07-10
INV0001535,WH004,PRD00867,1188,8,2026-07-20
INV0001536,WH004,PRD00434,294,63,2026-07-10
INV0001537,WH004,PRD00086,995,52,2026-07-21
INV0001538,WH004,PRD00679,7,18,2026-07-05
INV0001539,WH004,PRD00276,604,20,2026-07-21
INV0001540,WH004,PRD00078,127,10,2026-07-28
INV0001541,WH004,PRD00935,272,73,2026-07-29
INV0001542,WH004,PRD00836,740,25,2026-07-21
INV0001543,WH004,PRD00942,415,58,2026-07-22
INV0001544,WH004,PRD00580,1199,20,2026-07-17
INV0001545,WH004,PRD00817,149,75,2026-07-18
INV0001546,WH004,PRD00154,809,50,2026-07-03
INV0001547,WH004,PRD00739,238,48,2026-07-27
INV0001548,WH004,PRD00063,591,17,2026-07-13
INV0001549,WH004,PRD00397,388,27,2026-07-16
INV0001550,WH004,PRD00788,50,14,2026-07-06
INV0001551,WH004,PRD00106,99,60,2026-07-04
INV0001552,WH004,PRD00119,91,14,2026-07-18
INV0001553,WH004,PRD00743,944,37,2026-07-23
INV0001554,WH004,PRD00129,811,2,2026-07-15
INV0001555,WH004,PRD00524,452,37,2026-07-15
INV0001556,WH004,PRD00085,768,33,2026-07-14
INV0001557,WH004,PRD00833,239,62,2026-07-09
INV0001558,WH004,PRD00458,662,1,2026-07-18
INV0001559,WH004,PRD00117,1121,25,2026-07-29
INV0001560,WH004,PRD00680,270,26,2026-07-25
INV0001561,WH004,PRD00703,236,40,2026-07-05
INV0001562,WH004,PRD00518,463,34,2026-07-13
INV0001563,WH004,PRD00769,1021,48,2026-07-27
INV0001564,WH004,PRD00803,211,62,2026-07-23
INV0001565,WH004,PRD00497,146,3,2026-07-06
INV0001566,WH004,PRD00983,453,57,2026-07-21
INV0001567,WH004,PRD00326,214,38,2026-07-29
INV0001568,WH004,PRD00278,777,35,2026-07-15
INV0001569,WH004,PRD00493,836,49,2026-07-16
INV0001570,WH004,PRD00909,1183,71,2026-07-27
INV0001571,WH004,PRD00244,388,78,2026-07-10
INV0001572,WH004,PRD00137,929,24,2026-07-02
INV0001573,WH004,PRD00463,267,56,2026-07-16
INV0001574,WH004,PRD00432,805,4,2026-07-27
INV0001575,WH004,PRD00444,1076,37,2026-07-10
INV0001576,WH004,PRD00336,846,27,2026-07-04
INV0001577,WH004,PRD00906,736,46,2026-07-03
INV0001578,WH004,PRD00719,728,2,2026-07-30
INV0001579,WH004,PRD00394,289,8,2026-07-11
INV0001580,WH004,PRD00348,1160,10,2026-07-24
INV0001581,WH004,PRD00813,712,16,2026-07-22
INV0001582,WH004,PRD00216,391,43,2026-07-14
INV0001583,WH004,PRD00124,748,30,2026-07-02
INV0001584,WH004,PRD00428,15,10,2026-07-08
INV0001585,WH004,PRD00904,1172,49,2026-07-21
INV0001586,WH004,PRD00689,556,72,2026-07-09
INV0001587,WH004,PRD00730,999,7,2026-07-22
INV0001588,WH004,PRD00241,593,32,2026-07-21
INV0001589,WH004,PRD00775,1162,12,2026-07-24
INV0001590,WH004,PRD00886,641,18,2026-07-08
INV0001591,WH004,PRD00496,144,0,2026-07-28
INV0001592,WH004,PRD00758,76,26,2026-07-16
INV0001593,WH004,PRD00654,1116,60,2026-08-01
INV0001594,WH004,PRD00358,925,9,2026-07-25
INV0001595,WH004,PRD00748,879,2,2026-07-05
INV0001596,WH004,PRD00012,589,16,2026-07-30
INV0001597,WH004,PRD00466,289,12,2026-07-07
INV0001598,WH004,PRD00403,12,4,2026-07-23
INV0001599,WH004,PRD00165,834,69,2026-07-17
INV0001600,WH004,PRD00254,965,45,2026-07-28
INV0001601,WH004,PRD00090,165,5,2026-07-04
INV0001602,WH004,PRD00126,123,67,2026-07-23
INV0001603,WH004,PRD00804,1128,55,2026-07-22
INV0001604,WH004,PRD00246,613,22,2026-07-21
INV0001605,WH004,PRD00670,678,55,2026-07-02
INV0001606,WH004,PRD00108,1059,49,2026-07-06
INV0001607,WH004,PRD00623,291,23,2026-07-27
INV0001608,WH004,PRD00145,112,41,2026-07-07
INV0001609,WH004,PRD00604,545,36,2026-07-07
INV0001610,WH004,PRD00554,193,58,2026-07-30
INV0001611,WH004,PRD00547,36,44,2026-07-02
INV0001612,WH004,PRD00473,783,63,2026-07-26
INV0001613,WH004,PRD00577,294,79,2026-07-26
INV0001614,WH004,PRD00504,842,73,2026-07-06
INV0001615,WH004,PRD00996,67,59,2026-08-01
INV0001616,WH004,PRD00717,778,32,2026-07-11
INV0001617,WH004,PRD00871,1057,63,2026-07-28
INV0001618,WH004,PRD00174,492,42,2026-07-08
INV0001619,WH004,PRD00927,1074,24,2026-07-02
INV0001620,WH004,PRD00968,1150,80,2026-07-04
INV0001621,WH004,PRD00525,1179,42,2026-07-30
INV0001622,WH004,PRD00573,946,46,2026-07-12
INV0001623,WH004,PRD00844,284,6,2026-07-23
INV0001624,WH004,PRD00427,951,61,2026-08-01
INV0001625,WH004,PRD00913,81,39,2026-07-16
INV0001626,WH004,PRD00141,400,0,2026-07-11
INV0001627,WH004,PRD00531,914,50,2026-07-28
INV0001628,WH004,PRD00214,946,31,2026-07-04
INV0001629,WH004,PRD00021,348,46,2026-07-22
INV0001630,WH004,PRD00423,436,69,2026-07-27
INV0001631,WH004,PRD00301,942,39,2026-07-26
INV0001632,WH004,PRD00971,1143,29,2026-07-28
INV0001633,WH004,PRD00182,808,20,2026-07-05
INV0001634,WH004,PRD00721,261,43,2026-07-31
INV0001635,WH004,PRD00538,871,26,2026-07-23
INV0001636,WH004,PRD00792,1084,26,2026-07-18
INV0001637,WH004,PRD00064,482,17,2026-07-04
INV0001638,WH004,PRD00136,474,0,2026-07-30
INV0001639,WH004,PRD00798,532,52,2026-07-24
INV0001640,WH004,PRD00289,868,61,2026-07-21
INV0001641,WH004,PRD00511,61,31,2026-07-16
INV0001642,WH004,PRD00631,115,77,2026-07-22
INV0001643,WH004,PRD00925,604,10,2026-07-15
INV0001644,WH004,PRD00092,645,21,2026-07-31
INV0001645,WH004,PRD00657,434,74,2026-07-17
INV0001646,WH004,PRD00607,215,5,2026-07-06
INV0001647,WH004,PRD00819,247,2,2026-07-24
INV0001648,WH004,PRD00273,553,27,2026-07-26
INV0001649,WH004,PRD00042,73,46,2026-07-08
INV0001650,WH004,PRD00786,88,74,2026-07-15
INV0001651,WH004,PRD00760,109,74,2026-07-14
INV0001652,WH004,PRD00870,494,32,2026-07-31
INV0001653,WH004,PRD00415,1187,52,2026-07-10
INV0001654,WH004,PRD00047,40,7,2026-07-09
INV0001655,WH004,PRD00829,1083,61,2026-07-04
INV0001656,WH004,PRD00196,827,64,2026-07-23
INV0001657,WH004,PRD00655,1078,50,2026-07-21
INV0001658,WH004,PRD00422,670,66,2026-07-11
INV0001659,WH004,PRD00083,620,19,2026-07-27
INV0001660,WH004,PRD00158,719,23,2026-07-05
INV0001661,WH004,PRD00304,951,56,2026-07-20
INV0001662,WH004,PRD00635,1070,45,2026-07-18
INV0001663,WH004,PRD00550,687,46,2026-07-10
INV0001664,WH004,PRD00268,890,37,2026-07-23
INV0001665,WH004,PRD00863,289,74,2026-07-27
INV0001666,WH004,PRD00652,1012,63,2026-07-22
INV0001667,WH004,PRD00705,47,11,2026-07-13
INV0001668,WH004,PRD00560,430,18,2026-07-07
INV0001669,WH004,PRD00290,736,16,2026-07-10
INV0001670,WH004,PRD00695,835,56,2026-07-23
INV0001671,WH004,PRD00981,572,17,2026-07-05
INV0001672,WH004,PRD00749,383,22,2026-07-30
INV0001673,WH004,PRD00377,869,49,2026-07-31
INV0001674,WH004,PRD00646,727,22,2026-07-26
INV0001675,WH004,PRD00166,1042,13,2026-07-24
INV0001676,WH004,PRD00665,1121,57,2026-07-30
INV0001677,WH004,PRD00477,589,23,2026-07-09
INV0001678,WH004,PRD00300,44,28,2026-07-11
INV0001679,WH004,PRD00543,651,58,2026-07-04
INV0001680,WH004,PRD00260,1021,57,2026-07-13
INV0001681,WH004,PRD00708,451,15,2026-07-27
INV0001682,WH004,PRD00916,519,6,2026-07-23
INV0001683,WH004,PRD00500,502,66,2026-07-20
INV0001684,WH004,PRD00571,436,48,2026-07-28
INV0001685,WH004,PRD00759,469,8,2026-07-03
INV0001686,WH004,PRD00481,1004,43,2026-07-12
INV0001687,WH004,PRD00176,719,26,2026-07-26
INV0001688,WH004,PRD00104,956,25,2026-07-12
INV0001689,WH004,PRD00753,609,61,2026-07-18
INV0001690,WH004,PRD00339,884,27,2026-07-31
INV0001691,WH004,PRD00807,889,40,2026-07-15
INV0001692,WH004,PRD00487,729,65,2026-07-28
INV0001693,WH004,PRD00552,929,55,2026-07-21
INV0001694,WH004,PRD00854,614,80,2026-07-07
INV0001695,WH004,PRD00205,795,79,2026-07-14
INV0001696,WH004,PRD00613,138,44,2026-07-11
INV0001697,WH004,PRD00267,1135,72,2026-07-17
INV0001698,WH004,PRD00911,448,3,2026-07-12
INV0001699,WH004,PRD00069,501,62,2026-07-08
INV0001700,WH004,PRD00806,1044,41,2026-07-16
INV0001701,WH004,PRD00327,210,34,2026-07-11
INV0001702,WH004,PRD00483,638,16,2026-07-02
INV0001703,WH004,PRD00342,1160,67,2026-07-05
INV0001704,WH004,PRD00149,408,52,2026-07-15
INV0001705,WH004,PRD00895,957,52,2026-07-29
INV0001706,WH004,PRD00584,43,58,2026-07-22
INV0001707,WH004,PRD00702,48,40,2026-07-20
INV0001708,WH004,PRD00470,160,12,2026-07-03
INV0001709,WH004,PRD00247,710,45,2026-07-21
INV0001710,WH004,PRD00076,198,5,2026-07-17
INV0001711,WH004,PRD00120,612,76,2026-07-12
INV0001712,WH004,PRD00293,1116,15,2026-07-15
INV0001713,WH004,PRD00468,1067,51,2026-07-07
INV0001714,WH004,PRD00821,780,13,2026-07-30
INV0001715,WH004,PRD00872,762,71,2026-07-16
INV0001716,WH004,PRD00764,56,8,2026-07-17
INV0001717,WH004,PRD00754,147,64,2026-07-18
INV0001718,WH004,PRD00344,258,75,2026-07-18
INV0001719,WH004,PRD00523,16,10,2026-07-09
INV0001720,WH004,PRD00943,381,53,2026-07-16
INV0001721,WH004,PRD00128,437,14,2026-07-21
INV0001722,WH004,PRD00488,831,21,2026-07-12
INV0001723,WH004,PRD00939,534,23,2026-07-31
INV0001724,WH004,PRD00688,799,6,2026-07-21
INV0001725,WH004,PRD00700,141,12,2026-07-20
INV0001726,WH004,PRD00773,986,53,2026-07-13
INV0001727,WH004,PRD00690,21,43,2026-07-24
INV0001728,WH004,PRD00515,505,42,2026-07-08
INV0001729,WH004,PRD00014,311,51,2026-07-04
INV0001730,WH004,PRD00446,1129,16,2026-07-09
INV0001731,WH004,PRD00612,137,77,2026-07-06
INV0001732,WH004,PRD00038,609,57,2026-07-30
INV0001733,WH004,PRD00934,1191,0,2026-07-10
INV0001734,WH004,PRD00964,268,31,2026-07-27
INV0001735,WH004,PRD00228,1017,13,2026-07-31
INV0001736,WH004,PRD00672,970,31,2026-07-28
INV0001737,WH004,PRD00839,696,57,2026-07-21
INV0001738,WH004,PRD00384,286,15,2026-07-02
INV0001739,WH004,PRD00651,370,30,2026-07-07
INV0001740,WH004,PRD00271,73,25,2026-07-05
INV0001741,WH004,PRD00167,612,65,2026-07-13
INV0001742,WH004,PRD00797,1154,7,2026-07-22
INV0001743,WH004,PRD00400,839,32,2026-07-02
INV0001744,WH004,PRD00955,418,10,2026-07-18
INV0001745,WH004,PRD00046,281,10,2026-07-09
INV0001746,WH004,PRD00961,117,35,2026-07-06
INV0001747,WH004,PRD00074,809,26,2026-07-08
INV0001748,WH004,PRD00395,136,9,2026-07-16
INV0001749,WH004,PRD00323,791,58,2026-07-05
INV0001750,WH004,PRD00546,33,8,2026-07-14
INV0001751,WH004,PRD00801,1100,63,2026-07-15
INV0001752,WH004,PRD00414,428,44,2026-08-01
INV0001753,WH004,PRD00723,654,38,2026-07-03
INV0001754,WH004,PRD00692,604,46,2026-07-13
INV0001755,WH004,PRD00714,388,13,2026-07-15
INV0001756,WH004,PRD00489,218,28,2026-07-29
INV0001757,WH004,PRD00341,304,45,2026-07-23
INV0001758,WH004,PRD00893,907,0,2026-07-02
INV0001759,WH004,PRD00357,1182,74,2026-07-17
INV0001760,WH004,PRD00164,395,32,2026-07-06
INV0001761,WH004,PRD00472,211,30,2026-07-21
INV0001762,WH004,PRD00356,43,43,2026-07-24
INV0001763,WH004,PRD00793,12,57,2026-07-04
INV0001764,WH004,PRD00103,843,32,2026-07-08
INV0001765,WH004,PRD00325,988,14,2026-07-12
INV0001766,WH004,PRD00661,1139,49,2026-07-10
INV0001767,WH004,PRD00043,266,80,2026-07-14
INV0001768,WH004,PRD00889,552,24,2026-07-19
INV0001769,WH004,PRD00347,1122,14,2026-07-26
INV0001770,WH004,PRD00997,180,37,2026-07-04
INV0001771,WH004,PRD00476,682,29,2026-07-08
INV0001772,WH004,PRD00818,576,70,2026-07-12
INV0001773,WH004,PRD00494,17,59,2026-07-06
INV0001774,WH004,PRD00770,273,2,2026-07-06
INV0001775,WH004,PRD00370,902,68,2026-07-05
INV0001776,WH004,PRD00785,512,44,2026-07-11
INV0001777,WH004,PRD00478,1060,35,2026-07-22
INV0001778,WH004,PRD00321,1097,38,2026-07-31
INV0001779,WH004,PRD00529,362,16,2026-07-27
INV0001780,WH004,PRD00800,908,61,2026-07-20
INV0001781,WH004,PRD00626,11,16,2026-07-29
INV0001782,WH004,PRD00189,1134,6,2026-07-19
INV0001783,WH004,PRD00711,888,62,2026-07-28
INV0001784,WH004,PRD00245,687,22,2026-07-18
INV0001785,WH004,PRD00588,393,36,2026-07-24
INV0001786,WH004,PRD00516,555,44,2026-07-04
INV0001787,WH004,PRD00429,251,75,2026-07-31
INV0001788,WH004,PRD00882,830,56,2026-07-17
INV0001789,WH004,PRD00932,608,18,2026-07-30
INV0001790,WH004,PRD00841,15,71,2026-07-26
INV0001791,WH004,PRD00409,30,53,2026-07-26
INV0001792,WH004,PRD00402,566,37,2026-07-26
INV0001793,WH004,PRD00010,1003,13,2026-08-01
INV0001794,WH004,PRD00624,1062,32,2026-07-27
INV0001795,WH004,PRD00221,679,56,2026-07-04
INV0001796,WH004,PRD00920,708,34,2026-07-27
INV0001797,WH004,PRD00774,469,58,2026-07-25
INV0001798,WH004,PRD00161,691,26,2026-07-10
INV0001799,WH004,PRD00890,528,72,2026-07-05
INV0001800,WH004,PRD00007,934,16,2026-07-23
INV0001801,WH004,PRD00950,1068,53,2026-07-16
INV0001802,WH004,PRD00318,1043,24,2026-07-27
INV0001803,WH004,PRD00915,330,42,2026-07-05
INV0001804,WH004,PRD00333,452,43,2026-08-01
INV0001805,WH004,PRD00107,377,23,2026-07-18
INV0001806,WH004,PRD00512,913,33,2026-07-12
INV0001807,WH004,PRD00825,810,74,2026-08-01
INV0001808,WH004,PRD00261,394,29,2026-07-16
INV0001809,WH004,PRD00667,521,62,2026-07-05
INV0001810,WH004,PRD00779,226,28,2026-07-03
INV0001811,WH004,PRD00186,976,1,2026-07-22
INV0001812,WH004,PRD00188,1081,63,2026-07-04
INV0001813,WH004,PRD00101,1005,42,2026-07-28
INV0001814,WH004,PRD00676,333,23,2026-07-07
INV0001815,WH004,PRD00024,168,80,2026-07-11
INV0001816,WH004,PRD00837,328,5,2026-07-31
INV0001817,WH004,PRD00222,625,1,2026-07-12
INV0001818,WH004,PRD00041,307,27,2026-07-11
INV0001819,WH004,PRD00808,575,17,2026-07-02
INV0001820,WH004,PRD00116,96,24,2026-07-25
INV0001821,WH004,PRD00102,1116,61,2026-07-12
INV0001822,WH004,PRD00146,431,70,2026-07-23
INV0001823,WH004,PRD00049,763,26,2026-07-21
INV0001824,WH004,PRD00735,67,6,2026-07-28
INV0001825,WH004,PRD00579,198,40,2026-07-11
INV0001826,WH004,PRD00853,842,30,2026-07-15
INV0001827,WH004,PRD00292,406,51,2026-07-20
INV0001828,WH004,PRD00404,850,72,2026-07-24
INV0001829,WH004,PRD00306,386,52,2026-07-05
INV0001830,WH004,PRD00666,693,64,2026-07-20
INV0001831,WH004,PRD00419,622,78,2026-07-30
INV0001832,WH004,PRD00329,1181,61,2026-07-15
INV0001833,WH004,PRD00731,657,14,2026-07-06
INV0001834,WH004,PRD00195,450,39,2026-07-23
INV0001835,WH004,PRD00060,645,41,2026-07-25
INV0001836,WH004,PRD00693,330,76,2026-07-20
INV0001837,WH004,PRD00105,1019,63,2026-07-26
INV0001838,WH004,PRD00017,1006,40,2026-07-14
INV0001839,WH004,PRD00659,638,19,2026-07-15
INV0001840,WH004,PRD00548,428,11,2026-07-16
INV0001841,WH004,PRD00087,1113,67,2026-07-11
INV0001842,WH004,PRD00385,806,13,2026-07-20
INV0001843,WH004,PRD00585,857,51,2026-07-25
INV0001844,WH004,PRD00198,499,38,2026-07-27
INV0001845,WH004,PRD00002,1048,4,2026-07-13
INV0001846,WH004,PRD00125,167,12,2026-07-22
INV0001847,WH004,PRD00982,531,14,2026-07-20
INV0001848,WH004,PRD00900,1045,22,2026-07-23
INV0001849,WH004,PRD00235,951,58,2026-08-01
INV0001850,WH004,PRD00474,729,33,2026-07-11
INV0001851,WH004,PRD00192,1175,14,2026-07-30
INV0001852,WH004,PRD00440,533,4,2026-07-02
INV0001853,WH004,PRD00005,877,47,2026-07-12
INV0001854,WH004,PRD00541,553,63,2026-07-20
INV0001855,WH004,PRD00993,723,12,2026-07-27
INV0001856,WH004,PRD00389,868,61,2026-07-11
INV0001857,WH004,PRD00827,560,76,2026-07-04
INV0001858,WH004,PRD00763,35,58,2026-07-21
INV0001859,WH004,PRD00874,462,44,2026-07-29
INV0001860,WH004,PRD00265,410,65,2026-07-25
INV0001861,WH004,PRD00855,533,46,2026-07-19
INV0001862,WH004,PRD00313,336,72,2026-07-26
INV0001863,WH004,PRD00482,452,38,2026-07-11
INV0001864,WH004,PRD00034,666,54,2026-07-05
INV0001865,WH004,PRD00691,677,13,2026-07-22
INV0001866,WH004,PRD00980,1089,19,2026-07-28
INV0001867,WH004,PRD00963,437,6,2026-07-13
INV0001868,WH004,PRD00282,613,62,2026-07-20
INV0001869,WH004,PRD00783,74,43,2026-07-14
INV0001870,WH004,PRD00499,874,57,2026-07-19
INV0001871,WH004,PRD00307,745,55,2026-07-30
INV0001872,WH004,PRD00831,343,34,2026-07-14
INV0001873,WH004,PRD00948,1122,27,2026-07-25
INV0001874,WH004,PRD00866,611,33,2026-07-29
INV0001875,WH004,PRD00455,639,48,2026-07-17
INV0001876,WH004,PRD00713,1187,49,2026-07-14
INV0001877,WH004,PRD00510,419,65,2026-07-14
INV0001878,WH004,PRD00545,306,47,2026-07-11
INV0001879,WH004,PRD00744,337,78,2026-07-29
INV0001880,WH004,PRD00039,586,76,2026-07-25
INV0001881,WH004,PRD00967,969,27,2026-07-08
INV0001882,WH004,PRD00568,693,20,2026-07-13
INV0001883,WH004,PRD00751,97,66,2026-07-03
INV0001884,WH004,PRD00664,460,10,2026-07-08
INV0001885,WH004,PRD00035,164,50,2026-07-10
INV0001886,WH004,PRD00776,1054,53,2026-07-18
INV0001887,WH004,PRD00724,540,33,2026-07-08
INV0001888,WH004,PRD00139,917,67,2026-07-19
INV0001889,WH004,PRD00901,1076,57,2026-07-26
INV0001890,WH004,PRD00456,268,0,2026-07-18
INV0001891,WH004,PRD00025,129,68,2026-07-30
INV0001892,WH004,PRD00658,198,51,2026-07-13
INV0001893,WH004,PRD00319,518,32,2026-07-06
INV0001894,WH004,PRD00694,234,70,2026-07-28
INV0001895,WH004,PRD00912,806,77,2026-07-17
INV0001896,WH004,PRD00162,168,64,2026-07-10
INV0001897,WH004,PRD00677,956,7,2026-07-10
INV0001898,WH004,PRD00628,233,43,2026-07-25
INV0001899,WH004,PRD00894,1170,71,2026-07-11
INV0001900,WH004,PRD00558,946,34,2026-07-02
INV0001901,WH004,PRD00363,42,44,2026-07-08
INV0001902,WH004,PRD00098,556,9,2026-07-14
INV0001903,WH004,PRD00390,132,74,2026-07-07
INV0001904,WH004,PRD00976,1199,74,2026-07-23
INV0001905,WH004,PRD00144,1094,40,2026-07-11
INV0001906,WH004,PRD00519,248,15,2026-07-03
INV0001907,WH004,PRD00720,985,36,2026-07-27
INV0001908,WH004,PRD00485,799,10,2026-07-23
INV0001909,WH004,PRD00609,268,18,2026-07-04
INV0001910,WH004,PRD00230,909,39,2026-08-01
INV0001911,WH004,PRD00603,607,45,2026-07-30
INV0001912,WH004,PRD00686,343,21,2026-07-16
INV0001913,WH004,PRD00522,673,64,2026-07-14
INV0001914,WH004,PRD00972,447,58,2026-08-01
INV0001915,WH004,PRD00514,1146,14,2026-07-31
INV0001916,WH004,PRD00462,483,44,2026-07-18
INV0001917,WH004,PRD00438,565,28,2026-07-03
INV0001918,WH004,PRD00998,178,71,2026-07-14
INV0001919,WH004,PRD00641,238,4,2026-08-01
INV0001920,WH004,PRD00684,637,74,2026-07-03
INV0001921,WH004,PRD00362,367,32,2026-07-20
INV0001922,WH004,PRD00410,74,15,2026-07-04
INV0001923,WH004,PRD00386,308,69,2026-07-12
INV0001924,WH004,PRD00926,734,33,2026-07-11
INV0001925,WH004,PRD00673,1166,73,2026-07-09
INV0001926,WH004,PRD00084,937,22,2026-07-20
INV0001927,WH004,PRD01000,466,12,2026-07-12
INV0001928,WH004,PRD00812,685,6,2026-07-16
INV0001929,WH004,PRD00778,146,1,2026-07-15
INV0001930,WH004,PRD00096,890,55,2026-07-18
INV0001931,WH004,PRD00848,108,34,2026-07-03
INV0001932,WH004,PRD00625,264,74,2026-07-21
INV0001933,WH004,PRD00023,919,76,2026-08-01
INV0001934,WH004,PRD00810,436,41,2026-07-24
INV0001935,WH004,PRD00599,94,49,2026-07-24
INV0001936,WH004,PRD00250,306,67,2026-07-27
INV0001937,WH004,PRD00110,455,46,2026-07-14
INV0001938,WH004,PRD00513,1025,35,2026-07-07
INV0001939,WH004,PRD00732,1091,64,2026-07-03
INV0001940,WH004,PRD00601,993,50,2026-07-02
INV0001941,WH004,PRD00930,161,68,2026-07-10
INV0001942,WH004,PRD00421,857,36,2026-07-02
INV0001943,WH004,PRD00178,1061,36,2026-07-30
INV0001944,WH004,PRD00208,359,10,2026-07-28
INV0001945,WH004,PRD00299,487,36,2026-07-14
INV0001946,WH004,PRD00685,777,4,2026-07-21
INV0001947,WH004,PRD00258,418,63,2026-07-31
INV0001948,WH004,PRD00360,802,18,2026-07-18
INV0001949,WH004,PRD00036,293,28,2026-07-22
INV0001950,WH004,PRD00401,285,50,2026-07-24
INV0001951,WH004,PRD00984,429,48,2026-07-30
INV0001952,WH004,PRD00727,227,31,2026-07-05
INV0001953,WH004,PRD00229,1061,68,2026-07-17
INV0001954,WH004,PRD00898,118,41,2026-07-17
INV0001955,WH004,PRD00644,210,55,2026-07-27
INV0001956,WH004,PRD00745,1038,35,2026-07-17
INV0001957,WH004,PRD00215,765,38,2026-07-16
INV0001958,WH004,PRD00987,1009,5,2026-07-09
INV0001959,WH004,PRD00334,107,72,2026-07-19
INV0001960,WH004,PRD00528,522,52,2026-07-29
INV0001961,WH004,PRD00448,546,48,2026-07-14
INV0001962,WH004,PRD00435,572,65,2026-07-25
INV0001963,WH004,PRD00740,1049,80,2026-07-21
INV0001964,WH004,PRD00029,829,5,2026-07-29
INV0001965,WH004,PRD00199,890,54,2026-07-16
INV0001966,WH004,PRD00175,693,70,2026-07-03
INV0001967,WH004,PRD00028,847,58,2026-07-07
INV0001968,WH004,PRD00495,900,67,2026-07-13
INV0001969,WH004,PRD00097,681,29,2026-07-09
INV0001970,WH004,PRD00067,280,39,2026-07-13
INV0001971,WH004,PRD00918,922,43,2026-07-07
INV0001972,WH004,PRD00978,441,78,2026-07-26
INV0001973,WH004,PRD00582,84,29,2026-07-12
INV0001974,WH004,PRD00669,800,9,2026-07-05
INV0001975,WH004,PRD00883,1168,72,2026-07-26
INV0001976,WH004,PRD00656,257,48,2026-07-09
INV0001977,WH004,PRD00876,44,31,2026-07-07
INV0001978,WH004,PRD00498,1109,50,2026-07-29
INV0001979,WH004,PRD00590,760,56,2026-07-04
INV0001980,WH004,PRD00061,584,16,2026-07-05
INV0001981,WH004,PRD00761,387,50,2026-07-15
INV0001982,WH004,PRD00286,408,57,2026-07-09
INV0001983,WH004,PRD00873,1074,1,2026-07-11
INV0001984,WH004,PRD00533,447,57,2026-07-30
INV0001985,WH004,PRD00951,957,9,2026-07-15
INV0001986,WH004,PRD00465,887,41,2026-07-15
INV0001987,WH004,PRD00629,1115,2,2026-07-18
INV0001988,WH004,PRD00450,583,51,2026-07-07
INV0001989,WH004,PRD00445,238,18,2026-07-31
INV0001990,WH004,PRD00830,514,52,2026-07-22
INV0001991,WH004,PRD00147,619,41,2026-07-20
INV0001992,WH004,PRD00683,650,55,2026-07-20
INV0001993,WH004,PRD00015,452,49,2026-07-09
INV0001994,WH004,PRD00979,429,50,2026-07-26
INV0001995,WH004,PRD00583,1130,14,2026-07-26
INV0001996,WH004,PRD00907,292,17,2026-07-04
INV0001997,WH004,PRD00121,360,26,2026-07-05
INV0001998,WH004,PRD00027,119,36,2026-07-02
INV0001999,WH004,PRD00013,374,12,2026-07-31
INV0002000,WH004,PRD00668,472,62,2026-07-13
INV0002001,WH005,PRD00926,1168,70,2026-07-06
INV0002002,WH005,PRD00265,380,3,2026-07-23
INV0002003,WH005,PRD00690,1100,57,2026-07-14
INV0002004,WH005,PRD00787,440,63,2026-07-09
INV0002005,WH005,PRD00752,94,11,2026-07-27
INV0002006,WH005,PRD00348,474,25,2026-07-22
INV0002007,WH005,PRD00010,916,72,2026-07-07
INV0002008,WH005,PRD00775,445,63,2026-07-12
INV0002009,WH005,PRD00806,964,44,2026-07-13
INV0002010,WH005,PRD00839,14,10,2026-07-27
INV0002011,WH005,PRD00125,265,75,2026-07-06
INV0002012,WH005,PRD00524,265,79,2026-07-28
INV0002013,WH005,PRD00008,49,8,2026-07-25
INV0002014,WH005,PRD00294,428,56,2026-08-01
INV0002015,WH005,PRD00185,585,41,2026-07-04
INV0002016,WH005,PRD00729,971,34,2026-07-10
INV0002017,WH005,PRD00707,14,70,2026-07-04
INV0002018,WH005,PRD00465,659,6,2026-07-03
INV0002019,WH005,PRD00508,967,37,2026-07-13
INV0002020,WH005,PRD00086,160,10,2026-07-25
INV0002021,WH005,PRD00088,318,68,2026-07-28
INV0002022,WH005,PRD00407,402,52,2026-07-14
INV0002023,WH005,PRD00078,865,39,2026-07-13
INV0002024,WH005,PRD00266,490,69,2026-07-06
INV0002025,WH005,PRD00157,302,55,2026-07-15
INV0002026,WH005,PRD00546,459,11,2026-07-25
INV0002027,WH005,PRD00656,1123,1,2026-07-10
INV0002028,WH005,PRD00160,39,27,2026-07-02
INV0002029,WH005,PRD00671,511,71,2026-07-26
INV0002030,WH005,PRD00725,481,55,2026-07-09
INV0002031,WH005,PRD00424,933,25,2026-07-02
INV0002032,WH005,PRD00547,828,8,2026-07-23
INV0002033,WH005,PRD00530,127,36,2026-07-17
INV0002034,WH005,PRD00240,847,9,2026-07-13
INV0002035,WH005,PRD00709,590,46,2026-07-04
INV0002036,WH005,PRD00051,861,11,2026-07-04
INV0002037,WH005,PRD00420,654,68,2026-07-29
INV0002038,WH005,PRD00222,1034,14,2026-07-12
INV0002039,WH005,PRD00618,153,1,2026-07-20
INV0002040,WH005,PRD00209,590,19,2026-07-07
INV0002041,WH005,PRD00239,1184,23,2026-07-27
INV0002042,WH005,PRD00376,483,8,2026-07-09
INV0002043,WH005,PRD00384,1004,64,2026-07-14
INV0002044,WH005,PRD00192,702,66,2026-07-14
INV0002045,WH005,PRD00057,430,18,2026-07-31
INV0002046,WH005,PRD00589,131,4,2026-07-11
INV0002047,WH005,PRD00046,1145,76,2026-07-07
INV0002048,WH005,PRD00703,1060,9,2026-07-03
INV0002049,WH005,PRD00102,14,61,2026-07-27
INV0002050,WH005,PRD00345,470,18,2026-07-09
INV0002051,WH005,PRD00054,290,63,2026-07-23
INV0002052,WH005,PRD00276,900,66,2026-07-25
INV0002053,WH005,PRD00171,70,11,2026-07-13
INV0002054,WH005,PRD00129,632,34,2026-07-29
INV0002055,WH005,PRD00441,12,65,2026-07-02
INV0002056,WH005,PRD00087,1097,26,2026-07-23
INV0002057,WH005,PRD00421,551,32,2026-07-28
INV0002058,WH005,PRD00059,694,31,2026-07-17
INV0002059,WH005,PRD00771,597,17,2026-07-24
INV0002060,WH005,PRD00142,614,11,2026-07-07
INV0002061,WH005,PRD00394,1015,64,2026-07-22
INV0002062,WH005,PRD00570,1124,33,2026-07-17
INV0002063,WH005,PRD00950,1022,5,2026-07-28
INV0002064,WH005,PRD00063,440,74,2026-07-28
INV0002065,WH005,PRD00587,1038,24,2026-07-30
INV0002066,WH005,PRD00871,113,77,2026-07-30
INV0002067,WH005,PRD00630,766,56,2026-07-03
INV0002068,WH005,PRD00020,140,76,2026-07-05
INV0002069,WH005,PRD00444,191,1,2026-07-23
INV0002070,WH005,PRD00924,491,75,2026-07-18
INV0002071,WH005,PRD00805,1183,22,2026-07-03
INV0002072,WH005,PRD00576,491,39,2026-07-04
INV0002073,WH005,PRD00313,185,3,2026-07-11
INV0002074,WH005,PRD00412,312,38,2026-07-28
INV0002075,WH005,PRD00687,713,5,2026-07-22
INV0002076,WH005,PRD00994,798,26,2026-07-29
INV0002077,WH005,PRD00861,114,48,2026-07-08
INV0002078,WH005,PRD00650,322,54,2026-07-06
INV0002079,WH005,PRD00847,1147,37,2026-07-23
INV0002080,WH005,PRD00156,135,70,2026-07-18
INV0002081,WH005,PRD00795,958,55,2026-07-06
INV0002082,WH005,PRD00885,1105,78,2026-07-19
INV0002083,WH005,PRD00071,179,60,2026-07-03
INV0002084,WH005,PRD00762,875,68,2026-07-18
INV0002085,WH005,PRD00200,382,72,2026-07-02
INV0002086,WH005,PRD00561,854,16,2026-07-09
INV0002087,WH005,PRD00835,40,38,2026-07-27
INV0002088,WH005,PRD00892,1008,46,2026-07-07
INV0002089,WH005,PRD00355,1118,80,2026-07-30
INV0002090,WH005,PRD00409,118,11,2026-07-10
INV0002091,WH005,PRD00149,632,8,2026-07-31
INV0002092,WH005,PRD00838,59,67,2026-07-09
INV0002093,WH005,PRD00489,307,44,2026-07-03
INV0002094,WH005,PRD00877,366,27,2026-07-31
INV0002095,WH005,PRD00012,792,44,2026-07-29
INV0002096,WH005,PRD00889,237,61,2026-07-19
INV0002097,WH005,PRD00456,1141,20,2026-07-05
INV0002098,WH005,PRD00203,665,15,2026-07-22
INV0002099,WH005,PRD00796,311,64,2026-07-16
INV0002100,WH005,PRD00715,53,5,2026-07-23
INV0002101,WH005,PRD00814,853,3,2026-07-06
INV0002102,WH005,PRD00260,746,35,2026-07-19
INV0002103,WH005,PRD00067,1154,3,2026-07-21
INV0002104,WH005,PRD00866,88,64,2026-07-23
INV0002105,WH005,PRD00534,684,11,2026-07-17
INV0002106,WH005,PRD00776,29,33,2026-07-28
INV0002107,WH005,PRD00933,101,36,2026-07-17
INV0002108,WH005,PRD00109,431,2,2026-07-04
INV0002109,WH005,PRD00056,1072,56,2026-07-15
INV0002110,WH005,PRD00372,1112,56,2026-07-22
INV0002111,WH005,PRD00533,259,49,2026-07-25
INV0002112,WH005,PRD00132,329,21,2026-07-05
INV0002113,WH005,PRD00487,1069,32,2026-07-23
INV0002114,WH005,PRD00366,236,29,2026-07-25
INV0002115,WH005,PRD00223,393,41,2026-07-15
INV0002116,WH005,PRD00654,111,22,2026-07-11
INV0002117,WH005,PRD00528,151,7,2026-07-26
INV0002118,WH005,PRD00034,983,61,2026-08-01
INV0002119,WH005,PRD00228,57,18,2026-07-25
INV0002120,WH005,PRD00945,439,40,2026-07-15
INV0002121,WH005,PRD00473,285,25,2026-07-22
INV0002122,WH005,PRD00960,48,55,2026-07-27
INV0002123,WH005,PRD00984,959,39,2026-07-11
INV0002124,WH005,PRD00439,169,47,2026-07-17
INV0002125,WH005,PRD00617,109,65,2026-07-02
INV0002126,WH005,PRD00940,1087,25,2026-07-27
INV0002127,WH005,PRD00680,1039,50,2026-07-05
INV0002128,WH005,PRD00908,73,33,2026-07-29
INV0002129,WH005,PRD00298,779,12,2026-07-23
INV0002130,WH005,PRD00612,460,43,2026-07-06
INV0002131,WH005,PRD00637,572,28,2026-07-07
INV0002132,WH005,PRD00307,623,74,2026-07-03
INV0002133,WH005,PRD00811,229,64,2026-07-14
INV0002134,WH005,PRD00681,309,39,2026-07-06
INV0002135,WH005,PRD00928,708,40,2026-07-18
INV0002136,WH005,PRD00085,586,53,2026-07-12
INV0002137,WH005,PRD00772,604,29,2026-07-26
INV0002138,WH005,PRD00177,472,7,2026-07-24
INV0002139,WH005,PRD00817,32,27,2026-07-04
INV0002140,WH005,PRD00341,90,43,2026-07-15
INV0002141,WH005,PRD00785,166,64,2026-07-29
INV0002142,WH005,PRD00825,737,65,2026-07-21
INV0002143,WH005,PRD00620,483,43,2026-08-01
INV0002144,WH005,PRD00740,880,16,2026-07-13
INV0002145,WH005,PRD00454,311,46,2026-07-02
INV0002146,WH005,PRD00708,1096,4,2026-07-09
INV0002147,WH005,PRD00537,565,78,2026-07-30
INV0002148,WH005,PRD00026,1166,32,2026-07-08
INV0002149,WH005,PRD00090,491,56,2026-07-03
INV0002150,WH005,PRD00823,401,30,2026-07-26
INV0002151,WH005,PRD00485,137,22,2026-07-06
INV0002152,WH005,PRD00741,419,67,2026-07-20
INV0002153,WH005,PRD00895,722,43,2026-07-20
INV0002154,WH005,PRD00544,1129,43,2026-07-05
INV0002155,WH005,PRD00236,121,20,2026-07-04
INV0002156,WH005,PRD00611,280,1,2026-07-12
INV0002157,WH005,PRD00571,1088,2,2026-07-21
INV0002158,WH005,PRD00550,389,69,2026-07-10
INV0002159,WH005,PRD00830,608,63,2026-07-02
INV0002160,WH005,PRD00602,1180,19,2026-07-18
INV0002161,WH005,PRD00988,756,8,2026-07-26
INV0002162,WH005,PRD00610,377,35,2026-07-20
INV0002163,WH005,PRD00746,666,9,2026-07-15
INV0002164,WH005,PRD00529,386,47,2026-07-04
INV0002165,WH005,PRD00864,203,32,2026-07-19
INV0002166,WH005,PRD00496,232,80,2026-07-27
INV0002167,WH005,PRD00301,91,14,2026-07-09
INV0002168,WH005,PRD00428,543,5,2026-07-09
INV0002169,WH005,PRD00732,928,75,2026-07-04
INV0002170,WH005,PRD00143,1037,28,2026-07-24
INV0002171,WH005,PRD00842,37,0,2026-07-18
INV0002172,WH005,PRD00739,910,9,2026-07-07
INV0002173,WH005,PRD00141,862,80,2026-07-31
INV0002174,WH005,PRD00218,204,3,2026-07-15
INV0002175,WH005,PRD00603,451,14,2026-07-05
INV0002176,WH005,PRD00255,903,30,2026-07-23
INV0002177,WH005,PRD00005,1156,55,2026-07-26
INV0002178,WH005,PRD00848,358,12,2026-07-21
INV0002179,WH005,PRD00107,736,28,2026-07-12
INV0002180,WH005,PRD00821,493,78,2026-07-07
INV0002181,WH005,PRD00017,950,41,2026-07-26
INV0002182,WH005,PRD00257,208,63,2026-07-22
INV0002183,WH005,PRD00127,268,69,2026-07-20
INV0002184,WH005,PRD00749,204,23,2026-07-03
INV0002185,WH005,PRD00318,324,32,2026-08-01
INV0002186,WH005,PRD00829,96,4,2026-07-28
INV0002187,WH005,PRD00859,640,73,2026-07-26
INV0002188,WH005,PRD00890,1011,42,2026-07-05
INV0002189,WH005,PRD00536,1105,10,2026-07-15
INV0002190,WH005,PRD00114,466,43,2026-07-31
INV0002191,WH005,PRD00608,92,23,2026-07-28
INV0002192,WH005,PRD00221,1148,60,2026-07-02
INV0002193,WH005,PRD00792,547,1,2026-07-11
INV0002194,WH005,PRD00962,1086,75,2026-07-17
INV0002195,WH005,PRD00268,761,62,2026-07-10
INV0002196,WH005,PRD00353,1058,33,2026-07-05
INV0002197,WH005,PRD00136,279,29,2026-07-21
INV0002198,WH005,PRD00321,166,80,2026-07-15
INV0002199,WH005,PRD00564,77,20,2026-07-07
INV0002200,WH005,PRD00850,888,39,2026-07-27
INV0002201,WH005,PRD00497,226,38,2026-07-14
INV0002202,WH005,PRD00229,285,68,2026-07-10
INV0002203,WH005,PRD00955,1045,38,2026-07-30
INV0002204,WH005,PRD00622,793,29,2026-07-02
INV0002205,WH005,PRD00623,570,36,2026-07-17
INV0002206,WH005,PRD00287,959,75,2026-07-03
INV0002207,WH005,PRD00649,382,62,2026-07-12
INV0002208,WH005,PRD00693,852,78,2026-07-07
INV0002209,WH005,PRD00197,407,79,2026-07-11
INV0002210,WH005,PRD00467,308,0,2026-07-21
INV0002211,WH005,PRD00306,755,10,2026-07-06
INV0002212,WH005,PRD00326,751,59,2026-08-01
INV0002213,WH005,PRD00502,514,45,2026-07-05
INV0002214,WH005,PRD00918,386,29,2026-08-01
INV0002215,WH005,PRD00066,592,28,2026-07-24
INV0002216,WH005,PRD00638,557,71,2026-07-29
INV0002217,WH005,PRD00450,740,72,2026-07-15
INV0002218,WH005,PRD00788,1047,18,2026-07-10
INV0002219,WH005,PRD00097,796,66,2026-07-17
INV0002220,WH005,PRD00359,599,37,2026-07-25
INV0002221,WH005,PRD00503,489,63,2026-07-03
INV0002222,WH005,PRD00044,422,14,2026-07-24
INV0002223,WH005,PRD00600,23,18,2026-07-13
INV0002224,WH005,PRD00168,43,29,2026-08-01
INV0002225,WH005,PRD00942,103,69,2026-07-29
INV0002226,WH005,PRD00331,15,28,2026-07-13
INV0002227,WH005,PRD00591,185,8,2026-07-29
INV0002228,WH005,PRD00757,613,1,2026-07-17
INV0002229,WH005,PRD00091,705,47,2026-07-14
INV0002230,WH005,PRD00111,958,68,2026-07-07
INV0002231,WH005,PRD00204,894,21,2026-07-30
INV0002232,WH005,PRD00802,852,27,2026-07-24
INV0002233,WH005,PRD00235,1036,39,2026-07-09
INV0002234,WH005,PRD00764,589,29,2026-07-02
INV0002235,WH005,PRD00296,121,42,2026-07-26
INV0002236,WH005,PRD00685,616,33,2026-07-03
INV0002237,WH005,PRD00573,980,43,2026-07-04
INV0002238,WH005,PRD00182,726,2,2026-07-07
INV0002239,WH005,PRD00894,1054,18,2026-07-04
INV0002240,WH005,PRD00701,469,70,2026-07-28
INV0002241,WH005,PRD00173,1081,68,2026-07-15
INV0002242,WH005,PRD00049,199,50,2026-07-30
INV0002243,WH005,PRD00510,477,58,2026-07-12
INV0002244,WH005,PRD00443,174,74,2026-07-04
INV0002245,WH005,PRD00258,669,65,2026-07-15
INV0002246,WH005,PRD00193,59,62,2026-07-25
INV0002247,WH005,PRD00678,293,62,2026-07-29
INV0002248,WH005,PRD00430,629,48,2026-07-25
INV0002249,WH005,PRD00909,714,43,2026-07-23
INV0002250,WH005,PRD00744,291,68,2026-07-23
INV0002251,WH005,PRD00816,890,66,2026-07-06
INV0002252,WH005,PRD00723,848,27,2026-07-08
INV0002253,WH005,PRD00669,1112,56,2026-07-27
INV0002254,WH005,PRD00735,107,26,2026-07-02
INV0002255,WH005,PRD00425,341,25,2026-07-16
INV0002256,WH005,PRD00567,456,19,2026-07-08
INV0002257,WH005,PRD00692,259,61,2026-07-31
INV0002258,WH005,PRD00784,639,78,2026-07-24
INV0002259,WH005,PRD00549,489,17,2026-07-17
INV0002260,WH005,PRD00563,599,3,2026-07-27
INV0002261,WH005,PRD00263,777,45,2026-07-22
INV0002262,WH005,PRD00548,1125,41,2026-07-13
INV0002263,WH005,PRD00423,369,33,2026-07-21
INV0002264,WH005,PRD00770,1146,6,2026-07-27
INV0002265,WH005,PRD00081,482,31,2026-07-29
INV0002266,WH005,PRD00250,59,64,2026-07-29
INV0002267,WH005,PRD00462,1032,45,2026-07-12
INV0002268,WH005,PRD00299,572,68,2026-07-09
INV0002269,WH005,PRD00256,48,41,2026-07-09
INV0002270,WH005,PRD00061,190,32,2026-07-25
INV0002271,WH005,PRD00463,1057,66,2026-07-10
INV0002272,WH005,PRD00007,360,60,2026-07-25
INV0002273,WH005,PRD00210,999,34,2026-07-04
INV0002274,WH005,PRD00083,1184,5,2026-07-14
INV0002275,WH005,PRD00986,1173,33,2026-07-11
INV0002276,WH005,PRD00405,573,63,2026-07-30
INV0002277,WH005,PRD00977,1093,8,2026-07-09
INV0002278,WH005,PRD00579,413,18,2026-07-23
INV0002279,WH005,PRD00360,78,52,2026-07-28
INV0002280,WH005,PRD00262,146,36,2026-07-19
INV0002281,WH005,PRD00216,194,29,2026-07-26
INV0002282,WH005,PRD00841,719,33,2026-07-18
INV0002283,WH005,PRD00368,387,31,2026-07-17
INV0002284,WH005,PRD00836,120,21,2026-07-05
INV0002285,WH005,PRD00635,658,41,2026-07-21
INV0002286,WH005,PRD00419,800,24,2026-07-23
INV0002287,WH005,PRD00187,1125,15,2026-07-04
INV0002288,WH005,PRD00925,543,14,2026-07-05
INV0002289,WH005,PRD00760,723,59,2026-07-18
INV0002290,WH005,PRD00647,226,71,2026-07-31
INV0002291,WH005,PRD00184,921,32,2026-07-14
INV0002292,WH005,PRD00311,276,18,2026-07-08
INV0002293,WH005,PRD00354,386,79,2026-07-06
INV0002294,WH005,PRD00992,878,53,2026-07-21
INV0002295,WH005,PRD00378,279,68,2026-07-12
INV0002296,WH005,PRD00906,748,13,2026-07-12
INV0002297,WH005,PRD00683,530,13,2026-07-14
INV0002298,WH005,PRD00789,0,65,2026-07-08
INV0002299,WH005,PRD00278,369,57,2026-07-24
INV0002300,WH005,PRD00031,649,57,2026-07-24
INV0002301,WH005,PRD00786,764,52,2026-07-21
INV0002302,WH005,PRD00560,1190,77,2026-07-28
INV0002303,WH005,PRD00491,760,2,2026-07-17
INV0002304,WH005,PRD00819,879,24,2026-07-25
INV0002305,WH005,PRD00466,972,29,2026-07-19
INV0002306,WH005,PRD00134,590,25,2026-07-21
INV0002307,WH005,PRD00980,472,63,2026-07-29
INV0002308,WH005,PRD00402,370,12,2026-07-23
INV0002309,WH005,PRD00696,807,31,2026-07-31
INV0002310,WH005,PRD00922,1022,7,2026-07-12
INV0002311,WH005,PRD00023,118,77,2026-07-22
INV0002312,WH005,PRD00194,1086,26,2026-07-07
INV0002313,WH005,PRD00018,42,32,2026-07-27
INV0002314,WH005,PRD00629,1104,50,2026-07-26
INV0002315,WH005,PRD00747,305,30,2026-07-30
INV0002316,WH005,PRD00040,101,22,2026-07-20
INV0002317,WH005,PRD00161,735,40,2026-07-02
INV0002318,WH005,PRD00418,1018,36,2026-07-17
INV0002319,WH005,PRD00312,541,37,2026-07-13
INV0002320,WH005,PRD00883,409,50,2026-07-20
INV0002321,WH005,PRD00981,1004,29,2026-07-22
INV0002322,WH005,PRD00682,294,12,2026-07-20
INV0002323,WH005,PRD00363,32,66,2026-07-25
INV0002324,WH005,PRD00338,610,5,2026-07-27
INV0002325,WH005,PRD00482,1039,75,2026-07-18
INV0002326,WH005,PRD00857,572,0,2026-07-13
INV0002327,WH005,PRD00989,433,74,2026-07-26
INV0002328,WH005,PRD00414,545,78,2026-07-10
INV0002329,WH005,PRD00929,801,35,2026-07-17
INV0002330,WH005,PRD00214,402,46,2026-07-25
INV0002331,WH005,PRD00970,688,49,2026-07-27
INV0002332,WH005,PRD00094,215,41,2026-07-23
INV0002333,WH005,PRD00426,306,53,2026-07-28
INV0002334,WH005,PRD00325,847,58,2026-07-05
INV0002335,WH005,PRD00365,166,67,2026-07-15
INV0002336,WH005,PRD00810,323,52,2026-07-09
INV0002337,WH005,PRD00670,978,7,2026-07-30
INV0002338,WH005,PRD00520,427,55,2026-07-30
INV0002339,WH005,PRD00774,1194,11,2026-07-19
INV0002340,WH005,PRD00822,793,56,2026-07-25
INV0002341,WH005,PRD00290,381,18,2026-07-29
INV0002342,WH005,PRD00261,937,57,2026-07-21
INV0002343,WH005,PRD00238,567,8,2026-07-23
INV0002344,WH005,PRD00319,543,62,2026-07-17
INV0002345,WH005,PRD00700,365,3,2026-07-08
INV0002346,WH005,PRD00583,573,43,2026-07-25
INV0002347,WH005,PRD00793,458,56,2026-07-09
INV0002348,WH005,PRD00478,793,75,2026-07-07
INV0002349,WH005,PRD00403,934,76,2026-07-29
INV0002350,WH005,PRD00959,891,17,2026-07-18
INV0002351,WH005,PRD00718,816,19,2026-07-07
INV0002352,WH005,PRD00053,559,31,2026-07-14
INV0002353,WH005,PRD00449,838,6,2026-07-08
INV0002354,WH005,PRD00039,821,28,2026-07-31
INV0002355,WH005,PRD00470,79,59,2026-07-14
INV0002356,WH005,PRD00653,1086,22,2026-07-26
INV0002357,WH005,PRD00050,442,71,2026-07-14
INV0002358,WH005,PRD00755,156,60,2026-07-16
INV0002359,WH005,PRD00476,1004,26,2026-07-11
INV0002360,WH005,PRD00594,747,53,2026-07-25
INV0002361,WH005,PRD00089,379,9,2026-07-29
INV0002362,WH005,PRD00983,1031,58,2026-07-15
INV0002363,WH005,PRD00627,211,49,2026-07-28
INV0002364,WH005,PRD00073,784,73,2026-07-16
INV0002365,WH005,PRD00914,977,56,2026-07-25
INV0002366,WH005,PRD00891,672,14,2026-07-03
INV0002367,WH005,PRD00499,98,45,2026-07-05
INV0002368,WH005,PRD00963,946,27,2026-07-23
INV0002369,WH005,PRD00019,614,52,2026-07-16
INV0002370,WH005,PRD00985,702,0,2026-07-31
INV0002371,WH005,PRD00568,602,57,2026-07-13
INV0002372,WH005,PRD00254,534,58,2026-07-08
INV0002373,WH005,PRD00969,335,74,2026-07-25
INV0002374,WH005,PRD00440,816,12,2026-07-20
INV0002375,WH005,PRD00522,842,19,2026-07-03
INV0002376,WH005,PRD00201,83,69,2026-07-18
INV0002377,WH005,PRD00834,1174,16,2026-07-14
INV0002378,WH005,PRD00582,806,69,2026-07-04
INV0002379,WH005,PRD00472,784,29,2026-07-12
INV0002380,WH005,PRD00483,874,62,2026-07-18
INV0002381,WH005,PRD00343,875,29,2026-07-13
INV0002382,WH005,PRD00916,768,49,2026-07-25
INV0002383,WH005,PRD00783,762,16,2026-07-17
INV0002384,WH005,PRD00721,488,51,2026-08-01
INV0002385,WH005,PRD00997,37,57,2026-07-21
INV0002386,WH005,PRD00919,753,1,2026-07-24
INV0002387,WH005,PRD00206,18,71,2026-07-24
INV0002388,WH005,PRD00717,233,25,2026-07-02
INV0002389,WH005,PRD00146,1045,29,2026-07-08
INV0002390,WH005,PRD00586,1025,73,2026-07-31
INV0002391,WH005,PRD00852,200,8,2026-07-18
INV0002392,WH005,PRD00234,649,19,2026-07-07
INV0002393,WH005,PRD00486,1114,16,2026-08-01
INV0002394,WH005,PRD00517,960,76,2026-08-01
INV0002395,WH005,PRD00180,1018,61,2026-07-05
INV0002396,WH005,PRD00750,1189,64,2026-07-09
INV0002397,WH005,PRD00711,1099,51,2026-07-29
INV0002398,WH005,PRD00408,1057,22,2026-07-21
INV0002399,WH005,PRD00794,848,8,2026-07-19
INV0002400,WH005,PRD00944,873,33,2026-07-31
INV0002401,WH005,PRD00484,350,70,2026-07-12
INV0002402,WH005,PRD00782,7,16,2026-07-04
INV0002403,WH005,PRD00364,1148,3,2026-07-28
INV0002404,WH005,PRD00084,349,22,2026-07-11
INV0002405,WH005,PRD00105,616,37,2026-07-06
INV0002406,WH005,PRD00022,794,55,2026-07-30
INV0002407,WH005,PRD00123,846,41,2026-07-30
INV0002408,WH005,PRD00213,968,46,2026-07-15
INV0002409,WH005,PRD00513,886,50,2026-07-19
INV0002410,WH005,PRD00695,375,51,2026-07-21
INV0002411,WH005,PRD00362,1019,6,2026-07-23
INV0002412,WH005,PRD00662,447,69,2026-07-07
INV0002413,WH005,PRD00523,1085,25,2026-07-26
INV0002414,WH005,PRD00921,1169,22,2026-07-26
INV0002415,WH005,PRD00663,1069,33,2026-08-01
INV0002416,WH005,PRD00324,1183,15,2026-07-27
INV0002417,WH005,PRD00552,809,76,2026-07-30
INV0002418,WH005,PRD00043,932,51,2026-07-08
INV0002419,WH005,PRD00147,521,73,2026-07-15
INV0002420,WH005,PRD00417,748,57,2026-07-18
INV0002421,WH005,PRD00135,607,21,2026-07-18
INV0002422,WH005,PRD00820,429,40,2026-07-14
INV0002423,WH005,PRD00566,1132,33,2026-07-02
INV0002424,WH005,PRD00385,113,58,2026-08-01
INV0002425,WH005,PRD00554,659,38,2026-07-18
INV0002426,WH005,PRD00912,316,6,2026-07-08
INV0002427,WH005,PRD00539,273,55,2026-07-24
INV0002428,WH005,PRD00286,795,41,2026-07-07
INV0002429,WH005,PRD00917,290,75,2026-07-02
INV0002430,WH005,PRD00469,845,58,2026-07-10
INV0002431,WH005,PRD00699,514,60,2026-07-29
INV0002432,WH005,PRD00172,1026,77,2026-07-06
INV0002433,WH005,PRD00014,159,54,2026-07-19
INV0002434,WH005,PRD00578,1107,5,2026-07-17
INV0002435,WH005,PRD00282,475,14,2026-07-09
INV0002436,WH005,PRD00080,94,3,2026-07-03
INV0002437,WH005,PRD00768,162,57,2026-07-14
INV0002438,WH005,PRD00827,964,60,2026-07-20
INV0002439,WH005,PRD00731,784,5,2026-07-31
INV0002440,WH005,PRD00383,366,20,2026-08-01
INV0002441,WH005,PRD00253,50,31,2026-07-10
INV0002442,WH005,PRD00514,880,39,2026-07-08
INV0002443,WH005,PRD00386,267,27,2026-07-16
INV0002444,WH005,PRD00415,341,17,2026-07-25
INV0002445,WH005,PRD00855,703,40,2026-07-27
INV0002446,WH005,PRD00798,288,3,2026-07-13
INV0002447,WH005,PRD00145,636,12,2026-07-27
INV0002448,WH005,PRD00706,532,43,2026-07-12
INV0002449,WH005,PRD00710,822,23,2026-07-12
INV0002450,WH005,PRD00923,222,18,2026-07-09
INV0002451,WH005,PRD00175,47,21,2026-07-21
INV0002452,WH005,PRD00999,528,3,2026-07-14
INV0002453,WH005,PRD00458,517,13,2026-07-30
INV0002454,WH005,PRD00048,387,72,2026-07-07
INV0002455,WH005,PRD00003,824,42,2026-07-24
INV0002456,WH005,PRD00367,712,20,2026-07-22
INV0002457,WH005,PRD00494,641,12,2026-07-18
INV0002458,WH005,PRD00404,797,40,2026-07-19
INV0002459,WH005,PRD00279,1147,28,2026-07-19
INV0002460,WH005,PRD00162,620,77,2026-07-02
INV0002461,WH005,PRD00934,662,3,2026-07-06
INV0002462,WH005,PRD00159,361,52,2026-07-28
INV0002463,WH005,PRD00248,1047,78,2026-07-07
INV0002464,WH005,PRD00596,987,47,2026-07-11
INV0002465,WH005,PRD00888,1005,19,2026-07-31
INV0002466,WH005,PRD00068,392,12,2026-07-23
INV0002467,WH005,PRD00778,402,1,2026-07-20
INV0002468,WH005,PRD00937,207,38,2026-07-25
INV0002469,WH005,PRD00036,363,65,2026-07-16
INV0002470,WH005,PRD00316,749,67,2026-07-14
INV0002471,WH005,PRD00211,593,57,2026-07-31
INV0002472,WH005,PRD00373,1193,2,2026-07-19
INV0002473,WH005,PRD00437,1178,70,2026-07-29
INV0002474,WH005,PRD00178,1130,72,2026-07-28
INV0002475,WH005,PRD00493,456,60,2026-07-30
INV0002476,WH005,PRD00515,122,33,2026-07-23
INV0002477,WH005,PRD00104,1184,7,2026-07-17
INV0002478,WH005,PRD00527,196,13,2026-07-25
INV0002479,WH005,PRD00388,864,32,2026-07-19
INV0002480,WH005,PRD00901,1106,78,2026-07-31
INV0002481,WH005,PRD00150,788,68,2026-07-04
INV0002482,WH005,PRD00334,1080,59,2026-07-16
INV0002483,WH005,PRD00151,643,68,2026-07-03
INV0002484,WH005,PRD00300,52,24,2026-07-13
INV0002485,WH005,PRD00237,205,18,2026-07-12
INV0002486,WH005,PRD00165,943,61,2026-07-13
INV0002487,WH005,PRD00351,76,43,2026-07-26
INV0002488,WH005,PRD00728,1108,63,2026-07-22
INV0002489,WH005,PRD00323,155,64,2026-07-10
INV0002490,WH005,PRD00191,698,27,2026-07-09
INV0002491,WH005,PRD00660,515,23,2026-07-06
INV0002492,WH005,PRD00021,1182,57,2026-07-12
INV0002493,WH005,PRD00557,110,29,2026-07-14
INV0002494,WH005,PRD00181,947,63,2026-07-26
INV0002495,WH005,PRD00233,475,65,2026-08-01
INV0002496,WH005,PRD00738,62,32,2026-07-04
INV0002497,WH005,PRD00347,185,32,2026-07-11
INV0002498,WH005,PRD00295,396,21,2026-07-12
INV0002499,WH005,PRD00332,855,78,2026-07-04
INV0002500,WH005,PRD00646,639,38,2026-07-29
INV0002501,WH006,PRD00156,540,17,2026-07-02
INV0002502,WH006,PRD00164,420,18,2026-07-03
INV0002503,WH006,PRD00314,28,4,2026-07-04
INV0002504,WH006,PRD00456,1129,49,2026-07-21
INV0002505,WH006,PRD00350,1119,48,2026-07-27
INV0002506,WH006,PRD00289,389,28,2026-07-24
INV0002507,WH006,PRD00643,1150,62,2026-07-16
INV0002508,WH006,PRD00291,137,78,2026-07-25
INV0002509,WH006,PRD00189,611,21,2026-07-04
INV0002510,WH006,PRD00894,190,8,2026-07-04
INV0002511,WH006,PRD00542,583,56,2026-07-12
INV0002512,WH006,PRD00892,578,50,2026-07-18
INV0002513,WH006,PRD00348,644,62,2026-07-25
INV0002514,WH006,PRD00559,346,40,2026-07-30
INV0002515,WH006,PRD00495,512,13,2026-07-22
INV0002516,WH006,PRD00166,859,8,2026-07-18
INV0002517,WH006,PRD00225,388,11,2026-07-27
INV0002518,WH006,PRD00987,573,28,2026-07-28
INV0002519,WH006,PRD00037,237,74,2026-07-18
INV0002520,WH006,PRD00943,1172,19,2026-07-24
INV0002521,WH006,PRD00465,970,51,2026-07-29
INV0002522,WH006,PRD00268,947,35,2026-07-31
INV0002523,WH006,PRD00781,467,41,2026-07-12
INV0002524,WH006,PRD00318,418,4,2026-07-31
INV0002525,WH006,PRD00454,680,49,2026-07-16
INV0002526,WH006,PRD00429,554,15,2026-07-05
INV0002527,WH006,PRD00829,919,19,2026-07-17
INV0002528,WH006,PRD00142,430,34,2026-07-31
INV0002529,WH006,PRD00157,800,72,2026-07-06
INV0002530,WH006,PRD00021,1004,42,2026-07-24
INV0002531,WH006,PRD00199,239,29,2026-07-08
INV0002532,WH006,PRD00915,372,49,2026-07-26
INV0002533,WH006,PRD00939,11,13,2026-07-07
INV0002534,WH006,PRD00136,655,7,2026-07-03
INV0002535,WH006,PRD00134,1129,74,2026-07-28
INV0002536,WH006,PRD00170,269,78,2026-07-16
INV0002537,WH006,PRD00969,413,5,2026-07-14
INV0002538,WH006,PRD00018,310,18,2026-07-30
INV0002539,WH006,PRD00791,459,26,2026-07-04
INV0002540,WH006,PRD00908,951,3,2026-07-24
INV0002541,WH006,PRD00221,659,5,2026-07-26
INV0002542,WH006,PRD00162,1053,52,2026-08-01
INV0002543,WH006,PRD00971,1016,21,2026-07-13
INV0002544,WH006,PRD00151,611,24,2026-07-31
INV0002545,WH006,PRD00482,840,17,2026-07-16
INV0002546,WH006,PRD00453,936,24,2026-07-08
INV0002547,WH006,PRD00093,561,42,2026-07-29
INV0002548,WH006,PRD00676,283,73,2026-07-21
INV0002549,WH006,PRD00480,239,78,2026-07-18
INV0002550,WH006,PRD00256,298,68,2026-07-09
INV0002551,WH006,PRD00670,687,42,2026-07-15
INV0002552,WH006,PRD00843,785,63,2026-07-13
INV0002553,WH006,PRD00432,495,15,2026-07-20
INV0002554,WH006,PRD00472,81,19,2026-07-17
INV0002555,WH006,PRD00927,1050,54,2026-07-26
INV0002556,WH006,PRD00788,606,68,2026-07-03
INV0002557,WH006,PRD00935,903,53,2026-07-08
INV0002558,WH006,PRD00331,740,50,2026-07-03
INV0002559,WH006,PRD00507,195,17,2026-07-16
INV0002560,WH006,PRD00339,113,52,2026-07-13
INV0002561,WH006,PRD00907,713,40,2026-07-07
INV0002562,WH006,PRD00089,323,15,2026-07-29
INV0002563,WH006,PRD00434,72,76,2026-07-08
INV0002564,WH006,PRD00901,678,27,2026-07-30
INV0002565,WH006,PRD00436,814,14,2026-07-22
INV0002566,WH006,PRD00068,783,50,2026-07-17
INV0002567,WH006,PRD00063,1133,43,2026-07-13
INV0002568,WH006,PRD00342,908,13,2026-07-26
INV0002569,WH006,PRD00602,549,9,2026-07-29
INV0002570,WH006,PRD00492,267,77,2026-07-28
INV0002571,WH006,PRD00552,1098,66,2026-07-30
INV0002572,WH006,PRD00706,17,34,2026-07-27
INV0002573,WH006,PRD00124,435,70,2026-07-12
INV0002574,WH006,PRD00699,664,80,2026-07-27
INV0002575,WH006,PRD00962,519,57,2026-07-13
INV0002576,WH006,PRD00648,819,40,2026-07-10
INV0002577,WH006,PRD00010,732,37,2026-07-02
INV0002578,WH006,PRD00764,727,5,2026-07-07
INV0002579,WH006,PRD00610,1026,41,2026-07-22
INV0002580,WH006,PRD00430,534,69,2026-07-16
INV0002581,WH006,PRD00274,687,76,2026-07-16
INV0002582,WH006,PRD00092,89,49,2026-07-14
INV0002583,WH006,PRD00065,103,39,2026-07-25
INV0002584,WH006,PRD00075,1186,70,2026-07-17
INV0002585,WH006,PRD00123,1054,67,2026-07-15
INV0002586,WH006,PRD00379,1184,73,2026-07-23
INV0002587,WH006,PRD00636,1115,38,2026-07-08
INV0002588,WH006,PRD00467,573,0,2026-07-20
INV0002589,WH006,PRD00375,79,18,2026-07-07
INV0002590,WH006,PRD00088,794,74,2026-07-08
INV0002591,WH006,PRD00880,71,73,2026-07-12
INV0002592,WH006,PRD00519,749,76,2026-07-23
INV0002593,WH006,PRD00058,99,44,2026-07-11
INV0002594,WH006,PRD00992,271,13,2026-07-14
INV0002595,WH006,PRD00106,1078,73,2026-07-13
INV0002596,WH006,PRD00367,37,23,2026-07-03
INV0002597,WH006,PRD00208,1,63,2026-07-18
INV0002598,WH006,PRD00025,1021,24,2026-07-31
INV0002599,WH006,PRD00228,1091,64,2026-07-04
INV0002600,WH006,PRD00396,185,42,2026-07-25
INV0002601,WH006,PRD00957,40,20,2026-07-14
INV0002602,WH006,PRD00940,451,26,2026-07-26
INV0002603,WH006,PRD00595,793,59,2026-07-18
INV0002604,WH006,PRD00711,124,44,2026-07-28
INV0002605,WH006,PRD00572,1155,63,2026-07-14
INV0002606,WH006,PRD00782,279,45,2026-07-25
INV0002607,WH006,PRD00994,1107,39,2026-07-29
INV0002608,WH006,PRD00303,295,57,2026-07-14
INV0002609,WH006,PRD00335,212,28,2026-07-28
INV0002610,WH006,PRD00184,765,28,2026-07-03
INV0002611,WH006,PRD00632,509,17,2026-07-10
INV0002612,WH006,PRD00812,732,66,2026-07-08
INV0002613,WH006,PRD00132,1148,65,2026-07-07
INV0002614,WH006,PRD00126,532,2,2026-07-23
INV0002615,WH006,PRD00811,161,54,2026-07-27
INV0002616,WH006,PRD00883,995,35,2026-07-27
INV0002617,WH006,PRD00758,280,12,2026-07-28
INV0002618,WH006,PRD00282,229,11,2026-07-09
INV0002619,WH006,PRD00533,667,38,2026-07-12
INV0002620,WH006,PRD00287,556,39,2026-07-12
INV0002621,WH006,PRD00168,1053,44,2026-08-01
INV0002622,WH006,PRD00998,298,38,2026-07-08
INV0002623,WH006,PRD00548,834,9,2026-08-01
INV0002624,WH006,PRD00608,144,49,2026-07-06
INV0002625,WH006,PRD00523,1093,11,2026-07-04
INV0002626,WH006,PRD00448,7,63,2026-07-29
INV0002627,WH006,PRD00606,505,61,2026-07-17
INV0002628,WH006,PRD00592,1188,62,2026-07-25
INV0002629,WH006,PRD00627,30,79,2026-07-12
INV0002630,WH006,PRD00013,685,12,2026-07-10
INV0002631,WH006,PRD00064,621,50,2026-08-01
INV0002632,WH006,PRD00778,915,24,2026-07-05
INV0002633,WH006,PRD00703,1010,22,2026-07-31
INV0002634,WH006,PRD00875,630,5,2026-07-25
INV0002635,WH006,PRD00175,364,38,2026-08-01
INV0002636,WH006,PRD00813,581,38,2026-07-03
INV0002637,WH006,PRD00239,41,13,2026-07-27
INV0002638,WH006,PRD00571,154,56,2026-07-15
INV0002639,WH006,PRD00515,701,54,2026-07-02
INV0002640,WH006,PRD00777,420,39,2026-07-26
INV0002641,WH006,PRD00785,819,8,2026-07-24
INV0002642,WH006,PRD00084,690,46,2026-07-06
INV0002643,WH006,PRD00332,66,10,2026-07-27
INV0002644,WH006,PRD00328,32,32,2026-07-25
INV0002645,WH006,PRD00646,169,20,2026-07-16
INV0002646,WH006,PRD00855,890,68,2026-07-05
INV0002647,WH006,PRD00679,870,54,2026-07-18
INV0002648,WH006,PRD00298,898,44,2026-07-20
INV0002649,WH006,PRD00320,601,51,2026-07-04
INV0002650,WH006,PRD00557,1027,25,2026-07-20
INV0002651,WH006,PRD00403,495,26,2026-07-08
INV0002652,WH006,PRD00283,308,4,2026-07-14
INV0002653,WH006,PRD00061,578,66,2026-07-09
INV0002654,WH006,PRD00072,193,52,2026-07-16
INV0002655,WH006,PRD00958,726,24,2026-07-30
INV0002656,WH006,PRD00390,1192,74,2026-07-11
INV0002657,WH006,PRD00056,3,67,2026-07-17
INV0002658,WH006,PRD00473,68,8,2026-07-08
INV0002659,WH006,PRD00734,623,48,2026-07-29
INV0002660,WH006,PRD00669,1055,60,2026-07-04
INV0002661,WH006,PRD00059,116,80,2026-07-10
INV0002662,WH006,PRD00129,335,60,2026-07-10
INV0002663,WH006,PRD00831,467,79,2026-07-28
INV0002664,WH006,PRD00387,545,49,2026-07-18
INV0002665,WH006,PRD00532,1102,29,2026-07-30
INV0002666,WH006,PRD00392,624,49,2026-07-24
INV0002667,WH006,PRD00305,322,42,2026-07-08
INV0002668,WH006,PRD00581,59,65,2026-07-07
INV0002669,WH006,PRD00095,1059,22,2026-07-25
INV0002670,WH006,PRD00884,289,33,2026-07-12
INV0002671,WH006,PRD00295,406,79,2026-07-19
INV0002672,WH006,PRD00005,1169,55,2026-07-05
INV0002673,WH006,PRD00903,624,57,2026-07-11
INV0002674,WH006,PRD00570,1004,27,2026-07-02
INV0002675,WH006,PRD00041,304,31,2026-07-17
INV0002676,WH006,PRD00937,321,32,2026-07-05
INV0002677,WH006,PRD00748,337,77,2026-07-27
INV0002678,WH006,PRD00112,177,31,2026-07-25
INV0002679,WH006,PRD00763,283,39,2026-07-02
INV0002680,WH006,PRD00191,10,50,2026-07-30
INV0002681,WH006,PRD00181,1058,51,2026-07-11
INV0002682,WH006,PRD00439,591,51,2026-08-01
INV0002683,WH006,PRD00527,732,50,2026-07-14
INV0002684,WH006,PRD00588,306,57,2026-07-24
INV0002685,WH006,PRD00066,759,3,2026-07-03
INV0002686,WH006,PRD00261,750,52,2026-07-13
INV0002687,WH006,PRD00045,734,67,2026-07-27
INV0002688,WH006,PRD00438,783,10,2026-07-03
INV0002689,WH006,PRD00506,879,74,2026-07-29
INV0002690,WH006,PRD00580,408,35,2026-07-02
INV0002691,WH006,PRD00535,455,80,2026-07-08
INV0002692,WH006,PRD00272,1069,9,2026-07-28
INV0002693,WH006,PRD00032,694,71,2026-07-03
INV0002694,WH006,PRD00276,96,23,2026-07-22
INV0002695,WH006,PRD00658,802,21,2026-07-30
INV0002696,WH006,PRD00638,906,34,2026-07-17
INV0002697,WH006,PRD00642,892,6,2026-07-23
INV0002698,WH006,PRD00835,608,7,2026-07-23
INV0002699,WH006,PRD00689,301,34,2026-07-29
INV0002700,WH006,PRD00354,591,18,2026-07-10
INV0002701,WH006,PRD00832,852,40,2026-07-20
INV0002702,WH006,PRD00509,317,54,2026-07-30
INV0002703,WH006,PRD00288,809,7,2026-07-24
INV0002704,WH006,PRD00647,827,38,2026-07-25
INV0002705,WH006,PRD00924,54,3,2026-07-18
INV0002706,WH006,PRD00584,328,39,2026-07-18
INV0002707,WH006,PRD00414,805,49,2026-07-10
INV0002708,WH006,PRD00427,20,45,2026-07-08
INV0002709,WH006,PRD00959,446,9,2026-07-06
INV0002710,WH006,PRD00347,446,78,2026-07-10
INV0002711,WH006,PRD00558,984,67,2026-07-26
INV0002712,WH006,PRD00230,946,36,2026-07-17
INV0002713,WH006,PRD00397,770,48,2026-07-07
INV0002714,WH006,PRD00759,459,63,2026-07-17
INV0002715,WH006,PRD00107,986,23,2026-07-23
INV0002716,WH006,PRD00145,360,32,2026-07-27
INV0002717,WH006,PRD00773,988,65,2026-07-23
INV0002718,WH006,PRD00712,147,22,2026-07-05
INV0002719,WH006,PRD00914,1103,62,2026-07-12
INV0002720,WH006,PRD00016,844,13,2026-07-28
INV0002721,WH006,PRD00078,1033,18,2026-07-19
INV0002722,WH006,PRD00486,216,20,2026-07-24
INV0002723,WH006,PRD00312,1194,78,2026-07-05
INV0002724,WH006,PRD00656,1133,59,2026-07-18
INV0002725,WH006,PRD00094,1161,76,2026-07-05
INV0002726,WH006,PRD00466,586,64,2026-07-30
INV0002727,WH006,PRD00271,1193,39,2026-07-10
INV0002728,WH006,PRD00165,76,52,2026-07-10
INV0002729,WH006,PRD00292,1129,15,2026-07-27
INV0002730,WH006,PRD00246,938,44,2026-07-20
INV0002731,WH006,PRD00756,184,1,2026-07-23
INV0002732,WH006,PRD00808,75,71,2026-07-19
INV0002733,WH006,PRD00902,967,24,2026-07-28
INV0002734,WH006,PRD00474,662,66,2026-07-03
INV0002735,WH006,PRD00243,804,64,2026-07-02
INV0002736,WH006,PRD00968,545,66,2026-07-30
INV0002737,WH006,PRD00286,61,48,2026-07-05
INV0002738,WH006,PRD00787,327,35,2026-07-18
INV0002739,WH006,PRD00028,152,49,2026-07-21
INV0002740,WH006,PRD00141,802,78,2026-07-26
INV0002741,WH006,PRD00494,1096,53,2026-07-04
INV0002742,WH006,PRD00918,649,8,2026-07-03
INV0002743,WH006,PRD00741,373,3,2026-07-22
INV0002744,WH006,PRD00539,538,14,2026-07-21
INV0002745,WH006,PRD00805,263,64,2026-08-01
INV0002746,WH006,PRD00804,990,64,2026-07-19
INV0002747,WH006,PRD00422,613,59,2026-07-08
INV0002748,WH006,PRD00423,990,0,2026-07-29
INV0002749,WH006,PRD00724,860,74,2026-07-20
INV0002750,WH006,PRD00649,283,2,2026-07-04
INV0002751,WH006,PRD00012,309,30,2026-07-26
INV0002752,WH006,PRD00932,778,16,2026-07-17
INV0002753,WH006,PRD00569,62,51,2026-07-21
INV0002754,WH006,PRD00147,499,71,2026-07-30
INV0002755,WH006,PRD00418,426,60,2026-07-15
INV0002756,WH006,PRD00923,677,49,2026-07-10
INV0002757,WH006,PRD00155,281,25,2026-07-22
INV0002758,WH006,PRD00341,603,28,2026-07-21
INV0002759,WH006,PRD00442,138,20,2026-07-14
INV0002760,WH006,PRD00452,39,39,2026-07-21
INV0002761,WH006,PRD00458,1116,72,2026-07-07
INV0002762,WH006,PRD00838,851,28,2026-07-10
INV0002763,WH006,PRD00737,1129,45,2026-07-06
INV0002764,WH006,PRD00960,745,17,2026-07-23
INV0002765,WH006,PRD00009,98,43,2026-07-05
INV0002766,WH006,PRD00921,80,7,2026-07-24
INV0002767,WH006,PRD00389,647,11,2026-07-09
INV0002768,WH006,PRD00972,44,51,2026-07-12
INV0002769,WH006,PRD00457,780,52,2026-08-01
INV0002770,WH006,PRD00373,764,71,2026-07-16
INV0002771,WH006,PRD00719,90,74,2026-07-22
INV0002772,WH006,PRD00077,1164,20,2026-07-12
INV0002773,WH006,PRD00854,534,27,2026-07-14
INV0002774,WH006,PRD00327,1031,10,2026-07-22
INV0002775,WH006,PRD00725,1078,80,2026-07-16
INV0002776,WH006,PRD00739,504,20,2026-07-28
INV0002777,WH006,PRD00798,767,62,2026-07-31
INV0002778,WH006,PRD00674,345,14,2026-07-29
INV0002779,WH006,PRD00285,843,69,2026-07-09
INV0002780,WH006,PRD00521,799,51,2026-07-11
INV0002781,WH006,PRD00612,88,20,2026-07-06
INV0002782,WH006,PRD00573,1103,77,2026-07-11
INV0002783,WH006,PRD00265,372,67,2026-07-04
INV0002784,WH006,PRD00522,191,32,2026-07-13
INV0002785,WH006,PRD00583,1036,77,2026-07-20
INV0002786,WH006,PRD00769,716,55,2026-07-05
INV0002787,WH006,PRD00015,193,61,2026-07-15
INV0002788,WH006,PRD00232,226,46,2026-07-24
INV0002789,WH006,PRD00400,1131,24,2026-07-02
INV0002790,WH006,PRD00626,786,11,2026-07-09
INV0002791,WH006,PRD00952,141,40,2026-07-25
INV0002792,WH006,PRD00917,1142,28,2026-07-25
INV0002793,WH006,PRD00882,773,49,2026-07-08
INV0002794,WH006,PRD00240,625,36,2026-07-14
INV0002795,WH006,PRD00370,402,36,2026-07-18
INV0002796,WH006,PRD00682,577,29,2026-07-31
INV0002797,WH006,PRD00974,476,37,2026-07-12
INV0002798,WH006,PRD00961,290,55,2026-07-02
INV0002799,WH006,PRD00896,953,70,2026-07-09
INV0002800,WH006,PRD00233,549,43,2026-07-07
INV0002801,WH006,PRD00966,810,55,2026-07-09
INV0002802,WH006,PRD00363,132,13,2026-07-08
INV0002803,WH006,PRD00853,673,44,2026-07-20
INV0002804,WH006,PRD00125,1151,9,2026-07-04
INV0002805,WH006,PRD00911,837,0,2026-07-13
INV0002806,WH006,PRD00406,784,39,2026-07-11
INV0002807,WH006,PRD00382,117,47,2026-07-18
INV0002808,WH006,PRD00912,1047,63,2026-07-05
INV0002809,WH006,PRD00768,876,53,2026-08-01
INV0002810,WH006,PRD00210,155,60,2026-07-03
INV0002811,WH006,PRD00603,1115,20,2026-07-11
INV0002812,WH006,PRD00349,780,12,2026-07-05
INV0002813,WH006,PRD00121,582,80,2026-07-17
INV0002814,WH006,PRD00895,465,2,2026-07-18
INV0002815,WH006,PRD00956,598,69,2026-07-09
INV0002816,WH006,PRD00704,58,19,2026-07-18
INV0002817,WH006,PRD00528,1019,17,2026-07-02
INV0002818,WH006,PRD00836,1016,25,2026-08-01
INV0002819,WH006,PRD00029,229,75,2026-07-04
INV0002820,WH006,PRD00625,875,79,2026-07-07
INV0002821,WH006,PRD00308,1197,39,2026-07-20
INV0002822,WH006,PRD00546,763,19,2026-07-29
INV0002823,WH006,PRD00253,973,37,2026-07-05
INV0002824,WH006,PRD00662,761,50,2026-07-22
INV0002825,WH006,PRD00475,1138,74,2026-07-03
INV0002826,WH006,PRD00167,1118,68,2026-07-24
INV0002827,WH006,PRD00214,400,70,2026-07-19
INV0002828,WH006,PRD00617,1151,37,2026-07-06
INV0002829,WH006,PRD00329,621,28,2026-07-10
INV0002830,WH006,PRD00934,1141,2,2026-07-11
INV0002831,WH006,PRD00728,802,66,2026-07-24
INV0002832,WH006,PRD00579,217,38,2026-07-21
INV0002833,WH006,PRD00469,954,73,2026-07-21
INV0002834,WH006,PRD00086,711,58,2026-07-26
INV0002835,WH006,PRD00654,1132,8,2026-07-22
INV0002836,WH006,PRD00628,868,57,2026-07-14
INV0002837,WH006,PRD00818,960,16,2026-07-16
INV0002838,WH006,PRD00491,164,44,2026-07-03
INV0002839,WH006,PRD00738,869,10,2026-07-26
INV0002840,WH006,PRD00111,43,16,2026-07-07
INV0002841,WH006,PRD00731,464,20,2026-07-07
INV0002842,WH006,PRD00933,985,51,2026-07-26
INV0002843,WH006,PRD00238,184,50,2026-07-10
INV0002844,WH006,PRD00280,581,77,2026-07-17
INV0002845,WH006,PRD00441,422,73,2026-07-18
INV0002846,WH006,PRD00681,805,66,2026-07-18
INV0002847,WH006,PRD00148,785,46,2026-07-14
INV0002848,WH006,PRD00322,836,37,2026-07-05
INV0002849,WH006,PRD00752,1023,13,2026-07-15
INV0002850,WH006,PRD00116,164,61,2026-07-21
INV0002851,WH006,PRD00890,464,34,2026-07-31
INV0002852,WH006,PRD00789,1189,55,2026-07-29
INV0002853,WH006,PRD00174,1176,79,2026-07-18
INV0002854,WH006,PRD00990,704,14,2026-07-30
INV0002855,WH006,PRD00468,994,40,2026-07-19
INV0002856,WH006,PRD00490,446,36,2026-07-06
INV0002857,WH006,PRD00905,572,7,2026-07-19
INV0002858,WH006,PRD00929,102,19,2026-07-29
INV0002859,WH006,PRD00641,71,75,2026-07-29
INV0002860,WH006,PRD00464,784,23,2026-07-19
INV0002861,WH006,PRD00031,850,79,2026-07-02
INV0002862,WH006,PRD00973,859,61,2026-07-27
INV0002863,WH006,PRD00631,931,64,2026-07-10
INV0002864,WH006,PRD00809,489,27,2026-07-27
INV0002865,WH006,PRD00204,364,48,2026-07-03
INV0002866,WH006,PRD00524,425,62,2026-07-26
INV0002867,WH006,PRD00034,133,72,2026-07-19
INV0002868,WH006,PRD00928,1058,22,2026-07-23
INV0002869,WH006,PRD00496,396,53,2026-07-14
INV0002870,WH006,PRD00976,1024,9,2026-07-08
INV0002871,WH006,PRD00368,258,5,2026-07-31
INV0002872,WH006,PRD00096,881,60,2026-07-15
INV0002873,WH006,PRD00645,919,20,2026-07-19
INV0002874,WH006,PRD00211,939,15,2026-07-21
INV0002875,WH006,PRD00371,864,74,2026-07-30
INV0002876,WH006,PRD00714,617,59,2026-07-07
INV0002877,WH006,PRD00877,30,9,2026-07-27
INV0002878,WH006,PRD00236,1112,27,2026-07-02
INV0002879,WH006,PRD00508,523,45,2026-07-23
INV0002880,WH006,PRD00770,160,48,2026-07-24
INV0002881,WH006,PRD00241,791,3,2026-07-17
INV0002882,WH006,PRD00011,220,44,2026-07-31
INV0002883,WH006,PRD00660,2,55,2026-07-12
INV0002884,WH006,PRD00006,805,44,2026-07-03
INV0002885,WH006,PRD00488,339,70,2026-07-22
INV0002886,WH006,PRD00315,410,6,2026-07-31
INV0002887,WH006,PRD00878,533,41,2026-07-21
INV0002888,WH006,PRD00224,961,65,2026-07-04
INV0002889,WH006,PRD00525,819,68,2026-07-05
INV0002890,WH006,PRD00729,687,79,2026-07-27
INV0002891,WH006,PRD00340,307,19,2026-07-05
INV0002892,WH006,PRD00869,258,6,2026-08-01
INV0002893,WH006,PRD00686,788,44,2026-07-09
INV0002894,WH006,PRD00897,979,57,2026-07-23
INV0002895,WH006,PRD00723,236,38,2026-07-24
INV0002896,WH006,PRD00806,277,7,2026-07-30
INV0002897,WH006,PRD00409,1039,0,2026-07-26
INV0002898,WH006,PRD00820,584,18,2026-08-01
INV0002899,WH006,PRD00803,775,70,2026-07-18
INV0002900,WH006,PRD00604,354,8,2026-07-03
INV0002901,WH006,PRD00946,1023,3,2026-07-24
INV0002902,WH006,PRD00793,878,53,2026-07-16
INV0002903,WH006,PRD00163,967,3,2026-07-02
INV0002904,WH006,PRD00485,1142,15,2026-07-07
INV0002905,WH006,PRD00146,1001,78,2026-07-20
INV0002906,WH006,PRD00133,290,15,2026-07-30
INV0002907,WH006,PRD00691,888,61,2026-07-29
INV0002908,WH006,PRD00304,300,30,2026-07-31
INV0002909,WH006,PRD00989,543,49,2026-07-10
INV0002910,WH006,PRD00380,702,64,2026-07-25
INV0002911,WH006,PRD00172,813,46,2026-07-13
INV0002912,WH006,PRD00069,1104,0,2026-07-09
INV0002913,WH006,PRD00404,196,52,2026-07-11
INV0002914,WH006,PRD00620,850,45,2026-07-15
INV0002915,WH006,PRD00388,208,28,2026-07-19
INV0002916,WH006,PRD00916,834,20,2026-07-27
INV0002917,WH006,PRD00948,313,4,2026-07-15
INV0002918,WH006,PRD00293,770,8,2026-07-11
INV0002919,WH006,PRD00003,56,17,2026-07-29
INV0002920,WH006,PRD00420,486,2,2026-07-10
INV0002921,WH006,PRD00554,744,3,2026-07-05
INV0002922,WH006,PRD00710,1169,48,2026-07-06
INV0002923,WH006,PRD00203,483,77,2026-07-14
INV0002924,WH006,PRD00130,532,62,2026-07-15
INV0002925,WH006,PRD00520,397,37,2026-07-16
INV0002926,WH006,PRD00108,1120,9,2026-07-10
INV0002927,WH006,PRD00767,544,50,2026-08-01
INV0002928,WH006,PRD00556,1143,18,2026-07-24
INV0002929,WH006,PRD00071,909,38,2026-08-01
INV0002930,WH006,PRD00002,959,72,2026-07-10
INV0002931,WH006,PRD00851,619,26,2026-07-23
INV0002932,WH006,PRD00587,638,36,2026-07-07
INV0002933,WH006,PRD00047,231,59,2026-07-06
INV0002934,WH006,PRD00085,755,48,2026-07-19
INV0002935,WH006,PRD00986,789,11,2026-07-06
INV0002936,WH006,PRD00751,815,23,2026-07-30
INV0002937,WH006,PRD00953,455,21,2026-07-25
INV0002938,WH006,PRD00607,1195,23,2026-07-13
INV0002939,WH006,PRD00754,764,1,2026-07-29
INV0002940,WH006,PRD00433,989,49,2026-07-30
INV0002941,WH006,PRD00131,81,24,2026-07-28
INV0002942,WH006,PRD00578,209,50,2026-07-22
INV0002943,WH006,PRD00053,1028,0,2026-07-15
INV0002944,WH006,PRD00035,941,19,2026-07-20
INV0002945,WH006,PRD00180,974,4,2026-07-05
INV0002946,WH006,PRD00997,679,9,2026-07-09
INV0002947,WH006,PRD00596,234,79,2026-07-25
INV0002948,WH006,PRD00160,1073,68,2026-07-26
INV0002949,WH006,PRD00036,126,77,2026-08-01
INV0002950,WH006,PRD00411,554,43,2026-07-12
INV0002951,WH006,PRD00860,1045,11,2026-07-20
INV0002952,WH006,PRD00800,962,23,2026-07-13
INV0002953,WH006,PRD00020,168,76,2026-07-02
INV0002954,WH006,PRD00154,497,1,2026-07-24
INV0002955,WH006,PRD00786,264,4,2026-07-30
INV0002956,WH006,PRD00536,1149,46,2026-07-14
INV0002957,WH006,PRD00680,125,44,2026-07-27
INV0002958,WH006,PRD00179,979,29,2026-07-29
INV0002959,WH006,PRD00700,160,70,2026-07-18
INV0002960,WH006,PRD00026,806,44,2026-07-05
INV0002961,WH006,PRD00450,841,62,2026-07-03
INV0002962,WH006,PRD00182,380,23,2026-07-24
INV0002963,WH006,PRD00792,220,20,2026-07-16
INV0002964,WH006,PRD00740,797,42,2026-07-09
INV0002965,WH006,PRD00358,48,31,2026-07-02
INV0002966,WH006,PRD00316,1057,39,2026-07-29
INV0002967,WH006,PRD00412,111,12,2026-07-02
INV0002968,WH006,PRD00281,1161,45,2026-07-07
INV0002969,WH006,PRD00677,1189,77,2026-07-12
INV0002970,WH006,PRD00417,382,20,2026-07-27
INV0002971,WH006,PRD00207,541,74,2026-07-27
INV0002972,WH006,PRD00220,555,32,2026-07-07
INV0002973,WH006,PRD00512,539,3,2026-07-10
INV0002974,WH006,PRD00913,819,55,2026-07-03
INV0002975,WH006,PRD00565,175,44,2026-07-14
INV0002976,WH006,PRD00920,362,16,2026-07-28
INV0002977,WH006,PRD00965,107,75,2026-07-17
INV0002978,WH006,PRD00206,788,35,2026-07-06
INV0002979,WH006,PRD00746,1106,49,2026-07-30
INV0002980,WH006,PRD00505,1129,24,2026-07-09
INV0002981,WH006,PRD00814,1148,21,2026-07-21
INV0002982,WH006,PRD00951,691,75,2026-07-29
INV0002983,WH006,PRD00415,603,28,2026-07-27
INV0002984,WH006,PRD00688,152,14,2026-07-10
INV0002985,WH006,PRD00906,988,21,2026-07-24
INV0002986,WH006,PRD00514,716,48,2026-07-09
INV0002987,WH006,PRD00825,124,44,2026-07-30
INV0002988,WH006,PRD00254,1048,22,2026-07-31
INV0002989,WH006,PRD00859,1079,4,2026-07-15
INV0002990,WH006,PRD00630,847,14,2026-07-07
INV0002991,WH006,PRD00842,925,65,2026-08-01
INV0002992,WH006,PRD00707,1077,63,2026-07-03
INV0002993,WH006,PRD00605,227,25,2026-07-22
INV0002994,WH006,PRD00541,458,66,2026-07-10
INV0002995,WH006,PRD00516,628,56,2026-07-05
INV0002996,WH006,PRD00893,401,19,2026-07-24
INV0002997,WH006,PRD00252,317,7,2026-07-04
INV0002998,WH006,PRD00360,733,59,2026-07-31
INV0002999,WH006,PRD00639,457,55,2026-07-21
INV0003000,WH006,PRD00661,1164,47,2026-07-14
INV0003001,WH007,PRD00125,647,61,2026-08-01
INV0003002,WH007,PRD00721,1008,23,2026-07-07
INV0003003,WH007,PRD00149,981,73,2026-07-27
INV0003004,WH007,PRD00940,3,33,2026-07-10
INV0003005,WH007,PRD00367,881,73,2026-07-02
INV0003006,WH007,PRD00035,1101,9,2026-07-04
INV0003007,WH007,PRD00530,142,56,2026-07-28
INV0003008,WH007,PRD00372,175,29,2026-07-17
INV0003009,WH007,PRD00409,104,23,2026-07-10
INV0003010,WH007,PRD00113,882,9,2026-07-20
INV0003011,WH007,PRD00675,1001,11,2026-07-20
INV0003012,WH007,PRD00128,972,23,2026-07-06
INV0003013,WH007,PRD00743,1018,6,2026-07-28
INV0003014,WH007,PRD00859,296,37,2026-07-30
INV0003015,WH007,PRD00506,77,21,2026-07-19
INV0003016,WH007,PRD00563,331,12,2026-08-01
INV0003017,WH007,PRD00684,1094,26,2026-08-01
INV0003018,WH007,PRD00998,1125,26,2026-07-06
INV0003019,WH007,PRD00420,382,2,2026-07-08
INV0003020,WH007,PRD00950,1185,11,2026-07-23
INV0003021,WH007,PRD00220,463,15,2026-07-06
INV0003022,WH007,PRD00320,1182,30,2026-07-15
INV0003023,WH007,PRD00925,522,8,2026-07-07
INV0003024,WH007,PRD00653,674,31,2026-07-30
INV0003025,WH007,PRD00832,140,66,2026-07-13
INV0003026,WH007,PRD00225,343,29,2026-07-31
INV0003027,WH007,PRD00717,986,29,2026-07-30
INV0003028,WH007,PRD00292,471,75,2026-07-18
INV0003029,WH007,PRD00009,292,72,2026-07-15
INV0003030,WH007,PRD00622,1063,60,2026-07-06
INV0003031,WH007,PRD00518,367,67,2026-07-18
INV0003032,WH007,PRD00102,944,9,2026-07-26
INV0003033,WH007,PRD00303,83,38,2026-07-28
INV0003034,WH007,PRD00924,475,64,2026-07-17
INV0003035,WH007,PRD00471,817,64,2026-07-04
INV0003036,WH007,PRD00875,46,75,2026-08-01
INV0003037,WH007,PRD00561,28,61,2026-07-06
INV0003038,WH007,PRD00353,939,78,2026-07-19
INV0003039,WH007,PRD00395,576,20,2026-07-10
INV0003040,WH007,PRD00496,943,58,2026-07-09
INV0003041,WH007,PRD00025,70,77,2026-07-04
INV0003042,WH007,PRD00241,947,67,2026-07-07
INV0003043,WH007,PRD00039,754,19,2026-07-21
INV0003044,WH007,PRD00798,503,75,2026-07-13
INV0003045,WH007,PRD00645,134,24,2026-07-03
INV0003046,WH007,PRD00021,1072,41,2026-07-05
INV0003047,WH007,PRD00337,631,8,2026-07-25
INV0003048,WH007,PRD00030,250,58,2026-07-12
INV0003049,WH007,PRD00211,534,32,2026-07-15
INV0003050,WH007,PRD00617,686,15,2026-07-07
INV0003051,WH007,PRD00374,1192,45,2026-07-24
INV0003052,WH007,PRD00288,575,21,2026-07-11
INV0003053,WH007,PRD00861,456,26,2026-07-24
INV0003054,WH007,PRD00707,523,5,2026-07-27
INV0003055,WH007,PRD00891,763,71,2026-07-12
INV0003056,WH007,PRD00810,1036,46,2026-07-07
INV0003057,WH007,PRD00738,678,8,2026-08-01
INV0003058,WH007,PRD00461,1076,67,2026-07-13
INV0003059,WH007,PRD00835,311,13,2026-07-18
INV0003060,WH007,PRD00560,196,0,2026-07-04
INV0003061,WH007,PRD00650,1071,57,2026-07-24
INV0003062,WH007,PRD00248,1096,41,2026-07-25
INV0003063,WH007,PRD00143,164,43,2026-07-13
INV0003064,WH007,PRD00265,887,36,2026-07-11
INV0003065,WH007,PRD00141,812,1,2026-07-15
INV0003066,WH007,PRD00383,918,17,2026-07-06
INV0003067,WH007,PRD00373,693,32,2026-07-17
INV0003068,WH007,PRD00756,1015,63,2026-07-22
INV0003069,WH007,PRD00255,483,65,2026-07-08
INV0003070,WH007,PRD00680,1120,15,2026-07-09
INV0003071,WH007,PRD00477,921,55,2026-07-15
INV0003072,WH007,PRD00101,460,47,2026-07-26
INV0003073,WH007,PRD00443,264,35,2026-07-17
INV0003074,WH007,PRD00203,1073,10,2026-07-07
INV0003075,WH007,PRD00240,229,1,2026-07-05
INV0003076,WH007,PRD00897,242,54,2026-07-28
INV0003077,WH007,PRD00226,233,77,2026-07-16
INV0003078,WH007,PRD00886,1165,61,2026-07-24
INV0003079,WH007,PRD00926,583,53,2026-07-14
INV0003080,WH007,PRD00127,412,11,2026-07-19
INV0003081,WH007,PRD00746,1146,11,2026-07-07
INV0003082,WH007,PRD00129,706,9,2026-07-20
INV0003083,WH007,PRD00270,588,78,2026-07-29
INV0003084,WH007,PRD00995,38,63,2026-07-31
INV0003085,WH007,PRD00935,554,35,2026-07-22
INV0003086,WH007,PRD00963,237,76,2026-07-10
INV0003087,WH007,PRD00043,771,36,2026-07-06
INV0003088,WH007,PRD00789,1179,23,2026-07-25
INV0003089,WH007,PRD00735,51,48,2026-07-10
INV0003090,WH007,PRD00737,871,8,2026-07-05
INV0003091,WH007,PRD00600,28,14,2026-07-17
INV0003092,WH007,PRD00109,556,66,2026-07-02
INV0003093,WH007,PRD00535,600,20,2026-07-22
INV0003094,WH007,PRD00763,330,34,2026-07-05
INV0003095,WH007,PRD00176,837,59,2026-07-29
INV0003096,WH007,PRD00921,446,7,2026-07-20
INV0003097,WH007,PRD00842,607,62,2026-07-03
INV0003098,WH007,PRD00134,407,74,2026-08-01
INV0003099,WH007,PRD00948,1083,61,2026-07-21
INV0003100,WH007,PRD00413,394,43,2026-07-15
INV0003101,WH007,PRD00625,1155,71,2026-07-26
INV0003102,WH007,PRD00251,331,34,2026-07-02
INV0003103,WH007,PRD00801,426,42,2026-07-11
INV0003104,WH007,PRD00655,739,14,2026-07-25
INV0003105,WH007,PRD00905,390,28,2026-07-30
INV0003106,WH007,PRD00741,836,76,2026-07-21
INV0003107,WH007,PRD00978,549,25,2026-07-28
INV0003108,WH007,PRD00486,501,23,2026-07-24
INV0003109,WH007,PRD00406,850,72,2026-07-25
INV0003110,WH007,PRD00462,718,45,2026-07-29
INV0003111,WH007,PRD00336,856,78,2026-07-17
INV0003112,WH007,PRD00757,1129,66,2026-07-07
INV0003113,WH007,PRD00132,399,63,2026-07-07
INV0003114,WH007,PRD00539,969,61,2026-07-07
INV0003115,WH007,PRD00065,323,6,2026-07-23
INV0003116,WH007,PRD00166,471,72,2026-07-17
INV0003117,WH007,PRD00272,247,64,2026-07-16
INV0003118,WH007,PRD00378,1123,34,2026-07-28
INV0003119,WH007,PRD00326,953,14,2026-07-09
INV0003120,WH007,PRD00809,769,79,2026-07-19
INV0003121,WH007,PRD00016,647,53,2026-07-23
INV0003122,WH007,PRD00170,727,46,2026-07-09
INV0003123,WH007,PRD00011,446,76,2026-07-05
INV0003124,WH007,PRD00624,332,66,2026-07-24
INV0003125,WH007,PRD00668,37,26,2026-07-02
INV0003126,WH007,PRD00724,545,62,2026-07-19
INV0003127,WH007,PRD00942,822,38,2026-07-09
INV0003128,WH007,PRD00289,759,34,2026-07-03
INV0003129,WH007,PRD00268,627,0,2026-07-19
INV0003130,WH007,PRD00734,804,66,2026-07-02
INV0003131,WH007,PRD00369,614,19,2026-07-22
INV0003132,WH007,PRD00090,443,20,2026-07-16
INV0003133,WH007,PRD00551,386,50,2026-07-14
INV0003134,WH007,PRD00873,475,0,2026-07-05
INV0003135,WH007,PRD00821,1133,3,2026-07-30
INV0003136,WH007,PRD00816,200,69,2026-07-17
INV0003137,WH007,PRD00478,358,14,2026-07-12
INV0003138,WH007,PRD00956,388,72,2026-07-15
INV0003139,WH007,PRD00224,387,2,2026-07-03
INV0003140,WH007,PRD00370,336,4,2026-07-10
INV0003141,WH007,PRD00483,59,45,2026-07-02
INV0003142,WH007,PRD00846,876,80,2026-07-12
INV0003143,WH007,PRD00449,699,57,2026-07-04
INV0003144,WH007,PRD00554,336,25,2026-07-15
INV0003145,WH007,PRD00616,878,15,2026-07-19
INV0003146,WH007,PRD00278,97,9,2026-07-15
INV0003147,WH007,PRD00173,879,8,2026-07-14
INV0003148,WH007,PRD00573,221,31,2026-07-02
INV0003149,WH007,PRD00495,883,34,2026-07-31
INV0003150,WH007,PRD00227,846,75,2026-07-22
INV0003151,WH007,PRD00511,1107,4,2026-07-07
INV0003152,WH007,PRD00212,739,9,2026-07-16
INV0003153,WH007,PRD00152,635,5,2026-07-23
INV0003154,WH007,PRD00712,1011,62,2026-07-25
INV0003155,WH007,PRD00923,725,4,2026-07-25
INV0003156,WH007,PRD00731,247,65,2026-07-07
INV0003157,WH007,PRD00949,1083,38,2026-07-14
INV0003158,WH007,PRD00603,942,37,2026-07-30
INV0003159,WH007,PRD00831,794,28,2026-07-27
INV0003160,WH007,PRD00415,337,67,2026-07-22
INV0003161,WH007,PRD00027,726,52,2026-07-05
INV0003162,WH007,PRD00252,457,29,2026-07-19
INV0003163,WH007,PRD00451,834,0,2026-07-02
INV0003164,WH007,PRD00169,376,28,2026-07-22
INV0003165,WH007,PRD00124,300,11,2026-07-17
INV0003166,WH007,PRD00541,1175,17,2026-07-04
INV0003167,WH007,PRD00909,216,15,2026-07-05
INV0003168,WH007,PRD00730,1143,22,2026-07-02
INV0003169,WH007,PRD00237,1094,73,2026-07-30
INV0003170,WH007,PRD00393,507,3,2026-07-06
INV0003171,WH007,PRD00580,660,9,2026-08-01
INV0003172,WH007,PRD00868,317,58,2026-07-30
INV0003173,WH007,PRD00231,36,45,2026-07-04
INV0003174,WH007,PRD00160,1066,11,2026-07-24
INV0003175,WH007,PRD00553,941,80,2026-07-14
INV0003176,WH007,PRD00772,859,6,2026-07-10
INV0003177,WH007,PRD00280,681,48,2026-07-28
INV0003178,WH007,PRD00075,498,27,2026-07-31
INV0003179,WH007,PRD00880,523,58,2026-07-14
INV0003180,WH007,PRD00858,922,51,2026-07-02
INV0003181,WH007,PRD00678,1055,67,2026-07-22
INV0003182,WH007,PRD00669,544,25,2026-07-24
INV0003183,WH007,PRD00793,789,35,2026-07-22
INV0003184,WH007,PRD00311,1036,19,2026-07-13
INV0003185,WH007,PRD00631,663,33,2026-07-20
INV0003186,WH007,PRD00818,421,61,2026-07-26
INV0003187,WH007,PRD00137,508,28,2026-07-03
INV0003188,WH007,PRD00775,20,5,2026-07-25
INV0003189,WH007,PRD00422,14,34,2026-07-18
INV0003190,WH007,PRD00776,202,48,2026-07-11
INV0003191,WH007,PRD00438,829,19,2026-07-25
INV0003192,WH007,PRD00186,582,22,2026-07-21
INV0003193,WH007,PRD00847,506,5,2026-07-29
INV0003194,WH007,PRD00989,257,67,2026-07-07
INV0003195,WH007,PRD00459,182,75,2026-07-23
INV0003196,WH007,PRD00881,24,0,2026-07-29
INV0003197,WH007,PRD00377,183,17,2026-07-14
INV0003198,WH007,PRD00588,704,17,2026-07-31
INV0003199,WH007,PRD00468,999,64,2026-07-29
INV0003200,WH007,PRD00482,1096,63,2026-07-09
INV0003201,WH007,PRD00718,598,12,2026-07-23
INV0003202,WH007,PRD00037,791,44,2026-07-19
INV0003203,WH007,PRD00787,855,30,2026-07-18
INV0003204,WH007,PRD00083,90,63,2026-07-31
INV0003205,WH007,PRD00599,533,30,2026-07-12
INV0003206,WH007,PRD00864,972,24,2026-07-08
INV0003207,WH007,PRD00376,933,47,2026-07-30
INV0003208,WH007,PRD00694,522,30,2026-07-21
INV0003209,WH007,PRD00281,490,41,2026-07-21
INV0003210,WH007,PRD00089,538,54,2026-07-09
INV0003211,WH007,PRD00686,338,16,2026-07-28
INV0003212,WH007,PRD00592,1096,38,2026-07-18
INV0003213,WH007,PRD00172,828,49,2026-07-31
INV0003214,WH007,PRD00371,115,78,2026-07-17
INV0003215,WH007,PRD00185,628,73,2026-08-01
INV0003216,WH007,PRD00999,1178,11,2026-07-12
INV0003217,WH007,PRD00246,315,48,2026-07-29
INV0003218,WH007,PRD00392,463,47,2026-07-15
INV0003219,WH007,PRD00947,201,47,2026-07-29
INV0003220,WH007,PRD00715,609,12,2026-07-15
INV0003221,WH007,PRD00856,759,79,2026-07-06
INV0003222,WH007,PRD00977,608,7,2026-07-31
INV0003223,WH007,PRD00887,636,65,2026-07-13
INV0003224,WH007,PRD00361,822,42,2026-07-19
INV0003225,WH007,PRD00034,15,70,2026-07-24
INV0003226,WH007,PRD00285,791,72,2026-07-21
INV0003227,WH007,PRD00403,554,34,2026-07-13
INV0003228,WH007,PRD00825,642,48,2026-07-09
INV0003229,WH007,PRD00751,1159,59,2026-07-02
INV0003230,WH007,PRD00531,946,46,2026-07-21
INV0003231,WH007,PRD00334,877,8,2026-07-27
INV0003232,WH007,PRD00532,503,37,2026-08-01
INV0003233,WH007,PRD00299,92,10,2026-07-08
INV0003234,WH007,PRD00764,671,17,2026-07-27
INV0003235,WH007,PRD00042,53,37,2026-08-01
INV0003236,WH007,PRD00082,183,45,2026-08-01
INV0003237,WH007,PRD00076,988,55,2026-07-27
INV0003238,WH007,PRD00343,553,21,2026-08-01
INV0003239,WH007,PRD00060,201,18,2026-07-09
INV0003240,WH007,PRD00579,223,58,2026-07-28
INV0003241,WH007,PRD00314,379,5,2026-07-14
INV0003242,WH007,PRD00261,615,28,2026-07-24
INV0003243,WH007,PRD00460,356,23,2026-08-01
INV0003244,WH007,PRD00885,1060,17,2026-07-23
INV0003245,WH007,PRD00651,173,76,2026-07-15
INV0003246,WH007,PRD00504,736,59,2026-07-18
INV0003247,WH007,PRD00915,1048,60,2026-07-26
INV0003248,WH007,PRD00761,591,14,2026-07-11
INV0003249,WH007,PRD00576,490,57,2026-07-28
INV0003250,WH007,PRD00696,425,5,2026-07-10
INV0003251,WH007,PRD00140,935,28,2026-07-22
INV0003252,WH007,PRD00854,1009,12,2026-07-12
INV0003253,WH007,PRD00840,434,49,2026-07-09
INV0003254,WH007,PRD00465,140,64,2026-07-18
INV0003255,WH007,PRD00936,955,32,2026-07-14
INV0003256,WH007,PRD00791,1018,65,2026-07-03
INV0003257,WH007,PRD00888,736,26,2026-07-09
INV0003258,WH007,PRD00100,744,20,2026-07-22
INV0003259,WH007,PRD00077,1092,40,2026-07-05
INV0003260,WH007,PRD00984,505,40,2026-07-22
INV0003261,WH007,PRD00609,1168,43,2026-07-29
INV0003262,WH007,PRD00598,644,34,2026-07-29
INV0003263,WH007,PRD00175,597,31,2026-07-19
INV0003264,WH007,PRD00568,110,36,2026-07-25
INV0003265,WH007,PRD00421,1121,63,2026-07-28
INV0003266,WH007,PRD00954,587,30,2026-08-01
INV0003267,WH007,PRD00615,1107,65,2026-07-23
INV0003268,WH007,PRD00964,1143,51,2026-07-09
INV0003269,WH007,PRD00754,66,54,2026-07-05
INV0003270,WH007,PRD00728,538,15,2026-07-03
INV0003271,WH007,PRD00099,611,38,2026-07-09
INV0003272,WH007,PRD00283,315,46,2026-07-09
INV0003273,WH007,PRD00574,102,72,2026-07-05
INV0003274,WH007,PRD00677,781,74,2026-07-26
INV0003275,WH007,PRD00702,508,63,2026-07-22
INV0003276,WH007,PRD00509,994,73,2026-07-11
INV0003277,WH007,PRD00604,99,12,2026-07-22
INV0003278,WH007,PRD00412,728,2,2026-07-16
INV0003279,WH007,PRD00534,1117,0,2026-07-05
INV0003280,WH007,PRD00945,876,25,2026-07-14
INV0003281,WH007,PRD00458,695,66,2026-07-23
INV0003282,WH007,PRD00306,680,34,2026-07-21
INV0003283,WH007,PRD00206,13,80,2026-07-22
INV0003284,WH007,PRD00920,370,77,2026-07-20
INV0003285,WH007,PRD00093,704,30,2026-07-17
INV0003286,WH007,PRD00815,94,32,2026-07-17
INV0003287,WH007,PRD00612,841,64,2026-07-04
INV0003288,WH007,PRD00398,126,77,2026-07-15
INV0003289,WH007,PRD00260,725,50,2026-07-15
INV0003290,WH007,PRD00983,482,40,2026-07-31
INV0003291,WH007,PRD00597,727,12,2026-07-06
INV0003292,WH007,PRD00899,1076,30,2026-07-24
INV0003293,WH007,PRD00397,630,3,2026-07-27
INV0003294,WH007,PRD00294,937,46,2026-07-21
INV0003295,WH007,PRD00975,536,62,2026-07-11
INV0003296,WH007,PRD00865,108,15,2026-07-03
INV0003297,WH007,PRD00790,565,22,2026-07-04
INV0003298,WH007,PRD00200,695,2,2026-07-25
INV0003299,WH007,PRD00385,412,54,2026-07-14
INV0003300,WH007,PRD00601,501,48,2026-07-15
INV0003301,WH007,PRD00026,460,38,2026-07-31
INV0003302,WH007,PRD00435,316,13,2026-07-29
INV0003303,WH007,PRD00388,59,34,2026-07-21
INV0003304,WH007,PRD00475,610,73,2026-07-16
INV0003305,WH007,PRD00142,84,80,2026-07-12
INV0003306,WH007,PRD00474,589,49,2026-08-01
INV0003307,WH007,PRD00566,808,46,2026-07-26
INV0003308,WH007,PRD00442,627,74,2026-07-26
INV0003309,WH007,PRD00640,42,79,2026-07-19
INV0003310,WH007,PRD00381,841,55,2026-07-03
INV0003311,WH007,PRD00892,404,39,2026-07-13
INV0003312,WH007,PRD00271,254,53,2026-07-20
INV0003313,WH007,PRD00341,110,47,2026-07-09
INV0003314,WH007,PRD00953,661,63,2026-07-18
INV0003315,WH007,PRD00194,389,73,2026-07-31
INV0003316,WH007,PRD00432,534,45,2026-07-22
INV0003317,WH007,PRD00627,605,24,2026-07-19
INV0003318,WH007,PRD00424,381,28,2026-07-26
INV0003319,WH007,PRD00002,165,76,2026-07-12
INV0003320,WH007,PRD00755,433,9,2026-07-10
INV0003321,WH007,PRD00059,318,9,2026-07-10
INV0003322,WH007,PRD00716,95,71,2026-07-29
INV0003323,WH007,PRD00870,240,5,2026-07-26
INV0003324,WH007,PRD00512,1111,62,2026-07-17
INV0003325,WH007,PRD00662,391,70,2026-08-01
INV0003326,WH007,PRD00307,68,57,2026-07-09
INV0003327,WH007,PRD00068,1022,71,2026-07-13
INV0003328,WH007,PRD00165,1057,12,2026-07-05
INV0003329,WH007,PRD00877,1170,51,2026-07-15
INV0003330,WH007,PRD00889,927,1,2026-07-10
INV0003331,WH007,PRD00722,852,49,2026-07-02
INV0003332,WH007,PRD00301,880,65,2026-07-11
INV0003333,WH007,PRD00096,1038,38,2026-07-03
INV0003334,WH007,PRD00328,409,25,2026-07-02
INV0003335,WH007,PRD00382,181,55,2026-07-22
INV0003336,WH007,PRD00635,66,76,2026-07-15
INV0003337,WH007,PRD00254,437,28,2026-07-04
INV0003338,WH007,PRD00514,1090,8,2026-07-11
INV0003339,WH007,PRD00607,368,62,2026-07-28
INV0003340,WH007,PRD00594,600,77,2026-07-09
INV0003341,WH007,PRD00360,91,13,2026-07-05
INV0003342,WH007,PRD00259,551,6,2026-07-21
INV0003343,WH007,PRD00023,624,25,2026-07-13
INV0003344,WH007,PRD00196,471,35,2026-07-20
INV0003345,WH007,PRD00549,1058,76,2026-07-16
INV0003346,WH007,PRD00402,543,61,2026-07-11
INV0003347,WH007,PRD00555,502,65,2026-07-04
INV0003348,WH007,PRD00941,577,31,2026-07-14
INV0003349,WH007,PRD00321,648,27,2026-07-05
INV0003350,WH007,PRD00632,997,22,2026-07-21
INV0003351,WH007,PRD00390,1059,1,2026-07-30
INV0003352,WH007,PRD00192,688,29,2026-07-11
INV0003353,WH007,PRD00836,755,66,2026-07-23
INV0003354,WH007,PRD00902,1169,52,2026-07-28
INV0003355,WH007,PRD00516,36,4,2026-07-26
INV0003356,WH007,PRD00148,373,28,2026-07-31
INV0003357,WH007,PRD00843,332,1,2026-07-29
INV0003358,WH007,PRD00305,277,48,2026-07-11
INV0003359,WH007,PRD00874,1097,51,2026-07-31
INV0003360,WH007,PRD00771,226,62,2026-07-25
INV0003361,WH007,PRD00857,1039,45,2026-07-22
INV0003362,WH007,PRD00526,745,46,2026-07-21
INV0003363,WH007,PRD00162,101,44,2026-07-29
INV0003364,WH007,PRD00304,1113,11,2026-07-06
INV0003365,WH007,PRD00426,955,48,2026-07-03
INV0003366,WH007,PRD00814,187,38,2026-07-27
INV0003367,WH007,PRD00298,790,53,2026-07-28
INV0003368,WH007,PRD00356,605,39,2026-07-25
INV0003369,WH007,PRD00811,843,63,2026-07-17
INV0003370,WH007,PRD00692,6,32,2026-07-12
INV0003371,WH007,PRD00565,183,11,2026-08-01
INV0003372,WH007,PRD00210,1026,5,2026-07-31
INV0003373,WH007,PRD00286,365,50,2026-07-04
INV0003374,WH007,PRD00611,564,79,2026-07-29
INV0003375,WH007,PRD00808,415,41,2026-07-11
INV0003376,WH007,PRD00623,976,33,2026-07-05
INV0003377,WH007,PRD00087,1077,75,2026-07-21
INV0003378,WH007,PRD00253,828,34,2026-07-28
INV0003379,WH007,PRD00545,761,19,2026-07-17
INV0003380,WH007,PRD00275,693,27,2026-07-30
INV0003381,WH007,PRD00806,907,62,2026-07-08
INV0003382,WH007,PRD00001,1196,8,2026-08-01
INV0003383,WH007,PRD00379,742,29,2026-07-18
INV0003384,WH007,PRD00837,358,45,2026-07-19
INV0003385,WH007,PRD00239,704,49,2026-07-25
INV0003386,WH007,PRD00331,426,63,2026-07-26
INV0003387,WH007,PRD00968,527,24,2026-07-05
INV0003388,WH007,PRD00830,629,69,2026-07-15
INV0003389,WH007,PRD00300,151,79,2026-07-31
INV0003390,WH007,PRD00054,51,3,2026-07-03
INV0003391,WH007,PRD00244,50,21,2026-07-24
INV0003392,WH007,PRD00115,362,2,2026-07-03
INV0003393,WH007,PRD00929,147,16,2026-07-18
INV0003394,WH007,PRD00164,946,48,2026-07-07
INV0003395,WH007,PRD00507,57,49,2026-07-02
INV0003396,WH007,PRD00047,814,17,2026-07-21
INV0003397,WH007,PRD00850,1192,47,2026-07-08
INV0003398,WH007,PRD00110,964,69,2026-07-17
INV0003399,WH007,PRD00828,605,38,2026-07-29
INV0003400,WH007,PRD00499,198,16,2026-07-09
INV0003401,WH007,PRD00223,1030,39,2026-07-16
INV0003402,WH007,PRD00201,587,22,2026-07-30
INV0003403,WH007,PRD00274,991,22,2026-07-07
INV0003404,WH007,PRD00250,995,32,2026-07-08
INV0003405,WH007,PRD00740,304,9,2026-07-10
INV0003406,WH007,PRD00352,524,7,2026-07-11
INV0003407,WH007,PRD00674,588,60,2026-07-15
INV0003408,WH007,PRD00453,1153,11,2026-07-26
INV0003409,WH007,PRD00456,885,61,2026-07-29
INV0003410,WH007,PRD00006,894,8,2026-07-12
INV0003411,WH007,PRD00614,855,67,2026-07-23
INV0003412,WH007,PRD00215,1031,80,2026-07-09
INV0003413,WH007,PRD00384,1160,76,2026-07-12
INV0003414,WH007,PRD00753,154,19,2026-07-20
INV0003415,WH007,PRD00216,482,67,2026-07-10
INV0003416,WH007,PRD00045,259,57,2026-07-04
INV0003417,WH007,PRD00557,631,11,2026-07-23
INV0003418,WH007,PRD00387,717,44,2026-08-01
INV0003419,WH007,PRD00898,953,30,2026-07-05
INV0003420,WH007,PRD00493,432,25,2026-07-04
INV0003421,WH007,PRD00785,94,77,2026-07-03
INV0003422,WH007,PRD00046,1067,61,2026-07-31
INV0003423,WH007,PRD00660,454,65,2026-07-27
INV0003424,WH007,PRD00800,561,21,2026-07-03
INV0003425,WH007,PRD00797,1119,46,2026-07-09
INV0003426,WH007,PRD00510,319,63,2026-07-31
INV0003427,WH007,PRD00485,598,78,2026-07-18
INV0003428,WH007,PRD00946,473,35,2026-07-23
INV0003429,WH007,PRD00769,626,49,2026-07-04
INV0003430,WH007,PRD00386,429,37,2026-07-20
INV0003431,WH007,PRD00167,534,61,2026-07-24
INV0003432,WH007,PRD00400,1165,55,2026-07-05
INV0003433,WH007,PRD00802,692,72,2026-07-29
INV0003434,WH007,PRD00441,510,12,2026-07-30
INV0003435,WH007,PRD00540,29,9,2026-07-02
INV0003436,WH007,PRD00318,762,16,2026-07-06
INV0003437,WH007,PRD00463,338,9,2026-07-05
INV0003438,WH007,PRD00428,1087,11,2026-07-21
INV0003439,WH007,PRD00188,1197,45,2026-07-02
INV0003440,WH007,PRD00049,1107,68,2026-07-30
INV0003441,WH007,PRD00981,335,25,2026-07-19
INV0003442,WH007,PRD00621,1148,67,2026-07-19
INV0003443,WH007,PRD00781,786,4,2026-07-16
INV0003444,WH007,PRD00665,1131,22,2026-07-25
INV0003445,WH007,PRD00204,303,30,2026-07-02
INV0003446,WH007,PRD00922,760,12,2026-07-30
INV0003447,WH007,PRD00293,504,74,2026-07-22
INV0003448,WH007,PRD00078,338,22,2026-07-22
INV0003449,WH007,PRD00930,541,73,2026-07-11
INV0003450,WH007,PRD00878,586,46,2026-07-18
INV0003451,WH007,PRD00705,39,26,2026-07-30
INV0003452,WH007,PRD00380,961,51,2026-07-15
INV0003453,WH007,PRD00742,210,7,2026-07-06
INV0003454,WH007,PRD00221,177,27,2026-07-06
INV0003455,WH007,PRD00050,324,35,2026-07-17
INV0003456,WH007,PRD00987,110,61,2026-07-26
INV0003457,WH007,PRD00884,116,65,2026-07-29
INV0003458,WH007,PRD00513,599,10,2026-07-24
INV0003459,WH007,PRD00647,369,28,2026-07-18
INV0003460,WH007,PRD00538,733,56,2026-07-02
INV0003461,WH007,PRD00446,564,43,2026-07-11
INV0003462,WH007,PRD00425,560,47,2026-07-05
INV0003463,WH007,PRD00855,250,56,2026-07-08
INV0003464,WH007,PRD00007,474,24,2026-08-01
INV0003465,WH007,PRD00490,137,52,2026-07-22
INV0003466,WH007,PRD00606,537,64,2026-07-18
INV0003467,WH007,PRD00974,803,47,2026-07-18
INV0003468,WH007,PRD00710,1086,11,2026-07-02
INV0003469,WH007,PRD00823,760,72,2026-07-30
INV0003470,WH007,PRD00564,861,50,2026-07-03
INV0003471,WH007,PRD00934,723,42,2026-07-12
INV0003472,WH007,PRD00988,190,56,2026-07-28
INV0003473,WH007,PRD00019,1142,49,2026-07-24
INV0003474,WH007,PRD00633,315,9,2026-07-08
INV0003475,WH007,PRD00971,443,55,2026-07-31
INV0003476,WH007,PRD00084,232,61,2026-07-05
INV0003477,WH007,PRD00232,190,38,2026-07-02
INV0003478,WH007,PRD00004,990,20,2026-07-04
INV0003479,WH007,PRD00375,355,16,2026-07-13
INV0003480,WH007,PRD00119,581,42,2026-07-26
INV0003481,WH007,PRD00066,202,72,2026-07-20
INV0003482,WH007,PRD00895,649,10,2026-07-20
INV0003483,WH007,PRD00366,577,37,2026-07-04
INV0003484,WH007,PRD00139,201,70,2026-07-11
INV0003485,WH007,PRD00391,31,42,2026-07-24
INV0003486,WH007,PRD00263,21,3,2026-07-16
INV0003487,WH007,PRD00290,665,28,2026-07-16
INV0003488,WH007,PRD00346,27,77,2026-07-24
INV0003489,WH007,PRD00819,326,2,2026-07-08
INV0003490,WH007,PRD00505,954,78,2026-07-20
INV0003491,WH007,PRD00429,219,78,2026-07-14
INV0003492,WH007,PRD00714,76,80,2026-07-13
INV0003493,WH007,PRD00908,948,75,2026-07-15
INV0003494,WH007,PRD00418,872,42,2026-07-09
INV0003495,WH007,PRD00058,1179,10,2026-07-25
INV0003496,WH007,PRD00960,206,13,2026-07-15
INV0003497,WH007,PRD00122,1023,2,2026-07-05
INV0003498,WH007,PRD00679,1071,58,2026-07-16
INV0003499,WH007,PRD00180,156,42,2026-07-18
INV0003500,WH007,PRD00848,534,74,2026-07-03
INV0003501,WH008,PRD00635,246,54,2026-07-05
INV0003502,WH008,PRD00119,995,8,2026-07-19
INV0003503,WH008,PRD00094,656,55,2026-07-17
INV0003504,WH008,PRD00760,100,73,2026-07-16
INV0003505,WH008,PRD00862,880,55,2026-07-17
INV0003506,WH008,PRD00322,1119,68,2026-07-22
INV0003507,WH008,PRD00963,242,54,2026-07-15
INV0003508,WH008,PRD00276,364,2,2026-07-26
INV0003509,WH008,PRD00068,1140,47,2026-07-28
INV0003510,WH008,PRD00506,1056,46,2026-07-18
INV0003511,WH008,PRD00542,612,7,2026-07-30
INV0003512,WH008,PRD00312,690,36,2026-07-03
INV0003513,WH008,PRD00289,170,47,2026-07-02
INV0003514,WH008,PRD00064,37,51,2026-07-16
INV0003515,WH008,PRD00045,1198,71,2026-07-22
INV0003516,WH008,PRD00131,183,13,2026-07-15
INV0003517,WH008,PRD00264,1132,11,2026-07-30
INV0003518,WH008,PRD00197,779,62,2026-07-05
INV0003519,WH008,PRD00510,1095,62,2026-07-26
INV0003520,WH008,PRD00953,556,65,2026-07-31
INV0003521,WH008,PRD00867,1145,41,2026-07-29
INV0003522,WH008,PRD00936,516,78,2026-07-04
INV0003523,WH008,PRD00754,826,52,2026-07-18
INV0003524,WH008,PRD00717,766,58,2026-07-11
INV0003525,WH008,PRD00455,205,48,2026-07-14
INV0003526,WH008,PRD00449,648,37,2026-08-01
INV0003527,WH008,PRD00070,287,24,2026-07-29
INV0003528,WH008,PRD00578,411,36,2026-07-02
INV0003529,WH008,PRD00763,377,49,2026-07-15
INV0003530,WH008,PRD00265,402,78,2026-07-12
INV0003531,WH008,PRD00808,783,75,2026-07-13
INV0003532,WH008,PRD00339,704,59,2026-07-29
INV0003533,WH008,PRD00902,450,78,2026-07-06
INV0003534,WH008,PRD00608,723,59,2026-08-01
INV0003535,WH008,PRD00898,93,13,2026-07-19
INV0003536,WH008,PRD00601,1120,37,2026-07-21
INV0003537,WH008,PRD00550,134,80,2026-07-28
INV0003538,WH008,PRD00624,344,34,2026-07-04
INV0003539,WH008,PRD00260,127,22,2026-07-25
INV0003540,WH008,PRD00702,1063,56,2026-07-07
INV0003541,WH008,PRD00761,1097,78,2026-07-11
INV0003542,WH008,PRD00748,387,5,2026-07-26
INV0003543,WH008,PRD00530,1100,14,2026-07-04
INV0003544,WH008,PRD00331,605,59,2026-07-20
INV0003545,WH008,PRD00100,105,35,2026-08-01
INV0003546,WH008,PRD00766,1175,50,2026-07-05
INV0003547,WH008,PRD00415,376,54,2026-07-28
INV0003548,WH008,PRD00163,1153,20,2026-07-28
INV0003549,WH008,PRD00691,715,72,2026-07-07
INV0003550,WH008,PRD00323,731,25,2026-07-18
INV0003551,WH008,PRD00575,872,21,2026-07-29
INV0003552,WH008,PRD00833,11,72,2026-07-15
INV0003553,WH008,PRD00030,736,25,2026-07-27
INV0003554,WH008,PRD00020,911,16,2026-07-18
INV0003555,WH008,PRD00236,278,5,2026-07-19
INV0003556,WH008,PRD00272,812,59,2026-07-21
INV0003557,WH008,PRD00224,561,74,2026-07-12
INV0003558,WH008,PRD00886,30,46,2026-07-02
INV0003559,WH008,PRD00613,1182,63,2026-07-26
INV0003560,WH008,PRD00139,33,30,2026-07-18
INV0003561,WH008,PRD00751,662,30,2026-07-17
INV0003562,WH008,PRD00209,523,47,2026-07-07
INV0003563,WH008,PRD00075,124,64,2026-07-08
INV0003564,WH008,PRD00034,1057,26,2026-08-01
INV0003565,WH008,PRD00295,820,71,2026-07-06
INV0003566,WH008,PRD00261,284,72,2026-07-24
INV0003567,WH008,PRD00727,1057,15,2026-07-05
INV0003568,WH008,PRD00605,905,6,2026-07-24
INV0003569,WH008,PRD00967,1185,53,2026-07-17
INV0003570,WH008,PRD00350,305,74,2026-07-23
INV0003571,WH008,PRD00554,277,57,2026-07-09
INV0003572,WH008,PRD00535,172,74,2026-07-03
INV0003573,WH008,PRD00341,143,54,2026-07-03
INV0003574,WH008,PRD00026,434,57,2026-07-10
INV0003575,WH008,PRD00309,1071,3,2026-07-31
INV0003576,WH008,PRD00396,551,57,2026-07-28
INV0003577,WH008,PRD00699,3,21,2026-07-10
INV0003578,WH008,PRD00764,1086,68,2026-07-15
INV0003579,WH008,PRD00336,345,27,2026-07-14
INV0003580,WH008,PRD00604,906,72,2026-07-03
INV0003581,WH008,PRD00411,999,0,2026-07-08
INV0003582,WH008,PRD00884,1149,56,2026-07-17
INV0003583,WH008,PRD00869,79,8,2026-07-22
INV0003584,WH008,PRD00073,344,38,2026-07-11
INV0003585,WH008,PRD00990,354,34,2026-07-23
INV0003586,WH008,PRD00414,509,11,2026-07-31
INV0003587,WH008,PRD00258,258,79,2026-07-14
INV0003588,WH008,PRD00186,444,18,2026-07-29
INV0003589,WH008,PRD00480,44,27,2026-07-20
INV0003590,WH008,PRD00791,966,33,2026-07-06
INV0003591,WH008,PRD00308,72,4,2026-07-14
INV0003592,WH008,PRD00354,377,43,2026-07-06
INV0003593,WH008,PRD00895,539,18,2026-07-17
INV0003594,WH008,PRD00947,49,75,2026-07-16
INV0003595,WH008,PRD00108,440,13,2026-07-10
INV0003596,WH008,PRD00269,1052,15,2026-07-02
INV0003597,WH008,PRD00954,1116,7,2026-07-25
INV0003598,WH008,PRD00749,570,24,2026-08-01
INV0003599,WH008,PRD00109,935,13,2026-07-23
INV0003600,WH008,PRD00812,1108,70,2026-07-12
INV0003601,WH008,PRD00512,444,5,2026-07-03
INV0003602,WH008,PRD00239,676,39,2026-07-21
INV0003603,WH008,PRD00442,51,70,2026-07-28
INV0003604,WH008,PRD00719,1011,45,2026-07-11
INV0003605,WH008,PRD00524,1115,50,2026-07-16
INV0003606,WH008,PRD00473,755,70,2026-07-29
INV0003607,WH008,PRD00190,1010,35,2026-07-16
INV0003608,WH008,PRD00424,1129,38,2026-07-19
INV0003609,WH008,PRD00559,899,33,2026-07-15
INV0003610,WH008,PRD00663,319,21,2026-07-26
INV0003611,WH008,PRD00056,350,68,2026-07-20
INV0003612,WH008,PRD00165,520,21,2026-07-06
INV0003613,WH008,PRD00018,685,1,2026-07-23
INV0003614,WH008,PRD00037,834,35,2026-07-02
INV0003615,WH008,PRD00059,945,11,2026-07-03
INV0003616,WH008,PRD00856,994,37,2026-07-28
INV0003617,WH008,PRD00849,792,46,2026-07-06
INV0003618,WH008,PRD00693,1114,69,2026-07-04
INV0003619,WH008,PRD00964,611,6,2026-07-02
INV0003620,WH008,PRD00338,834,55,2026-07-07
INV0003621,WH008,PRD00196,173,19,2026-07-24
INV0003622,WH008,PRD00944,706,3,2026-07-30
INV0003623,WH008,PRD00381,143,55,2026-07-11
INV0003624,WH008,PRD00367,77,12,2026-07-27
INV0003625,WH008,PRD00235,553,14,2026-07-06
INV0003626,WH008,PRD00102,1135,13,2026-07-29
INV0003627,WH008,PRD00627,838,6,2026-07-18
INV0003628,WH008,PRD00090,813,22,2026-07-09
INV0003629,WH008,PRD00401,207,2,2026-07-14
INV0003630,WH008,PRD00438,818,78,2026-07-12
INV0003631,WH008,PRD00681,333,52,2026-07-09
INV0003632,WH008,PRD00324,370,11,2026-07-20
INV0003633,WH008,PRD00618,1148,34,2026-07-17
INV0003634,WH008,PRD00926,369,2,2026-07-27
INV0003635,WH008,PRD00158,96,48,2026-07-26
INV0003636,WH008,PRD00950,142,39,2026-07-30
INV0003637,WH008,PRD00814,71,75,2026-07-28
INV0003638,WH008,PRD00301,575,32,2026-07-26
INV0003639,WH008,PRD00015,372,74,2026-07-21
INV0003640,WH008,PRD00798,608,0,2026-07-11
INV0003641,WH008,PRD00738,704,55,2026-07-05
INV0003642,WH008,PRD00587,1087,49,2026-07-23
INV0003643,WH008,PRD00121,303,73,2026-07-07
INV0003644,WH008,PRD00607,806,15,2026-07-10
INV0003645,WH008,PRD00270,1006,22,2026-07-08
INV0003646,WH008,PRD00159,567,58,2026-07-03
INV0003647,WH008,PRD00790,281,62,2026-07-11
INV0003648,WH008,PRD00673,427,8,2026-07-16
INV0003649,WH008,PRD00552,1137,72,2026-07-17
INV0003650,WH008,PRD00870,75,55,2026-07-03
INV0003651,WH008,PRD00493,97,39,2026-07-24
INV0003652,WH008,PRD00683,797,18,2026-08-01
INV0003653,WH008,PRD00144,431,56,2026-07-23
INV0003654,WH008,PRD00275,589,45,2026-07-17
INV0003655,WH008,PRD00731,150,73,2026-07-13
INV0003656,WH008,PRD00181,156,55,2026-07-11
INV0003657,WH008,PRD00291,976,25,2026-07-23
INV0003658,WH008,PRD00032,303,80,2026-07-30
INV0003659,WH008,PRD00769,520,18,2026-07-02
INV0003660,WH008,PRD00595,187,12,2026-07-24
INV0003661,WH008,PRD00294,50,59,2026-07-12
INV0003662,WH008,PRD00783,1143,9,2026-07-05
INV0003663,WH008,PRD00458,473,55,2026-07-11
INV0003664,WH008,PRD00625,779,39,2026-07-13
INV0003665,WH008,PRD00233,270,75,2026-08-01
INV0003666,WH008,PRD00910,1012,7,2026-07-26
INV0003667,WH008,PRD00148,1060,28,2026-07-05
INV0003668,WH008,PRD00077,1154,37,2026-07-27
INV0003669,WH008,PRD00062,946,14,2026-07-05
INV0003670,WH008,PRD00891,450,33,2026-07-28
INV0003671,WH008,PRD00935,609,62,2026-07-31
INV0003672,WH008,PRD00022,852,38,2026-07-11
INV0003673,WH008,PRD00755,1165,17,2026-07-28
INV0003674,WH008,PRD00774,261,40,2026-07-10
INV0003675,WH008,PRD00747,911,12,2026-07-19
INV0003676,WH008,PRD00365,595,6,2026-07-07
INV0003677,WH008,PRD00900,57,35,2026-07-05
INV0003678,WH008,PRD00436,1026,73,2026-07-21
INV0003679,WH008,PRD00714,333,33,2026-07-29
INV0003680,WH008,PRD00283,544,28,2026-07-12
INV0003681,WH008,PRD00973,575,46,2026-07-19
INV0003682,WH008,PRD00048,630,52,2026-07-03
INV0003683,WH008,PRD00974,808,27,2026-07-13
INV0003684,WH008,PRD00133,985,10,2026-07-06
INV0003685,WH008,PRD00050,1025,5,2026-07-06
INV0003686,WH008,PRD00200,184,17,2026-07-09
INV0003687,WH008,PRD00150,91,49,2026-07-26
INV0003688,WH008,PRD00444,493,45,2026-07-03
INV0003689,WH008,PRD00630,1011,45,2026-07-12
INV0003690,WH008,PRD00564,1184,78,2026-07-10
INV0003691,WH008,PRD00496,977,79,2026-07-24
INV0003692,WH008,PRD00644,957,40,2026-07-04
INV0003693,WH008,PRD00918,828,58,2026-07-21
INV0003694,WH008,PRD00352,857,35,2026-07-20
INV0003695,WH008,PRD00855,864,63,2026-07-20
INV0003696,WH008,PRD00430,812,56,2026-07-07
INV0003697,WH008,PRD00716,523,73,2026-07-10
INV0003698,WH008,PRD00179,190,28,2026-07-23
INV0003699,WH008,PRD00534,1045,13,2026-07-20
INV0003700,WH008,PRD00794,1196,35,2026-07-03
INV0003701,WH008,PRD00842,24,27,2026-07-27
INV0003702,WH008,PRD00659,617,18,2026-07-27
INV0003703,WH008,PRD00033,226,54,2026-07-10
INV0003704,WH008,PRD00868,523,45,2026-07-26
INV0003705,WH008,PRD00705,278,36,2026-07-09
INV0003706,WH008,PRD00836,587,17,2026-07-29
INV0003707,WH008,PRD00566,627,51,2026-07-29
INV0003708,WH008,PRD00656,27,2,2026-07-23
INV0003709,WH008,PRD00423,1171,65,2026-07-26
INV0003710,WH008,PRD00592,645,79,2026-07-31
INV0003711,WH008,PRD00237,108,42,2026-07-06
INV0003712,WH008,PRD00311,1028,12,2026-07-08
INV0003713,WH008,PRD00710,1148,24,2026-07-19
INV0003714,WH008,PRD00906,749,9,2026-07-08
INV0003715,WH008,PRD00786,599,51,2026-07-14
INV0003716,WH008,PRD00143,117,41,2026-07-13
INV0003717,WH008,PRD00330,175,68,2026-07-03
INV0003718,WH008,PRD00003,464,61,2026-07-19
INV0003719,WH008,PRD00299,723,26,2026-07-13
INV0003720,WH008,PRD00599,936,73,2026-07-08
INV0003721,WH008,PRD00202,67,4,2026-07-22
INV0003722,WH008,PRD00611,939,68,2026-07-26
INV0003723,WH008,PRD00244,523,11,2026-08-01
INV0003724,WH008,PRD00069,1111,6,2026-07-17
INV0003725,WH008,PRD00345,733,4,2026-07-02
INV0003726,WH008,PRD00548,679,7,2026-07-11
INV0003727,WH008,PRD00976,433,41,2026-07-24
INV0003728,WH008,PRD00985,762,14,2026-07-26
INV0003729,WH008,PRD00038,880,35,2026-07-31
INV0003730,WH008,PRD00351,257,77,2026-07-04
INV0003731,WH008,PRD00581,610,22,2026-07-02
INV0003732,WH008,PRD00292,305,5,2026-07-11
INV0003733,WH008,PRD00219,1148,42,2026-07-14
INV0003734,WH008,PRD00708,658,0,2026-07-02
INV0003735,WH008,PRD00589,391,12,2026-07-28
INV0003736,WH008,PRD00612,198,46,2026-07-22
INV0003737,WH008,PRD00184,1174,45,2026-07-14
INV0003738,WH008,PRD00479,754,73,2026-07-08
INV0003739,WH008,PRD00042,354,34,2026-07-30
INV0003740,WH008,PRD00628,899,14,2026-07-19
INV0003741,WH008,PRD00445,801,43,2026-07-22
INV0003742,WH008,PRD00376,443,48,2026-07-07
INV0003743,WH008,PRD00726,94,15,2026-07-15
INV0003744,WH008,PRD00519,176,13,2026-07-12
INV0003745,WH008,PRD00971,963,0,2026-07-26
INV0003746,WH008,PRD00643,265,70,2026-07-31
INV0003747,WH008,PRD00584,509,19,2026-07-10
INV0003748,WH008,PRD00728,727,25,2026-07-15
INV0003749,WH008,PRD00098,409,50,2026-07-30
INV0003750,WH008,PRD00734,587,34,2026-07-06
INV0003751,WH008,PRD00588,248,60,2026-07-14
INV0003752,WH008,PRD00418,319,9,2026-07-12
INV0003753,WH008,PRD00333,856,43,2026-07-30
INV0003754,WH008,PRD00419,638,69,2026-07-29
INV0003755,WH008,PRD00441,129,12,2026-07-05
INV0003756,WH008,PRD00252,602,52,2026-07-15
INV0003757,WH008,PRD00664,1021,22,2026-07-20
INV0003758,WH008,PRD00014,236,15,2026-07-17
INV0003759,WH008,PRD00134,480,61,2026-08-01
INV0003760,WH008,PRD00204,354,15,2026-07-21
INV0003761,WH008,PRD00101,427,69,2026-07-06
INV0003762,WH008,PRD00650,527,44,2026-07-31
INV0003763,WH008,PRD00865,418,46,2026-07-22
INV0003764,WH008,PRD00404,1196,76,2026-07-20
INV0003765,WH008,PRD00672,944,28,2026-07-30
INV0003766,WH008,PRD00932,407,13,2026-07-28
INV0003767,WH008,PRD00096,240,25,2026-07-07
INV0003768,WH008,PRD00495,152,23,2026-07-23
INV0003769,WH008,PRD00811,405,32,2026-07-10
INV0003770,WH008,PRD00316,780,48,2026-07-10
INV0003771,WH008,PRD00207,795,16,2026-07-06
INV0003772,WH008,PRD00579,227,25,2026-07-03
INV0003773,WH008,PRD00642,772,22,2026-07-30
INV0003774,WH008,PRD00781,685,29,2026-07-14
INV0003775,WH008,PRD00949,565,33,2026-08-01
INV0003776,WH008,PRD00857,786,0,2026-07-30
INV0003777,WH008,PRD00485,596,53,2026-07-09
INV0003778,WH008,PRD00374,231,16,2026-08-01
INV0003779,WH008,PRD00537,702,70,2026-07-24
INV0003780,WH008,PRD00281,1142,36,2026-07-24
INV0003781,WH008,PRD00888,925,47,2026-07-25
INV0003782,WH008,PRD00065,409,54,2026-07-03
INV0003783,WH008,PRD00180,126,3,2026-07-17
INV0003784,WH008,PRD00061,606,66,2026-07-29
INV0003785,WH008,PRD00471,413,24,2026-07-21
INV0003786,WH008,PRD00948,482,27,2026-07-02
INV0003787,WH008,PRD00203,500,54,2026-07-03
INV0003788,WH008,PRD00363,563,8,2026-07-05
INV0003789,WH008,PRD00078,907,44,2026-07-29
INV0003790,WH008,PRD00359,1026,3,2026-07-11
INV0003791,WH008,PRD00152,6,57,2026-07-11
INV0003792,WH008,PRD00737,716,49,2026-07-21
INV0003793,WH008,PRD00561,1096,18,2026-07-22
INV0003794,WH008,PRD00482,671,33,2026-07-16
INV0003795,WH008,PRD00227,488,64,2026-07-19
INV0003796,WH008,PRD00930,1143,48,2026-07-30
INV0003797,WH008,PRD00969,288,25,2026-07-04
INV0003798,WH008,PRD00049,697,66,2026-07-17
INV0003799,WH008,PRD00327,4,43,2026-08-01
INV0003800,WH008,PRD00161,981,26,2026-07-31
INV0003801,WH008,PRD00968,126,61,2026-07-05
INV0003802,WH008,PRD00626,260,72,2026-07-24
INV0003803,WH008,PRD00744,1083,40,2026-07-20
INV0003804,WH008,PRD00909,508,49,2026-07-19
INV0003805,WH008,PRD00008,827,56,2026-07-26
INV0003806,WH008,PRD00753,200,27,2026-07-08
INV0003807,WH008,PRD00686,828,22,2026-07-10
INV0003808,WH008,PRD00120,1063,50,2026-07-25
INV0003809,WH008,PRD00567,418,69,2026-07-14
INV0003810,WH008,PRD00457,939,42,2026-07-23
INV0003811,WH008,PRD00428,1002,2,2026-07-29
INV0003812,WH008,PRD00012,162,23,2026-07-30
INV0003813,WH008,PRD00212,588,25,2026-07-05
INV0003814,WH008,PRD00570,734,77,2026-07-06
INV0003815,WH008,PRD00243,390,79,2026-07-25
INV0003816,WH008,PRD00222,1167,33,2026-07-27
INV0003817,WH008,PRD00759,911,21,2026-07-16
INV0003818,WH008,PRD00616,305,68,2026-07-04
INV0003819,WH008,PRD00084,1046,15,2026-07-08
INV0003820,WH008,PRD00232,719,53,2026-07-21
INV0003821,WH008,PRD00066,782,1,2026-07-23
INV0003822,WH008,PRD00296,110,22,2026-07-15
INV0003823,WH008,PRD00984,951,36,2026-07-23
INV0003824,WH008,PRD00356,942,59,2026-07-03
INV0003825,WH008,PRD00054,38,49,2026-07-24
INV0003826,WH008,PRD00557,1111,10,2026-07-26
INV0003827,WH008,PRD00929,490,43,2026-07-17
INV0003828,WH008,PRD00526,1070,20,2026-07-13
INV0003829,WH008,PRD00011,317,34,2026-07-05
INV0003830,WH008,PRD00483,581,16,2026-07-25
INV0003831,WH008,PRD00348,665,5,2026-07-20
INV0003832,WH008,PRD00921,1118,66,2026-07-23
INV0003833,WH008,PRD00972,440,75,2026-07-25
INV0003834,WH008,PRD00142,456,79,2026-07-20
INV0003835,WH008,PRD00835,54,50,2026-07-10
INV0003836,WH008,PRD00067,296,54,2026-07-26
INV0003837,WH008,PRD00023,1111,18,2026-07-25
INV0003838,WH008,PRD00804,224,76,2026-07-28
INV0003839,WH008,PRD00063,1198,37,2026-07-17
INV0003840,WH008,PRD00380,1028,60,2026-07-24
INV0003841,WH008,PRD00177,726,32,2026-07-07
INV0003842,WH008,PRD00004,737,53,2026-07-10
INV0003843,WH008,PRD00221,30,24,2026-07-11
INV0003844,WH008,PRD00494,249,69,2026-07-19
INV0003845,WH008,PRD00478,1032,49,2026-07-21
INV0003846,WH008,PRD00320,1192,23,2026-07-17
INV0003847,WH008,PRD00290,636,66,2026-07-29
INV0003848,WH008,PRD00568,361,77,2026-07-12
INV0003849,WH008,PRD00126,844,37,2026-07-22
INV0003850,WH008,PRD00154,582,66,2026-07-06
INV0003851,WH008,PRD00841,266,58,2026-07-17
INV0003852,WH008,PRD00195,255,72,2026-07-09
INV0003853,WH008,PRD00527,711,77,2026-07-30
INV0003854,WH008,PRD00838,249,79,2026-07-09
INV0003855,WH008,PRD00988,539,14,2026-07-06
INV0003856,WH008,PRD00511,465,51,2026-07-23
INV0003857,WH008,PRD00173,635,57,2026-07-17
INV0003858,WH008,PRD00610,329,74,2026-07-29
INV0003859,WH008,PRD00600,244,69,2026-07-16
INV0003860,WH008,PRD00894,580,39,2026-07-31
INV0003861,WH008,PRD00925,238,32,2026-07-18
INV0003862,WH008,PRD00115,3,71,2026-07-27
INV0003863,WH008,PRD00776,407,11,2026-07-11
INV0003864,WH008,PRD00687,772,14,2026-07-17
INV0003865,WH008,PRD00647,293,45,2026-07-16
INV0003866,WH008,PRD00752,1118,17,2026-07-11
INV0003867,WH008,PRD00951,1057,33,2026-07-10
INV0003868,WH008,PRD00229,537,21,2026-07-02
INV0003869,WH008,PRD00803,905,15,2026-07-12
INV0003870,WH008,PRD00718,1038,3,2026-07-24
INV0003871,WH008,PRD00454,739,41,2026-07-13
INV0003872,WH008,PRD00162,187,22,2026-07-03
INV0003873,WH008,PRD00632,1111,77,2026-07-14
INV0003874,WH008,PRD00825,763,14,2026-07-27
INV0003875,WH008,PRD00274,223,61,2026-07-04
INV0003876,WH008,PRD00957,626,39,2026-07-07
INV0003877,WH008,PRD00767,908,47,2026-07-02
INV0003878,WH008,PRD00987,867,29,2026-07-20
INV0003879,WH008,PRD00439,700,15,2026-07-05
INV0003880,WH008,PRD00593,1031,27,2026-07-07
INV0003881,WH008,PRD00027,961,3,2026-07-23
INV0003882,WH008,PRD00889,939,5,2026-07-10
INV0003883,WH008,PRD00981,335,24,2026-07-05
INV0003884,WH008,PRD00459,928,15,2026-07-12
INV0003885,WH008,PRD00326,333,46,2026-08-01
INV0003886,WH008,PRD00529,771,65,2026-07-27
INV0003887,WH008,PRD00375,227,17,2026-08-01
INV0003888,WH008,PRD00928,448,47,2026-07-16
INV0003889,WH008,PRD00205,245,30,2026-07-08
INV0003890,WH008,PRD00879,910,79,2026-07-11
INV0003891,WH008,PRD00099,677,10,2026-07-13
INV0003892,WH008,PRD00079,885,23,2026-07-10
INV0003893,WH008,PRD00896,540,47,2026-07-28
INV0003894,WH008,PRD00355,541,4,2026-07-21
INV0003895,WH008,PRD00242,741,64,2026-07-14
INV0003896,WH008,PRD00256,954,22,2026-07-25
INV0003897,WH008,PRD00509,743,76,2026-07-30
INV0003898,WH008,PRD00617,1163,79,2026-07-16
INV0003899,WH008,PRD00582,1059,40,2026-07-08
INV0003900,WH008,PRD00214,733,20,2026-07-05
INV0003901,WH008,PRD00799,347,76,2026-07-28
INV0003902,WH008,PRD00431,898,61,2026-07-07
INV0003903,WH008,PRD00469,68,23,2026-07-21
INV0003904,WH008,PRD00043,1198,70,2026-07-23
INV0003905,WH008,PRD00959,727,71,2026-07-07
INV0003906,WH008,PRD00694,654,40,2026-07-06
INV0003907,WH008,PRD00848,583,17,2026-07-27
INV0003908,WH008,PRD00463,77,41,2026-07-23
INV0003909,WH008,PRD00615,1028,57,2026-07-03
INV0003910,WH008,PRD00822,364,73,2026-07-29
INV0003911,WH008,PRD00282,380,76,2026-07-16
INV0003912,WH008,PRD00807,1153,51,2026-07-18
INV0003913,WH008,PRD00922,488,31,2026-07-12
INV0003914,WH008,PRD00878,749,30,2026-07-18
INV0003915,WH008,PRD00125,58,80,2026-07-19
INV0003916,WH008,PRD00317,441,18,2026-07-26
INV0003917,WH008,PRD00464,104,0,2026-07-12
INV0003918,WH008,PRD00821,152,56,2026-07-30
INV0003919,WH008,PRD00597,724,45,2026-07-04
INV0003920,WH008,PRD00701,976,55,2026-07-26
INV0003921,WH008,PRD00086,271,76,2026-07-04
INV0003922,WH008,PRD00452,766,15,2026-07-20
INV0003923,WH008,PRD00118,847,16,2026-07-30
INV0003924,WH008,PRD00982,712,54,2026-07-12
INV0003925,WH008,PRD00829,968,34,2026-07-07
INV0003926,WH008,PRD00721,1141,48,2026-07-26
INV0003927,WH008,PRD00598,1017,36,2026-07-06
INV0003928,WH008,PRD00675,1006,6,2026-07-25
INV0003929,WH008,PRD00991,33,27,2026-07-19
INV0003930,WH008,PRD00830,805,31,2026-07-02
INV0003931,WH008,PRD00357,1057,54,2026-07-11
INV0003932,WH008,PRD00677,110,16,2026-07-20
INV0003933,WH008,PRD00364,1047,58,2026-07-06
INV0003934,WH008,PRD00305,238,58,2026-07-22
INV0003935,WH008,PRD00576,1029,33,2026-07-03
INV0003936,WH008,PRD00036,40,42,2026-07-25
INV0003937,WH008,PRD00546,136,68,2026-07-12
INV0003938,WH008,PRD00854,1129,52,2026-07-22
INV0003939,WH008,PRD00370,1118,41,2026-07-27
INV0003940,WH008,PRD00484,381,64,2026-07-16
INV0003941,WH008,PRD00318,960,49,2026-07-09
INV0003942,WH008,PRD00472,252,57,2026-07-27
INV0003943,WH008,PRD00649,946,34,2026-07-04
INV0003944,WH008,PRD00904,854,7,2026-08-01
INV0003945,WH008,PRD00051,503,37,2026-07-30
INV0003946,WH008,PRD00698,0,47,2026-07-05
INV0003947,WH008,PRD00117,1148,71,2026-07-27
INV0003948,WH008,PRD00110,1081,57,2026-08-01
INV0003949,WH008,PRD00669,482,47,2026-07-30
INV0003950,WH008,PRD00736,976,11,2026-07-14
INV0003951,WH008,PRD00488,551,72,2026-07-18
INV0003952,WH008,PRD00175,528,43,2026-08-01
INV0003953,WH008,PRD00420,41,77,2026-07-17
INV0003954,WH008,PRD00248,101,54,2026-07-24
INV0003955,WH008,PRD00092,528,6,2026-07-07
INV0003956,WH008,PRD00684,968,9,2026-07-12
INV0003957,WH008,PRD00667,355,41,2026-07-25
INV0003958,WH008,PRD00128,589,53,2026-07-29
INV0003959,WH008,PRD00010,198,41,2026-07-05
INV0003960,WH008,PRD00314,672,80,2026-07-22
INV0003961,WH008,PRD00007,373,33,2026-07-12
INV0003962,WH008,PRD00147,61,17,2026-07-02
INV0003963,WH008,PRD00349,899,71,2026-07-07
INV0003964,WH008,PRD00620,377,6,2026-07-29
INV0003965,WH008,PRD00141,741,70,2026-07-30
INV0003966,WH008,PRD00002,234,29,2026-07-03
INV0003967,WH008,PRD00287,61,65,2026-07-12
INV0003968,WH008,PRD00149,467,76,2026-07-21
INV0003969,WH008,PRD00547,390,14,2026-07-30
INV0003970,WH008,PRD00688,888,79,2026-07-22
INV0003971,WH008,PRD00146,252,45,2026-07-07
INV0003972,WH008,PRD00347,260,18,2026-07-04
INV0003973,WH008,PRD00946,420,33,2026-07-22
INV0003974,WH008,PRD00843,112,70,2026-07-14
INV0003975,WH008,PRD00860,865,3,2026-07-11
INV0003976,WH008,PRD00638,983,9,2026-07-04
INV0003977,WH008,PRD00499,444,62,2026-07-05
INV0003978,WH008,PRD00671,785,49,2026-07-07
INV0003979,WH008,PRD00907,957,1,2026-07-11
INV0003980,WH008,PRD00446,1148,7,2026-07-20
INV0003981,WH008,PRD00782,20,54,2026-07-31
INV0003982,WH008,PRD00307,703,7,2026-07-10
INV0003983,WH008,PRD00507,859,37,2026-08-01
INV0003984,WH008,PRD00460,726,12,2026-07-30
INV0003985,WH008,PRD00571,1106,29,2026-07-27
INV0003986,WH008,PRD00113,1129,35,2026-08-01
INV0003987,WH008,PRD00082,199,37,2026-07-09
INV0003988,WH008,PRD00555,574,5,2026-07-18
INV0003989,WH008,PRD00596,41,34,2026-07-26
INV0003990,WH008,PRD00674,1057,72,2026-07-04
INV0003991,WH008,PRD00136,392,41,2026-07-25
INV0003992,WH008,PRD00088,207,58,2026-07-26
INV0003993,WH008,PRD00199,299,37,2026-07-19
INV0003994,WH008,PRD00602,223,44,2026-07-04
INV0003995,WH008,PRD00448,733,20,2026-07-28
INV0003996,WH008,PRD00089,594,10,2026-07-30
INV0003997,WH008,PRD00979,508,33,2026-07-30
INV0003998,WH008,PRD00523,601,70,2026-07-06
INV0003999,WH008,PRD00477,212,17,2026-07-19
INV0004000,WH008,PRD00517,1124,72,2026-07-28
INV0004001,WH009,PRD00281,757,69,2026-07-10
INV0004002,WH009,PRD00020,448,41,2026-07-02
INV0004003,WH009,PRD00140,357,60,2026-07-25
INV0004004,WH009,PRD00940,1099,26,2026-07-05
INV0004005,WH009,PRD00397,839,64,2026-07-15
INV0004006,WH009,PRD00172,663,52,2026-08-01
INV0004007,WH009,PRD00670,838,78,2026-07-24
INV0004008,WH009,PRD00104,665,51,2026-07-16
INV0004009,WH009,PRD00103,560,56,2026-07-31
INV0004010,WH009,PRD00669,440,10,2026-07-13
INV0004011,WH009,PRD00332,767,62,2026-07-14
INV0004012,WH009,PRD00926,878,42,2026-07-14
INV0004013,WH009,PRD00578,212,23,2026-07-02
INV0004014,WH009,PRD00961,499,76,2026-07-09
INV0004015,WH009,PRD00690,517,32,2026-07-06
INV0004016,WH009,PRD00463,522,78,2026-07-26
INV0004017,WH009,PRD00713,10,59,2026-07-12
INV0004018,WH009,PRD00885,1132,39,2026-07-22
INV0004019,WH009,PRD00808,930,64,2026-07-24
INV0004020,WH009,PRD00865,512,76,2026-07-12
INV0004021,WH009,PRD00539,126,21,2026-07-07
INV0004022,WH009,PRD00256,478,7,2026-07-17
INV0004023,WH009,PRD00375,971,14,2026-07-04
INV0004024,WH009,PRD00206,634,49,2026-07-06
INV0004025,WH009,PRD00207,675,4,2026-07-12
INV0004026,WH009,PRD00060,306,71,2026-07-19
INV0004027,WH009,PRD00156,26,9,2026-07-30
INV0004028,WH009,PRD00597,1039,31,2026-07-18
INV0004029,WH009,PRD00265,836,78,2026-07-30
INV0004030,WH009,PRD00908,64,65,2026-07-30
INV0004031,WH009,PRD00783,1119,76,2026-07-15
INV0004032,WH009,PRD00717,199,28,2026-07-17
INV0004033,WH009,PRD00860,1081,7,2026-07-29
INV0004034,WH009,PRD00421,226,5,2026-07-23
INV0004035,WH009,PRD00446,940,0,2026-07-16
INV0004036,WH009,PRD00815,548,35,2026-07-10
INV0004037,WH009,PRD00251,518,32,2026-07-22
INV0004038,WH009,PRD00295,471,17,2026-07-21
INV0004039,WH009,PRD00297,831,60,2026-07-28
INV0004040,WH009,PRD00194,183,8,2026-07-14
INV0004041,WH009,PRD00479,679,9,2026-07-02
INV0004042,WH009,PRD00564,177,0,2026-07-14
INV0004043,WH009,PRD00788,558,46,2026-07-09
INV0004044,WH009,PRD00009,270,51,2026-07-21
INV0004045,WH009,PRD00721,1075,16,2026-07-30
INV0004046,WH009,PRD00771,832,43,2026-07-21
INV0004047,WH009,PRD00195,181,38,2026-07-07
INV0004048,WH009,PRD00053,888,22,2026-07-11
INV0004049,WH009,PRD00031,22,0,2026-08-01
INV0004050,WH009,PRD00286,1091,65,2026-07-15
INV0004051,WH009,PRD00623,1067,60,2026-07-12
INV0004052,WH009,PRD00494,862,38,2026-07-09
INV0004053,WH009,PRD00470,218,39,2026-07-25
INV0004054,WH009,PRD00804,937,56,2026-07-27
INV0004055,WH009,PRD00650,327,22,2026-07-16
INV0004056,WH009,PRD00014,755,41,2026-07-02
INV0004057,WH009,PRD00541,879,74,2026-07-02
INV0004058,WH009,PRD00770,388,10,2026-07-06
INV0004059,WH009,PRD00305,571,72,2026-07-25
INV0004060,WH009,PRD00943,727,36,2026-07-15
INV0004061,WH009,PRD00293,1143,9,2026-07-09
INV0004062,WH009,PRD00699,91,63,2026-07-26
INV0004063,WH009,PRD00468,293,59,2026-07-19
INV0004064,WH009,PRD00452,147,75,2026-07-11
INV0004065,WH009,PRD00780,83,30,2026-07-18
INV0004066,WH009,PRD00689,965,57,2026-07-25
INV0004067,WH009,PRD00786,181,12,2026-08-01
INV0004068,WH009,PRD00664,348,40,2026-07-10
INV0004069,WH009,PRD00371,395,58,2026-07-11
INV0004070,WH009,PRD00778,652,74,2026-07-25
INV0004071,WH009,PRD00350,426,42,2026-07-02
INV0004072,WH009,PRD00135,1113,40,2026-07-29
INV0004073,WH009,PRD00802,710,8,2026-07-12
INV0004074,WH009,PRD00072,605,73,2026-07-24
INV0004075,WH009,PRD00648,80,2,2026-07-17
INV0004076,WH009,PRD00457,542,55,2026-07-05
INV0004077,WH009,PRD00325,968,17,2026-07-25
INV0004078,WH009,PRD00016,938,79,2026-07-06
INV0004079,WH009,PRD00102,1068,68,2026-07-30
INV0004080,WH009,PRD00845,213,67,2026-07-02
INV0004081,WH009,PRD00521,1033,18,2026-07-29
INV0004082,WH009,PRD00818,96,56,2026-07-20
INV0004083,WH009,PRD00705,65,41,2026-07-11
INV0004084,WH009,PRD00825,1183,46,2026-07-04
INV0004085,WH009,PRD00144,651,68,2026-07-11
INV0004086,WH009,PRD00685,948,5,2026-07-24
INV0004087,WH009,PRD00866,295,47,2026-07-25
INV0004088,WH009,PRD00149,897,59,2026-07-19
INV0004089,WH009,PRD00054,832,61,2026-07-10
INV0004090,WH009,PRD00450,511,16,2026-07-06
INV0004091,WH009,PRD00745,764,34,2026-07-14
INV0004092,WH009,PRD00111,803,48,2026-08-01
INV0004093,WH009,PRD00658,995,0,2026-07-27
INV0004094,WH009,PRD00461,1121,60,2026-07-26
INV0004095,WH009,PRD00974,1014,16,2026-07-26
INV0004096,WH009,PRD00895,1126,3,2026-07-21
INV0004097,WH009,PRD00909,933,14,2026-07-28
INV0004098,WH009,PRD00677,237,51,2026-07-05
INV0004099,WH009,PRD00259,892,23,2026-07-13
INV0004100,WH009,PRD00848,787,49,2026-07-16
INV0004101,WH009,PRD00769,371,61,2026-07-25
INV0004102,WH009,PRD00382,542,21,2026-07-16
INV0004103,WH009,PRD00851,1154,7,2026-07-12
INV0004104,WH009,PRD00456,543,21,2026-07-20
INV0004105,WH009,PRD00359,1110,41,2026-07-09
INV0004106,WH009,PRD00725,596,37,2026-07-20
INV0004107,WH009,PRD00747,6,80,2026-07-12
INV0004108,WH009,PRD00814,825,64,2026-07-16
INV0004109,WH009,PRD00292,1176,42,2026-07-03
INV0004110,WH009,PRD00105,1037,77,2026-07-13
INV0004111,WH009,PRD00262,489,18,2026-07-30
INV0004112,WH009,PRD00990,157,29,2026-07-26
INV0004113,WH009,PRD00214,64,35,2026-07-23
INV0004114,WH009,PRD00627,259,12,2026-07-17
INV0004115,WH009,PRD00574,666,26,2026-07-23
INV0004116,WH009,PRD00036,1089,44,2026-07-19
INV0004117,WH009,PRD00859,515,44,2026-07-09
INV0004118,WH009,PRD00625,28,36,2026-07-23
INV0004119,WH009,PRD00806,849,21,2026-07-24
INV0004120,WH009,PRD00125,50,39,2026-07-11
INV0004121,WH009,PRD00243,596,12,2026-07-20
INV0004122,WH009,PRD00601,441,11,2026-07-19
INV0004123,WH009,PRD00146,791,36,2026-07-06
INV0004124,WH009,PRD00478,195,62,2026-07-31
INV0004125,WH009,PRD00037,108,7,2026-07-25
INV0004126,WH009,PRD00303,448,56,2026-07-14
INV0004127,WH009,PRD00048,32,32,2026-07-06
INV0004128,WH009,PRD00535,902,34,2026-07-07
INV0004129,WH009,PRD00996,256,14,2026-07-28
INV0004130,WH009,PRD00613,80,54,2026-07-07
INV0004131,WH009,PRD00385,808,2,2026-07-21
INV0004132,WH009,PRD00686,1025,3,2026-07-10
INV0004133,WH009,PRD00384,1096,41,2026-07-19
INV0004134,WH009,PRD00874,13,16,2026-07-09
INV0004135,WH009,PRD00691,1145,74,2026-07-29
INV0004136,WH009,PRD00225,1019,6,2026-07-16
INV0004137,WH009,PRD00966,1038,64,2026-08-01
INV0004138,WH009,PRD00736,898,18,2026-07-24
INV0004139,WH009,PRD00210,307,7,2026-07-17
INV0004140,WH009,PRD00130,674,30,2026-08-01
INV0004141,WH009,PRD00566,1149,56,2026-07-05
INV0004142,WH009,PRD00393,946,18,2026-07-28
INV0004143,WH009,PRD00524,776,76,2026-07-19
INV0004144,WH009,PRD00413,801,56,2026-07-25
INV0004145,WH009,PRD00287,571,79,2026-07-22
INV0004146,WH009,PRD00700,1069,55,2026-07-31
INV0004147,WH009,PRD00534,182,41,2026-07-10
INV0004148,WH009,PRD00560,73,5,2026-07-16
INV0004149,WH009,PRD00408,761,71,2026-07-22
INV0004150,WH009,PRD00017,555,73,2026-07-30
INV0004151,WH009,PRD00853,596,49,2026-07-21
INV0004152,WH009,PRD00477,138,55,2026-07-04
INV0004153,WH009,PRD00701,1016,74,2026-07-27
INV0004154,WH009,PRD00835,226,18,2026-07-18
INV0004155,WH009,PRD00886,133,77,2026-07-02
INV0004156,WH009,PRD00711,655,18,2026-07-20
INV0004157,WH009,PRD00109,189,61,2026-07-29
INV0004158,WH009,PRD00608,1051,53,2026-07-17
INV0004159,WH009,PRD00174,123,74,2026-07-19
INV0004160,WH009,PRD00766,1034,30,2026-07-05
INV0004161,WH009,PRD00633,971,17,2026-07-04
INV0004162,WH009,PRD00355,55,8,2026-07-08
INV0004163,WH009,PRD00321,895,32,2026-07-15
INV0004164,WH009,PRD00980,645,33,2026-07-18
INV0004165,WH009,PRD00960,160,31,2026-07-25
INV0004166,WH009,PRD00313,274,41,2026-07-15
INV0004167,WH009,PRD00697,187,74,2026-07-10
INV0004168,WH009,PRD00749,835,26,2026-07-24
INV0004169,WH009,PRD00066,1135,11,2026-07-25
INV0004170,WH009,PRD00977,37,4,2026-07-23
INV0004171,WH009,PRD00228,495,49,2026-07-04
INV0004172,WH009,PRD00923,294,47,2026-07-12
INV0004173,WH009,PRD00244,800,72,2026-07-29
INV0004174,WH009,PRD00467,682,31,2026-07-02
INV0004175,WH009,PRD00062,490,0,2026-07-22
INV0004176,WH009,PRD00976,1139,10,2026-07-03
INV0004177,WH009,PRD00915,1103,63,2026-07-10
INV0004178,WH009,PRD00261,778,21,2026-07-03
INV0004179,WH009,PRD00530,577,0,2026-07-24
INV0004180,WH009,PRD00772,877,48,2026-07-30
INV0004181,WH009,PRD00586,56,8,2026-07-31
INV0004182,WH009,PRD00266,890,8,2026-07-14
INV0004183,WH009,PRD00148,711,64,2026-07-05
INV0004184,WH009,PRD00426,139,48,2026-07-30
INV0004185,WH009,PRD00822,1083,78,2026-07-26
INV0004186,WH009,PRD00954,304,73,2026-07-10
INV0004187,WH009,PRD00587,1109,55,2026-07-22
INV0004188,WH009,PRD00538,395,54,2026-07-20
INV0004189,WH009,PRD00173,231,38,2026-07-21
INV0004190,WH009,PRD00318,35,9,2026-07-15
INV0004191,WH009,PRD00514,146,71,2026-07-17
INV0004192,WH009,PRD00551,1145,46,2026-07-05
INV0004193,WH009,PRD00810,116,29,2026-07-06
INV0004194,WH009,PRD00464,950,38,2026-07-08
INV0004195,WH009,PRD00279,415,49,2026-07-12
INV0004196,WH009,PRD00444,153,22,2026-07-22
INV0004197,WH009,PRD00590,134,36,2026-07-27
INV0004198,WH009,PRD00785,792,12,2026-07-02
INV0004199,WH009,PRD00237,1076,77,2026-07-11
INV0004200,WH009,PRD00540,162,16,2026-07-23
INV0004201,WH009,PRD00997,129,41,2026-07-06
INV0004202,WH009,PRD00710,327,8,2026-07-28
INV0004203,WH009,PRD00474,165,80,2026-07-13
INV0004204,WH009,PRD00905,491,27,2026-07-15
INV0004205,WH009,PRD00657,931,26,2026-08-01
INV0004206,WH009,PRD00258,92,49,2026-07-31
INV0004207,WH009,PRD00176,481,20,2026-07-06
INV0004208,WH009,PRD00790,1035,75,2026-07-18
INV0004209,WH009,PRD00636,734,59,2026-07-25
INV0004210,WH009,PRD00139,958,59,2026-07-21
INV0004211,WH009,PRD00291,892,80,2026-07-03
INV0004212,WH009,PRD00230,607,13,2026-08-01
INV0004213,WH009,PRD00584,1126,75,2026-07-05
INV0004214,WH009,PRD00443,630,47,2026-07-28
INV0004215,WH009,PRD00090,64,61,2026-07-28
INV0004216,WH009,PRD00794,691,77,2026-07-24
INV0004217,WH009,PRD00097,12,24,2026-07-17
INV0004218,WH009,PRD00931,789,33,2026-07-14
INV0004219,WH009,PRD00430,612,10,2026-07-26
INV0004220,WH009,PRD00047,484,2,2026-07-03
INV0004221,WH009,PRD00656,1049,32,2026-07-09
INV0004222,WH009,PRD00917,654,46,2026-07-28
INV0004223,WH009,PRD00212,276,47,2026-07-22
INV0004224,WH009,PRD00314,594,79,2026-07-10
INV0004225,WH009,PRD00245,523,16,2026-07-27
INV0004226,WH009,PRD00218,1043,43,2026-07-05
INV0004227,WH009,PRD00890,145,33,2026-07-30
INV0004228,WH009,PRD00789,481,50,2026-07-09
INV0004229,WH009,PRD00941,415,18,2026-07-21
INV0004230,WH009,PRD00358,645,67,2026-07-08
INV0004231,WH009,PRD00025,883,13,2026-07-25
INV0004232,WH009,PRD00708,432,24,2026-07-03
INV0004233,WH009,PRD00132,437,1,2026-07-21
INV0004234,WH009,PRD00591,875,12,2026-07-07
INV0004235,WH009,PRD00681,465,13,2026-07-30
INV0004236,WH009,PRD00644,253,31,2026-07-17
INV0004237,WH009,PRD00370,286,26,2026-07-10
INV0004238,WH009,PRD00255,861,60,2026-07-10
INV0004239,WH009,PRD00609,110,65,2026-07-27
INV0004240,WH009,PRD00881,255,27,2026-07-09
INV0004241,WH009,PRD00720,758,80,2026-07-27
INV0004242,WH009,PRD00448,310,9,2026-07-06
INV0004243,WH009,PRD00878,240,9,2026-07-29
INV0004244,WH009,PRD00994,1057,74,2026-08-01
INV0004245,WH009,PRD00964,1172,70,2026-07-26
INV0004246,WH009,PRD00201,100,64,2026-07-17
INV0004247,WH009,PRD00842,1197,72,2026-07-26
INV0004248,WH009,PRD00151,448,26,2026-07-31
INV0004249,WH009,PRD00165,129,24,2026-07-16
INV0004250,WH009,PRD00951,168,80,2026-07-12
INV0004251,WH009,PRD00497,1151,54,2026-07-06
INV0004252,WH009,PRD00205,43,20,2026-08-01
INV0004253,WH009,PRD00454,1044,19,2026-07-15
INV0004254,WH009,PRD00341,1154,52,2026-07-11
INV0004255,WH009,PRD00386,1037,15,2026-07-15
INV0004256,WH009,PRD00116,244,34,2026-07-25
INV0004257,WH009,PRD00473,417,40,2026-07-03
INV0004258,WH009,PRD00078,1063,53,2026-07-27
INV0004259,WH009,PRD00344,1110,31,2026-07-04
INV0004260,WH009,PRD00819,756,64,2026-07-10
INV0004261,WH009,PRD00911,1149,1,2026-07-21
INV0004262,WH009,PRD00673,1111,67,2026-07-08
INV0004263,WH009,PRD00063,925,62,2026-07-11
INV0004264,WH009,PRD00329,892,64,2026-07-31
INV0004265,WH009,PRD00746,936,52,2026-07-15
INV0004266,WH009,PRD00696,1013,72,2026-07-31
INV0004267,WH009,PRD00937,365,35,2026-07-23
INV0004268,WH009,PRD00984,857,33,2026-07-24
INV0004269,WH009,PRD00217,324,25,2026-07-12
INV0004270,WH009,PRD00114,705,73,2026-07-16
INV0004271,WH009,PRD00698,781,34,2026-07-16
INV0004272,WH009,PRD00051,559,3,2026-07-10
INV0004273,WH009,PRD00082,1195,23,2026-07-11
INV0004274,WH009,PRD00026,966,3,2026-07-04
INV0004275,WH009,PRD00390,297,73,2026-07-31
INV0004276,WH009,PRD00611,992,47,2026-07-24
INV0004277,WH009,PRD00080,296,19,2026-07-03
INV0004278,WH009,PRD00388,539,70,2026-07-14
INV0004279,WH009,PRD00868,1131,4,2026-07-30
INV0004280,WH009,PRD00283,616,59,2026-07-20
INV0004281,WH009,PRD00867,1107,73,2026-07-15
INV0004282,WH009,PRD00254,424,51,2026-07-26
INV0004283,WH009,PRD00387,220,42,2026-07-04
INV0004284,WH009,PRD00765,802,45,2026-07-08
INV0004285,WH009,PRD00143,1043,48,2026-07-19
INV0004286,WH009,PRD00683,1074,13,2026-07-24
INV0004287,WH009,PRD00117,110,31,2026-07-06
INV0004288,WH009,PRD00723,555,68,2026-07-05
INV0004289,WH009,PRD00349,516,43,2026-07-02
INV0004290,WH009,PRD00351,567,41,2026-07-25
INV0004291,WH009,PRD00030,862,58,2026-07-14
INV0004292,WH009,PRD00695,385,22,2026-07-03
INV0004293,WH009,PRD00369,853,24,2026-07-26
INV0004294,WH009,PRD00415,533,44,2026-07-11
INV0004295,WH009,PRD00250,911,7,2026-07-16
INV0004296,WH009,PRD00169,144,9,2026-07-03
INV0004297,WH009,PRD00049,970,45,2026-07-06
INV0004298,WH009,PRD00411,773,52,2026-07-07
INV0004299,WH009,PRD00933,177,37,2026-07-23
INV0004300,WH009,PRD00276,868,49,2026-07-21
INV0004301,WH009,PRD00894,1063,34,2026-07-03
INV0004302,WH009,PRD00739,1198,7,2026-07-16
INV0004303,WH009,PRD00277,717,60,2026-07-29
INV0004304,WH009,PRD00896,100,61,2026-07-31
INV0004305,WH009,PRD00326,786,14,2026-07-29
INV0004306,WH009,PRD00902,525,1,2026-07-02
INV0004307,WH009,PRD00476,360,21,2026-07-11
INV0004308,WH009,PRD00518,438,43,2026-07-04
INV0004309,WH009,PRD00762,855,1,2026-07-20
INV0004310,WH009,PRD00610,718,66,2026-07-22
INV0004311,WH009,PRD00061,720,22,2026-07-27
INV0004312,WH009,PRD00100,741,2,2026-07-13
INV0004313,WH009,PRD00999,616,36,2026-07-26
INV0004314,WH009,PRD00138,890,2,2026-07-07
INV0004315,WH009,PRD00958,555,68,2026-07-16
INV0004316,WH009,PRD00354,589,68,2026-07-11
INV0004317,WH009,PRD00898,808,8,2026-07-15
INV0004318,WH009,PRD00756,223,63,2026-07-23
INV0004319,WH009,PRD00409,661,56,2026-07-09
INV0004320,WH009,PRD00930,647,56,2026-07-20
INV0004321,WH009,PRD00288,1071,16,2026-07-19
INV0004322,WH009,PRD00544,437,55,2026-07-13
INV0004323,WH009,PRD00041,24,4,2026-07-03
INV0004324,WH009,PRD00552,1038,74,2026-07-11
INV0004325,WH009,PRD00175,975,29,2026-07-12
INV0004326,WH009,PRD00419,96,28,2026-07-19
INV0004327,WH009,PRD00840,727,78,2026-07-10
INV0004328,WH009,PRD00050,71,59,2026-07-18
INV0004329,WH009,PRD00869,563,54,2026-07-18
INV0004330,WH009,PRD00998,513,27,2026-07-26
INV0004331,WH009,PRD00589,609,0,2026-07-14
INV0004332,WH009,PRD00870,934,6,2026-07-22
INV0004333,WH009,PRD00924,692,43,2026-07-07
INV0004334,WH009,PRD00674,60,14,2026-07-10
INV0004335,WH009,PRD00064,408,26,2026-07-26
INV0004336,WH009,PRD00027,595,29,2026-07-09
INV0004337,WH009,PRD00709,182,60,2026-07-09
INV0004338,WH009,PRD00501,274,62,2026-07-10
INV0004339,WH009,PRD00150,591,79,2026-07-02
INV0004340,WH009,PRD00298,865,28,2026-07-29
INV0004341,WH009,PRD00947,1026,64,2026-07-21
INV0004342,WH009,PRD00830,480,32,2026-08-01
INV0004343,WH009,PRD00249,297,50,2026-07-04
INV0004344,WH009,PRD00714,254,6,2026-07-29
INV0004345,WH009,PRD00791,679,66,2026-07-05
INV0004346,WH009,PRD00945,655,19,2026-07-20
INV0004347,WH009,PRD00634,425,21,2026-07-26
INV0004348,WH009,PRD00024,171,5,2026-07-18
INV0004349,WH009,PRD00854,1065,80,2026-07-03
INV0004350,WH009,PRD00799,689,60,2026-07-17
INV0004351,WH009,PRD00192,1053,70,2026-07-23
INV0004352,WH009,PRD00199,857,18,2026-07-02
INV0004353,WH009,PRD00042,65,47,2026-07-06
INV0004354,WH009,PRD00482,594,17,2026-08-01
INV0004355,WH009,PRD00993,179,11,2026-07-16
INV0004356,WH009,PRD00812,859,50,2026-07-05
INV0004357,WH009,PRD00533,1045,22,2026-07-17
INV0004358,WH009,PRD00229,337,51,2026-07-25
INV0004359,WH009,PRD00373,621,5,2026-07-30
INV0004360,WH009,PRD00846,1043,69,2026-07-30
INV0004361,WH009,PRD00084,579,72,2026-07-18
INV0004362,WH009,PRD00032,900,32,2026-07-29
INV0004363,WH009,PRD00246,1125,9,2026-07-06
INV0004364,WH009,PRD00337,1030,16,2026-07-18
INV0004365,WH009,PRD00823,162,45,2026-07-02
INV0004366,WH009,PRD00913,211,24,2026-07-08
INV0004367,WH009,PRD00364,225,75,2026-07-24
INV0004368,WH009,PRD00582,1076,21,2026-07-09
INV0004369,WH009,PRD00425,1102,71,2026-07-08
INV0004370,WH009,PRD00164,287,59,2026-07-19
INV0004371,WH009,PRD00849,448,34,2026-07-26
INV0004372,WH009,PRD00982,538,55,2026-07-25
INV0004373,WH009,PRD00553,760,57,2026-07-09
INV0004374,WH009,PRD00491,213,68,2026-07-07
INV0004375,WH009,PRD00938,1082,51,2026-07-12
INV0004376,WH009,PRD00453,1100,25,2026-07-22
INV0004377,WH009,PRD00366,573,60,2026-07-02
INV0004378,WH009,PRD00167,472,59,2026-07-23
INV0004379,WH009,PRD00319,681,58,2026-07-29
INV0004380,WH009,PRD00991,637,57,2026-07-27
INV0004381,WH009,PRD00485,918,33,2026-07-02
INV0004382,WH009,PRD00437,932,76,2026-07-03
INV0004383,WH009,PRD00155,413,15,2026-07-04
INV0004384,WH009,PRD00614,1105,3,2026-07-18
INV0004385,WH009,PRD00957,151,16,2026-07-25
INV0004386,WH009,PRD00395,389,54,2026-07-18
INV0004387,WH009,PRD00429,1050,13,2026-07-11
INV0004388,WH009,PRD00531,296,13,2026-07-22
INV0004389,WH009,PRD00394,726,34,2026-07-03
INV0004390,WH009,PRD00596,327,28,2026-07-18
INV0004391,WH009,PRD00417,502,75,2026-07-11
INV0004392,WH009,PRD00342,925,57,2026-07-11
INV0004393,WH009,PRD00942,41,34,2026-07-11
INV0004394,WH009,PRD00761,210,32,2026-07-06
INV0004395,WH009,PRD00675,688,69,2026-07-15
INV0004396,WH009,PRD00529,847,10,2026-07-26
INV0004397,WH009,PRD00233,808,34,2026-07-26
INV0004398,WH009,PRD00972,308,31,2026-07-21
INV0004399,WH009,PRD00224,1154,4,2026-07-20
INV0004400,WH009,PRD00654,496,16,2026-07-04
INV0004401,WH009,PRD00126,1035,58,2026-07-18
INV0004402,WH009,PRD00416,656,43,2026-07-02
INV0004403,WH009,PRD00509,532,64,2026-07-23
INV0004404,WH009,PRD00792,76,1,2026-07-23
INV0004405,WH009,PRD00617,307,8,2026-07-07
INV0004406,WH009,PRD00492,7,76,2026-07-14
INV0004407,WH009,PRD00033,995,75,2026-07-10
INV0004408,WH009,PRD00231,1064,66,2026-07-22
INV0004409,WH009,PRD00665,940,52,2026-07-10
INV0004410,WH009,PRD00918,9,8,2026-07-11
INV0004411,WH009,PRD00129,1170,51,2026-07-10
INV0004412,WH009,PRD00360,855,49,2026-07-11
INV0004413,WH009,PRD00718,905,73,2026-07-26
INV0004414,WH009,PRD00787,1190,72,2026-07-09
INV0004415,WH009,PRD00666,383,63,2026-07-03
INV0004416,WH009,PRD00315,1100,24,2026-07-20
INV0004417,WH009,PRD00412,65,63,2026-07-14
INV0004418,WH009,PRD00391,1063,76,2026-07-31
INV0004419,WH009,PRD00680,1161,62,2026-07-09
INV0004420,WH009,PRD00052,1092,76,2026-07-12
INV0004421,WH009,PRD00215,374,2,2026-07-17
INV0004422,WH009,PRD00631,1180,65,2026-07-25
INV0004423,WH009,PRD00570,498,66,2026-07-30
INV0004424,WH009,PRD00008,26,13,2026-07-04
INV0004425,WH009,PRD00659,387,51,2026-07-04
INV0004426,WH009,PRD00270,266,35,2026-08-01
INV0004427,WH009,PRD00622,1038,24,2026-07-30
INV0004428,WH009,PRD00331,684,19,2026-07-10
INV0004429,WH009,PRD00123,775,33,2026-07-08
INV0004430,WH009,PRD00142,809,61,2026-07-23
INV0004431,WH009,PRD00434,516,41,2026-07-19
INV0004432,WH009,PRD00137,395,22,2026-07-28
INV0004433,WH009,PRD00304,673,2,2026-07-21
INV0004434,WH009,PRD00238,624,48,2026-07-18
INV0004435,WH009,PRD00067,1069,66,2026-07-06
INV0004436,WH009,PRD00034,589,64,2026-07-05
INV0004437,WH009,PRD00211,1138,1,2026-07-08
INV0004438,WH009,PRD00887,766,73,2026-07-22
INV0004439,WH009,PRD00056,536,61,2026-07-23
INV0004440,WH009,PRD00152,370,0,2026-08-01
INV0004441,WH009,PRD00583,261,68,2026-07-14
INV0004442,WH009,PRD00594,305,28,2026-07-23
INV0004443,WH009,PRD00001,452,57,2026-07-05
INV0004444,WH009,PRD00807,192,37,2026-07-05
INV0004445,WH009,PRD00021,359,36,2026-07-26
INV0004446,WH009,PRD00407,1030,65,2026-07-31
INV0004447,WH009,PRD00628,251,31,2026-07-03
INV0004448,WH009,PRD00547,944,22,2026-07-11
INV0004449,WH009,PRD00439,558,77,2026-07-27
INV0004450,WH009,PRD00481,1096,70,2026-07-05
INV0004451,WH009,PRD00046,606,4,2026-07-07
INV0004452,WH009,PRD00981,1170,51,2026-07-13
INV0004453,WH009,PRD00091,858,40,2026-07-17
INV0004454,WH009,PRD00731,456,67,2026-07-11
INV0004455,WH009,PRD00684,689,29,2026-07-12
INV0004456,WH009,PRD00563,953,40,2026-07-06
INV0004457,WH009,PRD00542,223,22,2026-07-03
INV0004458,WH009,PRD00203,309,1,2026-07-17
INV0004459,WH009,PRD00850,280,10,2026-07-06
INV0004460,WH009,PRD00668,650,73,2026-07-11
INV0004461,WH009,PRD00517,1113,6,2026-07-22
INV0004462,WH009,PRD00267,786,0,2026-07-27
INV0004463,WH009,PRD00871,376,19,2026-07-24
INV0004464,WH009,PRD00826,1015,4,2026-07-25
INV0004465,WH009,PRD00831,345,10,2026-07-25
INV0004466,WH009,PRD00107,390,59,2026-07-15
INV0004467,WH009,PRD00903,34,7,2026-07-20
INV0004468,WH009,PRD00075,1100,39,2026-08-01
INV0004469,WH009,PRD00044,837,35,2026-07-28
INV0004470,WH009,PRD00843,1172,29,2026-07-15
INV0004471,WH009,PRD00226,741,41,2026-07-21
INV0004472,WH009,PRD00512,80,56,2026-07-12
INV0004473,WH009,PRD00796,386,22,2026-07-08
INV0004474,WH009,PRD00007,15,4,2026-07-10
INV0004475,WH009,PRD00559,1085,17,2026-07-11
INV0004476,WH009,PRD00678,262,38,2026-07-24
INV0004477,WH009,PRD00406,248,28,2026-07-31
INV0004478,WH009,PRD00133,785,12,2026-08-01
INV0004479,WH009,PRD00738,1048,47,2026-07-22
INV0004480,WH009,PRD00278,995,7,2026-07-24
INV0004481,WH009,PRD00751,248,74,2026-07-26
INV0004482,WH009,PRD00234,834,32,2026-08-01
INV0004483,WH009,PRD00649,782,35,2026-07-29
INV0004484,WH009,PRD00023,767,13,2026-07-02
INV0004485,WH009,PRD00837,253,65,2026-07-28
INV0004486,WH009,PRD00121,372,21,2026-07-23
INV0004487,WH009,PRD00285,230,28,2026-07-11
INV0004488,WH009,PRD00469,338,73,2026-07-21
INV0004489,WH009,PRD00773,126,9,2026-08-01
INV0004490,WH009,PRD00948,260,31,2026-07-27
INV0004491,WH009,PRD00247,398,20,2026-07-09
INV0004492,WH009,PRD00372,247,27,2026-07-14
INV0004493,WH009,PRD00436,1183,17,2026-07-03
INV0004494,WH009,PRD00805,1106,40,2026-07-03
INV0004495,WH009,PRD00963,1038,15,2026-07-23
INV0004496,WH009,PRD00180,382,63,2026-07-25
INV0004497,WH009,PRD00198,649,4,2026-07-27
INV0004498,WH009,PRD00240,281,12,2026-07-10
INV0004499,WH009,PRD00748,550,79,2026-07-30
INV0004500,WH009,PRD00462,803,11,2026-07-31
INV0004501,WH010,PRD00998,172,76,2026-07-06
INV0004502,WH010,PRD00311,1189,43,2026-07-25
INV0004503,WH010,PRD00339,290,11,2026-08-01
INV0004504,WH010,PRD00447,673,78,2026-07-17
INV0004505,WH010,PRD00916,1028,38,2026-07-11
INV0004506,WH010,PRD00270,366,69,2026-07-30
INV0004507,WH010,PRD00378,600,31,2026-07-12
INV0004508,WH010,PRD00624,662,15,2026-07-10
INV0004509,WH010,PRD00322,623,15,2026-07-13
INV0004510,WH010,PRD00006,1169,59,2026-07-02
INV0004511,WH010,PRD00635,1100,11,2026-07-17
INV0004512,WH010,PRD00972,832,30,2026-08-01
INV0004513,WH010,PRD00518,217,76,2026-07-06
INV0004514,WH010,PRD00669,210,13,2026-07-21
INV0004515,WH010,PRD00455,565,26,2026-07-09
INV0004516,WH010,PRD00307,233,55,2026-07-10
INV0004517,WH010,PRD00932,913,6,2026-07-30
INV0004518,WH010,PRD00645,598,14,2026-07-02
INV0004519,WH010,PRD00507,2,38,2026-07-11
INV0004520,WH010,PRD00103,1146,66,2026-07-28
INV0004521,WH010,PRD00572,56,52,2026-07-24
INV0004522,WH010,PRD00467,712,48,2026-07-02
INV0004523,WH010,PRD00688,298,80,2026-08-01
INV0004524,WH010,PRD00414,52,78,2026-07-15
INV0004525,WH010,PRD00321,385,80,2026-07-27
INV0004526,WH010,PRD00123,1013,24,2026-07-19
INV0004527,WH010,PRD00323,753,18,2026-07-12
INV0004528,WH010,PRD00358,1153,26,2026-07-13
INV0004529,WH010,PRD00834,933,16,2026-07-21
INV0004530,WH010,PRD00426,258,6,2026-07-09
INV0004531,WH010,PRD00054,645,48,2026-07-21
INV0004532,WH010,PRD00029,843,59,2026-07-13
INV0004533,WH010,PRD00194,193,54,2026-07-18
INV0004534,WH010,PRD00655,146,18,2026-07-18
INV0004535,WH010,PRD00833,636,34,2026-07-10
INV0004536,WH010,PRD00318,38,12,2026-07-25
INV0004537,WH010,PRD00482,44,44,2026-07-14
INV0004538,WH010,PRD00285,922,16,2026-07-22
INV0004539,WH010,PRD00109,413,31,2026-07-12
INV0004540,WH010,PRD00988,338,39,2026-07-08
INV0004541,WH010,PRD00060,1194,58,2026-07-07
INV0004542,WH010,PRD00019,89,58,2026-07-11
INV0004543,WH010,PRD00858,404,2,2026-07-20
INV0004544,WH010,PRD00809,1138,54,2026-07-05
INV0004545,WH010,PRD00277,1122,65,2026-07-17
INV0004546,WH010,PRD00424,1128,55,2026-07-06
INV0004547,WH010,PRD00002,237,73,2026-07-27
INV0004548,WH010,PRD00269,124,17,2026-07-06
INV0004549,WH010,PRD00032,288,69,2026-07-10
INV0004550,WH010,PRD00690,705,36,2026-07-31
INV0004551,WH010,PRD00229,549,1,2026-07-28
INV0004552,WH010,PRD00923,826,11,2026-07-19
INV0004553,WH010,PRD00380,799,66,2026-07-11
INV0004554,WH010,PRD00652,523,40,2026-07-11
INV0004555,WH010,PRD00907,124,12,2026-07-22
INV0004556,WH010,PRD00199,884,16,2026-07-27
INV0004557,WH010,PRD00306,701,69,2026-07-24
INV0004558,WH010,PRD00789,1061,14,2026-07-13
INV0004559,WH010,PRD00189,36,52,2026-08-01
INV0004560,WH010,PRD00584,594,42,2026-07-06
INV0004561,WH010,PRD00049,1112,23,2026-07-10
INV0004562,WH010,PRD00846,898,70,2026-07-30
INV0004563,WH010,PRD00817,579,60,2026-07-31
INV0004564,WH010,PRD00497,699,55,2026-07-23
INV0004565,WH010,PRD00602,944,12,2026-07-06
INV0004566,WH010,PRD00568,990,18,2026-07-14
INV0004567,WH010,PRD00313,253,21,2026-07-20
INV0004568,WH010,PRD00954,1153,65,2026-07-29
INV0004569,WH010,PRD00473,642,31,2026-07-25
INV0004570,WH010,PRD00787,554,45,2026-07-25
INV0004571,WH010,PRD00165,393,69,2026-07-23
INV0004572,WH010,PRD00644,426,2,2026-07-13
INV0004573,WH010,PRD00242,283,53,2026-07-13
INV0004574,WH010,PRD00547,929,64,2026-07-16
INV0004575,WH010,PRD00504,403,26,2026-07-29
INV0004576,WH010,PRD00202,103,22,2026-07-03
INV0004577,WH010,PRD00126,102,64,2026-07-22
INV0004578,WH010,PRD00259,312,5,2026-07-12
INV0004579,WH010,PRD00263,743,51,2026-07-24
INV0004580,WH010,PRD00697,692,78,2026-07-16
INV0004581,WH010,PRD00766,19,24,2026-07-24
INV0004582,WH010,PRD00041,523,6,2026-07-22
INV0004583,WH010,PRD00764,1100,45,2026-07-19
INV0004584,WH010,PRD00806,730,78,2026-07-06
INV0004585,WH010,PRD00290,746,10,2026-07-14
INV0004586,WH010,PRD00990,964,32,2026-07-10
INV0004587,WH010,PRD00074,499,77,2026-07-08
INV0004588,WH010,PRD00961,707,4,2026-07-24
INV0004589,WH010,PRD00544,607,38,2026-07-05
INV0004590,WH010,PRD00556,1153,17,2026-07-08
INV0004591,WH010,PRD00289,35,75,2026-07-21
INV0004592,WH010,PRD00729,573,40,2026-07-21
INV0004593,WH010,PRD00557,553,77,2026-07-30
INV0004594,WH010,PRD00294,373,67,2026-07-26
INV0004595,WH010,PRD00206,148,12,2026-07-07
INV0004596,WH010,PRD00272,927,73,2026-07-05
INV0004597,WH010,PRD00594,583,74,2026-07-23
INV0004598,WH010,PRD00224,552,16,2026-07-27
INV0004599,WH010,PRD00371,1051,30,2026-07-28
INV0004600,WH010,PRD00250,1174,42,2026-07-11
INV0004601,WH010,PRD00815,1025,58,2026-07-05
INV0004602,WH010,PRD00713,606,19,2026-07-18
INV0004603,WH010,PRD00087,840,28,2026-08-01
INV0004604,WH010,PRD00013,569,78,2026-07-05
INV0004605,WH010,PRD00458,656,43,2026-08-01
INV0004606,WH010,PRD00973,1162,38,2026-07-18
INV0004607,WH010,PRD00573,1088,48,2026-07-10
INV0004608,WH010,PRD00499,583,8,2026-07-04
INV0004609,WH010,PRD00037,889,25,2026-07-15
INV0004610,WH010,PRD00075,1132,21,2026-07-16
INV0004611,WH010,PRD00279,130,1,2026-07-09
INV0004612,WH010,PRD00842,688,72,2026-07-08
INV0004613,WH010,PRD00774,329,44,2026-07-29
INV0004614,WH010,PRD00692,336,13,2026-07-29
INV0004615,WH010,PRD00223,1032,75,2026-07-09
INV0004616,WH010,PRD00915,578,48,2026-07-27
INV0004617,WH010,PRD00395,501,13,2026-07-02
INV0004618,WH010,PRD00349,171,55,2026-07-04
INV0004619,WH010,PRD00459,770,47,2026-07-06
INV0004620,WH010,PRD00782,755,49,2026-07-25
INV0004621,WH010,PRD00750,872,28,2026-08-01
INV0004622,WH010,PRD00159,99,37,2026-07-06
INV0004623,WH010,PRD00171,395,25,2026-07-22
INV0004624,WH010,PRD00747,1189,5,2026-07-30
INV0004625,WH010,PRD00839,713,50,2026-07-06
INV0004626,WH010,PRD00893,604,1,2026-07-18
INV0004627,WH010,PRD00626,747,42,2026-07-10
INV0004628,WH010,PRD00852,826,72,2026-07-23
INV0004629,WH010,PRD00938,187,33,2026-07-03
INV0004630,WH010,PRD00341,798,56,2026-07-26
INV0004631,WH010,PRD00057,696,79,2026-07-02
INV0004632,WH010,PRD00249,298,64,2026-07-26
INV0004633,WH010,PRD00951,784,19,2026-07-21
INV0004634,WH010,PRD00970,971,58,2026-07-24
INV0004635,WH010,PRD00066,207,50,2026-07-29
INV0004636,WH010,PRD00503,867,46,2026-07-19
INV0004637,WH010,PRD00431,805,40,2026-07-04
INV0004638,WH010,PRD00394,948,51,2026-07-23
INV0004639,WH010,PRD00664,27,50,2026-07-26
INV0004640,WH010,PRD00214,498,49,2026-07-21
INV0004641,WH010,PRD00637,696,65,2026-07-20
INV0004642,WH010,PRD00723,234,57,2026-07-29
INV0004643,WH010,PRD00918,172,7,2026-07-19
INV0004644,WH010,PRD00953,1168,52,2026-07-18
INV0004645,WH010,PRD00088,1168,49,2026-07-13
INV0004646,WH010,PRD00104,461,78,2026-07-04
INV0004647,WH010,PRD00031,376,35,2026-07-04
INV0004648,WH010,PRD00137,1197,52,2026-07-03
INV0004649,WH010,PRD00632,316,29,2026-07-23
INV0004650,WH010,PRD00222,580,25,2026-07-19
INV0004651,WH010,PRD00765,352,64,2026-07-03
INV0004652,WH010,PRD00666,646,10,2026-07-21
INV0004653,WH010,PRD00090,851,23,2026-07-10
INV0004654,WH010,PRD00436,1078,26,2026-07-17
INV0004655,WH010,PRD00419,582,56,2026-07-18
INV0004656,WH010,PRD00795,593,8,2026-07-17
INV0004657,WH010,PRD00971,441,28,2026-07-10
INV0004658,WH010,PRD00335,506,53,2026-07-09
INV0004659,WH010,PRD00035,114,14,2026-07-31
INV0004660,WH010,PRD00052,962,68,2026-07-02
INV0004661,WH010,PRD00175,870,61,2026-07-20
INV0004662,WH010,PRD00818,92,47,2026-07-26
INV0004663,WH010,PRD00050,579,42,2026-07-31
INV0004664,WH010,PRD00326,419,42,2026-07-03
INV0004665,WH010,PRD00374,1121,12,2026-07-19
INV0004666,WH010,PRD00160,742,39,2026-07-13
INV0004667,WH010,PRD00136,1106,80,2026-07-03
INV0004668,WH010,PRD00709,113,80,2026-07-11
INV0004669,WH010,PRD00738,804,13,2026-07-16
INV0004670,WH010,PRD00693,638,48,2026-07-23
INV0004671,WH010,PRD00203,1135,63,2026-07-20
INV0004672,WH010,PRD00850,12,66,2026-07-11
INV0004673,WH010,PRD00422,759,57,2026-07-04
INV0004674,WH010,PRD00653,801,39,2026-07-19
INV0004675,WH010,PRD00942,52,26,2026-07-05
INV0004676,WH010,PRD00574,769,25,2026-07-11
INV0004677,WH010,PRD00719,346,36,2026-07-28
INV0004678,WH010,PRD00535,1100,55,2026-07-20
INV0004679,WH010,PRD00252,365,18,2026-07-17
INV0004680,WH010,PRD00977,201,79,2026-07-02
INV0004681,WH010,PRD00826,290,11,2026-07-18
INV0004682,WH010,PRD00237,458,52,2026-07-20
INV0004683,WH010,PRD00315,689,55,2026-07-19
INV0004684,WH010,PRD00150,936,29,2026-07-13
INV0004685,WH010,PRD00510,114,48,2026-07-03
INV0004686,WH010,PRD00857,90,62,2026-07-04
INV0004687,WH010,PRD00004,325,63,2026-07-11
INV0004688,WH010,PRD00384,1013,20,2026-07-03
INV0004689,WH010,PRD00760,399,52,2026-07-21
INV0004690,WH010,PRD00791,913,52,2026-07-30
INV0004691,WH010,PRD00631,530,58,2026-07-10
INV0004692,WH010,PRD00553,885,52,2026-07-21
INV0004693,WH010,PRD00453,961,80,2026-07-29
INV0004694,WH010,PRD00430,853,32,2026-08-01
INV0004695,WH010,PRD00608,320,20,2026-07-20
INV0004696,WH010,PRD00582,225,16,2026-07-06
INV0004697,WH010,PRD00248,400,32,2026-07-05
INV0004698,WH010,PRD00513,1192,32,2026-07-06
INV0004699,WH010,PRD00186,694,57,2026-07-27
INV0004700,WH010,PRD00040,546,33,2026-07-13
INV0004701,WH010,PRD00039,178,58,2026-07-19
INV0004702,WH010,PRD00663,554,68,2026-07-10
INV0004703,WH010,PRD00647,376,54,2026-07-29
INV0004704,WH010,PRD00310,616,67,2026-07-12
INV0004705,WH010,PRD00173,149,3,2026-07-14
INV0004706,WH010,PRD00440,696,61,2026-07-16
INV0004707,WH010,PRD00046,145,71,2026-07-25
INV0004708,WH010,PRD00417,417,66,2026-07-12
INV0004709,WH010,PRD00522,34,62,2026-08-01
INV0004710,WH010,PRD00427,452,80,2026-07-25
INV0004711,WH010,PRD00925,237,44,2026-07-20
INV0004712,WH010,PRD00084,855,61,2026-08-01
INV0004713,WH010,PRD00432,696,24,2026-07-06
INV0004714,WH010,PRD00900,508,5,2026-07-15
INV0004715,WH010,PRD00579,672,11,2026-07-13
INV0004716,WH010,PRD00526,1096,25,2026-07-15
INV0004717,WH010,PRD00985,789,7,2026-07-20
INV0004718,WH010,PRD00428,1164,51,2026-07-10
INV0004719,WH010,PRD00260,374,39,2026-07-13
INV0004720,WH010,PRD00816,1121,77,2026-07-21
INV0004721,WH010,PRD00934,853,73,2026-07-30
INV0004722,WH010,PRD00446,130,5,2026-07-06
INV0004723,WH010,PRD00695,397,1,2026-07-02
INV0004724,WH010,PRD00844,1111,75,2026-07-18
INV0004725,WH010,PRD00141,734,67,2026-07-20
INV0004726,WH010,PRD00516,436,71,2026-07-10
INV0004727,WH010,PRD00407,57,33,2026-07-31
INV0004728,WH010,PRD00558,607,34,2026-07-29
INV0004729,WH010,PRD00297,796,9,2026-07-20
INV0004730,WH010,PRD00502,831,12,2026-07-26
INV0004731,WH010,PRD00563,7,50,2026-07-26
INV0004732,WH010,PRD00800,671,36,2026-07-16
INV0004733,WH010,PRD00531,715,24,2026-07-14
INV0004734,WH010,PRD00590,858,11,2026-07-12
INV0004735,WH010,PRD00980,26,37,2026-07-07
INV0004736,WH010,PRD00012,1054,2,2026-07-16
INV0004737,WH010,PRD00885,1150,0,2026-07-22
INV0004738,WH010,PRD00874,979,33,2026-07-05
INV0004739,WH010,PRD00588,1193,66,2026-07-10
INV0004740,WH010,PRD00416,992,46,2026-07-16
INV0004741,WH010,PRD00316,518,6,2026-07-27
INV0004742,WH010,PRD00340,614,75,2026-07-25
INV0004743,WH010,PRD00131,1027,58,2026-07-30
INV0004744,WH010,PRD00996,441,68,2026-07-13
INV0004745,WH010,PRD00515,291,58,2026-07-14
INV0004746,WH010,PRD00926,470,43,2026-07-11
INV0004747,WH010,PRD00487,576,33,2026-07-11
INV0004748,WH010,PRD00351,550,43,2026-07-07
INV0004749,WH010,PRD00047,1108,79,2026-08-01
INV0004750,WH010,PRD00094,700,56,2026-07-03
INV0004751,WH010,PRD00790,414,7,2026-07-02
INV0004752,WH010,PRD00144,255,75,2026-07-09
INV0004753,WH010,PRD00471,660,16,2026-07-20
INV0004754,WH010,PRD00271,153,35,2026-07-10
INV0004755,WH010,PRD00605,722,56,2026-07-12
INV0004756,WH010,PRD00288,1060,21,2026-07-06
INV0004757,WH010,PRD00843,604,47,2026-07-09
INV0004758,WH010,PRD00763,822,54,2026-07-25
INV0004759,WH010,PRD00596,889,27,2026-07-31
INV0004760,WH010,PRD00845,734,14,2026-07-28
INV0004761,WH010,PRD00180,1058,10,2026-07-19
INV0004762,WH010,PRD00639,400,56,2026-07-13
INV0004763,WH010,PRD00372,1198,55,2026-07-25
INV0004764,WH010,PRD00291,182,58,2026-07-25
INV0004765,WH010,PRD00640,403,25,2026-07-05
INV0004766,WH010,PRD00373,1146,45,2026-07-20
INV0004767,WH010,PRD00376,1128,80,2026-07-25
INV0004768,WH010,PRD00433,807,73,2026-07-08
INV0004769,WH010,PRD00992,682,57,2026-07-31
INV0004770,WH010,PRD00610,122,14,2026-07-22
INV0004771,WH010,PRD00780,69,31,2026-07-24
INV0004772,WH010,PRD00070,418,15,2026-07-05
INV0004773,WH010,PRD00001,877,19,2026-07-13
INV0004774,WH010,PRD00108,362,25,2026-07-09
INV0004775,WH010,PRD00927,658,51,2026-07-27
INV0004776,WH010,PRD00337,253,30,2026-07-24
INV0004777,WH010,PRD00020,398,30,2026-07-21
INV0004778,WH010,PRD00702,915,11,2026-07-08
INV0004779,WH010,PRD00360,354,2,2026-07-04
INV0004780,WH010,PRD00877,660,62,2026-07-23
INV0004781,WH010,PRD00735,263,8,2026-07-25
INV0004782,WH010,PRD00678,1095,54,2026-08-01
INV0004783,WH010,PRD00238,778,64,2026-07-27
INV0004784,WH010,PRD00865,1086,78,2026-07-18
INV0004785,WH010,PRD00827,272,65,2026-07-18
INV0004786,WH010,PRD00225,68,18,2026-07-24
INV0004787,WH010,PRD00045,757,51,2026-07-23
INV0004788,WH010,PRD00657,670,29,2026-07-04
INV0004789,WH010,PRD00710,244,6,2026-07-17
INV0004790,WH010,PRD00940,815,74,2026-07-10
INV0004791,WH010,PRD00883,113,61,2026-08-01
INV0004792,WH010,PRD00746,30,73,2026-07-20
INV0004793,WH010,PRD00796,83,70,2026-07-14
INV0004794,WH010,PRD00742,893,59,2026-07-23
INV0004795,WH010,PRD00529,540,29,2026-07-12
INV0004796,WH010,PRD00505,661,75,2026-07-08
INV0004797,WH010,PRD00840,462,35,2026-07-21
INV0004798,WH010,PRD00668,1009,9,2026-07-19
INV0004799,WH010,PRD00448,231,46,2026-07-04
INV0004800,WH010,PRD00744,871,26,2026-07-25
INV0004801,WH010,PRD00736,797,2,2026-07-19
INV0004802,WH010,PRD00828,166,2,2026-07-08
INV0004803,WH010,PRD00957,161,31,2026-07-11
INV0004804,WH010,PRD00361,335,27,2026-07-30
INV0004805,WH010,PRD00528,368,24,2026-08-01
INV0004806,WH010,PRD00689,466,51,2026-07-17
INV0004807,WH010,PRD00018,326,54,2026-07-16
INV0004808,WH010,PRD00009,579,56,2026-07-25
INV0004809,WH010,PRD00862,80,69,2026-07-30
INV0004810,WH010,PRD00420,841,76,2026-07-31
INV0004811,WH010,PRD00161,404,43,2026-08-01
INV0004812,WH010,PRD00495,424,34,2026-07-28
INV0004813,WH010,PRD00879,89,51,2026-07-28
INV0004814,WH010,PRD00067,1039,78,2026-07-22
INV0004815,WH010,PRD00441,1079,1,2026-07-24
INV0004816,WH010,PRD00184,279,37,2026-07-04
INV0004817,WH010,PRD00492,1135,42,2026-07-06
INV0004818,WH010,PRD00691,204,80,2026-07-30
INV0004819,WH010,PRD00051,882,67,2026-07-09
INV0004820,WH010,PRD00449,1143,28,2026-07-14
INV0004821,WH010,PRD00082,327,9,2026-07-06
INV0004822,WH010,PRD00073,133,39,2026-07-07
INV0004823,WH010,PRD00399,504,48,2026-07-17
INV0004824,WH010,PRD00115,1127,44,2026-07-16
INV0004825,WH010,PRD00617,924,29,2026-07-26
INV0004826,WH010,PRD00559,541,49,2026-07-20
INV0004827,WH010,PRD00118,988,54,2026-07-03
INV0004828,WH010,PRD00162,817,67,2026-07-28
INV0004829,WH010,PRD00534,425,6,2026-08-01
INV0004830,WH010,PRD00177,999,26,2026-07-17
INV0004831,WH010,PRD00524,29,30,2026-07-04
INV0004832,WH010,PRD00221,1034,57,2026-07-07
INV0004833,WH010,PRD00618,1011,37,2026-07-05
INV0004834,WH010,PRD00140,885,34,2026-07-25
INV0004835,WH010,PRD00385,1039,43,2026-08-01
INV0004836,WH010,PRD00253,1074,66,2026-07-05
INV0004837,WH010,PRD00761,342,47,2026-07-11
INV0004838,WH010,PRD00823,923,3,2026-07-23
INV0004839,WH010,PRD00107,544,43,2026-07-08
INV0004840,WH010,PRD00803,713,32,2026-07-27
INV0004841,WH010,PRD00258,1142,31,2026-07-21
INV0004842,WH010,PRD00379,1048,69,2026-07-02
INV0004843,WH010,PRD00855,981,80,2026-07-24
INV0004844,WH010,PRD00148,352,12,2026-07-31
INV0004845,WH010,PRD00500,1190,34,2026-07-25
INV0004846,WH010,PRD00508,1113,5,2026-07-21
INV0004847,WH010,PRD00198,576,58,2026-07-06
INV0004848,WH010,PRD00079,540,65,2026-07-14
INV0004849,WH010,PRD00703,1046,29,2026-08-01
INV0004850,WH010,PRD00933,245,66,2026-07-08
INV0004851,WH010,PRD00813,871,6,2026-07-03
INV0004852,WH010,PRD00921,1097,3,2026-07-08
INV0004853,WH010,PRD00068,959,47,2026-07-07
INV0004854,WH010,PRD00213,450,73,2026-07-25
INV0004855,WH010,PRD00443,1131,46,2026-07-08
INV0004856,WH010,PRD00611,769,57,2026-07-08
INV0004857,WH010,PRD00139,867,1,2026-07-02
INV0004858,WH010,PRD00200,59,32,2026-07-27
INV0004859,WH010,PRD00071,981,5,2026-07-14
INV0004860,WH010,PRD00330,1054,30,2026-07-13
INV0004861,WH010,PRD00778,842,42,2026-07-23
INV0004862,WH010,PRD00868,1076,80,2026-07-14
INV0004863,WH010,PRD00097,614,80,2026-07-26
INV0004864,WH010,PRD00622,442,65,2026-07-12
INV0004865,WH010,PRD00098,16,46,2026-07-26
INV0004866,WH010,PRD00172,841,29,2026-07-24
INV0004867,WH010,PRD00654,908,80,2026-07-30
INV0004868,WH010,PRD00785,793,63,2026-07-16
INV0004869,WH010,PRD00491,83,32,2026-07-08
INV0004870,WH010,PRD00567,909,70,2026-07-31
INV0004871,WH010,PRD00849,705,80,2026-07-11
INV0004872,WH010,PRD00914,634,32,2026-07-21
INV0004873,WH010,PRD00282,268,74,2026-07-27
INV0004874,WH010,PRD00714,759,65,2026-07-27
INV0004875,WH010,PRD00687,536,74,2026-07-29
INV0004876,WH010,PRD00025,587,69,2026-08-01
INV0004877,WH010,PRD00589,1143,57,2026-07-24
INV0004878,WH010,PRD00630,668,73,2026-07-27
INV0004879,WH010,PRD00903,198,64,2026-07-14
INV0004880,WH010,PRD00056,414,12,2026-07-08
INV0004881,WH010,PRD00569,81,44,2026-07-16
INV0004882,WH010,PRD00215,984,49,2026-07-08
INV0004883,WH010,PRD00166,1066,51,2026-07-07
INV0004884,WH010,PRD00894,526,48,2026-07-30
INV0004885,WH010,PRD00586,1125,35,2026-07-05
INV0004886,WH010,PRD00346,169,49,2026-07-22
INV0004887,WH010,PRD00642,1020,8,2026-07-24
INV0004888,WH010,PRD00375,212,63,2026-07-04
INV0004889,WH010,PRD00595,1129,57,2026-07-08
INV0004890,WH010,PRD00676,639,15,2026-08-01
INV0004891,WH010,PRD00539,669,51,2026-07-19
INV0004892,WH010,PRD00950,397,16,2026-07-19
INV0004893,WH010,PRD00890,365,35,2026-07-19
INV0004894,WH010,PRD00406,446,4,2026-07-27
INV0004895,WH010,PRD00354,696,63,2026-07-15
INV0004896,WH010,PRD00928,848,43,2026-07-05
INV0004897,WH010,PRD00470,476,42,2026-07-17
INV0004898,WH010,PRD00967,1129,49,2026-07-19
INV0004899,WH010,PRD00413,800,58,2026-07-04
INV0004900,WH010,PRD00343,437,54,2026-07-06
INV0004901,WH010,PRD00743,57,28,2026-07-03
INV0004902,WH010,PRD00089,297,12,2026-07-29
INV0004903,WH010,PRD00982,340,35,2026-07-22
INV0004904,WH010,PRD00521,1150,54,2026-07-30
INV0004905,WH010,PRD00701,733,35,2026-07-17
INV0004906,WH010,PRD00295,1183,64,2026-07-05
INV0004907,WH010,PRD00835,611,33,2026-07-10
INV0004908,WH010,PRD00393,207,69,2026-07-11
INV0004909,WH010,PRD00460,712,8,2026-07-13
INV0004910,WH010,PRD00939,841,65,2026-07-26
INV0004911,WH010,PRD00156,324,61,2026-07-09
INV0004912,WH010,PRD00820,858,18,2026-07-07
INV0004913,WH010,PRD00548,1091,75,2026-07-12
INV0004914,WH010,PRD00651,119,65,2026-07-28
INV0004915,WH010,PRD00571,449,62,2026-07-29
INV0004916,WH010,PRD00592,56,47,2026-07-14
INV0004917,WH010,PRD00005,857,1,2026-07-27
INV0004918,WH010,PRD00197,404,28,2026-07-10
INV0004919,WH010,PRD00824,1043,2,2026-07-24
INV0004920,WH010,PRD00091,912,31,2026-07-28
INV0004921,WH010,PRD00755,1005,23,2026-07-28
INV0004922,WH010,PRD00251,558,24,2026-07-10
INV0004923,WH010,PRD00292,1002,40,2026-07-02
INV0004924,WH010,PRD00387,1106,12,2026-07-29
INV0004925,WH010,PRD00119,872,17,2026-07-21
INV0004926,WH010,PRD00423,1174,49,2026-07-03
INV0004927,WH010,PRD00570,913,8,2026-07-16
INV0004928,WH010,PRD00228,754,9,2026-07-29
INV0004929,WH010,PRD00576,549,56,2026-07-18
INV0004930,WH010,PRD00875,953,15,2026-07-20
INV0004931,WH010,PRD00113,414,14,2026-07-10
INV0004932,WH010,PRD00619,646,78,2026-07-26
INV0004933,WH010,PRD00208,1072,6,2026-07-13
INV0004934,WH010,PRD00581,822,18,2026-07-12
INV0004935,WH010,PRD00362,951,65,2026-07-08
INV0004936,WH010,PRD00769,807,14,2026-07-30
INV0004937,WH010,PRD00930,1061,73,2026-07-30
INV0004938,WH010,PRD00163,1159,21,2026-07-15
INV0004939,WH010,PRD00917,472,35,2026-07-08
INV0004940,WH010,PRD00888,549,4,2026-07-06
INV0004941,WH010,PRD00193,267,55,2026-07-12
INV0004942,WH010,PRD00304,93,65,2026-07-04
INV0004943,WH010,PRD00975,460,42,2026-07-11
INV0004944,WH010,PRD00861,1137,69,2026-07-09
INV0004945,WH010,PRD00705,1160,59,2026-07-23
INV0004946,WH010,PRD00707,434,47,2026-07-12
INV0004947,WH010,PRD00974,625,7,2026-07-05
INV0004948,WH010,PRD00359,1042,40,2026-07-08
INV0004949,WH010,PRD00649,1123,37,2026-07-27
INV0004950,WH010,PRD00575,2,38,2026-07-13
INV0004951,WH010,PRD00466,742,80,2026-07-24
INV0004952,WH010,PRD00195,366,64,2026-07-17
INV0004953,WH010,PRD00402,795,59,2026-07-11
INV0004954,WH010,PRD00929,694,55,2026-07-18
INV0004955,WH010,PRD00077,646,29,2026-07-08
INV0004956,WH010,PRD00418,1066,52,2026-07-19
INV0004957,WH010,PRD00319,1147,66,2026-07-30
INV0004958,WH010,PRD00454,638,43,2026-07-12
INV0004959,WH010,PRD00773,435,75,2026-07-06
INV0004960,WH010,PRD00355,266,39,2026-07-06
INV0004961,WH010,PRD00892,178,25,2026-07-09
INV0004962,WH010,PRD00841,415,62,2026-07-26
INV0004963,WH010,PRD00636,385,22,2026-07-02
INV0004964,WH010,PRD00478,809,38,2026-07-06
INV0004965,WH010,PRD00445,106,66,2026-07-29
INV0004966,WH010,PRD00696,612,39,2026-07-23
INV0004967,WH010,PRD00718,1151,73,2026-07-02
INV0004968,WH010,PRD00783,123,18,2026-08-01
INV0004969,WH010,PRD00986,1066,37,2026-07-28
INV0004970,WH010,PRD00675,957,29,2026-07-21
INV0004971,WH010,PRD00386,1191,13,2026-07-14
INV0004972,WH010,PRD00081,261,11,2026-07-22
INV0004973,WH010,PRD00191,975,64,2026-07-19
INV0004974,WH010,PRD00583,526,35,2026-07-10
INV0004975,WH010,PRD00442,1087,20,2026-07-14
INV0004976,WH010,PRD00876,887,10,2026-07-07
INV0004977,WH010,PRD00886,343,1,2026-07-07
INV0004978,WH010,PRD00724,641,18,2026-07-11
INV0004979,WH010,PRD00276,1045,57,2026-08-01
INV0004980,WH010,PRD00599,72,15,2026-07-14
INV0004981,WH010,PRD00061,97,48,2026-07-27
INV0004982,WH010,PRD00167,585,54,2026-07-08
INV0004983,WH010,PRD00958,763,19,2026-07-04
INV0004984,WH010,PRD00924,134,80,2026-07-11
INV0004985,WH010,PRD00889,258,19,2026-07-21
INV0004986,WH010,PRD00997,830,19,2026-07-24
INV0004987,WH010,PRD00983,594,28,2026-07-18
INV0004988,WH010,PRD00280,849,19,2026-07-06
INV0004989,WH010,PRD00698,319,4,2026-07-19
INV0004990,WH010,PRD00048,857,44,2026-07-24
INV0004991,WH010,PRD00033,751,53,2026-07-04
INV0004992,WH010,PRD00578,861,63,2026-07-31
INV0004993,WH010,PRD00732,388,56,2026-07-31
INV0004994,WH010,PRD00338,900,6,2026-07-30
INV0004995,WH010,PRD00793,104,72,2026-07-04
INV0004996,WH010,PRD00130,767,46,2026-07-17
INV0004997,WH010,PRD00007,723,29,2026-07-03
INV0004998,WH010,PRD00814,1039,67,2026-07-02
INV0004999,WH010,PRD00412,264,43,2026-07-08
INV0005000,WH010,PRD00629,927,71,2026-07-24
