purchase_order_id,supplier_id,warehouse_id,order_date,expected_delivery_date,actual_delivery_date,status
PO0000001,SUP0024,WH005,2025-09-09,2025-09-22,2025-09-22,Delivered
PO0000002,SUP0068,WH001,2025-02-14,2025-02-23,2025-02-24,Delivered
PO0000003,SUP0011,WH002,2025-09-14,2025-09-19,2025-09-20,Delivered
PO0000004,SUP0023,WH005,2026-05-22,2026-06-01,2026-06-01,Delivered
PO0000005,SUP0008,WH009,2026-02-21,2026-03-07,2026-03-10,Delivered
PO0000006,SUP0073,WH004,2026-03-10,2026-03-24,2026-03-24,Delivered
PO0000007,SUP0096,WH003,2026-01-11,2026-01-22,2026-01-22,Delivered
PO0000008,SUP0021,WH002,2026-02-08,2026-02-19,2026-02-19,Delivered
PO0000009,SUP0033,WH008,2025-05-11,2025-05-15,2025-05-15,Delivered
PO0000010,SUP0059,WH010,2025-11-29,2025-12-01,2025-12-01,Delivered
PO0000011,SUP0095,WH008,2026-05-08,2026-05-21,2026-05-21,Delivered
PO0000012,SUP0056,WH009,2026-01-18,2026-01-28,2026-01-29,Delivered
PO0000013,SUP0086,WH010,2026-02-01,2026-02-11,2026-02-13,Delivered
PO0000014,SUP0063,WH009,2026-04-11,2026-04-25,2026-04-25,Delivered
PO0000015,SUP0049,WH004,2026-04-04,2026-04-13,2026-04-18,Cancelled
PO0000016,SUP0002,WH009,2026-06-11,2026-06-21,2026-06-21,Delivered
PO0000017,SUP0080,WH003,2025-11-26,2025-12-09,2025-12-09,Delivered
PO0000018,SUP0015,WH006,2026-01-31,2026-02-03,2026-02-11,Delivered
PO0000019,SUP0033,WH005,2026-08-24,2026-08-29,,In Transit
PO0000020,SUP0042,WH008,2025-03-18,2025-03-26,2025-03-26,Delivered
PO0000021,SUP0028,WH005,2026-07-03,2026-07-07,2026-07-08,Delivered
PO0000022,SUP0026,WH003,2026-02-13,2026-02-24,2026-02-24,Delivered
PO0000023,SUP0091,WH006,2025-03-24,2025-03-29,2025-03-31,Delivered
PO0000024,SUP0017,WH003,2026-08-12,2026-08-25,,In Transit
PO0000025,SUP0007,WH009,2025-03-01,2025-03-06,2025-03-08,Delivered
PO0000026,SUP0070,WH004,2026-07-06,2026-07-19,2026-07-19,Delivered
PO0000027,SUP0059,WH006,2026-05-23,2026-06-04,2026-06-05,Delivered
PO0000028,SUP0064,WH008,2025-06-23,2025-06-26,2025-06-26,Delivered
PO0000029,SUP0089,WH005,2026-01-05,2026-01-14,2026-01-14,Delivered
PO0000030,SUP0069,WH006,2025-06-25,2025-07-01,2025-07-01,Delivered
PO0000031,SUP0016,WH004,2026-04-06,2026-04-13,2026-04-15,Delivered
PO0000032,SUP0070,WH006,2026-06-09,2026-06-17,2026-06-17,Delivered
PO0000033,SUP0035,WH008,2025-08-23,2025-08-27,2025-08-27,Delivered
PO0000034,SUP0022,WH008,2025-03-21,2025-03-27,2025-03-29,Delivered
PO0000035,SUP0032,WH008,2026-07-10,2026-07-21,2026-07-24,Delivered
PO0000036,SUP0028,WH009,2026-05-12,2026-05-25,2026-05-25,Delivered
PO0000037,SUP0055,WH005,2025-09-21,2025-10-03,2025-10-03,Delivered
PO0000038,SUP0073,WH002,2025-09-19,2025-09-21,2025-09-21,Delivered
PO0000039,SUP0066,WH009,2025-01-20,2025-01-25,2025-01-25,Delivered
PO0000040,SUP0058,WH005,2025-12-27,2026-01-06,2026-01-06,Delivered
PO0000041,SUP0048,WH006,2025-06-18,2025-06-22,2025-06-22,Delivered
PO0000042,SUP0096,WH010,2025-04-28,2025-05-04,2025-05-09,Delivered
PO0000043,SUP0071,WH007,2025-03-20,2025-03-22,2025-03-22,Delivered
PO0000044,SUP0010,WH009,2025-07-25,2025-08-08,2025-08-08,Delivered
PO0000045,SUP0022,WH002,2025-06-03,2025-06-07,2025-06-07,Delivered
PO0000046,SUP0012,WH007,2025-08-19,2025-08-26,2025-08-28,Delivered
PO0000047,SUP0064,WH007,2026-01-17,2026-01-19,2026-01-19,Delivered
PO0000048,SUP0003,WH002,2026-03-06,2026-03-09,2026-03-09,Delivered
PO0000049,SUP0079,WH006,2025-02-02,2025-02-10,2025-02-12,Delivered
PO0000050,SUP0073,WH007,2026-05-23,2026-05-26,2026-05-26,Delivered
PO0000051,SUP0067,WH010,2025-01-27,2025-02-01,2025-02-03,Delivered
PO0000052,SUP0004,WH010,2025-08-27,2025-09-02,2025-09-02,Cancelled
PO0000053,SUP0055,WH009,2025-03-18,2025-04-01,2025-04-01,Delivered
PO0000054,SUP0044,WH008,2025-06-04,2025-06-07,2025-06-07,Delivered
PO0000055,SUP0024,WH004,2026-01-17,2026-01-26,2026-01-26,Cancelled
PO0000056,SUP0049,WH001,2025-02-22,2025-02-27,2025-03-04,Delivered
PO0000057,SUP0077,WH010,2026-04-25,2026-04-30,2026-05-03,Delivered
PO0000058,SUP0089,WH006,2026-06-17,2026-06-26,2026-06-29,Cancelled
PO0000059,SUP0057,WH009,2025-03-12,2025-03-25,2025-03-27,Delivered
PO0000060,SUP0070,WH006,2025-12-09,2025-12-19,2025-12-19,Delivered
PO0000061,SUP0064,WH002,2025-11-16,2025-11-18,2025-11-18,Delivered
PO0000062,SUP0081,WH009,2026-03-05,2026-03-07,2026-03-08,Delivered
PO0000063,SUP0041,WH010,2025-11-08,2025-11-15,2025-11-15,Delivered
PO0000064,SUP0076,WH003,2026-06-01,2026-06-04,2026-06-04,Delivered
PO0000065,SUP0095,WH004,2025-12-14,2025-12-18,2025-12-18,Delivered
PO0000066,SUP0092,WH006,2025-11-27,2025-12-03,2025-12-03,Delivered
PO0000067,SUP0066,WH009,2025-11-19,2025-12-02,2025-12-02,Delivered
PO0000068,SUP0037,WH004,2025-03-16,2025-03-26,2025-03-26,Delivered
PO0000069,SUP0073,WH004,2026-03-11,2026-03-13,2026-03-14,Delivered
PO0000070,SUP0078,WH002,2025-09-07,2025-09-20,2025-09-20,Delivered
PO0000071,SUP0075,WH008,2025-01-17,2025-01-23,2025-01-26,Delivered
PO0000072,SUP0068,WH010,2025-06-17,2025-06-26,2025-06-27,Delivered
PO0000073,SUP0037,WH010,2025-01-18,2025-01-21,2025-01-21,Delivered
PO0000074,SUP0055,WH003,2026-02-03,2026-02-08,2026-02-08,Delivered
PO0000075,SUP0089,WH001,2026-02-19,2026-02-27,2026-02-28,Delivered
PO0000076,SUP0054,WH009,2026-02-01,2026-02-09,2026-02-09,Delivered
PO0000077,SUP0027,WH007,2025-08-26,2025-09-02,2025-09-04,Delivered
PO0000078,SUP0094,WH006,2026-02-28,2026-03-11,2026-03-14,Delivered
PO0000079,SUP0100,WH005,2025-03-12,2025-03-18,2025-03-18,Delivered
PO0000080,SUP0041,WH010,2025-08-27,2025-09-08,2025-09-08,Delivered
PO0000081,SUP0035,WH007,2025-08-03,2025-08-08,2025-08-09,Delivered
PO0000082,SUP0051,WH005,2026-03-21,2026-03-27,2026-03-27,Delivered
PO0000083,SUP0099,WH009,2025-02-12,2025-02-21,2025-02-22,Delivered
PO0000084,SUP0042,WH010,2025-12-04,2025-12-06,2025-12-06,Delivered
PO0000085,SUP0051,WH007,2025-09-11,2025-09-15,2025-09-15,Delivered
PO0000086,SUP0039,WH010,2025-07-28,2025-08-11,2025-08-11,Delivered
PO0000087,SUP0023,WH008,2025-05-02,2025-05-04,2025-05-12,Delivered
PO0000088,SUP0069,WH010,2025-05-02,2025-05-10,2025-05-13,Delivered
PO0000089,SUP0032,WH001,2026-05-10,2026-05-17,2026-05-19,Delivered
PO0000090,SUP0046,WH008,2026-07-25,2026-08-06,2026-08-06,Delivered
PO0000091,SUP0015,WH007,2025-12-14,2025-12-19,2025-12-19,Delivered
PO0000092,SUP0072,WH005,2025-04-06,2025-04-09,2025-04-09,Delivered
PO0000093,SUP0020,WH005,2026-08-07,2026-08-17,2026-08-17,Delivered
PO0000094,SUP0037,WH005,2025-04-02,2025-04-09,2025-04-09,Delivered
PO0000095,SUP0041,WH010,2026-08-26,2026-08-28,,In Transit
PO0000096,SUP0051,WH002,2025-06-03,2025-06-12,2025-06-12,Delivered
PO0000097,SUP0004,WH009,2025-04-01,2025-04-04,2025-04-04,Delivered
PO0000098,SUP0022,WH010,2025-12-11,2025-12-25,2025-12-28,Delivered
PO0000099,SUP0100,WH002,2025-02-04,2025-02-07,2025-02-12,Delivered
PO0000100,SUP0047,WH005,2025-06-16,2025-06-30,2025-06-30,Delivered
PO0000101,SUP0014,WH009,2026-03-11,2026-03-19,2026-03-19,Delivered
PO0000102,SUP0031,WH003,2026-02-05,2026-02-16,2026-02-19,Delivered
PO0000103,SUP0035,WH004,2025-05-29,2025-06-06,2025-06-06,Delivered
PO0000104,SUP0084,WH005,2026-04-22,2026-05-05,2026-05-07,Delivered
PO0000105,SUP0014,WH008,2026-04-02,2026-04-04,2026-04-04,Delivered
PO0000106,SUP0062,WH004,2025-07-21,2025-07-23,2025-07-23,Delivered
PO0000107,SUP0062,WH004,2026-05-02,2026-05-14,2026-05-14,Delivered
PO0000108,SUP0001,WH009,2025-11-03,2025-11-12,2025-11-12,Delivered
PO0000109,SUP0052,WH004,2025-05-12,2025-05-25,2025-05-25,Delivered
PO0000110,SUP0007,WH003,2025-02-14,2025-02-28,2025-02-28,Delivered
PO0000111,SUP0084,WH001,2025-01-14,2025-01-23,2025-01-23,Delivered
PO0000112,SUP0015,WH007,2026-04-16,2026-04-29,2026-05-04,Delivered
PO0000113,SUP0020,WH008,2026-03-20,2026-04-03,2026-04-05,Delivered
PO0000114,SUP0049,WH001,2025-09-19,2025-09-23,2025-09-23,Delivered
PO0000115,SUP0053,WH001,2025-01-10,2025-01-17,2025-01-22,Delivered
PO0000116,SUP0067,WH005,2026-08-16,2026-08-18,2026-08-21,Delivered
PO0000117,SUP0043,WH003,2026-06-11,2026-06-20,2026-06-20,Delivered
PO0000118,SUP0025,WH009,2025-04-26,2025-05-09,2025-05-12,Delivered
PO0000119,SUP0100,WH008,2025-03-21,2025-03-27,2025-03-27,Delivered
PO0000120,SUP0076,WH010,2026-01-09,2026-01-17,2026-01-17,Delivered
PO0000121,SUP0059,WH003,2025-11-07,2025-11-12,2025-11-12,Delivered
PO0000122,SUP0086,WH007,2025-04-02,2025-04-11,2025-04-11,Delivered
PO0000123,SUP0038,WH008,2026-06-21,2026-06-26,2026-06-26,Delivered
PO0000124,SUP0093,WH005,2025-03-08,2025-03-11,2025-03-11,Delivered
PO0000125,SUP0086,WH008,2025-04-19,2025-04-28,2025-04-29,Delivered
PO0000126,SUP0056,WH006,2025-02-25,2025-03-01,2025-03-01,Delivered
PO0000127,SUP0078,WH007,2025-10-06,2025-10-09,2025-10-09,Delivered
PO0000128,SUP0090,WH004,2025-09-16,2025-09-28,2025-10-03,Delivered
PO0000129,SUP0098,WH005,2025-10-29,2025-11-12,2025-11-12,Delivered
PO0000130,SUP0056,WH008,2025-11-13,2025-11-21,2025-11-26,Delivered
PO0000131,SUP0023,WH007,2025-05-25,2025-06-06,2025-06-06,Delivered
PO0000132,SUP0036,WH003,2025-09-13,2025-09-22,2025-09-30,Delivered
PO0000133,SUP0064,WH010,2026-01-25,2026-01-31,2026-01-31,Delivered
PO0000134,SUP0088,WH010,2025-07-25,2025-08-05,2025-08-05,Delivered
PO0000135,SUP0093,WH004,2025-08-17,2025-08-25,2025-08-26,Delivered
PO0000136,SUP0077,WH009,2026-08-12,2026-08-17,2026-08-17,Delivered
PO0000137,SUP0036,WH002,2026-01-11,2026-01-20,2026-01-23,Delivered
PO0000138,SUP0033,WH001,2026-03-04,2026-03-18,2026-03-18,Cancelled
PO0000139,SUP0041,WH010,2026-04-01,2026-04-12,2026-04-12,Delivered
PO0000140,SUP0054,WH009,2026-03-29,2026-04-06,2026-04-06,Delivered
PO0000141,SUP0075,WH004,2026-01-11,2026-01-17,2026-01-17,Delivered
PO0000142,SUP0016,WH005,2025-05-21,2025-05-26,2025-05-26,Cancelled
PO0000143,SUP0025,WH003,2026-07-13,2026-07-19,2026-07-19,Delivered
PO0000144,SUP0065,WH004,2026-01-01,2026-01-06,2026-01-06,Delivered
PO0000145,SUP0019,WH003,2026-08-05,2026-08-09,2026-08-09,Delivered
PO0000146,SUP0061,WH004,2026-01-16,2026-01-29,2026-01-30,Delivered
PO0000147,SUP0083,WH009,2025-07-10,2025-07-24,2025-07-24,Delivered
PO0000148,SUP0088,WH007,2026-05-04,2026-05-08,2026-05-08,Delivered
PO0000149,SUP0021,WH002,2026-01-26,2026-02-05,2026-02-05,Delivered
PO0000150,SUP0038,WH010,2025-01-27,2025-02-04,2025-02-06,Delivered
PO0000151,SUP0018,WH003,2025-10-16,2025-10-30,2025-11-01,Delivered
PO0000152,SUP0083,WH006,2026-03-10,2026-03-23,2026-03-23,Delivered
PO0000153,SUP0094,WH007,2025-11-24,2025-11-29,2025-11-29,Delivered
PO0000154,SUP0035,WH002,2025-07-04,2025-07-11,2025-07-16,Delivered
PO0000155,SUP0016,WH008,2025-12-03,2025-12-11,2025-12-11,Cancelled
PO0000156,SUP0074,WH005,2026-06-16,2026-06-18,2026-06-21,Delivered
PO0000157,SUP0009,WH006,2025-11-15,2025-11-17,2025-11-17,Delivered
PO0000158,SUP0031,WH005,2025-11-03,2025-11-14,2025-11-14,Delivered
PO0000159,SUP0018,WH003,2025-11-12,2025-11-20,2025-11-25,Delivered
PO0000160,SUP0044,WH001,2025-08-26,2025-09-09,2025-09-11,Delivered
PO0000161,SUP0076,WH001,2026-05-28,2026-06-04,2026-06-04,Delivered
PO0000162,SUP0066,WH007,2026-03-18,2026-03-21,2026-03-23,Delivered
PO0000163,SUP0094,WH002,2025-04-30,2025-05-04,2025-05-04,Delivered
PO0000164,SUP0083,WH001,2025-11-25,2025-12-06,2025-12-09,Delivered
PO0000165,SUP0064,WH001,2025-11-04,2025-11-15,2025-11-15,Delivered
PO0000166,SUP0040,WH001,2026-04-15,2026-04-29,2026-04-29,Delivered
PO0000167,SUP0083,WH003,2025-10-07,2025-10-20,2025-10-25,Delivered
PO0000168,SUP0090,WH008,2026-01-28,2026-01-31,2026-02-03,Delivered
PO0000169,SUP0064,WH001,2025-03-03,2025-03-12,2025-03-15,Delivered
PO0000170,SUP0087,WH003,2026-08-11,2026-08-13,2026-08-18,Delivered
PO0000171,SUP0080,WH003,2025-02-15,2025-02-24,2025-02-24,Delivered
PO0000172,SUP0030,WH010,2025-01-24,2025-02-02,2025-02-03,Delivered
PO0000173,SUP0075,WH007,2026-07-12,2026-07-21,2026-07-22,Delivered
PO0000174,SUP0015,WH009,2026-02-17,2026-02-26,2026-02-26,Delivered
PO0000175,SUP0034,WH002,2025-12-22,2025-12-26,2025-12-27,Delivered
PO0000176,SUP0065,WH004,2025-04-02,2025-04-16,2025-04-16,Delivered
PO0000177,SUP0041,WH010,2025-01-20,2025-02-01,2025-02-01,Delivered
PO0000178,SUP0049,WH002,2026-08-02,2026-08-11,2026-08-12,Delivered
PO0000179,SUP0053,WH001,2026-07-22,2026-08-04,2026-08-05,Delivered
PO0000180,SUP0094,WH005,2025-01-13,2025-01-18,2025-01-20,Delivered
PO0000181,SUP0048,WH006,2026-05-31,2026-06-02,2026-06-03,Delivered
PO0000182,SUP0016,WH007,2025-10-29,2025-10-31,2025-11-03,Delivered
PO0000183,SUP0075,WH009,2026-01-31,2026-02-11,2026-02-11,Delivered
PO0000184,SUP0084,WH004,2025-08-28,2025-09-05,2025-09-10,Delivered
PO0000185,SUP0097,WH009,2025-08-10,2025-08-14,2025-08-14,Delivered
PO0000186,SUP0047,WH003,2025-05-13,2025-05-22,2025-05-22,Delivered
PO0000187,SUP0080,WH008,2025-06-25,2025-06-27,2025-07-02,Delivered
PO0000188,SUP0025,WH002,2025-01-27,2025-02-04,2025-02-04,Delivered
PO0000189,SUP0010,WH003,2026-06-03,2026-06-07,2026-06-10,Delivered
PO0000190,SUP0033,WH003,2026-05-18,2026-05-21,2026-05-21,Delivered
PO0000191,SUP0077,WH003,2025-12-03,2025-12-11,2025-12-13,Delivered
PO0000192,SUP0005,WH001,2026-03-13,2026-03-20,2026-03-21,Delivered
PO0000193,SUP0044,WH002,2026-05-08,2026-05-19,2026-05-21,Delivered
PO0000194,SUP0002,WH010,2025-07-26,2025-07-30,2025-07-30,Delivered
PO0000195,SUP0071,WH006,2025-01-03,2025-01-10,2025-01-10,Delivered
PO0000196,SUP0016,WH008,2025-12-09,2025-12-19,2025-12-19,Delivered
PO0000197,SUP0060,WH002,2025-12-21,2025-12-25,2025-12-25,Delivered
PO0000198,SUP0099,WH006,2025-05-28,2025-06-06,2025-06-09,Delivered
PO0000199,SUP0031,WH009,2026-07-04,2026-07-09,2026-07-10,Delivered
PO0000200,SUP0095,WH005,2025-04-28,2025-05-11,2025-05-12,Delivered
PO0000201,SUP0050,WH008,2025-10-07,2025-10-21,2025-10-22,Delivered
PO0000202,SUP0038,WH005,2025-10-09,2025-10-15,2025-10-15,Delivered
PO0000203,SUP0025,WH002,2026-05-04,2026-05-06,2026-05-06,Delivered
PO0000204,SUP0090,WH006,2025-03-19,2025-03-25,2025-03-26,Delivered
PO0000205,SUP0095,WH008,2026-06-30,2026-07-07,2026-07-07,Delivered
PO0000206,SUP0047,WH001,2025-07-10,2025-07-20,2025-07-20,Delivered
PO0000207,SUP0032,WH003,2025-02-21,2025-02-27,2025-02-28,Delivered
PO0000208,SUP0064,WH002,2025-05-11,2025-05-15,2025-05-15,Delivered
PO0000209,SUP0044,WH001,2026-01-11,2026-01-25,2026-01-26,Delivered
PO0000210,SUP0091,WH003,2025-05-05,2025-05-09,2025-05-10,Delivered
PO0000211,SUP0071,WH001,2026-01-16,2026-01-21,2026-01-23,Delivered
PO0000212,SUP0050,WH010,2025-07-07,2025-07-20,2025-07-20,Delivered
PO0000213,SUP0043,WH005,2026-02-07,2026-02-17,2026-02-22,Delivered
PO0000214,SUP0077,WH002,2025-01-03,2025-01-14,2025-01-14,Delivered
PO0000215,SUP0076,WH001,2025-12-13,2025-12-18,2025-12-20,Delivered
PO0000216,SUP0003,WH010,2026-06-07,2026-06-16,2026-06-16,Delivered
PO0000217,SUP0094,WH006,2026-04-03,2026-04-09,2026-04-09,Delivered
PO0000218,SUP0051,WH004,2026-03-30,2026-04-09,2026-04-11,Delivered
PO0000219,SUP0090,WH004,2026-05-21,2026-05-28,2026-05-28,Delivered
PO0000220,SUP0087,WH005,2026-08-21,2026-08-25,2026-08-26,Cancelled
PO0000221,SUP0086,WH002,2026-01-06,2026-01-08,2026-01-08,Delivered
PO0000222,SUP0009,WH010,2025-02-14,2025-02-24,2025-02-24,Delivered
PO0000223,SUP0093,WH003,2025-08-05,2025-08-15,2025-08-15,Delivered
PO0000224,SUP0046,WH008,2025-10-29,2025-11-11,2025-11-11,Delivered
PO0000225,SUP0052,WH002,2025-11-15,2025-11-19,2025-11-19,Delivered
PO0000226,SUP0027,WH001,2025-08-17,2025-08-22,2025-08-22,Delivered
PO0000227,SUP0006,WH003,2025-06-21,2025-06-29,2025-07-04,Delivered
PO0000228,SUP0031,WH005,2025-09-12,2025-09-15,2025-09-15,Delivered
PO0000229,SUP0047,WH008,2026-03-13,2026-03-25,2026-03-30,Delivered
PO0000230,SUP0059,WH002,2026-03-20,2026-03-27,2026-03-27,Delivered
PO0000231,SUP0030,WH010,2025-11-10,2025-11-20,2025-11-22,Cancelled
PO0000232,SUP0061,WH008,2026-01-18,2026-01-21,2026-01-22,Delivered
PO0000233,SUP0087,WH004,2025-02-21,2025-02-26,2025-03-03,Delivered
PO0000234,SUP0030,WH008,2025-08-05,2025-08-10,2025-08-12,Delivered
PO0000235,SUP0001,WH004,2025-12-30,2026-01-04,2026-01-06,Delivered
PO0000236,SUP0048,WH007,2026-01-08,2026-01-17,2026-01-17,Delivered
PO0000237,SUP0035,WH001,2025-03-28,2025-04-05,2025-04-05,Delivered
PO0000238,SUP0068,WH008,2025-08-29,2025-09-12,2025-09-13,Delivered
PO0000239,SUP0092,WH004,2025-04-17,2025-04-30,2025-04-30,Delivered
PO0000240,SUP0060,WH009,2026-06-01,2026-06-14,2026-06-19,Delivered
PO0000241,SUP0071,WH004,2026-05-01,2026-05-10,2026-05-10,Delivered
PO0000242,SUP0036,WH006,2025-05-23,2025-05-31,2025-06-02,Delivered
PO0000243,SUP0035,WH003,2025-01-14,2025-01-25,2025-01-25,Delivered
PO0000244,SUP0024,WH002,2025-08-23,2025-09-04,2025-09-04,Delivered
PO0000245,SUP0012,WH002,2025-11-12,2025-11-24,2025-11-24,Delivered
PO0000246,SUP0057,WH004,2025-03-11,2025-03-20,2025-03-20,Delivered
PO0000247,SUP0073,WH009,2025-09-13,2025-09-25,2025-09-25,Delivered
PO0000248,SUP0027,WH003,2025-01-13,2025-01-16,2025-01-16,Delivered
PO0000249,SUP0098,WH006,2025-06-17,2025-06-21,2025-06-26,Delivered
PO0000250,SUP0091,WH003,2025-02-23,2025-03-03,2025-03-08,Delivered
PO0000251,SUP0098,WH008,2026-06-07,2026-06-21,2026-06-21,Delivered
PO0000252,SUP0027,WH004,2025-02-16,2025-02-20,2025-02-25,Delivered
PO0000253,SUP0094,WH006,2025-04-16,2025-04-30,2025-05-03,Delivered
PO0000254,SUP0091,WH009,2026-02-19,2026-03-04,2026-03-04,Delivered
PO0000255,SUP0031,WH005,2026-08-20,2026-08-22,2026-08-22,Cancelled
PO0000256,SUP0090,WH003,2025-11-13,2025-11-21,2025-11-22,Delivered
PO0000257,SUP0080,WH006,2026-02-10,2026-02-15,2026-02-17,Delivered
PO0000258,SUP0008,WH003,2026-06-22,2026-07-05,2026-07-07,Delivered
PO0000259,SUP0052,WH006,2025-01-29,2025-02-02,2025-02-04,Delivered
PO0000260,SUP0047,WH007,2026-05-19,2026-05-28,2026-05-28,Delivered
PO0000261,SUP0078,WH003,2026-05-29,2026-06-10,2026-06-12,Delivered
PO0000262,SUP0024,WH001,2026-05-02,2026-05-10,2026-05-10,Delivered
PO0000263,SUP0077,WH008,2026-03-15,2026-03-19,2026-03-19,Delivered
PO0000264,SUP0051,WH003,2026-02-03,2026-02-10,2026-02-11,Delivered
PO0000265,SUP0058,WH008,2026-04-25,2026-05-04,2026-05-04,Delivered
PO0000266,SUP0073,WH008,2026-07-13,2026-07-18,2026-07-19,Delivered
PO0000267,SUP0040,WH001,2025-08-28,2025-09-10,2025-09-10,Delivered
PO0000268,SUP0046,WH009,2026-03-16,2026-03-20,2026-03-20,Delivered
PO0000269,SUP0036,WH008,2025-05-04,2025-05-09,2025-05-09,Delivered
PO0000270,SUP0008,WH006,2026-07-23,2026-07-28,2026-07-28,Delivered
PO0000271,SUP0064,WH009,2026-03-02,2026-03-08,2026-03-08,Delivered
PO0000272,SUP0069,WH004,2025-11-09,2025-11-22,2025-11-22,Delivered
PO0000273,SUP0001,WH004,2026-07-28,2026-08-05,2026-08-05,Delivered
PO0000274,SUP0016,WH005,2025-03-21,2025-03-31,2025-03-31,Cancelled
PO0000275,SUP0072,WH002,2025-03-26,2025-03-29,2025-04-01,Delivered
PO0000276,SUP0018,WH008,2025-06-12,2025-06-20,2025-06-22,Cancelled
PO0000277,SUP0082,WH003,2026-03-22,2026-03-28,2026-03-28,Delivered
PO0000278,SUP0034,WH006,2025-10-11,2025-10-18,2025-10-18,Delivered
PO0000279,SUP0003,WH004,2026-01-01,2026-01-13,2026-01-18,Delivered
PO0000280,SUP0005,WH003,2025-05-09,2025-05-19,2025-05-19,Delivered
PO0000281,SUP0011,WH004,2026-05-24,2026-05-29,2026-05-29,Cancelled
PO0000282,SUP0038,WH008,2025-10-03,2025-10-13,2025-10-13,Cancelled
PO0000283,SUP0041,WH001,2025-08-27,2025-09-01,2025-09-01,Cancelled
PO0000284,SUP0054,WH003,2025-08-28,2025-09-02,2025-09-02,Delivered
PO0000285,SUP0025,WH006,2025-01-06,2025-01-18,2025-01-18,Delivered
PO0000286,SUP0058,WH001,2026-05-22,2026-05-30,2026-05-30,Delivered
PO0000287,SUP0023,WH005,2026-06-10,2026-06-23,2026-06-23,Delivered
PO0000288,SUP0095,WH008,2026-04-02,2026-04-05,2026-04-13,Delivered
PO0000289,SUP0008,WH008,2025-06-17,2025-06-28,2025-06-28,Delivered
PO0000290,SUP0031,WH005,2026-02-13,2026-02-16,2026-02-19,Delivered
PO0000291,SUP0079,WH003,2026-03-13,2026-03-19,2026-03-24,Delivered
PO0000292,SUP0068,WH003,2025-10-14,2025-10-23,2025-10-23,Delivered
PO0000293,SUP0055,WH008,2025-07-16,2025-07-24,2025-07-25,Cancelled
PO0000294,SUP0088,WH001,2025-01-02,2025-01-04,2025-01-04,Delivered
PO0000295,SUP0058,WH009,2026-08-05,2026-08-13,2026-08-16,Delivered
PO0000296,SUP0080,WH002,2025-11-08,2025-11-10,2025-11-10,Delivered
PO0000297,SUP0058,WH009,2026-05-12,2026-05-19,2026-05-19,Cancelled
PO0000298,SUP0052,WH004,2025-06-06,2025-06-09,2025-06-09,Delivered
PO0000299,SUP0010,WH004,2025-01-11,2025-01-19,2025-01-19,Delivered
PO0000300,SUP0040,WH010,2025-05-05,2025-05-12,2025-05-12,Delivered
PO0000301,SUP0004,WH003,2026-02-02,2026-02-04,2026-02-04,Delivered
PO0000302,SUP0088,WH009,2026-02-01,2026-02-05,2026-02-08,Delivered
PO0000303,SUP0098,WH004,2025-04-14,2025-04-23,2025-04-23,Delivered
PO0000304,SUP0041,WH008,2026-02-20,2026-02-27,2026-02-27,Delivered
PO0000305,SUP0089,WH006,2025-03-29,2025-04-04,2025-04-05,Delivered
PO0000306,SUP0086,WH004,2025-09-23,2025-09-30,2025-10-03,Delivered
PO0000307,SUP0026,WH001,2025-11-09,2025-11-18,2025-11-18,Delivered
PO0000308,SUP0027,WH002,2025-04-08,2025-04-14,2025-04-14,Delivered
PO0000309,SUP0043,WH004,2025-03-03,2025-03-11,2025-03-14,Delivered
PO0000310,SUP0025,WH006,2026-03-13,2026-03-26,2026-03-26,Delivered
PO0000311,SUP0074,WH009,2026-05-30,2026-06-02,2026-06-02,Delivered
PO0000312,SUP0006,WH001,2026-04-23,2026-05-02,2026-05-03,Cancelled
PO0000313,SUP0076,WH010,2025-10-03,2025-10-14,2025-10-14,Delivered
PO0000314,SUP0003,WH005,2025-06-01,2025-06-04,2025-06-06,Delivered
PO0000315,SUP0097,WH005,2025-03-02,2025-03-08,2025-03-10,Delivered
PO0000316,SUP0009,WH002,2025-12-31,2026-01-03,2026-01-03,Delivered
PO0000317,SUP0051,WH003,2025-12-23,2026-01-01,2026-01-01,Delivered
PO0000318,SUP0095,WH009,2025-10-21,2025-11-02,2025-11-04,Delivered
PO0000319,SUP0026,WH009,2025-08-03,2025-08-05,2025-08-06,Delivered
PO0000320,SUP0018,WH009,2025-06-30,2025-07-13,2025-07-18,Delivered
PO0000321,SUP0049,WH002,2025-11-01,2025-11-13,2025-11-18,Delivered
PO0000322,SUP0088,WH003,2025-06-30,2025-07-08,2025-07-08,Delivered
PO0000323,SUP0082,WH003,2026-02-12,2026-02-22,2026-03-02,Delivered
PO0000324,SUP0089,WH005,2026-07-27,2026-08-07,2026-08-09,Delivered
PO0000325,SUP0037,WH007,2026-05-17,2026-05-20,2026-05-28,Delivered
PO0000326,SUP0085,WH007,2025-07-23,2025-07-31,2025-08-01,Delivered
PO0000327,SUP0017,WH005,2026-07-21,2026-08-04,2026-08-04,Delivered
PO0000328,SUP0079,WH005,2025-01-24,2025-02-04,2025-02-06,Delivered
PO0000329,SUP0098,WH010,2025-01-30,2025-02-02,2025-02-07,Delivered
PO0000330,SUP0008,WH002,2025-07-23,2025-08-04,2025-08-12,Delivered
PO0000331,SUP0088,WH007,2025-12-22,2025-12-31,2025-12-31,Delivered
PO0000332,SUP0023,WH008,2026-03-23,2026-04-01,2026-04-01,Delivered
PO0000333,SUP0054,WH005,2026-05-10,2026-05-22,2026-05-27,Delivered
PO0000334,SUP0068,WH003,2026-04-05,2026-04-07,2026-04-08,Delivered
PO0000335,SUP0049,WH005,2026-02-20,2026-02-22,2026-02-22,Delivered
PO0000336,SUP0035,WH004,2025-08-14,2025-08-22,2025-08-22,Delivered
PO0000337,SUP0045,WH010,2025-06-10,2025-06-24,2025-06-25,Delivered
PO0000338,SUP0027,WH004,2026-07-15,2026-07-23,2026-07-23,Delivered
PO0000339,SUP0049,WH005,2025-08-02,2025-08-07,2025-08-08,Delivered
PO0000340,SUP0055,WH001,2025-11-30,2025-12-10,2025-12-11,Delivered
PO0000341,SUP0034,WH002,2026-06-20,2026-07-02,2026-07-02,Delivered
PO0000342,SUP0073,WH003,2026-04-02,2026-04-04,2026-04-04,Delivered
PO0000343,SUP0003,WH007,2025-02-04,2025-02-17,2025-02-17,Delivered
PO0000344,SUP0092,WH003,2025-12-03,2025-12-16,2025-12-17,Delivered
PO0000345,SUP0077,WH001,2026-02-23,2026-03-08,2026-03-08,Delivered
PO0000346,SUP0016,WH001,2025-03-23,2025-03-28,2025-03-31,Delivered
PO0000347,SUP0072,WH003,2026-04-20,2026-04-24,2026-04-29,Delivered
PO0000348,SUP0020,WH005,2025-09-02,2025-09-07,2025-09-09,Delivered
PO0000349,SUP0077,WH007,2025-12-02,2025-12-07,2025-12-10,Delivered
PO0000350,SUP0042,WH005,2026-04-20,2026-05-01,2026-05-04,Delivered
PO0000351,SUP0053,WH003,2025-01-13,2025-01-22,2025-01-22,Delivered
PO0000352,SUP0042,WH003,2026-02-24,2026-02-28,2026-03-03,Delivered
PO0000353,SUP0073,WH002,2025-04-17,2025-04-20,2025-04-20,Cancelled
PO0000354,SUP0090,WH009,2025-04-26,2025-05-01,2025-05-04,Delivered
PO0000355,SUP0091,WH002,2025-12-18,2025-12-31,2025-12-31,Cancelled
PO0000356,SUP0024,WH006,2025-10-11,2025-10-23,2025-10-25,Delivered
PO0000357,SUP0031,WH001,2025-10-12,2025-10-19,2025-10-19,Delivered
PO0000358,SUP0066,WH010,2026-02-07,2026-02-10,2026-02-10,Delivered
PO0000359,SUP0059,WH002,2025-08-07,2025-08-13,2025-08-13,Delivered
PO0000360,SUP0046,WH008,2025-11-24,2025-12-08,2025-12-13,Delivered
PO0000361,SUP0083,WH001,2025-04-22,2025-04-25,2025-04-28,Delivered
PO0000362,SUP0037,WH010,2025-11-11,2025-11-19,2025-11-21,Delivered
PO0000363,SUP0097,WH005,2026-05-06,2026-05-10,2026-05-10,Delivered
PO0000364,SUP0039,WH009,2025-05-12,2025-05-25,2025-05-27,Delivered
PO0000365,SUP0017,WH005,2025-03-14,2025-03-28,2025-03-28,Delivered
PO0000366,SUP0072,WH001,2025-03-02,2025-03-08,2025-03-08,Delivered
PO0000367,SUP0003,WH006,2026-05-08,2026-05-22,2026-05-22,Delivered
PO0000368,SUP0040,WH008,2026-07-24,2026-07-26,2026-07-26,Delivered
PO0000369,SUP0089,WH005,2026-07-03,2026-07-08,2026-07-08,Delivered
PO0000370,SUP0005,WH001,2025-06-14,2025-06-17,2025-06-18,Delivered
PO0000371,SUP0081,WH008,2025-07-22,2025-07-30,2025-08-04,Delivered
PO0000372,SUP0013,WH009,2025-10-12,2025-10-20,2025-10-23,Delivered
PO0000373,SUP0031,WH007,2025-11-23,2025-12-03,2025-12-04,Delivered
PO0000374,SUP0094,WH010,2026-01-02,2026-01-08,2026-01-08,Delivered
PO0000375,SUP0015,WH001,2026-01-25,2026-02-08,2026-02-08,Delivered
PO0000376,SUP0065,WH001,2025-06-27,2025-07-09,2025-07-10,Delivered
PO0000377,SUP0072,WH004,2026-06-08,2026-06-18,2026-06-26,Delivered
PO0000378,SUP0030,WH010,2026-01-27,2026-01-30,2026-01-30,Delivered
PO0000379,SUP0056,WH009,2026-03-13,2026-03-26,2026-03-26,Delivered
PO0000380,SUP0097,WH006,2025-10-17,2025-10-20,2025-10-20,Delivered
PO0000381,SUP0046,WH004,2025-11-02,2025-11-10,2025-11-12,Delivered
PO0000382,SUP0064,WH005,2025-01-04,2025-01-16,2025-01-16,Delivered
PO0000383,SUP0001,WH001,2026-02-08,2026-02-22,2026-02-22,Delivered
PO0000384,SUP0001,WH004,2025-12-06,2025-12-13,2025-12-13,Delivered
PO0000385,SUP0070,WH003,2025-08-09,2025-08-11,2025-08-11,Delivered
PO0000386,SUP0088,WH009,2025-12-28,2026-01-01,2026-01-03,Delivered
PO0000387,SUP0096,WH001,2025-01-07,2025-01-10,2025-01-13,Delivered
PO0000388,SUP0019,WH005,2025-04-23,2025-05-04,2025-05-04,Delivered
PO0000389,SUP0028,WH001,2025-12-31,2026-01-09,2026-01-10,Delivered
PO0000390,SUP0089,WH008,2025-10-15,2025-10-29,2025-10-29,Delivered
PO0000391,SUP0097,WH007,2026-06-21,2026-06-23,2026-06-23,Delivered
PO0000392,SUP0099,WH005,2025-11-19,2025-11-29,2025-11-29,Cancelled
PO0000393,SUP0026,WH004,2025-08-25,2025-08-31,2025-09-01,Delivered
PO0000394,SUP0025,WH008,2025-06-04,2025-06-08,2025-06-09,Delivered
PO0000395,SUP0049,WH003,2026-03-30,2026-04-13,2026-04-13,Delivered
PO0000396,SUP0016,WH006,2025-11-25,2025-12-09,2025-12-09,Delivered
PO0000397,SUP0100,WH010,2025-12-22,2025-12-24,2025-12-24,Delivered
PO0000398,SUP0025,WH002,2026-07-31,2026-08-06,2026-08-06,Delivered
PO0000399,SUP0001,WH007,2025-01-03,2025-01-12,2025-01-13,Delivered
PO0000400,SUP0087,WH005,2026-04-24,2026-05-08,2026-05-09,Delivered
PO0000401,SUP0076,WH008,2026-08-20,2026-08-23,2026-08-23,Delivered
PO0000402,SUP0079,WH004,2025-01-30,2025-02-10,2025-02-10,Delivered
PO0000403,SUP0054,WH010,2026-03-07,2026-03-12,2026-03-12,Delivered
PO0000404,SUP0079,WH007,2025-07-03,2025-07-11,2025-07-11,Delivered
PO0000405,SUP0040,WH009,2025-12-24,2025-12-29,2026-01-01,Delivered
PO0000406,SUP0066,WH003,2026-06-05,2026-06-10,2026-06-11,Delivered
PO0000407,SUP0080,WH007,2026-04-30,2026-05-14,2026-05-17,Delivered
PO0000408,SUP0005,WH001,2025-01-16,2025-01-29,2025-01-29,Delivered
PO0000409,SUP0087,WH003,2025-12-27,2025-12-31,2025-12-31,Delivered
PO0000410,SUP0054,WH005,2026-06-14,2026-06-21,2026-06-22,Delivered
PO0000411,SUP0074,WH003,2026-05-09,2026-05-11,2026-05-11,Delivered
PO0000412,SUP0037,WH005,2025-04-07,2025-04-10,2025-04-10,Delivered
PO0000413,SUP0059,WH005,2025-04-11,2025-04-17,2025-04-18,Delivered
PO0000414,SUP0070,WH007,2025-09-14,2025-09-26,2025-09-26,Delivered
PO0000415,SUP0067,WH001,2026-06-22,2026-06-26,2026-06-26,Delivered
PO0000416,SUP0072,WH001,2025-06-29,2025-07-02,2025-07-02,Delivered
PO0000417,SUP0082,WH003,2026-02-03,2026-02-09,2026-02-14,Delivered
PO0000418,SUP0090,WH008,2025-08-18,2025-08-24,2025-08-24,Delivered
PO0000419,SUP0077,WH006,2025-05-31,2025-06-09,2025-06-10,Delivered
PO0000420,SUP0034,WH008,2026-01-09,2026-01-13,2026-01-13,Delivered
PO0000421,SUP0044,WH002,2026-01-01,2026-01-15,2026-01-15,Delivered
PO0000422,SUP0084,WH004,2026-07-30,2026-08-07,2026-08-07,Delivered
PO0000423,SUP0022,WH010,2025-01-21,2025-01-25,2025-01-25,Delivered
PO0000424,SUP0029,WH001,2026-03-25,2026-04-01,2026-04-02,Delivered
PO0000425,SUP0052,WH008,2026-08-19,2026-08-27,,In Transit
PO0000426,SUP0099,WH002,2025-01-10,2025-01-17,2025-01-18,Delivered
PO0000427,SUP0055,WH003,2026-03-07,2026-03-20,2026-03-23,Delivered
PO0000428,SUP0017,WH007,2025-04-07,2025-04-15,2025-04-20,Delivered
PO0000429,SUP0063,WH008,2025-07-10,2025-07-23,2025-07-23,Delivered
PO0000430,SUP0060,WH002,2026-08-26,2026-09-04,,In Transit
PO0000431,SUP0006,WH008,2025-01-07,2025-01-18,2025-01-18,Delivered
PO0000432,SUP0012,WH001,2026-03-14,2026-03-16,2026-03-16,Delivered
PO0000433,SUP0047,WH002,2025-04-20,2025-04-27,2025-04-27,Delivered
PO0000434,SUP0067,WH005,2025-11-23,2025-11-29,2025-11-29,Delivered
PO0000435,SUP0022,WH010,2026-08-01,2026-08-07,2026-08-09,Delivered
PO0000436,SUP0032,WH003,2025-04-06,2025-04-15,2025-04-15,Delivered
PO0000437,SUP0028,WH008,2025-02-15,2025-02-25,2025-03-02,Delivered
PO0000438,SUP0080,WH006,2026-02-06,2026-02-08,2026-02-08,Delivered
PO0000439,SUP0049,WH008,2025-08-22,2025-09-05,2025-09-06,Delivered
PO0000440,SUP0094,WH003,2026-05-08,2026-05-13,2026-05-14,Delivered
PO0000441,SUP0014,WH002,2026-06-05,2026-06-16,2026-06-16,Delivered
PO0000442,SUP0080,WH001,2025-01-13,2025-01-23,2025-01-28,Delivered
PO0000443,SUP0063,WH010,2026-04-02,2026-04-08,2026-04-09,Cancelled
PO0000444,SUP0001,WH002,2025-02-11,2025-02-23,2025-02-23,Delivered
PO0000445,SUP0086,WH001,2025-01-13,2025-01-23,2025-01-23,Delivered
PO0000446,SUP0075,WH005,2025-02-11,2025-02-13,2025-02-13,Delivered
PO0000447,SUP0078,WH006,2025-10-13,2025-10-17,2025-10-17,Cancelled
PO0000448,SUP0070,WH009,2025-11-12,2025-11-14,2025-11-14,Delivered
PO0000449,SUP0036,WH008,2025-01-09,2025-01-18,2025-01-20,Delivered
PO0000450,SUP0040,WH008,2025-01-24,2025-02-03,2025-02-03,Delivered
PO0000451,SUP0007,WH008,2026-07-04,2026-07-09,2026-07-09,Delivered
PO0000452,SUP0078,WH009,2026-08-13,2026-08-26,,In Transit
PO0000453,SUP0050,WH010,2025-10-04,2025-10-17,2025-10-17,Delivered
PO0000454,SUP0067,WH005,2025-04-21,2025-04-29,2025-05-04,Delivered
PO0000455,SUP0086,WH002,2025-05-04,2025-05-14,2025-05-14,Delivered
PO0000456,SUP0047,WH008,2025-10-27,2025-11-10,2025-11-13,Delivered
PO0000457,SUP0046,WH006,2026-07-24,2026-08-04,2026-08-06,Delivered
PO0000458,SUP0050,WH007,2026-01-05,2026-01-15,2026-01-15,Delivered
PO0000459,SUP0022,WH004,2025-03-03,2025-03-17,2025-03-17,Delivered
PO0000460,SUP0068,WH003,2025-03-25,2025-04-05,2025-04-05,Delivered
PO0000461,SUP0045,WH010,2025-12-31,2026-01-13,2026-01-13,Delivered
PO0000462,SUP0067,WH004,2025-07-10,2025-07-13,2025-07-13,Delivered
PO0000463,SUP0063,WH008,2025-02-02,2025-02-06,2025-02-11,Delivered
PO0000464,SUP0029,WH007,2026-01-28,2026-02-10,2026-02-11,Delivered
PO0000465,SUP0045,WH003,2025-03-21,2025-03-28,2025-03-28,Delivered
PO0000466,SUP0063,WH001,2025-11-20,2025-11-26,2025-11-26,Delivered
PO0000467,SUP0007,WH010,2025-02-01,2025-02-06,2025-02-06,Delivered
PO0000468,SUP0023,WH007,2026-03-21,2026-03-24,2026-03-24,Delivered
PO0000469,SUP0054,WH006,2026-03-06,2026-03-11,2026-03-13,Delivered
PO0000470,SUP0051,WH006,2025-12-20,2025-12-23,2025-12-25,Delivered
PO0000471,SUP0011,WH005,2026-03-08,2026-03-16,2026-03-16,Delivered
PO0000472,SUP0014,WH002,2025-11-06,2025-11-18,2025-11-18,Delivered
PO0000473,SUP0099,WH009,2025-10-06,2025-10-19,2025-10-20,Delivered
PO0000474,SUP0028,WH006,2025-09-18,2025-09-28,2025-09-29,Delivered
PO0000475,SUP0099,WH006,2025-05-18,2025-05-25,2025-05-27,Delivered
PO0000476,SUP0054,WH009,2026-01-18,2026-01-31,2026-01-31,Delivered
PO0000477,SUP0069,WH004,2026-02-07,2026-02-13,2026-02-13,Delivered
PO0000478,SUP0021,WH008,2026-06-18,2026-06-22,2026-06-22,Delivered
PO0000479,SUP0033,WH008,2026-06-05,2026-06-12,2026-06-14,Delivered
PO0000480,SUP0074,WH008,2026-04-29,2026-05-12,2026-05-13,Cancelled
PO0000481,SUP0047,WH004,2026-04-17,2026-04-27,2026-04-27,Delivered
PO0000482,SUP0076,WH009,2025-09-19,2025-09-25,2025-09-25,Delivered
PO0000483,SUP0063,WH006,2026-07-31,2026-08-13,2026-08-13,Delivered
PO0000484,SUP0067,WH008,2026-08-23,2026-08-31,,In Transit
PO0000485,SUP0092,WH003,2025-08-16,2025-08-23,2025-08-23,Delivered
PO0000486,SUP0006,WH002,2025-05-01,2025-05-06,2025-05-07,Delivered
PO0000487,SUP0019,WH006,2025-11-26,2025-12-07,2025-12-10,Delivered
PO0000488,SUP0048,WH001,2025-05-26,2025-05-30,2025-05-30,Delivered
PO0000489,SUP0045,WH001,2025-05-01,2025-05-05,2025-05-10,Delivered
PO0000490,SUP0034,WH006,2025-12-11,2025-12-19,2025-12-24,Delivered
PO0000491,SUP0044,WH005,2025-08-09,2025-08-23,2025-08-24,Delivered
PO0000492,SUP0020,WH005,2026-06-23,2026-07-07,2026-07-09,Delivered
PO0000493,SUP0086,WH001,2025-07-11,2025-07-20,2025-07-21,Delivered
PO0000494,SUP0060,WH002,2025-05-24,2025-05-29,2025-06-03,Delivered
PO0000495,SUP0048,WH003,2025-09-11,2025-09-23,2025-09-26,Delivered
PO0000496,SUP0071,WH004,2026-05-13,2026-05-25,2026-05-25,Delivered
PO0000497,SUP0009,WH009,2026-02-01,2026-02-15,2026-02-16,Delivered
PO0000498,SUP0029,WH009,2025-04-19,2025-04-22,2025-04-25,Delivered
PO0000499,SUP0049,WH005,2025-01-09,2025-01-11,2025-01-11,Cancelled
PO0000500,SUP0091,WH008,2025-10-14,2025-10-21,2025-10-21,Delivered
PO0000501,SUP0073,WH001,2025-07-12,2025-07-22,2025-07-22,Delivered
PO0000502,SUP0035,WH008,2025-08-07,2025-08-13,2025-08-14,Delivered
PO0000503,SUP0053,WH002,2026-05-01,2026-05-09,2026-05-10,Delivered
PO0000504,SUP0070,WH002,2025-11-26,2025-12-09,2025-12-11,Delivered
PO0000505,SUP0004,WH008,2026-06-06,2026-06-18,2026-06-18,Delivered
PO0000506,SUP0073,WH003,2026-01-03,2026-01-13,2026-01-14,Delivered
PO0000507,SUP0069,WH002,2025-01-12,2025-01-26,2025-01-26,Delivered
PO0000508,SUP0073,WH008,2025-01-09,2025-01-20,2025-01-21,Delivered
PO0000509,SUP0007,WH009,2026-08-25,2026-09-08,,In Transit
PO0000510,SUP0036,WH008,2025-05-01,2025-05-09,2025-05-09,Delivered
PO0000511,SUP0005,WH008,2025-05-31,2025-06-13,2025-06-13,Delivered
PO0000512,SUP0092,WH004,2026-08-26,2026-09-03,,In Transit
PO0000513,SUP0030,WH010,2026-01-02,2026-01-04,2026-01-07,Delivered
PO0000514,SUP0063,WH006,2026-07-11,2026-07-23,2026-07-23,Delivered
PO0000515,SUP0045,WH008,2025-05-26,2025-06-07,2025-06-08,Delivered
PO0000516,SUP0010,WH002,2025-07-01,2025-07-15,2025-07-15,Delivered
PO0000517,SUP0004,WH005,2025-05-12,2025-05-17,2025-05-17,Delivered
PO0000518,SUP0035,WH010,2025-07-11,2025-07-17,2025-07-20,Cancelled
PO0000519,SUP0030,WH004,2026-07-28,2026-08-08,2026-08-08,Delivered
PO0000520,SUP0095,WH008,2025-06-08,2025-06-13,2025-06-14,Delivered
PO0000521,SUP0009,WH004,2026-05-31,2026-06-04,2026-06-09,Delivered
PO0000522,SUP0056,WH007,2025-10-10,2025-10-16,2025-10-16,Delivered
PO0000523,SUP0031,WH002,2026-02-03,2026-02-12,2026-02-12,Delivered
PO0000524,SUP0057,WH003,2025-12-01,2025-12-03,2025-12-03,Delivered
PO0000525,SUP0050,WH004,2025-04-18,2025-04-23,2025-04-26,Delivered
PO0000526,SUP0003,WH007,2026-02-13,2026-02-18,2026-02-23,Delivered
PO0000527,SUP0028,WH002,2026-01-30,2026-02-02,2026-02-07,Delivered
PO0000528,SUP0079,WH008,2025-02-17,2025-02-27,2025-02-28,Delivered
PO0000529,SUP0091,WH007,2025-01-13,2025-01-15,2025-01-16,Delivered
PO0000530,SUP0040,WH007,2026-03-30,2026-04-08,2026-04-10,Delivered
PO0000531,SUP0047,WH002,2026-01-09,2026-01-21,2026-01-21,Delivered
PO0000532,SUP0034,WH010,2025-07-29,2025-08-04,2025-08-05,Delivered
PO0000533,SUP0036,WH008,2025-02-03,2025-02-08,2025-02-09,Delivered
PO0000534,SUP0088,WH001,2026-04-11,2026-04-13,2026-04-13,Delivered
PO0000535,SUP0019,WH004,2025-10-01,2025-10-15,2025-10-18,Delivered
PO0000536,SUP0058,WH007,2026-03-27,2026-03-31,2026-03-31,Delivered
PO0000537,SUP0013,WH001,2026-01-01,2026-01-06,2026-01-06,Delivered
PO0000538,SUP0093,WH004,2026-05-04,2026-05-11,2026-05-12,Delivered
PO0000539,SUP0081,WH006,2025-12-12,2025-12-15,2025-12-15,Delivered
PO0000540,SUP0092,WH008,2025-09-27,2025-10-02,2025-10-02,Cancelled
PO0000541,SUP0018,WH010,2026-03-06,2026-03-12,2026-03-14,Delivered
PO0000542,SUP0054,WH008,2025-11-25,2025-12-09,2025-12-09,Delivered
PO0000543,SUP0098,WH009,2025-09-07,2025-09-13,2025-09-15,Delivered
PO0000544,SUP0088,WH010,2025-11-03,2025-11-07,2025-11-07,Delivered
PO0000545,SUP0036,WH007,2025-06-10,2025-06-12,2025-06-12,Delivered
PO0000546,SUP0060,WH010,2025-12-19,2026-01-01,2026-01-01,Delivered
PO0000547,SUP0005,WH008,2025-11-20,2025-11-24,2025-11-24,Delivered
PO0000548,SUP0085,WH002,2025-10-25,2025-11-04,2025-11-12,Delivered
PO0000549,SUP0054,WH001,2025-03-01,2025-03-15,2025-03-18,Delivered
PO0000550,SUP0062,WH007,2026-03-05,2026-03-09,2026-03-10,Delivered
PO0000551,SUP0050,WH001,2026-02-25,2026-03-11,2026-03-12,Delivered
PO0000552,SUP0059,WH002,2025-03-05,2025-03-16,2025-03-16,Delivered
PO0000553,SUP0008,WH002,2026-05-09,2026-05-19,2026-05-19,Delivered
PO0000554,SUP0083,WH001,2026-02-10,2026-02-16,2026-02-19,Delivered
PO0000555,SUP0089,WH003,2025-02-27,2025-03-12,2025-03-13,Delivered
PO0000556,SUP0062,WH010,2025-06-03,2025-06-09,2025-06-11,Delivered
PO0000557,SUP0017,WH002,2025-02-10,2025-02-24,2025-02-25,Delivered
PO0000558,SUP0086,WH008,2026-07-09,2026-07-12,2026-07-15,Delivered
PO0000559,SUP0009,WH007,2026-02-16,2026-02-19,2026-02-20,Delivered
PO0000560,SUP0042,WH001,2025-02-22,2025-03-07,2025-03-08,Delivered
PO0000561,SUP0013,WH008,2025-07-27,2025-08-06,2025-08-09,Delivered
PO0000562,SUP0073,WH010,2026-04-20,2026-05-04,2026-05-05,Delivered
PO0000563,SUP0098,WH005,2025-08-02,2025-08-09,2025-08-11,Delivered
PO0000564,SUP0092,WH003,2025-02-06,2025-02-16,2025-02-16,Delivered
PO0000565,SUP0014,WH006,2025-11-03,2025-11-15,2025-11-20,Delivered
PO0000566,SUP0062,WH001,2025-07-15,2025-07-21,2025-07-21,Delivered
PO0000567,SUP0070,WH008,2026-08-15,2026-08-19,2026-08-19,Delivered
PO0000568,SUP0041,WH008,2026-01-06,2026-01-14,2026-01-16,Delivered
PO0000569,SUP0014,WH003,2025-05-01,2025-05-10,2025-05-10,Delivered
PO0000570,SUP0006,WH008,2025-07-14,2025-07-21,2025-07-29,Delivered
PO0000571,SUP0061,WH006,2026-05-01,2026-05-13,2026-05-13,Delivered
PO0000572,SUP0090,WH009,2025-05-29,2025-06-05,2025-06-08,Delivered
PO0000573,SUP0025,WH009,2026-01-28,2026-02-03,2026-02-05,Delivered
PO0000574,SUP0065,WH005,2025-03-13,2025-03-18,2025-03-20,Delivered
PO0000575,SUP0058,WH008,2025-11-19,2025-12-03,2025-12-03,Delivered
PO0000576,SUP0077,WH010,2025-01-28,2025-02-07,2025-02-09,Delivered
PO0000577,SUP0003,WH001,2025-08-03,2025-08-17,2025-08-19,Delivered
PO0000578,SUP0045,WH008,2025-12-02,2025-12-04,2025-12-09,Delivered
PO0000579,SUP0056,WH004,2025-02-21,2025-03-05,2025-03-10,Delivered
PO0000580,SUP0005,WH009,2025-01-17,2025-01-19,2025-01-19,Delivered
PO0000581,SUP0056,WH006,2025-11-10,2025-11-14,2025-11-15,Delivered
PO0000582,SUP0004,WH003,2026-06-25,2026-06-29,2026-06-29,Delivered
PO0000583,SUP0093,WH005,2025-11-15,2025-11-19,2025-11-19,Delivered
PO0000584,SUP0037,WH008,2025-07-20,2025-07-23,2025-07-24,Delivered
PO0000585,SUP0037,WH009,2026-08-19,2026-08-24,2026-08-24,Delivered
PO0000586,SUP0036,WH003,2025-11-24,2025-11-28,2025-11-29,Delivered
PO0000587,SUP0064,WH003,2025-04-10,2025-04-13,2025-04-14,Cancelled
PO0000588,SUP0088,WH005,2026-04-10,2026-04-18,2026-04-20,Delivered
PO0000589,SUP0072,WH003,2025-05-01,2025-05-13,2025-05-13,Delivered
PO0000590,SUP0026,WH005,2025-12-27,2026-01-10,2026-01-10,Delivered
PO0000591,SUP0056,WH003,2026-04-25,2026-04-28,2026-04-28,Delivered
PO0000592,SUP0032,WH003,2025-10-08,2025-10-22,2025-10-23,Delivered
PO0000593,SUP0072,WH001,2025-08-15,2025-08-18,2025-08-18,Delivered
PO0000594,SUP0082,WH004,2025-12-14,2025-12-16,2025-12-18,Delivered
PO0000595,SUP0015,WH010,2026-03-29,2026-04-04,2026-04-04,Delivered
PO0000596,SUP0049,WH008,2026-03-11,2026-03-18,2026-03-21,Delivered
PO0000597,SUP0083,WH002,2025-11-18,2025-11-21,2025-11-21,Delivered
PO0000598,SUP0057,WH002,2025-12-04,2025-12-17,2025-12-17,Delivered
PO0000599,SUP0072,WH002,2025-07-16,2025-07-18,2025-07-18,Delivered
PO0000600,SUP0025,WH008,2026-05-04,2026-05-16,2026-05-18,Delivered
PO0000601,SUP0063,WH007,2026-01-15,2026-01-28,2026-01-29,Delivered
PO0000602,SUP0028,WH003,2025-08-03,2025-08-07,2025-08-07,Delivered
PO0000603,SUP0018,WH001,2026-03-26,2026-04-07,2026-04-08,Delivered
PO0000604,SUP0078,WH009,2025-07-11,2025-07-15,2025-07-15,Delivered
PO0000605,SUP0006,WH007,2026-01-21,2026-01-25,2026-01-27,Delivered
PO0000606,SUP0021,WH006,2025-08-24,2025-09-02,2025-09-04,Delivered
PO0000607,SUP0012,WH002,2026-08-09,2026-08-19,2026-08-19,Delivered
PO0000608,SUP0015,WH004,2025-01-20,2025-01-25,2025-01-26,Delivered
PO0000609,SUP0071,WH004,2025-04-04,2025-04-14,2025-04-14,Delivered
PO0000610,SUP0020,WH002,2026-07-04,2026-07-11,2026-07-11,Delivered
PO0000611,SUP0088,WH004,2025-09-03,2025-09-09,2025-09-12,Delivered
PO0000612,SUP0099,WH006,2025-07-03,2025-07-12,2025-07-13,Delivered
PO0000613,SUP0031,WH005,2026-03-20,2026-03-28,2026-03-29,Delivered
PO0000614,SUP0089,WH008,2025-09-09,2025-09-18,2025-09-18,Delivered
PO0000615,SUP0079,WH008,2025-04-12,2025-04-20,2025-04-22,Delivered
PO0000616,SUP0019,WH005,2025-03-01,2025-03-08,2025-03-09,Delivered
PO0000617,SUP0098,WH003,2026-01-06,2026-01-15,2026-01-15,Delivered
PO0000618,SUP0025,WH010,2025-06-21,2025-07-02,2025-07-03,Cancelled
PO0000619,SUP0017,WH004,2025-09-27,2025-10-06,2025-10-06,Delivered
PO0000620,SUP0088,WH010,2025-08-17,2025-08-31,2025-08-31,Delivered
PO0000621,SUP0092,WH003,2025-05-13,2025-05-22,2025-05-23,Delivered
PO0000622,SUP0051,WH002,2026-07-27,2026-08-03,2026-08-03,Delivered
PO0000623,SUP0020,WH008,2026-08-17,2026-08-25,2026-08-25,Delivered
PO0000624,SUP0046,WH004,2026-07-19,2026-07-22,2026-07-22,Delivered
PO0000625,SUP0020,WH009,2025-01-21,2025-01-23,2025-01-23,Delivered
PO0000626,SUP0037,WH002,2025-05-01,2025-05-09,2025-05-09,Delivered
PO0000627,SUP0056,WH002,2026-02-06,2026-02-18,2026-02-18,Delivered
PO0000628,SUP0077,WH007,2025-02-23,2025-03-09,2025-03-09,Delivered
PO0000629,SUP0095,WH003,2026-01-18,2026-01-23,2026-01-25,Delivered
PO0000630,SUP0078,WH005,2026-04-05,2026-04-08,2026-04-08,Delivered
PO0000631,SUP0067,WH007,2025-01-04,2025-01-10,2025-01-13,Delivered
PO0000632,SUP0014,WH010,2026-02-21,2026-02-25,2026-02-25,Delivered
PO0000633,SUP0007,WH004,2026-04-30,2026-05-10,2026-05-12,Delivered
PO0000634,SUP0028,WH005,2025-11-03,2025-11-15,2025-11-15,Delivered
PO0000635,SUP0045,WH010,2025-01-07,2025-01-09,2025-01-10,Delivered
PO0000636,SUP0018,WH004,2025-11-17,2025-11-25,2025-11-25,Delivered
PO0000637,SUP0044,WH007,2026-01-11,2026-01-24,2026-01-24,Delivered
PO0000638,SUP0035,WH001,2025-04-20,2025-04-29,2025-04-29,Delivered
PO0000639,SUP0038,WH010,2025-01-23,2025-02-05,2025-02-05,Cancelled
PO0000640,SUP0068,WH007,2026-04-25,2026-05-05,2026-05-05,Delivered
PO0000641,SUP0060,WH009,2026-01-27,2026-01-31,2026-01-31,Delivered
PO0000642,SUP0071,WH004,2025-06-14,2025-06-17,2025-06-17,Delivered
PO0000643,SUP0035,WH003,2026-05-04,2026-05-09,2026-05-10,Cancelled
PO0000644,SUP0088,WH006,2026-04-08,2026-04-21,2026-04-21,Delivered
PO0000645,SUP0008,WH010,2025-03-25,2025-04-01,2025-04-02,Delivered
PO0000646,SUP0095,WH009,2026-04-30,2026-05-08,2026-05-09,Delivered
PO0000647,SUP0043,WH007,2026-06-28,2026-07-01,2026-07-01,Delivered
PO0000648,SUP0043,WH001,2025-07-27,2025-07-31,2025-08-02,Delivered
PO0000649,SUP0044,WH006,2026-05-09,2026-05-15,2026-05-15,Delivered
PO0000650,SUP0017,WH009,2025-03-31,2025-04-07,2025-04-07,Delivered
PO0000651,SUP0042,WH007,2025-10-20,2025-11-03,2025-11-03,Delivered
PO0000652,SUP0098,WH008,2025-02-26,2025-03-11,2025-03-11,Delivered
PO0000653,SUP0056,WH004,2026-07-03,2026-07-17,2026-07-17,Delivered
PO0000654,SUP0041,WH009,2025-03-18,2025-03-28,2025-03-28,Delivered
PO0000655,SUP0078,WH008,2025-10-12,2025-10-24,2025-10-24,Cancelled
PO0000656,SUP0002,WH007,2025-06-21,2025-06-28,2025-06-28,Delivered
PO0000657,SUP0032,WH005,2025-05-21,2025-05-24,2025-05-24,Delivered
PO0000658,SUP0010,WH001,2025-09-02,2025-09-10,2025-09-13,Delivered
PO0000659,SUP0077,WH003,2025-12-31,2026-01-11,2026-01-11,Delivered
PO0000660,SUP0033,WH008,2026-07-16,2026-07-23,2026-07-24,Delivered
PO0000661,SUP0032,WH003,2026-05-20,2026-05-24,2026-05-24,Delivered
PO0000662,SUP0019,WH001,2025-11-30,2025-12-03,2025-12-03,Delivered
PO0000663,SUP0091,WH007,2025-11-08,2025-11-21,2025-11-21,Delivered
PO0000664,SUP0059,WH001,2026-06-16,2026-06-19,2026-06-22,Delivered
PO0000665,SUP0031,WH005,2025-03-11,2025-03-23,2025-03-23,Delivered
PO0000666,SUP0017,WH009,2025-12-26,2026-01-09,2026-01-11,Delivered
PO0000667,SUP0006,WH009,2025-02-18,2025-03-01,2025-03-01,Delivered
PO0000668,SUP0032,WH009,2025-05-05,2025-05-09,2025-05-09,Delivered
PO0000669,SUP0033,WH004,2025-07-24,2025-07-26,2025-07-27,Delivered
PO0000670,SUP0030,WH006,2025-07-13,2025-07-16,2025-07-18,Delivered
PO0000671,SUP0048,WH009,2026-07-15,2026-07-28,2026-07-28,Delivered
PO0000672,SUP0045,WH009,2026-08-11,2026-08-14,2026-08-16,Delivered
PO0000673,SUP0078,WH003,2025-12-03,2025-12-15,2025-12-16,Delivered
PO0000674,SUP0043,WH005,2026-07-08,2026-07-10,2026-07-12,Delivered
PO0000675,SUP0088,WH006,2025-04-27,2025-05-09,2025-05-10,Delivered
PO0000676,SUP0013,WH008,2025-03-17,2025-03-25,2025-03-25,Delivered
PO0000677,SUP0013,WH005,2025-10-19,2025-10-22,2025-10-22,Delivered
PO0000678,SUP0035,WH002,2026-07-26,2026-08-02,2026-08-10,Cancelled
PO0000679,SUP0080,WH006,2025-10-11,2025-10-20,2025-10-20,Delivered
PO0000680,SUP0024,WH006,2025-07-16,2025-07-23,2025-07-25,Delivered
PO0000681,SUP0060,WH001,2026-08-01,2026-08-10,2026-08-12,Delivered
PO0000682,SUP0084,WH002,2026-07-02,2026-07-11,2026-07-11,Delivered
PO0000683,SUP0051,WH005,2026-04-17,2026-04-20,2026-04-20,Delivered
PO0000684,SUP0040,WH007,2026-07-29,2026-08-08,2026-08-09,Delivered
PO0000685,SUP0097,WH005,2026-06-13,2026-06-15,2026-06-15,Delivered
PO0000686,SUP0085,WH005,2025-11-28,2025-12-05,2025-12-05,Delivered
PO0000687,SUP0098,WH005,2025-05-09,2025-05-12,2025-05-14,Delivered
PO0000688,SUP0011,WH003,2025-09-28,2025-10-05,2025-10-06,Delivered
PO0000689,SUP0069,WH002,2026-06-11,2026-06-21,2026-06-21,Delivered
PO0000690,SUP0070,WH006,2025-08-09,2025-08-11,2025-08-13,Delivered
PO0000691,SUP0026,WH002,2026-08-15,2026-08-24,2026-08-25,Delivered
PO0000692,SUP0076,WH001,2025-02-09,2025-02-11,2025-02-16,Delivered
PO0000693,SUP0046,WH010,2025-06-24,2025-07-05,2025-07-05,Delivered
PO0000694,SUP0070,WH010,2026-07-12,2026-07-24,2026-07-25,Delivered
PO0000695,SUP0014,WH003,2026-08-01,2026-08-09,2026-08-09,Delivered
PO0000696,SUP0083,WH004,2026-02-11,2026-02-19,2026-02-20,Delivered
PO0000697,SUP0088,WH010,2026-01-28,2026-02-04,2026-02-04,Delivered
PO0000698,SUP0095,WH002,2025-07-30,2025-08-02,2025-08-02,Delivered
PO0000699,SUP0079,WH007,2025-06-29,2025-07-06,2025-07-09,Delivered
PO0000700,SUP0015,WH005,2025-03-11,2025-03-20,2025-03-20,Delivered
PO0000701,SUP0038,WH005,2025-09-05,2025-09-09,2025-09-12,Delivered
PO0000702,SUP0092,WH002,2025-03-13,2025-03-25,2025-03-25,Delivered
PO0000703,SUP0018,WH006,2025-08-20,2025-08-23,2025-08-23,Delivered
PO0000704,SUP0083,WH004,2026-06-07,2026-06-17,2026-06-20,Delivered
PO0000705,SUP0098,WH010,2025-02-21,2025-03-04,2025-03-09,Delivered
PO0000706,SUP0082,WH009,2025-02-04,2025-02-12,2025-02-14,Delivered
PO0000707,SUP0001,WH010,2025-06-20,2025-06-28,2025-06-29,Delivered
PO0000708,SUP0031,WH006,2026-03-05,2026-03-18,2026-03-18,Delivered
PO0000709,SUP0004,WH008,2025-07-04,2025-07-11,2025-07-13,Delivered
PO0000710,SUP0022,WH005,2025-01-30,2025-02-02,2025-02-02,Delivered
PO0000711,SUP0082,WH008,2026-08-25,2026-09-05,,In Transit
PO0000712,SUP0079,WH009,2026-08-13,2026-08-20,2026-08-25,Delivered
PO0000713,SUP0039,WH003,2026-02-09,2026-02-11,2026-02-11,Delivered
PO0000714,SUP0078,WH010,2025-07-30,2025-08-12,2025-08-12,Delivered
PO0000715,SUP0057,WH009,2025-12-11,2025-12-14,2025-12-14,Delivered
PO0000716,SUP0014,WH008,2025-08-27,2025-09-07,2025-09-10,Delivered
PO0000717,SUP0075,WH008,2025-03-03,2025-03-10,2025-03-10,Delivered
PO0000718,SUP0021,WH005,2025-07-13,2025-07-27,2025-07-27,Delivered
PO0000719,SUP0036,WH010,2025-12-11,2025-12-15,2025-12-15,Delivered
PO0000720,SUP0047,WH010,2025-03-22,2025-03-30,2025-03-31,Delivered
PO0000721,SUP0092,WH004,2025-06-15,2025-06-20,2025-06-20,Delivered
PO0000722,SUP0081,WH002,2025-03-30,2025-04-01,2025-04-02,Delivered
PO0000723,SUP0090,WH008,2025-01-22,2025-02-04,2025-02-07,Delivered
PO0000724,SUP0014,WH009,2025-06-22,2025-07-06,2025-07-07,Delivered
PO0000725,SUP0051,WH009,2025-02-09,2025-02-15,2025-02-16,Delivered
PO0000726,SUP0018,WH002,2025-10-25,2025-11-07,2025-11-12,Delivered
PO0000727,SUP0039,WH009,2025-02-02,2025-02-05,2025-02-07,Delivered
PO0000728,SUP0096,WH009,2025-06-09,2025-06-18,2025-06-18,Delivered
PO0000729,SUP0033,WH005,2026-07-13,2026-07-15,2026-07-15,Delivered
PO0000730,SUP0083,WH001,2026-08-18,2026-08-23,2026-08-23,Delivered
PO0000731,SUP0034,WH003,2025-01-26,2025-02-04,2025-02-04,Delivered
PO0000732,SUP0049,WH004,2025-06-02,2025-06-06,2025-06-06,Delivered
PO0000733,SUP0010,WH007,2026-03-11,2026-03-20,2026-03-22,Delivered
PO0000734,SUP0079,WH004,2025-01-03,2025-01-09,2025-01-10,Delivered
PO0000735,SUP0001,WH005,2026-03-14,2026-03-25,2026-03-25,Delivered
PO0000736,SUP0018,WH010,2025-11-12,2025-11-26,2025-11-26,Delivered
PO0000737,SUP0074,WH007,2025-10-17,2025-10-28,2025-10-31,Delivered
PO0000738,SUP0054,WH004,2025-07-18,2025-07-30,2025-07-30,Delivered
PO0000739,SUP0031,WH003,2026-01-30,2026-02-09,2026-02-09,Delivered
PO0000740,SUP0044,WH002,2025-01-13,2025-01-16,2025-01-17,Delivered
PO0000741,SUP0068,WH006,2025-03-19,2025-03-22,2025-03-25,Delivered
PO0000742,SUP0053,WH006,2025-01-25,2025-01-28,2025-01-30,Delivered
PO0000743,SUP0089,WH002,2025-11-22,2025-12-01,2025-12-02,Delivered
PO0000744,SUP0035,WH006,2026-03-15,2026-03-26,2026-03-28,Delivered
PO0000745,SUP0061,WH002,2025-01-11,2025-01-13,2025-01-13,Delivered
PO0000746,SUP0024,WH002,2025-08-10,2025-08-18,2025-08-18,Delivered
PO0000747,SUP0042,WH001,2025-12-30,2026-01-02,2026-01-02,Delivered
PO0000748,SUP0048,WH002,2026-01-12,2026-01-24,2026-01-24,Delivered
PO0000749,SUP0003,WH008,2026-02-02,2026-02-04,2026-02-04,Delivered
PO0000750,SUP0069,WH007,2026-03-10,2026-03-20,2026-03-21,Delivered
PO0000751,SUP0002,WH009,2025-12-17,2025-12-31,2026-01-02,Delivered
PO0000752,SUP0058,WH002,2025-02-06,2025-02-08,2025-02-08,Delivered
PO0000753,SUP0002,WH001,2025-04-13,2025-04-17,2025-04-17,Delivered
PO0000754,SUP0048,WH005,2025-03-04,2025-03-10,2025-03-10,Delivered
PO0000755,SUP0067,WH001,2026-04-26,2026-05-06,2026-05-06,Delivered
PO0000756,SUP0074,WH009,2025-04-23,2025-05-02,2025-05-02,Delivered
PO0000757,SUP0019,WH005,2025-06-25,2025-06-30,2025-07-03,Delivered
PO0000758,SUP0064,WH004,2025-09-19,2025-09-23,2025-10-01,Delivered
PO0000759,SUP0026,WH001,2026-01-30,2026-02-05,2026-02-05,Delivered
PO0000760,SUP0046,WH001,2025-08-12,2025-08-20,2025-08-22,Delivered
PO0000761,SUP0014,WH003,2026-03-03,2026-03-06,2026-03-09,Delivered
PO0000762,SUP0045,WH002,2025-08-28,2025-09-03,2025-09-03,Delivered
PO0000763,SUP0035,WH001,2026-01-07,2026-01-09,2026-01-09,Delivered
PO0000764,SUP0081,WH002,2025-03-07,2025-03-14,2025-03-15,Delivered
PO0000765,SUP0048,WH010,2025-10-27,2025-11-02,2025-11-02,Delivered
PO0000766,SUP0065,WH009,2025-06-27,2025-07-03,2025-07-03,Delivered
PO0000767,SUP0068,WH002,2025-10-02,2025-10-08,2025-10-08,Delivered
PO0000768,SUP0073,WH004,2026-05-03,2026-05-11,2026-05-11,Delivered
PO0000769,SUP0099,WH008,2026-07-14,2026-07-19,2026-07-21,Delivered
PO0000770,SUP0015,WH006,2026-04-04,2026-04-18,2026-04-18,Delivered
PO0000771,SUP0046,WH009,2025-11-18,2025-11-28,2025-11-28,Delivered
PO0000772,SUP0096,WH003,2026-02-14,2026-02-19,2026-02-19,Delivered
PO0000773,SUP0051,WH003,2026-08-17,2026-08-23,2026-08-24,Delivered
PO0000774,SUP0017,WH009,2025-05-03,2025-05-13,2025-05-16,Delivered
PO0000775,SUP0049,WH004,2025-10-31,2025-11-07,2025-11-10,Delivered
PO0000776,SUP0049,WH004,2025-03-19,2025-04-01,2025-04-01,Delivered
PO0000777,SUP0086,WH004,2025-10-07,2025-10-14,2025-10-14,Delivered
PO0000778,SUP0016,WH005,2025-02-06,2025-02-15,2025-02-15,Delivered
PO0000779,SUP0081,WH003,2025-06-12,2025-06-18,2025-06-20,Delivered
PO0000780,SUP0091,WH007,2026-04-07,2026-04-11,2026-04-16,Delivered
PO0000781,SUP0013,WH007,2025-11-11,2025-11-19,2025-11-20,Delivered
PO0000782,SUP0100,WH010,2026-08-14,2026-08-16,2026-08-17,Delivered
PO0000783,SUP0079,WH008,2026-04-04,2026-04-16,2026-04-17,Delivered
PO0000784,SUP0068,WH006,2025-06-17,2025-06-29,2025-06-29,Delivered
PO0000785,SUP0062,WH003,2025-03-10,2025-03-16,2025-03-17,Delivered
PO0000786,SUP0094,WH007,2025-08-20,2025-08-25,2025-08-27,Delivered
PO0000787,SUP0005,WH009,2025-07-10,2025-07-17,2025-07-17,Delivered
PO0000788,SUP0007,WH002,2026-04-23,2026-05-05,2026-05-06,Delivered
PO0000789,SUP0095,WH006,2026-02-28,2026-03-14,2026-03-15,Cancelled
PO0000790,SUP0028,WH005,2025-03-05,2025-03-08,2025-03-09,Delivered
PO0000791,SUP0038,WH009,2025-10-12,2025-10-22,2025-10-23,Delivered
PO0000792,SUP0046,WH006,2026-06-08,2026-06-12,2026-06-12,Delivered
PO0000793,SUP0077,WH001,2026-01-12,2026-01-25,2026-01-30,Delivered
PO0000794,SUP0079,WH004,2025-12-02,2025-12-08,2025-12-08,Delivered
PO0000795,SUP0015,WH010,2026-06-26,2026-07-02,2026-07-02,Delivered
PO0000796,SUP0014,WH005,2025-06-15,2025-06-24,2025-06-24,Delivered
PO0000797,SUP0023,WH007,2026-01-30,2026-02-02,2026-02-04,Cancelled
PO0000798,SUP0088,WH006,2026-03-21,2026-03-30,2026-03-31,Delivered
PO0000799,SUP0032,WH003,2026-01-16,2026-01-24,2026-01-26,Delivered
PO0000800,SUP0014,WH001,2025-02-10,2025-02-16,2025-02-21,Delivered
PO0000801,SUP0010,WH003,2025-12-04,2025-12-17,2025-12-17,Delivered
PO0000802,SUP0038,WH002,2026-05-23,2026-06-01,2026-06-01,Delivered
PO0000803,SUP0047,WH003,2025-01-14,2025-01-28,2025-01-28,Delivered
PO0000804,SUP0005,WH007,2025-01-22,2025-01-27,2025-02-01,Delivered
PO0000805,SUP0052,WH007,2026-02-20,2026-02-25,2026-02-26,Cancelled
PO0000806,SUP0013,WH008,2025-12-07,2025-12-15,2025-12-15,Delivered
PO0000807,SUP0042,WH009,2025-11-22,2025-11-24,2025-11-25,Delivered
PO0000808,SUP0058,WH008,2025-12-05,2025-12-15,2025-12-15,Delivered
PO0000809,SUP0071,WH006,2025-05-05,2025-05-19,2025-05-20,Delivered
PO0000810,SUP0048,WH001,2025-01-28,2025-02-06,2025-02-06,Delivered
PO0000811,SUP0076,WH004,2025-07-13,2025-07-21,2025-07-21,Delivered
PO0000812,SUP0006,WH007,2026-04-07,2026-04-15,2026-04-18,Delivered
PO0000813,SUP0009,WH002,2025-03-27,2025-04-06,2025-04-08,Delivered
PO0000814,SUP0042,WH002,2026-01-28,2026-02-02,2026-02-02,Delivered
PO0000815,SUP0060,WH007,2025-02-11,2025-02-19,2025-02-19,Delivered
PO0000816,SUP0080,WH005,2026-07-31,2026-08-06,2026-08-09,Delivered
PO0000817,SUP0098,WH003,2025-01-19,2025-01-26,2025-01-29,Delivered
PO0000818,SUP0051,WH003,2026-06-16,2026-06-19,2026-06-19,Delivered
PO0000819,SUP0035,WH002,2026-04-17,2026-04-23,2026-04-24,Delivered
PO0000820,SUP0025,WH009,2025-05-09,2025-05-14,2025-05-15,Delivered
PO0000821,SUP0041,WH006,2025-12-17,2025-12-28,2026-01-02,Delivered
PO0000822,SUP0006,WH009,2025-01-11,2025-01-23,2025-01-25,Delivered
PO0000823,SUP0017,WH009,2025-05-02,2025-05-09,2025-05-10,Delivered
PO0000824,SUP0041,WH004,2026-02-28,2026-03-14,2026-03-16,Delivered
PO0000825,SUP0021,WH003,2025-06-25,2025-07-07,2025-07-07,Cancelled
PO0000826,SUP0051,WH001,2025-12-23,2025-12-28,2025-12-28,Delivered
PO0000827,SUP0056,WH009,2025-11-18,2025-11-24,2025-11-24,Delivered
PO0000828,SUP0035,WH008,2025-10-24,2025-11-04,2025-11-04,Delivered
PO0000829,SUP0096,WH002,2025-04-07,2025-04-19,2025-04-22,Delivered
PO0000830,SUP0064,WH003,2025-05-25,2025-06-03,2025-06-04,Delivered
PO0000831,SUP0095,WH008,2026-01-22,2026-01-26,2026-01-29,Delivered
PO0000832,SUP0070,WH009,2025-04-09,2025-04-11,2025-04-12,Delivered
PO0000833,SUP0065,WH010,2025-08-25,2025-08-28,2025-08-28,Delivered
PO0000834,SUP0097,WH007,2026-08-22,2026-08-25,2026-08-25,Delivered
PO0000835,SUP0088,WH002,2025-09-29,2025-10-13,2025-10-13,Delivered
PO0000836,SUP0076,WH008,2026-01-12,2026-01-14,2026-01-16,Delivered
PO0000837,SUP0017,WH004,2025-01-30,2025-02-09,2025-02-09,Delivered
PO0000838,SUP0084,WH008,2026-08-16,2026-08-23,2026-08-25,Delivered
PO0000839,SUP0057,WH005,2026-01-09,2026-01-23,2026-01-23,Delivered
PO0000840,SUP0032,WH005,2025-06-27,2025-07-10,2025-07-11,Delivered
PO0000841,SUP0020,WH005,2026-08-10,2026-08-18,2026-08-18,Delivered
PO0000842,SUP0050,WH006,2026-01-20,2026-01-24,2026-01-25,Delivered
PO0000843,SUP0022,WH001,2025-06-07,2025-06-12,2025-06-15,Delivered
PO0000844,SUP0085,WH003,2025-04-05,2025-04-09,2025-04-12,Delivered
PO0000845,SUP0028,WH010,2026-07-29,2026-08-05,2026-08-10,Delivered
PO0000846,SUP0067,WH010,2026-08-18,2026-08-29,,In Transit
PO0000847,SUP0098,WH006,2025-05-26,2025-06-03,2025-06-03,Delivered
PO0000848,SUP0074,WH009,2025-02-20,2025-02-28,2025-02-28,Delivered
PO0000849,SUP0044,WH004,2025-09-20,2025-10-02,2025-10-03,Delivered
PO0000850,SUP0002,WH006,2026-04-21,2026-04-24,2026-04-26,Delivered
PO0000851,SUP0018,WH005,2025-07-15,2025-07-27,2025-07-29,Delivered
PO0000852,SUP0029,WH009,2025-04-15,2025-04-28,2025-04-28,Delivered
PO0000853,SUP0035,WH007,2026-03-01,2026-03-08,2026-03-08,Delivered
PO0000854,SUP0060,WH003,2025-02-14,2025-02-20,2025-02-21,Delivered
PO0000855,SUP0092,WH010,2026-03-16,2026-03-20,2026-03-21,Delivered
PO0000856,SUP0075,WH008,2025-12-20,2026-01-03,2026-01-03,Delivered
PO0000857,SUP0003,WH004,2025-10-29,2025-11-06,2025-11-07,Delivered
PO0000858,SUP0021,WH009,2025-01-29,2025-02-03,2025-02-05,Delivered
PO0000859,SUP0090,WH008,2025-12-25,2026-01-07,2026-01-07,Delivered
PO0000860,SUP0012,WH004,2025-03-20,2025-03-27,2025-03-27,Delivered
PO0000861,SUP0022,WH003,2025-05-23,2025-05-30,2025-05-30,Delivered
PO0000862,SUP0052,WH005,2026-02-19,2026-03-01,2026-03-02,Delivered
PO0000863,SUP0099,WH001,2026-04-26,2026-05-09,2026-05-17,Delivered
PO0000864,SUP0094,WH010,2025-03-28,2025-04-01,2025-04-01,Delivered
PO0000865,SUP0013,WH010,2026-05-10,2026-05-21,2026-05-21,Delivered
PO0000866,SUP0054,WH005,2025-10-23,2025-11-06,2025-11-06,Delivered
PO0000867,SUP0038,WH004,2026-08-21,2026-08-30,,In Transit
PO0000868,SUP0007,WH006,2025-08-21,2025-08-27,2025-08-27,Delivered
PO0000869,SUP0086,WH001,2025-06-03,2025-06-10,2025-06-11,Delivered
PO0000870,SUP0064,WH003,2025-03-24,2025-03-26,2025-03-29,Delivered
PO0000871,SUP0012,WH003,2025-02-12,2025-02-17,2025-02-19,Delivered
PO0000872,SUP0033,WH006,2026-08-09,2026-08-20,2026-08-20,Delivered
PO0000873,SUP0079,WH009,2025-09-07,2025-09-16,2025-09-16,Delivered
PO0000874,SUP0020,WH002,2026-01-10,2026-01-12,2026-01-13,Delivered
PO0000875,SUP0090,WH007,2025-12-15,2025-12-20,2025-12-21,Delivered
PO0000876,SUP0098,WH008,2025-08-15,2025-08-20,2025-08-22,Delivered
PO0000877,SUP0018,WH001,2025-05-17,2025-05-19,2025-05-19,Delivered
PO0000878,SUP0027,WH007,2026-04-27,2026-04-29,2026-04-29,Delivered
PO0000879,SUP0078,WH008,2026-01-31,2026-02-02,2026-02-02,Cancelled
PO0000880,SUP0094,WH004,2025-12-10,2025-12-12,2025-12-12,Delivered
PO0000881,SUP0065,WH004,2025-09-24,2025-10-05,2025-10-08,Delivered
PO0000882,SUP0018,WH008,2026-08-25,2026-09-02,,In Transit
PO0000883,SUP0010,WH001,2025-12-17,2025-12-28,2025-12-28,Delivered
PO0000884,SUP0043,WH009,2026-06-06,2026-06-13,2026-06-13,Delivered
PO0000885,SUP0020,WH002,2025-11-13,2025-11-27,2025-11-27,Delivered
PO0000886,SUP0085,WH006,2025-11-29,2025-12-12,2025-12-12,Delivered
PO0000887,SUP0039,WH007,2025-08-15,2025-08-27,2025-08-27,Delivered
PO0000888,SUP0042,WH001,2026-07-26,2026-08-08,2026-08-11,Delivered
PO0000889,SUP0072,WH007,2025-01-18,2025-01-29,2025-01-31,Delivered
PO0000890,SUP0080,WH009,2025-04-01,2025-04-10,2025-04-10,Delivered
PO0000891,SUP0064,WH004,2026-01-03,2026-01-15,2026-01-15,Delivered
PO0000892,SUP0068,WH005,2025-07-14,2025-07-22,2025-07-23,Delivered
PO0000893,SUP0078,WH010,2026-06-09,2026-06-17,2026-06-17,Delivered
PO0000894,SUP0072,WH003,2026-05-14,2026-05-19,2026-05-20,Delivered
PO0000895,SUP0031,WH007,2025-08-13,2025-08-19,2025-08-19,Delivered
PO0000896,SUP0050,WH003,2026-07-18,2026-07-28,2026-07-28,Delivered
PO0000897,SUP0071,WH001,2026-02-08,2026-02-22,2026-02-22,Delivered
PO0000898,SUP0015,WH010,2026-05-31,2026-06-12,2026-06-17,Delivered
PO0000899,SUP0065,WH010,2026-02-09,2026-02-14,2026-02-14,Delivered
PO0000900,SUP0005,WH003,2025-05-10,2025-05-22,2025-05-22,Delivered
PO0000901,SUP0007,WH003,2025-12-24,2026-01-07,2026-01-07,Delivered
PO0000902,SUP0086,WH001,2026-03-14,2026-03-22,2026-03-22,Delivered
PO0000903,SUP0082,WH001,2026-08-06,2026-08-19,2026-08-22,Delivered
PO0000904,SUP0032,WH001,2025-01-09,2025-01-18,2025-01-20,Delivered
PO0000905,SUP0067,WH007,2025-04-13,2025-04-15,2025-04-17,Delivered
PO0000906,SUP0033,WH003,2026-04-21,2026-04-29,2026-04-29,Delivered
PO0000907,SUP0079,WH009,2025-01-29,2025-02-08,2025-02-11,Delivered
PO0000908,SUP0041,WH004,2025-12-06,2025-12-11,2025-12-11,Delivered
PO0000909,SUP0079,WH002,2025-03-04,2025-03-13,2025-03-16,Delivered
PO0000910,SUP0083,WH009,2025-10-02,2025-10-07,2025-10-07,Delivered
PO0000911,SUP0043,WH008,2025-12-09,2025-12-12,2025-12-12,Delivered
PO0000912,SUP0051,WH008,2025-08-07,2025-08-12,2025-08-15,Delivered
PO0000913,SUP0070,WH002,2025-08-05,2025-08-13,2025-08-13,Delivered
PO0000914,SUP0052,WH008,2025-03-30,2025-04-01,2025-04-03,Delivered
PO0000915,SUP0028,WH010,2025-10-14,2025-10-24,2025-10-24,Delivered
PO0000916,SUP0100,WH008,2025-08-11,2025-08-15,2025-08-15,Delivered
PO0000917,SUP0090,WH002,2025-08-18,2025-09-01,2025-09-03,Delivered
PO0000918,SUP0067,WH002,2025-11-08,2025-11-18,2025-11-18,Delivered
PO0000919,SUP0032,WH001,2026-05-22,2026-05-28,2026-05-28,Delivered
PO0000920,SUP0025,WH004,2025-05-26,2025-06-07,2025-06-08,Delivered
PO0000921,SUP0023,WH004,2025-07-29,2025-08-02,2025-08-02,Delivered
PO0000922,SUP0015,WH004,2025-12-22,2026-01-02,2026-01-03,Delivered
PO0000923,SUP0075,WH008,2025-02-08,2025-02-16,2025-02-19,Delivered
PO0000924,SUP0100,WH007,2025-01-05,2025-01-14,2025-01-16,Delivered
PO0000925,SUP0016,WH003,2025-08-06,2025-08-19,2025-08-20,Delivered
PO0000926,SUP0009,WH010,2025-06-17,2025-06-20,2025-06-20,Delivered
PO0000927,SUP0099,WH004,2025-06-25,2025-07-02,2025-07-02,Delivered
PO0000928,SUP0003,WH002,2026-02-26,2026-03-06,2026-03-06,Delivered
PO0000929,SUP0012,WH010,2026-05-03,2026-05-07,2026-05-07,Delivered
PO0000930,SUP0091,WH004,2025-04-06,2025-04-08,2025-04-08,Delivered
PO0000931,SUP0094,WH006,2025-11-05,2025-11-09,2025-11-11,Delivered
PO0000932,SUP0099,WH003,2026-07-19,2026-07-25,2026-07-25,Delivered
PO0000933,SUP0004,WH001,2026-01-02,2026-01-05,2026-01-10,Delivered
PO0000934,SUP0083,WH008,2026-02-07,2026-02-10,2026-02-12,Delivered
PO0000935,SUP0092,WH005,2025-08-17,2025-08-31,2025-09-02,Delivered
PO0000936,SUP0027,WH004,2026-07-07,2026-07-20,2026-07-20,Delivered
PO0000937,SUP0047,WH008,2025-06-18,2025-06-26,2025-06-29,Delivered
PO0000938,SUP0014,WH003,2025-05-05,2025-05-16,2025-05-16,Delivered
PO0000939,SUP0044,WH007,2025-03-14,2025-03-22,2025-03-22,Delivered
PO0000940,SUP0029,WH009,2025-04-06,2025-04-17,2025-04-17,Delivered
PO0000941,SUP0084,WH001,2026-05-01,2026-05-09,2026-05-11,Delivered
PO0000942,SUP0009,WH009,2026-02-28,2026-03-06,2026-03-06,Delivered
PO0000943,SUP0020,WH004,2025-04-07,2025-04-16,2025-04-16,Delivered
PO0000944,SUP0026,WH005,2026-03-08,2026-03-21,2026-03-21,Delivered
PO0000945,SUP0053,WH003,2025-10-10,2025-10-14,2025-10-14,Delivered
PO0000946,SUP0061,WH010,2025-04-19,2025-04-23,2025-04-23,Delivered
PO0000947,SUP0078,WH009,2025-01-27,2025-02-04,2025-02-05,Delivered
PO0000948,SUP0097,WH005,2026-08-19,2026-08-27,,In Transit
PO0000949,SUP0045,WH010,2026-04-29,2026-05-13,2026-05-13,Delivered
PO0000950,SUP0094,WH001,2026-06-29,2026-07-06,2026-07-06,Delivered
PO0000951,SUP0021,WH010,2025-11-06,2025-11-17,2025-11-17,Delivered
PO0000952,SUP0029,WH009,2026-06-08,2026-06-14,2026-06-17,Delivered
PO0000953,SUP0017,WH004,2025-06-05,2025-06-15,2025-06-16,Delivered
PO0000954,SUP0016,WH010,2026-02-28,2026-03-04,2026-03-04,Delivered
PO0000955,SUP0021,WH004,2026-08-04,2026-08-15,2026-08-15,Delivered
PO0000956,SUP0076,WH001,2026-07-27,2026-08-06,2026-08-09,Delivered
PO0000957,SUP0007,WH001,2026-07-20,2026-07-24,2026-07-25,Delivered
PO0000958,SUP0071,WH008,2025-06-24,2025-07-02,2025-07-04,Delivered
PO0000959,SUP0014,WH004,2025-05-02,2025-05-11,2025-05-14,Delivered
PO0000960,SUP0037,WH003,2026-03-16,2026-03-22,2026-03-22,Delivered
PO0000961,SUP0063,WH007,2025-06-14,2025-06-27,2025-06-27,Delivered
PO0000962,SUP0087,WH008,2026-03-02,2026-03-08,2026-03-13,Delivered
PO0000963,SUP0058,WH010,2025-02-17,2025-02-21,2025-02-21,Delivered
PO0000964,SUP0021,WH010,2026-04-25,2026-04-29,2026-04-29,Delivered
PO0000965,SUP0097,WH002,2025-08-22,2025-08-28,2025-08-28,Cancelled
PO0000966,SUP0098,WH010,2025-03-12,2025-03-15,2025-03-18,Delivered
PO0000967,SUP0014,WH006,2026-06-05,2026-06-13,2026-06-18,Delivered
PO0000968,SUP0040,WH006,2026-05-02,2026-05-09,2026-05-09,Delivered
PO0000969,SUP0074,WH003,2026-01-29,2026-02-08,2026-02-11,Delivered
PO0000970,SUP0025,WH005,2025-05-25,2025-06-05,2025-06-05,Delivered
PO0000971,SUP0006,WH010,2026-04-14,2026-04-16,2026-04-16,Delivered
PO0000972,SUP0064,WH009,2025-04-17,2025-04-26,2025-04-26,Delivered
PO0000973,SUP0025,WH007,2026-05-13,2026-05-23,2026-05-23,Delivered
PO0000974,SUP0062,WH005,2025-05-02,2025-05-10,2025-05-10,Delivered
PO0000975,SUP0038,WH007,2025-12-14,2025-12-20,2025-12-25,Delivered
PO0000976,SUP0053,WH007,2026-03-17,2026-03-31,2026-03-31,Delivered
PO0000977,SUP0030,WH007,2025-07-19,2025-07-30,2025-07-30,Delivered
PO0000978,SUP0093,WH002,2025-11-14,2025-11-26,2025-11-26,Delivered
PO0000979,SUP0050,WH007,2025-09-12,2025-09-23,2025-09-25,Delivered
PO0000980,SUP0010,WH003,2026-04-24,2026-05-01,2026-05-01,Delivered
PO0000981,SUP0020,WH001,2025-05-16,2025-05-29,2025-05-31,Delivered
PO0000982,SUP0059,WH001,2025-10-28,2025-11-07,2025-11-07,Delivered
PO0000983,SUP0056,WH003,2026-02-23,2026-03-03,2026-03-03,Delivered
PO0000984,SUP0027,WH006,2025-04-08,2025-04-13,2025-04-15,Delivered
PO0000985,SUP0030,WH002,2026-05-06,2026-05-18,2026-05-18,Delivered
PO0000986,SUP0042,WH003,2026-04-22,2026-04-28,2026-04-29,Delivered
PO0000987,SUP0015,WH001,2025-11-10,2025-11-21,2025-11-21,Delivered
PO0000988,SUP0012,WH001,2025-11-18,2025-11-26,2025-12-04,Delivered
PO0000989,SUP0072,WH003,2025-12-25,2025-12-29,2025-12-30,Delivered
PO0000990,SUP0053,WH010,2026-02-23,2026-03-03,2026-03-03,Delivered
PO0000991,SUP0015,WH005,2025-04-14,2025-04-18,2025-04-20,Delivered
PO0000992,SUP0017,WH010,2026-04-09,2026-04-14,2026-04-16,Delivered
PO0000993,SUP0039,WH003,2026-02-26,2026-03-07,2026-03-07,Delivered
PO0000994,SUP0029,WH006,2026-03-25,2026-04-06,2026-04-11,Delivered
PO0000995,SUP0058,WH006,2026-02-16,2026-02-25,2026-02-26,Delivered
PO0000996,SUP0005,WH004,2025-05-17,2025-05-19,2025-05-20,Delivered
PO0000997,SUP0049,WH008,2026-04-18,2026-05-02,2026-05-03,Delivered
PO0000998,SUP0057,WH009,2025-11-14,2025-11-24,2025-11-24,Delivered
PO0000999,SUP0020,WH007,2025-01-30,2025-02-02,2025-02-02,Delivered
PO0001000,SUP0044,WH008,2026-02-19,2026-02-24,2026-02-24,Delivered
PO0001001,SUP0006,WH001,2025-12-14,2025-12-27,2025-12-27,Delivered
PO0001002,SUP0073,WH002,2026-01-25,2026-02-05,2026-02-06,Delivered
PO0001003,SUP0025,WH004,2025-08-21,2025-09-02,2025-09-04,Delivered
PO0001004,SUP0078,WH006,2026-05-13,2026-05-22,2026-05-24,Delivered
PO0001005,SUP0030,WH006,2026-01-09,2026-01-16,2026-01-16,Delivered
PO0001006,SUP0097,WH003,2025-11-27,2025-12-05,2025-12-05,Delivered
PO0001007,SUP0016,WH001,2025-12-14,2025-12-16,2025-12-17,Cancelled
PO0001008,SUP0099,WH005,2025-10-12,2025-10-25,2025-10-25,Delivered
PO0001009,SUP0079,WH009,2026-04-05,2026-04-07,2026-04-12,Delivered
PO0001010,SUP0076,WH008,2025-05-23,2025-05-30,2025-05-31,Delivered
PO0001011,SUP0060,WH010,2025-09-13,2025-09-23,2025-09-23,Delivered
PO0001012,SUP0075,WH008,2025-02-17,2025-02-21,2025-02-22,Delivered
PO0001013,SUP0055,WH008,2026-06-28,2026-07-12,2026-07-15,Cancelled
PO0001014,SUP0029,WH008,2025-08-16,2025-08-20,2025-08-20,Delivered
PO0001015,SUP0027,WH010,2025-03-07,2025-03-10,2025-03-11,Delivered
PO0001016,SUP0022,WH006,2025-02-08,2025-02-21,2025-02-21,Delivered
PO0001017,SUP0087,WH010,2025-03-21,2025-03-24,2025-03-24,Delivered
PO0001018,SUP0038,WH009,2025-12-01,2025-12-15,2025-12-15,Delivered
PO0001019,SUP0024,WH003,2025-12-08,2025-12-19,2025-12-19,Delivered
PO0001020,SUP0082,WH004,2025-05-17,2025-05-24,2025-05-24,Delivered
PO0001021,SUP0055,WH009,2025-06-08,2025-06-14,2025-06-19,Delivered
PO0001022,SUP0058,WH002,2025-05-05,2025-05-11,2025-05-13,Delivered
PO0001023,SUP0023,WH003,2026-04-17,2026-04-19,2026-04-19,Delivered
PO0001024,SUP0061,WH005,2025-09-06,2025-09-14,2025-09-16,Delivered
PO0001025,SUP0023,WH010,2025-11-18,2025-11-28,2025-11-28,Delivered
PO0001026,SUP0084,WH004,2025-01-02,2025-01-08,2025-01-08,Delivered
PO0001027,SUP0084,WH004,2026-03-24,2026-03-28,2026-03-28,Delivered
PO0001028,SUP0011,WH002,2025-03-27,2025-04-02,2025-04-04,Delivered
PO0001029,SUP0041,WH009,2025-12-28,2026-01-10,2026-01-18,Delivered
PO0001030,SUP0079,WH008,2025-05-17,2025-05-25,2025-05-25,Delivered
PO0001031,SUP0051,WH001,2025-08-09,2025-08-12,2025-08-12,Cancelled
PO0001032,SUP0088,WH001,2025-12-23,2025-12-29,2025-12-31,Delivered
PO0001033,SUP0002,WH008,2026-04-24,2026-05-06,2026-05-06,Delivered
PO0001034,SUP0024,WH010,2025-12-18,2025-12-28,2025-12-28,Delivered
PO0001035,SUP0030,WH009,2025-07-13,2025-07-18,2025-07-19,Delivered
PO0001036,SUP0032,WH005,2025-07-07,2025-07-13,2025-07-14,Delivered
PO0001037,SUP0093,WH008,2025-03-09,2025-03-17,2025-03-17,Delivered
PO0001038,SUP0028,WH005,2025-06-14,2025-06-23,2025-06-26,Delivered
PO0001039,SUP0077,WH010,2026-06-29,2026-07-12,2026-07-12,Delivered
PO0001040,SUP0029,WH006,2025-02-07,2025-02-20,2025-02-20,Delivered
PO0001041,SUP0064,WH006,2026-07-20,2026-07-31,2026-07-31,Delivered
PO0001042,SUP0071,WH001,2026-06-10,2026-06-23,2026-06-23,Delivered
PO0001043,SUP0045,WH004,2025-09-19,2025-10-01,2025-10-01,Delivered
PO0001044,SUP0063,WH003,2026-02-03,2026-02-13,2026-02-14,Delivered
PO0001045,SUP0089,WH004,2026-03-21,2026-04-01,2026-04-01,Delivered
PO0001046,SUP0077,WH001,2025-07-24,2025-07-29,2025-07-29,Delivered
PO0001047,SUP0098,WH010,2025-08-30,2025-09-03,2025-09-06,Delivered
PO0001048,SUP0036,WH007,2025-11-14,2025-11-17,2025-11-17,Delivered
PO0001049,SUP0052,WH008,2026-04-08,2026-04-22,2026-04-22,Delivered
PO0001050,SUP0027,WH006,2026-01-16,2026-01-30,2026-02-02,Delivered
PO0001051,SUP0055,WH009,2026-01-08,2026-01-18,2026-01-20,Delivered
PO0001052,SUP0057,WH009,2025-11-27,2025-12-10,2025-12-10,Delivered
PO0001053,SUP0008,WH001,2025-10-06,2025-10-14,2025-10-16,Delivered
PO0001054,SUP0090,WH001,2025-08-06,2025-08-15,2025-08-15,Delivered
PO0001055,SUP0096,WH008,2025-08-13,2025-08-24,2025-08-24,Delivered
PO0001056,SUP0091,WH008,2025-10-31,2025-11-06,2025-11-06,Delivered
PO0001057,SUP0058,WH008,2025-06-19,2025-06-21,2025-06-22,Delivered
PO0001058,SUP0019,WH002,2026-02-24,2026-03-08,2026-03-08,Delivered
PO0001059,SUP0025,WH008,2026-01-23,2026-01-30,2026-01-30,Delivered
PO0001060,SUP0012,WH005,2025-11-18,2025-11-24,2025-11-27,Delivered
PO0001061,SUP0087,WH004,2026-07-01,2026-07-04,2026-07-04,Delivered
PO0001062,SUP0062,WH007,2026-05-24,2026-05-26,2026-05-26,Delivered
PO0001063,SUP0085,WH002,2025-07-27,2025-08-09,2025-08-10,Delivered
PO0001064,SUP0027,WH009,2026-06-07,2026-06-18,2026-06-21,Delivered
PO0001065,SUP0083,WH009,2025-01-10,2025-01-17,2025-01-17,Delivered
PO0001066,SUP0038,WH002,2026-08-04,2026-08-09,2026-08-09,Delivered
PO0001067,SUP0040,WH003,2025-05-01,2025-05-11,2025-05-13,Delivered
PO0001068,SUP0029,WH001,2025-04-08,2025-04-13,2025-04-13,Delivered
PO0001069,SUP0024,WH009,2025-10-19,2025-10-21,2025-10-23,Delivered
PO0001070,SUP0048,WH010,2026-07-05,2026-07-17,2026-07-17,Delivered
PO0001071,SUP0050,WH004,2025-09-13,2025-09-21,2025-09-22,Delivered
PO0001072,SUP0062,WH005,2025-10-19,2025-10-31,2025-10-31,Delivered
PO0001073,SUP0053,WH006,2025-05-05,2025-05-07,2025-05-07,Delivered
PO0001074,SUP0041,WH009,2025-12-19,2025-12-28,2025-12-30,Delivered
PO0001075,SUP0068,WH006,2026-01-14,2026-01-19,2026-01-19,Delivered
PO0001076,SUP0096,WH001,2026-01-24,2026-02-03,2026-02-03,Delivered
PO0001077,SUP0092,WH008,2026-01-26,2026-02-06,2026-02-08,Delivered
PO0001078,SUP0062,WH004,2025-07-06,2025-07-20,2025-07-21,Delivered
PO0001079,SUP0040,WH003,2025-06-01,2025-06-08,2025-06-13,Delivered
PO0001080,SUP0053,WH001,2026-08-14,2026-08-28,,In Transit
PO0001081,SUP0080,WH008,2026-04-12,2026-04-17,2026-04-17,Delivered
PO0001082,SUP0081,WH001,2025-03-18,2025-03-26,2025-03-26,Delivered
PO0001083,SUP0078,WH002,2025-10-21,2025-10-24,2025-10-24,Delivered
PO0001084,SUP0067,WH001,2025-01-30,2025-02-08,2025-02-09,Delivered
PO0001085,SUP0049,WH007,2026-08-13,2026-08-18,2026-08-18,Delivered
PO0001086,SUP0070,WH005,2025-05-06,2025-05-18,2025-05-18,Delivered
PO0001087,SUP0005,WH008,2025-03-07,2025-03-10,2025-03-10,Cancelled
PO0001088,SUP0022,WH003,2025-12-06,2025-12-17,2025-12-18,Delivered
PO0001089,SUP0036,WH005,2025-05-13,2025-05-27,2025-05-27,Delivered
PO0001090,SUP0091,WH006,2025-11-12,2025-11-21,2025-11-22,Delivered
PO0001091,SUP0074,WH010,2026-05-29,2026-06-11,2026-06-14,Delivered
PO0001092,SUP0075,WH007,2025-03-16,2025-03-18,2025-03-19,Delivered
PO0001093,SUP0088,WH008,2025-04-07,2025-04-19,2025-04-19,Delivered
PO0001094,SUP0034,WH007,2026-03-06,2026-03-16,2026-03-16,Delivered
PO0001095,SUP0087,WH002,2026-02-16,2026-02-26,2026-02-26,Cancelled
PO0001096,SUP0039,WH006,2026-03-01,2026-03-03,2026-03-03,Delivered
PO0001097,SUP0089,WH005,2026-03-01,2026-03-13,2026-03-13,Delivered
PO0001098,SUP0100,WH001,2025-10-17,2025-10-29,2025-11-06,Delivered
PO0001099,SUP0084,WH008,2025-12-21,2025-12-23,2025-12-24,Delivered
PO0001100,SUP0084,WH008,2026-05-04,2026-05-16,2026-05-19,Delivered
PO0001101,SUP0096,WH005,2025-11-12,2025-11-17,2025-11-17,Delivered
PO0001102,SUP0052,WH009,2025-02-14,2025-02-19,2025-02-19,Delivered
PO0001103,SUP0082,WH009,2025-02-24,2025-03-08,2025-03-10,Delivered
PO0001104,SUP0043,WH004,2026-04-21,2026-04-23,2026-04-23,Delivered
PO0001105,SUP0087,WH007,2026-03-06,2026-03-08,2026-03-11,Delivered
PO0001106,SUP0078,WH001,2025-10-31,2025-11-07,2025-11-07,Delivered
PO0001107,SUP0007,WH001,2025-10-04,2025-10-16,2025-10-16,Delivered
PO0001108,SUP0016,WH008,2026-08-16,2026-08-25,2026-08-25,Delivered
PO0001109,SUP0073,WH002,2026-01-31,2026-02-11,2026-02-11,Delivered
PO0001110,SUP0061,WH003,2025-08-13,2025-08-25,2025-08-25,Delivered
PO0001111,SUP0004,WH005,2026-03-11,2026-03-24,2026-03-24,Delivered
PO0001112,SUP0006,WH002,2025-10-24,2025-11-05,2025-11-05,Delivered
PO0001113,SUP0005,WH004,2025-05-20,2025-06-03,2025-06-03,Delivered
PO0001114,SUP0042,WH006,2026-06-22,2026-06-25,2026-06-25,Delivered
PO0001115,SUP0004,WH006,2025-02-08,2025-02-14,2025-02-14,Delivered
PO0001116,SUP0024,WH003,2025-07-24,2025-08-05,2025-08-07,Delivered
PO0001117,SUP0012,WH006,2026-06-26,2026-07-10,2026-07-10,Delivered
PO0001118,SUP0033,WH008,2026-08-08,2026-08-10,2026-08-13,Delivered
PO0001119,SUP0052,WH006,2025-04-13,2025-04-26,2025-04-26,Delivered
PO0001120,SUP0082,WH010,2025-12-23,2026-01-01,2026-01-02,Delivered
PO0001121,SUP0054,WH010,2026-08-12,2026-08-22,2026-08-22,Delivered
PO0001122,SUP0014,WH003,2025-03-30,2025-04-01,2025-04-02,Delivered
PO0001123,SUP0041,WH001,2026-03-17,2026-03-26,2026-03-26,Delivered
PO0001124,SUP0070,WH005,2025-08-19,2025-09-01,2025-09-06,Delivered
PO0001125,SUP0074,WH005,2025-02-08,2025-02-13,2025-02-13,Delivered
PO0001126,SUP0065,WH004,2026-03-09,2026-03-14,2026-03-19,Delivered
PO0001127,SUP0042,WH003,2025-08-20,2025-08-27,2025-08-27,Delivered
PO0001128,SUP0031,WH010,2026-06-27,2026-07-05,2026-07-05,Delivered
PO0001129,SUP0069,WH003,2026-03-16,2026-03-19,2026-03-19,Delivered
PO0001130,SUP0089,WH003,2025-08-08,2025-08-15,2025-08-15,Delivered
PO0001131,SUP0082,WH001,2025-11-15,2025-11-25,2025-11-25,Delivered
PO0001132,SUP0039,WH003,2025-11-10,2025-11-16,2025-11-18,Delivered
PO0001133,SUP0051,WH009,2026-06-22,2026-06-29,2026-07-01,Delivered
PO0001134,SUP0077,WH001,2025-07-25,2025-08-07,2025-08-12,Delivered
PO0001135,SUP0085,WH003,2025-12-07,2025-12-21,2025-12-21,Delivered
PO0001136,SUP0005,WH003,2025-06-14,2025-06-22,2025-06-25,Delivered
PO0001137,SUP0056,WH010,2025-01-08,2025-01-20,2025-01-20,Delivered
PO0001138,SUP0040,WH007,2025-05-11,2025-05-23,2025-05-28,Delivered
PO0001139,SUP0031,WH009,2026-05-26,2026-06-09,2026-06-09,Delivered
PO0001140,SUP0045,WH008,2025-09-24,2025-09-29,2025-10-04,Delivered
PO0001141,SUP0004,WH006,2026-07-13,2026-07-17,2026-07-17,Delivered
PO0001142,SUP0077,WH005,2025-11-11,2025-11-16,2025-11-16,Cancelled
PO0001143,SUP0100,WH006,2026-06-19,2026-06-22,2026-06-23,Delivered
PO0001144,SUP0070,WH008,2025-09-19,2025-09-26,2025-09-27,Delivered
PO0001145,SUP0026,WH008,2026-06-10,2026-06-21,2026-06-21,Delivered
PO0001146,SUP0088,WH008,2025-10-04,2025-10-18,2025-10-18,Delivered
PO0001147,SUP0016,WH006,2025-05-29,2025-06-09,2025-06-09,Delivered
PO0001148,SUP0013,WH007,2025-03-28,2025-04-09,2025-04-12,Delivered
PO0001149,SUP0058,WH009,2025-04-04,2025-04-14,2025-04-14,Delivered
PO0001150,SUP0063,WH003,2025-02-16,2025-02-20,2025-02-22,Delivered
PO0001151,SUP0082,WH010,2025-12-06,2025-12-17,2025-12-17,Delivered
PO0001152,SUP0053,WH006,2026-03-03,2026-03-05,2026-03-05,Delivered
PO0001153,SUP0014,WH006,2026-08-13,2026-08-15,2026-08-15,Delivered
PO0001154,SUP0010,WH005,2026-06-16,2026-06-29,2026-06-29,Delivered
PO0001155,SUP0044,WH010,2025-09-16,2025-09-27,2025-09-27,Delivered
PO0001156,SUP0004,WH009,2025-07-31,2025-08-14,2025-08-16,Delivered
PO0001157,SUP0060,WH004,2026-07-18,2026-07-29,2026-08-03,Delivered
PO0001158,SUP0096,WH001,2026-01-12,2026-01-15,2026-01-15,Cancelled
PO0001159,SUP0009,WH003,2025-06-08,2025-06-19,2025-06-20,Delivered
PO0001160,SUP0045,WH001,2026-03-23,2026-03-26,2026-03-27,Delivered
PO0001161,SUP0029,WH008,2026-02-23,2026-03-04,2026-03-06,Delivered
PO0001162,SUP0033,WH004,2026-06-28,2026-07-03,2026-07-03,Delivered
PO0001163,SUP0012,WH002,2026-08-13,2026-08-16,2026-08-19,Delivered
PO0001164,SUP0023,WH010,2025-04-25,2025-05-09,2025-05-11,Delivered
PO0001165,SUP0003,WH003,2026-08-22,2026-08-24,2026-08-24,Delivered
PO0001166,SUP0012,WH001,2026-01-21,2026-02-01,2026-02-02,Delivered
PO0001167,SUP0022,WH001,2026-07-12,2026-07-21,2026-07-21,Delivered
PO0001168,SUP0005,WH002,2026-06-09,2026-06-21,2026-06-21,Delivered
PO0001169,SUP0019,WH003,2026-04-21,2026-04-29,2026-04-30,Delivered
PO0001170,SUP0017,WH005,2025-08-29,2025-09-11,2025-09-11,Delivered
PO0001171,SUP0099,WH003,2025-03-07,2025-03-15,2025-03-15,Delivered
PO0001172,SUP0095,WH010,2025-08-10,2025-08-18,2025-08-18,Cancelled
PO0001173,SUP0075,WH003,2026-01-19,2026-01-30,2026-02-01,Delivered
PO0001174,SUP0073,WH006,2026-08-05,2026-08-16,2026-08-21,Delivered
PO0001175,SUP0069,WH002,2026-07-21,2026-07-29,2026-07-29,Delivered
PO0001176,SUP0016,WH001,2025-12-09,2025-12-18,2025-12-19,Delivered
PO0001177,SUP0053,WH009,2025-07-20,2025-07-30,2025-08-02,Delivered
PO0001178,SUP0035,WH001,2026-04-03,2026-04-08,2026-04-08,Delivered
PO0001179,SUP0049,WH005,2026-01-17,2026-01-26,2026-01-29,Delivered
PO0001180,SUP0091,WH003,2025-09-15,2025-09-20,2025-09-20,Delivered
PO0001181,SUP0045,WH004,2025-06-26,2025-07-10,2025-07-10,Delivered
PO0001182,SUP0003,WH001,2025-02-10,2025-02-15,2025-02-15,Delivered
PO0001183,SUP0042,WH008,2026-05-14,2026-05-28,2026-05-30,Delivered
PO0001184,SUP0055,WH010,2026-08-27,2026-08-29,,In Transit
PO0001185,SUP0037,WH007,2026-04-17,2026-05-01,2026-05-01,Delivered
PO0001186,SUP0034,WH007,2025-09-08,2025-09-21,2025-09-21,Delivered
PO0001187,SUP0050,WH002,2025-10-31,2025-11-13,2025-11-13,Delivered
PO0001188,SUP0022,WH008,2025-10-23,2025-10-25,2025-10-25,Delivered
PO0001189,SUP0022,WH003,2026-03-07,2026-03-20,2026-03-20,Delivered
PO0001190,SUP0044,WH002,2025-11-09,2025-11-22,2025-11-30,Delivered
PO0001191,SUP0073,WH007,2025-08-21,2025-09-01,2025-09-01,Delivered
PO0001192,SUP0048,WH008,2026-07-10,2026-07-17,2026-07-18,Delivered
PO0001193,SUP0058,WH001,2025-10-20,2025-10-27,2025-10-28,Delivered
PO0001194,SUP0047,WH002,2025-01-18,2025-01-27,2025-01-29,Delivered
PO0001195,SUP0015,WH006,2025-01-18,2025-01-30,2025-02-01,Delivered
PO0001196,SUP0035,WH010,2026-04-12,2026-04-17,2026-04-19,Delivered
PO0001197,SUP0042,WH006,2026-07-03,2026-07-05,2026-07-05,Delivered
PO0001198,SUP0044,WH003,2025-08-11,2025-08-18,2025-08-21,Delivered
PO0001199,SUP0057,WH004,2026-07-09,2026-07-21,2026-07-24,Delivered
PO0001200,SUP0075,WH001,2025-06-01,2025-06-15,2025-06-17,Delivered
PO0001201,SUP0003,WH002,2026-08-17,2026-08-24,2026-08-26,Delivered
PO0001202,SUP0006,WH007,2026-06-07,2026-06-18,2026-06-19,Delivered
PO0001203,SUP0086,WH003,2026-05-16,2026-05-27,2026-05-27,Delivered
PO0001204,SUP0017,WH008,2025-10-20,2025-10-24,2025-10-24,Delivered
PO0001205,SUP0005,WH010,2025-07-31,2025-08-07,2025-08-09,Delivered
PO0001206,SUP0018,WH008,2026-03-15,2026-03-25,2026-03-25,Delivered
PO0001207,SUP0007,WH009,2026-08-08,2026-08-18,2026-08-18,Cancelled
PO0001208,SUP0071,WH010,2025-07-17,2025-07-29,2025-07-31,Delivered
PO0001209,SUP0094,WH004,2025-02-16,2025-02-23,2025-02-23,Delivered
PO0001210,SUP0098,WH005,2026-08-21,2026-09-01,,In Transit
PO0001211,SUP0030,WH004,2026-07-02,2026-07-16,2026-07-16,Delivered
PO0001212,SUP0013,WH008,2026-01-27,2026-01-29,2026-01-29,Delivered
PO0001213,SUP0084,WH004,2025-05-10,2025-05-17,2025-05-18,Delivered
PO0001214,SUP0073,WH003,2026-02-17,2026-02-23,2026-02-25,Delivered
PO0001215,SUP0047,WH006,2025-09-15,2025-09-23,2025-09-28,Delivered
PO0001216,SUP0020,WH005,2025-04-04,2025-04-17,2025-04-18,Delivered
PO0001217,SUP0039,WH007,2025-08-28,2025-08-30,2025-08-30,Delivered
PO0001218,SUP0090,WH006,2026-07-19,2026-07-29,2026-07-30,Delivered
PO0001219,SUP0042,WH004,2025-07-10,2025-07-24,2025-07-24,Delivered
PO0001220,SUP0054,WH003,2025-08-17,2025-08-20,2025-08-20,Delivered
PO0001221,SUP0014,WH005,2025-01-21,2025-02-01,2025-02-03,Delivered
PO0001222,SUP0024,WH001,2025-10-12,2025-10-21,2025-10-21,Delivered
PO0001223,SUP0057,WH008,2026-02-14,2026-02-28,2026-03-03,Delivered
PO0001224,SUP0071,WH003,2025-07-15,2025-07-29,2025-07-29,Delivered
PO0001225,SUP0036,WH010,2025-02-27,2025-03-06,2025-03-07,Delivered
PO0001226,SUP0096,WH007,2025-06-16,2025-06-24,2025-06-24,Delivered
PO0001227,SUP0014,WH007,2025-06-02,2025-06-09,2025-06-14,Delivered
PO0001228,SUP0049,WH002,2026-03-21,2026-03-23,2026-03-26,Delivered
PO0001229,SUP0047,WH002,2025-09-27,2025-10-05,2025-10-07,Delivered
PO0001230,SUP0003,WH008,2026-06-07,2026-06-14,2026-06-14,Delivered
PO0001231,SUP0095,WH009,2025-05-25,2025-06-05,2025-06-08,Delivered
PO0001232,SUP0084,WH010,2025-02-16,2025-02-24,2025-02-24,Delivered
PO0001233,SUP0051,WH010,2026-01-14,2026-01-18,2026-01-19,Delivered
PO0001234,SUP0016,WH005,2026-05-13,2026-05-27,2026-05-27,Delivered
PO0001235,SUP0029,WH001,2025-08-05,2025-08-15,2025-08-16,Delivered
PO0001236,SUP0024,WH002,2025-01-25,2025-02-08,2025-02-08,Delivered
PO0001237,SUP0010,WH004,2025-05-12,2025-05-26,2025-05-27,Delivered
PO0001238,SUP0074,WH008,2025-08-13,2025-08-21,2025-08-21,Delivered
PO0001239,SUP0075,WH009,2026-01-19,2026-01-25,2026-01-25,Delivered
PO0001240,SUP0090,WH010,2025-10-16,2025-10-18,2025-10-26,Delivered
PO0001241,SUP0067,WH006,2025-02-13,2025-02-16,2025-02-16,Delivered
PO0001242,SUP0020,WH006,2026-04-02,2026-04-09,2026-04-10,Delivered
PO0001243,SUP0006,WH003,2026-05-20,2026-05-30,2026-06-01,Delivered
PO0001244,SUP0037,WH001,2025-10-11,2025-10-15,2025-10-15,Delivered
PO0001245,SUP0049,WH004,2025-06-19,2025-06-28,2025-06-28,Delivered
PO0001246,SUP0053,WH002,2026-02-13,2026-02-17,2026-02-18,Delivered
PO0001247,SUP0066,WH002,2025-08-17,2025-08-23,2025-08-23,Delivered
PO0001248,SUP0094,WH008,2025-03-31,2025-04-13,2025-04-13,Delivered
PO0001249,SUP0062,WH007,2025-12-16,2025-12-22,2025-12-27,Delivered
PO0001250,SUP0078,WH001,2025-08-06,2025-08-17,2025-08-17,Delivered
PO0001251,SUP0031,WH001,2025-04-07,2025-04-18,2025-04-18,Delivered
PO0001252,SUP0060,WH010,2025-08-19,2025-08-23,2025-08-25,Delivered
PO0001253,SUP0025,WH007,2026-05-09,2026-05-22,2026-05-22,Delivered
PO0001254,SUP0034,WH009,2026-08-21,2026-09-03,,In Transit
PO0001255,SUP0016,WH004,2026-07-10,2026-07-13,2026-07-13,Delivered
PO0001256,SUP0095,WH004,2026-08-23,2026-09-03,,In Transit
PO0001257,SUP0082,WH007,2025-07-18,2025-08-01,2025-08-01,Delivered
PO0001258,SUP0094,WH004,2025-12-22,2025-12-30,2025-12-30,Delivered
PO0001259,SUP0041,WH001,2025-11-12,2025-11-21,2025-11-26,Delivered
PO0001260,SUP0059,WH008,2026-05-18,2026-06-01,2026-06-01,Delivered
PO0001261,SUP0031,WH006,2026-04-29,2026-05-12,2026-05-13,Delivered
PO0001262,SUP0025,WH008,2026-03-19,2026-03-26,2026-03-27,Delivered
PO0001263,SUP0076,WH001,2026-07-04,2026-07-10,2026-07-13,Delivered
PO0001264,SUP0069,WH007,2025-07-29,2025-08-09,2025-08-09,Delivered
PO0001265,SUP0094,WH001,2026-07-13,2026-07-15,2026-07-18,Delivered
PO0001266,SUP0073,WH009,2025-07-24,2025-07-30,2025-07-31,Delivered
PO0001267,SUP0063,WH003,2026-04-17,2026-04-21,2026-04-21,Delivered
PO0001268,SUP0082,WH003,2026-04-14,2026-04-22,2026-04-24,Delivered
PO0001269,SUP0014,WH010,2025-01-26,2025-02-08,2025-02-08,Delivered
PO0001270,SUP0042,WH004,2025-02-02,2025-02-10,2025-02-10,Delivered
PO0001271,SUP0067,WH002,2025-05-16,2025-05-26,2025-05-26,Delivered
PO0001272,SUP0061,WH004,2026-06-04,2026-06-13,2026-06-13,Delivered
PO0001273,SUP0067,WH009,2026-05-17,2026-05-21,2026-05-22,Delivered
PO0001274,SUP0096,WH007,2025-04-29,2025-05-08,2025-05-08,Delivered
PO0001275,SUP0030,WH002,2025-06-27,2025-07-06,2025-07-06,Cancelled
PO0001276,SUP0018,WH008,2025-08-02,2025-08-10,2025-08-11,Delivered
PO0001277,SUP0043,WH002,2025-09-01,2025-09-05,2025-09-08,Delivered
PO0001278,SUP0083,WH001,2026-01-10,2026-01-22,2026-01-23,Delivered
PO0001279,SUP0035,WH005,2025-06-13,2025-06-15,2025-06-23,Delivered
PO0001280,SUP0096,WH008,2025-07-20,2025-08-03,2025-08-04,Delivered
PO0001281,SUP0064,WH006,2025-12-05,2025-12-07,2025-12-08,Delivered
PO0001282,SUP0065,WH004,2025-04-01,2025-04-08,2025-04-08,Delivered
PO0001283,SUP0097,WH004,2025-06-15,2025-06-28,2025-06-28,Delivered
PO0001284,SUP0098,WH005,2025-03-14,2025-03-28,2025-03-28,Delivered
PO0001285,SUP0098,WH007,2025-12-03,2025-12-12,2025-12-12,Delivered
PO0001286,SUP0067,WH001,2025-08-31,2025-09-10,2025-09-10,Delivered
PO0001287,SUP0009,WH001,2026-06-11,2026-06-19,2026-06-19,Delivered
PO0001288,SUP0015,WH005,2025-11-01,2025-11-10,2025-11-12,Delivered
PO0001289,SUP0073,WH001,2025-05-22,2025-06-04,2025-06-04,Delivered
PO0001290,SUP0020,WH010,2025-05-24,2025-05-28,2025-05-28,Delivered
PO0001291,SUP0001,WH007,2025-07-24,2025-08-03,2025-08-05,Delivered
PO0001292,SUP0050,WH004,2025-09-16,2025-09-28,2025-10-01,Delivered
PO0001293,SUP0060,WH009,2026-08-12,2026-08-19,2026-08-22,Delivered
PO0001294,SUP0016,WH007,2025-10-19,2025-10-29,2025-11-01,Delivered
PO0001295,SUP0046,WH003,2026-03-04,2026-03-14,2026-03-15,Delivered
PO0001296,SUP0020,WH003,2025-11-21,2025-11-29,2025-11-29,Delivered
PO0001297,SUP0090,WH001,2025-09-21,2025-09-28,2025-09-28,Delivered
PO0001298,SUP0025,WH010,2025-10-28,2025-10-30,2025-10-30,Delivered
PO0001299,SUP0091,WH006,2026-04-24,2026-05-03,2026-05-03,Delivered
PO0001300,SUP0095,WH010,2025-10-08,2025-10-17,2025-10-17,Delivered
PO0001301,SUP0024,WH010,2025-12-20,2025-12-27,2025-12-27,Delivered
PO0001302,SUP0028,WH003,2025-04-17,2025-04-23,2025-04-25,Delivered
PO0001303,SUP0095,WH008,2026-05-23,2026-05-27,2026-05-27,Delivered
PO0001304,SUP0038,WH008,2025-10-16,2025-10-20,2025-10-20,Delivered
PO0001305,SUP0100,WH008,2025-04-12,2025-04-17,2025-04-20,Delivered
PO0001306,SUP0049,WH006,2025-09-06,2025-09-20,2025-09-21,Delivered
PO0001307,SUP0031,WH008,2026-03-13,2026-03-17,2026-03-18,Delivered
PO0001308,SUP0022,WH002,2025-12-30,2026-01-11,2026-01-13,Delivered
PO0001309,SUP0081,WH009,2026-02-17,2026-02-23,2026-02-23,Delivered
PO0001310,SUP0015,WH009,2025-07-08,2025-07-21,2025-07-21,Delivered
PO0001311,SUP0066,WH006,2025-12-16,2025-12-21,2025-12-26,Delivered
PO0001312,SUP0024,WH008,2025-09-30,2025-10-04,2025-10-04,Delivered
PO0001313,SUP0046,WH009,2025-01-23,2025-02-04,2025-02-04,Delivered
PO0001314,SUP0049,WH007,2025-07-23,2025-08-04,2025-08-04,Delivered
PO0001315,SUP0084,WH002,2025-09-18,2025-09-26,2025-09-26,Delivered
PO0001316,SUP0022,WH006,2026-03-16,2026-03-26,2026-03-31,Delivered
PO0001317,SUP0075,WH002,2026-07-26,2026-08-07,2026-08-07,Delivered
PO0001318,SUP0064,WH009,2025-08-19,2025-08-25,2025-08-26,Delivered
PO0001319,SUP0092,WH007,2025-12-12,2025-12-22,2025-12-22,Delivered
PO0001320,SUP0007,WH009,2025-09-13,2025-09-22,2025-09-22,Delivered
PO0001321,SUP0095,WH010,2026-06-02,2026-06-15,2026-06-15,Delivered
PO0001322,SUP0012,WH001,2026-07-23,2026-08-03,2026-08-03,Delivered
PO0001323,SUP0012,WH010,2026-01-12,2026-01-20,2026-01-25,Delivered
PO0001324,SUP0008,WH006,2026-05-09,2026-05-12,2026-05-12,Delivered
PO0001325,SUP0064,WH006,2025-12-10,2025-12-24,2025-12-25,Delivered
PO0001326,SUP0020,WH004,2026-08-05,2026-08-16,2026-08-16,Delivered
PO0001327,SUP0055,WH001,2025-01-28,2025-02-08,2025-02-09,Delivered
PO0001328,SUP0007,WH009,2026-05-27,2026-06-06,2026-06-07,Delivered
PO0001329,SUP0059,WH003,2025-05-26,2025-06-05,2025-06-05,Delivered
PO0001330,SUP0029,WH001,2026-08-14,2026-08-18,2026-08-18,Delivered
PO0001331,SUP0063,WH006,2026-05-24,2026-06-03,2026-06-06,Delivered
PO0001332,SUP0086,WH004,2026-02-12,2026-02-25,2026-02-26,Delivered
PO0001333,SUP0035,WH010,2025-11-25,2025-11-27,2025-11-27,Delivered
PO0001334,SUP0010,WH008,2025-01-17,2025-01-20,2025-01-20,Cancelled
PO0001335,SUP0006,WH009,2025-09-30,2025-10-08,2025-10-10,Delivered
PO0001336,SUP0002,WH005,2026-05-28,2026-06-01,2026-06-06,Delivered
PO0001337,SUP0100,WH010,2025-04-29,2025-05-03,2025-05-03,Delivered
PO0001338,SUP0093,WH003,2025-11-13,2025-11-21,2025-11-26,Delivered
PO0001339,SUP0063,WH010,2025-04-07,2025-04-15,2025-04-15,Delivered
PO0001340,SUP0001,WH009,2026-02-02,2026-02-13,2026-02-13,Delivered
PO0001341,SUP0048,WH002,2025-03-30,2025-04-07,2025-04-07,Delivered
PO0001342,SUP0029,WH006,2025-01-10,2025-01-16,2025-01-16,Delivered
PO0001343,SUP0005,WH009,2026-01-09,2026-01-20,2026-01-20,Delivered
PO0001344,SUP0021,WH009,2026-06-04,2026-06-12,2026-06-20,Delivered
PO0001345,SUP0095,WH005,2025-04-02,2025-04-09,2025-04-09,Delivered
PO0001346,SUP0058,WH009,2026-06-18,2026-06-21,2026-06-22,Delivered
PO0001347,SUP0003,WH010,2025-03-23,2025-04-01,2025-04-01,Delivered
PO0001348,SUP0077,WH010,2025-04-16,2025-04-30,2025-04-30,Delivered
PO0001349,SUP0065,WH002,2026-07-27,2026-07-30,2026-08-02,Delivered
PO0001350,SUP0035,WH005,2026-06-02,2026-06-06,2026-06-06,Delivered
PO0001351,SUP0014,WH001,2025-10-11,2025-10-24,2025-10-24,Delivered
PO0001352,SUP0018,WH001,2025-04-30,2025-05-06,2025-05-06,Delivered
PO0001353,SUP0098,WH009,2025-12-28,2026-01-10,2026-01-12,Delivered
PO0001354,SUP0032,WH002,2026-03-03,2026-03-06,2026-03-06,Delivered
PO0001355,SUP0056,WH008,2025-07-08,2025-07-14,2025-07-16,Delivered
PO0001356,SUP0055,WH002,2025-05-11,2025-05-24,2025-05-24,Cancelled
PO0001357,SUP0051,WH006,2025-10-09,2025-10-17,2025-10-18,Delivered
PO0001358,SUP0096,WH003,2025-08-19,2025-08-30,2025-09-04,Delivered
PO0001359,SUP0049,WH004,2026-07-22,2026-07-30,2026-07-31,Delivered
PO0001360,SUP0009,WH006,2026-07-05,2026-07-10,2026-07-10,Delivered
PO0001361,SUP0054,WH008,2026-04-23,2026-05-07,2026-05-07,Delivered
PO0001362,SUP0094,WH005,2025-06-12,2025-06-26,2025-07-01,Delivered
PO0001363,SUP0064,WH009,2026-01-09,2026-01-18,2026-01-18,Delivered
PO0001364,SUP0058,WH006,2025-10-04,2025-10-13,2025-10-13,Delivered
PO0001365,SUP0034,WH006,2025-02-22,2025-03-06,2025-03-06,Delivered
PO0001366,SUP0054,WH008,2026-04-04,2026-04-18,2026-04-18,Delivered
PO0001367,SUP0080,WH001,2025-09-14,2025-09-23,2025-09-23,Delivered
PO0001368,SUP0028,WH004,2025-11-02,2025-11-12,2025-11-13,Delivered
PO0001369,SUP0018,WH002,2025-02-10,2025-02-12,2025-02-14,Delivered
PO0001370,SUP0093,WH008,2025-09-28,2025-10-11,2025-10-12,Delivered
PO0001371,SUP0058,WH001,2025-01-01,2025-01-12,2025-01-15,Delivered
PO0001372,SUP0072,WH003,2025-09-18,2025-10-02,2025-10-02,Delivered
PO0001373,SUP0091,WH006,2026-04-23,2026-05-07,2026-05-07,Delivered
PO0001374,SUP0021,WH007,2025-10-12,2025-10-26,2025-10-26,Delivered
PO0001375,SUP0041,WH008,2025-08-25,2025-08-30,2025-09-04,Delivered
PO0001376,SUP0032,WH002,2026-01-24,2026-01-29,2026-02-03,Delivered
PO0001377,SUP0038,WH008,2026-03-27,2026-04-03,2026-04-03,Delivered
PO0001378,SUP0100,WH010,2025-11-02,2025-11-11,2025-11-11,Delivered
PO0001379,SUP0089,WH004,2025-09-21,2025-10-01,2025-10-03,Delivered
PO0001380,SUP0088,WH006,2026-05-19,2026-05-29,2026-05-31,Delivered
PO0001381,SUP0056,WH001,2025-04-17,2025-04-28,2025-04-28,Delivered
PO0001382,SUP0052,WH008,2025-05-24,2025-06-05,2025-06-05,Delivered
PO0001383,SUP0051,WH006,2026-03-10,2026-03-18,2026-03-18,Delivered
PO0001384,SUP0067,WH006,2025-08-20,2025-08-25,2025-09-02,Delivered
PO0001385,SUP0008,WH007,2025-10-21,2025-11-02,2025-11-02,Delivered
PO0001386,SUP0054,WH002,2025-01-26,2025-02-05,2025-02-05,Delivered
PO0001387,SUP0025,WH001,2025-03-03,2025-03-14,2025-03-14,Delivered
PO0001388,SUP0026,WH007,2025-04-04,2025-04-07,2025-04-07,Delivered
PO0001389,SUP0065,WH003,2025-03-06,2025-03-17,2025-03-17,Delivered
PO0001390,SUP0012,WH001,2025-08-08,2025-08-15,2025-08-15,Delivered
PO0001391,SUP0091,WH009,2026-07-06,2026-07-15,2026-07-15,Delivered
PO0001392,SUP0051,WH005,2025-10-10,2025-10-18,2025-10-18,Delivered
PO0001393,SUP0037,WH008,2025-08-13,2025-08-26,2025-08-29,Delivered
PO0001394,SUP0007,WH009,2025-06-12,2025-06-25,2025-06-30,Delivered
PO0001395,SUP0052,WH010,2025-10-05,2025-10-11,2025-10-11,Delivered
PO0001396,SUP0049,WH010,2026-01-23,2026-02-02,2026-02-02,Delivered
PO0001397,SUP0021,WH008,2026-04-25,2026-05-01,2026-05-01,Delivered
PO0001398,SUP0016,WH005,2025-07-08,2025-07-16,2025-07-18,Delivered
PO0001399,SUP0098,WH008,2025-04-08,2025-04-16,2025-04-16,Delivered
PO0001400,SUP0099,WH001,2026-03-20,2026-03-31,2026-03-31,Delivered
PO0001401,SUP0088,WH002,2025-12-28,2026-01-06,2026-01-06,Delivered
PO0001402,SUP0088,WH005,2025-07-10,2025-07-20,2025-07-22,Delivered
PO0001403,SUP0089,WH006,2026-01-01,2026-01-04,2026-01-05,Delivered
PO0001404,SUP0085,WH010,2025-06-04,2025-06-10,2025-06-13,Delivered
PO0001405,SUP0045,WH001,2025-07-27,2025-08-06,2025-08-07,Delivered
PO0001406,SUP0091,WH003,2025-03-03,2025-03-13,2025-03-13,Cancelled
PO0001407,SUP0004,WH003,2026-02-20,2026-03-03,2026-03-03,Delivered
PO0001408,SUP0012,WH001,2025-07-18,2025-07-29,2025-07-29,Delivered
PO0001409,SUP0045,WH002,2026-01-13,2026-01-27,2026-01-30,Delivered
PO0001410,SUP0025,WH008,2025-02-25,2025-02-27,2025-02-28,Delivered
PO0001411,SUP0070,WH010,2026-03-03,2026-03-11,2026-03-13,Delivered
PO0001412,SUP0054,WH010,2025-12-15,2025-12-25,2025-12-28,Delivered
PO0001413,SUP0052,WH006,2025-11-25,2025-12-08,2025-12-08,Delivered
PO0001414,SUP0003,WH008,2025-07-25,2025-08-06,2025-08-07,Delivered
PO0001415,SUP0040,WH007,2026-03-19,2026-03-26,2026-03-27,Delivered
PO0001416,SUP0019,WH005,2025-09-09,2025-09-18,2025-09-18,Delivered
PO0001417,SUP0034,WH004,2025-06-04,2025-06-13,2025-06-13,Delivered
PO0001418,SUP0015,WH009,2026-02-14,2026-02-16,2026-02-16,Delivered
PO0001419,SUP0009,WH007,2025-05-08,2025-05-14,2025-05-22,Delivered
PO0001420,SUP0012,WH003,2025-12-14,2025-12-19,2025-12-19,Delivered
PO0001421,SUP0039,WH009,2025-08-17,2025-08-23,2025-08-23,Delivered
PO0001422,SUP0082,WH002,2026-04-09,2026-04-19,2026-04-20,Delivered
PO0001423,SUP0056,WH008,2026-05-24,2026-06-02,2026-06-02,Delivered
PO0001424,SUP0015,WH007,2025-11-27,2025-12-08,2025-12-16,Delivered
PO0001425,SUP0022,WH004,2025-02-12,2025-02-20,2025-02-20,Delivered
PO0001426,SUP0028,WH006,2026-03-01,2026-03-14,2026-03-14,Delivered
PO0001427,SUP0052,WH006,2025-12-20,2025-12-24,2025-12-29,Delivered
PO0001428,SUP0009,WH008,2026-07-16,2026-07-27,2026-08-04,Delivered
PO0001429,SUP0064,WH006,2026-03-18,2026-04-01,2026-04-01,Delivered
PO0001430,SUP0013,WH008,2025-02-22,2025-03-06,2025-03-06,Delivered
PO0001431,SUP0081,WH004,2025-12-25,2025-12-30,2026-01-07,Delivered
PO0001432,SUP0042,WH007,2025-04-28,2025-05-05,2025-05-08,Delivered
PO0001433,SUP0041,WH004,2025-12-18,2025-12-22,2025-12-24,Delivered
PO0001434,SUP0058,WH008,2025-01-25,2025-01-27,2025-02-01,Delivered
PO0001435,SUP0078,WH005,2025-05-24,2025-05-31,2025-05-31,Delivered
PO0001436,SUP0012,WH006,2025-02-25,2025-03-11,2025-03-13,Delivered
PO0001437,SUP0033,WH010,2025-05-19,2025-05-22,2025-05-22,Delivered
PO0001438,SUP0005,WH008,2026-06-12,2026-06-15,2026-06-16,Delivered
PO0001439,SUP0039,WH004,2026-08-23,2026-08-31,,In Transit
PO0001440,SUP0092,WH007,2025-05-12,2025-05-14,2025-05-15,Delivered
PO0001441,SUP0052,WH001,2025-12-22,2026-01-03,2026-01-03,Delivered
PO0001442,SUP0061,WH010,2026-07-01,2026-07-10,2026-07-12,Delivered
PO0001443,SUP0052,WH009,2025-12-13,2025-12-26,2025-12-26,Delivered
PO0001444,SUP0061,WH003,2026-06-29,2026-07-05,2026-07-05,Delivered
PO0001445,SUP0085,WH004,2026-05-02,2026-05-07,2026-05-08,Delivered
PO0001446,SUP0002,WH003,2026-04-16,2026-04-29,2026-04-29,Delivered
PO0001447,SUP0039,WH009,2025-03-11,2025-03-16,2025-03-19,Delivered
PO0001448,SUP0047,WH003,2025-11-16,2025-11-22,2025-11-22,Delivered
PO0001449,SUP0046,WH002,2025-02-01,2025-02-07,2025-02-08,Delivered
PO0001450,SUP0097,WH005,2025-08-10,2025-08-22,2025-08-22,Delivered
PO0001451,SUP0071,WH001,2025-05-12,2025-05-21,2025-05-22,Delivered
PO0001452,SUP0033,WH008,2026-06-22,2026-07-05,2026-07-08,Delivered
PO0001453,SUP0045,WH008,2026-06-13,2026-06-24,2026-06-26,Delivered
PO0001454,SUP0032,WH010,2026-05-29,2026-06-10,2026-06-12,Delivered
PO0001455,SUP0024,WH002,2026-02-25,2026-03-11,2026-03-11,Delivered
PO0001456,SUP0066,WH001,2026-07-27,2026-08-04,2026-08-04,Delivered
PO0001457,SUP0034,WH007,2026-04-09,2026-04-14,2026-04-17,Delivered
PO0001458,SUP0036,WH004,2025-07-18,2025-07-26,2025-07-31,Delivered
PO0001459,SUP0053,WH005,2026-04-09,2026-04-13,2026-04-13,Delivered
PO0001460,SUP0058,WH001,2025-04-03,2025-04-15,2025-04-17,Delivered
PO0001461,SUP0076,WH003,2025-08-20,2025-08-25,2025-08-27,Delivered
PO0001462,SUP0060,WH002,2025-07-08,2025-07-10,2025-07-10,Cancelled
PO0001463,SUP0063,WH004,2026-06-03,2026-06-14,2026-06-15,Delivered
PO0001464,SUP0081,WH003,2025-03-02,2025-03-13,2025-03-13,Delivered
PO0001465,SUP0042,WH002,2025-05-15,2025-05-22,2025-05-22,Delivered
PO0001466,SUP0030,WH001,2025-06-08,2025-06-13,2025-06-16,Delivered
PO0001467,SUP0034,WH004,2026-04-30,2026-05-07,2026-05-07,Delivered
PO0001468,SUP0045,WH003,2025-04-15,2025-04-20,2025-04-20,Delivered
PO0001469,SUP0052,WH003,2026-07-08,2026-07-17,2026-07-20,Delivered
PO0001470,SUP0033,WH008,2026-03-24,2026-04-05,2026-04-08,Delivered
PO0001471,SUP0008,WH006,2025-03-12,2025-03-21,2025-03-21,Delivered
PO0001472,SUP0019,WH006,2026-04-21,2026-04-29,2026-05-01,Delivered
PO0001473,SUP0062,WH008,2026-06-25,2026-07-02,2026-07-05,Cancelled
PO0001474,SUP0054,WH001,2025-12-30,2026-01-10,2026-01-10,Delivered
PO0001475,SUP0069,WH001,2025-08-03,2025-08-16,2025-08-17,Delivered
PO0001476,SUP0058,WH001,2026-06-05,2026-06-17,2026-06-17,Delivered
PO0001477,SUP0046,WH003,2026-01-17,2026-01-31,2026-02-03,Delivered
PO0001478,SUP0029,WH004,2025-04-06,2025-04-18,2025-04-19,Delivered
PO0001479,SUP0065,WH002,2026-06-18,2026-07-01,2026-07-01,Delivered
PO0001480,SUP0058,WH005,2026-06-25,2026-07-06,2026-07-06,Delivered
PO0001481,SUP0018,WH008,2025-12-17,2025-12-31,2025-12-31,Delivered
PO0001482,SUP0023,WH008,2025-12-28,2025-12-31,2026-01-08,Delivered
PO0001483,SUP0027,WH008,2026-05-19,2026-05-25,2026-05-26,Delivered
PO0001484,SUP0056,WH002,2025-12-06,2025-12-13,2025-12-16,Delivered
PO0001485,SUP0068,WH003,2026-07-08,2026-07-17,2026-07-18,Delivered
PO0001486,SUP0013,WH001,2026-07-06,2026-07-18,2026-07-18,Delivered
PO0001487,SUP0044,WH005,2026-03-25,2026-04-04,2026-04-04,Delivered
PO0001488,SUP0053,WH001,2025-08-30,2025-09-08,2025-09-08,Delivered
PO0001489,SUP0055,WH002,2026-05-01,2026-05-15,2026-05-15,Delivered
PO0001490,SUP0054,WH009,2025-07-01,2025-07-13,2025-07-13,Delivered
PO0001491,SUP0003,WH008,2025-05-04,2025-05-09,2025-05-11,Delivered
PO0001492,SUP0030,WH003,2025-10-13,2025-10-20,2025-10-21,Delivered
PO0001493,SUP0061,WH007,2026-03-13,2026-03-18,2026-03-18,Delivered
PO0001494,SUP0092,WH006,2026-07-08,2026-07-20,2026-07-20,Delivered
PO0001495,SUP0073,WH002,2026-04-09,2026-04-21,2026-04-21,Delivered
PO0001496,SUP0046,WH007,2025-07-23,2025-07-28,2025-07-28,Delivered
PO0001497,SUP0084,WH006,2026-08-15,2026-08-24,2026-08-24,Delivered
PO0001498,SUP0081,WH007,2026-05-06,2026-05-14,2026-05-14,Delivered
PO0001499,SUP0027,WH007,2025-10-04,2025-10-15,2025-10-16,Delivered
PO0001500,SUP0057,WH010,2025-07-26,2025-08-05,2025-08-07,Delivered
PO0001501,SUP0060,WH007,2026-04-30,2026-05-03,2026-05-03,Cancelled
PO0001502,SUP0063,WH005,2025-01-26,2025-01-28,2025-01-28,Delivered
PO0001503,SUP0002,WH005,2026-07-20,2026-08-02,2026-08-02,Delivered
PO0001504,SUP0029,WH003,2025-10-02,2025-10-11,2025-10-11,Delivered
PO0001505,SUP0041,WH009,2026-04-19,2026-04-26,2026-04-28,Delivered
PO0001506,SUP0025,WH007,2025-01-04,2025-01-07,2025-01-07,Delivered
PO0001507,SUP0084,WH006,2026-07-10,2026-07-24,2026-07-25,Delivered
PO0001508,SUP0080,WH008,2025-05-24,2025-05-30,2025-05-31,Delivered
PO0001509,SUP0018,WH003,2025-09-11,2025-09-15,2025-09-15,Delivered
PO0001510,SUP0075,WH004,2026-04-20,2026-04-30,2026-05-01,Delivered
PO0001511,SUP0004,WH001,2026-08-01,2026-08-11,2026-08-11,Delivered
PO0001512,SUP0020,WH006,2025-07-26,2025-08-04,2025-08-04,Cancelled
PO0001513,SUP0025,WH002,2025-03-11,2025-03-17,2025-03-22,Delivered
PO0001514,SUP0029,WH007,2025-01-12,2025-01-21,2025-01-21,Delivered
PO0001515,SUP0040,WH002,2026-03-26,2026-03-30,2026-04-02,Delivered
PO0001516,SUP0013,WH006,2026-03-11,2026-03-23,2026-03-24,Delivered
PO0001517,SUP0004,WH003,2025-08-24,2025-09-06,2025-09-11,Delivered
PO0001518,SUP0021,WH001,2025-04-01,2025-04-13,2025-04-15,Delivered
PO0001519,SUP0094,WH005,2025-03-31,2025-04-13,2025-04-18,Delivered
PO0001520,SUP0096,WH010,2025-08-12,2025-08-25,2025-08-27,Delivered
PO0001521,SUP0051,WH005,2025-10-30,2025-11-10,2025-11-10,Delivered
PO0001522,SUP0095,WH006,2025-02-09,2025-02-17,2025-02-17,Delivered
PO0001523,SUP0071,WH008,2025-05-30,2025-06-04,2025-06-07,Delivered
PO0001524,SUP0020,WH008,2025-03-27,2025-03-29,2025-03-29,Delivered
PO0001525,SUP0061,WH007,2026-01-01,2026-01-09,2026-01-11,Delivered
PO0001526,SUP0065,WH009,2025-10-26,2025-11-09,2025-11-09,Delivered
PO0001527,SUP0029,WH010,2026-01-09,2026-01-17,2026-01-19,Delivered
PO0001528,SUP0018,WH003,2025-10-08,2025-10-13,2025-10-14,Delivered
PO0001529,SUP0068,WH003,2026-08-15,2026-08-25,,In Transit
PO0001530,SUP0100,WH003,2026-07-22,2026-07-30,2026-08-02,Delivered
PO0001531,SUP0072,WH007,2026-01-14,2026-01-20,2026-01-23,Delivered
PO0001532,SUP0082,WH001,2026-03-11,2026-03-19,2026-03-19,Delivered
PO0001533,SUP0036,WH006,2025-06-04,2025-06-18,2025-06-18,Delivered
PO0001534,SUP0071,WH009,2026-03-27,2026-04-01,2026-04-03,Delivered
PO0001535,SUP0075,WH001,2025-09-08,2025-09-15,2025-09-15,Delivered
PO0001536,SUP0072,WH007,2026-05-08,2026-05-13,2026-05-14,Delivered
PO0001537,SUP0041,WH004,2025-12-07,2025-12-09,2025-12-11,Delivered
PO0001538,SUP0071,WH007,2025-03-22,2025-03-29,2025-03-29,Delivered
PO0001539,SUP0052,WH001,2025-09-13,2025-09-19,2025-09-19,Delivered
PO0001540,SUP0001,WH001,2026-06-07,2026-06-13,2026-06-13,Delivered
PO0001541,SUP0072,WH002,2026-05-30,2026-06-11,2026-06-19,Delivered
PO0001542,SUP0003,WH008,2025-12-15,2025-12-28,2025-12-28,Delivered
PO0001543,SUP0052,WH009,2026-07-08,2026-07-11,2026-07-16,Delivered
PO0001544,SUP0064,WH003,2026-08-19,2026-08-28,,In Transit
PO0001545,SUP0032,WH008,2026-01-19,2026-01-29,2026-01-31,Cancelled
PO0001546,SUP0018,WH005,2026-05-02,2026-05-11,2026-05-11,Delivered
PO0001547,SUP0030,WH001,2025-02-26,2025-03-04,2025-03-05,Delivered
PO0001548,SUP0013,WH001,2025-01-29,2025-02-10,2025-02-11,Delivered
PO0001549,SUP0085,WH010,2025-11-09,2025-11-17,2025-11-20,Delivered
PO0001550,SUP0042,WH006,2026-05-30,2026-06-04,2026-06-07,Delivered
PO0001551,SUP0058,WH010,2025-01-23,2025-01-30,2025-01-30,Delivered
PO0001552,SUP0084,WH001,2026-02-22,2026-03-04,2026-03-05,Delivered
PO0001553,SUP0013,WH001,2026-01-10,2026-01-13,2026-01-13,Delivered
PO0001554,SUP0082,WH001,2026-02-08,2026-02-18,2026-02-18,Delivered
PO0001555,SUP0080,WH002,2025-03-20,2025-03-26,2025-03-29,Delivered
PO0001556,SUP0047,WH008,2026-08-11,2026-08-16,2026-08-16,Delivered
PO0001557,SUP0051,WH001,2025-01-26,2025-02-05,2025-02-08,Delivered
PO0001558,SUP0097,WH009,2026-07-16,2026-07-29,2026-07-29,Delivered
PO0001559,SUP0082,WH003,2025-05-20,2025-05-31,2025-06-02,Cancelled
PO0001560,SUP0002,WH009,2025-08-18,2025-08-30,2025-09-02,Delivered
PO0001561,SUP0013,WH003,2026-03-04,2026-03-15,2026-03-15,Delivered
PO0001562,SUP0061,WH002,2026-01-17,2026-01-25,2026-01-25,Delivered
PO0001563,SUP0004,WH005,2026-01-02,2026-01-16,2026-01-17,Delivered
PO0001564,SUP0073,WH008,2025-04-03,2025-04-15,2025-04-15,Delivered
PO0001565,SUP0051,WH004,2025-12-27,2026-01-10,2026-01-11,Delivered
PO0001566,SUP0099,WH007,2026-01-25,2026-01-30,2026-01-30,Delivered
PO0001567,SUP0053,WH002,2026-07-03,2026-07-07,2026-07-07,Delivered
PO0001568,SUP0048,WH006,2025-07-15,2025-07-23,2025-07-23,Delivered
PO0001569,SUP0095,WH010,2026-08-03,2026-08-10,2026-08-12,Delivered
PO0001570,SUP0059,WH009,2025-11-08,2025-11-13,2025-11-13,Delivered
PO0001571,SUP0035,WH002,2025-02-17,2025-02-24,2025-02-25,Delivered
PO0001572,SUP0074,WH004,2025-07-17,2025-07-28,2025-07-29,Delivered
PO0001573,SUP0064,WH005,2025-05-02,2025-05-16,2025-05-24,Cancelled
PO0001574,SUP0071,WH006,2025-04-10,2025-04-24,2025-04-27,Delivered
PO0001575,SUP0014,WH009,2025-07-23,2025-08-02,2025-08-02,Delivered
PO0001576,SUP0041,WH005,2026-03-29,2026-04-09,2026-04-09,Delivered
PO0001577,SUP0087,WH006,2025-11-10,2025-11-15,2025-11-16,Delivered
PO0001578,SUP0069,WH006,2025-02-25,2025-03-05,2025-03-05,Delivered
PO0001579,SUP0012,WH003,2026-06-12,2026-06-19,2026-06-24,Delivered
PO0001580,SUP0029,WH010,2026-01-14,2026-01-23,2026-01-25,Delivered
PO0001581,SUP0077,WH005,2025-12-16,2025-12-25,2025-12-25,Delivered
PO0001582,SUP0043,WH001,2026-06-04,2026-06-14,2026-06-16,Delivered
PO0001583,SUP0069,WH003,2025-12-15,2025-12-21,2025-12-21,Delivered
PO0001584,SUP0051,WH004,2025-02-27,2025-03-01,2025-03-01,Delivered
PO0001585,SUP0095,WH008,2025-01-09,2025-01-16,2025-01-19,Delivered
PO0001586,SUP0078,WH010,2025-11-21,2025-12-04,2025-12-07,Delivered
PO0001587,SUP0088,WH004,2025-09-15,2025-09-21,2025-09-21,Delivered
PO0001588,SUP0028,WH009,2025-12-16,2025-12-19,2025-12-20,Cancelled
PO0001589,SUP0029,WH009,2025-10-06,2025-10-13,2025-10-16,Delivered
PO0001590,SUP0010,WH007,2025-01-28,2025-02-06,2025-02-06,Delivered
PO0001591,SUP0008,WH002,2025-05-31,2025-06-06,2025-06-06,Delivered
PO0001592,SUP0094,WH008,2025-07-03,2025-07-16,2025-07-17,Delivered
PO0001593,SUP0047,WH001,2025-05-12,2025-05-15,2025-05-15,Delivered
PO0001594,SUP0057,WH010,2026-02-12,2026-02-17,2026-02-17,Delivered
PO0001595,SUP0039,WH001,2026-02-11,2026-02-13,2026-02-13,Cancelled
PO0001596,SUP0084,WH010,2025-02-10,2025-02-24,2025-02-27,Delivered
PO0001597,SUP0006,WH006,2025-09-07,2025-09-19,2025-09-22,Delivered
PO0001598,SUP0090,WH007,2026-02-22,2026-03-06,2026-03-08,Delivered
PO0001599,SUP0025,WH001,2025-09-20,2025-09-28,2025-10-01,Delivered
PO0001600,SUP0039,WH010,2025-07-21,2025-08-03,2025-08-03,Delivered
PO0001601,SUP0002,WH004,2026-07-22,2026-07-24,2026-07-26,Delivered
PO0001602,SUP0097,WH001,2025-06-11,2025-06-15,2025-06-15,Delivered
PO0001603,SUP0081,WH001,2026-01-08,2026-01-16,2026-01-16,Delivered
PO0001604,SUP0039,WH008,2025-08-11,2025-08-15,2025-08-17,Delivered
PO0001605,SUP0062,WH010,2025-03-09,2025-03-17,2025-03-17,Delivered
PO0001606,SUP0084,WH004,2025-01-12,2025-01-24,2025-01-24,Delivered
PO0001607,SUP0019,WH001,2025-07-14,2025-07-17,2025-07-18,Delivered
PO0001608,SUP0099,WH003,2025-03-29,2025-04-09,2025-04-09,Delivered
PO0001609,SUP0001,WH008,2025-06-30,2025-07-08,2025-07-08,Delivered
PO0001610,SUP0006,WH010,2026-06-16,2026-06-19,2026-06-20,Delivered
PO0001611,SUP0035,WH002,2025-12-05,2025-12-12,2025-12-12,Delivered
PO0001612,SUP0076,WH003,2026-08-01,2026-08-14,2026-08-14,Delivered
PO0001613,SUP0009,WH006,2026-03-26,2026-04-05,2026-04-05,Delivered
PO0001614,SUP0083,WH010,2026-06-12,2026-06-14,2026-06-14,Delivered
PO0001615,SUP0067,WH006,2025-12-11,2025-12-23,2025-12-23,Delivered
PO0001616,SUP0061,WH009,2025-05-22,2025-05-28,2025-05-28,Delivered
PO0001617,SUP0039,WH008,2025-12-16,2025-12-27,2025-12-27,Delivered
PO0001618,SUP0038,WH008,2026-06-17,2026-06-22,2026-06-22,Delivered
PO0001619,SUP0089,WH004,2026-07-16,2026-07-18,2026-07-19,Delivered
PO0001620,SUP0027,WH003,2026-06-17,2026-06-20,2026-06-23,Delivered
PO0001621,SUP0050,WH003,2026-02-27,2026-03-10,2026-03-10,Delivered
PO0001622,SUP0083,WH003,2025-06-12,2025-06-19,2025-06-19,Delivered
PO0001623,SUP0073,WH007,2025-10-27,2025-11-08,2025-11-08,Delivered
PO0001624,SUP0005,WH008,2025-04-28,2025-05-12,2025-05-13,Delivered
PO0001625,SUP0013,WH009,2025-04-03,2025-04-07,2025-04-15,Delivered
PO0001626,SUP0060,WH001,2026-01-27,2026-02-05,2026-02-05,Delivered
PO0001627,SUP0049,WH010,2025-04-09,2025-04-11,2025-04-13,Delivered
PO0001628,SUP0006,WH001,2025-01-19,2025-01-26,2025-01-26,Delivered
PO0001629,SUP0051,WH003,2026-01-02,2026-01-14,2026-01-14,Delivered
PO0001630,SUP0075,WH002,2025-07-03,2025-07-08,2025-07-08,Delivered
PO0001631,SUP0064,WH001,2025-12-08,2025-12-11,2025-12-12,Delivered
PO0001632,SUP0061,WH003,2025-11-16,2025-11-22,2025-11-24,Delivered
PO0001633,SUP0098,WH002,2026-03-29,2026-04-11,2026-04-11,Delivered
PO0001634,SUP0016,WH002,2025-04-22,2025-05-05,2025-05-05,Delivered
PO0001635,SUP0047,WH003,2025-09-08,2025-09-21,2025-09-21,Delivered
PO0001636,SUP0021,WH001,2026-02-10,2026-02-17,2026-02-20,Delivered
PO0001637,SUP0004,WH009,2025-06-18,2025-06-25,2025-06-25,Delivered
PO0001638,SUP0098,WH003,2025-10-27,2025-11-09,2025-11-09,Delivered
PO0001639,SUP0057,WH002,2025-03-05,2025-03-16,2025-03-18,Delivered
PO0001640,SUP0089,WH006,2025-12-03,2025-12-07,2025-12-08,Delivered
PO0001641,SUP0053,WH007,2025-12-24,2026-01-03,2026-01-03,Delivered
PO0001642,SUP0004,WH006,2026-07-24,2026-08-03,2026-08-05,Delivered
PO0001643,SUP0050,WH004,2026-05-13,2026-05-26,2026-05-26,Delivered
PO0001644,SUP0060,WH010,2025-01-10,2025-01-15,2025-01-15,Delivered
PO0001645,SUP0088,WH008,2026-04-02,2026-04-08,2026-04-08,Delivered
PO0001646,SUP0003,WH007,2025-10-20,2025-11-02,2025-11-02,Delivered
PO0001647,SUP0088,WH003,2026-03-02,2026-03-09,2026-03-09,Delivered
PO0001648,SUP0058,WH003,2026-04-27,2026-05-05,2026-05-06,Delivered
PO0001649,SUP0077,WH005,2025-04-14,2025-04-23,2025-04-23,Delivered
PO0001650,SUP0034,WH004,2026-03-23,2026-03-29,2026-03-30,Delivered
PO0001651,SUP0024,WH006,2026-01-10,2026-01-19,2026-01-19,Delivered
PO0001652,SUP0079,WH009,2025-10-18,2025-10-30,2025-10-30,Delivered
PO0001653,SUP0021,WH006,2026-03-20,2026-03-30,2026-03-30,Delivered
PO0001654,SUP0063,WH004,2026-03-25,2026-04-04,2026-04-04,Delivered
PO0001655,SUP0022,WH003,2026-06-11,2026-06-19,2026-06-19,Delivered
PO0001656,SUP0046,WH009,2025-05-11,2025-05-24,2025-05-29,Delivered
PO0001657,SUP0014,WH007,2025-03-20,2025-03-24,2025-03-24,Delivered
PO0001658,SUP0053,WH007,2026-04-04,2026-04-12,2026-04-12,Delivered
PO0001659,SUP0057,WH010,2025-08-21,2025-08-26,2025-08-26,Delivered
PO0001660,SUP0089,WH005,2025-04-23,2025-05-07,2025-05-08,Delivered
PO0001661,SUP0080,WH001,2025-12-10,2025-12-16,2025-12-16,Delivered
PO0001662,SUP0056,WH009,2026-02-15,2026-03-01,2026-03-01,Delivered
PO0001663,SUP0011,WH010,2025-11-11,2025-11-25,2025-11-25,Cancelled
PO0001664,SUP0041,WH004,2026-04-18,2026-04-24,2026-04-24,Delivered
PO0001665,SUP0036,WH008,2025-12-28,2026-01-06,2026-01-08,Cancelled
PO0001666,SUP0051,WH006,2025-04-13,2025-04-23,2025-04-23,Delivered
PO0001667,SUP0054,WH002,2026-07-06,2026-07-17,2026-07-18,Delivered
PO0001668,SUP0067,WH001,2025-01-15,2025-01-29,2025-02-06,Delivered
PO0001669,SUP0083,WH003,2026-08-24,2026-08-28,,In Transit
PO0001670,SUP0036,WH004,2025-07-25,2025-08-08,2025-08-08,Delivered
PO0001671,SUP0068,WH005,2025-10-24,2025-11-06,2025-11-06,Delivered
PO0001672,SUP0052,WH010,2026-02-26,2026-02-28,2026-02-28,Delivered
PO0001673,SUP0066,WH009,2025-08-16,2025-08-23,2025-08-25,Delivered
PO0001674,SUP0066,WH008,2026-05-14,2026-05-26,2026-05-26,Delivered
PO0001675,SUP0026,WH010,2025-09-01,2025-09-08,2025-09-08,Delivered
PO0001676,SUP0033,WH003,2026-07-26,2026-08-03,2026-08-03,Delivered
PO0001677,SUP0056,WH004,2026-02-13,2026-02-22,2026-02-22,Delivered
PO0001678,SUP0027,WH007,2026-06-29,2026-07-13,2026-07-13,Delivered
PO0001679,SUP0016,WH005,2025-11-20,2025-11-28,2025-11-28,Delivered
PO0001680,SUP0033,WH003,2025-09-24,2025-09-26,2025-09-26,Delivered
PO0001681,SUP0011,WH008,2025-09-30,2025-10-04,2025-10-09,Delivered
PO0001682,SUP0043,WH006,2025-03-04,2025-03-17,2025-03-17,Delivered
PO0001683,SUP0096,WH010,2025-08-18,2025-08-27,2025-08-28,Delivered
PO0001684,SUP0082,WH005,2025-03-14,2025-03-23,2025-03-23,Delivered
PO0001685,SUP0070,WH009,2026-03-30,2026-04-03,2026-04-06,Delivered
PO0001686,SUP0066,WH005,2025-07-13,2025-07-16,2025-07-19,Delivered
PO0001687,SUP0046,WH002,2025-12-18,2025-12-24,2025-12-27,Delivered
PO0001688,SUP0022,WH004,2026-08-18,2026-08-26,,In Transit
PO0001689,SUP0020,WH006,2025-12-20,2025-12-28,2025-12-28,Delivered
PO0001690,SUP0052,WH008,2025-07-02,2025-07-04,2025-07-04,Delivered
PO0001691,SUP0025,WH010,2025-05-09,2025-05-14,2025-05-17,Delivered
PO0001692,SUP0027,WH009,2026-08-05,2026-08-14,2026-08-16,Delivered
PO0001693,SUP0088,WH001,2025-06-10,2025-06-17,2025-06-17,Delivered
PO0001694,SUP0043,WH001,2025-06-12,2025-06-18,2025-06-18,Delivered
PO0001695,SUP0079,WH001,2025-10-03,2025-10-12,2025-10-12,Delivered
PO0001696,SUP0020,WH003,2025-12-06,2025-12-12,2025-12-12,Delivered
PO0001697,SUP0045,WH001,2025-12-07,2025-12-19,2025-12-27,Delivered
PO0001698,SUP0025,WH001,2026-02-05,2026-02-10,2026-02-10,Delivered
PO0001699,SUP0082,WH001,2025-04-16,2025-04-30,2025-05-05,Delivered
PO0001700,SUP0040,WH004,2025-12-11,2025-12-24,2025-12-29,Delivered
PO0001701,SUP0040,WH001,2026-03-21,2026-03-31,2026-04-02,Delivered
PO0001702,SUP0048,WH010,2025-04-21,2025-04-24,2025-05-02,Delivered
PO0001703,SUP0013,WH003,2025-02-06,2025-02-10,2025-02-11,Delivered
PO0001704,SUP0016,WH009,2025-01-10,2025-01-12,2025-01-12,Delivered
PO0001705,SUP0017,WH003,2026-02-03,2026-02-17,2026-02-17,Delivered
PO0001706,SUP0062,WH006,2025-03-04,2025-03-17,2025-03-20,Delivered
PO0001707,SUP0036,WH001,2025-10-22,2025-10-24,2025-10-24,Delivered
PO0001708,SUP0015,WH009,2026-08-26,2026-08-30,,In Transit
PO0001709,SUP0032,WH003,2025-05-11,2025-05-18,2025-05-18,Delivered
PO0001710,SUP0011,WH010,2025-03-02,2025-03-11,2025-03-11,Delivered
PO0001711,SUP0016,WH003,2025-08-25,2025-09-01,2025-09-03,Delivered
PO0001712,SUP0044,WH005,2025-07-18,2025-07-21,2025-07-24,Delivered
PO0001713,SUP0018,WH001,2026-05-03,2026-05-05,2026-05-07,Delivered
PO0001714,SUP0060,WH009,2026-05-15,2026-05-21,2026-05-26,Delivered
PO0001715,SUP0050,WH009,2026-05-01,2026-05-03,2026-05-03,Delivered
PO0001716,SUP0042,WH003,2026-04-28,2026-05-02,2026-05-03,Delivered
PO0001717,SUP0032,WH002,2025-08-07,2025-08-09,2025-08-09,Delivered
PO0001718,SUP0099,WH002,2025-12-15,2025-12-27,2025-12-27,Delivered
PO0001719,SUP0055,WH001,2026-06-13,2026-06-21,2026-06-21,Delivered
PO0001720,SUP0053,WH004,2026-07-22,2026-08-04,2026-08-04,Delivered
PO0001721,SUP0057,WH006,2025-11-05,2025-11-10,2025-11-10,Delivered
PO0001722,SUP0072,WH002,2025-12-27,2026-01-04,2026-01-07,Delivered
PO0001723,SUP0087,WH005,2025-09-24,2025-09-29,2025-09-30,Delivered
PO0001724,SUP0037,WH004,2025-12-22,2025-12-26,2025-12-26,Delivered
PO0001725,SUP0039,WH010,2026-04-02,2026-04-04,2026-04-04,Delivered
PO0001726,SUP0041,WH004,2025-07-23,2025-07-31,2025-07-31,Delivered
PO0001727,SUP0097,WH004,2026-02-11,2026-02-17,2026-02-19,Delivered
PO0001728,SUP0006,WH010,2025-09-15,2025-09-19,2025-09-20,Delivered
PO0001729,SUP0058,WH010,2025-02-02,2025-02-10,2025-02-10,Delivered
PO0001730,SUP0064,WH001,2025-04-15,2025-04-27,2025-04-29,Delivered
PO0001731,SUP0015,WH007,2026-07-14,2026-07-20,2026-07-25,Delivered
PO0001732,SUP0003,WH005,2025-02-18,2025-03-03,2025-03-06,Delivered
PO0001733,SUP0003,WH009,2025-12-27,2026-01-02,2026-01-03,Delivered
PO0001734,SUP0060,WH009,2025-09-09,2025-09-13,2025-09-13,Delivered
PO0001735,SUP0040,WH002,2025-04-23,2025-05-02,2025-05-03,Delivered
PO0001736,SUP0056,WH010,2026-05-22,2026-06-02,2026-06-03,Delivered
PO0001737,SUP0022,WH001,2025-04-29,2025-05-09,2025-05-11,Delivered
PO0001738,SUP0088,WH010,2026-02-21,2026-03-06,2026-03-08,Cancelled
PO0001739,SUP0049,WH008,2025-10-20,2025-10-22,2025-10-23,Delivered
PO0001740,SUP0008,WH010,2025-02-17,2025-02-23,2025-02-23,Delivered
PO0001741,SUP0016,WH004,2025-12-27,2025-12-29,2025-12-29,Delivered
PO0001742,SUP0095,WH004,2025-11-28,2025-12-11,2025-12-11,Delivered
PO0001743,SUP0098,WH008,2026-01-10,2026-01-21,2026-01-24,Delivered
PO0001744,SUP0076,WH007,2026-04-16,2026-04-30,2026-04-30,Delivered
PO0001745,SUP0060,WH004,2025-10-22,2025-10-30,2025-10-30,Cancelled
PO0001746,SUP0089,WH008,2025-08-31,2025-09-11,2025-09-11,Delivered
PO0001747,SUP0076,WH009,2025-06-12,2025-06-16,2025-06-17,Delivered
PO0001748,SUP0057,WH003,2025-10-11,2025-10-24,2025-10-24,Delivered
PO0001749,SUP0084,WH009,2026-02-15,2026-02-26,2026-02-26,Delivered
PO0001750,SUP0084,WH001,2026-05-21,2026-06-04,2026-06-04,Delivered
PO0001751,SUP0031,WH005,2025-03-14,2025-03-18,2025-03-21,Delivered
PO0001752,SUP0037,WH003,2026-02-06,2026-02-14,2026-02-14,Delivered
PO0001753,SUP0081,WH010,2025-05-15,2025-05-20,2025-05-25,Delivered
PO0001754,SUP0052,WH008,2025-10-11,2025-10-21,2025-10-21,Delivered
PO0001755,SUP0071,WH010,2025-09-18,2025-09-25,2025-09-25,Delivered
PO0001756,SUP0048,WH008,2025-03-27,2025-04-06,2025-04-06,Delivered
PO0001757,SUP0094,WH010,2025-09-01,2025-09-15,2025-09-15,Delivered
PO0001758,SUP0027,WH009,2026-01-26,2026-02-06,2026-02-06,Delivered
PO0001759,SUP0049,WH005,2025-09-26,2025-09-30,2025-09-30,Delivered
PO0001760,SUP0010,WH010,2025-12-15,2025-12-27,2026-01-04,Delivered
PO0001761,SUP0029,WH005,2025-06-26,2025-07-09,2025-07-09,Delivered
PO0001762,SUP0043,WH001,2025-08-25,2025-08-27,2025-08-30,Delivered
PO0001763,SUP0041,WH009,2026-05-24,2026-06-02,2026-06-10,Delivered
PO0001764,SUP0082,WH004,2025-04-22,2025-04-27,2025-04-27,Delivered
PO0001765,SUP0078,WH001,2026-05-05,2026-05-19,2026-05-24,Delivered
PO0001766,SUP0085,WH009,2026-07-09,2026-07-21,2026-07-22,Delivered
PO0001767,SUP0005,WH001,2025-10-12,2025-10-19,2025-10-20,Delivered
PO0001768,SUP0083,WH003,2025-07-31,2025-08-13,2025-08-13,Delivered
PO0001769,SUP0002,WH003,2026-03-27,2026-04-02,2026-04-02,Delivered
PO0001770,SUP0066,WH010,2025-10-10,2025-10-17,2025-10-17,Delivered
PO0001771,SUP0024,WH004,2026-01-24,2026-01-31,2026-01-31,Delivered
PO0001772,SUP0026,WH001,2025-06-08,2025-06-19,2025-06-19,Delivered
PO0001773,SUP0071,WH008,2025-03-05,2025-03-14,2025-03-14,Delivered
PO0001774,SUP0007,WH009,2025-03-22,2025-04-03,2025-04-03,Delivered
PO0001775,SUP0003,WH006,2026-04-23,2026-05-07,2026-05-07,Delivered
PO0001776,SUP0061,WH004,2025-10-06,2025-10-12,2025-10-14,Delivered
PO0001777,SUP0036,WH004,2025-06-11,2025-06-24,2025-06-24,Delivered
PO0001778,SUP0056,WH006,2025-06-10,2025-06-13,2025-06-13,Delivered
PO0001779,SUP0098,WH008,2025-10-16,2025-10-19,2025-10-19,Delivered
PO0001780,SUP0079,WH007,2025-11-24,2025-12-04,2025-12-04,Delivered
PO0001781,SUP0052,WH001,2025-01-05,2025-01-07,2025-01-09,Delivered
PO0001782,SUP0009,WH007,2026-02-18,2026-02-21,2026-02-21,Delivered
PO0001783,SUP0041,WH005,2026-01-28,2026-02-03,2026-02-03,Delivered
PO0001784,SUP0011,WH006,2026-02-12,2026-02-21,2026-02-21,Delivered
PO0001785,SUP0022,WH003,2025-05-11,2025-05-16,2025-05-16,Delivered
PO0001786,SUP0015,WH009,2026-05-03,2026-05-07,2026-05-10,Delivered
PO0001787,SUP0053,WH009,2025-07-21,2025-08-02,2025-08-02,Delivered
PO0001788,SUP0070,WH002,2026-05-04,2026-05-18,2026-05-18,Delivered
PO0001789,SUP0053,WH007,2025-11-15,2025-11-19,2025-11-19,Delivered
PO0001790,SUP0032,WH003,2025-03-12,2025-03-14,2025-03-14,Delivered
PO0001791,SUP0051,WH003,2026-02-27,2026-03-12,2026-03-13,Delivered
PO0001792,SUP0065,WH005,2026-02-18,2026-02-27,2026-03-04,Delivered
PO0001793,SUP0051,WH007,2025-09-13,2025-09-25,2025-09-25,Delivered
PO0001794,SUP0020,WH003,2025-10-05,2025-10-10,2025-10-10,Delivered
PO0001795,SUP0052,WH010,2026-04-13,2026-04-15,2026-04-16,Delivered
PO0001796,SUP0033,WH006,2025-11-21,2025-11-23,2025-11-28,Delivered
PO0001797,SUP0087,WH006,2025-09-05,2025-09-08,2025-09-08,Delivered
PO0001798,SUP0037,WH001,2026-05-28,2026-06-01,2026-06-01,Delivered
PO0001799,SUP0013,WH008,2026-05-19,2026-05-27,2026-05-27,Delivered
PO0001800,SUP0034,WH002,2025-01-01,2025-01-11,2025-01-12,Delivered
PO0001801,SUP0006,WH010,2025-10-20,2025-10-23,2025-10-23,Delivered
PO0001802,SUP0088,WH002,2026-07-12,2026-07-17,2026-07-17,Delivered
PO0001803,SUP0064,WH003,2025-04-14,2025-04-26,2025-04-29,Delivered
PO0001804,SUP0092,WH002,2026-01-03,2026-01-05,2026-01-10,Delivered
PO0001805,SUP0016,WH003,2025-09-01,2025-09-15,2025-09-15,Delivered
PO0001806,SUP0021,WH006,2026-06-04,2026-06-08,2026-06-08,Delivered
PO0001807,SUP0037,WH003,2025-10-13,2025-10-17,2025-10-19,Delivered
PO0001808,SUP0095,WH006,2025-10-24,2025-11-03,2025-11-03,Delivered
PO0001809,SUP0059,WH010,2025-06-25,2025-07-07,2025-07-07,Delivered
PO0001810,SUP0070,WH001,2025-03-14,2025-03-17,2025-03-17,Delivered
PO0001811,SUP0063,WH001,2025-01-13,2025-01-19,2025-01-19,Delivered
PO0001812,SUP0071,WH006,2026-04-01,2026-04-12,2026-04-14,Delivered
PO0001813,SUP0048,WH004,2025-06-06,2025-06-11,2025-06-11,Delivered
PO0001814,SUP0073,WH008,2026-05-18,2026-05-31,2026-06-02,Delivered
PO0001815,SUP0069,WH008,2025-03-08,2025-03-19,2025-03-19,Delivered
PO0001816,SUP0081,WH004,2026-04-25,2026-05-06,2026-05-07,Delivered
PO0001817,SUP0034,WH002,2026-02-23,2026-03-05,2026-03-06,Delivered
PO0001818,SUP0055,WH005,2025-07-22,2025-08-04,2025-08-04,Delivered
PO0001819,SUP0096,WH006,2026-04-05,2026-04-13,2026-04-13,Delivered
PO0001820,SUP0035,WH010,2026-07-24,2026-07-30,2026-07-30,Delivered
PO0001821,SUP0044,WH008,2026-08-21,2026-08-29,,In Transit
PO0001822,SUP0040,WH005,2026-01-04,2026-01-12,2026-01-13,Delivered
PO0001823,SUP0015,WH002,2025-11-20,2025-12-03,2025-12-05,Delivered
PO0001824,SUP0036,WH003,2026-01-02,2026-01-14,2026-01-14,Delivered
PO0001825,SUP0089,WH001,2026-03-26,2026-04-01,2026-04-01,Delivered
PO0001826,SUP0037,WH004,2026-03-06,2026-03-11,2026-03-13,Delivered
PO0001827,SUP0047,WH009,2025-10-14,2025-10-25,2025-10-25,Delivered
PO0001828,SUP0015,WH004,2025-09-28,2025-10-07,2025-10-07,Delivered
PO0001829,SUP0079,WH002,2025-01-08,2025-01-14,2025-01-15,Delivered
PO0001830,SUP0077,WH004,2026-06-15,2026-06-21,2026-06-21,Delivered
PO0001831,SUP0055,WH006,2026-03-03,2026-03-15,2026-03-16,Delivered
PO0001832,SUP0094,WH002,2025-06-07,2025-06-11,2025-06-13,Delivered
PO0001833,SUP0089,WH006,2026-08-02,2026-08-16,2026-08-16,Delivered
PO0001834,SUP0079,WH001,2026-03-17,2026-03-20,2026-03-23,Delivered
PO0001835,SUP0088,WH007,2026-03-07,2026-03-10,2026-03-10,Delivered
PO0001836,SUP0042,WH005,2025-04-17,2025-04-22,2025-04-30,Delivered
PO0001837,SUP0093,WH009,2025-11-26,2025-12-10,2025-12-13,Delivered
PO0001838,SUP0048,WH001,2026-05-23,2026-06-01,2026-06-01,Delivered
PO0001839,SUP0033,WH004,2025-07-28,2025-07-30,2025-08-02,Delivered
PO0001840,SUP0050,WH004,2026-07-09,2026-07-18,2026-07-23,Delivered
PO0001841,SUP0062,WH010,2025-07-14,2025-07-22,2025-07-23,Delivered
PO0001842,SUP0040,WH006,2025-02-04,2025-02-08,2025-02-11,Delivered
PO0001843,SUP0039,WH007,2025-08-28,2025-09-03,2025-09-05,Delivered
PO0001844,SUP0062,WH003,2025-05-10,2025-05-15,2025-05-15,Delivered
PO0001845,SUP0046,WH002,2025-01-20,2025-01-25,2025-01-28,Delivered
PO0001846,SUP0004,WH009,2025-11-12,2025-11-22,2025-11-22,Delivered
PO0001847,SUP0004,WH001,2025-02-28,2025-03-11,2025-03-11,Delivered
PO0001848,SUP0073,WH003,2026-08-01,2026-08-09,2026-08-09,Delivered
PO0001849,SUP0009,WH006,2025-12-03,2025-12-06,2025-12-11,Delivered
PO0001850,SUP0021,WH008,2025-11-29,2025-12-10,2025-12-10,Delivered
PO0001851,SUP0048,WH006,2025-01-11,2025-01-23,2025-01-23,Delivered
PO0001852,SUP0042,WH007,2026-05-23,2026-06-06,2026-06-08,Delivered
PO0001853,SUP0068,WH005,2025-01-24,2025-02-06,2025-02-06,Delivered
PO0001854,SUP0084,WH010,2025-09-13,2025-09-23,2025-09-23,Delivered
PO0001855,SUP0041,WH004,2026-04-03,2026-04-05,2026-04-05,Delivered
PO0001856,SUP0067,WH004,2026-01-27,2026-02-06,2026-02-06,Delivered
PO0001857,SUP0015,WH005,2025-08-10,2025-08-23,2025-08-23,Delivered
PO0001858,SUP0034,WH001,2025-05-17,2025-05-28,2025-05-30,Delivered
PO0001859,SUP0067,WH005,2025-07-16,2025-07-25,2025-07-26,Delivered
PO0001860,SUP0082,WH010,2025-02-12,2025-02-25,2025-02-25,Delivered
PO0001861,SUP0011,WH009,2025-09-24,2025-10-06,2025-10-06,Delivered
PO0001862,SUP0029,WH006,2026-01-06,2026-01-10,2026-01-11,Cancelled
PO0001863,SUP0007,WH010,2026-02-07,2026-02-11,2026-02-11,Delivered
PO0001864,SUP0084,WH002,2025-11-02,2025-11-10,2025-11-11,Delivered
PO0001865,SUP0012,WH007,2026-01-21,2026-01-31,2026-02-01,Delivered
PO0001866,SUP0047,WH006,2025-08-27,2025-09-10,2025-09-10,Delivered
PO0001867,SUP0064,WH009,2025-12-06,2025-12-18,2025-12-19,Delivered
PO0001868,SUP0032,WH008,2025-04-01,2025-04-03,2025-04-03,Delivered
PO0001869,SUP0047,WH007,2026-07-24,2026-08-04,2026-08-04,Delivered
PO0001870,SUP0016,WH005,2025-09-05,2025-09-17,2025-09-22,Delivered
PO0001871,SUP0032,WH003,2025-09-09,2025-09-11,2025-09-13,Delivered
PO0001872,SUP0024,WH009,2025-05-12,2025-05-21,2025-05-23,Cancelled
PO0001873,SUP0067,WH004,2025-06-08,2025-06-20,2025-06-21,Delivered
PO0001874,SUP0083,WH001,2025-02-03,2025-02-15,2025-02-17,Delivered
PO0001875,SUP0049,WH005,2025-08-12,2025-08-17,2025-08-17,Delivered
PO0001876,SUP0049,WH008,2025-01-31,2025-02-08,2025-02-08,Delivered
PO0001877,SUP0059,WH001,2026-05-29,2026-06-11,2026-06-19,Delivered
PO0001878,SUP0092,WH007,2026-03-02,2026-03-06,2026-03-06,Delivered
PO0001879,SUP0057,WH003,2025-09-15,2025-09-29,2025-09-29,Delivered
PO0001880,SUP0047,WH001,2026-05-03,2026-05-09,2026-05-09,Delivered
PO0001881,SUP0056,WH003,2026-01-12,2026-01-14,2026-01-14,Delivered
PO0001882,SUP0035,WH008,2025-02-27,2025-03-01,2025-03-02,Delivered
PO0001883,SUP0032,WH010,2025-02-09,2025-02-19,2025-02-19,Delivered
PO0001884,SUP0051,WH001,2026-05-12,2026-05-26,2026-05-28,Delivered
PO0001885,SUP0065,WH003,2025-11-14,2025-11-19,2025-11-19,Delivered
PO0001886,SUP0005,WH008,2025-06-21,2025-06-23,2025-06-23,Delivered
PO0001887,SUP0092,WH001,2026-05-18,2026-06-01,2026-06-02,Delivered
PO0001888,SUP0087,WH005,2025-09-13,2025-09-22,2025-09-24,Delivered
PO0001889,SUP0044,WH009,2025-11-15,2025-11-27,2025-11-28,Delivered
PO0001890,SUP0045,WH007,2026-08-20,2026-08-29,,In Transit
PO0001891,SUP0077,WH010,2025-01-21,2025-02-01,2025-02-01,Delivered
PO0001892,SUP0002,WH006,2025-06-23,2025-07-05,2025-07-10,Delivered
PO0001893,SUP0051,WH001,2026-04-17,2026-04-22,2026-04-22,Delivered
PO0001894,SUP0070,WH005,2026-07-17,2026-07-31,2026-08-01,Delivered
PO0001895,SUP0020,WH010,2025-07-07,2025-07-09,2025-07-09,Delivered
PO0001896,SUP0069,WH010,2025-07-15,2025-07-26,2025-07-27,Delivered
PO0001897,SUP0040,WH008,2026-03-07,2026-03-15,2026-03-16,Delivered
PO0001898,SUP0050,WH009,2025-05-19,2025-05-29,2025-05-29,Delivered
PO0001899,SUP0047,WH007,2025-03-27,2025-04-08,2025-04-11,Delivered
PO0001900,SUP0040,WH001,2026-08-03,2026-08-16,2026-08-19,Delivered
PO0001901,SUP0080,WH005,2026-06-17,2026-06-23,2026-06-28,Delivered
PO0001902,SUP0027,WH005,2025-09-05,2025-09-18,2025-09-18,Delivered
PO0001903,SUP0026,WH002,2025-05-09,2025-05-18,2025-05-20,Delivered
PO0001904,SUP0020,WH002,2025-03-01,2025-03-05,2025-03-05,Delivered
PO0001905,SUP0085,WH006,2025-03-16,2025-03-30,2025-03-30,Delivered
PO0001906,SUP0045,WH005,2025-01-02,2025-01-13,2025-01-13,Delivered
PO0001907,SUP0094,WH010,2025-04-13,2025-04-19,2025-04-19,Delivered
PO0001908,SUP0100,WH007,2025-08-19,2025-08-29,2025-08-29,Delivered
PO0001909,SUP0012,WH001,2025-03-23,2025-04-06,2025-04-08,Delivered
PO0001910,SUP0064,WH005,2025-06-19,2025-06-23,2025-06-24,Delivered
PO0001911,SUP0051,WH010,2026-05-05,2026-05-12,2026-05-20,Delivered
PO0001912,SUP0074,WH004,2026-07-27,2026-08-09,2026-08-09,Delivered
PO0001913,SUP0051,WH002,2025-05-21,2025-05-26,2025-05-26,Delivered
PO0001914,SUP0058,WH009,2025-04-07,2025-04-10,2025-04-10,Delivered
PO0001915,SUP0009,WH006,2025-02-19,2025-03-03,2025-03-03,Delivered
PO0001916,SUP0092,WH008,2025-08-11,2025-08-15,2025-08-17,Delivered
PO0001917,SUP0057,WH010,2026-06-29,2026-07-02,2026-07-02,Delivered
PO0001918,SUP0046,WH010,2025-02-25,2025-03-11,2025-03-13,Delivered
PO0001919,SUP0087,WH001,2025-04-02,2025-04-14,2025-04-16,Delivered
PO0001920,SUP0011,WH002,2025-03-31,2025-04-05,2025-04-13,Delivered
PO0001921,SUP0062,WH004,2025-03-04,2025-03-12,2025-03-15,Delivered
PO0001922,SUP0057,WH008,2025-10-07,2025-10-10,2025-10-10,Delivered
PO0001923,SUP0080,WH004,2025-05-19,2025-05-25,2025-05-27,Delivered
PO0001924,SUP0050,WH001,2025-02-13,2025-02-24,2025-02-24,Delivered
PO0001925,SUP0040,WH005,2026-08-21,2026-09-02,,In Transit
PO0001926,SUP0074,WH008,2026-08-02,2026-08-15,2026-08-15,Delivered
PO0001927,SUP0019,WH006,2025-02-18,2025-02-28,2025-03-01,Delivered
PO0001928,SUP0014,WH007,2025-02-24,2025-03-02,2025-03-04,Delivered
PO0001929,SUP0059,WH004,2025-11-13,2025-11-18,2025-11-23,Delivered
PO0001930,SUP0054,WH006,2025-11-26,2025-11-30,2025-12-02,Delivered
PO0001931,SUP0088,WH005,2025-12-04,2025-12-18,2025-12-20,Delivered
PO0001932,SUP0065,WH001,2025-11-14,2025-11-27,2025-12-02,Delivered
PO0001933,SUP0014,WH004,2025-04-06,2025-04-10,2025-04-10,Delivered
PO0001934,SUP0052,WH010,2025-03-18,2025-03-21,2025-03-21,Delivered
PO0001935,SUP0062,WH010,2025-11-01,2025-11-11,2025-11-11,Delivered
PO0001936,SUP0077,WH003,2025-03-17,2025-03-30,2025-04-02,Delivered
PO0001937,SUP0019,WH002,2026-05-27,2026-06-02,2026-06-04,Delivered
PO0001938,SUP0069,WH005,2026-05-15,2026-05-20,2026-05-20,Delivered
PO0001939,SUP0078,WH001,2025-05-25,2025-05-29,2025-05-31,Delivered
PO0001940,SUP0089,WH005,2025-12-03,2025-12-15,2025-12-17,Delivered
PO0001941,SUP0007,WH005,2025-02-11,2025-02-18,2025-02-18,Delivered
PO0001942,SUP0042,WH005,2025-09-01,2025-09-10,2025-09-10,Delivered
PO0001943,SUP0029,WH007,2025-07-16,2025-07-26,2025-07-28,Delivered
PO0001944,SUP0064,WH007,2025-04-16,2025-04-28,2025-04-28,Delivered
PO0001945,SUP0025,WH001,2026-01-16,2026-01-23,2026-01-26,Delivered
PO0001946,SUP0019,WH009,2025-10-28,2025-11-01,2025-11-04,Delivered
PO0001947,SUP0049,WH007,2025-03-08,2025-03-10,2025-03-10,Delivered
PO0001948,SUP0047,WH001,2026-07-12,2026-07-16,2026-07-17,Delivered
PO0001949,SUP0071,WH010,2026-07-17,2026-07-30,2026-08-02,Delivered
PO0001950,SUP0030,WH003,2025-12-17,2025-12-19,2025-12-21,Delivered
PO0001951,SUP0089,WH002,2025-12-27,2025-12-29,2025-12-29,Delivered
PO0001952,SUP0083,WH001,2025-12-01,2025-12-04,2025-12-04,Delivered
PO0001953,SUP0097,WH004,2026-07-06,2026-07-12,2026-07-15,Delivered
PO0001954,SUP0003,WH007,2025-09-24,2025-09-27,2025-09-29,Delivered
PO0001955,SUP0092,WH008,2025-02-28,2025-03-05,2025-03-06,Delivered
PO0001956,SUP0009,WH008,2026-04-24,2026-05-08,2026-05-08,Delivered
PO0001957,SUP0030,WH007,2025-01-20,2025-01-29,2025-01-30,Delivered
PO0001958,SUP0026,WH002,2025-04-19,2025-04-22,2025-04-22,Delivered
PO0001959,SUP0078,WH007,2025-01-11,2025-01-24,2025-01-24,Delivered
PO0001960,SUP0005,WH003,2026-08-04,2026-08-12,2026-08-14,Delivered
PO0001961,SUP0087,WH010,2026-07-22,2026-07-30,2026-07-30,Delivered
PO0001962,SUP0013,WH008,2026-08-17,2026-08-24,2026-08-24,Delivered
PO0001963,SUP0006,WH006,2026-04-04,2026-04-13,2026-04-14,Delivered
PO0001964,SUP0041,WH005,2025-08-05,2025-08-08,2025-08-11,Delivered
PO0001965,SUP0088,WH002,2025-12-29,2026-01-12,2026-01-13,Delivered
PO0001966,SUP0046,WH006,2026-03-13,2026-03-16,2026-03-18,Delivered
PO0001967,SUP0042,WH001,2026-03-13,2026-03-16,2026-03-16,Delivered
PO0001968,SUP0006,WH007,2025-10-21,2025-10-26,2025-10-26,Delivered
PO0001969,SUP0060,WH005,2025-04-24,2025-04-27,2025-04-30,Delivered
PO0001970,SUP0035,WH001,2026-02-14,2026-02-27,2026-02-28,Delivered
PO0001971,SUP0021,WH008,2026-04-21,2026-04-27,2026-04-27,Delivered
PO0001972,SUP0059,WH003,2025-10-04,2025-10-11,2025-10-11,Delivered
PO0001973,SUP0001,WH007,2025-01-28,2025-02-07,2025-02-07,Delivered
PO0001974,SUP0043,WH010,2025-01-28,2025-01-30,2025-01-30,Delivered
PO0001975,SUP0043,WH010,2025-01-13,2025-01-24,2025-01-24,Delivered
PO0001976,SUP0056,WH006,2025-07-13,2025-07-20,2025-07-20,Delivered
PO0001977,SUP0006,WH003,2025-12-23,2026-01-03,2026-01-03,Delivered
PO0001978,SUP0015,WH009,2026-03-01,2026-03-07,2026-03-07,Delivered
PO0001979,SUP0063,WH008,2025-03-09,2025-03-17,2025-03-17,Delivered
PO0001980,SUP0097,WH001,2026-06-22,2026-07-01,2026-07-03,Delivered
PO0001981,SUP0041,WH003,2025-07-27,2025-08-09,2025-08-10,Delivered
PO0001982,SUP0022,WH009,2025-05-07,2025-05-16,2025-05-16,Delivered
PO0001983,SUP0027,WH004,2025-02-21,2025-03-03,2025-03-03,Delivered
PO0001984,SUP0053,WH010,2026-01-27,2026-02-07,2026-02-07,Delivered
PO0001985,SUP0088,WH008,2025-09-11,2025-09-23,2025-09-23,Delivered
PO0001986,SUP0007,WH008,2025-07-13,2025-07-26,2025-07-26,Delivered
PO0001987,SUP0013,WH004,2025-11-20,2025-11-28,2025-11-28,Delivered
PO0001988,SUP0093,WH010,2026-03-19,2026-03-28,2026-03-29,Delivered
PO0001989,SUP0021,WH001,2026-03-03,2026-03-12,2026-03-15,Delivered
PO0001990,SUP0059,WH005,2026-07-08,2026-07-13,2026-07-13,Delivered
PO0001991,SUP0079,WH010,2026-06-07,2026-06-15,2026-06-23,Delivered
PO0001992,SUP0072,WH006,2025-04-29,2025-05-08,2025-05-08,Delivered
PO0001993,SUP0052,WH010,2025-11-14,2025-11-26,2025-11-29,Delivered
PO0001994,SUP0031,WH006,2026-05-31,2026-06-05,2026-06-05,Delivered
PO0001995,SUP0013,WH003,2026-01-08,2026-01-15,2026-01-15,Delivered
PO0001996,SUP0071,WH002,2026-05-26,2026-06-09,2026-06-09,Delivered
PO0001997,SUP0060,WH001,2026-07-24,2026-07-28,2026-07-31,Delivered
PO0001998,SUP0077,WH003,2026-08-17,2026-08-20,2026-08-20,Delivered
PO0001999,SUP0063,WH006,2026-03-10,2026-03-20,2026-03-20,Delivered
PO0002000,SUP0051,WH010,2026-06-10,2026-06-16,2026-06-16,Delivered
PO0002001,SUP0048,WH003,2026-01-31,2026-02-06,2026-02-06,Delivered
PO0002002,SUP0098,WH009,2025-06-22,2025-06-27,2025-06-27,Delivered
PO0002003,SUP0045,WH002,2026-05-22,2026-05-29,2026-06-06,Delivered
PO0002004,SUP0070,WH001,2025-04-06,2025-04-12,2025-04-12,Delivered
PO0002005,SUP0096,WH001,2026-04-28,2026-05-08,2026-05-09,Delivered
PO0002006,SUP0040,WH005,2025-11-01,2025-11-13,2025-11-16,Delivered
PO0002007,SUP0028,WH005,2025-05-13,2025-05-25,2025-05-28,Delivered
PO0002008,SUP0028,WH008,2026-04-21,2026-05-04,2026-05-05,Cancelled
PO0002009,SUP0016,WH008,2025-08-11,2025-08-24,2025-08-26,Delivered
PO0002010,SUP0024,WH003,2025-06-12,2025-06-15,2025-06-15,Delivered
PO0002011,SUP0068,WH002,2025-06-27,2025-07-11,2025-07-11,Delivered
PO0002012,SUP0047,WH010,2025-05-25,2025-06-01,2025-06-03,Delivered
PO0002013,SUP0047,WH006,2025-03-06,2025-03-17,2025-03-17,Delivered
PO0002014,SUP0060,WH006,2025-06-01,2025-06-03,2025-06-03,Delivered
PO0002015,SUP0051,WH007,2025-11-20,2025-12-01,2025-12-06,Delivered
PO0002016,SUP0034,WH001,2025-09-16,2025-09-27,2025-09-28,Delivered
PO0002017,SUP0025,WH001,2025-09-16,2025-09-29,2025-09-30,Delivered
PO0002018,SUP0036,WH007,2025-05-07,2025-05-13,2025-05-13,Delivered
PO0002019,SUP0028,WH007,2025-05-12,2025-05-19,2025-05-20,Delivered
PO0002020,SUP0078,WH010,2026-05-18,2026-05-30,2026-06-02,Delivered
PO0002021,SUP0069,WH006,2025-01-19,2025-01-21,2025-01-21,Delivered
PO0002022,SUP0044,WH001,2026-05-21,2026-05-30,2026-06-01,Delivered
PO0002023,SUP0019,WH002,2025-01-06,2025-01-08,2025-01-08,Delivered
PO0002024,SUP0035,WH006,2025-11-15,2025-11-22,2025-11-22,Delivered
PO0002025,SUP0076,WH010,2026-02-24,2026-02-26,2026-02-26,Delivered
PO0002026,SUP0031,WH010,2025-11-19,2025-12-01,2025-12-01,Cancelled
PO0002027,SUP0085,WH003,2025-03-12,2025-03-17,2025-03-17,Delivered
PO0002028,SUP0061,WH008,2025-02-06,2025-02-14,2025-02-19,Delivered
PO0002029,SUP0067,WH001,2026-07-17,2026-07-20,2026-07-20,Delivered
PO0002030,SUP0066,WH008,2026-06-10,2026-06-15,2026-06-15,Delivered
PO0002031,SUP0057,WH009,2025-08-06,2025-08-14,2025-08-14,Delivered
PO0002032,SUP0051,WH004,2026-07-09,2026-07-18,2026-07-19,Delivered
PO0002033,SUP0088,WH005,2025-12-25,2025-12-27,2025-12-27,Delivered
PO0002034,SUP0052,WH004,2025-06-11,2025-06-15,2025-06-17,Delivered
PO0002035,SUP0015,WH007,2026-07-22,2026-07-30,2026-07-30,Delivered
PO0002036,SUP0033,WH008,2025-08-26,2025-09-07,2025-09-07,Delivered
PO0002037,SUP0015,WH007,2025-09-01,2025-09-13,2025-09-13,Delivered
PO0002038,SUP0071,WH002,2026-08-07,2026-08-10,2026-08-13,Delivered
PO0002039,SUP0060,WH002,2026-01-16,2026-01-29,2026-01-31,Delivered
PO0002040,SUP0063,WH006,2025-01-14,2025-01-18,2025-01-18,Cancelled
PO0002041,SUP0014,WH001,2026-02-11,2026-02-22,2026-02-22,Delivered
PO0002042,SUP0099,WH010,2026-04-16,2026-04-22,2026-04-23,Delivered
PO0002043,SUP0097,WH003,2026-05-15,2026-05-22,2026-05-22,Delivered
PO0002044,SUP0050,WH001,2026-05-02,2026-05-10,2026-05-10,Delivered
PO0002045,SUP0060,WH001,2026-06-04,2026-06-13,2026-06-13,Delivered
PO0002046,SUP0025,WH009,2025-09-26,2025-09-30,2025-09-30,Delivered
PO0002047,SUP0028,WH008,2026-06-07,2026-06-09,2026-06-11,Delivered
PO0002048,SUP0067,WH008,2025-01-24,2025-02-03,2025-02-03,Delivered
PO0002049,SUP0023,WH004,2026-03-08,2026-03-21,2026-03-21,Delivered
PO0002050,SUP0016,WH008,2025-07-25,2025-07-29,2025-07-30,Delivered
PO0002051,SUP0100,WH005,2026-06-11,2026-06-23,2026-06-23,Delivered
PO0002052,SUP0084,WH005,2025-03-13,2025-03-26,2025-03-26,Delivered
PO0002053,SUP0079,WH010,2025-10-02,2025-10-04,2025-10-04,Delivered
PO0002054,SUP0015,WH008,2025-12-13,2025-12-15,2025-12-17,Delivered
PO0002055,SUP0100,WH003,2025-08-03,2025-08-09,2025-08-12,Delivered
PO0002056,SUP0100,WH008,2025-05-24,2025-05-26,2025-05-26,Delivered
PO0002057,SUP0050,WH004,2026-06-02,2026-06-15,2026-06-16,Delivered
PO0002058,SUP0062,WH009,2025-01-09,2025-01-19,2025-01-19,Delivered
PO0002059,SUP0009,WH008,2025-07-27,2025-08-03,2025-08-08,Delivered
PO0002060,SUP0004,WH004,2026-05-13,2026-05-26,2026-05-29,Delivered
PO0002061,SUP0070,WH008,2026-07-19,2026-07-22,2026-07-22,Delivered
PO0002062,SUP0093,WH009,2025-05-27,2025-06-01,2025-06-01,Delivered
PO0002063,SUP0023,WH006,2025-06-12,2025-06-18,2025-06-26,Delivered
PO0002064,SUP0030,WH003,2025-12-22,2026-01-04,2026-01-04,Delivered
PO0002065,SUP0018,WH009,2026-03-07,2026-03-15,2026-03-15,Delivered
PO0002066,SUP0070,WH006,2025-10-15,2025-10-18,2025-10-18,Delivered
PO0002067,SUP0027,WH001,2026-05-12,2026-05-19,2026-05-19,Delivered
PO0002068,SUP0073,WH008,2025-04-11,2025-04-22,2025-04-22,Delivered
PO0002069,SUP0003,WH005,2025-06-09,2025-06-13,2025-06-13,Delivered
PO0002070,SUP0032,WH008,2026-04-20,2026-04-27,2026-04-27,Delivered
PO0002071,SUP0068,WH007,2025-08-07,2025-08-13,2025-08-15,Delivered
PO0002072,SUP0013,WH003,2026-04-27,2026-05-01,2026-05-01,Delivered
PO0002073,SUP0001,WH003,2025-09-21,2025-10-01,2025-10-01,Delivered
PO0002074,SUP0016,WH005,2025-04-10,2025-04-23,2025-04-23,Delivered
PO0002075,SUP0048,WH002,2025-12-16,2025-12-28,2025-12-28,Delivered
PO0002076,SUP0004,WH006,2025-07-09,2025-07-21,2025-07-22,Delivered
PO0002077,SUP0051,WH004,2025-12-15,2025-12-28,2025-12-28,Delivered
PO0002078,SUP0093,WH002,2026-07-08,2026-07-19,2026-07-19,Delivered
PO0002079,SUP0090,WH006,2026-06-21,2026-07-03,2026-07-05,Delivered
PO0002080,SUP0011,WH009,2025-09-25,2025-09-28,2025-09-30,Delivered
PO0002081,SUP0001,WH010,2026-02-03,2026-02-14,2026-02-17,Delivered
PO0002082,SUP0098,WH006,2026-03-26,2026-03-28,2026-03-29,Delivered
PO0002083,SUP0034,WH008,2026-06-04,2026-06-07,2026-06-09,Delivered
PO0002084,SUP0078,WH007,2025-01-31,2025-02-03,2025-02-03,Delivered
PO0002085,SUP0090,WH009,2025-11-10,2025-11-20,2025-11-20,Delivered
PO0002086,SUP0050,WH003,2025-07-22,2025-08-02,2025-08-03,Delivered
PO0002087,SUP0069,WH003,2026-01-20,2026-01-28,2026-01-28,Delivered
PO0002088,SUP0024,WH007,2025-05-10,2025-05-17,2025-05-20,Delivered
PO0002089,SUP0027,WH008,2026-03-18,2026-03-24,2026-03-24,Delivered
PO0002090,SUP0029,WH009,2026-03-17,2026-03-20,2026-03-21,Delivered
PO0002091,SUP0034,WH001,2025-02-02,2025-02-16,2025-02-16,Delivered
PO0002092,SUP0032,WH002,2026-08-25,2026-09-02,,In Transit
PO0002093,SUP0005,WH007,2025-12-27,2026-01-02,2026-01-04,Delivered
PO0002094,SUP0088,WH008,2025-11-14,2025-11-26,2025-11-26,Delivered
PO0002095,SUP0029,WH001,2025-02-24,2025-02-28,2025-02-28,Delivered
PO0002096,SUP0031,WH006,2025-08-29,2025-09-06,2025-09-06,Delivered
PO0002097,SUP0068,WH007,2025-10-30,2025-11-06,2025-11-07,Delivered
PO0002098,SUP0020,WH007,2025-12-06,2025-12-16,2025-12-16,Delivered
PO0002099,SUP0027,WH009,2026-01-10,2026-01-23,2026-01-28,Delivered
PO0002100,SUP0058,WH010,2025-10-15,2025-10-23,2025-10-23,Delivered
PO0002101,SUP0078,WH010,2025-12-22,2025-12-26,2025-12-26,Delivered
PO0002102,SUP0015,WH007,2026-01-19,2026-01-26,2026-01-27,Delivered
PO0002103,SUP0010,WH008,2025-10-27,2025-11-04,2025-11-06,Delivered
PO0002104,SUP0072,WH001,2025-08-04,2025-08-08,2025-08-08,Delivered
PO0002105,SUP0091,WH008,2025-07-19,2025-07-25,2025-07-25,Delivered
PO0002106,SUP0065,WH001,2025-03-08,2025-03-13,2025-03-13,Delivered
PO0002107,SUP0033,WH006,2025-01-05,2025-01-13,2025-01-13,Delivered
PO0002108,SUP0059,WH008,2025-10-21,2025-10-27,2025-10-27,Delivered
PO0002109,SUP0037,WH003,2025-08-18,2025-08-21,2025-08-23,Delivered
PO0002110,SUP0030,WH010,2025-01-16,2025-01-18,2025-01-18,Delivered
PO0002111,SUP0055,WH002,2025-10-20,2025-11-02,2025-11-02,Delivered
PO0002112,SUP0056,WH001,2025-01-02,2025-01-07,2025-01-15,Delivered
PO0002113,SUP0014,WH005,2025-08-18,2025-08-31,2025-08-31,Delivered
PO0002114,SUP0070,WH008,2025-01-01,2025-01-06,2025-01-06,Delivered
PO0002115,SUP0055,WH010,2025-12-28,2026-01-05,2026-01-06,Delivered
PO0002116,SUP0049,WH009,2025-10-12,2025-10-17,2025-10-22,Delivered
PO0002117,SUP0007,WH008,2025-11-08,2025-11-14,2025-11-14,Delivered
PO0002118,SUP0094,WH004,2026-07-31,2026-08-11,2026-08-11,Delivered
PO0002119,SUP0059,WH009,2026-04-01,2026-04-12,2026-04-13,Delivered
PO0002120,SUP0029,WH006,2026-08-06,2026-08-11,2026-08-14,Delivered
PO0002121,SUP0011,WH005,2025-04-04,2025-04-12,2025-04-12,Delivered
PO0002122,SUP0006,WH002,2026-05-14,2026-05-19,2026-05-19,Delivered
PO0002123,SUP0035,WH006,2026-07-31,2026-08-05,2026-08-05,Delivered
PO0002124,SUP0085,WH010,2025-03-23,2025-04-05,2025-04-08,Delivered
PO0002125,SUP0055,WH009,2026-03-02,2026-03-10,2026-03-10,Delivered
PO0002126,SUP0059,WH005,2026-07-13,2026-07-18,2026-07-19,Delivered
PO0002127,SUP0062,WH003,2025-07-17,2025-07-29,2025-07-29,Delivered
PO0002128,SUP0052,WH003,2026-04-23,2026-05-01,2026-05-01,Delivered
PO0002129,SUP0044,WH010,2026-01-26,2026-02-03,2026-02-03,Delivered
PO0002130,SUP0061,WH009,2025-12-23,2026-01-01,2026-01-01,Delivered
PO0002131,SUP0024,WH006,2025-02-13,2025-02-19,2025-02-19,Delivered
PO0002132,SUP0097,WH005,2026-03-05,2026-03-19,2026-03-19,Delivered
PO0002133,SUP0006,WH005,2025-01-11,2025-01-13,2025-01-13,Delivered
PO0002134,SUP0028,WH005,2026-02-10,2026-02-14,2026-02-14,Delivered
PO0002135,SUP0100,WH002,2025-01-11,2025-01-20,2025-01-20,Delivered
PO0002136,SUP0069,WH005,2026-05-01,2026-05-13,2026-05-13,Delivered
PO0002137,SUP0097,WH003,2025-03-03,2025-03-16,2025-03-21,Delivered
PO0002138,SUP0019,WH007,2025-11-06,2025-11-13,2025-11-14,Delivered
PO0002139,SUP0089,WH002,2026-04-05,2026-04-13,2026-04-13,Delivered
PO0002140,SUP0001,WH008,2025-10-11,2025-10-14,2025-10-16,Delivered
PO0002141,SUP0030,WH009,2025-01-03,2025-01-17,2025-01-17,Delivered
PO0002142,SUP0080,WH009,2025-10-08,2025-10-16,2025-10-19,Delivered
PO0002143,SUP0001,WH005,2026-03-17,2026-03-28,2026-03-31,Delivered
PO0002144,SUP0078,WH001,2025-12-22,2026-01-05,2026-01-05,Delivered
PO0002145,SUP0038,WH008,2026-01-31,2026-02-13,2026-02-15,Delivered
PO0002146,SUP0047,WH008,2025-01-25,2025-01-27,2025-01-27,Delivered
PO0002147,SUP0059,WH001,2026-05-16,2026-05-24,2026-05-24,Delivered
PO0002148,SUP0091,WH004,2025-05-10,2025-05-14,2025-05-14,Delivered
PO0002149,SUP0088,WH008,2025-09-29,2025-10-04,2025-10-04,Delivered
PO0002150,SUP0056,WH004,2025-07-29,2025-08-07,2025-08-07,Delivered
PO0002151,SUP0091,WH004,2025-11-02,2025-11-16,2025-11-17,Delivered
PO0002152,SUP0055,WH004,2026-01-06,2026-01-09,2026-01-09,Delivered
PO0002153,SUP0079,WH006,2025-06-11,2025-06-14,2025-06-16,Delivered
PO0002154,SUP0035,WH010,2025-05-24,2025-06-02,2025-06-02,Delivered
PO0002155,SUP0008,WH008,2025-01-09,2025-01-11,2025-01-12,Delivered
PO0002156,SUP0039,WH009,2025-08-04,2025-08-16,2025-08-24,Delivered
PO0002157,SUP0029,WH004,2025-10-04,2025-10-06,2025-10-06,Delivered
PO0002158,SUP0085,WH003,2026-06-11,2026-06-18,2026-06-18,Delivered
PO0002159,SUP0028,WH003,2025-04-20,2025-04-28,2025-04-30,Delivered
PO0002160,SUP0015,WH009,2026-02-27,2026-03-01,2026-03-01,Delivered
PO0002161,SUP0015,WH001,2025-06-06,2025-06-18,2025-06-18,Delivered
PO0002162,SUP0031,WH003,2025-11-05,2025-11-09,2025-11-11,Delivered
PO0002163,SUP0053,WH002,2025-11-17,2025-11-19,2025-11-19,Delivered
PO0002164,SUP0081,WH007,2025-02-05,2025-02-18,2025-02-18,Delivered
PO0002165,SUP0056,WH008,2025-03-18,2025-04-01,2025-04-04,Delivered
PO0002166,SUP0005,WH010,2025-11-14,2025-11-16,2025-11-16,Delivered
PO0002167,SUP0051,WH003,2025-03-17,2025-03-21,2025-03-21,Delivered
PO0002168,SUP0091,WH003,2025-03-31,2025-04-12,2025-04-14,Delivered
PO0002169,SUP0090,WH005,2026-01-06,2026-01-09,2026-01-12,Delivered
PO0002170,SUP0092,WH001,2025-01-04,2025-01-06,2025-01-11,Delivered
PO0002171,SUP0041,WH005,2025-07-25,2025-08-03,2025-08-03,Delivered
PO0002172,SUP0041,WH010,2026-07-10,2026-07-13,2026-07-15,Delivered
PO0002173,SUP0046,WH009,2025-07-10,2025-07-19,2025-07-19,Delivered
PO0002174,SUP0026,WH002,2026-03-02,2026-03-07,2026-03-07,Delivered
PO0002175,SUP0051,WH007,2025-06-21,2025-06-27,2025-06-27,Delivered
PO0002176,SUP0012,WH010,2026-07-08,2026-07-20,2026-07-20,Delivered
PO0002177,SUP0095,WH008,2025-07-07,2025-07-13,2025-07-13,Delivered
PO0002178,SUP0074,WH005,2025-03-03,2025-03-11,2025-03-11,Delivered
PO0002179,SUP0080,WH006,2025-12-22,2026-01-02,2026-01-07,Delivered
PO0002180,SUP0055,WH009,2025-10-24,2025-11-01,2025-11-01,Delivered
PO0002181,SUP0057,WH003,2026-02-21,2026-03-06,2026-03-06,Delivered
PO0002182,SUP0093,WH005,2026-02-15,2026-02-26,2026-02-26,Delivered
PO0002183,SUP0024,WH008,2026-07-27,2026-08-06,2026-08-06,Delivered
PO0002184,SUP0066,WH004,2025-01-24,2025-02-03,2025-02-03,Delivered
PO0002185,SUP0024,WH001,2026-02-28,2026-03-13,2026-03-13,Delivered
PO0002186,SUP0067,WH005,2026-08-10,2026-08-18,2026-08-18,Delivered
PO0002187,SUP0056,WH008,2025-12-03,2025-12-10,2025-12-13,Delivered
PO0002188,SUP0057,WH009,2026-05-07,2026-05-12,2026-05-12,Delivered
PO0002189,SUP0094,WH003,2026-04-10,2026-04-14,2026-04-14,Delivered
PO0002190,SUP0025,WH004,2025-10-12,2025-10-19,2025-10-22,Delivered
PO0002191,SUP0069,WH001,2025-12-04,2025-12-12,2025-12-13,Delivered
PO0002192,SUP0036,WH010,2026-06-02,2026-06-07,2026-06-09,Delivered
PO0002193,SUP0028,WH010,2025-10-20,2025-10-31,2025-10-31,Delivered
PO0002194,SUP0057,WH004,2025-04-19,2025-04-25,2025-04-25,Delivered
PO0002195,SUP0010,WH001,2026-07-14,2026-07-22,2026-07-23,Delivered
PO0002196,SUP0018,WH006,2025-07-14,2025-07-20,2025-07-20,Delivered
PO0002197,SUP0052,WH003,2026-05-23,2026-06-02,2026-06-05,Delivered
PO0002198,SUP0048,WH008,2025-06-01,2025-06-11,2025-06-14,Delivered
PO0002199,SUP0092,WH004,2026-07-11,2026-07-13,2026-07-13,Delivered
PO0002200,SUP0018,WH004,2026-06-12,2026-06-23,2026-06-24,Delivered
PO0002201,SUP0010,WH004,2025-05-04,2025-05-09,2025-05-11,Delivered
PO0002202,SUP0085,WH006,2025-04-04,2025-04-08,2025-04-08,Delivered
PO0002203,SUP0080,WH010,2025-10-28,2025-11-01,2025-11-06,Delivered
PO0002204,SUP0065,WH005,2025-11-14,2025-11-20,2025-11-22,Delivered
PO0002205,SUP0057,WH007,2026-04-22,2026-04-26,2026-05-04,Delivered
PO0002206,SUP0024,WH003,2025-10-05,2025-10-11,2025-10-11,Delivered
PO0002207,SUP0016,WH009,2025-05-29,2025-06-08,2025-06-11,Delivered
PO0002208,SUP0090,WH004,2026-05-18,2026-05-27,2026-05-27,Delivered
PO0002209,SUP0042,WH010,2026-06-20,2026-06-30,2026-06-30,Delivered
PO0002210,SUP0032,WH010,2026-08-14,2026-08-19,2026-08-24,Delivered
PO0002211,SUP0017,WH004,2025-07-19,2025-07-31,2025-08-02,Delivered
PO0002212,SUP0044,WH009,2025-02-01,2025-02-04,2025-02-05,Delivered
PO0002213,SUP0029,WH005,2025-03-25,2025-03-30,2025-03-30,Delivered
PO0002214,SUP0007,WH010,2026-02-10,2026-02-17,2026-02-17,Delivered
PO0002215,SUP0034,WH004,2025-05-24,2025-06-04,2025-06-04,Delivered
PO0002216,SUP0036,WH009,2026-05-28,2026-06-08,2026-06-13,Delivered
PO0002217,SUP0006,WH003,2025-10-15,2025-10-27,2025-10-28,Delivered
PO0002218,SUP0031,WH005,2026-07-03,2026-07-16,2026-07-19,Delivered
PO0002219,SUP0092,WH007,2025-10-22,2025-11-01,2025-11-03,Delivered
PO0002220,SUP0041,WH006,2025-07-11,2025-07-23,2025-07-24,Delivered
PO0002221,SUP0082,WH003,2025-11-24,2025-11-27,2025-12-02,Delivered
PO0002222,SUP0049,WH006,2025-01-12,2025-01-24,2025-01-24,Delivered
PO0002223,SUP0098,WH005,2025-01-31,2025-02-13,2025-02-13,Delivered
PO0002224,SUP0033,WH006,2026-02-17,2026-02-28,2026-03-02,Delivered
PO0002225,SUP0077,WH005,2026-01-04,2026-01-17,2026-01-17,Delivered
PO0002226,SUP0041,WH005,2025-12-19,2025-12-31,2026-01-01,Delivered
PO0002227,SUP0082,WH005,2025-06-30,2025-07-13,2025-07-13,Delivered
PO0002228,SUP0044,WH003,2025-10-10,2025-10-23,2025-10-23,Delivered
PO0002229,SUP0093,WH004,2025-12-30,2026-01-03,2026-01-03,Delivered
PO0002230,SUP0011,WH009,2026-01-01,2026-01-12,2026-01-13,Delivered
PO0002231,SUP0062,WH004,2025-04-15,2025-04-19,2025-04-19,Delivered
PO0002232,SUP0067,WH002,2025-06-24,2025-07-05,2025-07-05,Delivered
PO0002233,SUP0042,WH009,2026-03-12,2026-03-18,2026-03-18,Delivered
PO0002234,SUP0070,WH005,2026-06-27,2026-07-06,2026-07-07,Delivered
PO0002235,SUP0085,WH010,2025-10-02,2025-10-15,2025-10-20,Delivered
PO0002236,SUP0068,WH003,2026-03-24,2026-04-01,2026-04-01,Delivered
PO0002237,SUP0091,WH004,2025-05-03,2025-05-15,2025-05-15,Delivered
PO0002238,SUP0023,WH002,2025-05-28,2025-06-08,2025-06-09,Delivered
PO0002239,SUP0063,WH005,2025-09-22,2025-10-04,2025-10-04,Delivered
PO0002240,SUP0091,WH007,2026-02-06,2026-02-15,2026-02-18,Delivered
PO0002241,SUP0012,WH001,2025-01-02,2025-01-07,2025-01-07,Delivered
PO0002242,SUP0023,WH008,2025-03-03,2025-03-13,2025-03-18,Delivered
PO0002243,SUP0016,WH003,2025-12-24,2026-01-04,2026-01-04,Delivered
PO0002244,SUP0098,WH008,2025-07-08,2025-07-19,2025-07-19,Delivered
PO0002245,SUP0029,WH001,2025-11-22,2025-12-02,2025-12-07,Delivered
PO0002246,SUP0005,WH001,2026-01-14,2026-01-17,2026-01-18,Delivered
PO0002247,SUP0099,WH005,2026-01-09,2026-01-11,2026-01-11,Delivered
PO0002248,SUP0094,WH008,2026-01-08,2026-01-11,2026-01-14,Delivered
PO0002249,SUP0088,WH010,2026-08-12,2026-08-23,2026-08-26,Delivered
PO0002250,SUP0012,WH006,2025-03-20,2025-03-23,2025-03-26,Delivered
PO0002251,SUP0047,WH001,2025-09-12,2025-09-23,2025-09-25,Delivered
PO0002252,SUP0009,WH003,2025-01-29,2025-02-09,2025-02-09,Delivered
PO0002253,SUP0066,WH002,2026-06-15,2026-06-27,2026-06-27,Delivered
PO0002254,SUP0083,WH003,2025-12-08,2025-12-12,2025-12-15,Delivered
PO0002255,SUP0016,WH010,2026-05-04,2026-05-15,2026-05-15,Delivered
PO0002256,SUP0050,WH001,2025-07-04,2025-07-14,2025-07-14,Delivered
PO0002257,SUP0075,WH009,2025-02-09,2025-02-17,2025-02-18,Delivered
PO0002258,SUP0030,WH001,2025-11-30,2025-12-03,2025-12-03,Delivered
PO0002259,SUP0019,WH007,2025-05-12,2025-05-26,2025-05-26,Delivered
PO0002260,SUP0083,WH003,2025-04-02,2025-04-11,2025-04-11,Delivered
PO0002261,SUP0022,WH007,2026-07-03,2026-07-13,2026-07-13,Delivered
PO0002262,SUP0003,WH006,2026-04-20,2026-04-28,2026-04-29,Delivered
PO0002263,SUP0074,WH001,2025-05-06,2025-05-10,2025-05-10,Delivered
PO0002264,SUP0053,WH005,2026-05-25,2026-06-02,2026-06-04,Delivered
PO0002265,SUP0036,WH003,2025-11-02,2025-11-12,2025-11-12,Delivered
PO0002266,SUP0077,WH009,2025-03-14,2025-03-26,2025-03-27,Delivered
PO0002267,SUP0071,WH003,2025-01-16,2025-01-19,2025-01-19,Delivered
PO0002268,SUP0003,WH003,2025-03-07,2025-03-12,2025-03-17,Delivered
PO0002269,SUP0094,WH002,2025-11-02,2025-11-10,2025-11-10,Delivered
PO0002270,SUP0048,WH006,2026-05-10,2026-05-22,2026-05-22,Delivered
PO0002271,SUP0002,WH005,2025-10-23,2025-10-26,2025-10-26,Delivered
PO0002272,SUP0072,WH002,2026-07-19,2026-08-02,2026-08-05,Delivered
PO0002273,SUP0025,WH003,2025-01-17,2025-01-31,2025-02-01,Delivered
PO0002274,SUP0075,WH008,2026-02-19,2026-02-23,2026-02-23,Delivered
PO0002275,SUP0100,WH001,2026-06-05,2026-06-13,2026-06-13,Delivered
PO0002276,SUP0046,WH010,2025-03-29,2025-04-12,2025-04-12,Delivered
PO0002277,SUP0033,WH001,2025-08-28,2025-08-31,2025-09-05,Delivered
PO0002278,SUP0031,WH009,2025-07-19,2025-07-23,2025-07-23,Delivered
PO0002279,SUP0012,WH007,2026-07-03,2026-07-16,2026-07-24,Delivered
PO0002280,SUP0082,WH004,2026-07-27,2026-08-10,2026-08-15,Delivered
PO0002281,SUP0013,WH008,2025-07-03,2025-07-16,2025-07-16,Delivered
PO0002282,SUP0082,WH010,2025-01-06,2025-01-11,2025-01-11,Delivered
PO0002283,SUP0100,WH005,2026-07-18,2026-07-24,2026-07-24,Delivered
PO0002284,SUP0022,WH008,2025-09-20,2025-09-25,2025-09-25,Delivered
PO0002285,SUP0028,WH003,2026-03-28,2026-04-04,2026-04-04,Delivered
PO0002286,SUP0047,WH002,2025-03-08,2025-03-20,2025-03-20,Delivered
PO0002287,SUP0004,WH008,2026-04-18,2026-04-23,2026-04-23,Delivered
PO0002288,SUP0019,WH007,2025-06-08,2025-06-22,2025-06-22,Delivered
PO0002289,SUP0007,WH006,2026-06-16,2026-06-22,2026-06-22,Delivered
PO0002290,SUP0006,WH002,2026-03-30,2026-04-05,2026-04-06,Delivered
PO0002291,SUP0035,WH010,2025-08-25,2025-09-01,2025-09-03,Cancelled
PO0002292,SUP0080,WH007,2025-08-22,2025-09-03,2025-09-04,Delivered
PO0002293,SUP0030,WH001,2025-12-21,2025-12-28,2025-12-28,Delivered
PO0002294,SUP0044,WH002,2025-06-05,2025-06-19,2025-06-19,Delivered
PO0002295,SUP0090,WH008,2026-05-28,2026-06-03,2026-06-05,Delivered
PO0002296,SUP0063,WH008,2025-04-20,2025-05-04,2025-05-09,Delivered
PO0002297,SUP0077,WH005,2025-09-13,2025-09-22,2025-09-22,Delivered
PO0002298,SUP0036,WH001,2025-04-29,2025-05-01,2025-05-01,Cancelled
PO0002299,SUP0075,WH003,2025-06-12,2025-06-19,2025-06-22,Delivered
PO0002300,SUP0004,WH007,2025-10-11,2025-10-15,2025-10-15,Delivered
PO0002301,SUP0024,WH005,2025-10-06,2025-10-14,2025-10-14,Delivered
PO0002302,SUP0014,WH005,2025-07-16,2025-07-25,2025-07-25,Delivered
PO0002303,SUP0011,WH001,2025-02-02,2025-02-14,2025-02-15,Delivered
PO0002304,SUP0029,WH009,2025-07-15,2025-07-23,2025-07-23,Delivered
PO0002305,SUP0047,WH010,2025-10-25,2025-11-05,2025-11-07,Delivered
PO0002306,SUP0021,WH005,2025-07-07,2025-07-19,2025-07-19,Delivered
PO0002307,SUP0096,WH001,2025-03-24,2025-04-06,2025-04-06,Delivered
PO0002308,SUP0059,WH009,2025-04-12,2025-04-20,2025-04-20,Delivered
PO0002309,SUP0035,WH009,2025-05-27,2025-06-08,2025-06-08,Delivered
PO0002310,SUP0080,WH003,2025-04-15,2025-04-20,2025-04-22,Delivered
PO0002311,SUP0041,WH004,2025-06-01,2025-06-04,2025-06-04,Delivered
PO0002312,SUP0060,WH002,2025-07-13,2025-07-22,2025-07-22,Delivered
PO0002313,SUP0001,WH001,2025-04-12,2025-04-17,2025-04-17,Delivered
PO0002314,SUP0078,WH003,2026-01-15,2026-01-27,2026-01-30,Delivered
PO0002315,SUP0058,WH007,2025-09-17,2025-09-23,2025-09-26,Delivered
PO0002316,SUP0014,WH005,2026-06-17,2026-06-23,2026-06-24,Delivered
PO0002317,SUP0006,WH007,2025-10-29,2025-11-11,2025-11-14,Delivered
PO0002318,SUP0093,WH001,2025-03-08,2025-03-10,2025-03-12,Delivered
PO0002319,SUP0087,WH002,2025-09-16,2025-09-28,2025-09-28,Delivered
PO0002320,SUP0079,WH007,2026-05-09,2026-05-23,2026-05-23,Delivered
PO0002321,SUP0027,WH005,2026-03-18,2026-04-01,2026-04-03,Delivered
PO0002322,SUP0099,WH010,2025-12-01,2025-12-04,2025-12-07,Delivered
PO0002323,SUP0090,WH006,2025-08-29,2025-09-07,2025-09-08,Delivered
PO0002324,SUP0083,WH001,2025-08-07,2025-08-18,2025-08-18,Delivered
PO0002325,SUP0082,WH005,2025-10-27,2025-11-03,2025-11-03,Delivered
PO0002326,SUP0070,WH009,2026-08-16,2026-08-26,2026-08-26,Delivered
PO0002327,SUP0051,WH003,2025-01-02,2025-01-12,2025-01-12,Delivered
PO0002328,SUP0034,WH008,2025-07-19,2025-07-29,2025-07-29,Delivered
PO0002329,SUP0091,WH008,2025-09-16,2025-09-29,2025-09-29,Delivered
PO0002330,SUP0040,WH002,2026-08-13,2026-08-15,2026-08-15,Delivered
PO0002331,SUP0036,WH004,2025-06-17,2025-06-26,2025-06-27,Delivered
PO0002332,SUP0072,WH008,2026-03-13,2026-03-18,2026-03-19,Delivered
PO0002333,SUP0045,WH007,2026-06-16,2026-06-21,2026-06-26,Delivered
PO0002334,SUP0033,WH001,2026-05-01,2026-05-13,2026-05-13,Delivered
PO0002335,SUP0100,WH010,2025-03-06,2025-03-13,2025-03-13,Delivered
PO0002336,SUP0066,WH005,2026-04-12,2026-04-25,2026-04-25,Delivered
PO0002337,SUP0064,WH007,2025-09-25,2025-10-06,2025-10-08,Delivered
PO0002338,SUP0090,WH007,2025-12-14,2025-12-26,2025-12-26,Delivered
PO0002339,SUP0031,WH008,2025-09-19,2025-09-25,2025-09-26,Delivered
PO0002340,SUP0081,WH003,2025-04-26,2025-04-28,2025-04-28,Cancelled
PO0002341,SUP0012,WH010,2026-06-10,2026-06-24,2026-06-24,Delivered
PO0002342,SUP0025,WH010,2025-11-19,2025-12-03,2025-12-03,Delivered
PO0002343,SUP0049,WH008,2026-08-02,2026-08-06,2026-08-06,Delivered
PO0002344,SUP0070,WH009,2025-11-02,2025-11-06,2025-11-06,Delivered
PO0002345,SUP0071,WH003,2025-11-15,2025-11-23,2025-11-26,Delivered
PO0002346,SUP0023,WH002,2025-04-12,2025-04-16,2025-04-21,Delivered
PO0002347,SUP0098,WH008,2025-12-27,2026-01-10,2026-01-13,Delivered
PO0002348,SUP0038,WH008,2025-11-09,2025-11-11,2025-11-11,Delivered
PO0002349,SUP0015,WH005,2026-04-12,2026-04-20,2026-04-22,Delivered
PO0002350,SUP0071,WH005,2025-01-16,2025-01-24,2025-01-24,Delivered
PO0002351,SUP0037,WH006,2026-07-30,2026-08-04,2026-08-04,Cancelled
PO0002352,SUP0035,WH004,2025-04-26,2025-05-06,2025-05-08,Delivered
PO0002353,SUP0076,WH003,2025-08-25,2025-09-03,2025-09-03,Delivered
PO0002354,SUP0015,WH001,2025-12-21,2026-01-02,2026-01-02,Delivered
PO0002355,SUP0095,WH003,2025-09-26,2025-10-07,2025-10-07,Delivered
PO0002356,SUP0041,WH005,2026-08-05,2026-08-12,2026-08-14,Delivered
PO0002357,SUP0070,WH006,2026-05-13,2026-05-21,2026-05-24,Delivered
PO0002358,SUP0038,WH007,2026-05-28,2026-05-31,2026-05-31,Delivered
PO0002359,SUP0099,WH009,2025-03-08,2025-03-12,2025-03-13,Delivered
PO0002360,SUP0088,WH004,2026-01-12,2026-01-18,2026-01-18,Delivered
PO0002361,SUP0008,WH002,2025-06-17,2025-06-30,2025-06-30,Delivered
PO0002362,SUP0088,WH008,2026-03-20,2026-03-28,2026-03-28,Delivered
PO0002363,SUP0021,WH003,2025-10-22,2025-10-31,2025-10-31,Delivered
PO0002364,SUP0054,WH001,2025-12-21,2025-12-26,2025-12-31,Delivered
PO0002365,SUP0081,WH008,2025-08-24,2025-08-31,2025-09-08,Delivered
PO0002366,SUP0038,WH001,2026-01-06,2026-01-12,2026-01-17,Delivered
PO0002367,SUP0069,WH010,2026-01-08,2026-01-18,2026-01-18,Delivered
PO0002368,SUP0034,WH004,2025-03-02,2025-03-12,2025-03-15,Delivered
PO0002369,SUP0099,WH005,2025-08-31,2025-09-02,2025-09-03,Delivered
PO0002370,SUP0002,WH006,2025-10-21,2025-10-24,2025-10-26,Delivered
PO0002371,SUP0037,WH006,2026-02-05,2026-02-10,2026-02-10,Delivered
PO0002372,SUP0081,WH004,2025-06-15,2025-06-18,2025-06-19,Delivered
PO0002373,SUP0094,WH004,2025-05-13,2025-05-25,2025-05-25,Delivered
PO0002374,SUP0052,WH008,2025-02-26,2025-03-05,2025-03-05,Delivered
PO0002375,SUP0042,WH010,2026-04-02,2026-04-15,2026-04-15,Cancelled
PO0002376,SUP0041,WH002,2025-10-19,2025-10-30,2025-10-30,Delivered
PO0002377,SUP0088,WH010,2025-10-07,2025-10-17,2025-10-17,Delivered
PO0002378,SUP0069,WH006,2026-07-13,2026-07-27,2026-07-29,Delivered
PO0002379,SUP0083,WH009,2025-02-26,2025-03-11,2025-03-11,Delivered
PO0002380,SUP0068,WH003,2025-09-12,2025-09-17,2025-09-17,Delivered
PO0002381,SUP0064,WH009,2025-01-05,2025-01-17,2025-01-17,Delivered
PO0002382,SUP0076,WH009,2025-06-03,2025-06-05,2025-06-05,Delivered
PO0002383,SUP0058,WH010,2026-05-10,2026-05-17,2026-05-17,Delivered
PO0002384,SUP0051,WH009,2026-02-07,2026-02-18,2026-02-21,Delivered
PO0002385,SUP0051,WH007,2026-01-27,2026-02-05,2026-02-05,Delivered
PO0002386,SUP0088,WH006,2025-09-22,2025-09-28,2025-09-30,Delivered
PO0002387,SUP0068,WH008,2025-09-01,2025-09-03,2025-09-05,Delivered
PO0002388,SUP0049,WH001,2026-08-11,2026-08-17,2026-08-20,Delivered
PO0002389,SUP0011,WH002,2025-01-15,2025-01-29,2025-01-29,Delivered
PO0002390,SUP0035,WH007,2025-04-08,2025-04-12,2025-04-15,Delivered
PO0002391,SUP0006,WH008,2025-01-03,2025-01-08,2025-01-11,Delivered
PO0002392,SUP0090,WH002,2025-03-15,2025-03-26,2025-03-26,Delivered
PO0002393,SUP0043,WH008,2025-07-31,2025-08-12,2025-08-15,Delivered
PO0002394,SUP0032,WH007,2025-02-25,2025-03-07,2025-03-10,Delivered
PO0002395,SUP0027,WH002,2025-06-01,2025-06-07,2025-06-07,Delivered
PO0002396,SUP0079,WH010,2025-12-27,2025-12-31,2026-01-01,Delivered
PO0002397,SUP0063,WH009,2025-01-28,2025-02-04,2025-02-04,Delivered
PO0002398,SUP0052,WH008,2025-11-27,2025-12-10,2025-12-13,Delivered
PO0002399,SUP0010,WH004,2026-04-07,2026-04-20,2026-04-20,Delivered
PO0002400,SUP0093,WH007,2025-04-04,2025-04-08,2025-04-13,Delivered
PO0002401,SUP0047,WH009,2026-06-15,2026-06-22,2026-06-27,Delivered
PO0002402,SUP0098,WH006,2025-12-03,2025-12-16,2025-12-21,Delivered
PO0002403,SUP0040,WH004,2025-01-10,2025-01-17,2025-01-17,Delivered
PO0002404,SUP0036,WH002,2025-06-21,2025-06-27,2025-06-27,Delivered
PO0002405,SUP0073,WH009,2025-11-01,2025-11-15,2025-11-15,Delivered
PO0002406,SUP0006,WH008,2026-02-26,2026-03-02,2026-03-03,Delivered
PO0002407,SUP0030,WH008,2026-08-07,2026-08-19,2026-08-19,Cancelled
PO0002408,SUP0094,WH008,2025-04-09,2025-04-23,2025-04-23,Delivered
PO0002409,SUP0061,WH005,2025-11-06,2025-11-16,2025-11-19,Cancelled
PO0002410,SUP0028,WH005,2025-06-02,2025-06-09,2025-06-10,Cancelled
PO0002411,SUP0051,WH006,2025-05-30,2025-06-10,2025-06-11,Delivered
PO0002412,SUP0049,WH003,2025-12-08,2025-12-14,2025-12-15,Delivered
PO0002413,SUP0041,WH009,2026-06-24,2026-07-03,2026-07-03,Delivered
PO0002414,SUP0037,WH004,2025-01-12,2025-01-18,2025-01-18,Delivered
PO0002415,SUP0073,WH004,2026-03-26,2026-03-29,2026-03-29,Delivered
PO0002416,SUP0063,WH002,2026-04-15,2026-04-27,2026-04-28,Delivered
PO0002417,SUP0027,WH003,2026-03-08,2026-03-10,2026-03-10,Cancelled
PO0002418,SUP0016,WH007,2025-02-04,2025-02-07,2025-02-08,Delivered
PO0002419,SUP0006,WH002,2025-07-21,2025-08-02,2025-08-02,Delivered
PO0002420,SUP0019,WH009,2025-08-12,2025-08-25,2025-08-25,Delivered
PO0002421,SUP0029,WH007,2025-12-04,2025-12-11,2025-12-13,Delivered
PO0002422,SUP0082,WH006,2026-07-30,2026-08-12,2026-08-20,Delivered
PO0002423,SUP0022,WH010,2025-12-17,2025-12-21,2025-12-22,Delivered
PO0002424,SUP0097,WH006,2025-10-16,2025-10-25,2025-10-25,Delivered
PO0002425,SUP0058,WH001,2026-02-17,2026-02-22,2026-02-24,Delivered
PO0002426,SUP0055,WH003,2025-07-03,2025-07-16,2025-07-19,Delivered
PO0002427,SUP0074,WH006,2025-03-31,2025-04-14,2025-04-19,Delivered
PO0002428,SUP0083,WH005,2026-06-08,2026-06-22,2026-06-25,Delivered
PO0002429,SUP0023,WH007,2025-07-14,2025-07-19,2025-07-21,Delivered
PO0002430,SUP0050,WH006,2025-09-02,2025-09-10,2025-09-13,Delivered
PO0002431,SUP0082,WH008,2026-08-02,2026-08-09,2026-08-10,Delivered
PO0002432,SUP0068,WH010,2025-08-25,2025-09-05,2025-09-10,Delivered
PO0002433,SUP0022,WH005,2025-06-11,2025-06-15,2025-06-15,Delivered
PO0002434,SUP0050,WH006,2026-01-16,2026-01-22,2026-01-25,Delivered
PO0002435,SUP0043,WH010,2025-03-27,2025-04-06,2025-04-11,Delivered
PO0002436,SUP0026,WH003,2025-11-21,2025-12-02,2025-12-05,Delivered
PO0002437,SUP0040,WH005,2025-06-25,2025-07-07,2025-07-07,Delivered
PO0002438,SUP0041,WH002,2025-08-26,2025-08-31,2025-09-01,Delivered
PO0002439,SUP0013,WH004,2026-01-08,2026-01-15,2026-01-15,Delivered
PO0002440,SUP0095,WH002,2025-08-15,2025-08-24,2025-08-24,Delivered
PO0002441,SUP0035,WH007,2026-05-01,2026-05-03,2026-05-03,Delivered
PO0002442,SUP0073,WH006,2025-06-10,2025-06-19,2025-06-19,Delivered
PO0002443,SUP0093,WH010,2025-12-25,2026-01-05,2026-01-07,Delivered
PO0002444,SUP0057,WH003,2026-08-02,2026-08-12,2026-08-12,Delivered
PO0002445,SUP0009,WH003,2026-01-23,2026-01-28,2026-01-28,Delivered
PO0002446,SUP0022,WH008,2025-02-25,2025-03-07,2025-03-09,Delivered
PO0002447,SUP0058,WH002,2026-01-07,2026-01-18,2026-01-19,Delivered
PO0002448,SUP0067,WH010,2026-05-18,2026-05-28,2026-05-30,Delivered
PO0002449,SUP0083,WH006,2025-02-17,2025-03-02,2025-03-03,Delivered
PO0002450,SUP0049,WH004,2026-06-20,2026-06-24,2026-06-24,Delivered
PO0002451,SUP0036,WH008,2026-01-30,2026-02-04,2026-02-05,Delivered
PO0002452,SUP0082,WH007,2026-06-04,2026-06-11,2026-06-11,Delivered
PO0002453,SUP0091,WH004,2026-05-27,2026-05-31,2026-05-31,Delivered
PO0002454,SUP0084,WH004,2025-03-20,2025-03-26,2025-03-31,Delivered
PO0002455,SUP0039,WH003,2025-10-03,2025-10-10,2025-10-13,Delivered
PO0002456,SUP0024,WH001,2026-05-27,2026-06-01,2026-06-01,Delivered
PO0002457,SUP0014,WH003,2025-03-31,2025-04-08,2025-04-10,Delivered
PO0002458,SUP0010,WH003,2025-09-14,2025-09-27,2025-09-27,Delivered
PO0002459,SUP0051,WH001,2026-04-13,2026-04-15,2026-04-15,Delivered
PO0002460,SUP0045,WH010,2025-09-08,2025-09-21,2025-09-24,Delivered
PO0002461,SUP0022,WH006,2026-08-07,2026-08-12,2026-08-17,Delivered
PO0002462,SUP0090,WH005,2025-05-25,2025-05-29,2025-06-01,Delivered
PO0002463,SUP0083,WH003,2025-03-21,2025-04-04,2025-04-04,Delivered
PO0002464,SUP0035,WH006,2025-05-16,2025-05-22,2025-05-22,Delivered
PO0002465,SUP0012,WH006,2025-08-03,2025-08-06,2025-08-08,Delivered
PO0002466,SUP0032,WH001,2025-02-10,2025-02-17,2025-02-18,Delivered
PO0002467,SUP0044,WH003,2025-04-18,2025-04-26,2025-04-26,Delivered
PO0002468,SUP0010,WH006,2025-07-10,2025-07-23,2025-07-24,Delivered
PO0002469,SUP0090,WH006,2026-03-16,2026-03-18,2026-03-18,Delivered
PO0002470,SUP0085,WH002,2025-11-01,2025-11-10,2025-11-10,Delivered
PO0002471,SUP0049,WH002,2025-09-17,2025-09-23,2025-09-25,Cancelled
PO0002472,SUP0057,WH008,2025-05-06,2025-05-13,2025-05-13,Delivered
PO0002473,SUP0100,WH010,2025-08-13,2025-08-21,2025-08-21,Delivered
PO0002474,SUP0064,WH006,2026-06-17,2026-07-01,2026-07-01,Delivered
PO0002475,SUP0041,WH005,2025-10-23,2025-11-06,2025-11-11,Delivered
PO0002476,SUP0001,WH004,2026-03-01,2026-03-11,2026-03-11,Delivered
PO0002477,SUP0006,WH009,2026-02-06,2026-02-14,2026-02-14,Delivered
PO0002478,SUP0026,WH007,2025-04-20,2025-04-23,2025-04-23,Cancelled
PO0002479,SUP0036,WH006,2026-05-28,2026-05-31,2026-05-31,Delivered
PO0002480,SUP0065,WH009,2025-09-29,2025-10-10,2025-10-15,Delivered
PO0002481,SUP0090,WH002,2025-08-19,2025-08-30,2025-08-30,Delivered
PO0002482,SUP0088,WH003,2025-11-21,2025-12-04,2025-12-07,Delivered
PO0002483,SUP0066,WH001,2025-10-23,2025-10-30,2025-10-30,Cancelled
PO0002484,SUP0004,WH003,2025-06-25,2025-07-09,2025-07-09,Delivered
PO0002485,SUP0008,WH002,2025-05-02,2025-05-04,2025-05-04,Delivered
PO0002486,SUP0042,WH004,2025-09-29,2025-10-08,2025-10-10,Delivered
PO0002487,SUP0027,WH006,2025-11-24,2025-11-27,2025-11-27,Cancelled
PO0002488,SUP0066,WH007,2026-04-17,2026-04-20,2026-04-20,Delivered
PO0002489,SUP0096,WH004,2026-01-20,2026-01-22,2026-01-22,Delivered
PO0002490,SUP0082,WH004,2026-07-22,2026-07-25,2026-07-27,Delivered
PO0002491,SUP0018,WH008,2025-09-22,2025-09-27,2025-09-27,Delivered
PO0002492,SUP0022,WH004,2026-01-13,2026-01-23,2026-01-23,Delivered
PO0002493,SUP0015,WH010,2026-05-21,2026-05-31,2026-06-03,Delivered
PO0002494,SUP0007,WH010,2025-07-12,2025-07-15,2025-07-15,Delivered
PO0002495,SUP0009,WH004,2026-06-06,2026-06-14,2026-06-17,Delivered
PO0002496,SUP0043,WH002,2026-04-19,2026-05-02,2026-05-02,Delivered
PO0002497,SUP0068,WH008,2025-05-30,2025-06-01,2025-06-03,Delivered
PO0002498,SUP0014,WH004,2026-04-05,2026-04-10,2026-04-10,Delivered
PO0002499,SUP0032,WH006,2025-03-10,2025-03-19,2025-03-19,Delivered
PO0002500,SUP0017,WH008,2026-03-22,2026-03-27,2026-03-28,Delivered
PO0002501,SUP0052,WH001,2025-02-02,2025-02-14,2025-02-15,Delivered
PO0002502,SUP0010,WH003,2025-02-12,2025-02-19,2025-02-19,Delivered
PO0002503,SUP0025,WH003,2025-02-13,2025-02-25,2025-02-26,Delivered
PO0002504,SUP0011,WH002,2026-05-02,2026-05-07,2026-05-07,Delivered
PO0002505,SUP0063,WH004,2025-12-11,2025-12-23,2025-12-23,Delivered
PO0002506,SUP0003,WH008,2025-02-25,2025-03-11,2025-03-11,Delivered
PO0002507,SUP0009,WH002,2025-01-04,2025-01-11,2025-01-11,Delivered
PO0002508,SUP0009,WH002,2026-07-19,2026-07-30,2026-07-30,Delivered
PO0002509,SUP0069,WH010,2026-07-31,2026-08-13,2026-08-13,Delivered
PO0002510,SUP0095,WH002,2025-09-26,2025-09-29,2025-09-29,Delivered
PO0002511,SUP0096,WH001,2026-05-05,2026-05-14,2026-05-17,Delivered
PO0002512,SUP0078,WH008,2025-06-08,2025-06-21,2025-06-21,Delivered
PO0002513,SUP0033,WH002,2025-08-07,2025-08-19,2025-08-19,Delivered
PO0002514,SUP0014,WH005,2025-08-17,2025-08-28,2025-08-28,Cancelled
PO0002515,SUP0037,WH009,2025-01-30,2025-02-12,2025-02-13,Delivered
PO0002516,SUP0042,WH007,2025-03-30,2025-04-01,2025-04-03,Delivered
PO0002517,SUP0008,WH009,2025-02-21,2025-02-24,2025-02-24,Delivered
PO0002518,SUP0063,WH005,2026-05-12,2026-05-19,2026-05-19,Delivered
PO0002519,SUP0031,WH008,2025-06-20,2025-07-02,2025-07-02,Delivered
PO0002520,SUP0011,WH004,2026-05-15,2026-05-21,2026-05-24,Delivered
PO0002521,SUP0005,WH008,2025-09-11,2025-09-20,2025-09-20,Cancelled
PO0002522,SUP0021,WH005,2025-09-26,2025-09-29,2025-09-29,Delivered
PO0002523,SUP0070,WH007,2026-06-23,2026-06-26,2026-06-26,Delivered
PO0002524,SUP0080,WH007,2025-06-26,2025-06-29,2025-06-30,Delivered
PO0002525,SUP0084,WH007,2026-07-07,2026-07-18,2026-07-18,Delivered
PO0002526,SUP0053,WH004,2025-02-17,2025-02-24,2025-02-24,Delivered
PO0002527,SUP0086,WH006,2026-01-25,2026-02-01,2026-02-03,Delivered
PO0002528,SUP0081,WH009,2025-09-11,2025-09-20,2025-09-20,Delivered
PO0002529,SUP0086,WH010,2026-03-24,2026-04-02,2026-04-03,Delivered
PO0002530,SUP0088,WH009,2026-04-19,2026-04-30,2026-05-02,Delivered
PO0002531,SUP0006,WH007,2026-05-31,2026-06-13,2026-06-16,Delivered
PO0002532,SUP0057,WH001,2026-05-30,2026-06-02,2026-06-02,Delivered
PO0002533,SUP0090,WH002,2025-08-11,2025-08-17,2025-08-17,Delivered
PO0002534,SUP0074,WH003,2026-05-10,2026-05-24,2026-05-24,Delivered
PO0002535,SUP0083,WH008,2026-01-22,2026-02-04,2026-02-09,Delivered
PO0002536,SUP0042,WH001,2026-05-17,2026-05-20,2026-05-21,Delivered
PO0002537,SUP0077,WH001,2025-05-29,2025-06-08,2025-06-08,Delivered
PO0002538,SUP0025,WH010,2026-07-30,2026-08-02,2026-08-02,Delivered
PO0002539,SUP0074,WH002,2025-04-01,2025-04-15,2025-04-16,Delivered
PO0002540,SUP0081,WH006,2025-01-19,2025-01-28,2025-01-31,Delivered
PO0002541,SUP0052,WH009,2025-07-12,2025-07-23,2025-07-26,Delivered
PO0002542,SUP0038,WH007,2025-08-17,2025-08-27,2025-08-30,Delivered
PO0002543,SUP0050,WH005,2026-05-03,2026-05-13,2026-05-16,Delivered
PO0002544,SUP0087,WH008,2025-04-04,2025-04-18,2025-04-20,Delivered
PO0002545,SUP0055,WH002,2025-03-11,2025-03-13,2025-03-13,Delivered
PO0002546,SUP0018,WH001,2025-08-19,2025-08-29,2025-08-30,Delivered
PO0002547,SUP0067,WH001,2026-07-27,2026-07-30,2026-07-30,Delivered
PO0002548,SUP0020,WH003,2025-02-14,2025-02-24,2025-02-26,Delivered
PO0002549,SUP0081,WH008,2025-03-11,2025-03-25,2025-03-25,Delivered
PO0002550,SUP0002,WH001,2025-05-22,2025-06-03,2025-06-03,Delivered
PO0002551,SUP0079,WH006,2026-03-17,2026-03-30,2026-03-30,Delivered
PO0002552,SUP0066,WH007,2025-04-02,2025-04-12,2025-04-12,Delivered
PO0002553,SUP0069,WH005,2025-07-10,2025-07-19,2025-07-19,Delivered
PO0002554,SUP0037,WH010,2025-10-18,2025-10-27,2025-10-27,Delivered
PO0002555,SUP0036,WH005,2026-06-03,2026-06-08,2026-06-08,Delivered
PO0002556,SUP0087,WH004,2025-12-31,2026-01-05,2026-01-05,Delivered
PO0002557,SUP0091,WH009,2026-07-01,2026-07-07,2026-07-07,Delivered
PO0002558,SUP0045,WH002,2026-03-30,2026-04-04,2026-04-04,Delivered
PO0002559,SUP0026,WH003,2025-07-24,2025-07-30,2025-07-30,Delivered
PO0002560,SUP0051,WH007,2026-05-01,2026-05-08,2026-05-10,Cancelled
PO0002561,SUP0083,WH002,2026-08-27,2026-09-02,,In Transit
PO0002562,SUP0075,WH009,2025-02-25,2025-03-01,2025-03-06,Delivered
PO0002563,SUP0013,WH007,2025-01-06,2025-01-16,2025-01-18,Delivered
PO0002564,SUP0096,WH002,2025-04-15,2025-04-29,2025-04-29,Delivered
PO0002565,SUP0033,WH005,2025-09-11,2025-09-22,2025-09-23,Delivered
PO0002566,SUP0094,WH008,2025-02-18,2025-03-04,2025-03-04,Delivered
PO0002567,SUP0017,WH005,2026-08-25,2026-09-06,,In Transit
PO0002568,SUP0033,WH005,2025-04-07,2025-04-20,2025-04-20,Delivered
PO0002569,SUP0097,WH009,2025-10-26,2025-11-02,2025-11-03,Delivered
PO0002570,SUP0085,WH003,2025-05-20,2025-05-24,2025-05-24,Delivered
PO0002571,SUP0022,WH001,2025-03-18,2025-03-26,2025-03-26,Delivered
PO0002572,SUP0077,WH010,2026-04-12,2026-04-16,2026-04-16,Delivered
PO0002573,SUP0012,WH001,2026-05-26,2026-05-29,2026-05-30,Delivered
PO0002574,SUP0046,WH005,2026-04-28,2026-05-10,2026-05-13,Delivered
PO0002575,SUP0041,WH007,2025-12-17,2025-12-22,2025-12-22,Delivered
PO0002576,SUP0071,WH009,2025-04-10,2025-04-13,2025-04-13,Delivered
PO0002577,SUP0038,WH001,2025-09-26,2025-10-01,2025-10-01,Delivered
PO0002578,SUP0027,WH005,2025-06-19,2025-07-02,2025-07-03,Delivered
PO0002579,SUP0046,WH008,2025-11-27,2025-12-08,2025-12-08,Delivered
PO0002580,SUP0061,WH003,2026-05-20,2026-05-31,2026-05-31,Delivered
PO0002581,SUP0023,WH006,2025-09-30,2025-10-02,2025-10-07,Delivered
PO0002582,SUP0001,WH007,2025-12-23,2025-12-27,2025-12-28,Delivered
PO0002583,SUP0063,WH009,2026-06-07,2026-06-16,2026-06-16,Delivered
PO0002584,SUP0095,WH003,2025-12-27,2026-01-04,2026-01-05,Delivered
PO0002585,SUP0078,WH005,2025-11-18,2025-11-22,2025-11-23,Delivered
PO0002586,SUP0099,WH009,2025-04-17,2025-04-20,2025-04-20,Delivered
PO0002587,SUP0058,WH006,2025-08-28,2025-09-10,2025-09-12,Delivered
PO0002588,SUP0039,WH007,2026-01-02,2026-01-04,2026-01-05,Delivered
PO0002589,SUP0074,WH006,2025-05-07,2025-05-20,2025-05-20,Delivered
PO0002590,SUP0015,WH008,2025-05-08,2025-05-10,2025-05-10,Delivered
PO0002591,SUP0080,WH005,2025-11-28,2025-12-01,2025-12-02,Delivered
PO0002592,SUP0071,WH004,2026-01-06,2026-01-18,2026-01-19,Delivered
PO0002593,SUP0025,WH004,2026-05-25,2026-05-30,2026-06-07,Delivered
PO0002594,SUP0008,WH009,2026-06-13,2026-06-15,2026-06-16,Delivered
PO0002595,SUP0031,WH007,2025-03-12,2025-03-15,2025-03-16,Delivered
PO0002596,SUP0002,WH001,2025-01-25,2025-02-05,2025-02-13,Delivered
PO0002597,SUP0068,WH003,2025-06-15,2025-06-20,2025-06-21,Delivered
PO0002598,SUP0015,WH009,2025-05-05,2025-05-09,2025-05-11,Delivered
PO0002599,SUP0026,WH010,2025-01-14,2025-01-26,2025-01-26,Delivered
PO0002600,SUP0074,WH005,2025-09-19,2025-09-28,2025-09-28,Delivered
PO0002601,SUP0075,WH007,2026-04-05,2026-04-14,2026-04-14,Delivered
PO0002602,SUP0046,WH006,2025-12-02,2025-12-07,2025-12-08,Delivered
PO0002603,SUP0095,WH002,2025-05-22,2025-06-02,2025-06-02,Delivered
PO0002604,SUP0099,WH001,2025-01-02,2025-01-13,2025-01-13,Delivered
PO0002605,SUP0060,WH003,2025-08-19,2025-09-02,2025-09-02,Delivered
PO0002606,SUP0088,WH007,2025-12-04,2025-12-15,2025-12-16,Delivered
PO0002607,SUP0024,WH008,2025-08-12,2025-08-17,2025-08-17,Delivered
PO0002608,SUP0096,WH007,2026-03-24,2026-04-02,2026-04-02,Delivered
PO0002609,SUP0027,WH005,2026-04-09,2026-04-20,2026-04-20,Delivered
PO0002610,SUP0076,WH001,2025-11-21,2025-11-25,2025-11-25,Delivered
PO0002611,SUP0033,WH009,2025-04-17,2025-05-01,2025-05-04,Delivered
PO0002612,SUP0069,WH002,2025-10-15,2025-10-24,2025-10-24,Delivered
PO0002613,SUP0030,WH005,2026-06-21,2026-07-01,2026-07-03,Delivered
PO0002614,SUP0068,WH006,2026-02-03,2026-02-07,2026-02-07,Delivered
PO0002615,SUP0096,WH009,2025-12-03,2025-12-13,2025-12-14,Delivered
PO0002616,SUP0088,WH007,2025-04-14,2025-04-20,2025-04-20,Delivered
PO0002617,SUP0094,WH002,2025-03-05,2025-03-16,2025-03-16,Delivered
PO0002618,SUP0025,WH001,2025-12-07,2025-12-14,2025-12-17,Delivered
PO0002619,SUP0072,WH005,2026-02-02,2026-02-07,2026-02-08,Cancelled
PO0002620,SUP0029,WH004,2026-02-18,2026-02-21,2026-02-22,Delivered
PO0002621,SUP0094,WH001,2026-03-17,2026-03-23,2026-03-26,Delivered
PO0002622,SUP0093,WH008,2025-01-22,2025-01-25,2025-01-26,Delivered
PO0002623,SUP0099,WH003,2025-05-19,2025-05-25,2025-05-27,Delivered
PO0002624,SUP0026,WH002,2026-01-01,2026-01-10,2026-01-11,Delivered
PO0002625,SUP0073,WH002,2025-10-17,2025-10-24,2025-10-25,Delivered
PO0002626,SUP0076,WH004,2025-06-25,2025-07-03,2025-07-05,Delivered
PO0002627,SUP0046,WH001,2025-04-21,2025-04-23,2025-04-23,Delivered
PO0002628,SUP0072,WH006,2025-11-11,2025-11-13,2025-11-13,Delivered
PO0002629,SUP0027,WH007,2025-09-18,2025-09-24,2025-09-24,Delivered
PO0002630,SUP0090,WH005,2025-04-17,2025-04-27,2025-04-29,Delivered
PO0002631,SUP0082,WH008,2025-08-21,2025-08-31,2025-08-31,Delivered
PO0002632,SUP0001,WH002,2025-11-25,2025-12-08,2025-12-08,Delivered
PO0002633,SUP0068,WH005,2025-11-17,2025-11-21,2025-11-24,Delivered
PO0002634,SUP0003,WH006,2026-03-09,2026-03-22,2026-03-23,Delivered
PO0002635,SUP0074,WH007,2025-12-29,2026-01-02,2026-01-02,Delivered
PO0002636,SUP0010,WH007,2025-11-01,2025-11-05,2025-11-05,Delivered
PO0002637,SUP0040,WH005,2025-11-20,2025-11-25,2025-11-25,Delivered
PO0002638,SUP0075,WH003,2025-05-08,2025-05-20,2025-05-20,Delivered
PO0002639,SUP0028,WH009,2026-03-29,2026-04-10,2026-04-10,Delivered
PO0002640,SUP0012,WH008,2026-03-12,2026-03-23,2026-03-28,Delivered
PO0002641,SUP0013,WH009,2025-01-18,2025-01-21,2025-01-24,Delivered
PO0002642,SUP0050,WH005,2025-08-26,2025-09-02,2025-09-02,Delivered
PO0002643,SUP0058,WH010,2025-02-09,2025-02-17,2025-02-17,Delivered
PO0002644,SUP0008,WH001,2026-01-05,2026-01-19,2026-01-19,Delivered
PO0002645,SUP0084,WH003,2026-06-04,2026-06-07,2026-06-09,Cancelled
PO0002646,SUP0012,WH006,2026-03-08,2026-03-19,2026-03-24,Delivered
PO0002647,SUP0014,WH007,2025-11-06,2025-11-15,2025-11-15,Delivered
PO0002648,SUP0040,WH006,2026-02-01,2026-02-07,2026-02-08,Delivered
PO0002649,SUP0085,WH005,2025-09-21,2025-09-28,2025-09-30,Delivered
PO0002650,SUP0078,WH002,2025-04-20,2025-04-27,2025-04-27,Delivered
PO0002651,SUP0050,WH001,2025-04-09,2025-04-16,2025-04-16,Delivered
PO0002652,SUP0037,WH003,2025-02-19,2025-02-25,2025-02-25,Delivered
PO0002653,SUP0039,WH005,2026-03-23,2026-04-05,2026-04-05,Delivered
PO0002654,SUP0029,WH005,2025-06-04,2025-06-11,2025-06-11,Cancelled
PO0002655,SUP0097,WH010,2026-04-01,2026-04-15,2026-04-17,Delivered
PO0002656,SUP0023,WH002,2026-07-06,2026-07-08,2026-07-08,Delivered
PO0002657,SUP0008,WH001,2025-09-13,2025-09-17,2025-09-17,Cancelled
PO0002658,SUP0081,WH001,2025-10-29,2025-11-04,2025-11-04,Delivered
PO0002659,SUP0019,WH008,2026-02-10,2026-02-23,2026-02-24,Delivered
PO0002660,SUP0004,WH007,2026-08-25,2026-09-03,2026-09-03,Cancelled
PO0002661,SUP0012,WH010,2025-12-25,2025-12-27,2026-01-01,Delivered
PO0002662,SUP0010,WH006,2025-03-14,2025-03-19,2025-03-19,Delivered
PO0002663,SUP0044,WH007,2025-04-19,2025-05-01,2025-05-02,Delivered
PO0002664,SUP0040,WH007,2026-01-29,2026-02-01,2026-02-01,Delivered
PO0002665,SUP0012,WH001,2025-05-27,2025-06-09,2025-06-09,Delivered
PO0002666,SUP0054,WH010,2025-02-16,2025-02-20,2025-02-20,Delivered
PO0002667,SUP0010,WH006,2026-06-06,2026-06-15,2026-06-20,Delivered
PO0002668,SUP0030,WH007,2026-07-12,2026-07-24,2026-07-24,Delivered
PO0002669,SUP0088,WH002,2025-01-24,2025-02-02,2025-02-05,Delivered
PO0002670,SUP0011,WH007,2025-08-13,2025-08-23,2025-08-26,Delivered
PO0002671,SUP0023,WH008,2025-09-20,2025-10-03,2025-10-05,Delivered
PO0002672,SUP0066,WH004,2026-07-22,2026-08-05,2026-08-07,Delivered
PO0002673,SUP0044,WH008,2026-05-08,2026-05-10,2026-05-10,Cancelled
PO0002674,SUP0100,WH003,2026-03-01,2026-03-04,2026-03-04,Delivered
PO0002675,SUP0072,WH004,2026-07-21,2026-08-04,2026-08-04,Delivered
PO0002676,SUP0012,WH010,2026-06-06,2026-06-20,2026-06-20,Delivered
PO0002677,SUP0037,WH010,2025-07-25,2025-07-28,2025-08-02,Delivered
PO0002678,SUP0055,WH009,2026-01-30,2026-02-03,2026-02-03,Delivered
PO0002679,SUP0039,WH005,2026-04-20,2026-05-03,2026-05-08,Delivered
PO0002680,SUP0042,WH007,2026-04-01,2026-04-05,2026-04-05,Delivered
PO0002681,SUP0038,WH002,2025-05-12,2025-05-16,2025-05-16,Delivered
PO0002682,SUP0084,WH010,2025-04-13,2025-04-24,2025-04-24,Delivered
PO0002683,SUP0077,WH010,2025-03-30,2025-04-12,2025-04-13,Delivered
PO0002684,SUP0041,WH004,2026-05-09,2026-05-15,2026-05-15,Delivered
PO0002685,SUP0020,WH004,2025-06-06,2025-06-14,2025-06-17,Delivered
PO0002686,SUP0003,WH009,2025-01-07,2025-01-11,2025-01-13,Delivered
PO0002687,SUP0007,WH001,2025-09-03,2025-09-08,2025-09-08,Delivered
PO0002688,SUP0029,WH008,2025-03-22,2025-03-31,2025-03-31,Delivered
PO0002689,SUP0011,WH007,2026-06-26,2026-07-04,2026-07-07,Delivered
PO0002690,SUP0036,WH002,2026-07-10,2026-07-17,2026-07-17,Delivered
PO0002691,SUP0058,WH010,2025-03-31,2025-04-06,2025-04-08,Delivered
PO0002692,SUP0100,WH010,2025-02-20,2025-03-04,2025-03-04,Delivered
PO0002693,SUP0048,WH008,2025-06-13,2025-06-26,2025-06-28,Delivered
PO0002694,SUP0064,WH005,2025-04-17,2025-04-22,2025-04-23,Delivered
PO0002695,SUP0040,WH004,2026-03-07,2026-03-19,2026-03-19,Delivered
PO0002696,SUP0046,WH003,2026-05-22,2026-06-04,2026-06-05,Delivered
PO0002697,SUP0067,WH004,2025-07-05,2025-07-10,2025-07-10,Cancelled
PO0002698,SUP0013,WH009,2026-07-11,2026-07-20,2026-07-20,Delivered
PO0002699,SUP0010,WH010,2025-09-13,2025-09-17,2025-09-18,Delivered
PO0002700,SUP0077,WH003,2025-02-15,2025-02-19,2025-02-19,Delivered
PO0002701,SUP0017,WH003,2026-04-13,2026-04-15,2026-04-20,Delivered
PO0002702,SUP0061,WH004,2025-11-25,2025-12-09,2025-12-17,Delivered
PO0002703,SUP0015,WH010,2026-02-21,2026-02-24,2026-02-24,Delivered
PO0002704,SUP0053,WH003,2025-07-06,2025-07-08,2025-07-08,Delivered
PO0002705,SUP0031,WH009,2026-07-03,2026-07-13,2026-07-15,Delivered
PO0002706,SUP0064,WH007,2025-05-10,2025-05-20,2025-05-22,Delivered
PO0002707,SUP0031,WH004,2025-03-26,2025-03-30,2025-03-30,Delivered
PO0002708,SUP0072,WH010,2025-06-16,2025-06-18,2025-06-18,Delivered
PO0002709,SUP0076,WH006,2025-07-22,2025-07-27,2025-07-29,Delivered
PO0002710,SUP0056,WH003,2026-05-12,2026-05-19,2026-05-19,Cancelled
PO0002711,SUP0073,WH003,2026-08-20,2026-08-24,2026-08-24,Delivered
PO0002712,SUP0052,WH002,2025-10-31,2025-11-04,2025-11-06,Cancelled
PO0002713,SUP0052,WH004,2025-01-07,2025-01-20,2025-01-20,Delivered
PO0002714,SUP0007,WH006,2026-07-23,2026-07-25,2026-07-25,Delivered
PO0002715,SUP0070,WH006,2025-08-08,2025-08-10,2025-08-10,Delivered
PO0002716,SUP0058,WH004,2026-03-23,2026-03-30,2026-03-30,Delivered
PO0002717,SUP0014,WH004,2025-03-18,2025-03-25,2025-03-25,Delivered
PO0002718,SUP0008,WH009,2025-04-19,2025-04-23,2025-04-28,Delivered
PO0002719,SUP0017,WH004,2025-01-04,2025-01-13,2025-01-13,Delivered
PO0002720,SUP0089,WH001,2025-10-25,2025-10-29,2025-10-29,Delivered
PO0002721,SUP0015,WH001,2026-01-29,2026-02-09,2026-02-11,Delivered
PO0002722,SUP0062,WH005,2026-05-08,2026-05-17,2026-05-17,Delivered
PO0002723,SUP0076,WH003,2026-02-09,2026-02-20,2026-02-20,Delivered
PO0002724,SUP0053,WH003,2025-07-31,2025-08-12,2025-08-14,Delivered
PO0002725,SUP0036,WH005,2026-03-31,2026-04-03,2026-04-04,Delivered
PO0002726,SUP0096,WH009,2026-06-28,2026-07-01,2026-07-06,Delivered
PO0002727,SUP0093,WH009,2025-05-21,2025-06-01,2025-06-04,Delivered
PO0002728,SUP0100,WH008,2026-02-15,2026-02-17,2026-02-18,Delivered
PO0002729,SUP0024,WH002,2025-10-28,2025-11-01,2025-11-01,Delivered
PO0002730,SUP0063,WH001,2026-03-20,2026-03-31,2026-03-31,Delivered
PO0002731,SUP0039,WH005,2026-02-07,2026-02-15,2026-02-15,Delivered
PO0002732,SUP0060,WH006,2025-09-03,2025-09-14,2025-09-16,Delivered
PO0002733,SUP0012,WH008,2025-07-25,2025-08-03,2025-08-05,Delivered
PO0002734,SUP0018,WH002,2026-07-26,2026-08-01,2026-08-09,Delivered
PO0002735,SUP0030,WH004,2026-02-08,2026-02-18,2026-02-18,Delivered
PO0002736,SUP0054,WH008,2025-10-16,2025-10-23,2025-10-23,Delivered
PO0002737,SUP0024,WH002,2026-04-16,2026-04-20,2026-04-22,Delivered
PO0002738,SUP0083,WH009,2026-02-14,2026-02-21,2026-02-24,Delivered
PO0002739,SUP0076,WH010,2025-05-13,2025-05-16,2025-05-16,Delivered
PO0002740,SUP0026,WH001,2025-11-30,2025-12-03,2025-12-08,Delivered
PO0002741,SUP0015,WH005,2026-07-02,2026-07-05,2026-07-05,Delivered
PO0002742,SUP0023,WH002,2026-01-11,2026-01-16,2026-01-17,Delivered
PO0002743,SUP0075,WH010,2025-10-19,2025-10-27,2025-10-30,Delivered
PO0002744,SUP0073,WH001,2026-04-08,2026-04-15,2026-04-15,Delivered
PO0002745,SUP0059,WH001,2025-01-26,2025-02-02,2025-02-02,Delivered
PO0002746,SUP0093,WH005,2025-11-28,2025-12-06,2025-12-07,Delivered
PO0002747,SUP0083,WH001,2025-10-03,2025-10-10,2025-10-10,Delivered
PO0002748,SUP0048,WH007,2026-04-07,2026-04-09,2026-04-09,Delivered
PO0002749,SUP0040,WH001,2026-05-13,2026-05-25,2026-05-25,Delivered
PO0002750,SUP0003,WH005,2025-03-28,2025-04-01,2025-04-01,Delivered
PO0002751,SUP0054,WH008,2026-03-18,2026-03-29,2026-03-31,Cancelled
PO0002752,SUP0068,WH004,2026-04-01,2026-04-09,2026-04-09,Delivered
PO0002753,SUP0033,WH010,2025-12-29,2026-01-02,2026-01-03,Delivered
PO0002754,SUP0019,WH007,2025-08-09,2025-08-19,2025-08-21,Delivered
PO0002755,SUP0020,WH006,2026-03-30,2026-04-10,2026-04-15,Delivered
PO0002756,SUP0099,WH008,2026-01-03,2026-01-16,2026-01-19,Delivered
PO0002757,SUP0067,WH002,2026-02-23,2026-03-01,2026-03-01,Delivered
PO0002758,SUP0095,WH004,2026-08-20,2026-08-29,,In Transit
PO0002759,SUP0004,WH007,2025-08-22,2025-09-03,2025-09-04,Delivered
PO0002760,SUP0073,WH001,2025-05-15,2025-05-20,2025-05-21,Delivered
PO0002761,SUP0056,WH006,2026-01-02,2026-01-06,2026-01-06,Delivered
PO0002762,SUP0066,WH009,2026-04-28,2026-05-01,2026-05-01,Delivered
PO0002763,SUP0015,WH003,2025-10-17,2025-10-19,2025-10-19,Delivered
PO0002764,SUP0050,WH002,2025-12-17,2025-12-25,2026-01-02,Delivered
PO0002765,SUP0095,WH005,2026-05-19,2026-06-01,2026-06-01,Delivered
PO0002766,SUP0069,WH010,2026-06-07,2026-06-09,2026-06-09,Delivered
PO0002767,SUP0099,WH001,2025-10-01,2025-10-09,2025-10-10,Delivered
PO0002768,SUP0004,WH001,2026-06-30,2026-07-04,2026-07-04,Delivered
PO0002769,SUP0053,WH002,2026-06-22,2026-07-04,2026-07-07,Delivered
PO0002770,SUP0084,WH005,2025-11-12,2025-11-19,2025-11-19,Delivered
PO0002771,SUP0098,WH006,2026-03-02,2026-03-07,2026-03-07,Delivered
PO0002772,SUP0010,WH006,2026-02-08,2026-02-17,2026-02-17,Delivered
PO0002773,SUP0035,WH007,2025-01-21,2025-01-26,2025-01-31,Delivered
PO0002774,SUP0100,WH009,2026-05-11,2026-05-21,2026-05-23,Delivered
PO0002775,SUP0018,WH004,2026-04-16,2026-04-24,2026-04-24,Delivered
PO0002776,SUP0016,WH007,2025-05-03,2025-05-12,2025-05-12,Delivered
PO0002777,SUP0009,WH002,2025-07-24,2025-08-04,2025-08-06,Delivered
PO0002778,SUP0049,WH003,2025-07-01,2025-07-14,2025-07-16,Delivered
PO0002779,SUP0077,WH006,2026-03-14,2026-03-28,2026-03-28,Delivered
PO0002780,SUP0077,WH006,2026-07-09,2026-07-19,2026-07-19,Delivered
PO0002781,SUP0017,WH009,2025-02-27,2025-03-02,2025-03-04,Delivered
PO0002782,SUP0040,WH005,2026-03-06,2026-03-19,2026-03-19,Delivered
PO0002783,SUP0082,WH002,2026-06-05,2026-06-13,2026-06-13,Delivered
PO0002784,SUP0010,WH010,2025-06-13,2025-06-17,2025-06-18,Delivered
PO0002785,SUP0011,WH002,2025-01-19,2025-01-21,2025-01-22,Delivered
PO0002786,SUP0067,WH006,2026-01-07,2026-01-15,2026-01-23,Delivered
PO0002787,SUP0005,WH008,2025-01-31,2025-02-12,2025-02-20,Cancelled
PO0002788,SUP0032,WH005,2025-01-05,2025-01-11,2025-01-12,Delivered
PO0002789,SUP0027,WH003,2025-08-25,2025-09-06,2025-09-06,Cancelled
PO0002790,SUP0050,WH001,2026-05-30,2026-06-01,2026-06-01,Delivered
PO0002791,SUP0093,WH002,2025-10-29,2025-11-07,2025-11-07,Delivered
PO0002792,SUP0013,WH002,2026-04-12,2026-04-19,2026-04-19,Delivered
PO0002793,SUP0021,WH006,2026-02-06,2026-02-20,2026-02-25,Delivered
PO0002794,SUP0020,WH006,2025-07-02,2025-07-05,2025-07-10,Delivered
PO0002795,SUP0053,WH009,2025-10-18,2025-10-29,2025-10-31,Delivered
PO0002796,SUP0043,WH007,2025-01-05,2025-01-16,2025-01-16,Delivered
PO0002797,SUP0002,WH007,2025-02-19,2025-02-21,2025-02-21,Delivered
PO0002798,SUP0093,WH009,2025-04-10,2025-04-18,2025-04-18,Delivered
PO0002799,SUP0067,WH002,2025-01-15,2025-01-25,2025-01-27,Delivered
PO0002800,SUP0033,WH005,2026-05-31,2026-06-11,2026-06-11,Delivered
PO0002801,SUP0006,WH010,2025-06-06,2025-06-11,2025-06-13,Delivered
PO0002802,SUP0084,WH005,2026-01-30,2026-02-09,2026-02-09,Delivered
PO0002803,SUP0053,WH008,2025-06-15,2025-06-29,2025-06-29,Cancelled
PO0002804,SUP0087,WH004,2025-10-16,2025-10-25,2025-10-25,Delivered
PO0002805,SUP0004,WH001,2025-02-01,2025-02-14,2025-02-14,Delivered
PO0002806,SUP0032,WH004,2026-05-25,2026-06-03,2026-06-06,Delivered
PO0002807,SUP0057,WH002,2026-07-11,2026-07-20,2026-07-20,Delivered
PO0002808,SUP0097,WH008,2025-06-27,2025-07-04,2025-07-06,Delivered
PO0002809,SUP0028,WH001,2025-04-20,2025-05-01,2025-05-06,Delivered
PO0002810,SUP0087,WH006,2025-09-20,2025-10-04,2025-10-04,Delivered
PO0002811,SUP0055,WH010,2025-11-01,2025-11-10,2025-11-10,Delivered
PO0002812,SUP0041,WH010,2026-06-07,2026-06-09,2026-06-09,Delivered
PO0002813,SUP0078,WH006,2026-04-23,2026-04-27,2026-04-27,Delivered
PO0002814,SUP0014,WH002,2025-05-10,2025-05-19,2025-05-19,Delivered
PO0002815,SUP0100,WH005,2025-07-16,2025-07-18,2025-07-18,Delivered
PO0002816,SUP0007,WH006,2025-06-07,2025-06-17,2025-06-17,Delivered
PO0002817,SUP0053,WH009,2025-08-23,2025-09-05,2025-09-05,Delivered
PO0002818,SUP0033,WH003,2025-02-06,2025-02-17,2025-02-22,Delivered
PO0002819,SUP0017,WH006,2026-08-12,2026-08-14,2026-08-14,Delivered
PO0002820,SUP0081,WH010,2026-02-24,2026-03-07,2026-03-15,Delivered
PO0002821,SUP0078,WH010,2025-10-11,2025-10-24,2025-10-26,Delivered
PO0002822,SUP0099,WH007,2025-12-11,2025-12-20,2025-12-20,Delivered
PO0002823,SUP0089,WH004,2025-08-19,2025-08-24,2025-08-24,Delivered
PO0002824,SUP0014,WH003,2025-02-26,2025-03-10,2025-03-10,Delivered
PO0002825,SUP0015,WH008,2025-12-17,2025-12-30,2025-12-31,Delivered
PO0002826,SUP0088,WH007,2026-04-16,2026-04-27,2026-04-29,Delivered
PO0002827,SUP0074,WH001,2025-05-24,2025-05-27,2025-05-27,Delivered
PO0002828,SUP0063,WH008,2025-07-30,2025-08-08,2025-08-08,Delivered
PO0002829,SUP0015,WH003,2025-05-26,2025-06-06,2025-06-08,Delivered
PO0002830,SUP0033,WH002,2025-10-01,2025-10-03,2025-10-11,Delivered
PO0002831,SUP0046,WH010,2025-06-12,2025-06-21,2025-06-21,Delivered
PO0002832,SUP0089,WH004,2026-05-08,2026-05-16,2026-05-17,Cancelled
PO0002833,SUP0013,WH009,2026-05-24,2026-06-04,2026-06-04,Delivered
PO0002834,SUP0045,WH001,2025-03-25,2025-04-07,2025-04-08,Delivered
PO0002835,SUP0004,WH001,2026-04-18,2026-04-27,2026-04-28,Delivered
PO0002836,SUP0025,WH005,2025-06-27,2025-07-09,2025-07-10,Delivered
PO0002837,SUP0025,WH009,2025-01-22,2025-01-28,2025-01-30,Delivered
PO0002838,SUP0030,WH006,2026-04-01,2026-04-14,2026-04-14,Delivered
PO0002839,SUP0022,WH003,2026-02-28,2026-03-04,2026-03-05,Delivered
PO0002840,SUP0100,WH004,2026-04-05,2026-04-13,2026-04-13,Delivered
PO0002841,SUP0037,WH006,2026-02-17,2026-03-01,2026-03-01,Delivered
PO0002842,SUP0037,WH010,2026-03-03,2026-03-15,2026-03-16,Delivered
PO0002843,SUP0060,WH001,2026-05-11,2026-05-18,2026-05-21,Delivered
PO0002844,SUP0057,WH004,2025-01-26,2025-01-31,2025-02-02,Delivered
PO0002845,SUP0100,WH004,2025-08-06,2025-08-09,2025-08-09,Delivered
PO0002846,SUP0080,WH006,2025-08-14,2025-08-26,2025-08-29,Delivered
PO0002847,SUP0062,WH003,2026-02-08,2026-02-20,2026-02-20,Delivered
PO0002848,SUP0063,WH003,2025-09-19,2025-09-29,2025-09-29,Delivered
PO0002849,SUP0038,WH003,2025-03-30,2025-04-04,2025-04-04,Delivered
PO0002850,SUP0082,WH004,2025-11-21,2025-12-04,2025-12-04,Delivered
PO0002851,SUP0057,WH008,2025-03-20,2025-03-22,2025-03-25,Delivered
PO0002852,SUP0028,WH008,2026-04-29,2026-05-11,2026-05-11,Delivered
PO0002853,SUP0062,WH001,2025-07-01,2025-07-04,2025-07-04,Delivered
PO0002854,SUP0034,WH007,2025-11-19,2025-11-21,2025-11-22,Delivered
PO0002855,SUP0009,WH010,2025-03-08,2025-03-17,2025-03-17,Delivered
PO0002856,SUP0021,WH007,2025-02-04,2025-02-14,2025-02-17,Delivered
PO0002857,SUP0085,WH004,2026-02-10,2026-02-22,2026-02-22,Delivered
PO0002858,SUP0040,WH002,2025-06-06,2025-06-11,2025-06-11,Delivered
PO0002859,SUP0097,WH010,2026-01-17,2026-01-30,2026-01-30,Delivered
PO0002860,SUP0049,WH006,2026-03-01,2026-03-11,2026-03-13,Delivered
PO0002861,SUP0088,WH007,2025-05-09,2025-05-22,2025-05-22,Delivered
PO0002862,SUP0035,WH001,2025-12-24,2025-12-31,2025-12-31,Delivered
PO0002863,SUP0065,WH008,2026-02-10,2026-02-22,2026-02-24,Delivered
PO0002864,SUP0010,WH009,2026-07-07,2026-07-10,2026-07-10,Delivered
PO0002865,SUP0034,WH004,2025-04-05,2025-04-10,2025-04-10,Delivered
PO0002866,SUP0053,WH005,2026-05-11,2026-05-20,2026-05-20,Delivered
PO0002867,SUP0045,WH007,2025-11-14,2025-11-26,2025-11-26,Delivered
PO0002868,SUP0011,WH007,2026-08-17,2026-08-28,,In Transit
PO0002869,SUP0043,WH008,2026-07-28,2026-08-02,2026-08-02,Delivered
PO0002870,SUP0050,WH002,2026-04-18,2026-04-22,2026-04-22,Delivered
PO0002871,SUP0076,WH009,2025-06-02,2025-06-13,2025-06-13,Delivered
PO0002872,SUP0056,WH003,2025-10-05,2025-10-08,2025-10-10,Delivered
PO0002873,SUP0074,WH009,2025-01-10,2025-01-22,2025-01-23,Delivered
PO0002874,SUP0055,WH001,2026-07-15,2026-07-25,2026-07-25,Delivered
PO0002875,SUP0004,WH005,2025-03-16,2025-03-23,2025-03-24,Cancelled
PO0002876,SUP0007,WH005,2025-03-01,2025-03-08,2025-03-08,Delivered
PO0002877,SUP0066,WH002,2025-12-02,2025-12-09,2025-12-09,Delivered
PO0002878,SUP0042,WH003,2026-06-29,2026-07-07,2026-07-07,Delivered
PO0002879,SUP0061,WH006,2025-01-18,2025-01-21,2025-01-21,Delivered
PO0002880,SUP0088,WH008,2026-03-24,2026-04-06,2026-04-08,Delivered
PO0002881,SUP0094,WH007,2025-05-31,2025-06-08,2025-06-08,Delivered
PO0002882,SUP0071,WH003,2025-11-13,2025-11-23,2025-11-23,Cancelled
PO0002883,SUP0032,WH003,2025-01-03,2025-01-11,2025-01-16,Delivered
PO0002884,SUP0027,WH004,2025-06-17,2025-06-27,2025-06-30,Delivered
PO0002885,SUP0038,WH010,2025-05-31,2025-06-11,2025-06-11,Delivered
PO0002886,SUP0034,WH004,2026-04-12,2026-04-26,2026-04-26,Delivered
PO0002887,SUP0013,WH010,2025-09-01,2025-09-10,2025-09-15,Delivered
PO0002888,SUP0080,WH008,2025-07-30,2025-08-02,2025-08-02,Delivered
PO0002889,SUP0098,WH001,2025-10-06,2025-10-20,2025-10-20,Delivered
PO0002890,SUP0100,WH006,2025-11-23,2025-11-26,2025-12-01,Delivered
PO0002891,SUP0060,WH005,2025-12-31,2026-01-12,2026-01-14,Delivered
PO0002892,SUP0013,WH003,2026-03-19,2026-03-30,2026-03-30,Delivered
PO0002893,SUP0005,WH003,2026-07-11,2026-07-13,2026-07-13,Delivered
PO0002894,SUP0091,WH001,2026-04-17,2026-04-20,2026-04-21,Delivered
PO0002895,SUP0057,WH002,2025-04-21,2025-05-05,2025-05-05,Delivered
PO0002896,SUP0045,WH004,2025-05-29,2025-06-04,2025-06-04,Delivered
PO0002897,SUP0026,WH006,2025-06-10,2025-06-18,2025-06-18,Delivered
PO0002898,SUP0098,WH005,2026-06-27,2026-07-05,2026-07-05,Delivered
PO0002899,SUP0051,WH008,2026-08-01,2026-08-14,2026-08-14,Delivered
PO0002900,SUP0083,WH008,2026-04-16,2026-04-22,2026-04-22,Cancelled
PO0002901,SUP0038,WH001,2026-01-01,2026-01-08,2026-01-08,Delivered
PO0002902,SUP0005,WH010,2025-08-04,2025-08-09,2025-08-09,Delivered
PO0002903,SUP0028,WH005,2025-01-19,2025-01-24,2025-01-24,Delivered
PO0002904,SUP0052,WH005,2026-08-26,2026-08-30,,In Transit
PO0002905,SUP0094,WH001,2025-03-07,2025-03-13,2025-03-13,Delivered
PO0002906,SUP0056,WH005,2026-01-02,2026-01-15,2026-01-15,Delivered
PO0002907,SUP0015,WH007,2026-04-24,2026-05-05,2026-05-05,Delivered
PO0002908,SUP0085,WH008,2026-02-16,2026-02-19,2026-02-19,Delivered
PO0002909,SUP0062,WH010,2026-05-28,2026-06-07,2026-06-07,Delivered
PO0002910,SUP0083,WH008,2026-02-23,2026-03-01,2026-03-02,Delivered
PO0002911,SUP0087,WH008,2025-02-23,2025-03-04,2025-03-04,Delivered
PO0002912,SUP0069,WH005,2025-07-11,2025-07-24,2025-07-24,Delivered
PO0002913,SUP0098,WH007,2025-04-26,2025-05-08,2025-05-10,Delivered
PO0002914,SUP0038,WH001,2026-04-01,2026-04-07,2026-04-09,Cancelled
PO0002915,SUP0039,WH003,2026-04-08,2026-04-16,2026-04-16,Delivered
PO0002916,SUP0083,WH003,2026-02-23,2026-03-04,2026-03-04,Delivered
PO0002917,SUP0020,WH009,2026-05-13,2026-05-22,2026-05-23,Delivered
PO0002918,SUP0082,WH008,2025-10-10,2025-10-16,2025-10-16,Delivered
PO0002919,SUP0002,WH003,2025-02-07,2025-02-20,2025-02-23,Delivered
PO0002920,SUP0038,WH002,2025-09-06,2025-09-08,2025-09-10,Delivered
PO0002921,SUP0085,WH008,2026-08-23,2026-09-05,,In Transit
PO0002922,SUP0073,WH006,2025-10-11,2025-10-25,2025-10-26,Delivered
PO0002923,SUP0039,WH009,2025-07-22,2025-08-02,2025-08-02,Cancelled
PO0002924,SUP0068,WH001,2025-11-26,2025-12-06,2025-12-06,Delivered
PO0002925,SUP0078,WH007,2026-04-02,2026-04-12,2026-04-15,Delivered
PO0002926,SUP0091,WH003,2026-01-20,2026-01-26,2026-01-29,Delivered
PO0002927,SUP0003,WH001,2026-05-15,2026-05-18,2026-05-18,Delivered
PO0002928,SUP0095,WH005,2026-08-06,2026-08-08,2026-08-10,Delivered
PO0002929,SUP0082,WH009,2025-11-30,2025-12-04,2025-12-04,Delivered
PO0002930,SUP0079,WH001,2026-01-20,2026-01-30,2026-01-30,Delivered
PO0002931,SUP0043,WH002,2026-08-24,2026-08-26,2026-08-26,Delivered
PO0002932,SUP0090,WH002,2026-06-27,2026-07-03,2026-07-03,Delivered
PO0002933,SUP0006,WH005,2026-06-24,2026-07-02,2026-07-07,Delivered
PO0002934,SUP0054,WH006,2026-04-20,2026-04-23,2026-04-25,Delivered
PO0002935,SUP0093,WH009,2025-05-20,2025-06-01,2025-06-01,Delivered
PO0002936,SUP0076,WH004,2025-09-28,2025-10-05,2025-10-07,Delivered
PO0002937,SUP0076,WH004,2025-11-11,2025-11-14,2025-11-14,Delivered
PO0002938,SUP0003,WH008,2025-05-30,2025-06-03,2025-06-03,Delivered
PO0002939,SUP0060,WH004,2025-01-13,2025-01-19,2025-01-19,Delivered
PO0002940,SUP0032,WH008,2026-02-15,2026-02-20,2026-02-23,Delivered
PO0002941,SUP0027,WH001,2025-06-26,2025-07-04,2025-07-04,Delivered
PO0002942,SUP0002,WH009,2025-05-31,2025-06-04,2025-06-05,Delivered
PO0002943,SUP0052,WH010,2026-01-16,2026-01-26,2026-01-26,Delivered
PO0002944,SUP0079,WH010,2025-01-30,2025-02-10,2025-02-10,Delivered
PO0002945,SUP0046,WH008,2025-05-22,2025-05-29,2025-05-30,Delivered
PO0002946,SUP0054,WH005,2025-06-14,2025-06-17,2025-06-17,Delivered
PO0002947,SUP0009,WH002,2026-02-08,2026-02-13,2026-02-13,Delivered
PO0002948,SUP0054,WH009,2025-03-07,2025-03-14,2025-03-17,Delivered
PO0002949,SUP0060,WH009,2025-06-17,2025-06-19,2025-06-19,Delivered
PO0002950,SUP0016,WH005,2025-10-22,2025-11-05,2025-11-10,Delivered
PO0002951,SUP0067,WH006,2026-06-30,2026-07-07,2026-07-09,Delivered
PO0002952,SUP0016,WH006,2025-06-01,2025-06-09,2025-06-12,Delivered
PO0002953,SUP0005,WH004,2025-12-08,2025-12-22,2025-12-22,Delivered
PO0002954,SUP0023,WH005,2025-05-30,2025-06-12,2025-06-13,Delivered
PO0002955,SUP0098,WH008,2025-10-20,2025-10-28,2025-10-30,Delivered
PO0002956,SUP0088,WH006,2025-04-26,2025-05-09,2025-05-12,Delivered
PO0002957,SUP0047,WH004,2025-12-12,2025-12-21,2025-12-21,Delivered
PO0002958,SUP0066,WH003,2025-09-07,2025-09-09,2025-09-09,Delivered
PO0002959,SUP0076,WH010,2025-07-06,2025-07-08,2025-07-08,Delivered
PO0002960,SUP0035,WH001,2025-03-28,2025-04-10,2025-04-15,Delivered
PO0002961,SUP0022,WH006,2025-01-01,2025-01-10,2025-01-10,Delivered
PO0002962,SUP0059,WH005,2025-01-15,2025-01-17,2025-01-17,Delivered
PO0002963,SUP0089,WH002,2025-05-31,2025-06-09,2025-06-09,Delivered
PO0002964,SUP0065,WH006,2025-10-03,2025-10-17,2025-10-19,Delivered
PO0002965,SUP0004,WH006,2025-01-05,2025-01-09,2025-01-09,Delivered
PO0002966,SUP0068,WH010,2025-09-11,2025-09-23,2025-09-24,Delivered
PO0002967,SUP0066,WH003,2025-01-07,2025-01-14,2025-01-14,Delivered
PO0002968,SUP0042,WH004,2025-09-08,2025-09-18,2025-09-19,Delivered
PO0002969,SUP0091,WH009,2025-09-12,2025-09-19,2025-09-21,Delivered
PO0002970,SUP0049,WH008,2025-09-22,2025-09-28,2025-09-28,Delivered
PO0002971,SUP0096,WH003,2025-10-21,2025-10-26,2025-10-26,Delivered
PO0002972,SUP0060,WH003,2025-12-12,2025-12-18,2025-12-23,Delivered
PO0002973,SUP0018,WH007,2025-02-20,2025-02-27,2025-02-27,Delivered
PO0002974,SUP0038,WH004,2025-08-22,2025-08-24,2025-08-24,Delivered
PO0002975,SUP0072,WH006,2026-01-19,2026-01-23,2026-01-24,Delivered
PO0002976,SUP0015,WH001,2025-02-23,2025-03-08,2025-03-08,Delivered
PO0002977,SUP0076,WH002,2025-04-01,2025-04-10,2025-04-11,Delivered
PO0002978,SUP0001,WH002,2025-02-04,2025-02-06,2025-02-08,Delivered
PO0002979,SUP0085,WH008,2026-05-06,2026-05-16,2026-05-16,Delivered
PO0002980,SUP0080,WH010,2025-05-14,2025-05-16,2025-05-21,Delivered
PO0002981,SUP0030,WH004,2025-05-04,2025-05-15,2025-05-16,Delivered
PO0002982,SUP0021,WH003,2025-07-25,2025-08-04,2025-08-09,Delivered
PO0002983,SUP0078,WH010,2025-08-25,2025-09-02,2025-09-02,Delivered
PO0002984,SUP0060,WH009,2025-06-13,2025-06-20,2025-06-22,Delivered
PO0002985,SUP0046,WH001,2026-04-30,2026-05-14,2026-05-14,Delivered
PO0002986,SUP0045,WH003,2026-08-05,2026-08-14,2026-08-16,Delivered
PO0002987,SUP0075,WH010,2026-02-11,2026-02-24,2026-02-24,Delivered
PO0002988,SUP0025,WH006,2025-04-19,2025-05-02,2025-05-02,Delivered
PO0002989,SUP0059,WH006,2026-01-28,2026-02-08,2026-02-09,Delivered
PO0002990,SUP0091,WH003,2025-10-18,2025-11-01,2025-11-03,Delivered
PO0002991,SUP0059,WH009,2026-03-22,2026-03-30,2026-03-30,Delivered
PO0002992,SUP0054,WH006,2026-03-14,2026-03-20,2026-03-20,Delivered
PO0002993,SUP0020,WH006,2025-03-22,2025-03-25,2025-03-28,Delivered
PO0002994,SUP0011,WH005,2025-02-20,2025-02-24,2025-02-24,Delivered
PO0002995,SUP0065,WH010,2026-05-10,2026-05-19,2026-05-22,Delivered
PO0002996,SUP0072,WH010,2026-08-25,2026-08-27,,In Transit
PO0002997,SUP0014,WH004,2025-05-03,2025-05-13,2025-05-15,Delivered
PO0002998,SUP0052,WH002,2026-05-03,2026-05-05,2026-05-05,Delivered
PO0002999,SUP0038,WH008,2025-06-08,2025-06-15,2025-06-18,Delivered
PO0003000,SUP0034,WH002,2025-10-09,2025-10-23,2025-10-23,Delivered
PO0003001,SUP0011,WH006,2026-06-09,2026-06-23,2026-06-24,Delivered
PO0003002,SUP0004,WH007,2025-03-21,2025-03-23,2025-03-23,Delivered
PO0003003,SUP0022,WH003,2025-02-21,2025-02-27,2025-03-02,Delivered
PO0003004,SUP0051,WH006,2025-03-07,2025-03-11,2025-03-11,Delivered
PO0003005,SUP0058,WH007,2025-03-11,2025-03-23,2025-03-25,Delivered
PO0003006,SUP0016,WH007,2025-07-28,2025-07-31,2025-07-31,Delivered
PO0003007,SUP0066,WH008,2025-06-05,2025-06-18,2025-06-21,Delivered
PO0003008,SUP0050,WH010,2026-08-25,2026-08-31,,In Transit
PO0003009,SUP0004,WH009,2025-04-08,2025-04-11,2025-04-11,Delivered
PO0003010,SUP0015,WH004,2025-04-28,2025-05-07,2025-05-08,Delivered
PO0003011,SUP0093,WH005,2025-02-17,2025-03-01,2025-03-04,Delivered
PO0003012,SUP0018,WH006,2025-09-02,2025-09-05,2025-09-05,Delivered
PO0003013,SUP0072,WH002,2025-05-01,2025-05-04,2025-05-04,Delivered
PO0003014,SUP0052,WH002,2026-08-18,2026-08-31,,In Transit
PO0003015,SUP0087,WH003,2025-11-19,2025-12-03,2025-12-04,Delivered
PO0003016,SUP0023,WH006,2025-10-28,2025-11-06,2025-11-06,Delivered
PO0003017,SUP0010,WH003,2025-08-20,2025-09-02,2025-09-02,Delivered
PO0003018,SUP0091,WH007,2025-09-04,2025-09-12,2025-09-12,Delivered
PO0003019,SUP0009,WH002,2026-06-09,2026-06-20,2026-06-20,Delivered
PO0003020,SUP0062,WH009,2026-02-14,2026-02-22,2026-02-24,Delivered
PO0003021,SUP0004,WH008,2025-02-20,2025-02-23,2025-02-23,Delivered
PO0003022,SUP0040,WH008,2025-06-17,2025-06-29,2025-06-29,Delivered
PO0003023,SUP0091,WH008,2025-03-27,2025-03-30,2025-04-04,Delivered
PO0003024,SUP0082,WH005,2025-01-18,2025-01-26,2025-01-26,Delivered
PO0003025,SUP0086,WH003,2025-09-04,2025-09-12,2025-09-12,Delivered
PO0003026,SUP0001,WH007,2025-03-11,2025-03-19,2025-03-19,Delivered
PO0003027,SUP0084,WH009,2026-07-10,2026-07-19,2026-07-19,Delivered
PO0003028,SUP0079,WH006,2026-04-03,2026-04-15,2026-04-17,Delivered
PO0003029,SUP0081,WH005,2025-02-16,2025-02-24,2025-02-24,Delivered
PO0003030,SUP0011,WH007,2026-06-07,2026-06-13,2026-06-14,Delivered
PO0003031,SUP0083,WH010,2026-05-19,2026-05-21,2026-05-21,Delivered
PO0003032,SUP0072,WH003,2026-05-09,2026-05-23,2026-05-23,Delivered
PO0003033,SUP0005,WH008,2026-06-01,2026-06-04,2026-06-04,Delivered
PO0003034,SUP0024,WH008,2025-06-17,2025-06-21,2025-06-23,Delivered
PO0003035,SUP0046,WH007,2025-10-22,2025-11-01,2025-11-03,Delivered
PO0003036,SUP0009,WH009,2025-03-11,2025-03-18,2025-03-26,Delivered
PO0003037,SUP0057,WH004,2025-02-02,2025-02-08,2025-02-08,Delivered
PO0003038,SUP0077,WH008,2025-12-21,2025-12-30,2026-01-02,Delivered
PO0003039,SUP0092,WH008,2025-11-15,2025-11-21,2025-11-22,Delivered
PO0003040,SUP0088,WH003,2025-08-05,2025-08-12,2025-08-12,Delivered
PO0003041,SUP0016,WH005,2025-05-22,2025-06-01,2025-06-03,Delivered
PO0003042,SUP0013,WH008,2025-09-02,2025-09-08,2025-09-16,Delivered
PO0003043,SUP0072,WH008,2025-09-02,2025-09-10,2025-09-11,Delivered
PO0003044,SUP0094,WH001,2025-04-13,2025-04-18,2025-04-18,Delivered
PO0003045,SUP0053,WH002,2026-04-23,2026-04-30,2026-04-30,Delivered
PO0003046,SUP0074,WH003,2026-05-01,2026-05-15,2026-05-15,Delivered
PO0003047,SUP0078,WH001,2026-06-16,2026-06-26,2026-06-26,Delivered
PO0003048,SUP0066,WH008,2025-06-14,2025-06-27,2025-06-27,Delivered
PO0003049,SUP0054,WH002,2026-08-03,2026-08-10,2026-08-10,Delivered
PO0003050,SUP0066,WH003,2025-10-02,2025-10-13,2025-10-14,Delivered
PO0003051,SUP0040,WH006,2025-02-25,2025-03-10,2025-03-10,Delivered
PO0003052,SUP0042,WH006,2025-12-11,2025-12-25,2025-12-25,Delivered
PO0003053,SUP0027,WH003,2025-04-27,2025-05-02,2025-05-02,Delivered
PO0003054,SUP0091,WH010,2026-07-22,2026-07-30,2026-08-04,Delivered
PO0003055,SUP0068,WH010,2026-01-29,2026-02-10,2026-02-12,Delivered
PO0003056,SUP0090,WH006,2026-05-07,2026-05-12,2026-05-12,Delivered
PO0003057,SUP0062,WH002,2026-01-28,2026-02-07,2026-02-08,Delivered
PO0003058,SUP0039,WH003,2025-09-28,2025-10-09,2025-10-09,Delivered
PO0003059,SUP0067,WH010,2025-11-01,2025-11-04,2025-11-12,Delivered
PO0003060,SUP0068,WH008,2025-03-05,2025-03-13,2025-03-14,Delivered
PO0003061,SUP0067,WH009,2025-09-30,2025-10-02,2025-10-04,Delivered
PO0003062,SUP0035,WH007,2025-08-27,2025-09-05,2025-09-05,Delivered
PO0003063,SUP0044,WH010,2025-06-23,2025-07-04,2025-07-05,Delivered
PO0003064,SUP0091,WH009,2026-06-27,2026-06-29,2026-07-02,Delivered
PO0003065,SUP0051,WH006,2025-10-09,2025-10-18,2025-10-18,Delivered
PO0003066,SUP0080,WH003,2025-10-14,2025-10-24,2025-10-29,Delivered
PO0003067,SUP0042,WH006,2026-01-30,2026-02-05,2026-02-07,Delivered
PO0003068,SUP0028,WH009,2026-04-28,2026-05-04,2026-05-05,Delivered
PO0003069,SUP0088,WH003,2025-09-01,2025-09-06,2025-09-06,Delivered
PO0003070,SUP0050,WH006,2026-04-07,2026-04-20,2026-04-20,Delivered
PO0003071,SUP0052,WH008,2025-02-18,2025-02-23,2025-02-23,Delivered
PO0003072,SUP0015,WH008,2025-05-02,2025-05-13,2025-05-13,Delivered
PO0003073,SUP0015,WH005,2026-06-28,2026-07-07,2026-07-09,Delivered
PO0003074,SUP0071,WH004,2025-06-20,2025-06-26,2025-06-26,Delivered
PO0003075,SUP0057,WH007,2025-04-23,2025-04-26,2025-04-29,Delivered
PO0003076,SUP0046,WH007,2026-02-23,2026-03-04,2026-03-04,Delivered
PO0003077,SUP0030,WH008,2026-04-10,2026-04-15,2026-04-15,Delivered
PO0003078,SUP0010,WH002,2026-06-13,2026-06-17,2026-06-19,Delivered
PO0003079,SUP0092,WH007,2025-07-14,2025-07-25,2025-07-26,Delivered
PO0003080,SUP0069,WH008,2025-07-27,2025-08-01,2025-08-03,Delivered
PO0003081,SUP0096,WH009,2025-09-27,2025-10-10,2025-10-10,Delivered
PO0003082,SUP0038,WH006,2025-07-06,2025-07-19,2025-07-19,Delivered
PO0003083,SUP0012,WH004,2025-12-08,2025-12-21,2025-12-21,Delivered
PO0003084,SUP0082,WH002,2025-07-18,2025-07-20,2025-07-22,Delivered
PO0003085,SUP0095,WH003,2026-07-25,2026-07-29,2026-08-01,Delivered
PO0003086,SUP0099,WH006,2026-06-04,2026-06-10,2026-06-10,Delivered
PO0003087,SUP0028,WH006,2025-07-15,2025-07-28,2025-07-28,Delivered
PO0003088,SUP0038,WH002,2025-03-29,2025-04-09,2025-04-09,Delivered
PO0003089,SUP0024,WH004,2025-05-01,2025-05-11,2025-05-11,Delivered
PO0003090,SUP0029,WH009,2025-10-10,2025-10-16,2025-10-16,Delivered
PO0003091,SUP0058,WH008,2025-01-07,2025-01-14,2025-01-16,Delivered
PO0003092,SUP0009,WH006,2025-10-30,2025-11-08,2025-11-09,Delivered
PO0003093,SUP0005,WH010,2025-05-06,2025-05-14,2025-05-15,Delivered
PO0003094,SUP0091,WH006,2025-03-14,2025-03-28,2025-03-29,Delivered
PO0003095,SUP0066,WH009,2025-06-11,2025-06-24,2025-06-27,Delivered
PO0003096,SUP0083,WH001,2025-07-20,2025-08-02,2025-08-03,Delivered
PO0003097,SUP0096,WH009,2025-07-22,2025-08-01,2025-08-01,Delivered
PO0003098,SUP0029,WH005,2025-08-28,2025-09-04,2025-09-04,Delivered
PO0003099,SUP0099,WH008,2026-07-21,2026-07-25,2026-07-28,Delivered
PO0003100,SUP0037,WH002,2026-01-30,2026-02-01,2026-02-02,Delivered
PO0003101,SUP0056,WH007,2025-05-03,2025-05-07,2025-05-10,Delivered
PO0003102,SUP0088,WH006,2026-04-20,2026-04-22,2026-04-23,Delivered
PO0003103,SUP0063,WH010,2026-08-08,2026-08-20,2026-08-20,Delivered
PO0003104,SUP0065,WH010,2025-06-27,2025-07-05,2025-07-05,Delivered
PO0003105,SUP0050,WH005,2026-06-11,2026-06-20,2026-06-20,Delivered
PO0003106,SUP0067,WH001,2026-04-19,2026-04-22,2026-04-25,Delivered
PO0003107,SUP0024,WH010,2025-08-03,2025-08-06,2025-08-06,Delivered
PO0003108,SUP0071,WH004,2025-02-20,2025-02-28,2025-03-01,Delivered
PO0003109,SUP0091,WH006,2026-01-18,2026-01-23,2026-01-23,Delivered
PO0003110,SUP0011,WH003,2025-10-05,2025-10-15,2025-10-17,Cancelled
PO0003111,SUP0047,WH007,2026-05-09,2026-05-14,2026-05-17,Delivered
PO0003112,SUP0088,WH007,2026-03-29,2026-04-06,2026-04-06,Delivered
PO0003113,SUP0078,WH003,2025-08-26,2025-09-04,2025-09-04,Delivered
PO0003114,SUP0068,WH001,2025-12-27,2026-01-08,2026-01-09,Delivered
PO0003115,SUP0064,WH004,2026-02-08,2026-02-15,2026-02-15,Delivered
PO0003116,SUP0026,WH004,2026-03-06,2026-03-10,2026-03-10,Delivered
PO0003117,SUP0018,WH009,2025-08-13,2025-08-27,2025-08-29,Delivered
PO0003118,SUP0084,WH001,2025-03-12,2025-03-22,2025-03-22,Delivered
PO0003119,SUP0032,WH001,2026-08-14,2026-08-21,2026-08-21,Delivered
PO0003120,SUP0022,WH007,2025-01-22,2025-01-31,2025-02-01,Delivered
PO0003121,SUP0098,WH006,2026-07-15,2026-07-29,2026-07-29,Delivered
PO0003122,SUP0007,WH001,2025-05-25,2025-06-03,2025-06-04,Delivered
PO0003123,SUP0099,WH009,2025-11-27,2025-12-09,2025-12-09,Delivered
PO0003124,SUP0023,WH004,2026-06-14,2026-06-20,2026-06-25,Delivered
PO0003125,SUP0029,WH010,2025-08-20,2025-08-30,2025-09-02,Delivered
PO0003126,SUP0003,WH005,2025-07-12,2025-07-22,2025-07-23,Delivered
PO0003127,SUP0088,WH002,2025-07-04,2025-07-06,2025-07-06,Delivered
PO0003128,SUP0080,WH004,2026-03-17,2026-03-30,2026-04-01,Delivered
PO0003129,SUP0060,WH008,2026-02-04,2026-02-17,2026-02-17,Delivered
PO0003130,SUP0045,WH002,2026-04-11,2026-04-15,2026-04-15,Delivered
PO0003131,SUP0057,WH006,2025-06-22,2025-07-04,2025-07-06,Delivered
PO0003132,SUP0007,WH007,2025-11-05,2025-11-18,2025-11-20,Delivered
PO0003133,SUP0075,WH008,2025-12-19,2025-12-29,2025-12-29,Delivered
PO0003134,SUP0003,WH001,2025-08-02,2025-08-16,2025-08-16,Delivered
PO0003135,SUP0046,WH006,2026-08-25,2026-08-30,,In Transit
PO0003136,SUP0019,WH009,2025-02-13,2025-02-16,2025-02-17,Delivered
PO0003137,SUP0095,WH001,2025-12-02,2025-12-16,2025-12-18,Cancelled
PO0003138,SUP0073,WH010,2025-02-07,2025-02-15,2025-02-15,Delivered
PO0003139,SUP0067,WH010,2025-11-13,2025-11-21,2025-11-23,Delivered
PO0003140,SUP0002,WH009,2025-12-18,2025-12-23,2025-12-23,Delivered
PO0003141,SUP0037,WH007,2025-08-23,2025-09-05,2025-09-05,Delivered
PO0003142,SUP0091,WH002,2025-06-20,2025-07-02,2025-07-04,Delivered
PO0003143,SUP0007,WH002,2026-01-03,2026-01-16,2026-01-18,Delivered
PO0003144,SUP0099,WH006,2025-05-28,2025-06-10,2025-06-10,Delivered
PO0003145,SUP0095,WH007,2026-06-14,2026-06-20,2026-06-23,Delivered
PO0003146,SUP0040,WH002,2025-07-30,2025-08-08,2025-08-08,Delivered
PO0003147,SUP0042,WH008,2026-04-21,2026-04-25,2026-04-25,Delivered
PO0003148,SUP0038,WH006,2025-04-24,2025-04-26,2025-04-26,Delivered
PO0003149,SUP0053,WH009,2025-08-22,2025-08-30,2025-08-30,Delivered
PO0003150,SUP0025,WH007,2025-01-27,2025-02-05,2025-02-05,Delivered
PO0003151,SUP0081,WH001,2026-08-17,2026-08-31,2026-08-31,Cancelled
PO0003152,SUP0043,WH002,2026-07-05,2026-07-08,2026-07-10,Delivered
PO0003153,SUP0033,WH007,2026-05-13,2026-05-15,2026-05-17,Delivered
PO0003154,SUP0046,WH003,2026-06-16,2026-06-29,2026-07-01,Delivered
PO0003155,SUP0044,WH006,2025-04-07,2025-04-19,2025-04-19,Delivered
PO0003156,SUP0013,WH004,2026-06-12,2026-06-20,2026-06-21,Delivered
PO0003157,SUP0073,WH004,2026-08-04,2026-08-18,2026-08-19,Delivered
PO0003158,SUP0003,WH010,2026-07-09,2026-07-16,2026-07-24,Delivered
PO0003159,SUP0080,WH009,2025-03-22,2025-04-05,2025-04-08,Delivered
PO0003160,SUP0081,WH001,2025-11-06,2025-11-15,2025-11-15,Delivered
PO0003161,SUP0061,WH002,2026-03-19,2026-03-30,2026-03-30,Delivered
PO0003162,SUP0052,WH002,2025-01-10,2025-01-22,2025-01-24,Delivered
PO0003163,SUP0087,WH009,2025-12-02,2025-12-13,2025-12-15,Delivered
PO0003164,SUP0092,WH004,2026-07-24,2026-08-01,2026-08-03,Delivered
PO0003165,SUP0008,WH007,2025-05-31,2025-06-07,2025-06-07,Delivered
PO0003166,SUP0047,WH002,2025-04-19,2025-04-22,2025-04-24,Delivered
PO0003167,SUP0047,WH009,2025-12-30,2026-01-13,2026-01-13,Delivered
PO0003168,SUP0039,WH008,2025-07-03,2025-07-13,2025-07-15,Delivered
PO0003169,SUP0015,WH004,2026-01-30,2026-02-07,2026-02-07,Delivered
PO0003170,SUP0061,WH001,2025-11-05,2025-11-07,2025-11-10,Delivered
PO0003171,SUP0057,WH004,2025-02-24,2025-03-01,2025-03-02,Delivered
PO0003172,SUP0031,WH009,2026-08-19,2026-08-24,,In Transit
PO0003173,SUP0052,WH004,2026-04-27,2026-05-11,2026-05-16,Delivered
PO0003174,SUP0009,WH005,2026-01-11,2026-01-18,2026-01-18,Delivered
PO0003175,SUP0002,WH006,2026-07-06,2026-07-18,2026-07-18,Delivered
PO0003176,SUP0088,WH002,2025-12-10,2025-12-20,2025-12-23,Delivered
PO0003177,SUP0022,WH003,2026-05-21,2026-05-28,2026-05-31,Delivered
PO0003178,SUP0097,WH002,2026-06-08,2026-06-11,2026-06-14,Delivered
PO0003179,SUP0039,WH009,2025-04-02,2025-04-07,2025-04-08,Delivered
PO0003180,SUP0026,WH008,2025-11-29,2025-12-03,2025-12-03,Delivered
PO0003181,SUP0005,WH001,2025-02-23,2025-03-03,2025-03-05,Delivered
PO0003182,SUP0013,WH010,2025-12-13,2025-12-17,2025-12-19,Delivered
PO0003183,SUP0098,WH007,2026-01-29,2026-02-11,2026-02-11,Delivered
PO0003184,SUP0039,WH007,2026-01-02,2026-01-10,2026-01-11,Delivered
PO0003185,SUP0016,WH010,2025-03-14,2025-03-26,2025-03-28,Delivered
PO0003186,SUP0063,WH003,2025-10-24,2025-10-26,2025-10-27,Delivered
PO0003187,SUP0014,WH007,2026-07-22,2026-07-24,2026-07-29,Delivered
PO0003188,SUP0020,WH002,2026-06-20,2026-06-28,2026-07-06,Delivered
PO0003189,SUP0026,WH010,2025-02-24,2025-03-07,2025-03-08,Delivered
PO0003190,SUP0073,WH006,2025-01-29,2025-02-09,2025-02-14,Delivered
PO0003191,SUP0029,WH007,2025-12-14,2025-12-19,2025-12-24,Delivered
PO0003192,SUP0055,WH001,2026-05-23,2026-05-30,2026-05-30,Delivered
PO0003193,SUP0082,WH006,2026-01-12,2026-01-23,2026-01-28,Delivered
PO0003194,SUP0032,WH005,2026-02-24,2026-03-08,2026-03-10,Delivered
PO0003195,SUP0063,WH009,2026-07-20,2026-07-24,2026-07-24,Delivered
PO0003196,SUP0023,WH001,2025-10-11,2025-10-21,2025-10-21,Delivered
PO0003197,SUP0023,WH009,2025-05-03,2025-05-05,2025-05-05,Delivered
PO0003198,SUP0079,WH003,2025-11-11,2025-11-24,2025-11-24,Delivered
PO0003199,SUP0089,WH007,2025-09-18,2025-09-28,2025-09-28,Delivered
PO0003200,SUP0026,WH006,2026-03-20,2026-04-03,2026-04-03,Delivered
PO0003201,SUP0009,WH004,2026-01-03,2026-01-16,2026-01-16,Delivered
PO0003202,SUP0046,WH001,2026-02-07,2026-02-12,2026-02-12,Delivered
PO0003203,SUP0086,WH009,2025-03-12,2025-03-24,2025-03-24,Delivered
PO0003204,SUP0023,WH009,2025-09-20,2025-09-29,2025-10-02,Delivered
PO0003205,SUP0007,WH003,2025-11-20,2025-11-28,2025-11-28,Delivered
PO0003206,SUP0094,WH005,2025-06-06,2025-06-11,2025-06-11,Delivered
PO0003207,SUP0026,WH003,2025-12-15,2025-12-17,2025-12-17,Cancelled
PO0003208,SUP0058,WH006,2025-12-01,2025-12-11,2025-12-11,Delivered
PO0003209,SUP0020,WH003,2025-06-03,2025-06-15,2025-06-15,Delivered
PO0003210,SUP0041,WH008,2026-04-05,2026-04-07,2026-04-07,Delivered
PO0003211,SUP0010,WH001,2025-09-26,2025-09-29,2025-09-29,Delivered
PO0003212,SUP0023,WH003,2025-07-20,2025-07-26,2025-07-26,Delivered
PO0003213,SUP0022,WH009,2025-08-09,2025-08-20,2025-08-20,Delivered
PO0003214,SUP0023,WH005,2025-07-12,2025-07-16,2025-07-16,Delivered
PO0003215,SUP0090,WH008,2026-06-23,2026-07-04,2026-07-04,Cancelled
PO0003216,SUP0072,WH007,2026-04-14,2026-04-16,2026-04-21,Delivered
PO0003217,SUP0089,WH002,2025-11-26,2025-12-02,2025-12-02,Delivered
PO0003218,SUP0054,WH004,2026-01-18,2026-01-22,2026-01-23,Delivered
PO0003219,SUP0055,WH002,2025-01-16,2025-01-25,2025-01-25,Delivered
PO0003220,SUP0068,WH004,2025-01-25,2025-02-04,2025-02-07,Delivered
PO0003221,SUP0036,WH006,2026-06-28,2026-07-12,2026-07-14,Delivered
PO0003222,SUP0006,WH005,2025-01-13,2025-01-23,2025-01-23,Delivered
PO0003223,SUP0019,WH004,2026-08-10,2026-08-19,2026-08-19,Delivered
PO0003224,SUP0059,WH003,2026-03-31,2026-04-08,2026-04-10,Delivered
PO0003225,SUP0099,WH005,2025-09-22,2025-10-03,2025-10-03,Delivered
PO0003226,SUP0098,WH007,2026-04-30,2026-05-05,2026-05-10,Delivered
PO0003227,SUP0072,WH007,2025-07-27,2025-08-01,2025-08-02,Delivered
PO0003228,SUP0024,WH010,2025-09-26,2025-10-01,2025-10-02,Delivered
PO0003229,SUP0075,WH008,2026-03-25,2026-03-28,2026-03-28,Delivered
PO0003230,SUP0075,WH007,2025-06-30,2025-07-07,2025-07-07,Delivered
PO0003231,SUP0068,WH010,2025-08-08,2025-08-17,2025-08-25,Delivered
PO0003232,SUP0008,WH005,2025-01-01,2025-01-12,2025-01-15,Delivered
PO0003233,SUP0029,WH005,2025-04-10,2025-04-23,2025-04-24,Delivered
PO0003234,SUP0010,WH003,2025-10-27,2025-10-30,2025-10-30,Delivered
PO0003235,SUP0042,WH004,2026-08-22,2026-08-31,,In Transit
PO0003236,SUP0019,WH003,2025-06-02,2025-06-09,2025-06-09,Delivered
PO0003237,SUP0007,WH010,2025-02-18,2025-02-20,2025-02-21,Delivered
PO0003238,SUP0036,WH002,2025-07-24,2025-08-07,2025-08-07,Delivered
PO0003239,SUP0099,WH005,2026-01-12,2026-01-25,2026-01-25,Delivered
PO0003240,SUP0016,WH010,2026-06-23,2026-06-27,2026-06-30,Delivered
PO0003241,SUP0034,WH006,2025-04-11,2025-04-17,2025-04-19,Delivered
PO0003242,SUP0045,WH009,2025-07-30,2025-08-07,2025-08-12,Delivered
PO0003243,SUP0078,WH009,2026-08-10,2026-08-13,2026-08-13,Delivered
PO0003244,SUP0078,WH001,2025-07-24,2025-07-27,2025-07-27,Delivered
PO0003245,SUP0030,WH001,2026-07-12,2026-07-26,2026-07-29,Delivered
PO0003246,SUP0034,WH006,2025-01-17,2025-01-24,2025-01-29,Delivered
PO0003247,SUP0080,WH003,2025-11-15,2025-11-26,2025-11-26,Delivered
PO0003248,SUP0033,WH003,2025-11-29,2025-12-05,2025-12-05,Delivered
PO0003249,SUP0025,WH008,2026-03-25,2026-04-02,2026-04-02,Delivered
PO0003250,SUP0097,WH005,2026-06-24,2026-06-29,2026-06-29,Delivered
PO0003251,SUP0089,WH003,2026-05-17,2026-05-31,2026-05-31,Cancelled
PO0003252,SUP0005,WH006,2025-02-22,2025-03-07,2025-03-09,Delivered
PO0003253,SUP0031,WH001,2025-06-16,2025-06-23,2025-06-23,Delivered
PO0003254,SUP0049,WH001,2025-02-24,2025-03-04,2025-03-06,Delivered
PO0003255,SUP0057,WH007,2025-07-30,2025-08-05,2025-08-07,Delivered
PO0003256,SUP0087,WH007,2025-07-11,2025-07-25,2025-07-25,Delivered
PO0003257,SUP0053,WH005,2026-07-17,2026-07-31,2026-07-31,Delivered
PO0003258,SUP0073,WH009,2025-02-22,2025-03-08,2025-03-11,Delivered
PO0003259,SUP0059,WH008,2025-08-07,2025-08-21,2025-08-21,Delivered
PO0003260,SUP0040,WH009,2025-11-09,2025-11-22,2025-11-22,Delivered
PO0003261,SUP0093,WH010,2025-11-22,2025-12-05,2025-12-05,Delivered
PO0003262,SUP0006,WH003,2026-07-31,2026-08-05,2026-08-05,Delivered
PO0003263,SUP0040,WH008,2025-07-06,2025-07-14,2025-07-14,Delivered
PO0003264,SUP0060,WH009,2026-08-12,2026-08-20,2026-08-20,Delivered
PO0003265,SUP0095,WH002,2025-04-28,2025-05-06,2025-05-06,Delivered
PO0003266,SUP0024,WH007,2025-10-31,2025-11-06,2025-11-06,Delivered
PO0003267,SUP0079,WH003,2026-01-08,2026-01-10,2026-01-10,Delivered
PO0003268,SUP0068,WH010,2025-11-13,2025-11-15,2025-11-20,Delivered
PO0003269,SUP0051,WH002,2026-08-12,2026-08-24,2026-08-24,Delivered
PO0003270,SUP0021,WH005,2025-08-10,2025-08-24,2025-08-24,Delivered
PO0003271,SUP0025,WH004,2026-02-04,2026-02-15,2026-02-17,Delivered
PO0003272,SUP0066,WH005,2026-03-21,2026-03-26,2026-03-26,Delivered
PO0003273,SUP0029,WH009,2026-04-17,2026-04-22,2026-04-22,Delivered
PO0003274,SUP0009,WH008,2026-08-22,2026-08-26,2026-08-26,Delivered
PO0003275,SUP0060,WH010,2025-09-10,2025-09-22,2025-09-24,Delivered
PO0003276,SUP0090,WH009,2026-08-20,2026-09-02,,In Transit
PO0003277,SUP0061,WH005,2026-02-11,2026-02-22,2026-02-23,Delivered
PO0003278,SUP0029,WH001,2025-02-06,2025-02-10,2025-02-10,Delivered
PO0003279,SUP0025,WH010,2025-08-19,2025-08-29,2025-08-29,Delivered
PO0003280,SUP0009,WH003,2026-02-11,2026-02-24,2026-02-26,Delivered
PO0003281,SUP0004,WH005,2026-06-01,2026-06-06,2026-06-09,Delivered
PO0003282,SUP0036,WH009,2026-06-14,2026-06-21,2026-06-26,Delivered
PO0003283,SUP0071,WH001,2025-05-06,2025-05-10,2025-05-15,Delivered
PO0003284,SUP0030,WH006,2026-03-30,2026-04-06,2026-04-06,Delivered
PO0003285,SUP0039,WH005,2025-03-08,2025-03-20,2025-03-28,Delivered
PO0003286,SUP0097,WH003,2026-06-18,2026-06-29,2026-06-30,Delivered
PO0003287,SUP0060,WH009,2025-06-21,2025-07-04,2025-07-05,Delivered
PO0003288,SUP0076,WH004,2025-10-27,2025-10-30,2025-11-04,Delivered
PO0003289,SUP0092,WH008,2026-04-16,2026-04-18,2026-04-18,Delivered
PO0003290,SUP0079,WH009,2026-07-09,2026-07-15,2026-07-17,Delivered
PO0003291,SUP0026,WH001,2026-05-28,2026-06-02,2026-06-05,Delivered
PO0003292,SUP0099,WH008,2025-05-03,2025-05-15,2025-05-15,Delivered
PO0003293,SUP0017,WH010,2026-05-01,2026-05-13,2026-05-13,Delivered
PO0003294,SUP0065,WH009,2025-06-09,2025-06-15,2025-06-15,Delivered
PO0003295,SUP0081,WH002,2025-06-19,2025-06-21,2025-06-22,Delivered
PO0003296,SUP0088,WH003,2025-01-05,2025-01-10,2025-01-11,Delivered
PO0003297,SUP0021,WH005,2025-03-03,2025-03-08,2025-03-08,Delivered
PO0003298,SUP0068,WH007,2025-02-09,2025-02-18,2025-02-18,Delivered
PO0003299,SUP0021,WH008,2026-04-21,2026-05-02,2026-05-02,Delivered
PO0003300,SUP0097,WH007,2025-09-12,2025-09-18,2025-09-18,Delivered
PO0003301,SUP0017,WH007,2026-05-05,2026-05-07,2026-05-10,Delivered
PO0003302,SUP0025,WH005,2026-04-28,2026-04-30,2026-05-01,Delivered
PO0003303,SUP0023,WH006,2026-05-22,2026-05-29,2026-05-29,Delivered
PO0003304,SUP0008,WH007,2025-06-24,2025-07-02,2025-07-02,Delivered
PO0003305,SUP0001,WH007,2025-10-02,2025-10-10,2025-10-11,Delivered
PO0003306,SUP0052,WH001,2025-07-30,2025-08-06,2025-08-06,Delivered
PO0003307,SUP0098,WH005,2026-01-07,2026-01-20,2026-01-20,Delivered
PO0003308,SUP0041,WH006,2026-04-17,2026-04-25,2026-05-03,Delivered
PO0003309,SUP0031,WH006,2025-01-15,2025-01-19,2025-01-20,Delivered
PO0003310,SUP0007,WH007,2025-05-20,2025-05-26,2025-05-27,Delivered
PO0003311,SUP0030,WH002,2026-01-24,2026-02-07,2026-02-10,Cancelled
PO0003312,SUP0054,WH004,2026-02-23,2026-02-27,2026-02-27,Delivered
PO0003313,SUP0074,WH001,2025-11-30,2025-12-06,2025-12-06,Delivered
PO0003314,SUP0032,WH003,2025-06-02,2025-06-13,2025-06-13,Delivered
PO0003315,SUP0084,WH007,2025-02-19,2025-02-21,2025-02-21,Delivered
PO0003316,SUP0068,WH002,2025-06-29,2025-07-06,2025-07-06,Delivered
PO0003317,SUP0065,WH003,2025-09-14,2025-09-26,2025-09-26,Delivered
PO0003318,SUP0094,WH005,2025-03-31,2025-04-07,2025-04-07,Delivered
PO0003319,SUP0003,WH002,2026-05-25,2026-06-07,2026-06-12,Delivered
PO0003320,SUP0053,WH007,2026-07-23,2026-07-30,2026-07-30,Delivered
PO0003321,SUP0017,WH009,2025-02-01,2025-02-14,2025-02-16,Delivered
PO0003322,SUP0034,WH009,2025-03-23,2025-03-28,2025-03-28,Delivered
PO0003323,SUP0042,WH007,2025-05-01,2025-05-04,2025-05-06,Delivered
PO0003324,SUP0025,WH006,2026-02-09,2026-02-13,2026-02-13,Delivered
PO0003325,SUP0098,WH006,2025-06-12,2025-06-18,2025-06-21,Delivered
PO0003326,SUP0062,WH005,2026-07-08,2026-07-18,2026-07-21,Delivered
PO0003327,SUP0053,WH006,2025-08-19,2025-08-28,2025-08-29,Delivered
PO0003328,SUP0036,WH007,2025-12-19,2025-12-27,2025-12-27,Delivered
PO0003329,SUP0034,WH007,2025-03-26,2025-04-01,2025-04-03,Delivered
PO0003330,SUP0078,WH005,2025-04-04,2025-04-06,2025-04-06,Delivered
PO0003331,SUP0043,WH010,2025-11-23,2025-12-04,2025-12-05,Delivered
PO0003332,SUP0031,WH004,2025-11-05,2025-11-12,2025-11-13,Delivered
PO0003333,SUP0037,WH004,2025-11-07,2025-11-09,2025-11-09,Delivered
PO0003334,SUP0022,WH009,2026-04-28,2026-04-30,2026-04-30,Delivered
PO0003335,SUP0043,WH008,2026-07-21,2026-07-27,2026-07-27,Delivered
PO0003336,SUP0076,WH005,2026-07-04,2026-07-07,2026-07-15,Delivered
PO0003337,SUP0017,WH003,2025-11-04,2025-11-18,2025-11-18,Delivered
PO0003338,SUP0088,WH001,2025-06-28,2025-07-04,2025-07-04,Cancelled
PO0003339,SUP0079,WH005,2026-02-27,2026-03-11,2026-03-13,Delivered
PO0003340,SUP0059,WH006,2025-10-19,2025-10-27,2025-10-27,Delivered
PO0003341,SUP0016,WH001,2025-01-07,2025-01-17,2025-01-17,Delivered
PO0003342,SUP0052,WH001,2025-04-03,2025-04-09,2025-04-09,Delivered
PO0003343,SUP0008,WH004,2025-07-15,2025-07-20,2025-07-20,Delivered
PO0003344,SUP0017,WH007,2025-03-27,2025-04-04,2025-04-04,Delivered
PO0003345,SUP0093,WH004,2025-08-24,2025-09-06,2025-09-06,Delivered
PO0003346,SUP0029,WH005,2025-09-23,2025-09-25,2025-10-03,Delivered
PO0003347,SUP0082,WH004,2025-05-26,2025-05-31,2025-06-02,Delivered
PO0003348,SUP0038,WH001,2025-08-31,2025-09-06,2025-09-08,Delivered
PO0003349,SUP0011,WH006,2025-06-03,2025-06-10,2025-06-13,Delivered
PO0003350,SUP0001,WH008,2026-01-17,2026-01-28,2026-02-02,Delivered
PO0003351,SUP0098,WH009,2025-03-13,2025-03-20,2025-03-20,Delivered
PO0003352,SUP0056,WH010,2025-08-27,2025-09-01,2025-09-04,Delivered
PO0003353,SUP0088,WH004,2025-02-13,2025-02-25,2025-02-28,Delivered
PO0003354,SUP0022,WH009,2025-09-16,2025-09-23,2025-09-24,Delivered
PO0003355,SUP0098,WH006,2025-03-10,2025-03-16,2025-03-21,Delivered
PO0003356,SUP0098,WH006,2025-08-29,2025-09-06,2025-09-06,Delivered
PO0003357,SUP0096,WH006,2025-04-28,2025-05-03,2025-05-03,Delivered
PO0003358,SUP0023,WH009,2026-02-28,2026-03-03,2026-03-03,Delivered
PO0003359,SUP0021,WH004,2026-08-11,2026-08-14,2026-08-14,Delivered
PO0003360,SUP0036,WH006,2026-04-03,2026-04-05,2026-04-05,Delivered
PO0003361,SUP0035,WH009,2026-06-18,2026-07-01,2026-07-03,Delivered
PO0003362,SUP0068,WH005,2025-10-01,2025-10-06,2025-10-07,Delivered
PO0003363,SUP0049,WH003,2025-10-09,2025-10-23,2025-10-23,Delivered
PO0003364,SUP0063,WH008,2025-11-30,2025-12-03,2025-12-03,Delivered
PO0003365,SUP0080,WH003,2026-04-29,2026-05-02,2026-05-05,Delivered
PO0003366,SUP0060,WH006,2025-06-09,2025-06-23,2025-06-24,Delivered
PO0003367,SUP0039,WH005,2026-03-24,2026-03-29,2026-04-03,Delivered
PO0003368,SUP0049,WH001,2026-04-26,2026-04-30,2026-05-01,Delivered
PO0003369,SUP0058,WH009,2026-01-23,2026-01-27,2026-01-27,Delivered
PO0003370,SUP0033,WH005,2026-05-04,2026-05-17,2026-05-18,Delivered
PO0003371,SUP0040,WH006,2026-05-29,2026-06-03,2026-06-03,Delivered
PO0003372,SUP0029,WH009,2025-04-15,2025-04-22,2025-04-24,Delivered
PO0003373,SUP0077,WH010,2026-05-21,2026-06-04,2026-06-04,Delivered
PO0003374,SUP0052,WH010,2025-04-06,2025-04-15,2025-04-15,Delivered
PO0003375,SUP0034,WH006,2025-12-18,2025-12-28,2025-12-29,Delivered
PO0003376,SUP0091,WH002,2025-01-11,2025-01-15,2025-01-16,Delivered
PO0003377,SUP0027,WH006,2025-09-17,2025-10-01,2025-10-01,Delivered
PO0003378,SUP0042,WH006,2025-10-25,2025-10-31,2025-11-02,Delivered
PO0003379,SUP0092,WH001,2025-09-24,2025-10-02,2025-10-10,Delivered
PO0003380,SUP0008,WH003,2026-04-20,2026-04-28,2026-04-28,Delivered
PO0003381,SUP0078,WH008,2025-09-29,2025-10-04,2025-10-04,Delivered
PO0003382,SUP0084,WH008,2026-06-17,2026-06-26,2026-06-29,Delivered
PO0003383,SUP0049,WH003,2025-03-23,2025-03-29,2025-04-03,Delivered
PO0003384,SUP0071,WH006,2025-02-14,2025-02-22,2025-02-27,Delivered
PO0003385,SUP0070,WH005,2026-03-29,2026-04-07,2026-04-08,Delivered
PO0003386,SUP0041,WH008,2026-04-26,2026-04-30,2026-04-30,Delivered
PO0003387,SUP0031,WH003,2026-06-07,2026-06-14,2026-06-14,Delivered
PO0003388,SUP0027,WH006,2025-09-25,2025-10-02,2025-10-03,Delivered
PO0003389,SUP0031,WH009,2025-11-27,2025-12-03,2025-12-03,Delivered
PO0003390,SUP0047,WH005,2025-11-24,2025-12-01,2025-12-01,Delivered
PO0003391,SUP0056,WH007,2026-07-03,2026-07-06,2026-07-07,Delivered
PO0003392,SUP0018,WH009,2026-07-24,2026-07-31,2026-08-02,Delivered
PO0003393,SUP0042,WH004,2026-05-13,2026-05-25,2026-05-25,Delivered
PO0003394,SUP0090,WH007,2025-12-18,2025-12-22,2025-12-24,Delivered
PO0003395,SUP0050,WH001,2026-04-15,2026-04-23,2026-04-23,Delivered
PO0003396,SUP0097,WH005,2026-03-14,2026-03-17,2026-03-19,Delivered
PO0003397,SUP0051,WH003,2026-03-10,2026-03-19,2026-03-19,Delivered
PO0003398,SUP0034,WH010,2026-01-08,2026-01-15,2026-01-15,Delivered
PO0003399,SUP0090,WH008,2025-02-20,2025-02-27,2025-02-27,Delivered
PO0003400,SUP0084,WH008,2026-01-08,2026-01-17,2026-01-17,Delivered
PO0003401,SUP0023,WH005,2025-07-23,2025-07-26,2025-07-26,Delivered
PO0003402,SUP0033,WH004,2025-06-29,2025-07-04,2025-07-06,Delivered
PO0003403,SUP0017,WH009,2025-09-18,2025-09-25,2025-09-27,Delivered
PO0003404,SUP0077,WH002,2025-09-25,2025-10-08,2025-10-11,Delivered
PO0003405,SUP0072,WH001,2025-01-21,2025-01-25,2025-01-25,Delivered
PO0003406,SUP0047,WH004,2025-02-15,2025-02-21,2025-02-22,Delivered
PO0003407,SUP0041,WH007,2025-06-22,2025-06-30,2025-07-02,Delivered
PO0003408,SUP0015,WH003,2025-10-09,2025-10-11,2025-10-14,Delivered
PO0003409,SUP0014,WH008,2026-03-11,2026-03-14,2026-03-16,Delivered
PO0003410,SUP0047,WH008,2025-05-17,2025-05-20,2025-05-20,Delivered
PO0003411,SUP0005,WH009,2025-09-21,2025-10-05,2025-10-05,Delivered
PO0003412,SUP0059,WH002,2026-02-04,2026-02-10,2026-02-12,Delivered
PO0003413,SUP0075,WH003,2025-01-28,2025-02-07,2025-02-07,Delivered
PO0003414,SUP0055,WH005,2026-06-24,2026-07-06,2026-07-07,Delivered
PO0003415,SUP0035,WH008,2026-02-21,2026-03-05,2026-03-05,Delivered
PO0003416,SUP0003,WH005,2025-08-27,2025-09-05,2025-09-05,Delivered
PO0003417,SUP0086,WH002,2025-12-13,2025-12-26,2025-12-28,Delivered
PO0003418,SUP0024,WH002,2026-05-28,2026-06-05,2026-06-13,Delivered
PO0003419,SUP0046,WH002,2026-04-05,2026-04-08,2026-04-08,Delivered
PO0003420,SUP0087,WH004,2026-06-30,2026-07-08,2026-07-09,Delivered
PO0003421,SUP0008,WH009,2025-02-13,2025-02-26,2025-02-28,Delivered
PO0003422,SUP0094,WH010,2026-05-06,2026-05-14,2026-05-14,Delivered
PO0003423,SUP0032,WH002,2025-05-11,2025-05-13,2025-05-13,Delivered
PO0003424,SUP0097,WH008,2025-09-08,2025-09-21,2025-09-21,Delivered
PO0003425,SUP0044,WH004,2026-08-05,2026-08-15,2026-08-15,Delivered
PO0003426,SUP0054,WH005,2026-02-28,2026-03-11,2026-03-16,Delivered
PO0003427,SUP0072,WH009,2025-02-17,2025-02-21,2025-02-23,Delivered
PO0003428,SUP0100,WH009,2025-05-20,2025-05-23,2025-05-23,Delivered
PO0003429,SUP0082,WH008,2025-05-05,2025-05-08,2025-05-09,Delivered
PO0003430,SUP0042,WH007,2026-05-09,2026-05-20,2026-05-21,Delivered
PO0003431,SUP0053,WH003,2026-01-28,2026-02-08,2026-02-08,Delivered
PO0003432,SUP0043,WH001,2025-02-27,2025-03-05,2025-03-05,Delivered
PO0003433,SUP0022,WH006,2026-08-21,2026-08-28,,In Transit
PO0003434,SUP0045,WH001,2025-12-22,2025-12-29,2025-12-29,Delivered
PO0003435,SUP0052,WH010,2025-07-22,2025-07-28,2025-07-29,Delivered
PO0003436,SUP0036,WH008,2025-10-26,2025-11-01,2025-11-06,Delivered
PO0003437,SUP0044,WH002,2026-03-21,2026-03-28,2026-03-31,Delivered
PO0003438,SUP0032,WH001,2025-09-29,2025-10-04,2025-10-04,Delivered
PO0003439,SUP0091,WH003,2026-03-04,2026-03-11,2026-03-11,Delivered
PO0003440,SUP0053,WH010,2026-07-13,2026-07-27,2026-07-30,Delivered
PO0003441,SUP0058,WH007,2025-07-19,2025-07-25,2025-07-25,Delivered
PO0003442,SUP0025,WH006,2025-06-27,2025-07-08,2025-07-08,Delivered
PO0003443,SUP0002,WH008,2026-07-26,2026-08-06,2026-08-08,Cancelled
PO0003444,SUP0081,WH008,2026-03-20,2026-03-22,2026-03-22,Delivered
PO0003445,SUP0041,WH002,2026-06-09,2026-06-20,2026-06-20,Delivered
PO0003446,SUP0042,WH002,2025-07-30,2025-08-04,2025-08-12,Delivered
PO0003447,SUP0052,WH008,2025-12-31,2026-01-04,2026-01-04,Delivered
PO0003448,SUP0077,WH002,2026-07-30,2026-08-09,2026-08-09,Delivered
PO0003449,SUP0096,WH007,2026-07-03,2026-07-10,2026-07-15,Delivered
PO0003450,SUP0007,WH003,2026-03-22,2026-03-30,2026-04-01,Delivered
PO0003451,SUP0033,WH004,2025-02-03,2025-02-06,2025-02-06,Delivered
PO0003452,SUP0035,WH003,2026-04-28,2026-05-09,2026-05-09,Delivered
PO0003453,SUP0028,WH008,2026-04-06,2026-04-09,2026-04-14,Delivered
PO0003454,SUP0072,WH004,2026-04-03,2026-04-17,2026-04-17,Delivered
PO0003455,SUP0019,WH004,2026-01-02,2026-01-05,2026-01-06,Delivered
PO0003456,SUP0006,WH003,2025-07-18,2025-07-26,2025-07-26,Delivered
PO0003457,SUP0098,WH003,2026-03-10,2026-03-22,2026-03-22,Delivered
PO0003458,SUP0060,WH002,2025-03-18,2025-03-31,2025-03-31,Delivered
PO0003459,SUP0038,WH006,2025-06-04,2025-06-11,2025-06-11,Delivered
PO0003460,SUP0077,WH001,2025-07-25,2025-08-06,2025-08-08,Delivered
PO0003461,SUP0091,WH010,2025-05-21,2025-05-30,2025-05-30,Delivered
PO0003462,SUP0013,WH005,2026-02-11,2026-02-15,2026-02-16,Delivered
PO0003463,SUP0054,WH008,2026-04-27,2026-04-29,2026-04-29,Delivered
PO0003464,SUP0014,WH009,2025-03-25,2025-04-04,2025-04-06,Delivered
PO0003465,SUP0011,WH003,2026-02-01,2026-02-03,2026-02-04,Delivered
PO0003466,SUP0042,WH006,2025-10-26,2025-11-05,2025-11-08,Cancelled
PO0003467,SUP0008,WH009,2026-06-01,2026-06-14,2026-06-15,Delivered
PO0003468,SUP0038,WH002,2025-06-12,2025-06-22,2025-06-22,Delivered
PO0003469,SUP0035,WH009,2026-04-07,2026-04-14,2026-04-14,Delivered
PO0003470,SUP0052,WH004,2025-01-15,2025-01-25,2025-01-26,Delivered
PO0003471,SUP0095,WH003,2026-04-16,2026-04-28,2026-04-28,Delivered
PO0003472,SUP0021,WH008,2026-03-11,2026-03-18,2026-03-21,Delivered
PO0003473,SUP0052,WH005,2025-05-09,2025-05-17,2025-05-17,Delivered
PO0003474,SUP0010,WH003,2026-01-01,2026-01-10,2026-01-11,Delivered
PO0003475,SUP0038,WH008,2026-02-02,2026-02-13,2026-02-15,Delivered
PO0003476,SUP0061,WH010,2026-08-11,2026-08-22,2026-08-22,Delivered
PO0003477,SUP0013,WH006,2025-07-17,2025-07-28,2025-07-29,Delivered
PO0003478,SUP0091,WH001,2025-09-27,2025-10-01,2025-10-01,Delivered
PO0003479,SUP0090,WH007,2026-07-28,2026-08-04,2026-08-07,Delivered
PO0003480,SUP0059,WH001,2026-06-27,2026-07-06,2026-07-08,Delivered
PO0003481,SUP0033,WH005,2026-01-29,2026-01-31,2026-02-03,Delivered
PO0003482,SUP0091,WH004,2025-02-01,2025-02-13,2025-02-18,Delivered
PO0003483,SUP0018,WH002,2026-03-10,2026-03-17,2026-03-17,Delivered
PO0003484,SUP0062,WH003,2025-01-08,2025-01-19,2025-01-19,Delivered
PO0003485,SUP0091,WH010,2025-05-13,2025-05-20,2025-05-20,Delivered
PO0003486,SUP0002,WH001,2025-07-01,2025-07-03,2025-07-11,Delivered
PO0003487,SUP0020,WH003,2026-07-15,2026-07-24,2026-07-24,Delivered
PO0003488,SUP0029,WH005,2025-07-14,2025-07-18,2025-07-18,Delivered
PO0003489,SUP0046,WH001,2026-04-30,2026-05-02,2026-05-02,Delivered
PO0003490,SUP0054,WH010,2025-04-26,2025-05-09,2025-05-09,Delivered
PO0003491,SUP0024,WH006,2026-06-05,2026-06-07,2026-06-08,Delivered
PO0003492,SUP0023,WH010,2026-05-13,2026-05-25,2026-05-25,Delivered
PO0003493,SUP0064,WH003,2025-12-21,2026-01-02,2026-01-04,Delivered
PO0003494,SUP0039,WH003,2026-08-11,2026-08-24,2026-08-24,Delivered
PO0003495,SUP0098,WH003,2025-06-04,2025-06-16,2025-06-16,Delivered
PO0003496,SUP0085,WH006,2025-12-21,2025-12-28,2025-12-28,Delivered
PO0003497,SUP0090,WH008,2025-12-12,2025-12-23,2025-12-28,Delivered
PO0003498,SUP0005,WH010,2025-09-19,2025-09-30,2025-10-02,Delivered
PO0003499,SUP0081,WH005,2026-07-11,2026-07-24,2026-07-24,Delivered
PO0003500,SUP0051,WH010,2025-11-30,2025-12-08,2025-12-09,Delivered
PO0003501,SUP0034,WH003,2026-04-28,2026-05-11,2026-05-12,Delivered
PO0003502,SUP0084,WH003,2025-02-22,2025-03-07,2025-03-08,Delivered
PO0003503,SUP0033,WH004,2025-04-09,2025-04-22,2025-04-23,Delivered
PO0003504,SUP0020,WH007,2025-04-15,2025-04-23,2025-04-24,Delivered
PO0003505,SUP0061,WH004,2025-03-16,2025-03-26,2025-03-27,Delivered
PO0003506,SUP0088,WH001,2025-09-14,2025-09-22,2025-09-30,Delivered
PO0003507,SUP0081,WH004,2025-02-21,2025-03-02,2025-03-04,Delivered
PO0003508,SUP0087,WH007,2025-05-01,2025-05-13,2025-05-15,Delivered
PO0003509,SUP0063,WH003,2026-06-02,2026-06-12,2026-06-20,Delivered
PO0003510,SUP0078,WH009,2025-09-18,2025-09-21,2025-09-24,Delivered
PO0003511,SUP0093,WH006,2025-07-11,2025-07-25,2025-07-28,Delivered
PO0003512,SUP0029,WH008,2026-02-12,2026-02-17,2026-02-17,Delivered
PO0003513,SUP0011,WH009,2025-06-23,2025-06-28,2025-07-01,Delivered
PO0003514,SUP0033,WH009,2025-08-31,2025-09-05,2025-09-05,Delivered
PO0003515,SUP0092,WH003,2025-03-02,2025-03-10,2025-03-10,Delivered
PO0003516,SUP0032,WH002,2026-05-08,2026-05-12,2026-05-12,Delivered
PO0003517,SUP0070,WH001,2025-10-03,2025-10-17,2025-10-22,Delivered
PO0003518,SUP0086,WH008,2025-08-18,2025-08-30,2025-08-31,Delivered
PO0003519,SUP0052,WH002,2026-02-15,2026-02-27,2026-03-02,Delivered
PO0003520,SUP0023,WH003,2025-03-12,2025-03-19,2025-03-24,Delivered
PO0003521,SUP0084,WH007,2026-07-24,2026-07-27,2026-07-27,Delivered
PO0003522,SUP0062,WH001,2025-01-21,2025-02-01,2025-02-01,Delivered
PO0003523,SUP0072,WH006,2026-08-26,2026-09-06,,In Transit
PO0003524,SUP0077,WH009,2026-05-24,2026-06-01,2026-06-01,Delivered
PO0003525,SUP0080,WH006,2025-10-31,2025-11-03,2025-11-03,Delivered
PO0003526,SUP0073,WH003,2025-09-07,2025-09-16,2025-09-16,Delivered
PO0003527,SUP0089,WH003,2025-02-11,2025-02-23,2025-02-26,Delivered
PO0003528,SUP0006,WH005,2026-07-15,2026-07-20,2026-07-21,Delivered
PO0003529,SUP0052,WH007,2025-02-12,2025-02-22,2025-02-23,Delivered
PO0003530,SUP0080,WH003,2025-09-22,2025-10-04,2025-10-04,Delivered
PO0003531,SUP0097,WH009,2026-05-29,2026-06-03,2026-06-03,Delivered
PO0003532,SUP0050,WH006,2025-03-25,2025-04-06,2025-04-08,Delivered
PO0003533,SUP0075,WH003,2025-05-03,2025-05-15,2025-05-15,Delivered
PO0003534,SUP0094,WH010,2025-06-19,2025-06-28,2025-06-28,Delivered
PO0003535,SUP0094,WH009,2026-01-05,2026-01-11,2026-01-11,Delivered
PO0003536,SUP0001,WH005,2026-08-22,2026-08-24,2026-08-24,Delivered
PO0003537,SUP0024,WH005,2025-02-08,2025-02-21,2025-02-21,Delivered
PO0003538,SUP0071,WH010,2026-01-29,2026-01-31,2026-02-08,Delivered
PO0003539,SUP0003,WH006,2025-04-15,2025-04-18,2025-04-18,Delivered
PO0003540,SUP0002,WH002,2025-11-16,2025-11-22,2025-11-27,Delivered
PO0003541,SUP0047,WH003,2026-02-24,2026-02-26,2026-02-26,Delivered
PO0003542,SUP0011,WH008,2026-06-15,2026-06-27,2026-06-28,Delivered
PO0003543,SUP0025,WH001,2026-07-27,2026-07-29,2026-07-29,Delivered
PO0003544,SUP0085,WH005,2025-01-05,2025-01-19,2025-01-21,Delivered
PO0003545,SUP0051,WH005,2025-09-29,2025-10-09,2025-10-12,Delivered
PO0003546,SUP0091,WH010,2026-05-20,2026-05-28,2026-05-31,Delivered
PO0003547,SUP0083,WH009,2025-05-13,2025-05-16,2025-05-16,Delivered
PO0003548,SUP0046,WH002,2026-01-18,2026-01-29,2026-01-29,Delivered
PO0003549,SUP0074,WH008,2026-02-25,2026-03-05,2026-03-07,Delivered
PO0003550,SUP0060,WH010,2025-03-28,2025-04-03,2025-04-03,Delivered
PO0003551,SUP0078,WH003,2025-11-06,2025-11-09,2025-11-09,Delivered
PO0003552,SUP0077,WH002,2026-04-02,2026-04-07,2026-04-07,Delivered
PO0003553,SUP0038,WH010,2025-10-04,2025-10-08,2025-10-10,Delivered
PO0003554,SUP0092,WH001,2026-05-16,2026-05-20,2026-05-22,Delivered
PO0003555,SUP0040,WH002,2025-03-27,2025-03-30,2025-04-01,Delivered
PO0003556,SUP0084,WH009,2025-05-26,2025-06-05,2025-06-05,Delivered
PO0003557,SUP0077,WH001,2025-08-06,2025-08-10,2025-08-10,Delivered
PO0003558,SUP0045,WH009,2026-04-14,2026-04-28,2026-04-30,Delivered
PO0003559,SUP0041,WH003,2025-11-06,2025-11-16,2025-11-16,Delivered
PO0003560,SUP0021,WH010,2025-04-28,2025-05-07,2025-05-07,Delivered
PO0003561,SUP0034,WH010,2026-01-07,2026-01-10,2026-01-10,Delivered
PO0003562,SUP0093,WH004,2026-05-11,2026-05-16,2026-05-16,Delivered
PO0003563,SUP0011,WH002,2025-11-01,2025-11-10,2025-11-10,Delivered
PO0003564,SUP0053,WH005,2025-02-15,2025-03-01,2025-03-01,Delivered
PO0003565,SUP0066,WH006,2026-03-09,2026-03-14,2026-03-19,Delivered
PO0003566,SUP0055,WH003,2025-12-21,2025-12-29,2025-12-29,Delivered
PO0003567,SUP0032,WH008,2025-08-08,2025-08-14,2025-08-14,Delivered
PO0003568,SUP0069,WH002,2025-08-23,2025-09-04,2025-09-04,Delivered
PO0003569,SUP0002,WH007,2026-02-26,2026-03-05,2026-03-08,Delivered
PO0003570,SUP0049,WH007,2025-04-12,2025-04-14,2025-04-16,Delivered
PO0003571,SUP0057,WH005,2026-01-27,2026-02-09,2026-02-09,Delivered
PO0003572,SUP0076,WH008,2025-11-10,2025-11-14,2025-11-15,Delivered
PO0003573,SUP0041,WH010,2025-11-30,2025-12-09,2025-12-10,Delivered
PO0003574,SUP0090,WH003,2026-07-26,2026-08-05,2026-08-08,Delivered
PO0003575,SUP0035,WH005,2026-01-17,2026-01-25,2026-01-30,Delivered
PO0003576,SUP0057,WH006,2025-05-30,2025-06-06,2025-06-09,Delivered
PO0003577,SUP0069,WH007,2026-05-13,2026-05-18,2026-05-18,Delivered
PO0003578,SUP0026,WH001,2025-11-13,2025-11-20,2025-11-20,Delivered
PO0003579,SUP0026,WH007,2026-06-26,2026-07-03,2026-07-03,Delivered
PO0003580,SUP0007,WH006,2025-01-12,2025-01-21,2025-01-21,Delivered
PO0003581,SUP0088,WH002,2026-02-18,2026-03-03,2026-03-04,Delivered
PO0003582,SUP0007,WH008,2025-11-07,2025-11-14,2025-11-17,Delivered
PO0003583,SUP0088,WH007,2025-03-29,2025-03-31,2025-03-31,Cancelled
PO0003584,SUP0036,WH006,2025-09-26,2025-10-07,2025-10-07,Delivered
PO0003585,SUP0004,WH010,2026-01-09,2026-01-20,2026-01-25,Delivered
PO0003586,SUP0027,WH001,2025-08-20,2025-08-23,2025-08-23,Delivered
PO0003587,SUP0035,WH004,2025-12-02,2025-12-05,2025-12-05,Delivered
PO0003588,SUP0078,WH006,2025-07-03,2025-07-11,2025-07-11,Delivered
PO0003589,SUP0077,WH005,2025-03-30,2025-04-12,2025-04-12,Delivered
PO0003590,SUP0037,WH001,2026-04-09,2026-04-21,2026-04-21,Cancelled
PO0003591,SUP0036,WH005,2025-08-08,2025-08-17,2025-08-20,Delivered
PO0003592,SUP0039,WH001,2025-08-22,2025-08-26,2025-08-26,Delivered
PO0003593,SUP0063,WH004,2025-12-31,2026-01-10,2026-01-11,Delivered
PO0003594,SUP0019,WH002,2025-11-09,2025-11-20,2025-11-20,Delivered
PO0003595,SUP0041,WH007,2025-07-15,2025-07-21,2025-07-21,Delivered
PO0003596,SUP0031,WH003,2025-08-31,2025-09-05,2025-09-06,Delivered
PO0003597,SUP0005,WH004,2025-01-29,2025-02-04,2025-02-04,Delivered
PO0003598,SUP0093,WH005,2026-06-19,2026-07-01,2026-07-01,Delivered
PO0003599,SUP0062,WH003,2026-07-25,2026-08-02,2026-08-05,Delivered
PO0003600,SUP0085,WH004,2025-10-13,2025-10-19,2025-10-19,Delivered
PO0003601,SUP0072,WH004,2026-03-21,2026-03-25,2026-03-25,Delivered
PO0003602,SUP0099,WH005,2025-06-18,2025-06-30,2025-07-05,Delivered
PO0003603,SUP0041,WH007,2026-01-31,2026-02-05,2026-02-10,Delivered
PO0003604,SUP0054,WH003,2026-03-21,2026-03-25,2026-03-26,Delivered
PO0003605,SUP0081,WH008,2025-04-12,2025-04-17,2025-04-22,Delivered
PO0003606,SUP0093,WH005,2025-12-21,2026-01-02,2026-01-02,Delivered
PO0003607,SUP0019,WH003,2026-07-27,2026-08-06,2026-08-06,Cancelled
PO0003608,SUP0049,WH002,2026-01-25,2026-02-06,2026-02-06,Delivered
PO0003609,SUP0092,WH007,2025-03-08,2025-03-10,2025-03-15,Delivered
PO0003610,SUP0025,WH004,2025-12-18,2025-12-30,2025-12-31,Delivered
PO0003611,SUP0026,WH010,2025-10-24,2025-11-06,2025-11-06,Delivered
PO0003612,SUP0027,WH009,2025-03-09,2025-03-21,2025-03-21,Delivered
PO0003613,SUP0010,WH001,2025-09-10,2025-09-23,2025-09-23,Delivered
PO0003614,SUP0073,WH008,2026-08-21,2026-08-26,2026-08-26,Delivered
PO0003615,SUP0065,WH006,2025-07-07,2025-07-19,2025-07-20,Delivered
PO0003616,SUP0059,WH002,2026-03-31,2026-04-09,2026-04-11,Delivered
PO0003617,SUP0012,WH006,2025-06-21,2025-07-05,2025-07-08,Delivered
PO0003618,SUP0027,WH003,2026-04-16,2026-04-30,2026-05-01,Delivered
PO0003619,SUP0026,WH010,2026-06-18,2026-06-22,2026-06-27,Delivered
PO0003620,SUP0024,WH007,2026-04-10,2026-04-19,2026-04-20,Delivered
PO0003621,SUP0098,WH005,2025-04-13,2025-04-20,2025-04-28,Delivered
PO0003622,SUP0012,WH007,2025-06-12,2025-06-19,2025-06-19,Delivered
PO0003623,SUP0021,WH010,2025-04-25,2025-05-03,2025-05-03,Delivered
PO0003624,SUP0098,WH010,2025-10-29,2025-10-31,2025-10-31,Delivered
PO0003625,SUP0042,WH008,2025-05-03,2025-05-08,2025-05-08,Delivered
PO0003626,SUP0095,WH007,2026-08-21,2026-08-29,,In Transit
PO0003627,SUP0027,WH010,2025-05-10,2025-05-17,2025-05-17,Delivered
PO0003628,SUP0024,WH004,2025-05-12,2025-05-22,2025-05-25,Delivered
PO0003629,SUP0010,WH003,2025-05-30,2025-06-10,2025-06-10,Delivered
PO0003630,SUP0045,WH010,2026-04-14,2026-04-21,2026-04-21,Delivered
PO0003631,SUP0076,WH004,2025-10-30,2025-11-11,2025-11-13,Delivered
PO0003632,SUP0069,WH002,2026-05-24,2026-05-29,2026-05-29,Delivered
PO0003633,SUP0012,WH008,2025-09-06,2025-09-18,2025-09-20,Delivered
PO0003634,SUP0056,WH001,2025-07-29,2025-08-11,2025-08-11,Delivered
PO0003635,SUP0041,WH008,2025-06-21,2025-07-02,2025-07-05,Delivered
PO0003636,SUP0016,WH005,2026-05-06,2026-05-15,2026-05-16,Cancelled
PO0003637,SUP0019,WH010,2025-10-22,2025-11-01,2025-11-01,Delivered
PO0003638,SUP0056,WH003,2026-01-19,2026-01-26,2026-01-26,Delivered
PO0003639,SUP0062,WH001,2025-12-20,2025-12-24,2025-12-24,Delivered
PO0003640,SUP0079,WH001,2025-11-26,2025-11-30,2025-11-30,Delivered
PO0003641,SUP0078,WH009,2025-06-29,2025-07-07,2025-07-09,Delivered
PO0003642,SUP0098,WH004,2025-04-08,2025-04-16,2025-04-18,Delivered
PO0003643,SUP0083,WH002,2026-08-09,2026-08-23,2026-08-24,Delivered
PO0003644,SUP0050,WH008,2026-03-25,2026-03-31,2026-04-03,Delivered
PO0003645,SUP0074,WH007,2025-01-04,2025-01-11,2025-01-12,Delivered
PO0003646,SUP0062,WH007,2026-03-13,2026-03-19,2026-03-19,Delivered
PO0003647,SUP0075,WH006,2025-01-25,2025-02-01,2025-02-06,Delivered
PO0003648,SUP0031,WH002,2026-04-08,2026-04-11,2026-04-11,Delivered
PO0003649,SUP0029,WH004,2026-08-18,2026-08-30,,In Transit
PO0003650,SUP0029,WH009,2025-04-03,2025-04-09,2025-04-09,Delivered
PO0003651,SUP0063,WH010,2025-05-13,2025-05-15,2025-05-15,Delivered
PO0003652,SUP0091,WH004,2025-01-01,2025-01-12,2025-01-20,Delivered
PO0003653,SUP0079,WH002,2025-06-02,2025-06-14,2025-06-14,Delivered
PO0003654,SUP0065,WH005,2025-05-02,2025-05-07,2025-05-12,Delivered
PO0003655,SUP0014,WH009,2026-02-22,2026-03-05,2026-03-05,Delivered
PO0003656,SUP0019,WH002,2025-10-27,2025-11-03,2025-11-06,Delivered
PO0003657,SUP0031,WH009,2025-05-27,2025-06-01,2025-06-02,Delivered
PO0003658,SUP0045,WH008,2025-09-26,2025-10-10,2025-10-13,Delivered
PO0003659,SUP0044,WH001,2025-08-11,2025-08-14,2025-08-14,Delivered
PO0003660,SUP0065,WH001,2025-04-03,2025-04-12,2025-04-12,Delivered
PO0003661,SUP0016,WH005,2026-03-26,2026-03-29,2026-04-03,Delivered
PO0003662,SUP0003,WH002,2026-04-30,2026-05-06,2026-05-08,Delivered
PO0003663,SUP0065,WH005,2025-06-03,2025-06-14,2025-06-19,Delivered
PO0003664,SUP0027,WH009,2026-04-01,2026-04-10,2026-04-10,Delivered
PO0003665,SUP0048,WH001,2025-08-30,2025-09-09,2025-09-09,Delivered
PO0003666,SUP0046,WH001,2026-06-23,2026-06-26,2026-06-26,Delivered
PO0003667,SUP0065,WH001,2026-07-04,2026-07-16,2026-07-16,Delivered
PO0003668,SUP0025,WH001,2025-09-03,2025-09-06,2025-09-06,Delivered
PO0003669,SUP0057,WH008,2026-01-11,2026-01-22,2026-01-22,Delivered
PO0003670,SUP0055,WH006,2025-09-08,2025-09-18,2025-09-23,Delivered
PO0003671,SUP0049,WH005,2026-06-09,2026-06-12,2026-06-17,Delivered
PO0003672,SUP0009,WH008,2026-08-24,2026-09-06,,In Transit
PO0003673,SUP0013,WH009,2026-08-24,2026-09-03,,In Transit
PO0003674,SUP0023,WH008,2025-09-15,2025-09-26,2025-10-01,Delivered
PO0003675,SUP0007,WH005,2026-06-21,2026-07-05,2026-07-07,Delivered
PO0003676,SUP0030,WH006,2025-11-13,2025-11-19,2025-11-19,Delivered
PO0003677,SUP0095,WH003,2026-07-25,2026-08-02,2026-08-03,Delivered
PO0003678,SUP0063,WH006,2026-03-29,2026-04-03,2026-04-03,Delivered
PO0003679,SUP0079,WH005,2025-05-02,2025-05-11,2025-05-14,Delivered
PO0003680,SUP0057,WH010,2026-07-28,2026-08-08,2026-08-08,Delivered
PO0003681,SUP0085,WH008,2025-07-27,2025-08-09,2025-08-10,Delivered
PO0003682,SUP0026,WH001,2025-10-07,2025-10-11,2025-10-12,Delivered
PO0003683,SUP0001,WH001,2026-06-15,2026-06-25,2026-06-26,Delivered
PO0003684,SUP0025,WH007,2025-07-23,2025-08-06,2025-08-06,Delivered
PO0003685,SUP0077,WH002,2026-01-05,2026-01-11,2026-01-12,Delivered
PO0003686,SUP0064,WH001,2025-08-22,2025-08-29,2025-08-30,Delivered
PO0003687,SUP0030,WH003,2025-05-16,2025-05-27,2025-05-27,Delivered
PO0003688,SUP0093,WH004,2026-08-11,2026-08-14,2026-08-14,Delivered
PO0003689,SUP0033,WH007,2025-01-11,2025-01-20,2025-01-20,Delivered
PO0003690,SUP0034,WH008,2025-09-14,2025-09-25,2025-09-25,Delivered
PO0003691,SUP0023,WH010,2026-07-22,2026-07-24,2026-07-24,Delivered
PO0003692,SUP0047,WH007,2026-05-30,2026-06-02,2026-06-02,Delivered
PO0003693,SUP0097,WH009,2026-01-25,2026-02-08,2026-02-08,Delivered
PO0003694,SUP0077,WH004,2026-01-17,2026-01-20,2026-01-21,Delivered
PO0003695,SUP0064,WH001,2026-04-08,2026-04-21,2026-04-23,Delivered
PO0003696,SUP0033,WH008,2025-09-21,2025-09-26,2025-09-26,Delivered
PO0003697,SUP0055,WH003,2025-04-20,2025-04-29,2025-04-29,Cancelled
PO0003698,SUP0036,WH001,2025-12-27,2025-12-29,2025-12-29,Delivered
PO0003699,SUP0059,WH008,2025-01-12,2025-01-25,2025-01-25,Delivered
PO0003700,SUP0075,WH008,2025-06-25,2025-07-05,2025-07-05,Delivered
PO0003701,SUP0069,WH004,2026-01-14,2026-01-17,2026-01-18,Delivered
PO0003702,SUP0044,WH002,2026-01-21,2026-02-01,2026-02-02,Delivered
PO0003703,SUP0075,WH009,2025-12-29,2026-01-01,2026-01-01,Delivered
PO0003704,SUP0019,WH008,2026-07-09,2026-07-20,2026-07-25,Delivered
PO0003705,SUP0020,WH007,2026-07-11,2026-07-13,2026-07-16,Cancelled
PO0003706,SUP0005,WH004,2026-08-11,2026-08-13,2026-08-13,Delivered
PO0003707,SUP0049,WH006,2025-01-22,2025-02-02,2025-02-07,Delivered
PO0003708,SUP0048,WH005,2026-04-02,2026-04-11,2026-04-11,Delivered
PO0003709,SUP0051,WH008,2025-07-25,2025-07-31,2025-08-03,Delivered
PO0003710,SUP0069,WH002,2025-07-12,2025-07-17,2025-07-17,Delivered
PO0003711,SUP0036,WH005,2025-12-16,2025-12-28,2025-12-31,Delivered
PO0003712,SUP0046,WH007,2025-12-05,2025-12-17,2025-12-17,Delivered
PO0003713,SUP0085,WH001,2025-07-10,2025-07-12,2025-07-12,Delivered
PO0003714,SUP0086,WH003,2025-02-19,2025-02-26,2025-02-28,Delivered
PO0003715,SUP0026,WH002,2026-07-26,2026-08-02,2026-08-04,Delivered
PO0003716,SUP0064,WH005,2026-05-12,2026-05-19,2026-05-19,Delivered
PO0003717,SUP0070,WH002,2025-03-18,2025-03-21,2025-03-21,Delivered
PO0003718,SUP0097,WH005,2026-01-20,2026-01-22,2026-01-27,Delivered
PO0003719,SUP0082,WH010,2025-08-02,2025-08-06,2025-08-06,Delivered
PO0003720,SUP0052,WH005,2025-09-03,2025-09-15,2025-09-15,Delivered
PO0003721,SUP0008,WH002,2025-05-10,2025-05-19,2025-05-19,Delivered
PO0003722,SUP0072,WH002,2026-01-09,2026-01-22,2026-01-23,Delivered
PO0003723,SUP0030,WH002,2026-05-04,2026-05-07,2026-05-07,Delivered
PO0003724,SUP0008,WH010,2025-12-07,2025-12-11,2025-12-14,Cancelled
PO0003725,SUP0068,WH008,2025-02-16,2025-02-23,2025-02-23,Delivered
PO0003726,SUP0081,WH006,2025-02-24,2025-03-09,2025-03-09,Delivered
PO0003727,SUP0100,WH006,2025-09-23,2025-10-05,2025-10-05,Delivered
PO0003728,SUP0070,WH004,2025-12-19,2025-12-21,2025-12-21,Cancelled
PO0003729,SUP0026,WH009,2025-05-30,2025-06-02,2025-06-03,Delivered
PO0003730,SUP0093,WH006,2025-09-29,2025-10-10,2025-10-10,Delivered
PO0003731,SUP0066,WH010,2025-03-07,2025-03-21,2025-03-21,Delivered
PO0003732,SUP0076,WH007,2025-07-24,2025-08-02,2025-08-02,Cancelled
PO0003733,SUP0019,WH009,2025-07-03,2025-07-05,2025-07-06,Delivered
PO0003734,SUP0078,WH008,2026-02-26,2026-02-28,2026-02-28,Delivered
PO0003735,SUP0035,WH004,2026-05-28,2026-06-03,2026-06-04,Delivered
PO0003736,SUP0064,WH004,2026-01-24,2026-01-28,2026-01-28,Delivered
PO0003737,SUP0066,WH010,2026-06-21,2026-06-28,2026-07-03,Cancelled
PO0003738,SUP0040,WH001,2025-06-03,2025-06-06,2025-06-06,Delivered
PO0003739,SUP0025,WH009,2025-11-14,2025-11-19,2025-11-19,Delivered
PO0003740,SUP0057,WH001,2026-08-16,2026-08-22,2026-08-24,Delivered
PO0003741,SUP0008,WH003,2025-03-09,2025-03-22,2025-03-30,Delivered
PO0003742,SUP0087,WH006,2026-08-20,2026-08-22,2026-08-22,Delivered
PO0003743,SUP0001,WH007,2025-08-17,2025-08-27,2025-08-28,Delivered
PO0003744,SUP0002,WH004,2026-08-09,2026-08-11,2026-08-11,Delivered
PO0003745,SUP0029,WH006,2025-10-15,2025-10-26,2025-10-26,Delivered
PO0003746,SUP0093,WH004,2026-03-21,2026-04-03,2026-04-06,Delivered
PO0003747,SUP0004,WH001,2025-11-08,2025-11-16,2025-11-16,Delivered
PO0003748,SUP0092,WH007,2026-01-16,2026-01-22,2026-01-25,Delivered
PO0003749,SUP0058,WH005,2025-10-09,2025-10-19,2025-10-20,Delivered
PO0003750,SUP0059,WH004,2026-07-21,2026-07-25,2026-07-27,Delivered
PO0003751,SUP0093,WH008,2025-11-02,2025-11-05,2025-11-06,Delivered
PO0003752,SUP0066,WH007,2025-12-25,2026-01-06,2026-01-06,Delivered
PO0003753,SUP0040,WH003,2026-08-03,2026-08-17,2026-08-18,Delivered
PO0003754,SUP0080,WH003,2025-07-23,2025-07-29,2025-07-30,Delivered
PO0003755,SUP0022,WH009,2025-03-04,2025-03-09,2025-03-09,Cancelled
PO0003756,SUP0028,WH008,2026-03-24,2026-03-30,2026-04-02,Delivered
PO0003757,SUP0057,WH004,2025-08-15,2025-08-23,2025-08-25,Delivered
PO0003758,SUP0075,WH003,2025-03-11,2025-03-19,2025-03-19,Delivered
PO0003759,SUP0075,WH008,2025-02-20,2025-03-06,2025-03-06,Delivered
PO0003760,SUP0075,WH005,2026-03-29,2026-04-07,2026-04-08,Delivered
PO0003761,SUP0030,WH010,2025-06-06,2025-06-19,2025-06-19,Delivered
PO0003762,SUP0079,WH005,2026-05-12,2026-05-20,2026-05-22,Delivered
PO0003763,SUP0057,WH009,2026-06-09,2026-06-18,2026-06-19,Delivered
PO0003764,SUP0096,WH004,2025-11-18,2025-12-01,2025-12-01,Delivered
PO0003765,SUP0064,WH008,2025-02-19,2025-03-01,2025-03-01,Delivered
PO0003766,SUP0025,WH001,2025-08-28,2025-09-04,2025-09-12,Delivered
PO0003767,SUP0009,WH007,2026-05-18,2026-05-29,2026-05-29,Delivered
PO0003768,SUP0022,WH007,2026-06-20,2026-06-25,2026-06-25,Delivered
PO0003769,SUP0066,WH009,2026-06-17,2026-06-20,2026-06-23,Delivered
PO0003770,SUP0071,WH004,2026-01-16,2026-01-23,2026-01-24,Delivered
PO0003771,SUP0072,WH004,2025-09-10,2025-09-18,2025-09-18,Delivered
PO0003772,SUP0094,WH006,2025-10-03,2025-10-17,2025-10-17,Delivered
PO0003773,SUP0067,WH002,2026-06-02,2026-06-05,2026-06-06,Delivered
PO0003774,SUP0026,WH004,2025-01-09,2025-01-12,2025-01-12,Delivered
PO0003775,SUP0070,WH008,2026-05-23,2026-06-01,2026-06-03,Delivered
PO0003776,SUP0067,WH007,2025-04-11,2025-04-23,2025-04-24,Delivered
PO0003777,SUP0078,WH008,2026-02-02,2026-02-11,2026-02-11,Delivered
PO0003778,SUP0085,WH007,2025-05-12,2025-05-19,2025-05-19,Delivered
PO0003779,SUP0022,WH002,2026-08-23,2026-08-30,,In Transit
PO0003780,SUP0023,WH007,2025-08-05,2025-08-08,2025-08-08,Delivered
PO0003781,SUP0067,WH001,2025-10-23,2025-11-05,2025-11-08,Delivered
PO0003782,SUP0060,WH010,2025-08-03,2025-08-06,2025-08-07,Delivered
PO0003783,SUP0083,WH005,2025-11-04,2025-11-11,2025-11-13,Delivered
PO0003784,SUP0056,WH008,2026-07-02,2026-07-07,2026-07-08,Delivered
PO0003785,SUP0070,WH003,2026-04-06,2026-04-12,2026-04-12,Delivered
PO0003786,SUP0041,WH010,2025-12-08,2025-12-14,2025-12-17,Delivered
PO0003787,SUP0038,WH007,2025-08-22,2025-08-31,2025-09-03,Delivered
PO0003788,SUP0037,WH009,2026-03-14,2026-03-19,2026-03-19,Delivered
PO0003789,SUP0003,WH004,2025-05-15,2025-05-29,2025-05-29,Delivered
PO0003790,SUP0022,WH003,2025-03-26,2025-03-30,2025-03-31,Delivered
PO0003791,SUP0086,WH006,2026-06-02,2026-06-11,2026-06-11,Delivered
PO0003792,SUP0027,WH006,2025-02-22,2025-02-26,2025-02-27,Delivered
PO0003793,SUP0048,WH001,2025-01-02,2025-01-12,2025-01-14,Delivered
PO0003794,SUP0041,WH010,2025-10-06,2025-10-09,2025-10-10,Delivered
PO0003795,SUP0038,WH004,2025-11-18,2025-11-21,2025-11-21,Delivered
PO0003796,SUP0014,WH009,2025-09-24,2025-10-04,2025-10-04,Delivered
PO0003797,SUP0063,WH007,2026-02-24,2026-03-01,2026-03-01,Delivered
PO0003798,SUP0048,WH010,2025-04-16,2025-04-29,2025-05-01,Delivered
PO0003799,SUP0061,WH008,2026-06-14,2026-06-24,2026-06-27,Delivered
PO0003800,SUP0075,WH004,2025-10-22,2025-11-04,2025-11-07,Delivered
PO0003801,SUP0099,WH009,2025-07-14,2025-07-21,2025-07-21,Delivered
PO0003802,SUP0086,WH008,2026-04-17,2026-04-24,2026-04-24,Delivered
PO0003803,SUP0026,WH009,2026-04-21,2026-04-27,2026-04-27,Delivered
PO0003804,SUP0087,WH010,2026-08-07,2026-08-18,2026-08-20,Delivered
PO0003805,SUP0045,WH003,2025-08-24,2025-09-05,2025-09-05,Delivered
PO0003806,SUP0030,WH002,2026-08-16,2026-08-28,,In Transit
PO0003807,SUP0045,WH001,2025-07-31,2025-08-07,2025-08-08,Delivered
PO0003808,SUP0039,WH008,2025-06-30,2025-07-14,2025-07-16,Delivered
PO0003809,SUP0092,WH010,2026-02-17,2026-03-03,2026-03-03,Delivered
PO0003810,SUP0048,WH009,2026-03-18,2026-03-20,2026-03-20,Delivered
PO0003811,SUP0059,WH009,2025-06-17,2025-06-23,2025-06-23,Delivered
PO0003812,SUP0014,WH004,2026-04-01,2026-04-07,2026-04-07,Delivered
PO0003813,SUP0100,WH002,2025-10-01,2025-10-08,2025-10-08,Delivered
PO0003814,SUP0012,WH007,2025-11-26,2025-11-29,2025-11-30,Delivered
PO0003815,SUP0041,WH008,2025-10-28,2025-11-08,2025-11-08,Delivered
PO0003816,SUP0080,WH005,2026-05-05,2026-05-16,2026-05-18,Delivered
PO0003817,SUP0010,WH008,2026-02-24,2026-02-28,2026-03-05,Delivered
PO0003818,SUP0050,WH008,2025-10-08,2025-10-17,2025-10-19,Delivered
PO0003819,SUP0044,WH004,2025-04-29,2025-05-05,2025-05-05,Cancelled
PO0003820,SUP0073,WH010,2026-04-29,2026-05-10,2026-05-11,Delivered
PO0003821,SUP0045,WH006,2025-03-18,2025-03-29,2025-03-31,Delivered
PO0003822,SUP0080,WH009,2025-03-19,2025-03-23,2025-03-23,Delivered
PO0003823,SUP0008,WH008,2026-06-30,2026-07-09,2026-07-09,Delivered
PO0003824,SUP0027,WH004,2025-05-30,2025-06-07,2025-06-07,Cancelled
PO0003825,SUP0053,WH005,2026-07-04,2026-07-13,2026-07-13,Delivered
PO0003826,SUP0005,WH003,2025-06-22,2025-06-28,2025-06-28,Delivered
PO0003827,SUP0056,WH002,2025-01-23,2025-02-05,2025-02-08,Delivered
PO0003828,SUP0005,WH009,2026-03-03,2026-03-10,2026-03-10,Delivered
PO0003829,SUP0055,WH006,2025-02-24,2025-03-02,2025-03-02,Delivered
PO0003830,SUP0069,WH003,2025-07-30,2025-08-12,2025-08-14,Delivered
PO0003831,SUP0082,WH005,2025-03-06,2025-03-15,2025-03-15,Delivered
PO0003832,SUP0049,WH007,2026-08-06,2026-08-12,2026-08-12,Delivered
PO0003833,SUP0027,WH009,2026-01-10,2026-01-20,2026-01-23,Delivered
PO0003834,SUP0062,WH004,2025-04-02,2025-04-04,2025-04-07,Delivered
PO0003835,SUP0079,WH002,2026-02-15,2026-02-28,2026-02-28,Delivered
PO0003836,SUP0027,WH005,2025-09-06,2025-09-09,2025-09-10,Delivered
PO0003837,SUP0034,WH004,2025-03-08,2025-03-21,2025-03-21,Delivered
PO0003838,SUP0075,WH009,2025-09-30,2025-10-11,2025-10-14,Delivered
PO0003839,SUP0097,WH007,2026-04-25,2026-04-27,2026-04-27,Delivered
PO0003840,SUP0089,WH004,2025-01-12,2025-01-23,2025-01-23,Delivered
PO0003841,SUP0085,WH007,2025-03-23,2025-03-30,2025-04-02,Delivered
PO0003842,SUP0054,WH005,2025-04-06,2025-04-12,2025-04-14,Delivered
PO0003843,SUP0098,WH001,2025-06-16,2025-06-29,2025-07-04,Delivered
PO0003844,SUP0071,WH007,2026-01-12,2026-01-25,2026-01-25,Delivered
PO0003845,SUP0036,WH002,2026-01-31,2026-02-09,2026-02-09,Delivered
PO0003846,SUP0013,WH006,2025-04-24,2025-05-08,2025-05-09,Delivered
PO0003847,SUP0010,WH007,2026-04-19,2026-05-01,2026-05-02,Delivered
PO0003848,SUP0068,WH008,2026-07-28,2026-08-06,2026-08-06,Delivered
PO0003849,SUP0087,WH010,2026-03-07,2026-03-09,2026-03-09,Cancelled
PO0003850,SUP0070,WH007,2026-05-30,2026-06-11,2026-06-12,Delivered
PO0003851,SUP0030,WH008,2025-08-23,2025-08-29,2025-09-01,Delivered
PO0003852,SUP0026,WH008,2025-03-11,2025-03-15,2025-03-18,Delivered
PO0003853,SUP0080,WH005,2026-03-11,2026-03-23,2026-03-23,Delivered
PO0003854,SUP0045,WH010,2025-06-26,2025-07-06,2025-07-08,Delivered
PO0003855,SUP0012,WH008,2025-10-15,2025-10-29,2025-10-29,Delivered
PO0003856,SUP0055,WH005,2025-07-29,2025-07-31,2025-07-31,Cancelled
PO0003857,SUP0041,WH003,2025-04-07,2025-04-20,2025-04-20,Delivered
PO0003858,SUP0077,WH007,2026-03-10,2026-03-21,2026-03-21,Delivered
PO0003859,SUP0004,WH007,2025-10-02,2025-10-10,2025-10-12,Delivered
PO0003860,SUP0064,WH004,2025-08-03,2025-08-10,2025-08-13,Delivered
PO0003861,SUP0073,WH004,2025-10-16,2025-10-23,2025-10-23,Delivered
PO0003862,SUP0005,WH004,2025-08-14,2025-08-17,2025-08-18,Delivered
PO0003863,SUP0067,WH004,2026-06-28,2026-07-08,2026-07-13,Delivered
PO0003864,SUP0009,WH009,2025-11-18,2025-11-26,2025-11-26,Delivered
PO0003865,SUP0056,WH002,2026-03-16,2026-03-21,2026-03-21,Delivered
PO0003866,SUP0090,WH007,2025-01-03,2025-01-05,2025-01-05,Delivered
PO0003867,SUP0015,WH004,2025-05-21,2025-05-27,2025-05-27,Delivered
PO0003868,SUP0061,WH004,2026-05-01,2026-05-14,2026-05-15,Delivered
PO0003869,SUP0072,WH009,2025-01-11,2025-01-20,2025-01-20,Delivered
PO0003870,SUP0097,WH005,2025-01-29,2025-01-31,2025-01-31,Delivered
PO0003871,SUP0075,WH001,2025-01-10,2025-01-17,2025-01-18,Delivered
PO0003872,SUP0033,WH009,2025-09-29,2025-10-07,2025-10-07,Delivered
PO0003873,SUP0003,WH008,2025-05-26,2025-06-05,2025-06-06,Delivered
PO0003874,SUP0045,WH002,2025-03-03,2025-03-09,2025-03-14,Delivered
PO0003875,SUP0049,WH001,2026-03-03,2026-03-09,2026-03-09,Delivered
PO0003876,SUP0036,WH001,2026-04-28,2026-05-02,2026-05-02,Delivered
PO0003877,SUP0075,WH001,2026-01-28,2026-02-05,2026-02-08,Delivered
PO0003878,SUP0003,WH009,2026-08-20,2026-08-24,2026-08-24,Delivered
PO0003879,SUP0088,WH007,2025-01-16,2025-01-21,2025-01-21,Delivered
PO0003880,SUP0025,WH006,2025-08-22,2025-09-02,2025-09-02,Delivered
PO0003881,SUP0100,WH010,2026-04-06,2026-04-16,2026-04-19,Delivered
PO0003882,SUP0078,WH003,2026-05-18,2026-06-01,2026-06-01,Delivered
PO0003883,SUP0041,WH001,2026-04-17,2026-04-22,2026-04-23,Delivered
PO0003884,SUP0091,WH007,2025-05-12,2025-05-18,2025-05-18,Delivered
PO0003885,SUP0073,WH006,2025-06-27,2025-07-02,2025-07-02,Delivered
PO0003886,SUP0037,WH006,2026-01-23,2026-01-29,2026-01-29,Delivered
PO0003887,SUP0020,WH005,2025-04-10,2025-04-13,2025-04-13,Delivered
PO0003888,SUP0100,WH010,2025-11-12,2025-11-17,2025-11-17,Delivered
PO0003889,SUP0016,WH004,2026-04-25,2026-04-30,2026-05-03,Delivered
PO0003890,SUP0086,WH008,2025-02-08,2025-02-15,2025-02-15,Delivered
PO0003891,SUP0046,WH007,2026-02-20,2026-03-06,2026-03-08,Delivered
PO0003892,SUP0035,WH005,2026-08-05,2026-08-13,2026-08-13,Delivered
PO0003893,SUP0100,WH004,2026-06-24,2026-06-30,2026-06-30,Delivered
PO0003894,SUP0076,WH004,2025-05-28,2025-05-31,2025-06-01,Delivered
PO0003895,SUP0019,WH002,2026-03-30,2026-04-13,2026-04-13,Delivered
PO0003896,SUP0096,WH001,2025-06-08,2025-06-22,2025-06-22,Delivered
PO0003897,SUP0084,WH010,2026-07-20,2026-08-02,2026-08-03,Delivered
PO0003898,SUP0050,WH002,2025-08-30,2025-09-11,2025-09-14,Delivered
PO0003899,SUP0058,WH006,2025-01-03,2025-01-09,2025-01-09,Delivered
PO0003900,SUP0086,WH005,2025-01-26,2025-02-02,2025-02-03,Delivered
PO0003901,SUP0012,WH002,2026-04-15,2026-04-21,2026-04-22,Delivered
PO0003902,SUP0045,WH002,2026-07-10,2026-07-20,2026-07-21,Delivered
PO0003903,SUP0072,WH005,2025-02-24,2025-03-09,2025-03-12,Delivered
PO0003904,SUP0021,WH010,2025-11-07,2025-11-17,2025-11-17,Delivered
PO0003905,SUP0076,WH004,2025-03-28,2025-04-03,2025-04-05,Delivered
PO0003906,SUP0037,WH008,2025-12-27,2025-12-30,2025-12-30,Delivered
PO0003907,SUP0071,WH007,2025-12-11,2025-12-21,2025-12-21,Delivered
PO0003908,SUP0005,WH010,2026-04-22,2026-05-03,2026-05-06,Delivered
PO0003909,SUP0097,WH004,2026-03-10,2026-03-14,2026-03-16,Delivered
PO0003910,SUP0093,WH003,2026-03-28,2026-04-08,2026-04-08,Delivered
PO0003911,SUP0048,WH001,2025-12-09,2025-12-21,2025-12-22,Delivered
PO0003912,SUP0074,WH009,2026-03-08,2026-03-11,2026-03-13,Delivered
PO0003913,SUP0027,WH004,2025-10-17,2025-10-27,2025-10-27,Delivered
PO0003914,SUP0011,WH010,2025-12-18,2025-12-21,2025-12-21,Delivered
PO0003915,SUP0097,WH007,2025-07-15,2025-07-24,2025-07-24,Delivered
PO0003916,SUP0084,WH010,2025-03-08,2025-03-17,2025-03-22,Delivered
PO0003917,SUP0074,WH007,2026-01-29,2026-01-31,2026-02-01,Delivered
PO0003918,SUP0038,WH003,2025-08-07,2025-08-11,2025-08-13,Delivered
PO0003919,SUP0078,WH002,2026-03-03,2026-03-15,2026-03-15,Delivered
PO0003920,SUP0070,WH005,2026-05-16,2026-05-29,2026-06-01,Delivered
PO0003921,SUP0044,WH002,2026-06-24,2026-06-26,2026-06-26,Delivered
PO0003922,SUP0009,WH006,2025-09-21,2025-09-25,2025-09-25,Delivered
PO0003923,SUP0028,WH008,2026-01-22,2026-01-25,2026-01-25,Delivered
PO0003924,SUP0093,WH008,2026-02-02,2026-02-11,2026-02-12,Delivered
PO0003925,SUP0018,WH007,2025-09-15,2025-09-26,2025-09-26,Delivered
PO0003926,SUP0050,WH002,2025-09-12,2025-09-19,2025-09-19,Delivered
PO0003927,SUP0095,WH003,2026-01-08,2026-01-15,2026-01-15,Delivered
PO0003928,SUP0097,WH002,2025-04-24,2025-05-05,2025-05-06,Delivered
PO0003929,SUP0054,WH004,2026-07-22,2026-07-25,2026-07-25,Delivered
PO0003930,SUP0098,WH001,2025-09-18,2025-09-25,2025-09-25,Delivered
PO0003931,SUP0036,WH003,2026-08-02,2026-08-04,2026-08-04,Cancelled
PO0003932,SUP0055,WH003,2025-11-10,2025-11-21,2025-11-21,Delivered
PO0003933,SUP0071,WH007,2025-10-01,2025-10-14,2025-10-17,Delivered
PO0003934,SUP0040,WH004,2026-01-08,2026-01-16,2026-01-16,Delivered
PO0003935,SUP0083,WH009,2025-03-10,2025-03-12,2025-03-14,Delivered
PO0003936,SUP0054,WH003,2025-07-23,2025-08-01,2025-08-01,Delivered
PO0003937,SUP0066,WH007,2025-08-09,2025-08-12,2025-08-12,Delivered
PO0003938,SUP0003,WH007,2025-02-09,2025-02-14,2025-02-15,Delivered
PO0003939,SUP0059,WH001,2026-08-11,2026-08-19,2026-08-19,Delivered
PO0003940,SUP0069,WH006,2025-06-01,2025-06-12,2025-06-13,Delivered
PO0003941,SUP0018,WH001,2025-10-17,2025-10-30,2025-10-31,Delivered
PO0003942,SUP0008,WH005,2025-10-16,2025-10-29,2025-11-01,Delivered
PO0003943,SUP0057,WH010,2026-06-06,2026-06-17,2026-06-17,Delivered
PO0003944,SUP0005,WH002,2025-02-14,2025-02-26,2025-02-26,Delivered
PO0003945,SUP0055,WH007,2025-09-16,2025-09-19,2025-09-22,Delivered
PO0003946,SUP0007,WH007,2025-11-30,2025-12-05,2025-12-05,Delivered
PO0003947,SUP0017,WH008,2025-01-26,2025-02-08,2025-02-08,Delivered
PO0003948,SUP0095,WH010,2025-11-29,2025-12-06,2025-12-07,Delivered
PO0003949,SUP0037,WH010,2026-04-22,2026-04-29,2026-04-29,Delivered
PO0003950,SUP0006,WH004,2025-11-22,2025-11-26,2025-11-26,Delivered
PO0003951,SUP0096,WH010,2026-08-23,2026-08-25,2026-08-25,Delivered
PO0003952,SUP0033,WH002,2026-03-25,2026-04-04,2026-04-04,Delivered
PO0003953,SUP0057,WH003,2026-06-17,2026-06-19,2026-06-19,Delivered
PO0003954,SUP0011,WH001,2026-05-23,2026-06-02,2026-06-02,Delivered
PO0003955,SUP0002,WH010,2026-06-18,2026-07-02,2026-07-02,Delivered
PO0003956,SUP0004,WH002,2026-01-02,2026-01-13,2026-01-15,Delivered
PO0003957,SUP0007,WH004,2025-07-12,2025-07-24,2025-07-29,Delivered
PO0003958,SUP0088,WH006,2025-04-29,2025-05-01,2025-05-02,Delivered
PO0003959,SUP0002,WH008,2025-04-16,2025-04-29,2025-04-29,Delivered
PO0003960,SUP0004,WH002,2026-08-06,2026-08-08,2026-08-09,Delivered
PO0003961,SUP0037,WH008,2025-08-03,2025-08-15,2025-08-15,Delivered
PO0003962,SUP0098,WH009,2025-06-24,2025-07-04,2025-07-05,Delivered
PO0003963,SUP0099,WH006,2026-01-27,2026-01-30,2026-01-30,Delivered
PO0003964,SUP0040,WH004,2025-03-08,2025-03-15,2025-03-17,Delivered
PO0003965,SUP0036,WH002,2025-12-03,2025-12-15,2025-12-17,Delivered
PO0003966,SUP0024,WH005,2025-03-12,2025-03-15,2025-03-16,Delivered
PO0003967,SUP0049,WH002,2026-02-06,2026-02-09,2026-02-09,Delivered
PO0003968,SUP0036,WH009,2025-07-26,2025-07-30,2025-07-30,Cancelled
PO0003969,SUP0048,WH001,2026-08-02,2026-08-08,2026-08-09,Delivered
PO0003970,SUP0068,WH001,2025-12-02,2025-12-06,2025-12-06,Delivered
PO0003971,SUP0045,WH004,2025-08-08,2025-08-21,2025-08-22,Delivered
PO0003972,SUP0013,WH007,2025-12-20,2025-12-29,2025-12-29,Delivered
PO0003973,SUP0021,WH009,2026-07-26,2026-08-04,2026-08-05,Delivered
PO0003974,SUP0075,WH009,2025-07-11,2025-07-20,2025-07-25,Delivered
PO0003975,SUP0080,WH001,2025-07-14,2025-07-25,2025-07-28,Delivered
PO0003976,SUP0034,WH010,2025-03-13,2025-03-27,2025-03-27,Delivered
PO0003977,SUP0015,WH005,2025-02-26,2025-03-12,2025-03-12,Delivered
PO0003978,SUP0078,WH004,2026-06-20,2026-06-23,2026-06-25,Delivered
PO0003979,SUP0046,WH008,2025-03-25,2025-04-01,2025-04-01,Delivered
PO0003980,SUP0096,WH008,2025-12-27,2026-01-08,2026-01-08,Delivered
PO0003981,SUP0061,WH006,2026-08-11,2026-08-14,2026-08-14,Delivered
PO0003982,SUP0058,WH001,2025-07-20,2025-07-28,2025-07-28,Delivered
PO0003983,SUP0076,WH009,2025-01-06,2025-01-17,2025-01-20,Delivered
PO0003984,SUP0069,WH007,2026-04-17,2026-04-28,2026-05-01,Delivered
PO0003985,SUP0021,WH001,2025-01-04,2025-01-13,2025-01-18,Delivered
PO0003986,SUP0008,WH009,2026-02-23,2026-02-26,2026-02-27,Delivered
PO0003987,SUP0083,WH004,2025-04-27,2025-05-03,2025-05-03,Delivered
PO0003988,SUP0082,WH005,2025-08-11,2025-08-14,2025-08-17,Delivered
PO0003989,SUP0075,WH001,2026-06-14,2026-06-25,2026-06-25,Delivered
PO0003990,SUP0004,WH004,2025-04-25,2025-04-29,2025-04-29,Delivered
PO0003991,SUP0023,WH001,2026-05-13,2026-05-24,2026-05-25,Delivered
PO0003992,SUP0088,WH002,2026-03-18,2026-03-21,2026-03-21,Delivered
PO0003993,SUP0031,WH008,2026-07-05,2026-07-19,2026-07-19,Delivered
PO0003994,SUP0017,WH003,2026-03-22,2026-04-05,2026-04-05,Delivered
PO0003995,SUP0070,WH004,2025-05-30,2025-06-11,2025-06-12,Delivered
PO0003996,SUP0013,WH004,2026-01-04,2026-01-07,2026-01-07,Delivered
PO0003997,SUP0049,WH009,2026-04-06,2026-04-15,2026-04-15,Delivered
PO0003998,SUP0087,WH006,2025-09-21,2025-09-26,2025-09-26,Delivered
PO0003999,SUP0042,WH003,2025-11-25,2025-12-08,2025-12-08,Delivered
PO0004000,SUP0020,WH005,2025-07-07,2025-07-17,2025-07-17,Delivered
PO0004001,SUP0048,WH008,2025-10-10,2025-10-20,2025-10-20,Delivered
PO0004002,SUP0010,WH006,2025-06-20,2025-07-01,2025-07-04,Delivered
PO0004003,SUP0097,WH010,2025-11-27,2025-12-06,2025-12-06,Delivered
PO0004004,SUP0002,WH002,2025-01-21,2025-02-02,2025-02-02,Delivered
PO0004005,SUP0041,WH004,2026-05-09,2026-05-23,2026-05-23,Delivered
PO0004006,SUP0048,WH005,2026-02-11,2026-02-19,2026-02-19,Delivered
PO0004007,SUP0085,WH003,2026-02-07,2026-02-15,2026-02-16,Delivered
PO0004008,SUP0081,WH008,2025-02-11,2025-02-15,2025-02-15,Delivered
PO0004009,SUP0046,WH010,2025-07-03,2025-07-07,2025-07-07,Delivered
PO0004010,SUP0093,WH009,2025-03-28,2025-04-01,2025-04-03,Delivered
PO0004011,SUP0069,WH005,2025-04-06,2025-04-11,2025-04-11,Delivered
PO0004012,SUP0069,WH003,2025-04-07,2025-04-14,2025-04-19,Delivered
PO0004013,SUP0050,WH002,2025-03-11,2025-03-25,2025-03-26,Delivered
PO0004014,SUP0010,WH006,2026-02-25,2026-03-05,2026-03-05,Delivered
PO0004015,SUP0078,WH001,2025-12-02,2025-12-05,2025-12-05,Delivered
PO0004016,SUP0096,WH005,2025-08-12,2025-08-20,2025-08-20,Delivered
PO0004017,SUP0015,WH006,2025-08-19,2025-08-23,2025-08-23,Delivered
PO0004018,SUP0072,WH009,2025-11-11,2025-11-19,2025-11-21,Delivered
PO0004019,SUP0001,WH004,2025-01-28,2025-02-05,2025-02-05,Delivered
PO0004020,SUP0015,WH006,2025-10-11,2025-10-16,2025-10-16,Delivered
PO0004021,SUP0027,WH010,2025-04-20,2025-04-22,2025-04-22,Delivered
PO0004022,SUP0038,WH009,2025-12-03,2025-12-07,2025-12-07,Delivered
PO0004023,SUP0094,WH006,2026-08-19,2026-09-02,,In Transit
PO0004024,SUP0034,WH008,2026-01-29,2026-02-07,2026-02-08,Delivered
PO0004025,SUP0066,WH008,2026-02-01,2026-02-12,2026-02-12,Delivered
PO0004026,SUP0040,WH004,2025-01-12,2025-01-18,2025-01-18,Delivered
PO0004027,SUP0054,WH008,2025-07-15,2025-07-25,2025-07-25,Delivered
PO0004028,SUP0055,WH007,2026-08-12,2026-08-24,,In Transit
PO0004029,SUP0019,WH010,2026-05-18,2026-05-22,2026-05-24,Delivered
PO0004030,SUP0070,WH008,2025-02-08,2025-02-15,2025-02-15,Delivered
PO0004031,SUP0047,WH006,2025-03-01,2025-03-06,2025-03-06,Delivered
PO0004032,SUP0072,WH009,2025-09-02,2025-09-15,2025-09-20,Delivered
PO0004033,SUP0057,WH005,2025-03-05,2025-03-11,2025-03-13,Delivered
PO0004034,SUP0042,WH008,2026-08-07,2026-08-20,2026-08-20,Delivered
PO0004035,SUP0015,WH010,2025-01-12,2025-01-26,2025-01-26,Delivered
PO0004036,SUP0032,WH007,2025-02-09,2025-02-11,2025-02-11,Delivered
PO0004037,SUP0079,WH006,2025-10-28,2025-11-06,2025-11-07,Delivered
PO0004038,SUP0092,WH002,2026-05-02,2026-05-15,2026-05-17,Delivered
PO0004039,SUP0047,WH006,2025-10-16,2025-10-21,2025-10-22,Delivered
PO0004040,SUP0065,WH006,2026-08-02,2026-08-09,2026-08-09,Delivered
PO0004041,SUP0067,WH002,2025-12-21,2025-12-23,2025-12-23,Delivered
PO0004042,SUP0039,WH010,2025-11-10,2025-11-18,2025-11-21,Delivered
PO0004043,SUP0003,WH001,2026-01-25,2026-01-31,2026-01-31,Delivered
PO0004044,SUP0056,WH007,2026-06-21,2026-06-27,2026-06-27,Delivered
PO0004045,SUP0048,WH008,2026-01-22,2026-01-24,2026-01-24,Delivered
PO0004046,SUP0007,WH006,2025-12-21,2025-12-28,2025-12-28,Delivered
PO0004047,SUP0040,WH003,2025-04-19,2025-05-03,2025-05-05,Delivered
PO0004048,SUP0059,WH008,2025-10-16,2025-10-25,2025-10-25,Delivered
PO0004049,SUP0051,WH002,2026-01-21,2026-02-03,2026-02-03,Delivered
PO0004050,SUP0057,WH003,2026-03-01,2026-03-15,2026-03-15,Delivered
PO0004051,SUP0029,WH007,2025-02-07,2025-02-16,2025-02-16,Delivered
PO0004052,SUP0052,WH005,2025-02-15,2025-02-22,2025-02-24,Delivered
PO0004053,SUP0054,WH010,2025-07-03,2025-07-06,2025-07-14,Delivered
PO0004054,SUP0056,WH010,2025-01-03,2025-01-12,2025-01-12,Delivered
PO0004055,SUP0039,WH009,2026-04-10,2026-04-16,2026-04-16,Delivered
PO0004056,SUP0015,WH004,2025-04-02,2025-04-08,2025-04-09,Delivered
PO0004057,SUP0036,WH006,2026-07-17,2026-07-22,2026-07-23,Delivered
PO0004058,SUP0078,WH008,2026-02-26,2026-03-02,2026-03-04,Delivered
PO0004059,SUP0020,WH002,2025-11-17,2025-11-29,2025-11-29,Delivered
PO0004060,SUP0035,WH008,2025-05-16,2025-05-29,2025-06-01,Delivered
PO0004061,SUP0049,WH009,2025-03-31,2025-04-09,2025-04-09,Delivered
PO0004062,SUP0038,WH007,2025-05-18,2025-05-25,2025-05-25,Delivered
PO0004063,SUP0007,WH008,2025-06-05,2025-06-17,2025-06-17,Delivered
PO0004064,SUP0036,WH004,2025-10-03,2025-10-10,2025-10-10,Delivered
PO0004065,SUP0078,WH010,2025-02-24,2025-03-04,2025-03-04,Delivered
PO0004066,SUP0002,WH010,2025-08-04,2025-08-14,2025-08-14,Delivered
PO0004067,SUP0015,WH008,2025-08-30,2025-09-12,2025-09-12,Delivered
PO0004068,SUP0048,WH009,2026-06-26,2026-07-02,2026-07-02,Delivered
PO0004069,SUP0026,WH004,2026-03-10,2026-03-15,2026-03-16,Delivered
PO0004070,SUP0097,WH004,2025-01-30,2025-02-09,2025-02-09,Delivered
PO0004071,SUP0061,WH008,2025-11-19,2025-11-27,2025-11-30,Delivered
PO0004072,SUP0040,WH006,2026-08-04,2026-08-17,2026-08-18,Delivered
PO0004073,SUP0072,WH005,2026-05-18,2026-05-25,2026-05-28,Delivered
PO0004074,SUP0047,WH007,2025-12-19,2026-01-02,2026-01-02,Delivered
PO0004075,SUP0073,WH006,2025-06-14,2025-06-26,2025-06-27,Delivered
PO0004076,SUP0029,WH009,2026-02-24,2026-03-02,2026-03-03,Delivered
PO0004077,SUP0055,WH006,2025-06-05,2025-06-17,2025-06-19,Delivered
PO0004078,SUP0037,WH003,2025-09-26,2025-10-05,2025-10-05,Delivered
PO0004079,SUP0051,WH008,2025-05-18,2025-05-25,2025-05-25,Delivered
PO0004080,SUP0077,WH008,2026-03-05,2026-03-13,2026-03-13,Delivered
PO0004081,SUP0051,WH006,2025-12-01,2025-12-13,2025-12-14,Delivered
PO0004082,SUP0030,WH002,2025-01-20,2025-01-28,2025-01-31,Delivered
PO0004083,SUP0062,WH005,2026-03-08,2026-03-11,2026-03-11,Delivered
PO0004084,SUP0010,WH006,2026-02-04,2026-02-12,2026-02-13,Delivered
PO0004085,SUP0070,WH010,2025-07-16,2025-07-18,2025-07-18,Delivered
PO0004086,SUP0098,WH005,2026-06-17,2026-06-21,2026-06-22,Delivered
PO0004087,SUP0062,WH010,2025-08-12,2025-08-17,2025-08-20,Delivered
PO0004088,SUP0078,WH001,2026-08-04,2026-08-06,2026-08-07,Delivered
PO0004089,SUP0074,WH004,2026-06-27,2026-07-05,2026-07-06,Delivered
PO0004090,SUP0061,WH009,2026-03-04,2026-03-10,2026-03-15,Delivered
PO0004091,SUP0008,WH010,2026-01-12,2026-01-24,2026-01-24,Delivered
PO0004092,SUP0047,WH007,2026-05-27,2026-06-09,2026-06-09,Delivered
PO0004093,SUP0059,WH009,2026-08-19,2026-08-24,2026-08-24,Delivered
PO0004094,SUP0009,WH005,2025-08-01,2025-08-08,2025-08-11,Delivered
PO0004095,SUP0079,WH004,2025-12-14,2025-12-19,2025-12-19,Delivered
PO0004096,SUP0092,WH005,2025-08-24,2025-09-05,2025-09-05,Delivered
PO0004097,SUP0034,WH001,2025-06-23,2025-06-30,2025-07-02,Delivered
PO0004098,SUP0045,WH010,2026-01-02,2026-01-08,2026-01-09,Delivered
PO0004099,SUP0087,WH004,2026-06-27,2026-06-30,2026-07-02,Delivered
PO0004100,SUP0042,WH001,2025-11-08,2025-11-21,2025-11-21,Delivered
PO0004101,SUP0016,WH007,2025-01-18,2025-01-26,2025-01-28,Delivered
PO0004102,SUP0046,WH007,2026-06-08,2026-06-20,2026-06-25,Delivered
PO0004103,SUP0096,WH010,2025-08-12,2025-08-14,2025-08-14,Delivered
PO0004104,SUP0011,WH004,2026-02-08,2026-02-14,2026-02-14,Delivered
PO0004105,SUP0070,WH004,2026-08-26,2026-09-08,,In Transit
PO0004106,SUP0077,WH003,2026-08-19,2026-08-21,,In Transit
PO0004107,SUP0004,WH004,2025-08-28,2025-09-07,2025-09-07,Delivered
PO0004108,SUP0044,WH001,2026-04-27,2026-05-03,2026-05-06,Delivered
PO0004109,SUP0050,WH007,2025-07-02,2025-07-10,2025-07-13,Delivered
PO0004110,SUP0052,WH006,2026-06-20,2026-06-23,2026-06-26,Delivered
PO0004111,SUP0083,WH009,2025-08-19,2025-08-31,2025-09-02,Delivered
PO0004112,SUP0079,WH002,2025-04-11,2025-04-19,2025-04-19,Delivered
PO0004113,SUP0038,WH003,2026-06-25,2026-06-28,2026-06-28,Delivered
PO0004114,SUP0071,WH006,2025-09-21,2025-09-25,2025-09-25,Delivered
PO0004115,SUP0068,WH002,2025-09-05,2025-09-12,2025-09-12,Delivered
PO0004116,SUP0076,WH007,2025-09-14,2025-09-28,2025-09-30,Delivered
PO0004117,SUP0018,WH010,2026-07-05,2026-07-14,2026-07-15,Delivered
PO0004118,SUP0093,WH002,2025-02-03,2025-02-08,2025-02-09,Delivered
PO0004119,SUP0076,WH010,2025-08-09,2025-08-11,2025-08-11,Delivered
PO0004120,SUP0065,WH003,2025-03-17,2025-03-25,2025-03-27,Delivered
PO0004121,SUP0044,WH003,2026-08-22,2026-08-28,,In Transit
PO0004122,SUP0011,WH001,2026-06-20,2026-06-25,2026-06-25,Delivered
PO0004123,SUP0055,WH006,2025-02-01,2025-02-09,2025-02-09,Delivered
PO0004124,SUP0094,WH002,2025-01-23,2025-02-03,2025-02-03,Delivered
PO0004125,SUP0069,WH005,2026-05-01,2026-05-05,2026-05-05,Delivered
PO0004126,SUP0064,WH005,2025-07-10,2025-07-23,2025-07-23,Delivered
PO0004127,SUP0022,WH008,2025-01-05,2025-01-17,2025-01-17,Delivered
PO0004128,SUP0019,WH005,2026-04-04,2026-04-06,2026-04-06,Delivered
PO0004129,SUP0049,WH002,2025-05-18,2025-05-29,2025-05-29,Delivered
PO0004130,SUP0055,WH002,2025-02-05,2025-02-17,2025-02-17,Delivered
PO0004131,SUP0009,WH001,2026-07-06,2026-07-20,2026-07-20,Delivered
PO0004132,SUP0026,WH009,2025-06-23,2025-07-04,2025-07-06,Delivered
PO0004133,SUP0036,WH010,2025-05-13,2025-05-24,2025-05-24,Delivered
PO0004134,SUP0046,WH001,2026-02-03,2026-02-16,2026-02-16,Delivered
PO0004135,SUP0004,WH010,2026-03-13,2026-03-23,2026-03-23,Delivered
PO0004136,SUP0017,WH009,2026-06-04,2026-06-11,2026-06-13,Delivered
PO0004137,SUP0069,WH005,2025-05-18,2025-05-27,2025-05-27,Delivered
PO0004138,SUP0069,WH007,2025-11-13,2025-11-17,2025-11-19,Delivered
PO0004139,SUP0038,WH005,2025-08-02,2025-08-06,2025-08-06,Delivered
PO0004140,SUP0089,WH001,2025-03-11,2025-03-19,2025-03-19,Delivered
PO0004141,SUP0011,WH009,2025-04-03,2025-04-05,2025-04-06,Delivered
PO0004142,SUP0079,WH006,2025-01-23,2025-01-25,2025-01-25,Delivered
PO0004143,SUP0088,WH007,2025-02-06,2025-02-18,2025-02-18,Delivered
PO0004144,SUP0073,WH001,2025-04-15,2025-04-21,2025-04-22,Delivered
PO0004145,SUP0040,WH004,2026-07-11,2026-07-14,2026-07-14,Delivered
PO0004146,SUP0100,WH007,2025-03-06,2025-03-16,2025-03-16,Delivered
PO0004147,SUP0066,WH001,2025-05-07,2025-05-20,2025-05-23,Delivered
PO0004148,SUP0097,WH009,2026-07-27,2026-08-10,2026-08-10,Delivered
PO0004149,SUP0013,WH005,2025-08-29,2025-09-04,2025-09-04,Delivered
PO0004150,SUP0023,WH007,2026-01-27,2026-02-08,2026-02-13,Delivered
PO0004151,SUP0032,WH008,2025-01-06,2025-01-20,2025-01-20,Delivered
PO0004152,SUP0074,WH008,2026-07-22,2026-08-03,2026-08-04,Delivered
PO0004153,SUP0027,WH008,2025-12-15,2025-12-19,2025-12-19,Delivered
PO0004154,SUP0043,WH004,2025-05-11,2025-05-17,2025-05-20,Delivered
PO0004155,SUP0035,WH007,2025-08-31,2025-09-11,2025-09-12,Delivered
PO0004156,SUP0026,WH004,2025-09-02,2025-09-14,2025-09-16,Delivered
PO0004157,SUP0051,WH004,2026-01-05,2026-01-07,2026-01-07,Delivered
PO0004158,SUP0078,WH007,2025-08-28,2025-09-05,2025-09-05,Delivered
PO0004159,SUP0056,WH005,2026-04-20,2026-04-26,2026-04-26,Delivered
PO0004160,SUP0055,WH008,2025-05-23,2025-06-03,2025-06-05,Delivered
PO0004161,SUP0038,WH005,2025-11-08,2025-11-10,2025-11-10,Cancelled
PO0004162,SUP0010,WH008,2025-07-06,2025-07-12,2025-07-14,Cancelled
PO0004163,SUP0020,WH002,2026-02-20,2026-03-03,2026-03-03,Delivered
PO0004164,SUP0058,WH008,2026-05-28,2026-06-05,2026-06-10,Delivered
PO0004165,SUP0085,WH007,2025-09-20,2025-09-28,2025-09-28,Delivered
PO0004166,SUP0028,WH007,2025-10-17,2025-10-31,2025-10-31,Delivered
PO0004167,SUP0023,WH008,2025-04-10,2025-04-16,2025-04-16,Delivered
PO0004168,SUP0055,WH006,2026-04-05,2026-04-07,2026-04-08,Delivered
PO0004169,SUP0049,WH002,2025-10-27,2025-11-02,2025-11-02,Delivered
PO0004170,SUP0076,WH005,2025-10-16,2025-10-25,2025-10-25,Delivered
PO0004171,SUP0039,WH007,2025-08-25,2025-08-28,2025-08-30,Delivered
PO0004172,SUP0073,WH003,2025-04-08,2025-04-21,2025-04-23,Delivered
PO0004173,SUP0040,WH004,2025-08-15,2025-08-25,2025-08-26,Delivered
PO0004174,SUP0065,WH004,2026-04-05,2026-04-14,2026-04-15,Delivered
PO0004175,SUP0014,WH004,2025-09-26,2025-10-07,2025-10-07,Delivered
PO0004176,SUP0038,WH007,2025-07-16,2025-07-28,2025-07-28,Delivered
PO0004177,SUP0003,WH003,2025-08-26,2025-09-09,2025-09-09,Delivered
PO0004178,SUP0014,WH003,2025-01-30,2025-02-04,2025-02-04,Delivered
PO0004179,SUP0007,WH010,2025-11-13,2025-11-27,2025-11-27,Delivered
PO0004180,SUP0078,WH010,2025-04-22,2025-05-06,2025-05-06,Delivered
PO0004181,SUP0096,WH006,2026-07-25,2026-08-06,2026-08-07,Delivered
PO0004182,SUP0078,WH002,2025-08-27,2025-09-08,2025-09-08,Delivered
PO0004183,SUP0013,WH008,2026-07-16,2026-07-28,2026-07-28,Delivered
PO0004184,SUP0039,WH009,2026-01-04,2026-01-06,2026-01-06,Delivered
PO0004185,SUP0100,WH008,2025-11-14,2025-11-20,2025-11-28,Delivered
PO0004186,SUP0060,WH001,2025-01-06,2025-01-14,2025-01-15,Delivered
PO0004187,SUP0010,WH008,2026-02-28,2026-03-13,2026-03-15,Delivered
PO0004188,SUP0023,WH006,2025-01-18,2025-01-23,2025-01-28,Delivered
PO0004189,SUP0009,WH008,2025-08-31,2025-09-04,2025-09-04,Delivered
PO0004190,SUP0091,WH010,2025-09-21,2025-09-24,2025-09-29,Delivered
PO0004191,SUP0075,WH001,2025-01-22,2025-01-30,2025-01-31,Delivered
PO0004192,SUP0078,WH008,2025-06-21,2025-06-26,2025-06-28,Delivered
PO0004193,SUP0081,WH003,2025-09-26,2025-10-09,2025-10-09,Delivered
PO0004194,SUP0068,WH002,2026-04-29,2026-05-07,2026-05-07,Delivered
PO0004195,SUP0061,WH008,2025-03-30,2025-04-09,2025-04-10,Delivered
PO0004196,SUP0076,WH005,2025-09-17,2025-09-19,2025-09-19,Delivered
PO0004197,SUP0025,WH003,2026-06-27,2026-07-04,2026-07-04,Delivered
PO0004198,SUP0015,WH005,2025-07-07,2025-07-13,2025-07-21,Delivered
PO0004199,SUP0079,WH008,2026-05-17,2026-05-24,2026-05-24,Delivered
PO0004200,SUP0055,WH006,2025-04-26,2025-05-06,2025-05-06,Delivered
PO0004201,SUP0070,WH007,2025-08-25,2025-08-27,2025-08-27,Delivered
PO0004202,SUP0067,WH008,2026-05-28,2026-06-02,2026-06-02,Delivered
PO0004203,SUP0055,WH001,2026-04-15,2026-04-25,2026-04-25,Delivered
PO0004204,SUP0025,WH009,2025-09-01,2025-09-07,2025-09-07,Delivered
PO0004205,SUP0010,WH004,2025-09-28,2025-10-06,2025-10-06,Delivered
PO0004206,SUP0011,WH006,2025-08-23,2025-08-26,2025-08-28,Delivered
PO0004207,SUP0059,WH006,2025-07-21,2025-07-30,2025-08-01,Delivered
PO0004208,SUP0053,WH006,2026-04-09,2026-04-18,2026-04-18,Delivered
PO0004209,SUP0018,WH004,2025-02-06,2025-02-20,2025-02-22,Delivered
PO0004210,SUP0068,WH003,2025-06-26,2025-06-30,2025-07-03,Delivered
PO0004211,SUP0095,WH001,2025-07-04,2025-07-15,2025-07-16,Delivered
PO0004212,SUP0084,WH007,2026-06-08,2026-06-19,2026-06-19,Delivered
PO0004213,SUP0085,WH005,2025-06-27,2025-07-02,2025-07-02,Delivered
PO0004214,SUP0051,WH008,2025-05-20,2025-06-02,2025-06-02,Delivered
PO0004215,SUP0008,WH005,2025-11-20,2025-11-26,2025-11-26,Delivered
PO0004216,SUP0073,WH003,2025-04-25,2025-05-03,2025-05-04,Delivered
PO0004217,SUP0033,WH009,2025-10-12,2025-10-23,2025-10-28,Delivered
PO0004218,SUP0045,WH002,2025-04-15,2025-04-25,2025-04-30,Delivered
PO0004219,SUP0059,WH010,2025-08-11,2025-08-18,2025-08-21,Delivered
PO0004220,SUP0032,WH006,2025-01-29,2025-02-01,2025-02-01,Delivered
PO0004221,SUP0038,WH008,2026-06-09,2026-06-18,2026-06-18,Delivered
PO0004222,SUP0066,WH003,2025-01-12,2025-01-26,2025-01-26,Delivered
PO0004223,SUP0096,WH002,2026-04-22,2026-04-26,2026-04-26,Delivered
PO0004224,SUP0052,WH005,2026-03-08,2026-03-18,2026-03-20,Delivered
PO0004225,SUP0072,WH008,2026-02-15,2026-02-23,2026-03-03,Delivered
PO0004226,SUP0025,WH007,2025-05-19,2025-05-28,2025-05-29,Delivered
PO0004227,SUP0026,WH003,2025-02-22,2025-02-26,2025-03-03,Delivered
PO0004228,SUP0028,WH001,2026-04-17,2026-04-25,2026-04-28,Delivered
PO0004229,SUP0084,WH007,2026-07-26,2026-08-03,2026-08-06,Delivered
PO0004230,SUP0030,WH009,2026-07-04,2026-07-09,2026-07-09,Delivered
PO0004231,SUP0077,WH010,2026-06-19,2026-06-29,2026-07-04,Delivered
PO0004232,SUP0022,WH002,2025-10-03,2025-10-16,2025-10-16,Delivered
PO0004233,SUP0086,WH006,2025-01-18,2025-01-26,2025-01-27,Delivered
PO0004234,SUP0075,WH009,2025-06-13,2025-06-19,2025-06-20,Delivered
PO0004235,SUP0008,WH001,2025-08-16,2025-08-22,2025-08-22,Delivered
PO0004236,SUP0090,WH004,2025-01-08,2025-01-14,2025-01-19,Delivered
PO0004237,SUP0038,WH010,2026-06-27,2026-07-06,2026-07-06,Delivered
PO0004238,SUP0091,WH007,2025-01-07,2025-01-17,2025-01-20,Delivered
PO0004239,SUP0068,WH009,2026-08-16,2026-08-27,,In Transit
PO0004240,SUP0021,WH006,2026-04-08,2026-04-16,2026-04-16,Cancelled
PO0004241,SUP0080,WH005,2025-08-26,2025-09-03,2025-09-04,Delivered
PO0004242,SUP0100,WH002,2026-04-20,2026-04-23,2026-04-23,Delivered
PO0004243,SUP0013,WH002,2026-03-25,2026-03-27,2026-03-27,Delivered
PO0004244,SUP0012,WH004,2025-04-29,2025-05-06,2025-05-11,Delivered
PO0004245,SUP0006,WH002,2025-01-28,2025-02-03,2025-02-05,Delivered
PO0004246,SUP0096,WH002,2026-01-12,2026-01-20,2026-01-22,Delivered
PO0004247,SUP0067,WH010,2025-07-16,2025-07-27,2025-07-27,Delivered
PO0004248,SUP0091,WH006,2026-02-27,2026-03-02,2026-03-02,Delivered
PO0004249,SUP0076,WH001,2025-10-26,2025-11-09,2025-11-12,Delivered
PO0004250,SUP0049,WH002,2025-01-16,2025-01-19,2025-01-19,Delivered
PO0004251,SUP0018,WH005,2025-10-23,2025-11-02,2025-11-02,Delivered
PO0004252,SUP0015,WH002,2025-06-24,2025-06-28,2025-07-06,Delivered
PO0004253,SUP0069,WH008,2025-08-06,2025-08-12,2025-08-13,Delivered
PO0004254,SUP0005,WH003,2025-10-04,2025-10-10,2025-10-10,Delivered
PO0004255,SUP0086,WH009,2026-04-13,2026-04-24,2026-04-25,Delivered
PO0004256,SUP0085,WH001,2026-04-21,2026-05-01,2026-05-02,Delivered
PO0004257,SUP0061,WH010,2025-08-13,2025-08-23,2025-08-25,Cancelled
PO0004258,SUP0091,WH003,2026-07-29,2026-08-09,2026-08-11,Delivered
PO0004259,SUP0001,WH002,2025-05-23,2025-06-06,2025-06-06,Delivered
PO0004260,SUP0040,WH010,2025-03-23,2025-04-05,2025-04-05,Delivered
PO0004261,SUP0002,WH001,2025-09-14,2025-09-21,2025-09-21,Cancelled
PO0004262,SUP0033,WH001,2025-11-12,2025-11-21,2025-11-21,Delivered
PO0004263,SUP0047,WH002,2026-05-20,2026-05-22,2026-05-24,Delivered
PO0004264,SUP0036,WH002,2026-04-05,2026-04-18,2026-04-21,Delivered
PO0004265,SUP0020,WH009,2025-12-26,2026-01-08,2026-01-13,Delivered
PO0004266,SUP0035,WH007,2026-06-04,2026-06-13,2026-06-13,Delivered
PO0004267,SUP0053,WH003,2025-01-16,2025-01-26,2025-01-27,Delivered
PO0004268,SUP0044,WH006,2025-04-10,2025-04-15,2025-04-18,Delivered
PO0004269,SUP0023,WH007,2026-07-17,2026-07-22,2026-07-27,Delivered
PO0004270,SUP0030,WH003,2025-08-21,2025-09-01,2025-09-06,Delivered
PO0004271,SUP0099,WH009,2025-02-03,2025-02-14,2025-02-14,Delivered
PO0004272,SUP0079,WH010,2025-03-28,2025-04-06,2025-04-14,Delivered
PO0004273,SUP0015,WH004,2025-06-01,2025-06-10,2025-06-13,Delivered
PO0004274,SUP0078,WH007,2025-04-11,2025-04-23,2025-04-24,Delivered
PO0004275,SUP0019,WH006,2026-05-11,2026-05-17,2026-05-19,Delivered
PO0004276,SUP0080,WH009,2025-06-19,2025-06-25,2025-06-25,Delivered
PO0004277,SUP0073,WH005,2025-12-06,2025-12-14,2025-12-14,Delivered
PO0004278,SUP0061,WH001,2025-04-29,2025-05-05,2025-05-05,Delivered
PO0004279,SUP0053,WH004,2025-10-06,2025-10-19,2025-10-20,Delivered
PO0004280,SUP0051,WH010,2026-06-21,2026-07-04,2026-07-07,Delivered
PO0004281,SUP0087,WH006,2025-09-12,2025-09-25,2025-09-26,Delivered
PO0004282,SUP0002,WH001,2026-03-20,2026-03-26,2026-03-29,Delivered
PO0004283,SUP0029,WH007,2025-07-24,2025-07-31,2025-07-31,Delivered
PO0004284,SUP0063,WH005,2025-06-13,2025-06-22,2025-06-22,Delivered
PO0004285,SUP0083,WH006,2026-02-22,2026-02-27,2026-02-27,Delivered
PO0004286,SUP0074,WH004,2025-08-11,2025-08-24,2025-08-24,Delivered
PO0004287,SUP0093,WH002,2026-05-24,2026-05-28,2026-05-28,Cancelled
PO0004288,SUP0034,WH009,2025-11-10,2025-11-22,2025-11-22,Delivered
PO0004289,SUP0048,WH004,2026-07-31,2026-08-07,2026-08-07,Delivered
PO0004290,SUP0079,WH001,2025-01-19,2025-01-22,2025-01-24,Delivered
PO0004291,SUP0096,WH009,2025-06-15,2025-06-21,2025-06-21,Delivered
PO0004292,SUP0093,WH008,2025-08-08,2025-08-21,2025-08-23,Delivered
PO0004293,SUP0025,WH010,2025-03-27,2025-04-02,2025-04-03,Delivered
PO0004294,SUP0096,WH005,2026-07-27,2026-07-29,2026-08-01,Delivered
PO0004295,SUP0022,WH010,2025-08-16,2025-08-29,2025-08-29,Delivered
PO0004296,SUP0090,WH003,2025-03-28,2025-04-09,2025-04-10,Delivered
PO0004297,SUP0084,WH005,2025-09-21,2025-09-30,2025-09-30,Delivered
PO0004298,SUP0016,WH001,2025-01-29,2025-02-08,2025-02-08,Delivered
PO0004299,SUP0097,WH002,2025-07-08,2025-07-15,2025-07-20,Delivered
PO0004300,SUP0017,WH004,2025-02-01,2025-02-10,2025-02-15,Delivered
PO0004301,SUP0069,WH002,2026-03-02,2026-03-10,2026-03-10,Delivered
PO0004302,SUP0037,WH001,2025-09-01,2025-09-07,2025-09-10,Delivered
PO0004303,SUP0038,WH009,2026-08-07,2026-08-20,2026-08-21,Delivered
PO0004304,SUP0056,WH008,2025-02-14,2025-02-26,2025-02-26,Delivered
PO0004305,SUP0006,WH007,2026-01-07,2026-01-19,2026-01-20,Delivered
PO0004306,SUP0052,WH002,2026-06-12,2026-06-24,2026-06-24,Delivered
PO0004307,SUP0072,WH003,2025-02-12,2025-02-26,2025-02-26,Delivered
PO0004308,SUP0004,WH008,2025-11-25,2025-12-09,2025-12-12,Delivered
PO0004309,SUP0054,WH008,2026-07-09,2026-07-15,2026-07-15,Delivered
PO0004310,SUP0058,WH006,2026-06-24,2026-06-28,2026-06-28,Delivered
PO0004311,SUP0005,WH006,2026-06-05,2026-06-09,2026-06-10,Delivered
PO0004312,SUP0094,WH007,2025-11-13,2025-11-19,2025-11-19,Cancelled
PO0004313,SUP0060,WH003,2025-10-26,2025-11-08,2025-11-08,Delivered
PO0004314,SUP0034,WH007,2026-06-10,2026-06-20,2026-06-22,Delivered
PO0004315,SUP0021,WH003,2026-05-06,2026-05-15,2026-05-17,Delivered
PO0004316,SUP0001,WH008,2025-08-28,2025-09-09,2025-09-09,Delivered
PO0004317,SUP0047,WH005,2026-02-03,2026-02-13,2026-02-14,Delivered
PO0004318,SUP0032,WH008,2026-06-07,2026-06-21,2026-06-24,Delivered
PO0004319,SUP0034,WH006,2025-04-25,2025-04-30,2025-04-30,Delivered
PO0004320,SUP0002,WH008,2026-07-17,2026-07-24,2026-07-24,Delivered
PO0004321,SUP0026,WH006,2026-08-14,2026-08-23,2026-08-26,Delivered
PO0004322,SUP0043,WH008,2026-05-26,2026-06-03,2026-06-03,Delivered
PO0004323,SUP0066,WH008,2026-04-01,2026-04-04,2026-04-09,Delivered
PO0004324,SUP0086,WH005,2025-06-11,2025-06-15,2025-06-15,Delivered
PO0004325,SUP0033,WH003,2025-05-08,2025-05-19,2025-05-19,Delivered
PO0004326,SUP0012,WH001,2025-04-13,2025-04-15,2025-04-15,Delivered
PO0004327,SUP0058,WH003,2025-03-19,2025-03-22,2025-03-25,Delivered
PO0004328,SUP0056,WH003,2025-06-18,2025-06-29,2025-06-29,Delivered
PO0004329,SUP0059,WH004,2025-06-28,2025-06-30,2025-06-30,Delivered
PO0004330,SUP0055,WH004,2025-10-18,2025-10-28,2025-11-02,Delivered
PO0004331,SUP0099,WH010,2025-01-18,2025-01-21,2025-01-24,Delivered
PO0004332,SUP0068,WH008,2025-10-01,2025-10-08,2025-10-08,Delivered
PO0004333,SUP0095,WH007,2025-01-18,2025-01-25,2025-01-25,Delivered
PO0004334,SUP0037,WH003,2026-05-08,2026-05-20,2026-05-20,Delivered
PO0004335,SUP0093,WH003,2025-11-20,2025-11-29,2025-12-04,Delivered
PO0004336,SUP0056,WH006,2025-05-22,2025-05-28,2025-05-29,Delivered
PO0004337,SUP0024,WH009,2025-04-27,2025-05-07,2025-05-07,Delivered
PO0004338,SUP0062,WH009,2025-08-08,2025-08-11,2025-08-11,Delivered
PO0004339,SUP0027,WH001,2026-05-14,2026-05-17,2026-05-18,Delivered
PO0004340,SUP0069,WH010,2025-05-31,2025-06-09,2025-06-09,Delivered
PO0004341,SUP0025,WH008,2026-03-26,2026-03-30,2026-04-01,Delivered
PO0004342,SUP0062,WH005,2025-10-01,2025-10-11,2025-10-11,Delivered
PO0004343,SUP0097,WH007,2025-05-04,2025-05-17,2025-05-17,Delivered
PO0004344,SUP0060,WH006,2025-05-27,2025-05-29,2025-05-29,Delivered
PO0004345,SUP0020,WH003,2026-04-23,2026-05-01,2026-05-06,Delivered
PO0004346,SUP0013,WH002,2025-11-22,2025-11-25,2025-11-25,Delivered
PO0004347,SUP0041,WH001,2026-06-28,2026-07-03,2026-07-04,Delivered
PO0004348,SUP0044,WH001,2025-06-20,2025-06-29,2025-06-30,Delivered
PO0004349,SUP0052,WH008,2026-08-15,2026-08-22,2026-08-22,Delivered
PO0004350,SUP0082,WH002,2025-04-24,2025-05-08,2025-05-09,Cancelled
PO0004351,SUP0021,WH004,2025-03-10,2025-03-17,2025-03-20,Delivered
PO0004352,SUP0100,WH010,2026-02-01,2026-02-13,2026-02-16,Delivered
PO0004353,SUP0030,WH002,2025-03-23,2025-03-31,2025-04-01,Delivered
PO0004354,SUP0095,WH008,2025-04-21,2025-04-30,2025-04-30,Delivered
PO0004355,SUP0071,WH007,2025-04-11,2025-04-25,2025-04-25,Delivered
PO0004356,SUP0008,WH010,2025-01-10,2025-01-20,2025-01-20,Delivered
PO0004357,SUP0094,WH003,2026-02-26,2026-03-05,2026-03-05,Delivered
PO0004358,SUP0052,WH008,2025-12-05,2025-12-11,2025-12-11,Delivered
PO0004359,SUP0057,WH003,2026-02-02,2026-02-09,2026-02-09,Delivered
PO0004360,SUP0022,WH005,2025-08-10,2025-08-17,2025-08-19,Delivered
PO0004361,SUP0026,WH008,2025-01-29,2025-02-09,2025-02-14,Delivered
PO0004362,SUP0056,WH006,2026-03-21,2026-03-27,2026-03-27,Cancelled
PO0004363,SUP0070,WH001,2026-08-05,2026-08-15,2026-08-17,Delivered
PO0004364,SUP0030,WH009,2025-03-06,2025-03-13,2025-03-14,Delivered
PO0004365,SUP0016,WH003,2026-01-27,2026-02-09,2026-02-09,Delivered
PO0004366,SUP0037,WH007,2026-05-19,2026-05-24,2026-05-24,Cancelled
PO0004367,SUP0068,WH004,2025-10-04,2025-10-07,2025-10-07,Delivered
PO0004368,SUP0021,WH005,2026-01-08,2026-01-10,2026-01-10,Cancelled
PO0004369,SUP0070,WH010,2026-04-28,2026-05-06,2026-05-06,Delivered
PO0004370,SUP0038,WH002,2025-07-17,2025-07-26,2025-07-26,Delivered
PO0004371,SUP0025,WH009,2025-03-11,2025-03-15,2025-03-16,Delivered
PO0004372,SUP0009,WH006,2026-08-12,2026-08-17,2026-08-18,Delivered
PO0004373,SUP0063,WH009,2026-01-31,2026-02-13,2026-02-13,Delivered
PO0004374,SUP0075,WH001,2026-05-16,2026-05-24,2026-05-25,Delivered
PO0004375,SUP0048,WH001,2026-07-08,2026-07-20,2026-07-20,Delivered
PO0004376,SUP0055,WH004,2026-03-27,2026-03-29,2026-03-29,Delivered
PO0004377,SUP0041,WH002,2025-05-29,2025-06-07,2025-06-07,Delivered
PO0004378,SUP0007,WH005,2025-01-09,2025-01-23,2025-01-23,Delivered
PO0004379,SUP0099,WH008,2025-02-07,2025-02-19,2025-02-19,Delivered
PO0004380,SUP0038,WH008,2025-10-04,2025-10-17,2025-10-22,Delivered
PO0004381,SUP0051,WH004,2025-01-31,2025-02-10,2025-02-10,Delivered
PO0004382,SUP0030,WH004,2025-06-10,2025-06-12,2025-06-12,Delivered
PO0004383,SUP0092,WH006,2026-08-22,2026-09-01,,In Transit
PO0004384,SUP0021,WH003,2026-05-05,2026-05-14,2026-05-17,Delivered
PO0004385,SUP0041,WH008,2025-03-25,2025-04-07,2025-04-07,Delivered
PO0004386,SUP0092,WH005,2025-03-28,2025-04-04,2025-04-07,Delivered
PO0004387,SUP0041,WH008,2026-01-03,2026-01-12,2026-01-12,Delivered
PO0004388,SUP0051,WH003,2025-09-10,2025-09-22,2025-09-22,Cancelled
PO0004389,SUP0036,WH010,2026-02-14,2026-02-20,2026-02-20,Delivered
PO0004390,SUP0028,WH005,2025-10-05,2025-10-15,2025-10-15,Delivered
PO0004391,SUP0090,WH003,2025-12-11,2025-12-20,2025-12-20,Delivered
PO0004392,SUP0075,WH007,2025-06-13,2025-06-20,2025-06-20,Delivered
PO0004393,SUP0088,WH007,2025-03-16,2025-03-28,2025-03-29,Delivered
PO0004394,SUP0098,WH010,2025-05-19,2025-05-23,2025-05-23,Delivered
PO0004395,SUP0098,WH006,2025-09-15,2025-09-18,2025-09-19,Delivered
PO0004396,SUP0095,WH010,2026-05-16,2026-05-18,2026-05-18,Delivered
PO0004397,SUP0056,WH010,2026-02-19,2026-03-02,2026-03-02,Delivered
PO0004398,SUP0089,WH004,2025-02-03,2025-02-05,2025-02-10,Delivered
PO0004399,SUP0086,WH001,2026-04-29,2026-05-08,2026-05-08,Delivered
PO0004400,SUP0096,WH007,2026-07-09,2026-07-11,2026-07-11,Delivered
PO0004401,SUP0079,WH005,2025-03-02,2025-03-08,2025-03-08,Delivered
PO0004402,SUP0027,WH006,2026-06-23,2026-06-25,2026-06-25,Delivered
PO0004403,SUP0091,WH009,2026-07-14,2026-07-20,2026-07-20,Delivered
PO0004404,SUP0077,WH009,2026-06-01,2026-06-04,2026-06-09,Delivered
PO0004405,SUP0024,WH009,2026-05-21,2026-05-29,2026-06-01,Delivered
PO0004406,SUP0002,WH009,2025-06-13,2025-06-16,2025-06-17,Delivered
PO0004407,SUP0074,WH001,2025-10-27,2025-10-31,2025-10-31,Delivered
PO0004408,SUP0040,WH007,2025-07-30,2025-08-11,2025-08-11,Delivered
PO0004409,SUP0078,WH005,2026-07-28,2026-08-06,2026-08-09,Delivered
PO0004410,SUP0029,WH008,2025-03-25,2025-04-07,2025-04-07,Delivered
PO0004411,SUP0099,WH009,2026-05-29,2026-06-02,2026-06-03,Cancelled
PO0004412,SUP0015,WH004,2025-11-21,2025-11-30,2025-11-30,Delivered
PO0004413,SUP0053,WH010,2025-04-26,2025-05-01,2025-05-02,Delivered
PO0004414,SUP0027,WH007,2026-02-17,2026-02-21,2026-02-21,Delivered
PO0004415,SUP0098,WH005,2026-08-14,2026-08-16,2026-08-21,Delivered
PO0004416,SUP0098,WH009,2026-04-22,2026-05-02,2026-05-05,Delivered
PO0004417,SUP0050,WH003,2026-05-20,2026-05-22,2026-05-22,Delivered
PO0004418,SUP0051,WH003,2026-04-07,2026-04-17,2026-04-18,Delivered
PO0004419,SUP0052,WH009,2025-01-03,2025-01-17,2025-01-25,Delivered
PO0004420,SUP0034,WH005,2025-03-24,2025-04-07,2025-04-07,Delivered
PO0004421,SUP0098,WH003,2026-04-11,2026-04-22,2026-04-22,Delivered
PO0004422,SUP0052,WH007,2026-01-28,2026-02-04,2026-02-04,Delivered
PO0004423,SUP0027,WH010,2025-11-21,2025-12-01,2025-12-02,Delivered
PO0004424,SUP0004,WH009,2025-02-20,2025-03-05,2025-03-05,Delivered
PO0004425,SUP0049,WH002,2025-10-27,2025-11-03,2025-11-03,Delivered
PO0004426,SUP0003,WH008,2025-07-23,2025-07-30,2025-08-01,Delivered
PO0004427,SUP0061,WH008,2025-12-16,2025-12-21,2025-12-26,Delivered
PO0004428,SUP0004,WH004,2025-02-21,2025-02-27,2025-02-28,Delivered
PO0004429,SUP0098,WH010,2025-05-29,2025-05-31,2025-06-01,Delivered
PO0004430,SUP0046,WH010,2025-01-04,2025-01-11,2025-01-11,Delivered
PO0004431,SUP0081,WH009,2026-07-20,2026-07-25,2026-07-25,Delivered
PO0004432,SUP0094,WH009,2025-07-25,2025-07-29,2025-07-29,Delivered
PO0004433,SUP0012,WH007,2026-06-12,2026-06-22,2026-06-22,Delivered
PO0004434,SUP0046,WH008,2026-08-14,2026-08-25,2026-08-25,Delivered
PO0004435,SUP0016,WH008,2026-02-03,2026-02-16,2026-02-18,Delivered
PO0004436,SUP0085,WH007,2025-05-24,2025-05-30,2025-05-30,Cancelled
PO0004437,SUP0094,WH010,2025-05-08,2025-05-13,2025-05-13,Delivered
PO0004438,SUP0054,WH002,2025-01-01,2025-01-13,2025-01-15,Delivered
PO0004439,SUP0045,WH006,2026-03-18,2026-03-20,2026-03-20,Delivered
PO0004440,SUP0066,WH009,2025-07-15,2025-07-27,2025-07-28,Delivered
PO0004441,SUP0095,WH007,2025-08-03,2025-08-16,2025-08-18,Delivered
PO0004442,SUP0089,WH004,2026-06-08,2026-06-17,2026-06-19,Delivered
PO0004443,SUP0008,WH003,2026-01-31,2026-02-09,2026-02-14,Delivered
PO0004444,SUP0011,WH001,2025-02-16,2025-02-28,2025-03-02,Delivered
PO0004445,SUP0023,WH004,2025-10-02,2025-10-06,2025-10-08,Delivered
PO0004446,SUP0034,WH003,2026-01-17,2026-01-30,2026-02-02,Delivered
PO0004447,SUP0010,WH009,2026-07-19,2026-08-01,2026-08-01,Delivered
PO0004448,SUP0096,WH005,2026-04-23,2026-05-01,2026-05-04,Delivered
PO0004449,SUP0013,WH003,2025-07-07,2025-07-15,2025-07-15,Delivered
PO0004450,SUP0034,WH003,2025-12-03,2025-12-10,2025-12-10,Cancelled
PO0004451,SUP0049,WH010,2026-02-24,2026-03-06,2026-03-06,Delivered
PO0004452,SUP0027,WH006,2025-06-01,2025-06-08,2025-06-08,Delivered
PO0004453,SUP0029,WH009,2025-03-21,2025-03-23,2025-03-24,Delivered
PO0004454,SUP0085,WH010,2026-01-18,2026-01-25,2026-01-27,Delivered
PO0004455,SUP0073,WH010,2026-06-13,2026-06-23,2026-06-25,Delivered
PO0004456,SUP0016,WH002,2026-04-10,2026-04-21,2026-04-21,Delivered
PO0004457,SUP0058,WH006,2026-07-13,2026-07-24,2026-07-24,Delivered
PO0004458,SUP0061,WH004,2025-10-23,2025-10-26,2025-10-26,Delivered
PO0004459,SUP0006,WH003,2025-08-11,2025-08-22,2025-08-25,Delivered
PO0004460,SUP0049,WH009,2026-06-18,2026-06-28,2026-06-30,Delivered
PO0004461,SUP0088,WH001,2026-08-19,2026-08-31,,In Transit
PO0004462,SUP0056,WH008,2025-10-04,2025-10-14,2025-10-14,Delivered
PO0004463,SUP0028,WH005,2025-03-02,2025-03-10,2025-03-10,Delivered
PO0004464,SUP0030,WH003,2026-06-11,2026-06-20,2026-06-22,Delivered
PO0004465,SUP0089,WH010,2026-03-25,2026-04-06,2026-04-06,Delivered
PO0004466,SUP0058,WH006,2025-11-05,2025-11-17,2025-11-17,Cancelled
PO0004467,SUP0038,WH008,2025-09-08,2025-09-12,2025-09-12,Delivered
PO0004468,SUP0029,WH008,2026-01-23,2026-02-06,2026-02-11,Delivered
PO0004469,SUP0089,WH007,2026-08-16,2026-08-20,2026-08-21,Delivered
PO0004470,SUP0018,WH010,2025-10-30,2025-11-06,2025-11-06,Cancelled
PO0004471,SUP0082,WH009,2025-04-29,2025-05-02,2025-05-03,Delivered
PO0004472,SUP0067,WH007,2026-02-10,2026-02-23,2026-02-23,Delivered
PO0004473,SUP0031,WH006,2025-02-25,2025-03-05,2025-03-05,Delivered
PO0004474,SUP0074,WH003,2025-11-16,2025-11-28,2025-11-28,Delivered
PO0004475,SUP0032,WH010,2026-02-15,2026-02-22,2026-02-23,Delivered
PO0004476,SUP0060,WH006,2025-10-01,2025-10-11,2025-10-12,Delivered
PO0004477,SUP0043,WH004,2025-08-03,2025-08-14,2025-08-14,Delivered
PO0004478,SUP0013,WH009,2026-03-13,2026-03-26,2026-03-27,Delivered
PO0004479,SUP0068,WH007,2026-03-28,2026-03-31,2026-04-01,Delivered
PO0004480,SUP0048,WH002,2025-04-03,2025-04-08,2025-04-08,Delivered
PO0004481,SUP0061,WH003,2025-03-17,2025-03-31,2025-04-03,Delivered
PO0004482,SUP0099,WH009,2026-07-13,2026-07-18,2026-07-19,Delivered
PO0004483,SUP0100,WH006,2026-06-11,2026-06-14,2026-06-14,Delivered
PO0004484,SUP0077,WH006,2026-04-09,2026-04-20,2026-04-22,Delivered
PO0004485,SUP0017,WH002,2025-08-14,2025-08-16,2025-08-17,Delivered
PO0004486,SUP0096,WH004,2025-12-22,2026-01-04,2026-01-04,Delivered
PO0004487,SUP0034,WH001,2025-12-24,2026-01-06,2026-01-07,Delivered
PO0004488,SUP0017,WH001,2025-12-30,2026-01-07,2026-01-07,Cancelled
PO0004489,SUP0051,WH009,2025-07-02,2025-07-12,2025-07-12,Delivered
PO0004490,SUP0056,WH005,2025-11-11,2025-11-19,2025-11-20,Delivered
PO0004491,SUP0008,WH001,2025-02-20,2025-02-24,2025-02-24,Delivered
PO0004492,SUP0060,WH007,2026-01-18,2026-01-31,2026-02-02,Delivered
PO0004493,SUP0033,WH010,2026-07-09,2026-07-22,2026-07-22,Delivered
PO0004494,SUP0003,WH007,2025-11-19,2025-11-28,2025-11-28,Delivered
PO0004495,SUP0016,WH008,2025-01-04,2025-01-07,2025-01-12,Delivered
PO0004496,SUP0045,WH003,2025-04-09,2025-04-23,2025-04-26,Delivered
PO0004497,SUP0098,WH008,2025-06-21,2025-07-04,2025-07-04,Delivered
PO0004498,SUP0074,WH010,2025-04-23,2025-04-25,2025-04-25,Delivered
PO0004499,SUP0081,WH008,2025-01-20,2025-01-30,2025-02-07,Delivered
PO0004500,SUP0008,WH008,2025-10-01,2025-10-08,2025-10-10,Delivered
PO0004501,SUP0059,WH006,2026-01-20,2026-01-26,2026-01-26,Delivered
PO0004502,SUP0081,WH007,2026-02-13,2026-02-27,2026-03-01,Delivered
PO0004503,SUP0089,WH009,2025-02-24,2025-03-02,2025-03-10,Delivered
PO0004504,SUP0073,WH005,2025-07-01,2025-07-07,2025-07-07,Delivered
PO0004505,SUP0007,WH005,2025-12-17,2025-12-19,2025-12-19,Delivered
PO0004506,SUP0092,WH001,2025-06-13,2025-06-23,2025-06-24,Delivered
PO0004507,SUP0005,WH007,2025-12-05,2025-12-13,2025-12-15,Delivered
PO0004508,SUP0053,WH004,2025-10-18,2025-10-28,2025-10-28,Delivered
PO0004509,SUP0036,WH006,2026-05-04,2026-05-18,2026-05-18,Delivered
PO0004510,SUP0023,WH003,2025-07-29,2025-08-12,2025-08-14,Delivered
PO0004511,SUP0008,WH008,2025-06-11,2025-06-23,2025-06-23,Delivered
PO0004512,SUP0077,WH003,2026-04-02,2026-04-04,2026-04-09,Delivered
PO0004513,SUP0055,WH008,2025-10-20,2025-10-26,2025-10-26,Delivered
PO0004514,SUP0055,WH010,2026-06-24,2026-07-02,2026-07-05,Delivered
PO0004515,SUP0061,WH003,2025-03-03,2025-03-16,2025-03-16,Delivered
PO0004516,SUP0020,WH010,2025-03-22,2025-03-25,2025-03-25,Delivered
PO0004517,SUP0064,WH005,2026-03-09,2026-03-11,2026-03-16,Delivered
PO0004518,SUP0004,WH009,2025-12-01,2025-12-08,2025-12-08,Delivered
PO0004519,SUP0097,WH001,2026-01-17,2026-01-29,2026-02-03,Delivered
PO0004520,SUP0066,WH008,2025-12-07,2025-12-17,2025-12-19,Delivered
PO0004521,SUP0026,WH008,2025-04-15,2025-04-22,2025-04-22,Delivered
PO0004522,SUP0055,WH002,2025-05-14,2025-05-17,2025-05-17,Delivered
PO0004523,SUP0065,WH001,2025-12-11,2025-12-22,2025-12-22,Delivered
PO0004524,SUP0098,WH001,2025-03-19,2025-03-30,2025-03-30,Delivered
PO0004525,SUP0059,WH009,2025-11-25,2025-12-01,2025-12-04,Delivered
PO0004526,SUP0090,WH010,2025-07-21,2025-07-31,2025-07-31,Delivered
PO0004527,SUP0014,WH003,2025-01-12,2025-01-16,2025-01-17,Delivered
PO0004528,SUP0007,WH008,2025-05-18,2025-05-28,2025-06-02,Delivered
PO0004529,SUP0085,WH007,2025-03-20,2025-03-24,2025-03-29,Delivered
PO0004530,SUP0021,WH007,2025-03-13,2025-03-26,2025-03-28,Delivered
PO0004531,SUP0038,WH003,2025-11-14,2025-11-20,2025-11-20,Delivered
PO0004532,SUP0080,WH006,2025-02-05,2025-02-17,2025-02-17,Delivered
PO0004533,SUP0036,WH006,2026-02-25,2026-03-05,2026-03-05,Delivered
PO0004534,SUP0010,WH008,2025-06-17,2025-06-28,2025-06-30,Delivered
PO0004535,SUP0005,WH005,2025-05-05,2025-05-16,2025-05-17,Delivered
PO0004536,SUP0069,WH004,2026-02-05,2026-02-16,2026-02-16,Delivered
PO0004537,SUP0036,WH001,2025-02-22,2025-03-05,2025-03-10,Delivered
PO0004538,SUP0049,WH008,2025-11-06,2025-11-19,2025-11-19,Delivered
PO0004539,SUP0095,WH006,2026-04-27,2026-05-04,2026-05-05,Delivered
PO0004540,SUP0075,WH008,2026-02-05,2026-02-16,2026-02-16,Delivered
PO0004541,SUP0025,WH001,2025-06-02,2025-06-08,2025-06-08,Delivered
PO0004542,SUP0072,WH004,2026-02-04,2026-02-16,2026-02-17,Delivered
PO0004543,SUP0049,WH008,2025-10-12,2025-10-15,2025-10-15,Delivered
PO0004544,SUP0057,WH010,2026-08-19,2026-08-23,2026-08-23,Delivered
PO0004545,SUP0009,WH009,2026-01-29,2026-01-31,2026-02-02,Delivered
PO0004546,SUP0090,WH006,2026-01-17,2026-01-31,2026-02-01,Delivered
PO0004547,SUP0089,WH001,2026-03-22,2026-04-05,2026-04-05,Delivered
PO0004548,SUP0075,WH010,2026-03-09,2026-03-17,2026-03-17,Delivered
PO0004549,SUP0074,WH001,2025-05-20,2025-06-02,2025-06-05,Delivered
PO0004550,SUP0023,WH001,2025-07-19,2025-07-27,2025-07-27,Delivered
PO0004551,SUP0075,WH008,2026-05-01,2026-05-12,2026-05-14,Delivered
PO0004552,SUP0082,WH003,2025-10-19,2025-10-25,2025-10-25,Delivered
PO0004553,SUP0034,WH004,2025-12-01,2025-12-08,2025-12-08,Delivered
PO0004554,SUP0063,WH006,2026-08-13,2026-08-22,2026-08-23,Delivered
PO0004555,SUP0085,WH001,2026-01-01,2026-01-04,2026-01-04,Delivered
PO0004556,SUP0095,WH002,2025-12-18,2025-12-25,2025-12-25,Delivered
PO0004557,SUP0030,WH009,2025-07-27,2025-08-05,2025-08-05,Delivered
PO0004558,SUP0050,WH006,2025-04-14,2025-04-21,2025-04-21,Delivered
PO0004559,SUP0022,WH006,2025-02-02,2025-02-15,2025-02-16,Delivered
PO0004560,SUP0088,WH004,2025-07-24,2025-07-31,2025-07-31,Delivered
PO0004561,SUP0095,WH005,2026-03-31,2026-04-11,2026-04-11,Delivered
PO0004562,SUP0025,WH008,2026-03-08,2026-03-20,2026-03-23,Delivered
PO0004563,SUP0079,WH005,2026-03-04,2026-03-09,2026-03-09,Delivered
PO0004564,SUP0078,WH007,2025-12-24,2025-12-27,2025-12-27,Delivered
PO0004565,SUP0019,WH007,2025-05-02,2025-05-09,2025-05-11,Delivered
PO0004566,SUP0077,WH006,2026-06-02,2026-06-15,2026-06-15,Delivered
PO0004567,SUP0068,WH005,2025-01-20,2025-01-22,2025-01-22,Delivered
PO0004568,SUP0024,WH008,2025-10-18,2025-10-22,2025-10-30,Delivered
PO0004569,SUP0015,WH005,2026-05-10,2026-05-13,2026-05-13,Delivered
PO0004570,SUP0062,WH010,2025-05-19,2025-06-01,2025-06-01,Delivered
PO0004571,SUP0086,WH009,2026-03-10,2026-03-22,2026-03-22,Delivered
PO0004572,SUP0066,WH003,2025-11-20,2025-11-25,2025-11-27,Delivered
PO0004573,SUP0080,WH009,2025-09-03,2025-09-09,2025-09-09,Delivered
PO0004574,SUP0098,WH003,2026-03-28,2026-04-04,2026-04-04,Cancelled
PO0004575,SUP0070,WH004,2025-07-15,2025-07-22,2025-07-23,Delivered
PO0004576,SUP0052,WH005,2026-01-21,2026-01-26,2026-01-31,Delivered
PO0004577,SUP0097,WH009,2025-06-02,2025-06-14,2025-06-14,Delivered
PO0004578,SUP0012,WH005,2025-09-16,2025-09-26,2025-09-26,Delivered
PO0004579,SUP0010,WH006,2025-04-08,2025-04-22,2025-04-23,Delivered
PO0004580,SUP0097,WH003,2026-04-01,2026-04-12,2026-04-12,Delivered
PO0004581,SUP0090,WH003,2026-05-23,2026-06-06,2026-06-07,Delivered
PO0004582,SUP0018,WH006,2025-12-17,2025-12-31,2026-01-02,Delivered
PO0004583,SUP0049,WH004,2026-05-27,2026-06-04,2026-06-09,Delivered
PO0004584,SUP0052,WH010,2026-02-12,2026-02-21,2026-02-24,Delivered
PO0004585,SUP0004,WH007,2025-09-19,2025-09-26,2025-09-29,Delivered
PO0004586,SUP0051,WH008,2025-04-02,2025-04-12,2025-04-12,Delivered
PO0004587,SUP0058,WH010,2026-08-15,2026-08-22,2026-08-23,Delivered
PO0004588,SUP0022,WH004,2026-05-04,2026-05-17,2026-05-17,Cancelled
PO0004589,SUP0059,WH002,2026-01-16,2026-01-19,2026-01-20,Delivered
PO0004590,SUP0053,WH002,2025-11-02,2025-11-14,2025-11-14,Delivered
PO0004591,SUP0063,WH003,2025-05-17,2025-05-23,2025-05-23,Delivered
PO0004592,SUP0067,WH003,2026-03-20,2026-03-28,2026-03-29,Delivered
PO0004593,SUP0008,WH002,2026-04-15,2026-04-17,2026-04-17,Delivered
PO0004594,SUP0031,WH009,2025-06-23,2025-06-30,2025-06-30,Delivered
PO0004595,SUP0006,WH004,2026-03-08,2026-03-18,2026-03-18,Delivered
PO0004596,SUP0002,WH008,2025-06-02,2025-06-05,2025-06-05,Delivered
PO0004597,SUP0044,WH008,2025-08-29,2025-09-04,2025-09-04,Delivered
PO0004598,SUP0039,WH001,2026-06-20,2026-06-22,2026-06-22,Delivered
PO0004599,SUP0083,WH001,2025-10-21,2025-10-25,2025-10-27,Delivered
PO0004600,SUP0089,WH010,2025-01-21,2025-01-27,2025-01-27,Delivered
PO0004601,SUP0011,WH010,2025-10-31,2025-11-07,2025-11-09,Delivered
PO0004602,SUP0020,WH006,2025-10-17,2025-10-21,2025-10-26,Delivered
PO0004603,SUP0054,WH007,2026-03-27,2026-04-10,2026-04-11,Cancelled
PO0004604,SUP0086,WH003,2025-04-18,2025-04-27,2025-04-27,Delivered
PO0004605,SUP0087,WH002,2025-11-16,2025-11-24,2025-11-24,Delivered
PO0004606,SUP0042,WH004,2025-01-08,2025-01-20,2025-01-23,Delivered
PO0004607,SUP0037,WH010,2025-06-21,2025-07-04,2025-07-05,Delivered
PO0004608,SUP0100,WH010,2025-06-26,2025-07-06,2025-07-06,Delivered
PO0004609,SUP0072,WH004,2025-04-03,2025-04-07,2025-04-07,Delivered
PO0004610,SUP0017,WH008,2025-03-21,2025-03-23,2025-03-26,Delivered
PO0004611,SUP0013,WH010,2025-06-25,2025-07-01,2025-07-01,Delivered
PO0004612,SUP0070,WH009,2025-04-15,2025-04-29,2025-04-29,Delivered
PO0004613,SUP0045,WH007,2025-02-24,2025-03-06,2025-03-06,Delivered
PO0004614,SUP0029,WH010,2026-02-08,2026-02-22,2026-02-22,Delivered
PO0004615,SUP0064,WH007,2026-06-04,2026-06-17,2026-06-17,Delivered
PO0004616,SUP0090,WH004,2026-05-18,2026-05-31,2026-06-02,Delivered
PO0004617,SUP0030,WH002,2025-06-08,2025-06-13,2025-06-16,Delivered
PO0004618,SUP0002,WH006,2025-04-27,2025-05-04,2025-05-04,Delivered
PO0004619,SUP0097,WH001,2025-05-04,2025-05-13,2025-05-13,Delivered
PO0004620,SUP0012,WH006,2025-07-06,2025-07-09,2025-07-10,Delivered
PO0004621,SUP0047,WH008,2026-01-13,2026-01-15,2026-01-15,Delivered
PO0004622,SUP0005,WH004,2025-02-08,2025-02-22,2025-02-22,Delivered
PO0004623,SUP0062,WH003,2025-02-21,2025-03-07,2025-03-10,Delivered
PO0004624,SUP0025,WH002,2025-02-16,2025-03-01,2025-03-03,Delivered
PO0004625,SUP0016,WH002,2026-06-08,2026-06-11,2026-06-12,Delivered
PO0004626,SUP0003,WH008,2026-01-30,2026-02-04,2026-02-04,Delivered
PO0004627,SUP0069,WH010,2026-06-09,2026-06-20,2026-06-25,Delivered
PO0004628,SUP0059,WH005,2025-12-03,2025-12-05,2025-12-06,Delivered
PO0004629,SUP0070,WH010,2025-07-17,2025-07-26,2025-07-26,Delivered
PO0004630,SUP0071,WH001,2025-05-04,2025-05-11,2025-05-11,Delivered
PO0004631,SUP0049,WH005,2026-07-05,2026-07-16,2026-07-19,Delivered
PO0004632,SUP0100,WH006,2025-10-08,2025-10-12,2025-10-12,Delivered
PO0004633,SUP0008,WH006,2026-06-25,2026-06-27,2026-06-27,Delivered
PO0004634,SUP0097,WH006,2025-06-19,2025-06-25,2025-06-27,Delivered
PO0004635,SUP0082,WH010,2025-12-15,2025-12-25,2025-12-26,Delivered
PO0004636,SUP0057,WH006,2026-05-10,2026-05-21,2026-05-21,Delivered
PO0004637,SUP0016,WH001,2025-01-03,2025-01-16,2025-01-16,Cancelled
PO0004638,SUP0075,WH009,2026-03-09,2026-03-13,2026-03-13,Delivered
PO0004639,SUP0059,WH003,2026-01-28,2026-01-30,2026-02-01,Cancelled
PO0004640,SUP0062,WH003,2026-01-05,2026-01-08,2026-01-08,Delivered
PO0004641,SUP0057,WH010,2026-05-19,2026-05-28,2026-05-28,Delivered
PO0004642,SUP0094,WH009,2025-07-19,2025-07-24,2025-07-24,Delivered
PO0004643,SUP0099,WH002,2025-01-05,2025-01-18,2025-01-18,Delivered
PO0004644,SUP0064,WH005,2025-08-08,2025-08-12,2025-08-12,Delivered
PO0004645,SUP0013,WH004,2026-04-13,2026-04-19,2026-04-22,Delivered
PO0004646,SUP0005,WH009,2025-06-02,2025-06-08,2025-06-08,Delivered
PO0004647,SUP0078,WH006,2025-06-14,2025-06-25,2025-06-30,Cancelled
PO0004648,SUP0062,WH008,2025-10-26,2025-11-02,2025-11-02,Delivered
PO0004649,SUP0013,WH001,2025-01-31,2025-02-08,2025-02-08,Delivered
PO0004650,SUP0037,WH001,2025-03-05,2025-03-07,2025-03-07,Delivered
PO0004651,SUP0019,WH004,2026-04-18,2026-04-24,2026-04-27,Cancelled
PO0004652,SUP0081,WH009,2026-06-24,2026-06-26,2026-06-27,Delivered
PO0004653,SUP0027,WH005,2025-06-30,2025-07-12,2025-07-12,Delivered
PO0004654,SUP0047,WH001,2026-04-23,2026-05-01,2026-05-04,Delivered
PO0004655,SUP0072,WH007,2025-11-29,2025-12-02,2025-12-05,Delivered
PO0004656,SUP0073,WH007,2026-05-25,2026-06-08,2026-06-13,Delivered
PO0004657,SUP0062,WH008,2026-01-20,2026-01-23,2026-01-23,Delivered
PO0004658,SUP0013,WH002,2026-08-06,2026-08-13,2026-08-15,Delivered
PO0004659,SUP0092,WH005,2025-07-27,2025-08-03,2025-08-04,Delivered
PO0004660,SUP0004,WH006,2025-12-17,2025-12-23,2025-12-23,Delivered
PO0004661,SUP0023,WH008,2025-01-26,2025-01-29,2025-01-30,Delivered
PO0004662,SUP0042,WH006,2025-07-07,2025-07-16,2025-07-16,Delivered
PO0004663,SUP0079,WH001,2026-03-14,2026-03-26,2026-03-26,Delivered
PO0004664,SUP0081,WH009,2026-06-22,2026-07-06,2026-07-06,Delivered
PO0004665,SUP0044,WH009,2025-03-22,2025-04-02,2025-04-02,Delivered
PO0004666,SUP0061,WH008,2026-08-02,2026-08-09,2026-08-12,Delivered
PO0004667,SUP0026,WH009,2025-04-27,2025-05-03,2025-05-05,Delivered
PO0004668,SUP0076,WH007,2025-01-26,2025-02-07,2025-02-07,Delivered
PO0004669,SUP0081,WH007,2025-04-05,2025-04-12,2025-04-12,Delivered
PO0004670,SUP0014,WH005,2025-08-08,2025-08-18,2025-08-18,Delivered
PO0004671,SUP0088,WH001,2025-11-23,2025-11-26,2025-11-26,Delivered
PO0004672,SUP0028,WH001,2025-04-30,2025-05-06,2025-05-08,Delivered
PO0004673,SUP0090,WH002,2025-02-25,2025-03-07,2025-03-07,Delivered
PO0004674,SUP0052,WH008,2026-02-13,2026-02-16,2026-02-18,Delivered
PO0004675,SUP0005,WH005,2025-06-14,2025-06-20,2025-06-22,Delivered
PO0004676,SUP0047,WH009,2026-08-19,2026-08-22,2026-08-23,Delivered
PO0004677,SUP0100,WH005,2025-04-13,2025-04-20,2025-04-20,Delivered
PO0004678,SUP0093,WH003,2025-04-08,2025-04-13,2025-04-13,Delivered
PO0004679,SUP0072,WH001,2025-08-11,2025-08-19,2025-08-19,Delivered
PO0004680,SUP0058,WH004,2026-03-31,2026-04-04,2026-04-04,Delivered
PO0004681,SUP0093,WH005,2025-06-12,2025-06-25,2025-06-25,Cancelled
PO0004682,SUP0045,WH010,2025-11-18,2025-11-24,2025-11-24,Delivered
PO0004683,SUP0054,WH005,2025-09-22,2025-09-27,2025-09-28,Delivered
PO0004684,SUP0036,WH010,2026-04-30,2026-05-08,2026-05-08,Delivered
PO0004685,SUP0057,WH007,2025-10-22,2025-10-30,2025-10-30,Delivered
PO0004686,SUP0042,WH001,2025-07-23,2025-07-27,2025-07-27,Delivered
PO0004687,SUP0019,WH004,2025-07-31,2025-08-12,2025-08-12,Delivered
PO0004688,SUP0095,WH006,2025-06-23,2025-07-05,2025-07-07,Delivered
PO0004689,SUP0085,WH006,2025-11-10,2025-11-16,2025-11-21,Delivered
PO0004690,SUP0011,WH004,2025-03-28,2025-04-11,2025-04-12,Delivered
PO0004691,SUP0022,WH009,2025-08-31,2025-09-05,2025-09-05,Delivered
PO0004692,SUP0094,WH008,2026-04-08,2026-04-12,2026-04-12,Delivered
PO0004693,SUP0001,WH002,2025-06-08,2025-06-20,2025-06-22,Delivered
PO0004694,SUP0011,WH008,2025-05-04,2025-05-10,2025-05-12,Delivered
PO0004695,SUP0006,WH006,2025-04-04,2025-04-16,2025-04-19,Delivered
PO0004696,SUP0017,WH007,2026-03-06,2026-03-19,2026-03-19,Delivered
PO0004697,SUP0087,WH006,2025-12-11,2025-12-24,2025-12-24,Delivered
PO0004698,SUP0076,WH008,2026-02-01,2026-02-12,2026-02-14,Delivered
PO0004699,SUP0034,WH003,2025-06-17,2025-06-29,2025-06-30,Delivered
PO0004700,SUP0049,WH009,2025-11-09,2025-11-15,2025-11-15,Delivered
PO0004701,SUP0023,WH008,2025-03-01,2025-03-08,2025-03-10,Delivered
PO0004702,SUP0085,WH006,2025-04-23,2025-05-02,2025-05-02,Delivered
PO0004703,SUP0085,WH003,2025-02-21,2025-03-06,2025-03-07,Delivered
PO0004704,SUP0100,WH002,2026-07-10,2026-07-15,2026-07-15,Delivered
PO0004705,SUP0013,WH009,2025-11-14,2025-11-27,2025-11-27,Delivered
PO0004706,SUP0034,WH005,2025-11-03,2025-11-15,2025-11-15,Delivered
PO0004707,SUP0099,WH002,2025-07-14,2025-07-22,2025-07-22,Delivered
PO0004708,SUP0012,WH009,2025-08-17,2025-08-27,2025-08-27,Delivered
PO0004709,SUP0054,WH010,2025-05-28,2025-06-04,2025-06-05,Delivered
PO0004710,SUP0084,WH006,2025-01-06,2025-01-09,2025-01-11,Delivered
PO0004711,SUP0090,WH003,2025-05-01,2025-05-13,2025-05-13,Delivered
PO0004712,SUP0049,WH007,2026-03-23,2026-04-01,2026-04-01,Delivered
PO0004713,SUP0016,WH004,2026-02-28,2026-03-04,2026-03-04,Delivered
PO0004714,SUP0062,WH010,2026-07-12,2026-07-18,2026-07-18,Delivered
PO0004715,SUP0045,WH004,2026-01-02,2026-01-05,2026-01-05,Delivered
PO0004716,SUP0062,WH003,2025-06-25,2025-06-28,2025-06-28,Delivered
PO0004717,SUP0029,WH008,2025-02-17,2025-02-26,2025-02-28,Delivered
PO0004718,SUP0079,WH001,2025-05-02,2025-05-05,2025-05-05,Delivered
PO0004719,SUP0048,WH005,2026-07-04,2026-07-17,2026-07-17,Delivered
PO0004720,SUP0071,WH009,2026-04-28,2026-05-04,2026-05-05,Delivered
PO0004721,SUP0043,WH010,2025-12-28,2026-01-01,2026-01-01,Delivered
PO0004722,SUP0016,WH009,2026-05-21,2026-05-23,2026-05-23,Delivered
PO0004723,SUP0049,WH009,2026-02-07,2026-02-18,2026-02-20,Delivered
PO0004724,SUP0089,WH008,2025-12-06,2025-12-12,2025-12-14,Delivered
PO0004725,SUP0005,WH010,2025-02-13,2025-02-16,2025-02-17,Delivered
PO0004726,SUP0035,WH002,2026-03-13,2026-03-27,2026-03-27,Delivered
PO0004727,SUP0003,WH010,2026-03-25,2026-03-30,2026-03-30,Delivered
PO0004728,SUP0093,WH009,2025-01-07,2025-01-09,2025-01-09,Delivered
PO0004729,SUP0049,WH006,2026-03-09,2026-03-21,2026-03-24,Delivered
PO0004730,SUP0067,WH005,2025-10-18,2025-10-23,2025-10-23,Delivered
PO0004731,SUP0027,WH005,2025-06-12,2025-06-23,2025-06-23,Delivered
PO0004732,SUP0092,WH008,2026-04-03,2026-04-05,2026-04-05,Delivered
PO0004733,SUP0094,WH003,2025-10-20,2025-10-31,2025-10-31,Delivered
PO0004734,SUP0005,WH006,2026-06-06,2026-06-12,2026-06-13,Delivered
PO0004735,SUP0021,WH003,2026-07-04,2026-07-09,2026-07-09,Delivered
PO0004736,SUP0097,WH008,2026-03-30,2026-04-04,2026-04-04,Delivered
PO0004737,SUP0099,WH006,2025-02-14,2025-02-28,2025-02-28,Delivered
PO0004738,SUP0002,WH006,2026-08-20,2026-08-31,,In Transit
PO0004739,SUP0084,WH006,2025-05-06,2025-05-15,2025-05-16,Delivered
PO0004740,SUP0006,WH009,2026-03-12,2026-03-20,2026-03-20,Delivered
PO0004741,SUP0056,WH008,2025-02-06,2025-02-19,2025-02-22,Delivered
PO0004742,SUP0041,WH006,2025-01-28,2025-02-05,2025-02-05,Delivered
PO0004743,SUP0004,WH002,2026-08-13,2026-08-15,2026-08-15,Delivered
PO0004744,SUP0021,WH009,2026-03-27,2026-04-02,2026-04-02,Delivered
PO0004745,SUP0095,WH010,2026-03-10,2026-03-17,2026-03-17,Delivered
PO0004746,SUP0059,WH002,2026-08-20,2026-08-26,2026-08-26,Delivered
PO0004747,SUP0041,WH005,2025-04-29,2025-05-07,2025-05-08,Delivered
PO0004748,SUP0027,WH008,2025-11-17,2025-11-26,2025-11-26,Delivered
PO0004749,SUP0098,WH009,2025-03-30,2025-04-06,2025-04-06,Delivered
PO0004750,SUP0007,WH003,2025-04-21,2025-04-28,2025-04-28,Delivered
PO0004751,SUP0096,WH005,2025-03-22,2025-03-30,2025-04-02,Delivered
PO0004752,SUP0004,WH010,2025-12-26,2026-01-05,2026-01-06,Delivered
PO0004753,SUP0019,WH006,2026-07-29,2026-08-07,2026-08-10,Delivered
PO0004754,SUP0007,WH005,2025-11-11,2025-11-24,2025-11-24,Delivered
PO0004755,SUP0016,WH004,2026-08-13,2026-08-19,2026-08-19,Delivered
PO0004756,SUP0059,WH007,2026-05-09,2026-05-23,2026-05-24,Delivered
PO0004757,SUP0081,WH010,2025-11-04,2025-11-16,2025-11-16,Delivered
PO0004758,SUP0064,WH007,2025-06-09,2025-06-14,2025-06-15,Delivered
PO0004759,SUP0034,WH008,2026-02-16,2026-02-27,2026-02-27,Delivered
PO0004760,SUP0011,WH002,2026-06-29,2026-07-07,2026-07-09,Delivered
PO0004761,SUP0026,WH004,2026-06-08,2026-06-14,2026-06-14,Delivered
PO0004762,SUP0066,WH002,2025-01-21,2025-01-28,2025-01-30,Delivered
PO0004763,SUP0046,WH004,2025-04-28,2025-05-02,2025-05-07,Delivered
PO0004764,SUP0029,WH001,2026-04-18,2026-04-29,2026-04-29,Delivered
PO0004765,SUP0051,WH007,2026-02-24,2026-03-05,2026-03-05,Delivered
PO0004766,SUP0092,WH002,2025-05-25,2025-06-08,2025-06-08,Delivered
PO0004767,SUP0083,WH003,2025-09-19,2025-09-22,2025-09-23,Delivered
PO0004768,SUP0061,WH008,2025-07-16,2025-07-18,2025-07-18,Delivered
PO0004769,SUP0069,WH010,2026-02-09,2026-02-23,2026-02-24,Delivered
PO0004770,SUP0059,WH003,2025-05-26,2025-06-03,2025-06-08,Delivered
PO0004771,SUP0026,WH007,2025-07-06,2025-07-13,2025-07-13,Delivered
PO0004772,SUP0081,WH001,2025-07-05,2025-07-11,2025-07-11,Delivered
PO0004773,SUP0094,WH004,2025-05-17,2025-05-22,2025-05-23,Delivered
PO0004774,SUP0047,WH008,2025-04-09,2025-04-16,2025-04-16,Delivered
PO0004775,SUP0053,WH001,2025-04-06,2025-04-19,2025-04-19,Delivered
PO0004776,SUP0028,WH001,2026-02-18,2026-02-21,2026-02-21,Delivered
PO0004777,SUP0067,WH008,2026-04-24,2026-04-27,2026-04-27,Delivered
PO0004778,SUP0009,WH007,2025-04-05,2025-04-14,2025-04-16,Delivered
PO0004779,SUP0002,WH006,2026-03-21,2026-03-29,2026-03-31,Delivered
PO0004780,SUP0085,WH001,2025-01-16,2025-01-22,2025-01-22,Delivered
PO0004781,SUP0092,WH003,2025-10-07,2025-10-14,2025-10-16,Delivered
PO0004782,SUP0091,WH007,2025-03-17,2025-03-27,2025-03-27,Delivered
PO0004783,SUP0046,WH001,2025-07-21,2025-07-30,2025-08-04,Delivered
PO0004784,SUP0074,WH004,2025-12-15,2025-12-21,2025-12-23,Delivered
PO0004785,SUP0053,WH001,2026-07-23,2026-08-02,2026-08-02,Delivered
PO0004786,SUP0020,WH010,2025-06-02,2025-06-08,2025-06-10,Delivered
PO0004787,SUP0075,WH001,2025-06-27,2025-07-10,2025-07-10,Delivered
PO0004788,SUP0035,WH003,2025-10-07,2025-10-20,2025-10-20,Delivered
PO0004789,SUP0024,WH003,2025-06-14,2025-06-19,2025-06-22,Delivered
PO0004790,SUP0013,WH008,2025-09-04,2025-09-12,2025-09-13,Delivered
PO0004791,SUP0007,WH002,2026-03-24,2026-03-30,2026-03-30,Delivered
PO0004792,SUP0054,WH006,2025-01-25,2025-02-06,2025-02-06,Delivered
PO0004793,SUP0092,WH006,2026-05-23,2026-05-31,2026-05-31,Delivered
PO0004794,SUP0029,WH004,2025-06-23,2025-06-26,2025-06-29,Delivered
PO0004795,SUP0093,WH001,2026-03-18,2026-03-29,2026-03-29,Delivered
PO0004796,SUP0093,WH003,2025-11-19,2025-11-24,2025-11-25,Delivered
PO0004797,SUP0093,WH007,2025-12-19,2025-12-21,2025-12-21,Delivered
PO0004798,SUP0077,WH006,2025-05-07,2025-05-21,2025-05-22,Delivered
PO0004799,SUP0083,WH004,2026-02-24,2026-03-06,2026-03-06,Cancelled
PO0004800,SUP0086,WH002,2026-08-03,2026-08-08,2026-08-08,Delivered
PO0004801,SUP0050,WH008,2026-06-22,2026-07-04,2026-07-09,Delivered
PO0004802,SUP0060,WH010,2025-01-28,2025-01-30,2025-02-02,Delivered
PO0004803,SUP0067,WH010,2025-12-13,2025-12-23,2025-12-28,Delivered
PO0004804,SUP0011,WH005,2025-11-23,2025-12-04,2025-12-06,Delivered
PO0004805,SUP0013,WH007,2026-05-20,2026-05-24,2026-05-27,Delivered
PO0004806,SUP0058,WH006,2025-06-01,2025-06-03,2025-06-05,Delivered
PO0004807,SUP0079,WH002,2025-03-09,2025-03-15,2025-03-15,Delivered
PO0004808,SUP0035,WH004,2026-04-15,2026-04-17,2026-04-22,Delivered
PO0004809,SUP0047,WH004,2025-05-11,2025-05-23,2025-05-25,Delivered
PO0004810,SUP0043,WH004,2026-08-06,2026-08-17,2026-08-17,Delivered
PO0004811,SUP0055,WH003,2026-02-10,2026-02-13,2026-02-13,Delivered
PO0004812,SUP0086,WH009,2026-04-08,2026-04-16,2026-04-21,Delivered
PO0004813,SUP0023,WH001,2025-09-23,2025-09-27,2025-09-27,Delivered
PO0004814,SUP0073,WH007,2026-06-08,2026-06-15,2026-06-15,Delivered
PO0004815,SUP0017,WH001,2025-01-17,2025-01-22,2025-01-22,Delivered
PO0004816,SUP0100,WH002,2025-07-21,2025-07-30,2025-07-30,Delivered
PO0004817,SUP0017,WH006,2026-06-27,2026-07-10,2026-07-10,Delivered
PO0004818,SUP0004,WH002,2025-08-15,2025-08-24,2025-08-24,Delivered
PO0004819,SUP0099,WH009,2025-03-14,2025-03-21,2025-03-23,Cancelled
PO0004820,SUP0045,WH003,2025-11-26,2025-12-04,2025-12-06,Delivered
PO0004821,SUP0073,WH001,2026-03-28,2026-04-01,2026-04-04,Delivered
PO0004822,SUP0097,WH003,2026-04-25,2026-05-07,2026-05-09,Delivered
PO0004823,SUP0081,WH004,2026-05-13,2026-05-19,2026-05-19,Delivered
PO0004824,SUP0008,WH007,2025-03-06,2025-03-08,2025-03-10,Delivered
PO0004825,SUP0053,WH005,2025-06-21,2025-06-26,2025-07-01,Delivered
PO0004826,SUP0051,WH009,2025-10-17,2025-10-26,2025-10-26,Delivered
PO0004827,SUP0014,WH008,2026-03-07,2026-03-09,2026-03-09,Delivered
PO0004828,SUP0060,WH006,2026-02-16,2026-02-18,2026-02-18,Delivered
PO0004829,SUP0039,WH005,2026-03-02,2026-03-13,2026-03-13,Delivered
PO0004830,SUP0011,WH005,2025-09-13,2025-09-16,2025-09-19,Delivered
PO0004831,SUP0049,WH010,2026-05-24,2026-05-29,2026-05-29,Delivered
PO0004832,SUP0068,WH001,2025-05-18,2025-05-29,2025-06-03,Delivered
PO0004833,SUP0004,WH004,2025-12-08,2025-12-21,2025-12-21,Delivered
PO0004834,SUP0053,WH003,2026-07-19,2026-07-27,2026-07-27,Delivered
PO0004835,SUP0068,WH009,2025-11-16,2025-11-23,2025-11-24,Delivered
PO0004836,SUP0031,WH009,2026-02-20,2026-02-26,2026-02-26,Delivered
PO0004837,SUP0073,WH008,2025-12-12,2025-12-15,2025-12-15,Delivered
PO0004838,SUP0067,WH005,2025-05-25,2025-06-06,2025-06-06,Delivered
PO0004839,SUP0019,WH009,2026-07-06,2026-07-17,2026-07-20,Delivered
PO0004840,SUP0059,WH005,2025-10-11,2025-10-23,2025-10-23,Delivered
PO0004841,SUP0070,WH007,2026-06-15,2026-06-29,2026-07-07,Delivered
PO0004842,SUP0060,WH006,2026-06-13,2026-06-17,2026-06-17,Cancelled
PO0004843,SUP0033,WH004,2026-05-05,2026-05-17,2026-05-17,Delivered
PO0004844,SUP0003,WH002,2026-07-15,2026-07-21,2026-07-22,Delivered
PO0004845,SUP0067,WH005,2025-07-19,2025-07-28,2025-07-28,Delivered
PO0004846,SUP0080,WH001,2025-10-19,2025-10-25,2025-10-26,Delivered
PO0004847,SUP0078,WH002,2025-10-12,2025-10-18,2025-10-18,Delivered
PO0004848,SUP0077,WH003,2025-01-13,2025-01-20,2025-01-21,Delivered
PO0004849,SUP0093,WH009,2025-04-03,2025-04-05,2025-04-05,Delivered
PO0004850,SUP0095,WH002,2025-11-21,2025-11-27,2025-11-28,Delivered
PO0004851,SUP0005,WH009,2025-06-06,2025-06-19,2025-06-19,Delivered
PO0004852,SUP0084,WH002,2025-04-18,2025-04-29,2025-04-29,Delivered
PO0004853,SUP0076,WH001,2026-06-30,2026-07-13,2026-07-13,Delivered
PO0004854,SUP0006,WH002,2025-05-16,2025-05-28,2025-05-28,Delivered
PO0004855,SUP0020,WH005,2026-02-19,2026-03-04,2026-03-04,Delivered
PO0004856,SUP0037,WH004,2025-04-29,2025-05-11,2025-05-11,Delivered
PO0004857,SUP0097,WH004,2025-12-01,2025-12-08,2025-12-08,Delivered
PO0004858,SUP0044,WH007,2026-05-28,2026-06-11,2026-06-11,Delivered
PO0004859,SUP0065,WH005,2025-07-26,2025-07-29,2025-07-31,Delivered
PO0004860,SUP0094,WH010,2025-04-14,2025-04-16,2025-04-16,Delivered
PO0004861,SUP0030,WH006,2026-06-19,2026-06-26,2026-06-29,Delivered
PO0004862,SUP0026,WH005,2025-04-12,2025-04-24,2025-04-26,Delivered
PO0004863,SUP0050,WH010,2025-02-17,2025-02-27,2025-02-27,Delivered
PO0004864,SUP0032,WH003,2025-07-11,2025-07-23,2025-07-23,Delivered
PO0004865,SUP0088,WH008,2025-03-10,2025-03-19,2025-03-22,Delivered
PO0004866,SUP0064,WH002,2025-05-16,2025-05-28,2025-05-30,Delivered
PO0004867,SUP0007,WH006,2026-06-05,2026-06-10,2026-06-15,Delivered
PO0004868,SUP0027,WH002,2026-07-30,2026-08-09,2026-08-09,Delivered
PO0004869,SUP0022,WH008,2025-04-11,2025-04-18,2025-04-23,Delivered
PO0004870,SUP0089,WH006,2025-05-30,2025-06-01,2025-06-01,Delivered
PO0004871,SUP0062,WH005,2025-04-14,2025-04-22,2025-04-23,Delivered
PO0004872,SUP0036,WH001,2025-04-06,2025-04-17,2025-04-19,Delivered
PO0004873,SUP0030,WH003,2025-03-29,2025-04-10,2025-04-10,Delivered
PO0004874,SUP0057,WH001,2026-07-08,2026-07-13,2026-07-13,Delivered
PO0004875,SUP0078,WH005,2025-09-28,2025-10-09,2025-10-11,Delivered
PO0004876,SUP0013,WH006,2025-09-18,2025-09-21,2025-09-26,Delivered
PO0004877,SUP0081,WH006,2026-04-04,2026-04-06,2026-04-06,Delivered
PO0004878,SUP0077,WH003,2025-10-20,2025-11-01,2025-11-03,Delivered
PO0004879,SUP0024,WH002,2025-09-30,2025-10-07,2025-10-07,Delivered
PO0004880,SUP0002,WH009,2025-07-02,2025-07-05,2025-07-08,Delivered
PO0004881,SUP0037,WH009,2025-04-01,2025-04-08,2025-04-11,Delivered
PO0004882,SUP0047,WH006,2026-03-15,2026-03-27,2026-03-27,Delivered
PO0004883,SUP0013,WH001,2025-07-28,2025-08-04,2025-08-07,Delivered
PO0004884,SUP0068,WH010,2026-08-25,2026-08-31,,In Transit
PO0004885,SUP0017,WH010,2025-07-02,2025-07-11,2025-07-11,Delivered
PO0004886,SUP0081,WH006,2025-10-26,2025-11-03,2025-11-03,Delivered
PO0004887,SUP0079,WH005,2025-12-22,2026-01-02,2026-01-07,Delivered
PO0004888,SUP0006,WH008,2025-04-26,2025-05-03,2025-05-06,Delivered
PO0004889,SUP0084,WH009,2025-04-08,2025-04-18,2025-04-19,Delivered
PO0004890,SUP0068,WH003,2026-05-13,2026-05-25,2026-05-25,Delivered
PO0004891,SUP0003,WH008,2025-04-30,2025-05-06,2025-05-06,Delivered
PO0004892,SUP0014,WH002,2026-02-28,2026-03-03,2026-03-03,Delivered
PO0004893,SUP0026,WH002,2025-03-16,2025-03-27,2025-03-29,Cancelled
PO0004894,SUP0061,WH008,2026-03-17,2026-03-21,2026-03-22,Delivered
PO0004895,SUP0051,WH009,2025-08-05,2025-08-09,2025-08-11,Delivered
PO0004896,SUP0042,WH005,2026-06-09,2026-06-16,2026-06-16,Delivered
PO0004897,SUP0048,WH009,2025-05-28,2025-06-10,2025-06-10,Delivered
PO0004898,SUP0011,WH007,2026-01-08,2026-01-10,2026-01-10,Delivered
PO0004899,SUP0090,WH009,2025-08-08,2025-08-13,2025-08-16,Delivered
PO0004900,SUP0053,WH005,2025-03-25,2025-04-04,2025-04-04,Delivered
PO0004901,SUP0024,WH003,2025-05-13,2025-05-22,2025-05-22,Delivered
PO0004902,SUP0094,WH004,2026-06-28,2026-07-12,2026-07-12,Delivered
PO0004903,SUP0055,WH005,2026-05-20,2026-05-28,2026-05-28,Delivered
PO0004904,SUP0007,WH008,2026-08-15,2026-08-29,,In Transit
PO0004905,SUP0100,WH003,2025-03-29,2025-04-05,2025-04-05,Delivered
PO0004906,SUP0072,WH007,2026-08-11,2026-08-24,2026-08-24,Delivered
PO0004907,SUP0009,WH006,2025-03-24,2025-03-26,2025-03-27,Delivered
PO0004908,SUP0048,WH005,2025-04-02,2025-04-06,2025-04-06,Delivered
PO0004909,SUP0032,WH006,2026-06-20,2026-06-28,2026-07-01,Delivered
PO0004910,SUP0041,WH002,2025-05-22,2025-05-31,2025-05-31,Delivered
PO0004911,SUP0007,WH005,2025-09-08,2025-09-20,2025-09-22,Delivered
PO0004912,SUP0097,WH005,2025-06-20,2025-06-22,2025-06-22,Delivered
PO0004913,SUP0070,WH006,2025-02-22,2025-03-06,2025-03-06,Delivered
PO0004914,SUP0002,WH007,2025-01-14,2025-01-28,2025-02-05,Delivered
PO0004915,SUP0016,WH010,2025-12-26,2025-12-30,2025-12-31,Delivered
PO0004916,SUP0077,WH004,2025-05-18,2025-05-22,2025-05-22,Delivered
PO0004917,SUP0010,WH006,2026-05-04,2026-05-17,2026-05-17,Delivered
PO0004918,SUP0085,WH003,2025-03-18,2025-03-28,2025-03-28,Delivered
PO0004919,SUP0078,WH009,2025-03-10,2025-03-15,2025-03-15,Delivered
PO0004920,SUP0001,WH002,2025-09-22,2025-09-30,2025-09-30,Delivered
PO0004921,SUP0010,WH010,2026-03-26,2026-04-05,2026-04-05,Delivered
PO0004922,SUP0079,WH002,2026-08-14,2026-08-28,,In Transit
PO0004923,SUP0068,WH002,2025-12-20,2025-12-22,2025-12-22,Delivered
PO0004924,SUP0026,WH008,2025-06-26,2025-07-09,2025-07-09,Delivered
PO0004925,SUP0089,WH008,2025-03-28,2025-04-11,2025-04-11,Delivered
PO0004926,SUP0005,WH002,2025-10-05,2025-10-17,2025-10-19,Delivered
PO0004927,SUP0014,WH006,2026-08-15,2026-08-21,2026-08-23,Delivered
PO0004928,SUP0030,WH003,2025-05-03,2025-05-07,2025-05-07,Delivered
PO0004929,SUP0012,WH007,2025-04-12,2025-04-25,2025-04-27,Delivered
PO0004930,SUP0064,WH006,2025-11-29,2025-12-05,2025-12-10,Delivered
PO0004931,SUP0030,WH002,2025-10-02,2025-10-13,2025-10-14,Delivered
PO0004932,SUP0069,WH001,2025-05-19,2025-05-31,2025-05-31,Delivered
PO0004933,SUP0008,WH006,2025-04-24,2025-05-04,2025-05-05,Delivered
PO0004934,SUP0003,WH001,2026-07-09,2026-07-22,2026-07-22,Delivered
PO0004935,SUP0020,WH002,2026-02-16,2026-02-23,2026-02-23,Delivered
PO0004936,SUP0040,WH009,2025-07-24,2025-08-02,2025-08-04,Delivered
PO0004937,SUP0059,WH004,2026-07-13,2026-07-24,2026-07-27,Delivered
PO0004938,SUP0052,WH001,2025-05-26,2025-06-05,2025-06-05,Delivered
PO0004939,SUP0064,WH005,2026-03-08,2026-03-10,2026-03-10,Delivered
PO0004940,SUP0085,WH007,2026-05-24,2026-05-31,2026-05-31,Delivered
PO0004941,SUP0051,WH008,2025-03-15,2025-03-26,2025-03-26,Delivered
PO0004942,SUP0014,WH008,2026-07-14,2026-07-20,2026-07-20,Delivered
PO0004943,SUP0050,WH007,2025-06-16,2025-06-30,2025-06-30,Delivered
PO0004944,SUP0005,WH001,2025-10-06,2025-10-15,2025-10-15,Delivered
PO0004945,SUP0001,WH009,2025-10-19,2025-10-26,2025-10-28,Delivered
PO0004946,SUP0039,WH010,2025-12-26,2026-01-05,2026-01-05,Delivered
PO0004947,SUP0040,WH005,2026-07-18,2026-07-20,2026-07-20,Delivered
PO0004948,SUP0027,WH003,2026-05-27,2026-05-31,2026-06-02,Delivered
PO0004949,SUP0038,WH004,2025-09-07,2025-09-10,2025-09-12,Delivered
PO0004950,SUP0065,WH007,2025-06-25,2025-07-03,2025-07-04,Delivered
PO0004951,SUP0057,WH004,2025-08-26,2025-08-30,2025-09-01,Delivered
PO0004952,SUP0078,WH007,2025-02-09,2025-02-22,2025-02-23,Delivered
PO0004953,SUP0029,WH001,2025-10-24,2025-11-01,2025-11-01,Delivered
PO0004954,SUP0094,WH001,2025-07-26,2025-08-07,2025-08-07,Delivered
PO0004955,SUP0097,WH010,2025-02-24,2025-03-09,2025-03-09,Delivered
PO0004956,SUP0059,WH006,2026-01-17,2026-01-23,2026-01-23,Delivered
PO0004957,SUP0053,WH008,2025-08-04,2025-08-11,2025-08-11,Delivered
PO0004958,SUP0056,WH001,2026-08-03,2026-08-08,2026-08-08,Delivered
PO0004959,SUP0099,WH009,2026-04-30,2026-05-13,2026-05-13,Delivered
PO0004960,SUP0010,WH008,2025-01-20,2025-01-26,2025-01-26,Delivered
PO0004961,SUP0073,WH003,2025-10-13,2025-10-15,2025-10-15,Delivered
PO0004962,SUP0011,WH006,2025-04-30,2025-05-06,2025-05-06,Delivered
PO0004963,SUP0086,WH001,2026-04-13,2026-04-17,2026-04-17,Delivered
PO0004964,SUP0098,WH002,2025-04-02,2025-04-14,2025-04-14,Delivered
PO0004965,SUP0006,WH007,2025-10-25,2025-10-31,2025-11-02,Delivered
PO0004966,SUP0064,WH004,2025-10-21,2025-10-23,2025-10-24,Delivered
PO0004967,SUP0043,WH002,2025-06-23,2025-07-04,2025-07-04,Delivered
PO0004968,SUP0063,WH004,2026-08-25,2026-09-07,,In Transit
PO0004969,SUP0082,WH007,2025-11-08,2025-11-19,2025-11-21,Delivered
PO0004970,SUP0075,WH005,2026-06-26,2026-07-06,2026-07-06,Delivered
PO0004971,SUP0010,WH001,2026-06-23,2026-06-29,2026-06-29,Delivered
PO0004972,SUP0049,WH005,2025-03-20,2025-03-28,2025-03-28,Delivered
PO0004973,SUP0082,WH004,2025-05-06,2025-05-09,2025-05-11,Delivered
PO0004974,SUP0042,WH008,2026-06-18,2026-06-24,2026-06-25,Delivered
PO0004975,SUP0029,WH007,2025-02-24,2025-03-04,2025-03-07,Delivered
PO0004976,SUP0080,WH004,2026-03-08,2026-03-22,2026-03-27,Delivered
PO0004977,SUP0046,WH002,2025-05-19,2025-05-31,2025-05-31,Delivered
PO0004978,SUP0039,WH008,2026-08-03,2026-08-09,2026-08-14,Delivered
PO0004979,SUP0042,WH007,2025-11-12,2025-11-20,2025-11-20,Delivered
PO0004980,SUP0002,WH006,2026-08-01,2026-08-11,2026-08-12,Delivered
PO0004981,SUP0007,WH001,2025-01-20,2025-01-27,2025-02-01,Delivered
PO0004982,SUP0060,WH009,2026-06-26,2026-06-30,2026-07-01,Delivered
PO0004983,SUP0052,WH002,2025-06-11,2025-06-21,2025-06-23,Delivered
PO0004984,SUP0092,WH002,2026-08-10,2026-08-21,2026-08-21,Delivered
PO0004985,SUP0042,WH007,2026-05-08,2026-05-16,2026-05-18,Delivered
PO0004986,SUP0087,WH002,2025-09-22,2025-10-02,2025-10-04,Delivered
PO0004987,SUP0024,WH002,2025-06-22,2025-07-04,2025-07-04,Delivered
PO0004988,SUP0010,WH004,2025-07-11,2025-07-13,2025-07-13,Delivered
PO0004989,SUP0090,WH006,2026-08-26,2026-08-31,,In Transit
PO0004990,SUP0063,WH009,2025-01-24,2025-02-04,2025-02-04,Delivered
PO0004991,SUP0045,WH001,2025-03-19,2025-03-31,2025-04-03,Delivered
PO0004992,SUP0035,WH002,2025-08-04,2025-08-12,2025-08-14,Delivered
PO0004993,SUP0027,WH006,2026-01-12,2026-01-18,2026-01-19,Delivered
PO0004994,SUP0031,WH001,2026-01-16,2026-01-29,2026-01-29,Delivered
PO0004995,SUP0049,WH003,2025-09-12,2025-09-18,2025-09-18,Delivered
PO0004996,SUP0056,WH003,2026-06-11,2026-06-14,2026-06-19,Delivered
PO0004997,SUP0060,WH002,2025-01-16,2025-01-24,2025-01-24,Delivered
PO0004998,SUP0096,WH006,2025-03-08,2025-03-20,2025-03-20,Delivered
PO0004999,SUP0088,WH003,2025-10-21,2025-10-30,2025-10-30,Delivered
PO0005000,SUP0008,WH004,2025-07-16,2025-07-22,2025-07-25,Delivered
PO0005001,SUP0043,WH004,2025-08-16,2025-08-20,2025-08-20,Delivered
PO0005002,SUP0037,WH010,2025-11-24,2025-12-02,2025-12-02,Delivered
PO0005003,SUP0089,WH004,2026-07-10,2026-07-16,2026-07-16,Delivered
PO0005004,SUP0082,WH004,2026-05-13,2026-05-21,2026-05-21,Delivered
PO0005005,SUP0072,WH007,2026-06-03,2026-06-14,2026-06-19,Delivered
PO0005006,SUP0090,WH002,2026-02-21,2026-03-05,2026-03-06,Delivered
PO0005007,SUP0032,WH010,2025-05-26,2025-05-30,2025-05-30,Delivered
PO0005008,SUP0074,WH008,2026-02-25,2026-03-04,2026-03-04,Delivered
PO0005009,SUP0071,WH001,2025-02-01,2025-02-03,2025-02-03,Delivered
PO0005010,SUP0071,WH002,2025-02-25,2025-02-27,2025-02-28,Delivered
PO0005011,SUP0032,WH004,2025-02-24,2025-03-04,2025-03-09,Delivered
PO0005012,SUP0067,WH005,2025-09-18,2025-10-02,2025-10-04,Delivered
PO0005013,SUP0017,WH010,2025-01-11,2025-01-13,2025-01-15,Delivered
PO0005014,SUP0011,WH001,2026-01-25,2026-01-28,2026-01-28,Delivered
PO0005015,SUP0042,WH004,2026-06-09,2026-06-18,2026-06-18,Delivered
PO0005016,SUP0094,WH004,2025-09-20,2025-10-02,2025-10-02,Delivered
PO0005017,SUP0066,WH009,2025-03-13,2025-03-23,2025-03-23,Delivered
PO0005018,SUP0043,WH006,2025-02-17,2025-03-01,2025-03-09,Delivered
PO0005019,SUP0090,WH001,2025-09-26,2025-10-05,2025-10-06,Delivered
PO0005020,SUP0093,WH001,2025-11-15,2025-11-23,2025-11-23,Delivered
PO0005021,SUP0085,WH009,2026-05-23,2026-06-03,2026-06-03,Delivered
PO0005022,SUP0034,WH008,2025-06-18,2025-07-02,2025-07-02,Delivered
PO0005023,SUP0033,WH008,2026-03-01,2026-03-08,2026-03-08,Delivered
PO0005024,SUP0017,WH008,2026-01-22,2026-02-03,2026-02-05,Delivered
PO0005025,SUP0044,WH003,2025-06-26,2025-06-28,2025-07-03,Delivered
PO0005026,SUP0097,WH004,2025-12-25,2026-01-07,2026-01-07,Delivered
PO0005027,SUP0090,WH010,2026-02-11,2026-02-15,2026-02-15,Delivered
PO0005028,SUP0004,WH010,2026-01-05,2026-01-13,2026-01-13,Delivered
PO0005029,SUP0045,WH003,2025-08-18,2025-08-31,2025-08-31,Delivered
PO0005030,SUP0061,WH002,2026-06-22,2026-06-30,2026-06-30,Delivered
PO0005031,SUP0039,WH006,2026-04-17,2026-04-29,2026-04-29,Delivered
PO0005032,SUP0037,WH004,2026-08-17,2026-08-20,2026-08-22,Delivered
PO0005033,SUP0072,WH008,2025-09-14,2025-09-17,2025-09-18,Delivered
PO0005034,SUP0066,WH010,2025-08-01,2025-08-09,2025-08-09,Delivered
PO0005035,SUP0030,WH010,2025-08-16,2025-08-21,2025-08-23,Delivered
PO0005036,SUP0049,WH006,2025-06-18,2025-06-20,2025-06-21,Delivered
PO0005037,SUP0093,WH001,2025-05-06,2025-05-08,2025-05-08,Delivered
PO0005038,SUP0047,WH005,2025-02-16,2025-02-21,2025-02-21,Delivered
PO0005039,SUP0018,WH010,2026-06-10,2026-06-13,2026-06-13,Delivered
PO0005040,SUP0038,WH002,2025-07-23,2025-08-06,2025-08-07,Delivered
PO0005041,SUP0012,WH002,2025-01-17,2025-01-24,2025-01-26,Delivered
PO0005042,SUP0009,WH004,2026-06-28,2026-07-09,2026-07-09,Delivered
PO0005043,SUP0049,WH005,2025-06-02,2025-06-12,2025-06-14,Delivered
PO0005044,SUP0068,WH004,2026-03-25,2026-04-02,2026-04-02,Delivered
PO0005045,SUP0028,WH001,2025-11-04,2025-11-07,2025-11-07,Delivered
PO0005046,SUP0061,WH010,2026-07-03,2026-07-17,2026-07-17,Delivered
PO0005047,SUP0091,WH002,2025-03-19,2025-03-30,2025-03-30,Delivered
PO0005048,SUP0067,WH005,2025-11-29,2025-12-10,2025-12-13,Delivered
PO0005049,SUP0008,WH002,2026-06-05,2026-06-11,2026-06-12,Delivered
PO0005050,SUP0041,WH010,2026-07-27,2026-08-01,2026-08-01,Delivered
PO0005051,SUP0005,WH008,2025-10-23,2025-11-05,2025-11-10,Delivered
PO0005052,SUP0035,WH001,2026-01-23,2026-02-05,2026-02-05,Delivered
PO0005053,SUP0092,WH001,2025-06-03,2025-06-17,2025-06-17,Delivered
PO0005054,SUP0030,WH009,2026-03-12,2026-03-24,2026-03-26,Delivered
PO0005055,SUP0075,WH005,2025-08-08,2025-08-15,2025-08-15,Delivered
PO0005056,SUP0024,WH002,2025-11-22,2025-11-29,2025-11-30,Delivered
PO0005057,SUP0064,WH005,2026-03-24,2026-03-29,2026-03-29,Delivered
PO0005058,SUP0099,WH005,2026-07-11,2026-07-15,2026-07-15,Delivered
PO0005059,SUP0031,WH002,2025-12-19,2025-12-27,2025-12-28,Delivered
PO0005060,SUP0032,WH001,2026-03-11,2026-03-15,2026-03-15,Delivered
PO0005061,SUP0078,WH001,2025-11-12,2025-11-17,2025-11-20,Delivered
PO0005062,SUP0064,WH004,2025-03-18,2025-03-30,2025-04-01,Delivered
PO0005063,SUP0079,WH004,2025-12-26,2025-12-31,2026-01-02,Delivered
PO0005064,SUP0029,WH002,2025-06-07,2025-06-19,2025-06-20,Delivered
PO0005065,SUP0079,WH008,2025-11-17,2025-11-22,2025-11-22,Delivered
PO0005066,SUP0012,WH001,2025-09-26,2025-10-03,2025-10-06,Delivered
PO0005067,SUP0048,WH005,2025-08-02,2025-08-07,2025-08-09,Delivered
PO0005068,SUP0098,WH004,2026-08-24,2026-09-04,,In Transit
PO0005069,SUP0085,WH006,2025-12-06,2025-12-15,2025-12-17,Delivered
PO0005070,SUP0025,WH001,2026-04-20,2026-05-04,2026-05-06,Delivered
PO0005071,SUP0027,WH003,2025-02-07,2025-02-12,2025-02-12,Delivered
PO0005072,SUP0015,WH003,2025-04-29,2025-05-10,2025-05-10,Delivered
PO0005073,SUP0007,WH006,2025-03-09,2025-03-21,2025-03-24,Delivered
PO0005074,SUP0036,WH010,2025-05-10,2025-05-13,2025-05-13,Delivered
PO0005075,SUP0067,WH004,2025-09-15,2025-09-17,2025-09-19,Delivered
PO0005076,SUP0003,WH003,2026-07-09,2026-07-20,2026-07-23,Delivered
PO0005077,SUP0063,WH009,2025-10-11,2025-10-21,2025-10-21,Delivered
PO0005078,SUP0065,WH003,2025-08-26,2025-09-05,2025-09-05,Delivered
PO0005079,SUP0012,WH009,2026-02-13,2026-02-21,2026-02-21,Delivered
PO0005080,SUP0058,WH004,2026-02-14,2026-02-18,2026-02-21,Delivered
PO0005081,SUP0096,WH006,2026-04-21,2026-05-04,2026-05-07,Delivered
PO0005082,SUP0082,WH005,2026-08-01,2026-08-15,2026-08-15,Delivered
PO0005083,SUP0048,WH008,2026-01-09,2026-01-14,2026-01-14,Delivered
PO0005084,SUP0003,WH003,2026-07-08,2026-07-17,2026-07-17,Delivered
PO0005085,SUP0013,WH003,2026-01-20,2026-01-22,2026-01-24,Delivered
PO0005086,SUP0009,WH007,2025-08-23,2025-09-04,2025-09-04,Cancelled
PO0005087,SUP0090,WH003,2025-06-19,2025-06-26,2025-06-26,Delivered
PO0005088,SUP0068,WH007,2025-10-28,2025-11-02,2025-11-05,Delivered
PO0005089,SUP0068,WH005,2025-07-10,2025-07-12,2025-07-12,Delivered
PO0005090,SUP0096,WH008,2026-02-15,2026-02-19,2026-02-21,Delivered
PO0005091,SUP0009,WH010,2025-08-21,2025-08-24,2025-08-25,Delivered
PO0005092,SUP0079,WH008,2026-07-23,2026-07-26,2026-07-26,Delivered
PO0005093,SUP0082,WH001,2026-04-10,2026-04-23,2026-04-23,Delivered
PO0005094,SUP0037,WH008,2026-07-07,2026-07-16,2026-07-19,Delivered
PO0005095,SUP0095,WH004,2026-03-08,2026-03-11,2026-03-14,Delivered
PO0005096,SUP0021,WH006,2025-04-02,2025-04-08,2025-04-08,Delivered
PO0005097,SUP0070,WH010,2026-05-30,2026-06-02,2026-06-02,Cancelled
PO0005098,SUP0081,WH006,2026-01-20,2026-01-28,2026-01-30,Delivered
PO0005099,SUP0071,WH006,2025-11-05,2025-11-12,2025-11-15,Delivered
PO0005100,SUP0092,WH004,2025-03-15,2025-03-27,2025-03-29,Delivered
PO0005101,SUP0005,WH002,2026-06-13,2026-06-22,2026-06-24,Delivered
PO0005102,SUP0021,WH010,2026-05-12,2026-05-21,2026-05-21,Delivered
PO0005103,SUP0004,WH004,2026-04-17,2026-04-24,2026-04-24,Delivered
PO0005104,SUP0036,WH001,2026-08-01,2026-08-14,2026-08-14,Delivered
PO0005105,SUP0005,WH008,2025-08-29,2025-09-09,2025-09-09,Delivered
PO0005106,SUP0070,WH007,2026-06-21,2026-07-05,2026-07-05,Delivered
PO0005107,SUP0013,WH002,2026-04-27,2026-05-06,2026-05-06,Delivered
PO0005108,SUP0085,WH006,2025-05-11,2025-05-14,2025-05-14,Delivered
PO0005109,SUP0021,WH008,2026-07-28,2026-07-30,2026-07-30,Delivered
PO0005110,SUP0012,WH001,2026-08-10,2026-08-22,2026-08-22,Delivered
PO0005111,SUP0004,WH007,2025-12-15,2025-12-25,2025-12-25,Delivered
PO0005112,SUP0024,WH008,2025-06-03,2025-06-05,2025-06-05,Cancelled
PO0005113,SUP0007,WH002,2025-05-29,2025-06-11,2025-06-11,Delivered
PO0005114,SUP0022,WH008,2025-02-15,2025-02-24,2025-02-24,Delivered
PO0005115,SUP0025,WH004,2025-03-05,2025-03-12,2025-03-12,Delivered
PO0005116,SUP0071,WH003,2025-05-12,2025-05-26,2025-05-26,Cancelled
PO0005117,SUP0011,WH007,2025-09-14,2025-09-25,2025-09-25,Delivered
PO0005118,SUP0064,WH010,2025-06-13,2025-06-23,2025-06-23,Delivered
PO0005119,SUP0025,WH008,2025-11-26,2025-12-05,2025-12-07,Delivered
PO0005120,SUP0079,WH005,2025-10-18,2025-10-28,2025-10-28,Delivered
PO0005121,SUP0032,WH009,2026-07-06,2026-07-12,2026-07-14,Delivered
PO0005122,SUP0074,WH004,2025-06-11,2025-06-24,2025-06-29,Delivered
PO0005123,SUP0030,WH010,2026-06-19,2026-06-24,2026-06-27,Delivered
PO0005124,SUP0090,WH009,2026-07-14,2026-07-25,2026-07-28,Delivered
PO0005125,SUP0040,WH004,2026-02-25,2026-03-09,2026-03-09,Delivered
PO0005126,SUP0001,WH003,2025-03-12,2025-03-18,2025-03-21,Delivered
PO0005127,SUP0054,WH007,2025-10-27,2025-10-31,2025-10-31,Delivered
PO0005128,SUP0094,WH001,2025-02-12,2025-02-26,2025-02-26,Delivered
PO0005129,SUP0039,WH009,2026-05-13,2026-05-19,2026-05-19,Delivered
PO0005130,SUP0008,WH006,2026-08-15,2026-08-25,2026-08-25,Delivered
PO0005131,SUP0065,WH007,2025-01-21,2025-02-01,2025-02-01,Delivered
PO0005132,SUP0096,WH006,2025-05-12,2025-05-23,2025-05-23,Delivered
PO0005133,SUP0032,WH004,2026-07-09,2026-07-21,2026-07-21,Delivered
PO0005134,SUP0031,WH006,2025-04-03,2025-04-15,2025-04-15,Delivered
PO0005135,SUP0041,WH004,2025-05-11,2025-05-15,2025-05-15,Delivered
PO0005136,SUP0013,WH004,2026-07-18,2026-07-27,2026-07-29,Delivered
PO0005137,SUP0076,WH006,2026-02-20,2026-02-23,2026-02-23,Delivered
PO0005138,SUP0029,WH008,2025-12-25,2026-01-07,2026-01-09,Delivered
PO0005139,SUP0012,WH009,2025-11-20,2025-11-26,2025-11-28,Delivered
PO0005140,SUP0099,WH009,2025-11-24,2025-12-03,2025-12-04,Delivered
PO0005141,SUP0039,WH005,2026-07-21,2026-08-02,2026-08-07,Delivered
PO0005142,SUP0077,WH004,2025-06-17,2025-06-23,2025-06-24,Delivered
PO0005143,SUP0029,WH005,2026-03-01,2026-03-08,2026-03-08,Delivered
PO0005144,SUP0040,WH007,2026-03-25,2026-04-01,2026-04-01,Delivered
PO0005145,SUP0034,WH005,2026-01-12,2026-01-21,2026-01-21,Delivered
PO0005146,SUP0035,WH005,2025-09-01,2025-09-03,2025-09-03,Delivered
PO0005147,SUP0068,WH005,2026-07-18,2026-08-01,2026-08-01,Delivered
PO0005148,SUP0012,WH009,2026-02-06,2026-02-14,2026-02-14,Delivered
PO0005149,SUP0069,WH001,2025-10-28,2025-11-10,2025-11-12,Delivered
PO0005150,SUP0021,WH010,2025-02-27,2025-03-12,2025-03-15,Delivered
PO0005151,SUP0024,WH009,2026-02-12,2026-02-25,2026-02-25,Delivered
PO0005152,SUP0024,WH003,2026-08-21,2026-09-02,,In Transit
PO0005153,SUP0075,WH008,2025-06-21,2025-06-23,2025-06-23,Delivered
PO0005154,SUP0077,WH005,2026-07-06,2026-07-12,2026-07-12,Delivered
PO0005155,SUP0008,WH003,2026-06-27,2026-07-01,2026-07-01,Delivered
PO0005156,SUP0025,WH010,2025-09-05,2025-09-14,2025-09-17,Delivered
PO0005157,SUP0096,WH008,2026-07-06,2026-07-15,2026-07-15,Delivered
PO0005158,SUP0079,WH005,2025-12-26,2025-12-31,2025-12-31,Delivered
PO0005159,SUP0053,WH001,2026-04-30,2026-05-10,2026-05-10,Delivered
PO0005160,SUP0083,WH006,2026-08-06,2026-08-20,2026-08-20,Delivered
PO0005161,SUP0015,WH009,2026-08-09,2026-08-23,2026-08-25,Delivered
PO0005162,SUP0058,WH001,2026-04-30,2026-05-07,2026-05-10,Delivered
PO0005163,SUP0041,WH004,2025-11-27,2025-11-30,2025-11-30,Delivered
PO0005164,SUP0072,WH007,2025-08-12,2025-08-21,2025-08-23,Delivered
PO0005165,SUP0034,WH006,2026-03-04,2026-03-17,2026-03-17,Delivered
PO0005166,SUP0083,WH002,2026-02-04,2026-02-12,2026-02-17,Delivered
PO0005167,SUP0083,WH009,2025-05-27,2025-05-31,2025-06-03,Delivered
PO0005168,SUP0094,WH010,2026-01-27,2026-02-02,2026-02-02,Delivered
PO0005169,SUP0087,WH005,2026-02-18,2026-02-21,2026-02-21,Delivered
PO0005170,SUP0069,WH009,2025-01-19,2025-01-27,2025-01-27,Delivered
PO0005171,SUP0003,WH004,2026-06-21,2026-07-05,2026-07-05,Delivered
PO0005172,SUP0056,WH009,2025-10-04,2025-10-07,2025-10-08,Delivered
PO0005173,SUP0017,WH005,2025-12-23,2026-01-01,2026-01-03,Delivered
PO0005174,SUP0036,WH003,2025-12-02,2025-12-16,2025-12-16,Delivered
PO0005175,SUP0094,WH004,2026-01-13,2026-01-23,2026-01-23,Delivered
PO0005176,SUP0005,WH004,2026-05-26,2026-06-05,2026-06-05,Delivered
PO0005177,SUP0072,WH010,2025-11-25,2025-12-09,2025-12-09,Delivered
PO0005178,SUP0004,WH003,2026-05-09,2026-05-20,2026-05-20,Delivered
PO0005179,SUP0056,WH006,2026-03-07,2026-03-15,2026-03-15,Delivered
PO0005180,SUP0099,WH003,2025-09-02,2025-09-09,2025-09-10,Delivered
PO0005181,SUP0027,WH009,2025-01-22,2025-01-30,2025-01-30,Delivered
PO0005182,SUP0050,WH008,2026-02-04,2026-02-14,2026-02-14,Delivered
PO0005183,SUP0028,WH001,2026-08-12,2026-08-26,2026-08-26,Delivered
PO0005184,SUP0027,WH002,2025-12-09,2025-12-19,2025-12-21,Delivered
PO0005185,SUP0084,WH010,2026-05-20,2026-05-25,2026-05-25,Delivered
PO0005186,SUP0058,WH004,2025-12-07,2025-12-18,2025-12-21,Delivered
PO0005187,SUP0016,WH001,2025-04-05,2025-04-17,2025-04-19,Delivered
PO0005188,SUP0056,WH003,2025-02-16,2025-02-22,2025-02-23,Delivered
PO0005189,SUP0080,WH003,2025-03-19,2025-03-25,2025-03-25,Delivered
PO0005190,SUP0038,WH006,2025-10-20,2025-10-23,2025-10-24,Delivered
PO0005191,SUP0033,WH008,2025-07-26,2025-07-29,2025-07-30,Delivered
PO0005192,SUP0047,WH003,2026-02-12,2026-02-14,2026-02-14,Delivered
PO0005193,SUP0064,WH007,2026-03-24,2026-04-04,2026-04-04,Delivered
PO0005194,SUP0068,WH002,2025-01-06,2025-01-14,2025-01-14,Delivered
PO0005195,SUP0015,WH010,2025-09-02,2025-09-13,2025-09-16,Delivered
PO0005196,SUP0063,WH005,2026-07-26,2026-07-29,2026-07-29,Cancelled
PO0005197,SUP0033,WH008,2025-03-18,2025-03-29,2025-03-29,Delivered
PO0005198,SUP0060,WH010,2026-03-15,2026-03-25,2026-03-26,Delivered
PO0005199,SUP0095,WH003,2025-08-05,2025-08-07,2025-08-10,Delivered
PO0005200,SUP0094,WH004,2025-08-14,2025-08-17,2025-08-20,Delivered
PO0005201,SUP0011,WH007,2025-10-11,2025-10-21,2025-10-22,Delivered
PO0005202,SUP0047,WH003,2025-05-28,2025-06-06,2025-06-08,Delivered
PO0005203,SUP0019,WH003,2025-03-02,2025-03-16,2025-03-16,Delivered
PO0005204,SUP0006,WH003,2025-09-28,2025-10-12,2025-10-12,Delivered
PO0005205,SUP0080,WH003,2026-04-01,2026-04-04,2026-04-04,Delivered
PO0005206,SUP0047,WH004,2026-02-27,2026-03-12,2026-03-14,Delivered
PO0005207,SUP0089,WH007,2026-07-13,2026-07-23,2026-07-23,Delivered
PO0005208,SUP0086,WH004,2025-07-26,2025-07-30,2025-08-01,Delivered
PO0005209,SUP0063,WH009,2026-08-24,2026-08-31,,In Transit
PO0005210,SUP0050,WH009,2026-02-04,2026-02-15,2026-02-16,Delivered
PO0005211,SUP0010,WH003,2025-08-20,2025-08-26,2025-08-26,Delivered
PO0005212,SUP0004,WH007,2026-04-16,2026-04-18,2026-04-19,Delivered
PO0005213,SUP0037,WH002,2025-12-07,2025-12-10,2025-12-10,Delivered
PO0005214,SUP0064,WH008,2026-08-09,2026-08-22,2026-08-22,Delivered
PO0005215,SUP0053,WH009,2026-03-20,2026-03-24,2026-03-27,Delivered
PO0005216,SUP0039,WH007,2025-05-03,2025-05-08,2025-05-08,Delivered
PO0005217,SUP0038,WH003,2026-03-03,2026-03-15,2026-03-15,Delivered
PO0005218,SUP0077,WH009,2025-01-31,2025-02-06,2025-02-09,Delivered
PO0005219,SUP0002,WH003,2025-08-17,2025-08-29,2025-08-30,Delivered
PO0005220,SUP0084,WH001,2025-05-30,2025-06-03,2025-06-03,Delivered
PO0005221,SUP0039,WH005,2026-07-23,2026-08-04,2026-08-06,Delivered
PO0005222,SUP0037,WH002,2025-08-02,2025-08-04,2025-08-04,Delivered
PO0005223,SUP0091,WH009,2026-06-08,2026-06-11,2026-06-12,Delivered
PO0005224,SUP0028,WH001,2026-07-16,2026-07-22,2026-07-23,Delivered
PO0005225,SUP0097,WH007,2025-09-26,2025-10-03,2025-10-03,Delivered
PO0005226,SUP0007,WH009,2025-06-29,2025-07-02,2025-07-03,Delivered
PO0005227,SUP0064,WH001,2025-01-19,2025-01-29,2025-02-01,Delivered
PO0005228,SUP0081,WH009,2026-08-25,2026-08-29,,In Transit
PO0005229,SUP0096,WH010,2026-06-30,2026-07-02,2026-07-02,Delivered
PO0005230,SUP0040,WH006,2026-06-29,2026-07-02,2026-07-05,Delivered
PO0005231,SUP0063,WH004,2025-10-02,2025-10-13,2025-10-13,Delivered
PO0005232,SUP0051,WH004,2026-06-24,2026-07-05,2026-07-06,Delivered
PO0005233,SUP0042,WH003,2025-03-22,2025-04-05,2025-04-07,Delivered
PO0005234,SUP0074,WH003,2025-11-19,2025-12-03,2025-12-06,Delivered
PO0005235,SUP0066,WH010,2026-05-10,2026-05-21,2026-05-26,Delivered
PO0005236,SUP0024,WH005,2026-08-04,2026-08-14,2026-08-16,Delivered
PO0005237,SUP0007,WH004,2025-06-07,2025-06-20,2025-06-21,Delivered
PO0005238,SUP0047,WH002,2026-01-16,2026-01-24,2026-01-26,Delivered
PO0005239,SUP0029,WH002,2025-10-18,2025-10-25,2025-10-25,Delivered
PO0005240,SUP0036,WH006,2025-11-30,2025-12-11,2025-12-16,Delivered
PO0005241,SUP0069,WH009,2025-01-17,2025-01-30,2025-02-01,Delivered
PO0005242,SUP0074,WH008,2026-05-15,2026-05-25,2026-05-26,Delivered
PO0005243,SUP0054,WH003,2026-07-30,2026-08-05,2026-08-06,Delivered
PO0005244,SUP0054,WH010,2026-06-20,2026-07-03,2026-07-04,Delivered
PO0005245,SUP0039,WH002,2026-08-13,2026-08-15,2026-08-15,Delivered
PO0005246,SUP0011,WH004,2025-08-31,2025-09-08,2025-09-09,Delivered
PO0005247,SUP0071,WH007,2025-08-11,2025-08-25,2025-08-25,Cancelled
PO0005248,SUP0090,WH001,2025-11-14,2025-11-25,2025-11-25,Delivered
PO0005249,SUP0035,WH005,2026-02-01,2026-02-07,2026-02-07,Delivered
PO0005250,SUP0082,WH010,2025-10-13,2025-10-19,2025-10-24,Delivered
PO0005251,SUP0048,WH005,2025-05-17,2025-05-31,2025-06-03,Delivered
PO0005252,SUP0069,WH008,2025-02-27,2025-03-07,2025-03-10,Delivered
PO0005253,SUP0070,WH006,2026-03-30,2026-04-05,2026-04-05,Delivered
PO0005254,SUP0016,WH006,2025-12-01,2025-12-05,2025-12-05,Delivered
PO0005255,SUP0027,WH003,2026-06-21,2026-06-24,2026-06-24,Delivered
PO0005256,SUP0078,WH004,2025-04-25,2025-05-01,2025-05-04,Delivered
PO0005257,SUP0063,WH003,2025-05-15,2025-05-26,2025-05-26,Delivered
PO0005258,SUP0004,WH005,2025-01-23,2025-01-29,2025-01-30,Delivered
PO0005259,SUP0096,WH007,2026-02-09,2026-02-12,2026-02-14,Delivered
PO0005260,SUP0032,WH008,2026-02-02,2026-02-13,2026-02-15,Delivered
PO0005261,SUP0021,WH007,2025-02-28,2025-03-07,2025-03-10,Delivered
PO0005262,SUP0070,WH006,2025-06-20,2025-07-01,2025-07-01,Delivered
PO0005263,SUP0086,WH003,2025-12-04,2025-12-10,2025-12-10,Delivered
PO0005264,SUP0049,WH003,2025-02-08,2025-02-15,2025-02-15,Delivered
PO0005265,SUP0070,WH004,2026-02-18,2026-02-20,2026-02-20,Delivered
PO0005266,SUP0079,WH001,2025-08-16,2025-08-30,2025-08-31,Delivered
PO0005267,SUP0086,WH007,2026-05-01,2026-05-11,2026-05-11,Delivered
PO0005268,SUP0062,WH004,2025-10-19,2025-10-24,2025-10-24,Delivered
PO0005269,SUP0018,WH008,2025-07-29,2025-08-01,2025-08-02,Delivered
PO0005270,SUP0052,WH003,2025-02-10,2025-02-22,2025-02-23,Delivered
PO0005271,SUP0045,WH005,2026-02-09,2026-02-18,2026-02-23,Delivered
PO0005272,SUP0016,WH006,2026-07-04,2026-07-18,2026-07-18,Delivered
PO0005273,SUP0067,WH005,2025-07-04,2025-07-07,2025-07-08,Delivered
PO0005274,SUP0020,WH010,2025-12-03,2025-12-13,2025-12-13,Delivered
PO0005275,SUP0100,WH003,2026-04-24,2026-04-27,2026-05-02,Delivered
PO0005276,SUP0066,WH007,2026-01-21,2026-02-02,2026-02-02,Delivered
PO0005277,SUP0007,WH010,2026-02-28,2026-03-03,2026-03-03,Delivered
PO0005278,SUP0012,WH001,2025-12-25,2026-01-05,2026-01-06,Delivered
PO0005279,SUP0036,WH004,2026-08-06,2026-08-12,2026-08-14,Delivered
PO0005280,SUP0081,WH006,2026-06-12,2026-06-25,2026-06-25,Delivered
PO0005281,SUP0040,WH001,2025-06-04,2025-06-12,2025-06-12,Delivered
PO0005282,SUP0097,WH002,2025-12-21,2025-12-25,2025-12-27,Delivered
PO0005283,SUP0055,WH007,2025-04-09,2025-04-14,2025-04-14,Delivered
PO0005284,SUP0095,WH001,2026-02-06,2026-02-18,2026-02-20,Delivered
PO0005285,SUP0078,WH010,2025-05-30,2025-06-09,2025-06-09,Delivered
PO0005286,SUP0068,WH004,2026-02-23,2026-03-09,2026-03-10,Delivered
PO0005287,SUP0020,WH005,2026-06-27,2026-07-09,2026-07-12,Delivered
PO0005288,SUP0049,WH005,2025-03-31,2025-04-11,2025-04-12,Delivered
PO0005289,SUP0020,WH006,2025-10-19,2025-10-23,2025-10-25,Delivered
PO0005290,SUP0013,WH002,2025-04-27,2025-05-08,2025-05-08,Delivered
PO0005291,SUP0052,WH002,2026-02-05,2026-02-07,2026-02-08,Delivered
PO0005292,SUP0029,WH003,2026-07-21,2026-08-01,2026-08-01,Delivered
PO0005293,SUP0022,WH010,2025-11-23,2025-12-05,2025-12-05,Delivered
PO0005294,SUP0074,WH003,2025-05-30,2025-06-05,2025-06-05,Delivered
PO0005295,SUP0085,WH009,2026-01-03,2026-01-17,2026-01-17,Delivered
PO0005296,SUP0065,WH003,2025-12-15,2025-12-23,2025-12-24,Delivered
PO0005297,SUP0100,WH006,2025-11-18,2025-11-30,2025-11-30,Delivered
PO0005298,SUP0069,WH009,2026-03-26,2026-04-03,2026-04-05,Delivered
PO0005299,SUP0001,WH010,2025-10-20,2025-11-01,2025-11-06,Delivered
PO0005300,SUP0033,WH003,2025-09-23,2025-10-02,2025-10-02,Delivered
PO0005301,SUP0079,WH006,2026-02-14,2026-02-23,2026-02-28,Delivered
PO0005302,SUP0018,WH008,2025-08-26,2025-09-01,2025-09-01,Delivered
PO0005303,SUP0007,WH008,2025-09-07,2025-09-11,2025-09-11,Delivered
PO0005304,SUP0100,WH004,2026-08-03,2026-08-08,2026-08-09,Delivered
PO0005305,SUP0089,WH005,2025-01-02,2025-01-14,2025-01-17,Delivered
PO0005306,SUP0066,WH005,2025-06-13,2025-06-20,2025-06-23,Delivered
PO0005307,SUP0100,WH008,2025-07-23,2025-08-01,2025-08-01,Delivered
PO0005308,SUP0056,WH002,2026-01-08,2026-01-22,2026-01-22,Delivered
PO0005309,SUP0089,WH004,2026-05-19,2026-05-28,2026-05-30,Delivered
PO0005310,SUP0026,WH006,2025-09-20,2025-09-29,2025-09-29,Delivered
PO0005311,SUP0075,WH010,2025-03-11,2025-03-14,2025-03-14,Delivered
PO0005312,SUP0078,WH005,2025-07-27,2025-07-29,2025-07-29,Delivered
PO0005313,SUP0090,WH010,2026-08-19,2026-08-25,,In Transit
PO0005314,SUP0089,WH008,2026-06-03,2026-06-17,2026-06-17,Delivered
PO0005315,SUP0036,WH004,2026-03-18,2026-03-25,2026-03-25,Delivered
PO0005316,SUP0090,WH004,2026-07-08,2026-07-17,2026-07-17,Delivered
PO0005317,SUP0080,WH009,2025-10-28,2025-11-09,2025-11-09,Delivered
PO0005318,SUP0005,WH006,2025-07-30,2025-08-03,2025-08-03,Delivered
PO0005319,SUP0056,WH003,2025-07-16,2025-07-20,2025-07-25,Delivered
PO0005320,SUP0028,WH003,2025-10-29,2025-11-12,2025-11-15,Delivered
PO0005321,SUP0070,WH010,2026-03-21,2026-03-23,2026-03-24,Delivered
PO0005322,SUP0024,WH009,2025-01-10,2025-01-23,2025-01-23,Delivered
PO0005323,SUP0086,WH005,2026-07-30,2026-08-09,2026-08-09,Delivered
PO0005324,SUP0023,WH004,2025-08-04,2025-08-18,2025-08-18,Delivered
PO0005325,SUP0062,WH005,2026-05-28,2026-06-01,2026-06-06,Delivered
PO0005326,SUP0051,WH006,2026-08-21,2026-08-27,,In Transit
PO0005327,SUP0037,WH001,2025-11-30,2025-12-04,2025-12-04,Delivered
PO0005328,SUP0090,WH008,2025-01-17,2025-01-24,2025-01-24,Delivered
PO0005329,SUP0038,WH009,2026-07-30,2026-08-07,2026-08-07,Delivered
PO0005330,SUP0075,WH008,2025-03-03,2025-03-13,2025-03-14,Delivered
PO0005331,SUP0018,WH004,2026-07-20,2026-08-01,2026-08-01,Delivered
PO0005332,SUP0065,WH007,2025-08-31,2025-09-04,2025-09-04,Delivered
PO0005333,SUP0088,WH008,2025-07-03,2025-07-16,2025-07-19,Delivered
PO0005334,SUP0018,WH007,2025-01-21,2025-01-24,2025-01-24,Delivered
PO0005335,SUP0043,WH004,2026-03-30,2026-04-01,2026-04-04,Delivered
PO0005336,SUP0023,WH010,2025-03-24,2025-04-01,2025-04-01,Delivered
PO0005337,SUP0004,WH008,2025-12-08,2025-12-21,2025-12-24,Delivered
PO0005338,SUP0047,WH005,2025-08-01,2025-08-04,2025-08-06,Delivered
PO0005339,SUP0024,WH004,2025-10-15,2025-10-18,2025-10-20,Delivered
PO0005340,SUP0023,WH008,2026-01-26,2026-02-07,2026-02-07,Cancelled
PO0005341,SUP0054,WH008,2025-04-05,2025-04-07,2025-04-12,Delivered
PO0005342,SUP0010,WH002,2025-10-28,2025-11-04,2025-11-04,Delivered
PO0005343,SUP0035,WH009,2025-08-29,2025-09-01,2025-09-02,Delivered
PO0005344,SUP0030,WH004,2025-03-18,2025-03-29,2025-03-30,Delivered
PO0005345,SUP0063,WH007,2025-01-27,2025-02-07,2025-02-09,Delivered
PO0005346,SUP0015,WH010,2025-03-07,2025-03-11,2025-03-11,Delivered
PO0005347,SUP0093,WH006,2026-08-27,2026-09-05,,In Transit
PO0005348,SUP0018,WH002,2025-05-07,2025-05-13,2025-05-15,Delivered
PO0005349,SUP0069,WH010,2026-01-20,2026-01-26,2026-02-03,Delivered
PO0005350,SUP0090,WH005,2025-08-30,2025-09-06,2025-09-06,Delivered
PO0005351,SUP0018,WH010,2026-01-08,2026-01-19,2026-01-19,Delivered
PO0005352,SUP0056,WH003,2026-05-24,2026-06-04,2026-06-04,Delivered
PO0005353,SUP0095,WH006,2026-07-16,2026-07-18,2026-07-18,Delivered
PO0005354,SUP0020,WH010,2025-05-05,2025-05-07,2025-05-10,Delivered
PO0005355,SUP0073,WH001,2025-04-30,2025-05-03,2025-05-08,Cancelled
PO0005356,SUP0052,WH004,2026-04-02,2026-04-14,2026-04-14,Delivered
PO0005357,SUP0005,WH008,2026-01-22,2026-02-01,2026-02-03,Delivered
PO0005358,SUP0026,WH003,2026-05-21,2026-05-26,2026-05-27,Delivered
PO0005359,SUP0100,WH010,2025-01-21,2025-01-28,2025-02-02,Delivered
PO0005360,SUP0078,WH004,2025-06-18,2025-06-28,2025-06-28,Delivered
PO0005361,SUP0062,WH007,2026-07-02,2026-07-12,2026-07-14,Delivered
PO0005362,SUP0023,WH004,2025-12-16,2025-12-26,2025-12-28,Delivered
PO0005363,SUP0056,WH009,2026-03-30,2026-04-13,2026-04-13,Delivered
PO0005364,SUP0031,WH007,2025-11-30,2025-12-02,2025-12-03,Delivered
PO0005365,SUP0089,WH002,2026-05-27,2026-06-03,2026-06-03,Delivered
PO0005366,SUP0076,WH005,2026-03-12,2026-03-14,2026-03-17,Delivered
PO0005367,SUP0086,WH004,2025-09-10,2025-09-23,2025-09-25,Delivered
PO0005368,SUP0018,WH004,2025-07-07,2025-07-20,2025-07-20,Delivered
PO0005369,SUP0084,WH006,2025-09-22,2025-09-25,2025-09-25,Delivered
PO0005370,SUP0072,WH008,2025-08-16,2025-08-30,2025-08-30,Delivered
PO0005371,SUP0008,WH002,2025-12-28,2026-01-06,2026-01-06,Delivered
PO0005372,SUP0072,WH008,2025-01-29,2025-02-06,2025-02-09,Delivered
PO0005373,SUP0063,WH001,2025-08-18,2025-08-30,2025-09-02,Delivered
PO0005374,SUP0025,WH006,2025-11-08,2025-11-20,2025-11-28,Delivered
PO0005375,SUP0029,WH001,2025-08-30,2025-09-09,2025-09-11,Delivered
PO0005376,SUP0044,WH001,2025-06-19,2025-06-23,2025-06-25,Delivered
PO0005377,SUP0036,WH002,2026-08-18,2026-08-20,2026-08-20,Delivered
PO0005378,SUP0084,WH008,2026-04-07,2026-04-12,2026-04-12,Delivered
PO0005379,SUP0079,WH007,2025-12-09,2025-12-19,2025-12-19,Delivered
PO0005380,SUP0066,WH010,2025-02-03,2025-02-16,2025-02-16,Delivered
PO0005381,SUP0023,WH009,2026-02-25,2026-03-06,2026-03-07,Delivered
PO0005382,SUP0069,WH009,2025-04-14,2025-04-26,2025-04-28,Delivered
PO0005383,SUP0047,WH008,2026-02-26,2026-03-10,2026-03-13,Delivered
PO0005384,SUP0082,WH004,2025-12-01,2025-12-05,2025-12-05,Delivered
PO0005385,SUP0032,WH003,2025-09-19,2025-09-29,2025-09-29,Delivered
PO0005386,SUP0084,WH003,2025-09-01,2025-09-12,2025-09-14,Delivered
PO0005387,SUP0061,WH006,2026-07-26,2026-07-29,2026-07-29,Delivered
PO0005388,SUP0010,WH002,2025-10-30,2025-11-12,2025-11-14,Delivered
PO0005389,SUP0096,WH004,2026-05-04,2026-05-14,2026-05-14,Delivered
PO0005390,SUP0098,WH009,2026-01-06,2026-01-16,2026-01-21,Delivered
PO0005391,SUP0086,WH009,2025-02-19,2025-02-28,2025-02-28,Delivered
PO0005392,SUP0055,WH003,2025-08-30,2025-09-09,2025-09-09,Delivered
PO0005393,SUP0030,WH006,2025-04-24,2025-05-07,2025-05-09,Delivered
PO0005394,SUP0012,WH010,2026-06-21,2026-06-30,2026-06-30,Delivered
PO0005395,SUP0072,WH008,2026-01-08,2026-01-11,2026-01-11,Delivered
PO0005396,SUP0031,WH007,2025-06-04,2025-06-07,2025-06-07,Delivered
PO0005397,SUP0055,WH007,2025-12-08,2025-12-15,2025-12-23,Cancelled
PO0005398,SUP0034,WH001,2025-01-11,2025-01-15,2025-01-16,Delivered
PO0005399,SUP0039,WH004,2025-01-01,2025-01-05,2025-01-05,Delivered
PO0005400,SUP0052,WH006,2026-01-25,2026-02-06,2026-02-06,Delivered
PO0005401,SUP0051,WH008,2026-07-21,2026-08-03,2026-08-03,Cancelled
PO0005402,SUP0017,WH004,2026-04-04,2026-04-08,2026-04-08,Delivered
PO0005403,SUP0079,WH003,2026-08-15,2026-08-25,2026-08-25,Delivered
PO0005404,SUP0095,WH005,2025-06-27,2025-06-30,2025-06-30,Delivered
PO0005405,SUP0006,WH009,2025-05-04,2025-05-12,2025-05-13,Delivered
PO0005406,SUP0011,WH002,2025-01-30,2025-02-13,2025-02-18,Delivered
PO0005407,SUP0028,WH008,2025-02-26,2025-03-08,2025-03-09,Delivered
PO0005408,SUP0054,WH004,2025-03-17,2025-03-28,2025-03-28,Delivered
PO0005409,SUP0015,WH005,2025-03-27,2025-04-03,2025-04-03,Delivered
PO0005410,SUP0090,WH004,2025-05-22,2025-05-27,2025-05-29,Delivered
PO0005411,SUP0094,WH001,2025-08-19,2025-08-23,2025-08-25,Delivered
PO0005412,SUP0030,WH010,2025-06-09,2025-06-23,2025-06-23,Delivered
PO0005413,SUP0054,WH007,2025-01-20,2025-01-28,2025-01-28,Delivered
PO0005414,SUP0022,WH009,2026-05-12,2026-05-18,2026-05-18,Delivered
PO0005415,SUP0028,WH005,2025-01-08,2025-01-20,2025-01-20,Delivered
PO0005416,SUP0004,WH005,2026-04-19,2026-04-29,2026-05-01,Delivered
PO0005417,SUP0028,WH008,2025-11-09,2025-11-19,2025-11-20,Delivered
PO0005418,SUP0039,WH006,2025-12-02,2025-12-08,2025-12-08,Delivered
PO0005419,SUP0095,WH008,2025-08-30,2025-09-09,2025-09-09,Delivered
PO0005420,SUP0013,WH001,2025-04-11,2025-04-25,2025-04-25,Delivered
PO0005421,SUP0012,WH002,2025-10-22,2025-10-29,2025-10-29,Delivered
PO0005422,SUP0014,WH004,2025-02-19,2025-03-05,2025-03-05,Delivered
PO0005423,SUP0009,WH003,2026-04-28,2026-05-09,2026-05-09,Delivered
PO0005424,SUP0073,WH003,2025-02-28,2025-03-12,2025-03-14,Delivered
PO0005425,SUP0071,WH005,2025-04-15,2025-04-17,2025-04-17,Delivered
PO0005426,SUP0051,WH010,2025-09-07,2025-09-13,2025-09-13,Delivered
PO0005427,SUP0021,WH009,2025-10-21,2025-10-29,2025-10-30,Delivered
PO0005428,SUP0004,WH008,2025-10-22,2025-10-30,2025-10-30,Delivered
PO0005429,SUP0079,WH009,2025-01-26,2025-01-31,2025-02-03,Delivered
PO0005430,SUP0034,WH001,2025-08-05,2025-08-16,2025-08-21,Delivered
PO0005431,SUP0063,WH008,2026-07-31,2026-08-06,2026-08-06,Delivered
PO0005432,SUP0042,WH006,2026-05-14,2026-05-16,2026-05-16,Delivered
PO0005433,SUP0007,WH008,2026-05-28,2026-06-03,2026-06-03,Delivered
PO0005434,SUP0060,WH002,2025-09-23,2025-10-02,2025-10-05,Delivered
PO0005435,SUP0057,WH009,2025-12-15,2025-12-17,2025-12-22,Delivered
PO0005436,SUP0083,WH007,2025-06-04,2025-06-09,2025-06-09,Delivered
PO0005437,SUP0059,WH008,2026-07-24,2026-07-31,2026-07-31,Delivered
PO0005438,SUP0056,WH007,2025-08-17,2025-08-27,2025-08-27,Delivered
PO0005439,SUP0052,WH002,2026-07-23,2026-08-02,2026-08-03,Delivered
PO0005440,SUP0021,WH010,2026-08-27,2026-08-31,,In Transit
PO0005441,SUP0033,WH001,2025-10-24,2025-11-02,2025-11-02,Delivered
PO0005442,SUP0078,WH004,2025-02-19,2025-03-02,2025-03-03,Delivered
PO0005443,SUP0013,WH002,2026-01-16,2026-01-22,2026-01-24,Delivered
PO0005444,SUP0032,WH009,2025-02-16,2025-02-20,2025-02-22,Delivered
PO0005445,SUP0054,WH002,2025-12-01,2025-12-15,2025-12-15,Delivered
PO0005446,SUP0095,WH007,2025-01-25,2025-02-07,2025-02-15,Delivered
PO0005447,SUP0010,WH005,2026-06-18,2026-06-22,2026-06-25,Delivered
PO0005448,SUP0078,WH007,2025-08-21,2025-08-30,2025-09-02,Delivered
PO0005449,SUP0039,WH006,2026-07-24,2026-07-27,2026-07-27,Delivered
PO0005450,SUP0039,WH007,2026-06-14,2026-06-21,2026-06-24,Delivered
PO0005451,SUP0022,WH007,2026-05-20,2026-05-30,2026-05-30,Delivered
PO0005452,SUP0098,WH002,2025-05-19,2025-05-25,2025-05-25,Delivered
PO0005453,SUP0074,WH003,2025-01-16,2025-01-18,2025-01-18,Delivered
PO0005454,SUP0048,WH002,2025-11-23,2025-12-07,2025-12-07,Delivered
PO0005455,SUP0094,WH001,2025-01-09,2025-01-11,2025-01-11,Delivered
PO0005456,SUP0060,WH009,2025-12-20,2025-12-22,2025-12-23,Delivered
PO0005457,SUP0051,WH009,2026-02-24,2026-03-02,2026-03-02,Delivered
PO0005458,SUP0067,WH010,2026-02-24,2026-03-05,2026-03-06,Delivered
PO0005459,SUP0057,WH005,2026-02-07,2026-02-17,2026-02-18,Delivered
PO0005460,SUP0056,WH008,2026-02-25,2026-02-28,2026-03-02,Delivered
PO0005461,SUP0026,WH006,2026-07-19,2026-07-28,2026-07-30,Delivered
PO0005462,SUP0007,WH009,2025-09-11,2025-09-21,2025-09-21,Delivered
PO0005463,SUP0018,WH009,2025-12-04,2025-12-06,2025-12-09,Delivered
PO0005464,SUP0011,WH003,2025-07-26,2025-08-05,2025-08-07,Delivered
PO0005465,SUP0007,WH003,2025-12-10,2025-12-24,2025-12-29,Delivered
PO0005466,SUP0086,WH009,2025-04-07,2025-04-11,2025-04-11,Cancelled
PO0005467,SUP0097,WH002,2026-06-12,2026-06-21,2026-06-23,Delivered
PO0005468,SUP0076,WH008,2025-12-08,2025-12-17,2025-12-17,Delivered
PO0005469,SUP0022,WH006,2025-11-10,2025-11-23,2025-11-23,Delivered
PO0005470,SUP0033,WH009,2026-02-25,2026-03-06,2026-03-07,Delivered
PO0005471,SUP0043,WH006,2025-04-16,2025-04-20,2025-04-23,Delivered
PO0005472,SUP0010,WH010,2026-04-05,2026-04-08,2026-04-08,Delivered
PO0005473,SUP0081,WH003,2025-02-26,2025-03-09,2025-03-10,Delivered
PO0005474,SUP0084,WH001,2025-10-15,2025-10-22,2025-10-23,Delivered
PO0005475,SUP0078,WH010,2025-10-23,2025-10-31,2025-11-03,Delivered
PO0005476,SUP0084,WH007,2026-02-10,2026-02-19,2026-02-19,Delivered
PO0005477,SUP0034,WH009,2025-08-10,2025-08-24,2025-08-25,Delivered
PO0005478,SUP0052,WH001,2026-08-09,2026-08-17,2026-08-20,Delivered
PO0005479,SUP0017,WH009,2025-06-19,2025-06-28,2025-06-28,Delivered
PO0005480,SUP0086,WH005,2025-02-08,2025-02-16,2025-02-16,Delivered
PO0005481,SUP0018,WH003,2025-03-06,2025-03-18,2025-03-18,Delivered
PO0005482,SUP0031,WH003,2026-02-19,2026-02-23,2026-02-25,Delivered
PO0005483,SUP0088,WH003,2025-08-16,2025-08-24,2025-08-26,Delivered
PO0005484,SUP0084,WH008,2025-08-20,2025-08-25,2025-08-28,Delivered
PO0005485,SUP0096,WH006,2025-05-10,2025-05-21,2025-05-24,Delivered
PO0005486,SUP0010,WH004,2025-05-10,2025-05-13,2025-05-13,Delivered
PO0005487,SUP0039,WH003,2026-04-04,2026-04-07,2026-04-07,Delivered
PO0005488,SUP0055,WH004,2026-02-12,2026-02-18,2026-02-21,Delivered
PO0005489,SUP0022,WH010,2025-11-01,2025-11-09,2025-11-09,Delivered
PO0005490,SUP0009,WH007,2025-06-15,2025-06-19,2025-06-24,Delivered
PO0005491,SUP0004,WH007,2025-12-16,2025-12-20,2025-12-20,Delivered
PO0005492,SUP0053,WH001,2026-03-05,2026-03-16,2026-03-19,Delivered
PO0005493,SUP0021,WH002,2025-06-17,2025-07-01,2025-07-03,Delivered
PO0005494,SUP0023,WH009,2025-05-24,2025-05-30,2025-05-30,Delivered
PO0005495,SUP0080,WH005,2025-01-29,2025-02-07,2025-02-08,Delivered
PO0005496,SUP0063,WH010,2026-01-08,2026-01-15,2026-01-15,Delivered
PO0005497,SUP0050,WH002,2025-07-31,2025-08-09,2025-08-09,Delivered
PO0005498,SUP0094,WH004,2026-05-03,2026-05-13,2026-05-13,Delivered
PO0005499,SUP0012,WH005,2025-12-04,2025-12-11,2025-12-11,Delivered
PO0005500,SUP0035,WH003,2025-01-18,2025-01-27,2025-01-27,Delivered
PO0005501,SUP0001,WH009,2025-02-16,2025-02-26,2025-02-26,Delivered
PO0005502,SUP0079,WH008,2026-04-20,2026-05-01,2026-05-03,Delivered
PO0005503,SUP0006,WH001,2025-11-09,2025-11-14,2025-11-16,Delivered
PO0005504,SUP0073,WH002,2025-05-10,2025-05-16,2025-05-16,Delivered
PO0005505,SUP0017,WH007,2025-12-04,2025-12-14,2025-12-19,Delivered
PO0005506,SUP0091,WH009,2025-05-04,2025-05-11,2025-05-12,Delivered
PO0005507,SUP0089,WH008,2025-10-06,2025-10-13,2025-10-14,Delivered
PO0005508,SUP0001,WH009,2025-06-05,2025-06-09,2025-06-09,Delivered
PO0005509,SUP0012,WH007,2025-09-13,2025-09-23,2025-09-28,Delivered
PO0005510,SUP0032,WH004,2025-05-14,2025-05-26,2025-05-26,Delivered
PO0005511,SUP0043,WH005,2025-08-09,2025-08-15,2025-08-15,Delivered
PO0005512,SUP0038,WH006,2026-02-20,2026-03-04,2026-03-04,Delivered
PO0005513,SUP0040,WH009,2026-04-22,2026-05-05,2026-05-05,Delivered
PO0005514,SUP0047,WH006,2026-08-14,2026-08-25,2026-08-25,Delivered
PO0005515,SUP0045,WH006,2025-07-30,2025-08-12,2025-08-14,Delivered
PO0005516,SUP0071,WH007,2025-02-04,2025-02-17,2025-02-17,Delivered
PO0005517,SUP0017,WH009,2025-08-08,2025-08-14,2025-08-17,Delivered
PO0005518,SUP0098,WH001,2025-12-04,2025-12-11,2025-12-11,Delivered
PO0005519,SUP0078,WH003,2025-10-07,2025-10-18,2025-10-18,Delivered
PO0005520,SUP0082,WH004,2025-02-17,2025-02-19,2025-02-21,Delivered
PO0005521,SUP0075,WH002,2025-09-09,2025-09-12,2025-09-14,Delivered
PO0005522,SUP0043,WH002,2026-08-13,2026-08-24,2026-08-26,Delivered
PO0005523,SUP0058,WH005,2025-03-17,2025-03-25,2025-03-25,Delivered
PO0005524,SUP0017,WH010,2026-06-30,2026-07-06,2026-07-06,Delivered
PO0005525,SUP0054,WH006,2026-08-17,2026-08-31,,In Transit
PO0005526,SUP0089,WH007,2025-01-16,2025-01-28,2025-01-31,Delivered
PO0005527,SUP0045,WH008,2025-04-07,2025-04-16,2025-04-16,Delivered
PO0005528,SUP0070,WH004,2025-05-31,2025-06-08,2025-06-08,Delivered
PO0005529,SUP0086,WH003,2025-07-20,2025-07-30,2025-07-30,Delivered
PO0005530,SUP0094,WH007,2026-08-12,2026-08-23,,In Transit
PO0005531,SUP0018,WH008,2025-03-24,2025-04-07,2025-04-12,Delivered
PO0005532,SUP0017,WH009,2026-07-30,2026-08-01,2026-08-04,Delivered
PO0005533,SUP0074,WH005,2025-08-09,2025-08-20,2025-08-20,Delivered
PO0005534,SUP0053,WH008,2025-09-08,2025-09-19,2025-09-19,Delivered
PO0005535,SUP0033,WH004,2026-01-29,2026-02-04,2026-02-04,Delivered
PO0005536,SUP0034,WH010,2026-01-28,2026-02-02,2026-02-02,Delivered
PO0005537,SUP0078,WH009,2025-05-22,2025-05-27,2025-05-29,Delivered
PO0005538,SUP0094,WH008,2025-03-14,2025-03-25,2025-03-25,Delivered
PO0005539,SUP0098,WH006,2026-05-26,2026-06-04,2026-06-04,Delivered
PO0005540,SUP0087,WH007,2025-02-09,2025-02-22,2025-02-24,Delivered
PO0005541,SUP0055,WH005,2025-07-19,2025-07-27,2025-07-30,Delivered
PO0005542,SUP0010,WH010,2025-02-11,2025-02-24,2025-02-24,Delivered
PO0005543,SUP0086,WH003,2025-11-15,2025-11-27,2025-11-27,Delivered
PO0005544,SUP0089,WH009,2025-07-04,2025-07-14,2025-07-14,Delivered
PO0005545,SUP0049,WH003,2026-02-02,2026-02-08,2026-02-08,Delivered
PO0005546,SUP0080,WH006,2026-06-13,2026-06-18,2026-06-19,Delivered
PO0005547,SUP0018,WH006,2025-01-25,2025-02-05,2025-02-07,Delivered
PO0005548,SUP0053,WH008,2025-03-05,2025-03-09,2025-03-10,Delivered
PO0005549,SUP0024,WH003,2025-01-28,2025-02-02,2025-02-02,Delivered
PO0005550,SUP0042,WH008,2026-06-19,2026-06-30,2026-06-30,Delivered
PO0005551,SUP0076,WH003,2025-11-01,2025-11-04,2025-11-04,Delivered
PO0005552,SUP0002,WH010,2026-06-10,2026-06-20,2026-06-20,Delivered
PO0005553,SUP0040,WH010,2025-11-04,2025-11-10,2025-11-10,Delivered
PO0005554,SUP0092,WH005,2025-03-13,2025-03-21,2025-03-21,Delivered
PO0005555,SUP0075,WH004,2026-04-07,2026-04-13,2026-04-15,Delivered
PO0005556,SUP0070,WH006,2026-05-19,2026-05-26,2026-05-28,Delivered
PO0005557,SUP0019,WH006,2026-01-10,2026-01-15,2026-01-23,Delivered
PO0005558,SUP0090,WH009,2025-02-01,2025-02-10,2025-02-13,Delivered
PO0005559,SUP0100,WH002,2025-05-25,2025-05-30,2025-05-30,Delivered
PO0005560,SUP0068,WH010,2025-11-26,2025-12-07,2025-12-10,Cancelled
PO0005561,SUP0012,WH004,2025-10-04,2025-10-06,2025-10-08,Delivered
PO0005562,SUP0077,WH002,2026-03-11,2026-03-17,2026-03-22,Delivered
PO0005563,SUP0075,WH004,2026-06-25,2026-07-04,2026-07-04,Delivered
PO0005564,SUP0098,WH001,2026-06-08,2026-06-18,2026-06-19,Delivered
PO0005565,SUP0096,WH004,2026-06-04,2026-06-08,2026-06-09,Delivered
PO0005566,SUP0026,WH003,2026-03-26,2026-04-06,2026-04-06,Delivered
PO0005567,SUP0077,WH002,2025-10-21,2025-10-30,2025-10-30,Delivered
PO0005568,SUP0040,WH004,2026-05-20,2026-05-30,2026-05-31,Cancelled
PO0005569,SUP0033,WH002,2025-02-19,2025-03-03,2025-03-03,Delivered
PO0005570,SUP0072,WH007,2026-07-24,2026-08-05,2026-08-06,Delivered
PO0005571,SUP0017,WH009,2025-08-02,2025-08-15,2025-08-15,Delivered
PO0005572,SUP0048,WH009,2026-07-05,2026-07-14,2026-07-14,Delivered
PO0005573,SUP0071,WH006,2025-10-08,2025-10-15,2025-10-16,Delivered
PO0005574,SUP0021,WH007,2026-05-10,2026-05-12,2026-05-15,Delivered
PO0005575,SUP0013,WH002,2026-03-26,2026-03-29,2026-03-31,Delivered
PO0005576,SUP0099,WH008,2026-02-07,2026-02-12,2026-02-12,Delivered
PO0005577,SUP0076,WH010,2025-04-25,2025-04-29,2025-04-29,Delivered
PO0005578,SUP0003,WH010,2026-06-08,2026-06-12,2026-06-13,Delivered
PO0005579,SUP0033,WH002,2026-06-06,2026-06-10,2026-06-10,Delivered
PO0005580,SUP0083,WH009,2026-03-05,2026-03-10,2026-03-12,Delivered
PO0005581,SUP0008,WH009,2026-07-03,2026-07-07,2026-07-07,Delivered
PO0005582,SUP0074,WH004,2025-11-07,2025-11-16,2025-11-16,Delivered
PO0005583,SUP0067,WH006,2025-05-03,2025-05-11,2025-05-19,Delivered
PO0005584,SUP0009,WH001,2026-01-11,2026-01-20,2026-01-22,Delivered
PO0005585,SUP0034,WH007,2025-12-07,2025-12-11,2025-12-11,Delivered
PO0005586,SUP0086,WH007,2025-01-30,2025-02-12,2025-02-15,Delivered
PO0005587,SUP0049,WH001,2025-09-30,2025-10-04,2025-10-04,Delivered
PO0005588,SUP0097,WH002,2025-01-30,2025-02-10,2025-02-10,Delivered
PO0005589,SUP0039,WH005,2026-07-19,2026-08-01,2026-08-02,Delivered
PO0005590,SUP0067,WH003,2025-12-09,2025-12-21,2025-12-21,Delivered
PO0005591,SUP0066,WH009,2025-03-13,2025-03-16,2025-03-17,Delivered
PO0005592,SUP0012,WH002,2025-09-20,2025-10-04,2025-10-04,Delivered
PO0005593,SUP0012,WH003,2025-09-03,2025-09-05,2025-09-05,Delivered
PO0005594,SUP0096,WH004,2026-08-06,2026-08-12,2026-08-20,Delivered
PO0005595,SUP0006,WH006,2025-10-04,2025-10-10,2025-10-10,Delivered
PO0005596,SUP0015,WH008,2026-01-21,2026-01-28,2026-01-30,Delivered
PO0005597,SUP0081,WH008,2026-04-12,2026-04-17,2026-04-18,Cancelled
PO0005598,SUP0014,WH010,2025-01-12,2025-01-14,2025-01-17,Delivered
PO0005599,SUP0041,WH009,2026-02-10,2026-02-21,2026-02-23,Delivered
PO0005600,SUP0064,WH004,2026-08-11,2026-08-13,2026-08-15,Delivered
PO0005601,SUP0059,WH007,2025-06-25,2025-07-09,2025-07-12,Delivered
PO0005602,SUP0088,WH005,2025-04-25,2025-05-08,2025-05-09,Delivered
PO0005603,SUP0009,WH006,2025-01-13,2025-01-22,2025-01-22,Delivered
PO0005604,SUP0069,WH003,2025-11-24,2025-12-06,2025-12-06,Delivered
PO0005605,SUP0050,WH001,2025-02-28,2025-03-12,2025-03-14,Delivered
PO0005606,SUP0045,WH009,2026-05-02,2026-05-13,2026-05-13,Delivered
PO0005607,SUP0098,WH006,2025-12-30,2026-01-04,2026-01-04,Delivered
PO0005608,SUP0069,WH006,2026-03-30,2026-04-04,2026-04-04,Delivered
PO0005609,SUP0080,WH009,2026-02-13,2026-02-20,2026-02-21,Delivered
PO0005610,SUP0042,WH003,2026-06-04,2026-06-07,2026-06-07,Delivered
PO0005611,SUP0003,WH005,2025-10-31,2025-11-05,2025-11-05,Delivered
PO0005612,SUP0036,WH009,2026-08-07,2026-08-10,2026-08-13,Delivered
PO0005613,SUP0077,WH002,2025-03-10,2025-03-24,2025-03-24,Delivered
PO0005614,SUP0018,WH009,2025-05-31,2025-06-09,2025-06-10,Delivered
PO0005615,SUP0019,WH003,2026-03-18,2026-03-20,2026-03-20,Delivered
PO0005616,SUP0098,WH009,2026-01-09,2026-01-15,2026-01-16,Delivered
PO0005617,SUP0020,WH008,2026-02-27,2026-03-10,2026-03-10,Delivered
PO0005618,SUP0078,WH003,2025-06-11,2025-06-22,2025-06-22,Delivered
PO0005619,SUP0078,WH007,2026-03-28,2026-04-09,2026-04-14,Delivered
PO0005620,SUP0091,WH006,2025-02-24,2025-03-04,2025-03-04,Delivered
PO0005621,SUP0055,WH001,2025-03-21,2025-03-31,2025-03-31,Delivered
PO0005622,SUP0078,WH007,2026-04-18,2026-04-22,2026-04-24,Delivered
PO0005623,SUP0092,WH004,2026-02-05,2026-02-19,2026-02-22,Delivered
PO0005624,SUP0091,WH003,2025-07-18,2025-07-29,2025-07-29,Delivered
PO0005625,SUP0050,WH010,2025-06-08,2025-06-12,2025-06-12,Delivered
PO0005626,SUP0014,WH008,2026-06-10,2026-06-20,2026-06-23,Cancelled
PO0005627,SUP0082,WH005,2026-02-28,2026-03-03,2026-03-03,Delivered
PO0005628,SUP0043,WH010,2025-03-11,2025-03-17,2025-03-19,Cancelled
PO0005629,SUP0013,WH002,2025-08-03,2025-08-16,2025-08-17,Delivered
PO0005630,SUP0006,WH001,2026-08-03,2026-08-08,2026-08-08,Delivered
PO0005631,SUP0042,WH002,2025-07-01,2025-07-10,2025-07-15,Delivered
PO0005632,SUP0015,WH007,2025-04-12,2025-04-17,2025-04-17,Delivered
PO0005633,SUP0075,WH009,2025-12-28,2026-01-09,2026-01-09,Delivered
PO0005634,SUP0070,WH007,2025-01-23,2025-02-03,2025-02-06,Delivered
PO0005635,SUP0076,WH002,2026-08-17,2026-08-29,,In Transit
PO0005636,SUP0026,WH002,2025-05-30,2025-06-07,2025-06-08,Delivered
PO0005637,SUP0051,WH008,2026-08-03,2026-08-07,2026-08-08,Delivered
PO0005638,SUP0020,WH001,2025-06-02,2025-06-13,2025-06-16,Delivered
PO0005639,SUP0030,WH007,2026-03-04,2026-03-06,2026-03-07,Delivered
PO0005640,SUP0097,WH008,2025-07-15,2025-07-29,2025-07-31,Delivered
PO0005641,SUP0020,WH006,2026-02-11,2026-02-21,2026-02-21,Delivered
PO0005642,SUP0050,WH002,2026-08-13,2026-08-23,,In Transit
PO0005643,SUP0091,WH007,2025-08-31,2025-09-13,2025-09-14,Delivered
PO0005644,SUP0086,WH003,2026-02-24,2026-03-05,2026-03-07,Delivered
PO0005645,SUP0045,WH001,2026-03-09,2026-03-14,2026-03-14,Delivered
PO0005646,SUP0027,WH008,2025-10-31,2025-11-07,2025-11-07,Delivered
PO0005647,SUP0001,WH005,2026-03-19,2026-03-28,2026-03-28,Delivered
PO0005648,SUP0096,WH010,2025-06-03,2025-06-11,2025-06-11,Delivered
PO0005649,SUP0054,WH006,2025-12-10,2025-12-24,2025-12-24,Delivered
PO0005650,SUP0005,WH010,2026-01-01,2026-01-09,2026-01-09,Delivered
PO0005651,SUP0071,WH004,2025-02-03,2025-02-15,2025-02-20,Delivered
PO0005652,SUP0037,WH003,2026-02-22,2026-03-07,2026-03-07,Delivered
PO0005653,SUP0093,WH001,2025-02-11,2025-02-25,2025-02-28,Delivered
PO0005654,SUP0036,WH008,2025-07-18,2025-07-25,2025-07-28,Delivered
PO0005655,SUP0008,WH008,2025-09-27,2025-09-29,2025-10-02,Delivered
PO0005656,SUP0038,WH003,2025-03-28,2025-04-06,2025-04-07,Delivered
PO0005657,SUP0037,WH006,2026-01-08,2026-01-10,2026-01-13,Delivered
PO0005658,SUP0002,WH009,2025-12-24,2025-12-31,2025-12-31,Delivered
PO0005659,SUP0042,WH004,2025-06-26,2025-07-04,2025-07-04,Delivered
PO0005660,SUP0088,WH005,2025-04-11,2025-04-16,2025-04-17,Delivered
PO0005661,SUP0004,WH010,2026-08-12,2026-08-20,2026-08-20,Delivered
PO0005662,SUP0034,WH008,2025-06-22,2025-07-05,2025-07-06,Delivered
PO0005663,SUP0056,WH002,2026-08-14,2026-08-23,,In Transit
PO0005664,SUP0061,WH009,2025-03-02,2025-03-04,2025-03-04,Delivered
PO0005665,SUP0022,WH005,2026-04-17,2026-04-28,2026-04-28,Delivered
PO0005666,SUP0017,WH003,2025-04-10,2025-04-17,2025-04-17,Delivered
PO0005667,SUP0016,WH004,2025-11-12,2025-11-20,2025-11-20,Delivered
PO0005668,SUP0034,WH010,2026-05-31,2026-06-14,2026-06-14,Delivered
PO0005669,SUP0083,WH009,2025-01-16,2025-01-24,2025-01-27,Delivered
PO0005670,SUP0093,WH002,2025-08-06,2025-08-19,2025-08-22,Delivered
PO0005671,SUP0083,WH007,2025-06-28,2025-07-09,2025-07-12,Delivered
PO0005672,SUP0033,WH001,2025-04-24,2025-05-04,2025-05-05,Delivered
PO0005673,SUP0065,WH008,2026-08-22,2026-09-05,2026-09-05,Cancelled
PO0005674,SUP0095,WH006,2026-02-13,2026-02-18,2026-02-18,Delivered
PO0005675,SUP0043,WH009,2025-12-03,2025-12-15,2025-12-15,Delivered
PO0005676,SUP0023,WH008,2025-11-25,2025-11-28,2025-11-28,Delivered
PO0005677,SUP0087,WH001,2025-09-27,2025-10-04,2025-10-05,Delivered
PO0005678,SUP0066,WH003,2025-11-04,2025-11-12,2025-11-13,Delivered
PO0005679,SUP0034,WH006,2025-07-24,2025-08-03,2025-08-08,Delivered
PO0005680,SUP0013,WH005,2026-07-20,2026-07-28,2026-07-29,Delivered
PO0005681,SUP0068,WH008,2026-06-15,2026-06-21,2026-06-21,Delivered
PO0005682,SUP0019,WH010,2025-05-18,2025-05-24,2025-05-24,Delivered
PO0005683,SUP0032,WH001,2026-05-12,2026-05-22,2026-05-22,Delivered
PO0005684,SUP0088,WH005,2026-04-08,2026-04-19,2026-04-21,Delivered
PO0005685,SUP0092,WH005,2026-06-04,2026-06-12,2026-06-12,Delivered
PO0005686,SUP0083,WH007,2026-08-13,2026-08-19,2026-08-21,Delivered
PO0005687,SUP0011,WH002,2026-08-13,2026-08-20,2026-08-25,Delivered
PO0005688,SUP0008,WH002,2025-09-29,2025-10-09,2025-10-09,Delivered
PO0005689,SUP0059,WH001,2026-08-18,2026-09-01,,In Transit
PO0005690,SUP0072,WH006,2025-07-15,2025-07-25,2025-07-30,Delivered
PO0005691,SUP0086,WH008,2025-01-09,2025-01-20,2025-01-23,Delivered
PO0005692,SUP0009,WH004,2026-07-11,2026-07-18,2026-07-19,Delivered
PO0005693,SUP0100,WH001,2025-07-26,2025-08-07,2025-08-09,Delivered
PO0005694,SUP0004,WH004,2025-04-12,2025-04-16,2025-04-16,Delivered
PO0005695,SUP0027,WH006,2026-05-08,2026-05-13,2026-05-16,Delivered
PO0005696,SUP0061,WH002,2026-01-18,2026-02-01,2026-02-02,Delivered
PO0005697,SUP0034,WH002,2025-03-14,2025-03-26,2025-03-28,Delivered
PO0005698,SUP0019,WH010,2025-02-09,2025-02-20,2025-02-23,Delivered
PO0005699,SUP0039,WH006,2026-04-17,2026-04-21,2026-04-21,Delivered
PO0005700,SUP0002,WH008,2025-12-31,2026-01-03,2026-01-03,Delivered
PO0005701,SUP0080,WH007,2026-03-20,2026-03-23,2026-03-23,Delivered
PO0005702,SUP0003,WH008,2025-01-17,2025-01-20,2025-01-20,Delivered
PO0005703,SUP0070,WH005,2025-02-28,2025-03-02,2025-03-07,Delivered
PO0005704,SUP0090,WH007,2025-12-12,2025-12-24,2025-12-24,Delivered
PO0005705,SUP0028,WH003,2025-12-01,2025-12-15,2025-12-15,Delivered
PO0005706,SUP0026,WH005,2025-01-22,2025-01-27,2025-01-27,Delivered
PO0005707,SUP0035,WH003,2025-02-04,2025-02-09,2025-02-09,Delivered
PO0005708,SUP0080,WH004,2025-01-21,2025-01-25,2025-01-25,Delivered
PO0005709,SUP0054,WH010,2025-05-24,2025-06-03,2025-06-08,Delivered
PO0005710,SUP0043,WH002,2026-07-05,2026-07-18,2026-07-19,Delivered
PO0005711,SUP0090,WH009,2025-09-22,2025-10-01,2025-10-01,Delivered
PO0005712,SUP0050,WH004,2025-07-24,2025-07-29,2025-07-30,Delivered
PO0005713,SUP0085,WH006,2025-04-12,2025-04-22,2025-04-22,Delivered
PO0005714,SUP0043,WH001,2025-04-01,2025-04-13,2025-04-13,Delivered
PO0005715,SUP0067,WH006,2025-11-24,2025-12-08,2025-12-08,Delivered
PO0005716,SUP0057,WH003,2026-05-01,2026-05-13,2026-05-14,Delivered
PO0005717,SUP0079,WH010,2026-03-06,2026-03-19,2026-03-19,Delivered
PO0005718,SUP0069,WH001,2025-10-12,2025-10-26,2025-10-26,Delivered
PO0005719,SUP0038,WH008,2025-02-25,2025-03-08,2025-03-09,Delivered
PO0005720,SUP0049,WH005,2026-05-13,2026-05-16,2026-05-16,Delivered
PO0005721,SUP0068,WH002,2026-05-12,2026-05-16,2026-05-16,Delivered
PO0005722,SUP0091,WH003,2026-05-19,2026-05-22,2026-05-22,Delivered
PO0005723,SUP0041,WH007,2026-07-27,2026-08-10,2026-08-10,Delivered
PO0005724,SUP0057,WH010,2026-08-19,2026-08-30,,In Transit
PO0005725,SUP0046,WH008,2026-03-28,2026-04-11,2026-04-14,Delivered
PO0005726,SUP0021,WH008,2026-07-31,2026-08-03,2026-08-03,Delivered
PO0005727,SUP0087,WH004,2025-04-03,2025-04-12,2025-04-12,Delivered
PO0005728,SUP0013,WH005,2026-04-12,2026-04-16,2026-04-17,Delivered
PO0005729,SUP0036,WH001,2025-11-07,2025-11-15,2025-11-15,Delivered
PO0005730,SUP0040,WH003,2025-10-21,2025-11-03,2025-11-03,Delivered
PO0005731,SUP0067,WH009,2025-06-13,2025-06-16,2025-06-16,Delivered
PO0005732,SUP0083,WH008,2026-01-02,2026-01-07,2026-01-07,Delivered
PO0005733,SUP0090,WH007,2025-12-02,2025-12-12,2025-12-12,Delivered
PO0005734,SUP0093,WH009,2025-10-31,2025-11-11,2025-11-14,Delivered
PO0005735,SUP0025,WH009,2026-05-29,2026-06-10,2026-06-18,Delivered
PO0005736,SUP0092,WH006,2025-09-06,2025-09-14,2025-09-16,Delivered
PO0005737,SUP0077,WH004,2025-01-29,2025-02-04,2025-02-04,Delivered
PO0005738,SUP0021,WH007,2026-07-12,2026-07-17,2026-07-17,Delivered
PO0005739,SUP0074,WH001,2025-12-03,2025-12-10,2025-12-13,Delivered
PO0005740,SUP0019,WH007,2026-05-23,2026-06-04,2026-06-04,Delivered
PO0005741,SUP0095,WH010,2025-02-12,2025-02-26,2025-03-01,Delivered
PO0005742,SUP0054,WH001,2025-09-03,2025-09-12,2025-09-14,Delivered
PO0005743,SUP0078,WH005,2026-03-20,2026-04-02,2026-04-03,Delivered
PO0005744,SUP0060,WH009,2025-12-20,2025-12-30,2025-12-31,Delivered
PO0005745,SUP0070,WH007,2026-01-23,2026-02-06,2026-02-06,Delivered
PO0005746,SUP0010,WH003,2026-05-17,2026-05-30,2026-05-31,Delivered
PO0005747,SUP0089,WH007,2025-09-08,2025-09-12,2025-09-13,Delivered
PO0005748,SUP0056,WH004,2025-05-04,2025-05-09,2025-05-09,Delivered
PO0005749,SUP0005,WH003,2025-03-03,2025-03-08,2025-03-09,Delivered
PO0005750,SUP0033,WH008,2025-01-09,2025-01-21,2025-01-21,Delivered
PO0005751,SUP0037,WH005,2025-09-05,2025-09-15,2025-09-16,Delivered
PO0005752,SUP0026,WH006,2025-09-01,2025-09-03,2025-09-03,Delivered
PO0005753,SUP0068,WH006,2026-03-11,2026-03-18,2026-03-18,Delivered
PO0005754,SUP0062,WH006,2026-05-25,2026-05-27,2026-05-27,Delivered
PO0005755,SUP0002,WH003,2025-02-13,2025-02-15,2025-02-17,Delivered
PO0005756,SUP0080,WH001,2026-01-23,2026-01-28,2026-02-05,Delivered
PO0005757,SUP0052,WH003,2025-04-25,2025-05-06,2025-05-11,Delivered
PO0005758,SUP0023,WH004,2026-06-19,2026-07-02,2026-07-02,Delivered
PO0005759,SUP0072,WH003,2025-06-13,2025-06-18,2025-06-18,Delivered
PO0005760,SUP0015,WH007,2025-08-24,2025-09-05,2025-09-05,Delivered
PO0005761,SUP0095,WH005,2025-07-26,2025-08-05,2025-08-06,Delivered
PO0005762,SUP0053,WH006,2025-07-05,2025-07-08,2025-07-08,Delivered
PO0005763,SUP0011,WH007,2025-08-26,2025-08-28,2025-08-28,Delivered
PO0005764,SUP0002,WH006,2025-06-02,2025-06-04,2025-06-04,Delivered
PO0005765,SUP0089,WH005,2025-12-12,2025-12-26,2025-12-29,Delivered
PO0005766,SUP0096,WH007,2026-03-18,2026-03-27,2026-03-27,Delivered
PO0005767,SUP0089,WH006,2025-07-23,2025-07-31,2025-08-03,Delivered
PO0005768,SUP0062,WH010,2025-07-09,2025-07-17,2025-07-17,Delivered
PO0005769,SUP0058,WH006,2026-04-05,2026-04-15,2026-04-15,Delivered
PO0005770,SUP0054,WH010,2025-03-06,2025-03-15,2025-03-15,Delivered
PO0005771,SUP0058,WH008,2025-05-21,2025-05-25,2025-05-25,Delivered
PO0005772,SUP0100,WH002,2026-07-08,2026-07-15,2026-07-15,Delivered
PO0005773,SUP0060,WH010,2025-02-09,2025-02-13,2025-02-13,Delivered
PO0005774,SUP0093,WH001,2025-07-21,2025-07-23,2025-07-23,Delivered
PO0005775,SUP0046,WH002,2026-05-06,2026-05-15,2026-05-18,Delivered
PO0005776,SUP0031,WH010,2026-08-23,2026-08-26,,In Transit
PO0005777,SUP0094,WH007,2025-08-07,2025-08-18,2025-08-19,Delivered
PO0005778,SUP0050,WH002,2025-03-01,2025-03-08,2025-03-11,Delivered
PO0005779,SUP0057,WH005,2026-02-23,2026-02-26,2026-02-26,Delivered
PO0005780,SUP0088,WH010,2025-10-01,2025-10-10,2025-10-15,Delivered
PO0005781,SUP0006,WH009,2026-05-06,2026-05-13,2026-05-18,Delivered
PO0005782,SUP0007,WH006,2025-06-30,2025-07-04,2025-07-05,Delivered
PO0005783,SUP0038,WH006,2026-05-04,2026-05-12,2026-05-12,Delivered
PO0005784,SUP0019,WH008,2025-07-22,2025-08-02,2025-08-03,Delivered
PO0005785,SUP0099,WH004,2026-07-31,2026-08-04,2026-08-04,Delivered
PO0005786,SUP0070,WH005,2025-11-12,2025-11-26,2025-11-26,Delivered
PO0005787,SUP0081,WH004,2025-01-28,2025-01-30,2025-01-30,Delivered
PO0005788,SUP0099,WH002,2026-07-23,2026-08-02,2026-08-02,Delivered
PO0005789,SUP0010,WH010,2025-10-09,2025-10-20,2025-10-20,Delivered
PO0005790,SUP0036,WH005,2026-03-23,2026-03-30,2026-03-30,Delivered
PO0005791,SUP0080,WH005,2025-11-20,2025-12-01,2025-12-04,Delivered
PO0005792,SUP0079,WH002,2026-07-20,2026-08-01,2026-08-06,Delivered
PO0005793,SUP0076,WH010,2026-04-19,2026-05-01,2026-05-02,Delivered
PO0005794,SUP0057,WH001,2025-09-07,2025-09-18,2025-09-18,Delivered
PO0005795,SUP0012,WH001,2026-08-05,2026-08-16,2026-08-16,Delivered
PO0005796,SUP0054,WH005,2025-11-06,2025-11-15,2025-11-15,Delivered
PO0005797,SUP0100,WH009,2026-02-16,2026-02-27,2026-03-02,Delivered
PO0005798,SUP0056,WH010,2025-08-02,2025-08-13,2025-08-14,Delivered
PO0005799,SUP0037,WH002,2025-12-24,2026-01-05,2026-01-05,Delivered
PO0005800,SUP0085,WH006,2026-02-19,2026-03-01,2026-03-01,Delivered
PO0005801,SUP0051,WH008,2025-01-16,2025-01-29,2025-01-29,Delivered
PO0005802,SUP0076,WH005,2025-11-29,2025-12-10,2025-12-10,Delivered
PO0005803,SUP0089,WH004,2025-08-06,2025-08-09,2025-08-12,Delivered
PO0005804,SUP0035,WH001,2026-01-08,2026-01-22,2026-01-25,Delivered
PO0005805,SUP0051,WH005,2025-03-31,2025-04-03,2025-04-11,Delivered
PO0005806,SUP0080,WH002,2026-06-19,2026-06-23,2026-06-23,Delivered
PO0005807,SUP0002,WH005,2026-05-13,2026-05-15,2026-05-15,Delivered
PO0005808,SUP0064,WH003,2025-11-06,2025-11-11,2025-11-11,Delivered
PO0005809,SUP0086,WH006,2026-03-12,2026-03-21,2026-03-21,Delivered
PO0005810,SUP0030,WH001,2026-08-01,2026-08-09,2026-08-09,Delivered
PO0005811,SUP0060,WH004,2025-09-24,2025-09-28,2025-09-29,Delivered
PO0005812,SUP0068,WH010,2026-02-23,2026-03-03,2026-03-03,Delivered
PO0005813,SUP0053,WH006,2026-01-10,2026-01-22,2026-01-22,Delivered
PO0005814,SUP0078,WH009,2026-02-28,2026-03-13,2026-03-14,Delivered
PO0005815,SUP0043,WH003,2025-09-13,2025-09-17,2025-09-19,Delivered
PO0005816,SUP0032,WH005,2025-08-07,2025-08-12,2025-08-12,Cancelled
PO0005817,SUP0064,WH002,2026-01-07,2026-01-16,2026-01-16,Delivered
PO0005818,SUP0020,WH007,2026-04-26,2026-05-01,2026-05-01,Delivered
PO0005819,SUP0070,WH009,2026-08-06,2026-08-15,2026-08-15,Delivered
PO0005820,SUP0001,WH005,2025-10-03,2025-10-17,2025-10-17,Delivered
PO0005821,SUP0047,WH004,2025-01-26,2025-02-05,2025-02-05,Delivered
PO0005822,SUP0033,WH006,2025-02-16,2025-02-25,2025-02-26,Delivered
PO0005823,SUP0039,WH009,2026-07-04,2026-07-10,2026-07-10,Delivered
PO0005824,SUP0032,WH008,2025-11-11,2025-11-21,2025-11-24,Delivered
PO0005825,SUP0064,WH010,2026-04-08,2026-04-17,2026-04-17,Delivered
PO0005826,SUP0061,WH005,2025-08-11,2025-08-15,2025-08-18,Delivered
PO0005827,SUP0070,WH008,2025-11-23,2025-12-04,2025-12-05,Delivered
PO0005828,SUP0014,WH003,2025-01-09,2025-01-20,2025-01-20,Delivered
PO0005829,SUP0025,WH004,2025-09-12,2025-09-24,2025-09-24,Delivered
PO0005830,SUP0021,WH002,2026-05-12,2026-05-17,2026-05-18,Delivered
PO0005831,SUP0011,WH005,2025-05-07,2025-05-09,2025-05-09,Delivered
PO0005832,SUP0029,WH010,2025-08-16,2025-08-19,2025-08-19,Delivered
PO0005833,SUP0027,WH002,2025-04-23,2025-05-06,2025-05-06,Delivered
PO0005834,SUP0100,WH007,2025-08-26,2025-09-06,2025-09-06,Delivered
PO0005835,SUP0090,WH010,2025-12-14,2025-12-25,2025-12-30,Delivered
PO0005836,SUP0035,WH008,2025-01-26,2025-02-07,2025-02-12,Delivered
PO0005837,SUP0054,WH004,2025-05-17,2025-05-28,2025-05-30,Delivered
PO0005838,SUP0095,WH002,2026-04-17,2026-04-19,2026-04-19,Delivered
PO0005839,SUP0053,WH008,2026-02-23,2026-02-27,2026-03-02,Delivered
PO0005840,SUP0059,WH009,2025-05-18,2025-05-23,2025-05-25,Delivered
PO0005841,SUP0086,WH004,2025-12-24,2026-01-03,2026-01-05,Delivered
PO0005842,SUP0099,WH001,2025-01-14,2025-01-25,2025-01-28,Delivered
PO0005843,SUP0033,WH002,2025-12-07,2025-12-09,2025-12-12,Delivered
PO0005844,SUP0011,WH010,2025-04-02,2025-04-06,2025-04-08,Delivered
PO0005845,SUP0033,WH008,2026-06-20,2026-06-23,2026-06-23,Delivered
PO0005846,SUP0028,WH005,2025-11-02,2025-11-06,2025-11-06,Delivered
PO0005847,SUP0048,WH005,2026-08-04,2026-08-10,2026-08-10,Delivered
PO0005848,SUP0009,WH007,2025-12-14,2025-12-18,2025-12-18,Delivered
PO0005849,SUP0028,WH008,2026-01-02,2026-01-14,2026-01-15,Delivered
PO0005850,SUP0012,WH007,2026-04-12,2026-04-21,2026-04-23,Delivered
PO0005851,SUP0006,WH005,2025-09-26,2025-10-03,2025-10-06,Delivered
PO0005852,SUP0029,WH008,2025-10-11,2025-10-18,2025-10-18,Delivered
PO0005853,SUP0038,WH009,2026-03-20,2026-03-31,2026-04-02,Delivered
PO0005854,SUP0048,WH005,2025-05-02,2025-05-11,2025-05-11,Delivered
PO0005855,SUP0061,WH007,2025-12-17,2025-12-23,2025-12-25,Delivered
PO0005856,SUP0067,WH003,2025-11-09,2025-11-20,2025-11-22,Delivered
PO0005857,SUP0085,WH005,2025-09-08,2025-09-20,2025-09-20,Delivered
PO0005858,SUP0009,WH010,2025-08-16,2025-08-25,2025-08-25,Delivered
PO0005859,SUP0054,WH007,2026-06-29,2026-07-12,2026-07-15,Delivered
PO0005860,SUP0044,WH010,2025-06-29,2025-07-06,2025-07-06,Delivered
PO0005861,SUP0042,WH003,2025-08-05,2025-08-16,2025-08-16,Delivered
PO0005862,SUP0007,WH002,2025-06-05,2025-06-09,2025-06-09,Delivered
PO0005863,SUP0089,WH008,2025-11-06,2025-11-09,2025-11-11,Delivered
PO0005864,SUP0002,WH007,2026-07-21,2026-07-23,2026-07-23,Delivered
PO0005865,SUP0032,WH003,2025-10-21,2025-10-27,2025-10-27,Delivered
PO0005866,SUP0010,WH004,2026-06-13,2026-06-25,2026-06-28,Delivered
PO0005867,SUP0050,WH005,2026-08-17,2026-08-31,,In Transit
PO0005868,SUP0017,WH006,2025-09-24,2025-10-05,2025-10-05,Delivered
PO0005869,SUP0027,WH001,2025-04-12,2025-04-24,2025-04-24,Delivered
PO0005870,SUP0100,WH010,2025-03-14,2025-03-17,2025-03-20,Delivered
PO0005871,SUP0099,WH010,2026-05-17,2026-05-27,2026-05-27,Delivered
PO0005872,SUP0029,WH009,2026-08-09,2026-08-19,2026-08-22,Cancelled
PO0005873,SUP0066,WH001,2025-05-11,2025-05-18,2025-05-19,Delivered
PO0005874,SUP0003,WH007,2025-12-05,2025-12-12,2025-12-12,Delivered
PO0005875,SUP0001,WH004,2025-11-05,2025-11-19,2025-11-19,Delivered
PO0005876,SUP0032,WH003,2025-04-13,2025-04-24,2025-04-29,Delivered
PO0005877,SUP0005,WH006,2026-03-14,2026-03-18,2026-03-20,Delivered
PO0005878,SUP0009,WH007,2026-05-02,2026-05-15,2026-05-16,Delivered
PO0005879,SUP0083,WH006,2026-06-09,2026-06-13,2026-06-13,Delivered
PO0005880,SUP0036,WH009,2026-07-05,2026-07-15,2026-07-15,Delivered
PO0005881,SUP0049,WH002,2026-03-29,2026-04-11,2026-04-13,Delivered
PO0005882,SUP0018,WH009,2026-06-24,2026-07-07,2026-07-08,Cancelled
PO0005883,SUP0038,WH008,2025-05-03,2025-05-09,2025-05-10,Delivered
PO0005884,SUP0084,WH001,2025-09-27,2025-10-11,2025-10-12,Delivered
PO0005885,SUP0005,WH006,2025-06-26,2025-07-07,2025-07-07,Delivered
PO0005886,SUP0063,WH009,2025-03-20,2025-03-25,2025-03-25,Delivered
PO0005887,SUP0022,WH008,2026-03-18,2026-03-31,2026-04-02,Delivered
PO0005888,SUP0095,WH009,2025-01-01,2025-01-08,2025-01-08,Delivered
PO0005889,SUP0008,WH002,2026-02-07,2026-02-11,2026-02-11,Delivered
PO0005890,SUP0027,WH010,2026-06-20,2026-06-24,2026-06-24,Delivered
PO0005891,SUP0032,WH005,2025-09-23,2025-10-02,2025-10-05,Delivered
PO0005892,SUP0047,WH007,2025-10-23,2025-10-30,2025-10-31,Delivered
PO0005893,SUP0040,WH003,2026-05-23,2026-06-05,2026-06-05,Delivered
PO0005894,SUP0045,WH006,2025-05-20,2025-05-27,2025-05-27,Delivered
PO0005895,SUP0032,WH005,2025-08-22,2025-08-31,2025-09-02,Delivered
PO0005896,SUP0022,WH004,2026-06-15,2026-06-24,2026-06-26,Delivered
PO0005897,SUP0040,WH003,2025-12-31,2026-01-03,2026-01-08,Delivered
PO0005898,SUP0046,WH001,2025-08-13,2025-08-24,2025-08-24,Delivered
PO0005899,SUP0051,WH008,2025-05-04,2025-05-11,2025-05-14,Delivered
PO0005900,SUP0023,WH005,2025-05-10,2025-05-12,2025-05-17,Delivered
PO0005901,SUP0022,WH008,2026-05-04,2026-05-16,2026-05-21,Delivered
PO0005902,SUP0061,WH008,2026-02-22,2026-03-01,2026-03-01,Delivered
PO0005903,SUP0009,WH008,2025-08-26,2025-09-01,2025-09-02,Delivered
PO0005904,SUP0089,WH002,2025-07-10,2025-07-16,2025-07-19,Delivered
PO0005905,SUP0055,WH004,2026-06-04,2026-06-10,2026-06-10,Delivered
PO0005906,SUP0011,WH006,2025-01-18,2025-01-21,2025-01-21,Delivered
PO0005907,SUP0007,WH007,2025-02-20,2025-03-01,2025-03-04,Delivered
PO0005908,SUP0058,WH008,2025-10-14,2025-10-21,2025-10-29,Delivered
PO0005909,SUP0068,WH006,2026-04-04,2026-04-06,2026-04-06,Delivered
PO0005910,SUP0004,WH001,2025-05-26,2025-06-01,2025-06-06,Delivered
PO0005911,SUP0086,WH007,2025-07-28,2025-07-30,2025-07-30,Delivered
PO0005912,SUP0016,WH008,2026-05-29,2026-06-07,2026-06-07,Delivered
PO0005913,SUP0016,WH002,2025-04-10,2025-04-19,2025-04-19,Delivered
PO0005914,SUP0097,WH010,2025-11-14,2025-11-17,2025-11-20,Delivered
PO0005915,SUP0040,WH003,2025-04-18,2025-04-25,2025-04-28,Delivered
PO0005916,SUP0037,WH007,2026-08-22,2026-09-03,,In Transit
PO0005917,SUP0015,WH004,2025-11-22,2025-12-05,2025-12-06,Delivered
PO0005918,SUP0035,WH005,2025-02-21,2025-03-06,2025-03-07,Delivered
PO0005919,SUP0092,WH007,2025-12-20,2025-12-27,2025-12-30,Delivered
PO0005920,SUP0026,WH006,2025-01-21,2025-01-26,2025-01-26,Delivered
PO0005921,SUP0096,WH006,2025-02-07,2025-02-18,2025-02-20,Cancelled
PO0005922,SUP0020,WH005,2025-07-30,2025-08-12,2025-08-12,Delivered
PO0005923,SUP0095,WH008,2026-07-31,2026-08-10,2026-08-10,Delivered
PO0005924,SUP0067,WH006,2025-09-27,2025-10-03,2025-10-06,Delivered
PO0005925,SUP0022,WH008,2026-02-06,2026-02-19,2026-02-22,Delivered
PO0005926,SUP0045,WH006,2025-09-02,2025-09-09,2025-09-09,Delivered
PO0005927,SUP0022,WH006,2026-04-22,2026-04-27,2026-04-27,Delivered
PO0005928,SUP0003,WH006,2026-03-14,2026-03-26,2026-03-31,Delivered
PO0005929,SUP0055,WH004,2025-12-24,2025-12-30,2025-12-31,Delivered
PO0005930,SUP0096,WH008,2025-04-24,2025-04-26,2025-04-28,Delivered
PO0005931,SUP0094,WH003,2025-11-26,2025-12-09,2025-12-09,Delivered
PO0005932,SUP0090,WH009,2026-04-13,2026-04-15,2026-04-23,Delivered
PO0005933,SUP0070,WH009,2026-03-23,2026-04-02,2026-04-07,Delivered
PO0005934,SUP0094,WH009,2025-09-17,2025-09-25,2025-09-25,Delivered
PO0005935,SUP0079,WH008,2025-07-15,2025-07-28,2025-07-28,Delivered
PO0005936,SUP0042,WH009,2025-10-31,2025-11-11,2025-11-11,Delivered
PO0005937,SUP0056,WH009,2026-06-29,2026-07-03,2026-07-04,Delivered
PO0005938,SUP0004,WH004,2025-08-27,2025-09-07,2025-09-08,Delivered
PO0005939,SUP0081,WH004,2025-01-14,2025-01-19,2025-01-22,Delivered
PO0005940,SUP0016,WH009,2026-04-10,2026-04-15,2026-04-18,Cancelled
PO0005941,SUP0100,WH009,2026-05-02,2026-05-14,2026-05-16,Delivered
PO0005942,SUP0019,WH004,2025-09-04,2025-09-09,2025-09-09,Delivered
PO0005943,SUP0036,WH008,2025-03-27,2025-04-02,2025-04-02,Delivered
PO0005944,SUP0008,WH006,2025-01-23,2025-01-29,2025-01-29,Delivered
PO0005945,SUP0075,WH006,2025-12-25,2026-01-01,2026-01-02,Delivered
PO0005946,SUP0058,WH009,2025-10-01,2025-10-04,2025-10-04,Delivered
PO0005947,SUP0066,WH004,2026-08-01,2026-08-05,2026-08-05,Delivered
PO0005948,SUP0035,WH008,2025-10-24,2025-10-27,2025-10-27,Delivered
PO0005949,SUP0071,WH005,2026-08-20,2026-09-02,,In Transit
PO0005950,SUP0041,WH001,2025-11-06,2025-11-15,2025-11-15,Delivered
PO0005951,SUP0090,WH007,2025-09-14,2025-09-27,2025-09-30,Delivered
PO0005952,SUP0063,WH006,2025-03-21,2025-03-25,2025-03-27,Delivered
PO0005953,SUP0015,WH005,2026-07-27,2026-08-05,2026-08-05,Delivered
PO0005954,SUP0035,WH006,2025-12-27,2026-01-09,2026-01-17,Delivered
PO0005955,SUP0073,WH003,2025-02-25,2025-03-03,2025-03-03,Delivered
PO0005956,SUP0006,WH010,2025-10-14,2025-10-25,2025-10-28,Delivered
PO0005957,SUP0009,WH005,2025-03-06,2025-03-16,2025-03-16,Delivered
PO0005958,SUP0062,WH007,2025-10-12,2025-10-20,2025-10-20,Delivered
PO0005959,SUP0065,WH001,2026-08-27,2026-08-31,2026-09-05,Cancelled
PO0005960,SUP0042,WH009,2025-06-28,2025-07-04,2025-07-07,Delivered
PO0005961,SUP0005,WH005,2025-11-25,2025-12-03,2025-12-03,Delivered
PO0005962,SUP0032,WH010,2025-12-18,2025-12-29,2025-12-29,Delivered
PO0005963,SUP0001,WH006,2025-04-28,2025-04-30,2025-05-03,Delivered
PO0005964,SUP0015,WH010,2025-01-19,2025-02-02,2025-02-02,Delivered
PO0005965,SUP0094,WH004,2026-01-31,2026-02-12,2026-02-12,Delivered
PO0005966,SUP0072,WH009,2026-04-12,2026-04-21,2026-04-26,Delivered
PO0005967,SUP0064,WH006,2026-04-07,2026-04-11,2026-04-11,Delivered
PO0005968,SUP0022,WH009,2026-06-10,2026-06-12,2026-06-14,Delivered
PO0005969,SUP0025,WH006,2026-01-04,2026-01-18,2026-01-18,Delivered
PO0005970,SUP0027,WH010,2026-06-19,2026-06-25,2026-06-25,Delivered
PO0005971,SUP0096,WH008,2026-07-16,2026-07-30,2026-08-01,Delivered
PO0005972,SUP0075,WH006,2026-02-04,2026-02-08,2026-02-08,Delivered
PO0005973,SUP0074,WH007,2026-03-31,2026-04-11,2026-04-11,Delivered
PO0005974,SUP0074,WH010,2026-01-19,2026-01-25,2026-01-26,Delivered
PO0005975,SUP0020,WH010,2025-09-29,2025-10-08,2025-10-09,Delivered
PO0005976,SUP0020,WH008,2025-03-25,2025-03-29,2025-03-31,Delivered
PO0005977,SUP0031,WH008,2026-02-25,2026-03-10,2026-03-10,Delivered
PO0005978,SUP0041,WH007,2025-11-05,2025-11-12,2025-11-14,Delivered
PO0005979,SUP0014,WH001,2025-10-26,2025-11-02,2025-11-02,Delivered
PO0005980,SUP0097,WH009,2025-04-23,2025-04-28,2025-04-29,Delivered
PO0005981,SUP0009,WH007,2025-04-09,2025-04-22,2025-04-22,Delivered
PO0005982,SUP0015,WH001,2026-04-28,2026-05-12,2026-05-14,Delivered
PO0005983,SUP0085,WH010,2026-05-24,2026-05-30,2026-05-30,Delivered
PO0005984,SUP0031,WH009,2026-05-24,2026-05-30,2026-06-01,Delivered
PO0005985,SUP0005,WH009,2026-05-08,2026-05-19,2026-05-19,Delivered
PO0005986,SUP0066,WH006,2026-02-28,2026-03-13,2026-03-14,Delivered
PO0005987,SUP0019,WH006,2025-09-05,2025-09-18,2025-09-20,Delivered
PO0005988,SUP0016,WH001,2025-05-09,2025-05-19,2025-05-24,Delivered
PO0005989,SUP0085,WH010,2025-12-20,2025-12-28,2025-12-30,Delivered
PO0005990,SUP0028,WH006,2025-01-16,2025-01-19,2025-01-20,Delivered
PO0005991,SUP0039,WH006,2025-03-28,2025-04-06,2025-04-08,Delivered
PO0005992,SUP0050,WH004,2025-01-20,2025-01-30,2025-02-01,Delivered
PO0005993,SUP0068,WH001,2025-08-10,2025-08-18,2025-08-19,Delivered
PO0005994,SUP0088,WH006,2025-07-04,2025-07-06,2025-07-06,Delivered
PO0005995,SUP0056,WH009,2025-12-08,2025-12-13,2025-12-13,Delivered
PO0005996,SUP0066,WH002,2025-10-04,2025-10-09,2025-10-09,Delivered
PO0005997,SUP0071,WH003,2025-08-20,2025-08-28,2025-08-28,Delivered
PO0005998,SUP0053,WH006,2026-04-08,2026-04-12,2026-04-13,Delivered
PO0005999,SUP0039,WH005,2025-07-09,2025-07-17,2025-07-17,Delivered
PO0006000,SUP0032,WH007,2026-02-04,2026-02-06,2026-02-09,Delivered
PO0006001,SUP0073,WH006,2026-01-24,2026-01-29,2026-01-29,Delivered
PO0006002,SUP0058,WH006,2025-02-23,2025-03-07,2025-03-07,Delivered
PO0006003,SUP0059,WH007,2025-06-21,2025-06-23,2025-06-23,Delivered
PO0006004,SUP0027,WH009,2025-09-15,2025-09-28,2025-09-28,Delivered
PO0006005,SUP0062,WH001,2025-05-26,2025-06-02,2025-06-05,Delivered
PO0006006,SUP0031,WH008,2025-05-26,2025-06-08,2025-06-08,Delivered
PO0006007,SUP0070,WH005,2025-02-26,2025-03-04,2025-03-04,Delivered
PO0006008,SUP0083,WH002,2026-04-17,2026-04-19,2026-04-22,Delivered
PO0006009,SUP0088,WH006,2025-10-10,2025-10-15,2025-10-16,Delivered
PO0006010,SUP0007,WH009,2026-03-14,2026-03-25,2026-03-27,Delivered
PO0006011,SUP0004,WH008,2026-05-24,2026-06-03,2026-06-03,Delivered
PO0006012,SUP0032,WH007,2025-12-15,2025-12-25,2025-12-30,Delivered
PO0006013,SUP0077,WH002,2026-03-03,2026-03-11,2026-03-11,Delivered
PO0006014,SUP0014,WH004,2026-01-18,2026-01-28,2026-01-30,Delivered
PO0006015,SUP0023,WH003,2025-08-06,2025-08-11,2025-08-12,Delivered
PO0006016,SUP0009,WH009,2026-03-20,2026-03-26,2026-03-29,Delivered
PO0006017,SUP0058,WH004,2025-12-17,2025-12-24,2025-12-24,Delivered
PO0006018,SUP0008,WH008,2026-03-23,2026-04-02,2026-04-02,Delivered
PO0006019,SUP0051,WH003,2026-08-21,2026-08-26,2026-08-26,Delivered
PO0006020,SUP0082,WH003,2025-06-17,2025-06-30,2025-07-03,Delivered
PO0006021,SUP0090,WH004,2026-03-20,2026-04-02,2026-04-02,Delivered
PO0006022,SUP0035,WH006,2025-12-06,2025-12-12,2025-12-12,Delivered
PO0006023,SUP0058,WH008,2025-05-09,2025-05-23,2025-05-23,Delivered
PO0006024,SUP0057,WH003,2025-04-05,2025-04-16,2025-04-19,Delivered
PO0006025,SUP0018,WH005,2025-04-06,2025-04-12,2025-04-12,Delivered
PO0006026,SUP0084,WH003,2025-11-20,2025-11-30,2025-12-02,Delivered
PO0006027,SUP0092,WH006,2025-10-06,2025-10-20,2025-10-25,Delivered
PO0006028,SUP0100,WH002,2025-02-18,2025-02-27,2025-02-28,Delivered
PO0006029,SUP0094,WH007,2025-12-06,2025-12-10,2025-12-10,Delivered
PO0006030,SUP0017,WH003,2026-05-22,2026-06-04,2026-06-04,Delivered
PO0006031,SUP0028,WH003,2025-12-23,2026-01-06,2026-01-07,Delivered
PO0006032,SUP0021,WH010,2025-04-24,2025-05-08,2025-05-08,Delivered
PO0006033,SUP0054,WH005,2026-06-16,2026-06-24,2026-06-24,Delivered
PO0006034,SUP0099,WH001,2026-02-11,2026-02-19,2026-02-19,Delivered
PO0006035,SUP0029,WH001,2025-10-25,2025-10-27,2025-10-27,Delivered
PO0006036,SUP0005,WH001,2026-06-25,2026-07-08,2026-07-11,Delivered
PO0006037,SUP0011,WH006,2025-06-05,2025-06-14,2025-06-17,Delivered
PO0006038,SUP0095,WH007,2025-07-26,2025-07-30,2025-08-02,Delivered
PO0006039,SUP0037,WH010,2025-05-09,2025-05-13,2025-05-13,Delivered
PO0006040,SUP0081,WH005,2026-05-25,2026-06-03,2026-06-03,Delivered
PO0006041,SUP0061,WH008,2026-05-10,2026-05-21,2026-05-29,Delivered
PO0006042,SUP0040,WH003,2025-06-07,2025-06-21,2025-06-21,Delivered
PO0006043,SUP0073,WH010,2025-04-08,2025-04-18,2025-04-18,Delivered
PO0006044,SUP0053,WH003,2025-09-05,2025-09-19,2025-09-19,Delivered
PO0006045,SUP0014,WH001,2026-07-22,2026-07-25,2026-07-27,Delivered
PO0006046,SUP0022,WH006,2025-07-26,2025-08-02,2025-08-03,Delivered
PO0006047,SUP0085,WH001,2025-06-04,2025-06-18,2025-06-23,Delivered
PO0006048,SUP0097,WH004,2025-01-17,2025-01-24,2025-01-24,Delivered
PO0006049,SUP0033,WH010,2026-08-09,2026-08-14,2026-08-19,Delivered
PO0006050,SUP0069,WH006,2026-01-07,2026-01-13,2026-01-13,Delivered
PO0006051,SUP0003,WH007,2025-10-03,2025-10-07,2025-10-07,Delivered
PO0006052,SUP0009,WH004,2026-04-29,2026-05-05,2026-05-05,Delivered
PO0006053,SUP0070,WH005,2026-06-08,2026-06-10,2026-06-15,Delivered
PO0006054,SUP0073,WH003,2025-07-05,2025-07-15,2025-07-15,Delivered
PO0006055,SUP0057,WH009,2026-05-20,2026-05-22,2026-05-27,Delivered
PO0006056,SUP0094,WH006,2025-08-14,2025-08-17,2025-08-17,Delivered
PO0006057,SUP0072,WH009,2026-06-02,2026-06-10,2026-06-12,Delivered
PO0006058,SUP0027,WH002,2025-03-15,2025-03-20,2025-03-20,Delivered
PO0006059,SUP0044,WH006,2025-01-05,2025-01-13,2025-01-14,Delivered
PO0006060,SUP0016,WH006,2025-01-22,2025-01-28,2025-02-02,Delivered
PO0006061,SUP0052,WH007,2025-01-23,2025-02-03,2025-02-06,Delivered
PO0006062,SUP0011,WH006,2026-01-19,2026-01-31,2026-02-01,Delivered
PO0006063,SUP0070,WH002,2026-05-22,2026-05-29,2026-05-29,Delivered
PO0006064,SUP0017,WH004,2025-08-28,2025-08-30,2025-09-01,Delivered
PO0006065,SUP0027,WH009,2025-01-25,2025-01-27,2025-01-28,Delivered
PO0006066,SUP0016,WH004,2026-06-15,2026-06-26,2026-06-27,Delivered
PO0006067,SUP0029,WH006,2026-05-29,2026-06-11,2026-06-12,Delivered
PO0006068,SUP0003,WH009,2025-11-23,2025-11-29,2025-11-29,Delivered
PO0006069,SUP0069,WH002,2025-01-27,2025-02-06,2025-02-06,Delivered
PO0006070,SUP0089,WH006,2026-06-29,2026-07-11,2026-07-16,Delivered
PO0006071,SUP0055,WH004,2025-08-10,2025-08-15,2025-08-15,Delivered
PO0006072,SUP0034,WH004,2025-07-13,2025-07-19,2025-07-22,Delivered
PO0006073,SUP0009,WH010,2025-06-24,2025-07-07,2025-07-07,Cancelled
PO0006074,SUP0070,WH006,2025-02-20,2025-03-04,2025-03-04,Delivered
PO0006075,SUP0086,WH001,2026-02-01,2026-02-13,2026-02-13,Delivered
PO0006076,SUP0057,WH010,2025-07-12,2025-07-24,2025-07-25,Delivered
PO0006077,SUP0087,WH007,2025-11-17,2025-11-28,2025-11-30,Delivered
PO0006078,SUP0016,WH003,2026-04-20,2026-05-04,2026-05-06,Delivered
PO0006079,SUP0069,WH005,2026-06-18,2026-07-02,2026-07-03,Delivered
PO0006080,SUP0097,WH004,2025-05-09,2025-05-13,2025-05-15,Delivered
PO0006081,SUP0034,WH007,2026-06-29,2026-07-08,2026-07-10,Delivered
PO0006082,SUP0038,WH009,2025-09-25,2025-10-06,2025-10-06,Delivered
PO0006083,SUP0061,WH004,2025-01-19,2025-01-24,2025-01-25,Delivered
PO0006084,SUP0033,WH006,2025-10-04,2025-10-17,2025-10-20,Delivered
PO0006085,SUP0066,WH001,2025-08-27,2025-09-05,2025-09-05,Delivered
PO0006086,SUP0013,WH006,2025-01-04,2025-01-14,2025-01-14,Delivered
PO0006087,SUP0098,WH001,2026-03-16,2026-03-21,2026-03-21,Delivered
PO0006088,SUP0055,WH010,2025-07-01,2025-07-10,2025-07-10,Delivered
PO0006089,SUP0072,WH005,2025-03-30,2025-04-07,2025-04-12,Delivered
PO0006090,SUP0045,WH006,2025-08-24,2025-09-04,2025-09-04,Delivered
PO0006091,SUP0074,WH010,2025-06-13,2025-06-26,2025-06-27,Delivered
PO0006092,SUP0049,WH010,2025-02-07,2025-02-18,2025-02-19,Delivered
PO0006093,SUP0008,WH003,2026-06-18,2026-06-21,2026-06-21,Delivered
PO0006094,SUP0017,WH010,2025-11-05,2025-11-11,2025-11-14,Delivered
PO0006095,SUP0067,WH001,2025-07-20,2025-07-22,2025-07-27,Delivered
PO0006096,SUP0093,WH006,2026-05-02,2026-05-06,2026-05-06,Delivered
PO0006097,SUP0086,WH007,2025-10-28,2025-11-10,2025-11-13,Delivered
PO0006098,SUP0093,WH002,2025-12-22,2025-12-25,2025-12-27,Delivered
PO0006099,SUP0083,WH008,2025-03-29,2025-04-09,2025-04-12,Delivered
PO0006100,SUP0092,WH002,2025-11-05,2025-11-14,2025-11-15,Delivered
PO0006101,SUP0029,WH004,2025-05-23,2025-06-02,2025-06-02,Delivered
PO0006102,SUP0082,WH005,2026-07-29,2026-08-08,2026-08-08,Delivered
PO0006103,SUP0028,WH007,2025-09-29,2025-10-06,2025-10-06,Delivered
PO0006104,SUP0057,WH009,2025-04-22,2025-04-29,2025-05-01,Delivered
PO0006105,SUP0098,WH009,2026-06-21,2026-07-03,2026-07-03,Delivered
PO0006106,SUP0035,WH006,2025-10-17,2025-10-20,2025-10-23,Delivered
PO0006107,SUP0092,WH005,2025-04-14,2025-04-16,2025-04-16,Delivered
PO0006108,SUP0055,WH008,2026-08-01,2026-08-08,2026-08-09,Delivered
PO0006109,SUP0046,WH003,2025-07-04,2025-07-13,2025-07-13,Delivered
PO0006110,SUP0034,WH005,2026-07-25,2026-08-05,2026-08-05,Delivered
PO0006111,SUP0085,WH009,2025-10-10,2025-10-22,2025-10-22,Delivered
PO0006112,SUP0051,WH003,2025-12-07,2025-12-20,2025-12-20,Delivered
PO0006113,SUP0071,WH005,2025-04-25,2025-05-06,2025-05-06,Delivered
PO0006114,SUP0036,WH004,2025-08-08,2025-08-15,2025-08-15,Delivered
PO0006115,SUP0086,WH009,2025-05-04,2025-05-16,2025-05-18,Delivered
PO0006116,SUP0048,WH002,2025-06-30,2025-07-11,2025-07-13,Delivered
PO0006117,SUP0093,WH008,2025-12-29,2026-01-09,2026-01-10,Delivered
PO0006118,SUP0044,WH009,2025-06-19,2025-06-27,2025-07-02,Delivered
PO0006119,SUP0070,WH006,2025-09-08,2025-09-11,2025-09-12,Delivered
PO0006120,SUP0049,WH007,2025-05-25,2025-06-03,2025-06-11,Delivered
PO0006121,SUP0040,WH008,2025-08-05,2025-08-15,2025-08-15,Delivered
PO0006122,SUP0061,WH003,2025-11-25,2025-11-27,2025-12-05,Delivered
PO0006123,SUP0019,WH010,2025-07-16,2025-07-19,2025-07-24,Delivered
PO0006124,SUP0040,WH009,2026-02-04,2026-02-10,2026-02-13,Delivered
PO0006125,SUP0043,WH007,2025-10-07,2025-10-19,2025-10-21,Delivered
PO0006126,SUP0064,WH001,2025-03-28,2025-04-01,2025-04-01,Delivered
PO0006127,SUP0028,WH004,2025-03-22,2025-03-25,2025-03-28,Delivered
PO0006128,SUP0095,WH006,2025-04-26,2025-05-08,2025-05-10,Delivered
PO0006129,SUP0097,WH009,2025-03-17,2025-03-30,2025-04-04,Delivered
PO0006130,SUP0063,WH005,2025-10-12,2025-10-25,2025-10-25,Delivered
PO0006131,SUP0070,WH008,2025-01-29,2025-02-03,2025-02-04,Delivered
PO0006132,SUP0040,WH003,2026-02-17,2026-02-27,2026-03-02,Delivered
PO0006133,SUP0011,WH009,2026-02-17,2026-02-26,2026-03-03,Delivered
PO0006134,SUP0080,WH006,2026-05-09,2026-05-20,2026-05-22,Delivered
PO0006135,SUP0085,WH010,2026-08-26,2026-09-03,2026-09-03,Cancelled
PO0006136,SUP0029,WH006,2025-04-08,2025-04-19,2025-04-22,Delivered
PO0006137,SUP0077,WH006,2026-05-17,2026-05-27,2026-05-30,Delivered
PO0006138,SUP0013,WH007,2026-01-03,2026-01-12,2026-01-12,Delivered
PO0006139,SUP0092,WH010,2026-05-17,2026-05-31,2026-05-31,Delivered
PO0006140,SUP0067,WH003,2025-02-02,2025-02-09,2025-02-12,Delivered
PO0006141,SUP0092,WH004,2025-10-23,2025-11-04,2025-11-04,Delivered
PO0006142,SUP0087,WH007,2026-02-19,2026-02-27,2026-02-27,Delivered
PO0006143,SUP0052,WH004,2025-09-20,2025-09-28,2025-09-28,Delivered
PO0006144,SUP0005,WH006,2026-07-10,2026-07-17,2026-07-17,Delivered
PO0006145,SUP0042,WH009,2025-11-24,2025-12-06,2025-12-07,Delivered
PO0006146,SUP0016,WH010,2025-05-11,2025-05-14,2025-05-14,Delivered
PO0006147,SUP0035,WH009,2025-01-09,2025-01-15,2025-01-15,Delivered
PO0006148,SUP0052,WH004,2025-06-04,2025-06-12,2025-06-14,Delivered
PO0006149,SUP0062,WH009,2026-04-14,2026-04-26,2026-05-01,Delivered
PO0006150,SUP0075,WH006,2025-10-02,2025-10-16,2025-10-16,Delivered
PO0006151,SUP0018,WH010,2025-12-09,2025-12-21,2025-12-21,Delivered
PO0006152,SUP0039,WH005,2026-01-16,2026-01-22,2026-01-22,Delivered
PO0006153,SUP0076,WH002,2025-08-19,2025-08-28,2025-08-28,Delivered
PO0006154,SUP0020,WH007,2026-06-21,2026-07-03,2026-07-04,Delivered
PO0006155,SUP0091,WH009,2025-12-26,2026-01-05,2026-01-06,Delivered
PO0006156,SUP0087,WH006,2025-03-18,2025-03-20,2025-03-21,Delivered
PO0006157,SUP0061,WH005,2025-12-05,2025-12-14,2025-12-14,Delivered
PO0006158,SUP0071,WH006,2025-12-18,2025-12-25,2025-12-27,Delivered
PO0006159,SUP0006,WH006,2026-05-23,2026-05-27,2026-05-28,Delivered
PO0006160,SUP0030,WH003,2025-01-22,2025-02-03,2025-02-04,Delivered
PO0006161,SUP0015,WH006,2026-03-13,2026-03-25,2026-03-25,Delivered
PO0006162,SUP0059,WH009,2025-01-21,2025-02-01,2025-02-04,Delivered
PO0006163,SUP0008,WH004,2025-12-10,2025-12-23,2025-12-24,Delivered
PO0006164,SUP0067,WH010,2025-08-16,2025-08-29,2025-08-29,Delivered
PO0006165,SUP0067,WH006,2025-05-16,2025-05-19,2025-05-22,Delivered
PO0006166,SUP0072,WH001,2026-04-15,2026-04-23,2026-04-23,Delivered
PO0006167,SUP0007,WH009,2026-06-04,2026-06-17,2026-06-17,Delivered
PO0006168,SUP0029,WH002,2025-06-27,2025-07-03,2025-07-03,Delivered
PO0006169,SUP0036,WH007,2026-04-30,2026-05-07,2026-05-07,Delivered
PO0006170,SUP0062,WH003,2025-06-23,2025-07-07,2025-07-07,Delivered
PO0006171,SUP0047,WH010,2025-09-02,2025-09-13,2025-09-13,Delivered
PO0006172,SUP0039,WH008,2025-10-13,2025-10-23,2025-10-26,Delivered
PO0006173,SUP0079,WH008,2025-04-06,2025-04-11,2025-04-11,Delivered
PO0006174,SUP0023,WH004,2026-02-19,2026-03-04,2026-03-06,Delivered
PO0006175,SUP0051,WH008,2025-10-26,2025-11-04,2025-11-04,Delivered
PO0006176,SUP0090,WH007,2025-09-01,2025-09-15,2025-09-16,Delivered
PO0006177,SUP0013,WH005,2025-08-06,2025-08-09,2025-08-14,Delivered
PO0006178,SUP0047,WH010,2025-11-14,2025-11-28,2025-11-28,Delivered
PO0006179,SUP0064,WH009,2025-06-26,2025-07-08,2025-07-08,Delivered
PO0006180,SUP0068,WH002,2025-02-21,2025-02-26,2025-02-27,Delivered
PO0006181,SUP0073,WH004,2025-12-08,2025-12-15,2025-12-15,Cancelled
PO0006182,SUP0045,WH008,2026-08-18,2026-08-30,,In Transit
PO0006183,SUP0052,WH003,2025-06-25,2025-07-05,2025-07-05,Delivered
PO0006184,SUP0076,WH004,2025-07-10,2025-07-24,2025-07-26,Delivered
PO0006185,SUP0080,WH010,2025-11-09,2025-11-14,2025-11-19,Cancelled
PO0006186,SUP0032,WH001,2026-01-07,2026-01-16,2026-01-16,Delivered
PO0006187,SUP0029,WH007,2026-05-11,2026-05-22,2026-05-22,Delivered
PO0006188,SUP0052,WH005,2025-10-11,2025-10-18,2025-10-18,Delivered
PO0006189,SUP0041,WH008,2026-01-04,2026-01-17,2026-01-20,Delivered
PO0006190,SUP0043,WH006,2025-07-10,2025-07-18,2025-07-18,Delivered
PO0006191,SUP0066,WH009,2025-01-15,2025-01-27,2025-01-28,Delivered
PO0006192,SUP0054,WH001,2026-04-20,2026-04-27,2026-04-27,Delivered
PO0006193,SUP0026,WH009,2026-07-28,2026-08-04,2026-08-05,Delivered
PO0006194,SUP0012,WH009,2025-12-29,2026-01-08,2026-01-10,Delivered
PO0006195,SUP0077,WH007,2026-07-12,2026-07-16,2026-07-17,Delivered
PO0006196,SUP0099,WH008,2025-07-21,2025-07-27,2025-07-27,Delivered
PO0006197,SUP0047,WH010,2025-10-03,2025-10-13,2025-10-14,Delivered
PO0006198,SUP0001,WH006,2025-03-24,2025-04-01,2025-04-02,Delivered
PO0006199,SUP0089,WH009,2026-04-21,2026-05-01,2026-05-04,Delivered
PO0006200,SUP0030,WH009,2025-10-30,2025-11-04,2025-11-04,Delivered
PO0006201,SUP0091,WH006,2025-07-20,2025-08-02,2025-08-02,Delivered
PO0006202,SUP0064,WH005,2026-07-25,2026-07-30,2026-08-01,Delivered
PO0006203,SUP0091,WH007,2026-04-17,2026-04-30,2026-04-30,Delivered
PO0006204,SUP0011,WH009,2026-04-11,2026-04-14,2026-04-14,Delivered
PO0006205,SUP0019,WH008,2026-04-24,2026-05-07,2026-05-07,Delivered
PO0006206,SUP0098,WH007,2025-11-13,2025-11-23,2025-11-25,Delivered
PO0006207,SUP0013,WH004,2025-07-01,2025-07-05,2025-07-05,Delivered
PO0006208,SUP0007,WH001,2025-01-17,2025-01-25,2025-01-25,Delivered
PO0006209,SUP0012,WH005,2025-11-28,2025-12-01,2025-12-01,Delivered
PO0006210,SUP0017,WH005,2025-03-21,2025-03-24,2025-03-25,Delivered
PO0006211,SUP0097,WH006,2026-03-29,2026-04-12,2026-04-12,Delivered
PO0006212,SUP0013,WH003,2025-08-10,2025-08-17,2025-08-17,Delivered
PO0006213,SUP0085,WH003,2026-06-08,2026-06-15,2026-06-15,Delivered
PO0006214,SUP0072,WH002,2025-09-13,2025-09-19,2025-09-21,Delivered
PO0006215,SUP0053,WH004,2026-01-13,2026-01-26,2026-01-26,Delivered
PO0006216,SUP0065,WH004,2026-06-22,2026-06-30,2026-06-30,Delivered
PO0006217,SUP0023,WH009,2025-06-09,2025-06-12,2025-06-12,Delivered
PO0006218,SUP0020,WH001,2025-01-28,2025-02-10,2025-02-10,Delivered
PO0006219,SUP0058,WH002,2026-04-26,2026-05-10,2026-05-10,Delivered
PO0006220,SUP0058,WH005,2025-12-19,2025-12-28,2025-12-28,Delivered
PO0006221,SUP0052,WH007,2026-03-05,2026-03-10,2026-03-10,Delivered
PO0006222,SUP0064,WH001,2025-01-14,2025-01-28,2025-01-28,Delivered
PO0006223,SUP0092,WH007,2026-08-01,2026-08-09,2026-08-09,Delivered
PO0006224,SUP0077,WH003,2026-06-11,2026-06-17,2026-06-19,Delivered
PO0006225,SUP0050,WH008,2025-10-26,2025-11-05,2025-11-05,Delivered
PO0006226,SUP0058,WH004,2026-04-23,2026-04-28,2026-04-28,Delivered
PO0006227,SUP0035,WH009,2025-01-15,2025-01-22,2025-01-22,Delivered
PO0006228,SUP0055,WH001,2026-04-11,2026-04-17,2026-04-18,Delivered
PO0006229,SUP0079,WH010,2025-10-02,2025-10-13,2025-10-18,Delivered
PO0006230,SUP0014,WH006,2026-08-26,2026-09-04,,In Transit
PO0006231,SUP0084,WH002,2026-02-25,2026-03-05,2026-03-13,Delivered
PO0006232,SUP0025,WH005,2026-03-07,2026-03-12,2026-03-12,Delivered
PO0006233,SUP0060,WH001,2025-05-17,2025-05-21,2025-05-21,Delivered
PO0006234,SUP0038,WH005,2025-06-09,2025-06-23,2025-06-23,Delivered
PO0006235,SUP0040,WH002,2025-12-03,2025-12-17,2025-12-20,Delivered
PO0006236,SUP0070,WH002,2026-03-03,2026-03-12,2026-03-12,Delivered
PO0006237,SUP0038,WH009,2026-01-23,2026-02-02,2026-02-03,Delivered
PO0006238,SUP0092,WH004,2026-06-11,2026-06-19,2026-06-19,Delivered
PO0006239,SUP0100,WH003,2026-03-12,2026-03-17,2026-03-17,Delivered
PO0006240,SUP0051,WH007,2025-12-17,2025-12-24,2025-12-24,Delivered
PO0006241,SUP0065,WH005,2026-01-08,2026-01-20,2026-01-20,Delivered
PO0006242,SUP0034,WH009,2025-10-30,2025-11-02,2025-11-04,Delivered
PO0006243,SUP0077,WH005,2025-02-19,2025-03-05,2025-03-06,Delivered
PO0006244,SUP0070,WH007,2026-05-30,2026-06-05,2026-06-10,Delivered
PO0006245,SUP0015,WH002,2025-05-29,2025-06-02,2025-06-03,Delivered
PO0006246,SUP0062,WH010,2026-07-23,2026-07-30,2026-07-30,Delivered
PO0006247,SUP0080,WH002,2025-05-09,2025-05-20,2025-05-20,Delivered
PO0006248,SUP0088,WH006,2025-04-21,2025-04-25,2025-04-25,Delivered
PO0006249,SUP0083,WH002,2025-05-17,2025-05-27,2025-05-28,Delivered
PO0006250,SUP0046,WH006,2025-04-05,2025-04-12,2025-04-15,Delivered
PO0006251,SUP0045,WH007,2026-03-10,2026-03-19,2026-03-19,Delivered
PO0006252,SUP0065,WH010,2026-01-30,2026-02-01,2026-02-01,Cancelled
PO0006253,SUP0043,WH006,2026-01-13,2026-01-18,2026-01-19,Delivered
PO0006254,SUP0082,WH002,2025-11-26,2025-11-29,2025-11-29,Delivered
PO0006255,SUP0035,WH009,2025-11-18,2025-11-23,2025-11-23,Delivered
PO0006256,SUP0067,WH007,2026-05-22,2026-05-26,2026-05-28,Delivered
PO0006257,SUP0009,WH002,2025-03-27,2025-04-10,2025-04-12,Delivered
PO0006258,SUP0094,WH006,2025-08-22,2025-08-24,2025-08-24,Delivered
PO0006259,SUP0014,WH006,2025-09-22,2025-10-03,2025-10-05,Delivered
PO0006260,SUP0010,WH006,2026-08-08,2026-08-20,2026-08-20,Delivered
PO0006261,SUP0078,WH001,2025-11-24,2025-11-28,2025-11-28,Delivered
PO0006262,SUP0078,WH005,2025-04-14,2025-04-28,2025-04-28,Delivered
PO0006263,SUP0062,WH005,2026-07-09,2026-07-21,2026-07-23,Delivered
PO0006264,SUP0034,WH008,2025-06-13,2025-06-22,2025-06-25,Delivered
PO0006265,SUP0083,WH005,2025-10-18,2025-10-20,2025-10-21,Delivered
PO0006266,SUP0035,WH007,2026-08-18,2026-08-20,2026-08-21,Delivered
PO0006267,SUP0026,WH009,2025-07-28,2025-08-03,2025-08-03,Delivered
PO0006268,SUP0020,WH007,2026-01-02,2026-01-07,2026-01-07,Delivered
PO0006269,SUP0033,WH010,2025-11-30,2025-12-09,2025-12-14,Delivered
PO0006270,SUP0057,WH001,2026-08-20,2026-08-26,2026-08-26,Delivered
PO0006271,SUP0094,WH001,2026-06-26,2026-07-08,2026-07-10,Delivered
PO0006272,SUP0024,WH002,2026-05-21,2026-05-29,2026-06-03,Delivered
PO0006273,SUP0033,WH007,2026-08-11,2026-08-19,2026-08-21,Delivered
PO0006274,SUP0044,WH010,2025-04-09,2025-04-22,2025-04-27,Delivered
PO0006275,SUP0037,WH009,2025-12-22,2026-01-04,2026-01-04,Cancelled
PO0006276,SUP0051,WH009,2026-08-13,2026-08-20,2026-08-22,Delivered
PO0006277,SUP0021,WH004,2025-06-15,2025-06-26,2025-06-26,Delivered
PO0006278,SUP0083,WH004,2025-09-19,2025-09-26,2025-09-26,Delivered
PO0006279,SUP0072,WH003,2026-08-17,2026-08-19,2026-08-19,Delivered
PO0006280,SUP0066,WH006,2026-08-21,2026-08-29,,In Transit
PO0006281,SUP0097,WH005,2025-02-27,2025-03-13,2025-03-13,Delivered
PO0006282,SUP0081,WH009,2025-11-15,2025-11-18,2025-11-20,Delivered
PO0006283,SUP0065,WH002,2026-03-29,2026-04-04,2026-04-04,Delivered
PO0006284,SUP0059,WH006,2025-12-16,2025-12-20,2025-12-20,Delivered
PO0006285,SUP0054,WH007,2025-05-04,2025-05-14,2025-05-14,Delivered
PO0006286,SUP0093,WH005,2026-01-09,2026-01-15,2026-01-15,Delivered
PO0006287,SUP0082,WH001,2025-04-14,2025-04-24,2025-04-24,Delivered
PO0006288,SUP0026,WH009,2025-05-01,2025-05-06,2025-05-08,Delivered
PO0006289,SUP0054,WH010,2026-06-03,2026-06-16,2026-06-19,Delivered
PO0006290,SUP0055,WH003,2025-08-15,2025-08-29,2025-08-29,Delivered
PO0006291,SUP0058,WH007,2026-03-05,2026-03-16,2026-03-24,Delivered
PO0006292,SUP0008,WH010,2025-04-05,2025-04-07,2025-04-10,Delivered
PO0006293,SUP0095,WH003,2025-02-23,2025-03-09,2025-03-09,Delivered
PO0006294,SUP0058,WH006,2025-08-27,2025-09-09,2025-09-09,Delivered
PO0006295,SUP0082,WH002,2026-06-26,2026-07-04,2026-07-06,Delivered
PO0006296,SUP0056,WH003,2025-12-26,2026-01-01,2026-01-03,Delivered
PO0006297,SUP0049,WH006,2025-11-02,2025-11-10,2025-11-10,Delivered
PO0006298,SUP0048,WH008,2025-08-13,2025-08-16,2025-08-16,Delivered
PO0006299,SUP0097,WH005,2026-01-21,2026-01-26,2026-01-26,Cancelled
PO0006300,SUP0032,WH008,2025-10-02,2025-10-14,2025-10-16,Delivered
PO0006301,SUP0095,WH009,2025-10-22,2025-10-24,2025-10-24,Delivered
PO0006302,SUP0045,WH004,2025-03-12,2025-03-17,2025-03-19,Delivered
PO0006303,SUP0087,WH004,2025-07-13,2025-07-27,2025-07-30,Delivered
PO0006304,SUP0051,WH004,2026-07-25,2026-08-05,2026-08-08,Delivered
PO0006305,SUP0097,WH004,2025-06-18,2025-06-20,2025-06-20,Delivered
PO0006306,SUP0005,WH007,2025-12-19,2026-01-01,2026-01-01,Delivered
PO0006307,SUP0009,WH003,2026-03-19,2026-03-25,2026-03-28,Delivered
PO0006308,SUP0088,WH001,2025-11-15,2025-11-28,2025-11-28,Delivered
PO0006309,SUP0067,WH005,2025-08-11,2025-08-14,2025-08-16,Delivered
PO0006310,SUP0051,WH008,2025-01-02,2025-01-16,2025-01-17,Delivered
PO0006311,SUP0041,WH005,2025-12-12,2025-12-18,2025-12-20,Delivered
PO0006312,SUP0001,WH006,2025-01-25,2025-01-27,2025-02-01,Delivered
PO0006313,SUP0067,WH002,2025-08-06,2025-08-19,2025-08-22,Delivered
PO0006314,SUP0036,WH004,2025-07-26,2025-08-06,2025-08-08,Delivered
PO0006315,SUP0070,WH007,2025-12-05,2025-12-17,2025-12-20,Delivered
PO0006316,SUP0069,WH003,2026-05-09,2026-05-20,2026-05-20,Delivered
PO0006317,SUP0092,WH008,2026-07-22,2026-07-28,2026-07-28,Delivered
PO0006318,SUP0087,WH009,2026-03-01,2026-03-14,2026-03-17,Delivered
PO0006319,SUP0087,WH003,2025-05-11,2025-05-23,2025-05-23,Delivered
PO0006320,SUP0098,WH006,2026-01-12,2026-01-24,2026-01-24,Delivered
PO0006321,SUP0047,WH002,2026-06-12,2026-06-20,2026-06-22,Delivered
PO0006322,SUP0063,WH008,2025-09-17,2025-10-01,2025-10-06,Cancelled
PO0006323,SUP0100,WH001,2026-07-14,2026-07-26,2026-07-26,Delivered
PO0006324,SUP0080,WH010,2025-09-21,2025-10-01,2025-10-01,Delivered
PO0006325,SUP0060,WH001,2025-07-27,2025-08-01,2025-08-01,Delivered
PO0006326,SUP0025,WH008,2025-11-16,2025-11-22,2025-11-22,Delivered
PO0006327,SUP0071,WH007,2026-08-04,2026-08-18,2026-08-19,Delivered
PO0006328,SUP0066,WH005,2026-07-09,2026-07-23,2026-07-26,Delivered
PO0006329,SUP0078,WH007,2025-11-30,2025-12-06,2025-12-11,Delivered
PO0006330,SUP0071,WH005,2025-04-23,2025-04-28,2025-04-30,Delivered
PO0006331,SUP0001,WH010,2025-07-18,2025-08-01,2025-08-03,Delivered
PO0006332,SUP0010,WH008,2025-04-27,2025-05-10,2025-05-13,Cancelled
PO0006333,SUP0062,WH001,2025-09-17,2025-09-20,2025-09-20,Delivered
PO0006334,SUP0096,WH007,2026-02-03,2026-02-08,2026-02-08,Delivered
PO0006335,SUP0035,WH009,2026-04-21,2026-04-23,2026-04-24,Delivered
PO0006336,SUP0036,WH007,2025-08-25,2025-09-04,2025-09-05,Delivered
PO0006337,SUP0076,WH005,2025-08-08,2025-08-21,2025-08-21,Delivered
PO0006338,SUP0081,WH009,2025-06-19,2025-06-28,2025-06-28,Delivered
PO0006339,SUP0038,WH009,2025-03-25,2025-03-29,2025-04-03,Delivered
PO0006340,SUP0018,WH002,2025-08-15,2025-08-19,2025-08-19,Delivered
PO0006341,SUP0009,WH007,2025-04-21,2025-04-23,2025-04-23,Delivered
PO0006342,SUP0054,WH001,2025-03-23,2025-03-26,2025-03-27,Delivered
PO0006343,SUP0082,WH008,2025-04-21,2025-04-23,2025-04-23,Delivered
PO0006344,SUP0095,WH001,2025-07-04,2025-07-18,2025-07-21,Delivered
PO0006345,SUP0098,WH003,2025-01-05,2025-01-14,2025-01-14,Delivered
PO0006346,SUP0063,WH007,2025-02-14,2025-02-18,2025-02-18,Delivered
PO0006347,SUP0019,WH001,2025-10-16,2025-10-20,2025-10-21,Cancelled
PO0006348,SUP0100,WH004,2026-03-07,2026-03-16,2026-03-16,Delivered
PO0006349,SUP0074,WH005,2026-08-11,2026-08-24,2026-08-24,Cancelled
PO0006350,SUP0054,WH006,2025-02-04,2025-02-12,2025-02-14,Delivered
PO0006351,SUP0033,WH008,2025-05-25,2025-05-29,2025-05-29,Delivered
PO0006352,SUP0014,WH004,2025-02-10,2025-02-20,2025-02-20,Delivered
PO0006353,SUP0043,WH005,2025-05-23,2025-06-03,2025-06-04,Delivered
PO0006354,SUP0019,WH005,2025-05-27,2025-06-10,2025-06-10,Delivered
PO0006355,SUP0027,WH006,2026-03-23,2026-04-06,2026-04-14,Delivered
PO0006356,SUP0088,WH005,2025-10-07,2025-10-11,2025-10-13,Delivered
PO0006357,SUP0039,WH007,2025-07-17,2025-07-26,2025-07-26,Delivered
PO0006358,SUP0078,WH010,2026-08-15,2026-08-26,,In Transit
PO0006359,SUP0038,WH010,2025-09-20,2025-10-03,2025-10-08,Delivered
PO0006360,SUP0073,WH009,2026-07-07,2026-07-13,2026-07-13,Delivered
PO0006361,SUP0058,WH004,2026-04-24,2026-04-30,2026-04-30,Delivered
PO0006362,SUP0071,WH002,2025-10-27,2025-11-10,2025-11-10,Delivered
PO0006363,SUP0010,WH007,2025-11-07,2025-11-15,2025-11-15,Delivered
PO0006364,SUP0099,WH001,2026-05-01,2026-05-15,2026-05-15,Delivered
PO0006365,SUP0036,WH007,2025-11-04,2025-11-18,2025-11-18,Delivered
PO0006366,SUP0001,WH009,2025-12-03,2025-12-13,2025-12-13,Delivered
PO0006367,SUP0047,WH007,2025-06-20,2025-07-02,2025-07-03,Delivered
PO0006368,SUP0059,WH010,2025-09-22,2025-10-05,2025-10-05,Delivered
PO0006369,SUP0024,WH010,2025-05-04,2025-05-13,2025-05-15,Delivered
PO0006370,SUP0090,WH003,2025-04-30,2025-05-09,2025-05-10,Delivered
PO0006371,SUP0044,WH006,2025-07-30,2025-08-12,2025-08-13,Delivered
PO0006372,SUP0063,WH005,2025-01-24,2025-02-03,2025-02-03,Delivered
PO0006373,SUP0005,WH008,2025-01-18,2025-01-21,2025-01-23,Delivered
PO0006374,SUP0086,WH008,2026-05-30,2026-06-09,2026-06-17,Delivered
PO0006375,SUP0036,WH010,2026-02-22,2026-02-27,2026-03-02,Delivered
PO0006376,SUP0027,WH007,2026-08-17,2026-08-28,,In Transit
PO0006377,SUP0025,WH008,2025-01-30,2025-02-07,2025-02-09,Delivered
PO0006378,SUP0058,WH004,2025-03-01,2025-03-04,2025-03-04,Cancelled
PO0006379,SUP0056,WH003,2026-07-29,2026-08-10,2026-08-18,Delivered
PO0006380,SUP0037,WH004,2025-09-11,2025-09-25,2025-09-30,Delivered
PO0006381,SUP0083,WH007,2025-06-26,2025-07-02,2025-07-02,Delivered
PO0006382,SUP0093,WH002,2025-11-27,2025-12-06,2025-12-11,Delivered
PO0006383,SUP0055,WH008,2025-05-09,2025-05-23,2025-05-23,Delivered
PO0006384,SUP0007,WH007,2025-09-11,2025-09-15,2025-09-16,Delivered
PO0006385,SUP0059,WH003,2025-09-25,2025-10-09,2025-10-14,Delivered
PO0006386,SUP0099,WH010,2025-01-20,2025-01-29,2025-02-03,Delivered
PO0006387,SUP0082,WH007,2026-01-23,2026-01-29,2026-01-30,Delivered
PO0006388,SUP0084,WH010,2025-08-01,2025-08-15,2025-08-15,Delivered
PO0006389,SUP0080,WH004,2026-03-05,2026-03-07,2026-03-08,Delivered
PO0006390,SUP0089,WH009,2025-09-13,2025-09-19,2025-09-21,Delivered
PO0006391,SUP0100,WH009,2026-03-12,2026-03-21,2026-03-21,Delivered
PO0006392,SUP0089,WH007,2025-10-14,2025-10-26,2025-10-26,Delivered
PO0006393,SUP0003,WH003,2026-05-02,2026-05-16,2026-05-16,Delivered
PO0006394,SUP0005,WH005,2025-05-29,2025-06-02,2025-06-05,Delivered
PO0006395,SUP0020,WH002,2025-08-25,2025-08-27,2025-08-27,Delivered
PO0006396,SUP0066,WH007,2025-05-12,2025-05-19,2025-05-19,Delivered
PO0006397,SUP0086,WH004,2026-04-01,2026-04-13,2026-04-14,Delivered
PO0006398,SUP0003,WH001,2025-09-05,2025-09-09,2025-09-14,Delivered
PO0006399,SUP0052,WH010,2026-02-17,2026-02-27,2026-02-27,Delivered
PO0006400,SUP0017,WH003,2025-08-15,2025-08-27,2025-08-28,Delivered
PO0006401,SUP0020,WH003,2025-10-06,2025-10-10,2025-10-10,Delivered
PO0006402,SUP0098,WH007,2025-11-24,2025-12-06,2025-12-09,Delivered
PO0006403,SUP0098,WH002,2026-01-18,2026-01-24,2026-01-24,Delivered
PO0006404,SUP0097,WH007,2026-07-30,2026-08-02,2026-08-07,Delivered
PO0006405,SUP0094,WH002,2025-07-08,2025-07-10,2025-07-13,Delivered
PO0006406,SUP0008,WH006,2026-03-02,2026-03-04,2026-03-05,Delivered
PO0006407,SUP0016,WH006,2026-01-28,2026-01-31,2026-01-31,Delivered
PO0006408,SUP0072,WH007,2026-07-29,2026-08-01,2026-08-01,Delivered
PO0006409,SUP0004,WH002,2026-07-13,2026-07-18,2026-07-18,Delivered
PO0006410,SUP0039,WH010,2025-10-18,2025-10-23,2025-10-23,Delivered
PO0006411,SUP0004,WH002,2025-06-27,2025-07-02,2025-07-02,Delivered
PO0006412,SUP0089,WH009,2026-08-16,2026-08-21,2026-08-21,Delivered
PO0006413,SUP0041,WH006,2026-05-17,2026-05-25,2026-05-30,Delivered
PO0006414,SUP0042,WH010,2025-12-04,2025-12-11,2025-12-11,Cancelled
PO0006415,SUP0025,WH007,2025-12-14,2025-12-25,2025-12-30,Delivered
PO0006416,SUP0079,WH010,2026-02-14,2026-02-17,2026-02-18,Delivered
PO0006417,SUP0052,WH010,2025-05-16,2025-05-19,2025-05-20,Delivered
PO0006418,SUP0048,WH001,2026-08-25,2026-09-06,,In Transit
PO0006419,SUP0046,WH009,2025-06-19,2025-06-22,2025-06-22,Delivered
PO0006420,SUP0074,WH004,2026-03-02,2026-03-04,2026-03-04,Delivered
PO0006421,SUP0084,WH008,2026-06-11,2026-06-17,2026-06-25,Delivered
PO0006422,SUP0033,WH007,2025-08-08,2025-08-16,2025-08-19,Delivered
PO0006423,SUP0020,WH008,2025-01-18,2025-01-20,2025-01-20,Delivered
PO0006424,SUP0095,WH008,2025-12-17,2025-12-21,2025-12-21,Delivered
PO0006425,SUP0069,WH008,2025-07-05,2025-07-18,2025-07-18,Delivered
PO0006426,SUP0060,WH001,2026-08-01,2026-08-05,2026-08-05,Delivered
PO0006427,SUP0071,WH009,2026-03-12,2026-03-16,2026-03-21,Delivered
PO0006428,SUP0070,WH008,2026-04-20,2026-05-04,2026-05-04,Delivered
PO0006429,SUP0097,WH010,2026-03-18,2026-03-23,2026-03-23,Delivered
PO0006430,SUP0087,WH003,2026-03-25,2026-03-27,2026-03-27,Delivered
PO0006431,SUP0054,WH007,2025-08-08,2025-08-14,2025-08-14,Delivered
PO0006432,SUP0055,WH001,2026-04-04,2026-04-15,2026-04-15,Delivered
PO0006433,SUP0041,WH007,2025-05-24,2025-05-31,2025-06-05,Delivered
PO0006434,SUP0022,WH008,2025-02-20,2025-02-25,2025-02-25,Delivered
PO0006435,SUP0063,WH005,2025-01-12,2025-01-17,2025-01-17,Delivered
PO0006436,SUP0045,WH005,2025-02-27,2025-03-03,2025-03-03,Delivered
PO0006437,SUP0042,WH004,2025-09-27,2025-10-01,2025-10-06,Delivered
PO0006438,SUP0032,WH005,2025-11-19,2025-11-26,2025-11-26,Delivered
PO0006439,SUP0030,WH002,2026-05-23,2026-06-03,2026-06-06,Delivered
PO0006440,SUP0048,WH002,2025-04-15,2025-04-22,2025-04-27,Delivered
PO0006441,SUP0080,WH006,2026-04-27,2026-05-05,2026-05-05,Delivered
PO0006442,SUP0052,WH008,2026-05-02,2026-05-16,2026-05-21,Delivered
PO0006443,SUP0085,WH006,2025-11-22,2025-11-25,2025-11-28,Delivered
PO0006444,SUP0002,WH004,2025-05-26,2025-05-30,2025-06-02,Delivered
PO0006445,SUP0029,WH007,2025-07-23,2025-08-05,2025-08-07,Delivered
PO0006446,SUP0098,WH008,2026-05-06,2026-05-09,2026-05-09,Delivered
PO0006447,SUP0048,WH005,2025-11-21,2025-12-03,2025-12-03,Delivered
PO0006448,SUP0029,WH001,2025-07-22,2025-08-03,2025-08-06,Delivered
PO0006449,SUP0040,WH005,2025-10-13,2025-10-23,2025-10-23,Delivered
PO0006450,SUP0098,WH008,2025-10-14,2025-10-16,2025-10-16,Delivered
PO0006451,SUP0036,WH010,2025-07-25,2025-07-27,2025-07-27,Delivered
PO0006452,SUP0029,WH006,2026-05-10,2026-05-12,2026-05-13,Delivered
PO0006453,SUP0039,WH008,2025-03-22,2025-04-02,2025-04-03,Delivered
PO0006454,SUP0057,WH010,2026-08-11,2026-08-25,,In Transit
PO0006455,SUP0016,WH008,2025-01-08,2025-01-12,2025-01-14,Delivered
PO0006456,SUP0002,WH007,2026-03-12,2026-03-19,2026-03-24,Delivered
PO0006457,SUP0028,WH003,2026-08-19,2026-08-25,,In Transit
PO0006458,SUP0051,WH003,2026-01-10,2026-01-18,2026-01-23,Delivered
PO0006459,SUP0058,WH007,2025-04-12,2025-04-22,2025-04-22,Delivered
PO0006460,SUP0061,WH003,2026-06-11,2026-06-22,2026-06-25,Delivered
PO0006461,SUP0016,WH004,2025-03-12,2025-03-18,2025-03-19,Delivered
PO0006462,SUP0003,WH010,2025-01-24,2025-02-01,2025-02-01,Delivered
PO0006463,SUP0002,WH002,2026-03-02,2026-03-06,2026-03-08,Delivered
PO0006464,SUP0061,WH003,2026-01-06,2026-01-09,2026-01-10,Delivered
PO0006465,SUP0020,WH005,2026-01-25,2026-01-27,2026-01-27,Delivered
PO0006466,SUP0059,WH007,2025-02-04,2025-02-16,2025-02-16,Delivered
PO0006467,SUP0079,WH009,2025-02-09,2025-02-18,2025-02-18,Delivered
PO0006468,SUP0020,WH006,2025-04-05,2025-04-18,2025-04-23,Delivered
PO0006469,SUP0033,WH001,2025-12-04,2025-12-17,2025-12-17,Delivered
PO0006470,SUP0096,WH002,2026-04-09,2026-04-12,2026-04-14,Delivered
PO0006471,SUP0007,WH001,2025-01-17,2025-01-20,2025-01-21,Delivered
PO0006472,SUP0079,WH001,2025-05-11,2025-05-16,2025-05-18,Delivered
PO0006473,SUP0026,WH002,2026-01-16,2026-01-19,2026-01-19,Cancelled
PO0006474,SUP0050,WH010,2025-07-22,2025-07-30,2025-07-31,Delivered
PO0006475,SUP0052,WH008,2026-06-03,2026-06-17,2026-06-17,Delivered
PO0006476,SUP0040,WH005,2026-05-21,2026-05-23,2026-05-24,Delivered
PO0006477,SUP0089,WH004,2025-09-13,2025-09-19,2025-09-20,Delivered
PO0006478,SUP0100,WH010,2026-04-14,2026-04-24,2026-04-27,Delivered
PO0006479,SUP0020,WH006,2026-02-07,2026-02-17,2026-02-20,Delivered
PO0006480,SUP0005,WH001,2025-12-11,2025-12-23,2025-12-24,Delivered
PO0006481,SUP0093,WH003,2025-09-08,2025-09-19,2025-09-22,Delivered
PO0006482,SUP0098,WH002,2025-12-26,2026-01-06,2026-01-06,Delivered
PO0006483,SUP0052,WH006,2025-09-25,2025-10-04,2025-10-04,Delivered
PO0006484,SUP0072,WH006,2026-06-19,2026-06-23,2026-06-23,Delivered
PO0006485,SUP0019,WH006,2026-07-10,2026-07-18,2026-07-23,Delivered
PO0006486,SUP0099,WH010,2025-10-17,2025-10-22,2025-10-22,Delivered
PO0006487,SUP0046,WH006,2025-04-17,2025-04-23,2025-04-23,Delivered
PO0006488,SUP0091,WH010,2026-02-20,2026-03-06,2026-03-06,Delivered
PO0006489,SUP0035,WH008,2026-03-26,2026-04-02,2026-04-04,Delivered
PO0006490,SUP0097,WH005,2025-08-08,2025-08-10,2025-08-11,Delivered
PO0006491,SUP0073,WH002,2025-05-02,2025-05-12,2025-05-15,Delivered
PO0006492,SUP0037,WH008,2026-06-24,2026-07-05,2026-07-08,Delivered
PO0006493,SUP0047,WH010,2026-04-26,2026-05-09,2026-05-12,Delivered
PO0006494,SUP0035,WH002,2025-04-21,2025-05-03,2025-05-03,Delivered
PO0006495,SUP0091,WH006,2026-04-13,2026-04-20,2026-04-20,Delivered
PO0006496,SUP0004,WH002,2026-05-01,2026-05-07,2026-05-08,Delivered
PO0006497,SUP0001,WH003,2026-02-14,2026-02-23,2026-02-23,Delivered
PO0006498,SUP0088,WH006,2025-10-17,2025-10-21,2025-10-21,Delivered
PO0006499,SUP0094,WH003,2025-01-03,2025-01-11,2025-01-13,Delivered
PO0006500,SUP0030,WH002,2026-04-05,2026-04-10,2026-04-10,Delivered
PO0006501,SUP0026,WH001,2026-02-21,2026-03-05,2026-03-07,Delivered
PO0006502,SUP0099,WH006,2026-04-25,2026-05-06,2026-05-08,Delivered
PO0006503,SUP0097,WH006,2025-06-26,2025-06-28,2025-06-28,Delivered
PO0006504,SUP0012,WH008,2025-08-11,2025-08-23,2025-08-23,Delivered
PO0006505,SUP0063,WH009,2025-02-11,2025-02-13,2025-02-13,Delivered
PO0006506,SUP0081,WH003,2025-08-17,2025-08-23,2025-08-23,Delivered
PO0006507,SUP0011,WH001,2026-04-30,2026-05-04,2026-05-04,Delivered
PO0006508,SUP0042,WH004,2025-06-07,2025-06-10,2025-06-12,Cancelled
PO0006509,SUP0041,WH010,2026-05-09,2026-05-15,2026-05-18,Delivered
PO0006510,SUP0051,WH006,2026-04-12,2026-04-16,2026-04-17,Delivered
PO0006511,SUP0048,WH001,2025-02-24,2025-03-03,2025-03-08,Delivered
PO0006512,SUP0097,WH009,2025-09-08,2025-09-17,2025-09-17,Delivered
PO0006513,SUP0094,WH010,2025-06-17,2025-06-27,2025-06-27,Delivered
PO0006514,SUP0056,WH007,2026-04-06,2026-04-17,2026-04-17,Delivered
PO0006515,SUP0040,WH010,2026-03-09,2026-03-17,2026-03-17,Cancelled
PO0006516,SUP0012,WH007,2025-02-09,2025-02-22,2025-02-22,Delivered
PO0006517,SUP0041,WH008,2025-03-14,2025-03-21,2025-03-21,Delivered
PO0006518,SUP0022,WH007,2025-06-20,2025-06-23,2025-06-24,Delivered
PO0006519,SUP0072,WH008,2025-02-09,2025-02-18,2025-02-18,Delivered
PO0006520,SUP0095,WH004,2025-07-18,2025-07-24,2025-07-26,Delivered
PO0006521,SUP0010,WH007,2026-06-08,2026-06-14,2026-06-14,Delivered
PO0006522,SUP0068,WH008,2025-11-13,2025-11-15,2025-11-15,Delivered
PO0006523,SUP0080,WH006,2026-06-26,2026-07-06,2026-07-06,Delivered
PO0006524,SUP0094,WH008,2026-03-20,2026-03-27,2026-03-27,Delivered
PO0006525,SUP0079,WH006,2025-05-16,2025-05-30,2025-06-02,Delivered
PO0006526,SUP0081,WH008,2025-02-12,2025-02-19,2025-02-19,Delivered
PO0006527,SUP0076,WH009,2025-08-14,2025-08-28,2025-08-28,Delivered
PO0006528,SUP0011,WH006,2025-06-15,2025-06-21,2025-06-21,Delivered
PO0006529,SUP0094,WH009,2026-01-06,2026-01-20,2026-01-22,Delivered
PO0006530,SUP0024,WH009,2026-04-12,2026-04-24,2026-04-25,Delivered
PO0006531,SUP0005,WH001,2025-06-08,2025-06-13,2025-06-13,Delivered
PO0006532,SUP0047,WH009,2026-01-01,2026-01-11,2026-01-16,Delivered
PO0006533,SUP0034,WH006,2026-08-05,2026-08-12,2026-08-13,Delivered
PO0006534,SUP0049,WH006,2025-01-24,2025-01-29,2025-01-29,Delivered
PO0006535,SUP0022,WH002,2025-07-27,2025-08-06,2025-08-06,Delivered
PO0006536,SUP0017,WH002,2025-01-04,2025-01-13,2025-01-14,Cancelled
PO0006537,SUP0073,WH005,2025-08-09,2025-08-11,2025-08-11,Delivered
PO0006538,SUP0022,WH010,2025-11-10,2025-11-19,2025-11-19,Delivered
PO0006539,SUP0038,WH010,2026-08-23,2026-09-02,,In Transit
PO0006540,SUP0099,WH003,2026-03-10,2026-03-23,2026-03-23,Delivered
PO0006541,SUP0009,WH001,2025-08-15,2025-08-25,2025-08-25,Delivered
PO0006542,SUP0003,WH003,2026-06-17,2026-06-25,2026-06-25,Delivered
PO0006543,SUP0042,WH006,2025-02-10,2025-02-15,2025-02-15,Delivered
PO0006544,SUP0021,WH003,2025-04-08,2025-04-13,2025-04-21,Delivered
PO0006545,SUP0058,WH006,2025-09-08,2025-09-17,2025-09-17,Delivered
PO0006546,SUP0047,WH004,2025-12-24,2026-01-03,2026-01-03,Delivered
PO0006547,SUP0029,WH003,2025-09-19,2025-09-24,2025-09-24,Delivered
PO0006548,SUP0095,WH006,2025-04-05,2025-04-15,2025-04-15,Delivered
PO0006549,SUP0084,WH001,2025-06-18,2025-06-22,2025-06-24,Delivered
PO0006550,SUP0054,WH009,2025-04-23,2025-05-02,2025-05-02,Delivered
PO0006551,SUP0040,WH003,2025-08-02,2025-08-11,2025-08-11,Delivered
PO0006552,SUP0072,WH010,2026-05-20,2026-05-24,2026-05-25,Delivered
PO0006553,SUP0062,WH004,2025-01-14,2025-01-16,2025-01-16,Delivered
PO0006554,SUP0057,WH002,2025-03-31,2025-04-04,2025-04-07,Delivered
PO0006555,SUP0011,WH003,2025-08-25,2025-08-29,2025-09-03,Delivered
PO0006556,SUP0073,WH004,2026-04-25,2026-04-27,2026-04-27,Delivered
PO0006557,SUP0093,WH002,2025-01-09,2025-01-13,2025-01-14,Delivered
PO0006558,SUP0075,WH004,2026-06-28,2026-07-03,2026-07-03,Delivered
PO0006559,SUP0095,WH009,2025-06-20,2025-06-24,2025-06-24,Delivered
PO0006560,SUP0040,WH008,2026-07-12,2026-07-17,2026-07-17,Delivered
PO0006561,SUP0047,WH010,2026-06-13,2026-06-25,2026-06-30,Delivered
PO0006562,SUP0080,WH009,2025-06-20,2025-06-28,2025-06-28,Delivered
PO0006563,SUP0065,WH005,2026-04-24,2026-04-27,2026-04-29,Delivered
PO0006564,SUP0046,WH008,2026-05-16,2026-05-20,2026-05-20,Delivered
PO0006565,SUP0003,WH003,2025-09-09,2025-09-11,2025-09-13,Delivered
PO0006566,SUP0029,WH008,2025-08-09,2025-08-16,2025-08-19,Delivered
PO0006567,SUP0099,WH004,2025-04-18,2025-04-24,2025-04-29,Delivered
PO0006568,SUP0084,WH001,2026-08-04,2026-08-09,2026-08-11,Delivered
PO0006569,SUP0097,WH004,2025-01-04,2025-01-15,2025-01-16,Delivered
PO0006570,SUP0041,WH010,2026-07-23,2026-07-29,2026-07-29,Delivered
PO0006571,SUP0062,WH004,2026-08-09,2026-08-14,2026-08-15,Delivered
PO0006572,SUP0022,WH001,2025-11-04,2025-11-17,2025-11-17,Delivered
PO0006573,SUP0087,WH003,2025-01-31,2025-02-08,2025-02-08,Delivered
PO0006574,SUP0004,WH007,2025-12-08,2025-12-21,2025-12-22,Delivered
PO0006575,SUP0069,WH004,2025-01-15,2025-01-28,2025-01-28,Delivered
PO0006576,SUP0051,WH004,2025-10-29,2025-11-12,2025-11-12,Delivered
PO0006577,SUP0052,WH004,2025-11-16,2025-11-29,2025-11-29,Delivered
PO0006578,SUP0044,WH002,2026-03-13,2026-03-16,2026-03-16,Delivered
PO0006579,SUP0085,WH008,2025-10-29,2025-11-05,2025-11-05,Delivered
PO0006580,SUP0100,WH010,2026-03-16,2026-03-20,2026-03-20,Delivered
PO0006581,SUP0033,WH002,2025-06-16,2025-06-23,2025-06-23,Delivered
PO0006582,SUP0026,WH007,2025-04-14,2025-04-16,2025-04-21,Delivered
PO0006583,SUP0090,WH001,2025-09-04,2025-09-09,2025-09-09,Delivered
PO0006584,SUP0069,WH005,2026-07-26,2026-08-01,2026-08-01,Delivered
PO0006585,SUP0014,WH008,2026-01-29,2026-02-01,2026-02-06,Delivered
PO0006586,SUP0053,WH009,2025-07-06,2025-07-12,2025-07-12,Cancelled
PO0006587,SUP0076,WH010,2026-02-04,2026-02-11,2026-02-11,Delivered
PO0006588,SUP0024,WH002,2026-05-29,2026-06-11,2026-06-14,Delivered
PO0006589,SUP0061,WH002,2025-03-30,2025-04-12,2025-04-12,Delivered
PO0006590,SUP0019,WH006,2026-08-09,2026-08-12,2026-08-12,Delivered
PO0006591,SUP0099,WH004,2025-08-05,2025-08-18,2025-08-18,Delivered
PO0006592,SUP0094,WH005,2025-01-05,2025-01-15,2025-01-15,Delivered
PO0006593,SUP0097,WH010,2026-01-03,2026-01-08,2026-01-08,Delivered
PO0006594,SUP0030,WH003,2025-01-26,2025-02-02,2025-02-02,Delivered
PO0006595,SUP0084,WH008,2025-11-17,2025-11-22,2025-11-25,Delivered
PO0006596,SUP0017,WH009,2026-04-08,2026-04-13,2026-04-15,Delivered
PO0006597,SUP0087,WH009,2026-02-27,2026-03-11,2026-03-13,Delivered
PO0006598,SUP0097,WH007,2025-07-14,2025-07-17,2025-07-18,Delivered
PO0006599,SUP0011,WH006,2025-01-04,2025-01-06,2025-01-08,Delivered
PO0006600,SUP0092,WH001,2025-06-30,2025-07-04,2025-07-09,Delivered
PO0006601,SUP0011,WH010,2025-05-15,2025-05-23,2025-05-31,Delivered
PO0006602,SUP0082,WH002,2025-05-30,2025-06-05,2025-06-06,Delivered
PO0006603,SUP0055,WH009,2026-01-23,2026-02-04,2026-02-04,Delivered
PO0006604,SUP0033,WH002,2025-10-26,2025-11-02,2025-11-07,Delivered
PO0006605,SUP0070,WH003,2025-04-30,2025-05-12,2025-05-12,Delivered
PO0006606,SUP0085,WH009,2026-08-09,2026-08-23,2026-08-23,Delivered
PO0006607,SUP0051,WH004,2025-06-21,2025-06-30,2025-06-30,Delivered
PO0006608,SUP0033,WH001,2026-05-05,2026-05-09,2026-05-09,Delivered
PO0006609,SUP0004,WH009,2025-07-22,2025-07-24,2025-07-24,Delivered
PO0006610,SUP0076,WH002,2025-07-07,2025-07-13,2025-07-16,Delivered
PO0006611,SUP0012,WH010,2025-06-22,2025-06-28,2025-07-01,Delivered
PO0006612,SUP0018,WH003,2025-03-01,2025-03-03,2025-03-04,Delivered
PO0006613,SUP0013,WH003,2025-05-25,2025-06-06,2025-06-06,Delivered
PO0006614,SUP0050,WH002,2026-05-28,2026-06-02,2026-06-07,Delivered
PO0006615,SUP0043,WH010,2025-05-31,2025-06-03,2025-06-03,Delivered
PO0006616,SUP0031,WH002,2025-05-12,2025-05-24,2025-05-24,Delivered
PO0006617,SUP0024,WH002,2026-02-10,2026-02-19,2026-02-19,Delivered
PO0006618,SUP0093,WH009,2025-04-16,2025-04-24,2025-04-24,Delivered
PO0006619,SUP0031,WH002,2025-04-20,2025-04-22,2025-04-23,Delivered
PO0006620,SUP0029,WH001,2025-06-09,2025-06-13,2025-06-13,Delivered
PO0006621,SUP0008,WH001,2025-12-21,2025-12-27,2025-12-28,Delivered
PO0006622,SUP0067,WH002,2025-12-22,2025-12-26,2025-12-27,Delivered
PO0006623,SUP0026,WH009,2025-05-23,2025-05-29,2025-06-06,Delivered
PO0006624,SUP0045,WH004,2025-02-05,2025-02-19,2025-02-19,Delivered
PO0006625,SUP0023,WH001,2026-04-11,2026-04-21,2026-04-21,Delivered
PO0006626,SUP0005,WH010,2025-07-16,2025-07-23,2025-07-23,Delivered
PO0006627,SUP0009,WH001,2025-04-18,2025-04-22,2025-04-22,Delivered
PO0006628,SUP0057,WH010,2026-06-15,2026-06-25,2026-06-28,Delivered
PO0006629,SUP0055,WH002,2026-05-18,2026-05-25,2026-05-25,Delivered
PO0006630,SUP0053,WH003,2025-03-04,2025-03-18,2025-03-20,Cancelled
PO0006631,SUP0054,WH001,2025-12-12,2025-12-14,2025-12-15,Delivered
PO0006632,SUP0097,WH010,2026-02-25,2026-02-28,2026-02-28,Delivered
PO0006633,SUP0065,WH006,2025-08-24,2025-09-05,2025-09-06,Delivered
PO0006634,SUP0061,WH009,2025-01-07,2025-01-21,2025-01-24,Delivered
PO0006635,SUP0051,WH004,2026-01-31,2026-02-04,2026-02-04,Delivered
PO0006636,SUP0031,WH010,2026-05-13,2026-05-15,2026-05-15,Delivered
PO0006637,SUP0044,WH006,2026-01-20,2026-01-28,2026-01-28,Delivered
PO0006638,SUP0095,WH006,2025-10-01,2025-10-08,2025-10-08,Delivered
PO0006639,SUP0017,WH001,2025-09-04,2025-09-06,2025-09-06,Delivered
PO0006640,SUP0024,WH004,2025-10-09,2025-10-18,2025-10-18,Delivered
PO0006641,SUP0100,WH005,2026-03-08,2026-03-10,2026-03-12,Delivered
PO0006642,SUP0036,WH005,2025-10-12,2025-10-26,2025-10-26,Delivered
PO0006643,SUP0004,WH003,2025-11-09,2025-11-13,2025-11-13,Delivered
PO0006644,SUP0004,WH008,2025-02-25,2025-03-03,2025-03-06,Delivered
PO0006645,SUP0098,WH002,2025-02-05,2025-02-08,2025-02-08,Delivered
PO0006646,SUP0029,WH007,2025-06-17,2025-06-19,2025-06-19,Delivered
PO0006647,SUP0076,WH004,2025-10-19,2025-10-30,2025-11-01,Delivered
PO0006648,SUP0035,WH006,2025-09-23,2025-10-04,2025-10-04,Delivered
PO0006649,SUP0009,WH008,2025-05-22,2025-06-05,2025-06-05,Delivered
PO0006650,SUP0075,WH009,2026-05-16,2026-05-18,2026-05-20,Delivered
PO0006651,SUP0011,WH004,2025-05-07,2025-05-15,2025-05-15,Delivered
PO0006652,SUP0049,WH001,2025-10-10,2025-10-18,2025-10-18,Delivered
PO0006653,SUP0024,WH003,2026-05-01,2026-05-14,2026-05-14,Delivered
PO0006654,SUP0080,WH008,2025-02-02,2025-02-11,2025-02-11,Delivered
PO0006655,SUP0090,WH005,2025-10-28,2025-11-06,2025-11-06,Delivered
PO0006656,SUP0015,WH003,2025-06-09,2025-06-17,2025-06-17,Delivered
PO0006657,SUP0090,WH009,2026-05-05,2026-05-12,2026-05-12,Delivered
PO0006658,SUP0008,WH009,2025-07-25,2025-07-29,2025-07-31,Delivered
PO0006659,SUP0026,WH002,2025-07-11,2025-07-19,2025-07-20,Delivered
PO0006660,SUP0076,WH010,2025-06-07,2025-06-11,2025-06-11,Delivered
PO0006661,SUP0021,WH009,2026-04-27,2026-05-05,2026-05-05,Delivered
PO0006662,SUP0089,WH006,2026-07-01,2026-07-11,2026-07-11,Delivered
PO0006663,SUP0064,WH006,2026-01-06,2026-01-17,2026-01-19,Delivered
PO0006664,SUP0071,WH008,2025-11-11,2025-11-21,2025-11-21,Delivered
PO0006665,SUP0067,WH010,2025-02-01,2025-02-08,2025-02-08,Delivered
PO0006666,SUP0029,WH003,2025-12-10,2025-12-22,2025-12-23,Delivered
PO0006667,SUP0065,WH010,2026-05-26,2026-06-03,2026-06-03,Delivered
PO0006668,SUP0003,WH010,2025-08-19,2025-08-31,2025-09-03,Delivered
PO0006669,SUP0064,WH010,2026-02-23,2026-03-06,2026-03-06,Delivered
PO0006670,SUP0010,WH004,2025-05-11,2025-05-23,2025-05-26,Delivered
PO0006671,SUP0030,WH001,2025-11-10,2025-11-17,2025-11-17,Delivered
PO0006672,SUP0093,WH005,2025-04-01,2025-04-13,2025-04-18,Delivered
PO0006673,SUP0018,WH002,2025-07-12,2025-07-23,2025-07-23,Delivered
PO0006674,SUP0049,WH003,2026-06-18,2026-07-01,2026-07-04,Delivered
PO0006675,SUP0044,WH002,2026-01-13,2026-01-27,2026-01-28,Delivered
PO0006676,SUP0047,WH008,2026-06-29,2026-07-05,2026-07-05,Delivered
PO0006677,SUP0066,WH008,2025-12-25,2026-01-03,2026-01-03,Delivered
PO0006678,SUP0084,WH007,2026-01-25,2026-02-03,2026-02-04,Delivered
PO0006679,SUP0034,WH008,2025-07-09,2025-07-11,2025-07-11,Delivered
PO0006680,SUP0043,WH002,2025-12-02,2025-12-12,2025-12-13,Delivered
PO0006681,SUP0015,WH002,2026-06-14,2026-06-25,2026-06-27,Delivered
PO0006682,SUP0050,WH001,2026-07-31,2026-08-04,2026-08-09,Delivered
PO0006683,SUP0082,WH004,2026-05-18,2026-05-26,2026-05-29,Delivered
PO0006684,SUP0027,WH006,2025-12-10,2025-12-22,2025-12-25,Delivered
PO0006685,SUP0079,WH009,2026-03-18,2026-04-01,2026-04-01,Delivered
PO0006686,SUP0010,WH010,2025-01-20,2025-01-29,2025-01-31,Delivered
PO0006687,SUP0100,WH004,2025-01-11,2025-01-20,2025-01-20,Delivered
PO0006688,SUP0064,WH009,2025-05-02,2025-05-16,2025-05-19,Delivered
PO0006689,SUP0091,WH009,2025-04-08,2025-04-18,2025-04-20,Delivered
PO0006690,SUP0029,WH009,2026-05-24,2026-05-30,2026-06-04,Delivered
PO0006691,SUP0074,WH004,2025-11-01,2025-11-15,2025-11-17,Delivered
PO0006692,SUP0091,WH006,2025-11-14,2025-11-25,2025-11-26,Delivered
PO0006693,SUP0047,WH006,2025-01-11,2025-01-21,2025-01-21,Delivered
PO0006694,SUP0083,WH001,2025-02-03,2025-02-05,2025-02-13,Delivered
PO0006695,SUP0004,WH007,2025-03-06,2025-03-11,2025-03-19,Delivered
PO0006696,SUP0007,WH010,2025-09-19,2025-09-26,2025-09-28,Delivered
PO0006697,SUP0053,WH010,2025-12-24,2026-01-05,2026-01-06,Delivered
PO0006698,SUP0096,WH004,2025-12-30,2026-01-04,2026-01-04,Delivered
PO0006699,SUP0020,WH008,2026-07-04,2026-07-14,2026-07-15,Delivered
PO0006700,SUP0007,WH006,2025-11-21,2025-12-03,2025-12-06,Delivered
PO0006701,SUP0074,WH006,2026-01-30,2026-02-09,2026-02-09,Delivered
PO0006702,SUP0069,WH002,2025-05-24,2025-06-04,2025-06-04,Delivered
PO0006703,SUP0038,WH008,2026-06-11,2026-06-20,2026-06-22,Delivered
PO0006704,SUP0070,WH005,2026-02-27,2026-03-05,2026-03-05,Delivered
PO0006705,SUP0037,WH010,2025-10-01,2025-10-10,2025-10-10,Delivered
PO0006706,SUP0073,WH009,2025-11-21,2025-12-03,2025-12-04,Delivered
PO0006707,SUP0084,WH004,2025-01-03,2025-01-09,2025-01-09,Delivered
PO0006708,SUP0007,WH005,2025-08-26,2025-09-06,2025-09-06,Delivered
PO0006709,SUP0007,WH005,2026-04-08,2026-04-13,2026-04-13,Delivered
PO0006710,SUP0093,WH010,2026-04-16,2026-04-30,2026-04-30,Delivered
PO0006711,SUP0040,WH005,2025-01-20,2025-01-26,2025-01-31,Delivered
PO0006712,SUP0061,WH009,2025-01-11,2025-01-21,2025-01-21,Delivered
PO0006713,SUP0056,WH002,2025-09-04,2025-09-09,2025-09-09,Delivered
PO0006714,SUP0086,WH010,2025-10-24,2025-10-30,2025-10-30,Delivered
PO0006715,SUP0009,WH008,2026-03-05,2026-03-14,2026-03-14,Delivered
PO0006716,SUP0016,WH008,2025-09-16,2025-09-23,2025-09-23,Delivered
PO0006717,SUP0065,WH001,2026-03-19,2026-03-29,2026-03-29,Delivered
PO0006718,SUP0012,WH006,2025-07-29,2025-08-08,2025-08-08,Delivered
PO0006719,SUP0037,WH002,2025-06-18,2025-06-24,2025-06-25,Delivered
PO0006720,SUP0058,WH006,2025-09-21,2025-09-24,2025-09-26,Delivered
PO0006721,SUP0062,WH008,2025-08-28,2025-09-05,2025-09-05,Delivered
PO0006722,SUP0092,WH009,2026-04-23,2026-04-28,2026-04-28,Delivered
PO0006723,SUP0097,WH005,2026-04-14,2026-04-21,2026-04-22,Delivered
PO0006724,SUP0078,WH007,2026-07-18,2026-07-30,2026-07-30,Delivered
PO0006725,SUP0068,WH003,2025-02-10,2025-02-15,2025-02-18,Delivered
PO0006726,SUP0024,WH007,2026-03-25,2026-03-27,2026-03-29,Delivered
PO0006727,SUP0077,WH001,2025-07-26,2025-08-04,2025-08-04,Delivered
PO0006728,SUP0017,WH010,2026-04-09,2026-04-14,2026-04-15,Delivered
PO0006729,SUP0006,WH010,2025-05-03,2025-05-15,2025-05-17,Delivered
PO0006730,SUP0086,WH005,2026-07-17,2026-07-27,2026-07-28,Delivered
PO0006731,SUP0077,WH005,2025-07-06,2025-07-14,2025-07-22,Delivered
PO0006732,SUP0081,WH007,2025-04-06,2025-04-20,2025-04-23,Delivered
PO0006733,SUP0038,WH010,2025-05-02,2025-05-10,2025-05-15,Delivered
PO0006734,SUP0087,WH005,2025-07-23,2025-07-31,2025-08-05,Delivered
PO0006735,SUP0077,WH002,2025-06-09,2025-06-20,2025-06-20,Delivered
PO0006736,SUP0095,WH003,2025-10-21,2025-10-31,2025-10-31,Delivered
PO0006737,SUP0074,WH001,2026-06-15,2026-06-25,2026-06-25,Delivered
PO0006738,SUP0072,WH009,2025-12-03,2025-12-10,2025-12-13,Delivered
PO0006739,SUP0079,WH010,2025-12-11,2025-12-13,2025-12-13,Cancelled
PO0006740,SUP0066,WH005,2026-02-06,2026-02-16,2026-02-16,Delivered
PO0006741,SUP0051,WH001,2025-04-25,2025-04-29,2025-04-29,Delivered
PO0006742,SUP0079,WH005,2026-03-31,2026-04-03,2026-04-08,Delivered
PO0006743,SUP0035,WH008,2025-11-10,2025-11-24,2025-11-25,Delivered
PO0006744,SUP0066,WH003,2025-09-08,2025-09-10,2025-09-10,Delivered
PO0006745,SUP0066,WH001,2025-05-03,2025-05-13,2025-05-13,Delivered
PO0006746,SUP0058,WH003,2025-03-17,2025-03-23,2025-03-25,Delivered
PO0006747,SUP0050,WH001,2025-10-21,2025-11-02,2025-11-02,Delivered
PO0006748,SUP0006,WH005,2026-01-12,2026-01-25,2026-01-25,Delivered
PO0006749,SUP0069,WH009,2025-05-10,2025-05-13,2025-05-14,Delivered
PO0006750,SUP0077,WH006,2026-06-06,2026-06-15,2026-06-15,Delivered
PO0006751,SUP0022,WH006,2025-02-14,2025-02-23,2025-02-24,Delivered
PO0006752,SUP0064,WH007,2026-07-05,2026-07-15,2026-07-17,Delivered
PO0006753,SUP0043,WH001,2026-05-17,2026-05-29,2026-05-30,Delivered
PO0006754,SUP0043,WH003,2026-01-27,2026-02-05,2026-02-08,Delivered
PO0006755,SUP0062,WH009,2025-03-12,2025-03-25,2025-03-26,Delivered
PO0006756,SUP0063,WH003,2026-02-07,2026-02-09,2026-02-09,Delivered
PO0006757,SUP0078,WH007,2026-03-05,2026-03-07,2026-03-07,Delivered
PO0006758,SUP0020,WH006,2026-05-24,2026-05-30,2026-05-30,Delivered
PO0006759,SUP0035,WH008,2025-03-06,2025-03-14,2025-03-14,Delivered
PO0006760,SUP0021,WH010,2026-08-11,2026-08-14,2026-08-14,Delivered
PO0006761,SUP0074,WH009,2026-08-20,2026-08-29,,In Transit
PO0006762,SUP0089,WH005,2026-06-02,2026-06-15,2026-06-15,Delivered
PO0006763,SUP0058,WH004,2025-11-25,2025-11-30,2025-11-30,Delivered
PO0006764,SUP0069,WH008,2025-12-27,2025-12-30,2025-12-30,Delivered
PO0006765,SUP0016,WH001,2025-09-13,2025-09-17,2025-09-17,Delivered
PO0006766,SUP0041,WH004,2025-04-24,2025-04-29,2025-04-30,Delivered
PO0006767,SUP0033,WH010,2025-07-23,2025-07-25,2025-07-25,Delivered
PO0006768,SUP0081,WH005,2026-05-05,2026-05-10,2026-05-10,Delivered
PO0006769,SUP0034,WH009,2025-09-21,2025-09-28,2025-09-28,Delivered
PO0006770,SUP0064,WH005,2025-05-23,2025-05-30,2025-05-30,Delivered
PO0006771,SUP0013,WH003,2025-01-25,2025-01-30,2025-01-30,Delivered
PO0006772,SUP0080,WH008,2026-05-15,2026-05-20,2026-05-28,Delivered
PO0006773,SUP0071,WH002,2025-10-07,2025-10-13,2025-10-15,Delivered
PO0006774,SUP0089,WH002,2025-01-19,2025-01-29,2025-01-29,Delivered
PO0006775,SUP0019,WH004,2026-06-04,2026-06-16,2026-06-16,Delivered
PO0006776,SUP0062,WH004,2025-05-11,2025-05-25,2025-05-25,Delivered
PO0006777,SUP0015,WH002,2025-05-06,2025-05-20,2025-05-21,Delivered
PO0006778,SUP0067,WH002,2025-04-26,2025-04-28,2025-04-29,Delivered
PO0006779,SUP0094,WH006,2025-12-29,2026-01-11,2026-01-14,Delivered
PO0006780,SUP0068,WH001,2025-11-11,2025-11-21,2025-11-21,Delivered
PO0006781,SUP0089,WH002,2025-09-20,2025-10-01,2025-10-03,Delivered
PO0006782,SUP0022,WH010,2025-11-08,2025-11-17,2025-11-19,Delivered
PO0006783,SUP0062,WH009,2025-09-16,2025-09-23,2025-09-23,Delivered
PO0006784,SUP0001,WH004,2026-06-29,2026-07-02,2026-07-04,Delivered
PO0006785,SUP0041,WH008,2026-02-10,2026-02-13,2026-02-13,Delivered
PO0006786,SUP0018,WH006,2025-03-23,2025-04-01,2025-04-01,Delivered
PO0006787,SUP0004,WH008,2026-05-31,2026-06-06,2026-06-06,Delivered
PO0006788,SUP0056,WH001,2025-03-22,2025-03-29,2025-03-30,Delivered
PO0006789,SUP0007,WH005,2025-02-20,2025-02-28,2025-02-28,Delivered
PO0006790,SUP0007,WH005,2025-10-28,2025-11-03,2025-11-03,Delivered
PO0006791,SUP0061,WH001,2025-01-20,2025-02-02,2025-02-04,Delivered
PO0006792,SUP0033,WH010,2026-04-03,2026-04-09,2026-04-09,Delivered
PO0006793,SUP0039,WH010,2025-10-12,2025-10-14,2025-10-14,Delivered
PO0006794,SUP0086,WH002,2025-03-29,2025-04-12,2025-04-15,Cancelled
PO0006795,SUP0005,WH004,2025-10-12,2025-10-20,2025-10-20,Delivered
PO0006796,SUP0070,WH005,2025-06-07,2025-06-15,2025-06-20,Delivered
PO0006797,SUP0043,WH008,2025-07-21,2025-08-03,2025-08-03,Delivered
PO0006798,SUP0050,WH010,2026-05-02,2026-05-07,2026-05-07,Delivered
PO0006799,SUP0025,WH003,2026-02-13,2026-02-17,2026-02-20,Delivered
PO0006800,SUP0072,WH003,2026-07-29,2026-08-08,2026-08-08,Delivered
PO0006801,SUP0097,WH006,2026-07-01,2026-07-15,2026-07-20,Delivered
PO0006802,SUP0030,WH001,2025-01-26,2025-02-09,2025-02-09,Delivered
PO0006803,SUP0021,WH005,2025-12-02,2025-12-04,2025-12-04,Delivered
PO0006804,SUP0059,WH004,2025-05-17,2025-05-24,2025-05-24,Delivered
PO0006805,SUP0024,WH005,2025-03-27,2025-04-06,2025-04-06,Delivered
PO0006806,SUP0018,WH009,2025-08-26,2025-09-02,2025-09-04,Delivered
PO0006807,SUP0036,WH007,2025-01-15,2025-01-19,2025-01-19,Delivered
PO0006808,SUP0010,WH007,2025-03-12,2025-03-18,2025-03-20,Delivered
PO0006809,SUP0062,WH006,2025-06-02,2025-06-13,2025-06-13,Delivered
PO0006810,SUP0098,WH002,2025-04-01,2025-04-09,2025-04-10,Delivered
PO0006811,SUP0052,WH006,2025-04-06,2025-04-19,2025-04-19,Delivered
PO0006812,SUP0044,WH005,2025-07-26,2025-08-08,2025-08-08,Delivered
PO0006813,SUP0019,WH003,2026-03-28,2026-04-07,2026-04-08,Delivered
PO0006814,SUP0066,WH001,2025-04-08,2025-04-18,2025-04-18,Delivered
PO0006815,SUP0043,WH001,2025-10-30,2025-11-04,2025-11-04,Delivered
PO0006816,SUP0070,WH010,2026-01-11,2026-01-13,2026-01-13,Delivered
PO0006817,SUP0029,WH003,2025-12-06,2025-12-11,2025-12-16,Delivered
PO0006818,SUP0044,WH002,2026-05-12,2026-05-14,2026-05-14,Delivered
PO0006819,SUP0095,WH010,2026-07-26,2026-08-06,2026-08-06,Delivered
PO0006820,SUP0030,WH002,2025-11-21,2025-12-01,2025-12-06,Delivered
PO0006821,SUP0091,WH003,2026-06-21,2026-07-03,2026-07-05,Delivered
PO0006822,SUP0019,WH002,2025-12-17,2025-12-22,2025-12-22,Delivered
PO0006823,SUP0051,WH007,2025-12-21,2025-12-25,2025-12-27,Delivered
PO0006824,SUP0079,WH003,2026-01-24,2026-02-02,2026-02-02,Delivered
PO0006825,SUP0035,WH008,2025-05-17,2025-05-25,2025-05-25,Delivered
PO0006826,SUP0007,WH003,2026-04-28,2026-05-03,2026-05-03,Delivered
PO0006827,SUP0053,WH006,2025-05-07,2025-05-14,2025-05-14,Delivered
PO0006828,SUP0020,WH005,2026-06-14,2026-06-28,2026-06-29,Delivered
PO0006829,SUP0045,WH002,2025-10-11,2025-10-20,2025-10-20,Delivered
PO0006830,SUP0034,WH007,2025-07-18,2025-07-21,2025-07-21,Delivered
PO0006831,SUP0036,WH010,2026-08-13,2026-08-26,,In Transit
PO0006832,SUP0068,WH010,2026-02-14,2026-02-25,2026-02-28,Delivered
PO0006833,SUP0060,WH009,2025-05-05,2025-05-10,2025-05-18,Delivered
PO0006834,SUP0071,WH010,2025-08-11,2025-08-15,2025-08-17,Delivered
PO0006835,SUP0079,WH008,2026-01-11,2026-01-15,2026-01-15,Delivered
PO0006836,SUP0046,WH003,2026-03-19,2026-03-24,2026-03-24,Delivered
PO0006837,SUP0025,WH010,2025-02-15,2025-02-23,2025-02-24,Delivered
PO0006838,SUP0061,WH002,2026-06-19,2026-07-03,2026-07-06,Delivered
PO0006839,SUP0033,WH006,2026-04-02,2026-04-10,2026-04-10,Delivered
PO0006840,SUP0017,WH001,2025-12-22,2026-01-03,2026-01-05,Delivered
PO0006841,SUP0008,WH010,2026-01-21,2026-02-04,2026-02-12,Delivered
PO0006842,SUP0069,WH010,2025-02-28,2025-03-12,2025-03-13,Delivered
PO0006843,SUP0092,WH008,2025-04-09,2025-04-15,2025-04-17,Delivered
PO0006844,SUP0069,WH006,2025-10-30,2025-11-09,2025-11-09,Delivered
PO0006845,SUP0001,WH004,2025-02-11,2025-02-15,2025-02-18,Delivered
PO0006846,SUP0060,WH003,2025-05-12,2025-05-21,2025-05-21,Delivered
PO0006847,SUP0051,WH008,2025-07-29,2025-08-07,2025-08-09,Delivered
PO0006848,SUP0090,WH008,2025-03-03,2025-03-12,2025-03-15,Delivered
PO0006849,SUP0002,WH008,2025-07-29,2025-07-31,2025-07-31,Delivered
PO0006850,SUP0084,WH005,2025-02-17,2025-02-25,2025-02-27,Delivered
PO0006851,SUP0035,WH004,2026-03-14,2026-03-27,2026-03-27,Delivered
PO0006852,SUP0091,WH009,2025-02-01,2025-02-15,2025-02-17,Delivered
PO0006853,SUP0043,WH006,2025-03-30,2025-04-04,2025-04-06,Delivered
PO0006854,SUP0002,WH010,2026-08-23,2026-09-01,,In Transit
PO0006855,SUP0083,WH009,2025-08-08,2025-08-21,2025-08-23,Delivered
PO0006856,SUP0013,WH009,2026-07-27,2026-08-04,2026-08-04,Delivered
PO0006857,SUP0087,WH010,2025-08-28,2025-09-04,2025-09-04,Delivered
PO0006858,SUP0012,WH010,2025-12-11,2025-12-15,2025-12-16,Delivered
PO0006859,SUP0080,WH006,2026-07-13,2026-07-20,2026-07-23,Delivered
PO0006860,SUP0071,WH008,2026-05-20,2026-05-25,2026-05-25,Delivered
PO0006861,SUP0084,WH006,2026-04-12,2026-04-18,2026-04-19,Delivered
PO0006862,SUP0012,WH002,2026-02-03,2026-02-17,2026-02-17,Delivered
PO0006863,SUP0017,WH001,2026-03-18,2026-03-21,2026-03-21,Delivered
PO0006864,SUP0063,WH008,2025-02-13,2025-02-18,2025-02-18,Delivered
PO0006865,SUP0001,WH010,2025-06-21,2025-07-03,2025-07-03,Delivered
PO0006866,SUP0048,WH002,2026-02-19,2026-03-01,2026-03-04,Delivered
PO0006867,SUP0070,WH006,2026-07-08,2026-07-21,2026-07-21,Delivered
PO0006868,SUP0063,WH002,2025-08-01,2025-08-04,2025-08-05,Delivered
PO0006869,SUP0040,WH005,2025-10-01,2025-10-15,2025-10-16,Delivered
PO0006870,SUP0094,WH005,2025-03-02,2025-03-16,2025-03-18,Delivered
PO0006871,SUP0056,WH002,2026-05-13,2026-05-19,2026-05-19,Delivered
PO0006872,SUP0093,WH006,2025-02-19,2025-02-22,2025-02-22,Delivered
PO0006873,SUP0004,WH008,2025-08-22,2025-09-05,2025-09-05,Delivered
PO0006874,SUP0021,WH007,2026-04-25,2026-04-30,2026-04-30,Delivered
PO0006875,SUP0002,WH009,2026-04-21,2026-04-23,2026-04-23,Delivered
PO0006876,SUP0013,WH010,2025-07-09,2025-07-15,2025-07-17,Delivered
PO0006877,SUP0007,WH010,2025-09-11,2025-09-13,2025-09-18,Delivered
PO0006878,SUP0057,WH003,2026-04-07,2026-04-21,2026-04-23,Delivered
PO0006879,SUP0014,WH004,2026-06-14,2026-06-27,2026-06-30,Delivered
PO0006880,SUP0042,WH001,2025-06-23,2025-06-25,2025-06-25,Delivered
PO0006881,SUP0091,WH007,2026-01-18,2026-01-21,2026-01-21,Delivered
PO0006882,SUP0062,WH005,2025-06-09,2025-06-22,2025-06-22,Delivered
PO0006883,SUP0032,WH005,2026-07-19,2026-08-01,2026-08-06,Delivered
PO0006884,SUP0032,WH009,2025-05-24,2025-05-30,2025-05-30,Delivered
PO0006885,SUP0048,WH004,2025-07-25,2025-07-31,2025-07-31,Delivered
PO0006886,SUP0090,WH007,2025-09-06,2025-09-14,2025-09-17,Delivered
PO0006887,SUP0078,WH009,2025-04-18,2025-04-22,2025-04-22,Delivered
PO0006888,SUP0045,WH002,2026-02-05,2026-02-18,2026-02-18,Delivered
PO0006889,SUP0003,WH004,2025-02-03,2025-02-10,2025-02-10,Delivered
PO0006890,SUP0094,WH001,2026-07-01,2026-07-06,2026-07-08,Delivered
PO0006891,SUP0037,WH010,2025-02-07,2025-02-17,2025-02-17,Delivered
PO0006892,SUP0078,WH004,2025-10-23,2025-10-25,2025-10-25,Delivered
PO0006893,SUP0044,WH003,2026-02-01,2026-02-12,2026-02-12,Delivered
PO0006894,SUP0001,WH001,2025-01-27,2025-02-03,2025-02-04,Delivered
PO0006895,SUP0019,WH001,2025-01-13,2025-01-21,2025-01-24,Delivered
PO0006896,SUP0037,WH010,2026-03-21,2026-04-03,2026-04-03,Delivered
PO0006897,SUP0037,WH001,2025-07-12,2025-07-21,2025-07-21,Delivered
PO0006898,SUP0071,WH002,2025-12-13,2025-12-19,2025-12-19,Delivered
PO0006899,SUP0052,WH005,2025-05-08,2025-05-11,2025-05-11,Delivered
PO0006900,SUP0072,WH008,2026-03-20,2026-03-27,2026-03-29,Delivered
PO0006901,SUP0099,WH009,2025-05-05,2025-05-08,2025-05-09,Delivered
PO0006902,SUP0057,WH009,2025-03-17,2025-03-19,2025-03-19,Delivered
PO0006903,SUP0048,WH008,2025-04-14,2025-04-26,2025-04-26,Delivered
PO0006904,SUP0093,WH009,2026-07-10,2026-07-23,2026-07-23,Delivered
PO0006905,SUP0072,WH004,2026-07-27,2026-07-30,2026-08-01,Delivered
PO0006906,SUP0091,WH002,2025-06-25,2025-07-03,2025-07-03,Delivered
PO0006907,SUP0077,WH006,2026-08-15,2026-08-29,,In Transit
PO0006908,SUP0019,WH007,2025-08-14,2025-08-24,2025-08-24,Delivered
PO0006909,SUP0043,WH003,2025-06-09,2025-06-11,2025-06-11,Delivered
PO0006910,SUP0077,WH002,2026-02-16,2026-02-18,2026-02-20,Delivered
PO0006911,SUP0048,WH010,2026-07-06,2026-07-15,2026-07-16,Delivered
PO0006912,SUP0088,WH008,2026-08-27,2026-09-03,,In Transit
PO0006913,SUP0013,WH009,2026-04-18,2026-05-01,2026-05-02,Delivered
PO0006914,SUP0068,WH008,2026-03-06,2026-03-13,2026-03-13,Delivered
PO0006915,SUP0011,WH005,2026-05-13,2026-05-24,2026-05-24,Delivered
PO0006916,SUP0077,WH001,2026-04-09,2026-04-23,2026-04-28,Delivered
PO0006917,SUP0085,WH006,2025-07-22,2025-07-31,2025-07-31,Delivered
PO0006918,SUP0088,WH004,2025-06-10,2025-06-12,2025-06-12,Delivered
PO0006919,SUP0089,WH005,2026-01-18,2026-01-22,2026-01-22,Delivered
PO0006920,SUP0069,WH006,2026-01-23,2026-01-31,2026-01-31,Delivered
PO0006921,SUP0096,WH001,2025-03-11,2025-03-18,2025-03-18,Delivered
PO0006922,SUP0056,WH009,2025-11-15,2025-11-19,2025-11-21,Delivered
PO0006923,SUP0056,WH006,2026-01-08,2026-01-12,2026-01-13,Delivered
PO0006924,SUP0044,WH008,2025-08-19,2025-08-22,2025-08-22,Delivered
PO0006925,SUP0075,WH003,2025-04-11,2025-04-18,2025-04-21,Delivered
PO0006926,SUP0074,WH007,2025-06-27,2025-07-08,2025-07-08,Delivered
PO0006927,SUP0001,WH009,2025-03-21,2025-04-02,2025-04-04,Delivered
PO0006928,SUP0084,WH005,2025-06-15,2025-06-22,2025-06-22,Delivered
PO0006929,SUP0062,WH006,2025-03-05,2025-03-08,2025-03-08,Delivered
PO0006930,SUP0090,WH008,2026-05-05,2026-05-16,2026-05-16,Delivered
PO0006931,SUP0020,WH009,2026-05-07,2026-05-13,2026-05-15,Delivered
PO0006932,SUP0063,WH003,2026-07-19,2026-07-31,2026-07-31,Delivered
PO0006933,SUP0007,WH009,2026-06-13,2026-06-18,2026-06-18,Delivered
PO0006934,SUP0004,WH007,2026-05-11,2026-05-14,2026-05-15,Delivered
PO0006935,SUP0094,WH010,2026-01-26,2026-02-04,2026-02-05,Delivered
PO0006936,SUP0062,WH005,2026-01-16,2026-01-22,2026-01-22,Delivered
PO0006937,SUP0078,WH006,2026-03-19,2026-04-01,2026-04-03,Delivered
PO0006938,SUP0001,WH009,2026-03-13,2026-03-18,2026-03-26,Delivered
PO0006939,SUP0036,WH001,2026-05-02,2026-05-09,2026-05-10,Delivered
PO0006940,SUP0027,WH002,2025-02-02,2025-02-11,2025-02-11,Delivered
PO0006941,SUP0034,WH009,2025-06-16,2025-06-21,2025-06-23,Delivered
PO0006942,SUP0078,WH010,2025-09-09,2025-09-12,2025-09-13,Delivered
PO0006943,SUP0045,WH002,2025-08-17,2025-08-30,2025-08-30,Delivered
PO0006944,SUP0010,WH003,2026-06-09,2026-06-23,2026-06-26,Delivered
PO0006945,SUP0084,WH003,2025-05-05,2025-05-08,2025-05-08,Delivered
PO0006946,SUP0039,WH005,2025-10-19,2025-10-22,2025-10-23,Delivered
PO0006947,SUP0037,WH002,2026-08-01,2026-08-11,2026-08-14,Delivered
PO0006948,SUP0035,WH004,2026-08-08,2026-08-10,2026-08-10,Delivered
PO0006949,SUP0054,WH004,2026-04-22,2026-04-30,2026-05-02,Delivered
PO0006950,SUP0036,WH004,2025-06-28,2025-07-01,2025-07-01,Delivered
PO0006951,SUP0041,WH008,2026-06-13,2026-06-24,2026-06-27,Delivered
PO0006952,SUP0073,WH001,2025-06-12,2025-06-16,2025-06-16,Delivered
PO0006953,SUP0073,WH005,2026-08-04,2026-08-14,2026-08-14,Delivered
PO0006954,SUP0015,WH003,2026-08-12,2026-08-17,2026-08-18,Delivered
PO0006955,SUP0009,WH007,2025-08-23,2025-08-26,2025-08-26,Delivered
PO0006956,SUP0099,WH010,2025-09-01,2025-09-06,2025-09-06,Delivered
PO0006957,SUP0050,WH004,2025-07-20,2025-08-03,2025-08-04,Delivered
PO0006958,SUP0089,WH007,2025-04-17,2025-04-28,2025-04-28,Delivered
PO0006959,SUP0086,WH006,2026-02-05,2026-02-08,2026-02-08,Delivered
PO0006960,SUP0022,WH010,2026-02-20,2026-02-22,2026-02-23,Delivered
PO0006961,SUP0066,WH002,2026-06-24,2026-07-08,2026-07-16,Cancelled
PO0006962,SUP0026,WH009,2026-05-14,2026-05-24,2026-05-26,Delivered
PO0006963,SUP0062,WH004,2025-12-14,2025-12-21,2025-12-21,Delivered
PO0006964,SUP0050,WH005,2025-11-17,2025-11-26,2025-11-26,Delivered
PO0006965,SUP0010,WH001,2025-08-26,2025-09-09,2025-09-09,Delivered
PO0006966,SUP0020,WH008,2026-02-12,2026-02-24,2026-02-24,Delivered
PO0006967,SUP0097,WH001,2026-02-23,2026-02-26,2026-02-28,Delivered
PO0006968,SUP0087,WH010,2025-11-09,2025-11-14,2025-11-17,Delivered
PO0006969,SUP0010,WH009,2025-02-02,2025-02-10,2025-02-15,Delivered
PO0006970,SUP0058,WH005,2026-01-20,2026-01-31,2026-02-03,Delivered
PO0006971,SUP0085,WH010,2025-07-21,2025-07-25,2025-07-30,Delivered
PO0006972,SUP0047,WH003,2025-02-08,2025-02-20,2025-02-20,Delivered
PO0006973,SUP0001,WH009,2025-03-14,2025-03-27,2025-03-29,Delivered
PO0006974,SUP0015,WH002,2025-08-26,2025-09-09,2025-09-12,Delivered
PO0006975,SUP0039,WH010,2025-08-11,2025-08-20,2025-08-20,Delivered
PO0006976,SUP0024,WH004,2025-07-30,2025-08-02,2025-08-04,Delivered
PO0006977,SUP0031,WH010,2026-07-26,2026-08-05,2026-08-07,Delivered
PO0006978,SUP0099,WH001,2025-06-11,2025-06-23,2025-07-01,Delivered
PO0006979,SUP0011,WH002,2025-08-24,2025-08-29,2025-08-30,Delivered
PO0006980,SUP0069,WH004,2026-04-17,2026-04-19,2026-04-20,Delivered
PO0006981,SUP0099,WH004,2025-05-10,2025-05-18,2025-05-18,Delivered
PO0006982,SUP0099,WH006,2026-02-03,2026-02-09,2026-02-09,Delivered
PO0006983,SUP0075,WH008,2026-01-14,2026-01-25,2026-01-28,Delivered
PO0006984,SUP0076,WH003,2026-07-22,2026-08-02,2026-08-02,Delivered
PO0006985,SUP0085,WH009,2026-01-05,2026-01-19,2026-01-19,Delivered
PO0006986,SUP0082,WH004,2025-01-29,2025-02-11,2025-02-11,Delivered
PO0006987,SUP0014,WH001,2026-05-17,2026-05-20,2026-05-21,Delivered
PO0006988,SUP0050,WH009,2026-08-15,2026-08-18,2026-08-18,Delivered
PO0006989,SUP0051,WH007,2025-09-29,2025-10-04,2025-10-09,Cancelled
PO0006990,SUP0046,WH005,2026-07-01,2026-07-14,2026-07-17,Delivered
PO0006991,SUP0093,WH007,2026-01-09,2026-01-17,2026-01-17,Delivered
PO0006992,SUP0012,WH002,2025-11-24,2025-11-29,2025-11-29,Delivered
PO0006993,SUP0099,WH008,2025-09-16,2025-09-24,2025-09-27,Delivered
PO0006994,SUP0036,WH002,2026-04-03,2026-04-15,2026-04-20,Delivered
PO0006995,SUP0041,WH010,2025-03-16,2025-03-27,2025-03-27,Delivered
PO0006996,SUP0042,WH008,2025-11-15,2025-11-18,2025-11-19,Delivered
PO0006997,SUP0073,WH002,2026-01-24,2026-02-03,2026-02-04,Delivered
PO0006998,SUP0017,WH001,2025-12-10,2025-12-16,2025-12-16,Delivered
PO0006999,SUP0027,WH001,2025-12-15,2025-12-26,2025-12-26,Delivered
PO0007000,SUP0038,WH003,2026-06-06,2026-06-15,2026-06-16,Delivered
PO0007001,SUP0072,WH007,2026-01-25,2026-02-02,2026-02-05,Delivered
PO0007002,SUP0043,WH009,2025-09-19,2025-09-21,2025-09-23,Delivered
PO0007003,SUP0081,WH006,2025-05-21,2025-05-27,2025-05-27,Delivered
PO0007004,SUP0034,WH001,2026-06-20,2026-06-22,2026-06-22,Delivered
PO0007005,SUP0059,WH003,2025-04-21,2025-04-24,2025-04-24,Delivered
PO0007006,SUP0003,WH002,2025-08-18,2025-08-24,2025-08-25,Delivered
PO0007007,SUP0016,WH007,2026-02-07,2026-02-10,2026-02-10,Delivered
PO0007008,SUP0048,WH007,2026-08-11,2026-08-15,2026-08-18,Delivered
PO0007009,SUP0019,WH003,2026-02-08,2026-02-12,2026-02-12,Delivered
PO0007010,SUP0070,WH010,2026-08-16,2026-08-23,2026-08-23,Delivered
PO0007011,SUP0023,WH001,2026-03-30,2026-04-11,2026-04-11,Delivered
PO0007012,SUP0073,WH008,2025-09-05,2025-09-07,2025-09-07,Delivered
PO0007013,SUP0004,WH004,2025-07-16,2025-07-25,2025-07-27,Delivered
PO0007014,SUP0022,WH009,2026-03-26,2026-04-03,2026-04-03,Delivered
PO0007015,SUP0050,WH001,2025-11-18,2025-11-23,2025-11-23,Cancelled
PO0007016,SUP0013,WH009,2025-04-15,2025-04-25,2025-04-25,Delivered
PO0007017,SUP0081,WH009,2026-07-23,2026-07-27,2026-07-28,Delivered
PO0007018,SUP0050,WH002,2025-10-06,2025-10-10,2025-10-13,Delivered
PO0007019,SUP0047,WH004,2025-05-03,2025-05-15,2025-05-23,Delivered
PO0007020,SUP0063,WH009,2025-10-19,2025-10-26,2025-10-28,Delivered
PO0007021,SUP0025,WH003,2025-07-24,2025-07-26,2025-07-26,Delivered
PO0007022,SUP0064,WH001,2026-03-17,2026-03-25,2026-03-28,Delivered
PO0007023,SUP0088,WH010,2025-02-25,2025-03-06,2025-03-06,Delivered
PO0007024,SUP0054,WH004,2026-08-16,2026-08-28,,In Transit
PO0007025,SUP0067,WH008,2025-01-16,2025-01-26,2025-01-26,Delivered
PO0007026,SUP0021,WH006,2026-08-09,2026-08-17,2026-08-17,Cancelled
PO0007027,SUP0006,WH007,2026-01-30,2026-02-13,2026-02-13,Delivered
PO0007028,SUP0018,WH002,2025-04-18,2025-04-21,2025-04-21,Delivered
PO0007029,SUP0066,WH003,2025-09-27,2025-10-08,2025-10-09,Delivered
PO0007030,SUP0046,WH005,2026-08-02,2026-08-11,2026-08-11,Delivered
PO0007031,SUP0052,WH006,2026-02-26,2026-03-08,2026-03-09,Delivered
PO0007032,SUP0078,WH001,2026-06-27,2026-07-02,2026-07-02,Delivered
PO0007033,SUP0093,WH009,2025-03-02,2025-03-14,2025-03-15,Delivered
PO0007034,SUP0075,WH006,2025-03-29,2025-04-01,2025-04-02,Delivered
PO0007035,SUP0055,WH002,2025-11-07,2025-11-09,2025-11-12,Delivered
PO0007036,SUP0017,WH002,2026-03-24,2026-03-29,2026-03-29,Delivered
PO0007037,SUP0054,WH001,2026-04-07,2026-04-13,2026-04-14,Delivered
PO0007038,SUP0002,WH005,2025-03-01,2025-03-05,2025-03-10,Delivered
PO0007039,SUP0082,WH001,2026-03-02,2026-03-12,2026-03-14,Cancelled
PO0007040,SUP0050,WH006,2026-07-28,2026-08-03,2026-08-04,Delivered
PO0007041,SUP0036,WH005,2025-03-18,2025-03-31,2025-04-03,Delivered
PO0007042,SUP0008,WH002,2026-07-18,2026-07-26,2026-07-26,Delivered
PO0007043,SUP0096,WH001,2025-02-21,2025-03-03,2025-03-06,Delivered
PO0007044,SUP0088,WH001,2026-03-25,2026-04-04,2026-04-04,Delivered
PO0007045,SUP0080,WH004,2025-03-26,2025-04-01,2025-04-04,Delivered
PO0007046,SUP0068,WH003,2025-09-24,2025-09-26,2025-09-29,Delivered
PO0007047,SUP0084,WH006,2025-08-23,2025-09-01,2025-09-03,Delivered
PO0007048,SUP0087,WH004,2026-01-20,2026-01-27,2026-01-27,Delivered
PO0007049,SUP0089,WH004,2026-02-11,2026-02-21,2026-02-22,Delivered
PO0007050,SUP0034,WH004,2025-09-10,2025-09-20,2025-09-20,Delivered
PO0007051,SUP0056,WH008,2025-08-25,2025-08-27,2025-08-27,Delivered
PO0007052,SUP0008,WH002,2026-01-17,2026-01-30,2026-02-01,Cancelled
PO0007053,SUP0021,WH004,2025-07-01,2025-07-07,2025-07-07,Delivered
PO0007054,SUP0088,WH006,2026-03-11,2026-03-21,2026-03-23,Delivered
PO0007055,SUP0012,WH003,2025-08-29,2025-09-09,2025-09-14,Delivered
PO0007056,SUP0060,WH006,2025-08-08,2025-08-17,2025-08-17,Delivered
PO0007057,SUP0084,WH008,2025-10-21,2025-11-02,2025-11-03,Delivered
PO0007058,SUP0030,WH001,2025-03-16,2025-03-25,2025-03-25,Delivered
PO0007059,SUP0019,WH004,2025-10-11,2025-10-25,2025-10-27,Delivered
PO0007060,SUP0020,WH002,2026-01-10,2026-01-21,2026-01-22,Delivered
PO0007061,SUP0029,WH006,2026-07-18,2026-07-30,2026-07-30,Delivered
PO0007062,SUP0080,WH001,2025-12-16,2025-12-24,2025-12-24,Delivered
PO0007063,SUP0054,WH003,2025-07-28,2025-08-01,2025-08-01,Delivered
PO0007064,SUP0011,WH007,2025-10-05,2025-10-08,2025-10-10,Delivered
PO0007065,SUP0088,WH003,2025-02-23,2025-03-05,2025-03-05,Delivered
PO0007066,SUP0046,WH006,2025-03-29,2025-04-08,2025-04-08,Delivered
PO0007067,SUP0086,WH005,2025-08-30,2025-09-12,2025-09-17,Delivered
PO0007068,SUP0079,WH010,2025-08-16,2025-08-29,2025-08-29,Delivered
PO0007069,SUP0059,WH001,2025-04-11,2025-04-20,2025-04-20,Delivered
PO0007070,SUP0003,WH001,2025-05-03,2025-05-07,2025-05-07,Delivered
PO0007071,SUP0051,WH003,2025-05-09,2025-05-13,2025-05-13,Delivered
PO0007072,SUP0061,WH005,2025-07-24,2025-08-07,2025-08-07,Delivered
PO0007073,SUP0047,WH010,2025-09-05,2025-09-18,2025-09-19,Delivered
PO0007074,SUP0087,WH009,2026-06-24,2026-07-08,2026-07-08,Delivered
PO0007075,SUP0029,WH001,2026-01-28,2026-01-30,2026-01-30,Delivered
PO0007076,SUP0098,WH009,2025-09-20,2025-10-03,2025-10-03,Delivered
PO0007077,SUP0042,WH001,2026-07-08,2026-07-10,2026-07-13,Delivered
PO0007078,SUP0025,WH001,2025-04-25,2025-05-01,2025-05-02,Delivered
PO0007079,SUP0015,WH006,2025-05-14,2025-05-25,2025-05-27,Delivered
PO0007080,SUP0045,WH005,2025-04-17,2025-05-01,2025-05-01,Delivered
PO0007081,SUP0069,WH006,2026-06-23,2026-07-03,2026-07-04,Delivered
PO0007082,SUP0087,WH008,2026-01-26,2026-02-08,2026-02-08,Delivered
PO0007083,SUP0038,WH007,2026-08-06,2026-08-08,2026-08-10,Delivered
PO0007084,SUP0021,WH002,2026-06-22,2026-07-04,2026-07-12,Delivered
PO0007085,SUP0057,WH007,2025-09-23,2025-10-05,2025-10-05,Delivered
PO0007086,SUP0096,WH008,2026-05-26,2026-05-30,2026-06-02,Delivered
PO0007087,SUP0094,WH008,2026-01-25,2026-01-27,2026-01-29,Delivered
PO0007088,SUP0027,WH010,2025-06-26,2025-07-08,2025-07-13,Delivered
PO0007089,SUP0016,WH005,2025-11-15,2025-11-26,2025-11-28,Delivered
PO0007090,SUP0084,WH006,2025-12-30,2026-01-09,2026-01-10,Delivered
PO0007091,SUP0037,WH008,2026-01-21,2026-01-24,2026-01-24,Delivered
PO0007092,SUP0090,WH005,2026-03-18,2026-03-29,2026-04-01,Delivered
PO0007093,SUP0095,WH003,2026-06-16,2026-06-28,2026-07-03,Delivered
PO0007094,SUP0060,WH001,2025-05-28,2025-06-07,2025-06-07,Delivered
PO0007095,SUP0097,WH007,2026-01-16,2026-01-28,2026-01-29,Delivered
PO0007096,SUP0001,WH007,2025-07-18,2025-07-20,2025-07-25,Delivered
PO0007097,SUP0051,WH003,2025-01-04,2025-01-06,2025-01-06,Delivered
PO0007098,SUP0096,WH010,2025-09-30,2025-10-10,2025-10-13,Delivered
PO0007099,SUP0077,WH008,2026-06-29,2026-07-08,2026-07-11,Delivered
PO0007100,SUP0076,WH005,2026-03-07,2026-03-11,2026-03-11,Delivered
PO0007101,SUP0100,WH003,2025-10-11,2025-10-13,2025-10-13,Delivered
PO0007102,SUP0036,WH007,2025-12-19,2025-12-24,2025-12-24,Delivered
PO0007103,SUP0033,WH002,2025-05-29,2025-06-06,2025-06-06,Delivered
PO0007104,SUP0036,WH002,2025-11-25,2025-12-07,2025-12-07,Delivered
PO0007105,SUP0047,WH010,2025-01-26,2025-02-07,2025-02-07,Delivered
PO0007106,SUP0047,WH010,2026-04-09,2026-04-17,2026-04-17,Delivered
PO0007107,SUP0019,WH002,2025-10-14,2025-10-25,2025-10-25,Delivered
PO0007108,SUP0063,WH009,2025-08-04,2025-08-15,2025-08-15,Delivered
PO0007109,SUP0083,WH004,2025-01-23,2025-02-05,2025-02-07,Cancelled
PO0007110,SUP0041,WH007,2025-10-23,2025-10-26,2025-10-26,Delivered
PO0007111,SUP0010,WH006,2026-06-09,2026-06-21,2026-06-24,Delivered
PO0007112,SUP0010,WH008,2026-08-15,2026-08-20,2026-08-20,Delivered
PO0007113,SUP0067,WH008,2026-07-09,2026-07-16,2026-07-16,Delivered
PO0007114,SUP0013,WH007,2025-09-12,2025-09-17,2025-09-17,Delivered
PO0007115,SUP0094,WH001,2025-11-01,2025-11-07,2025-11-12,Delivered
PO0007116,SUP0039,WH006,2026-07-26,2026-08-09,2026-08-09,Delivered
PO0007117,SUP0009,WH010,2025-05-25,2025-06-08,2025-06-08,Delivered
PO0007118,SUP0074,WH001,2025-02-04,2025-02-18,2025-02-18,Delivered
PO0007119,SUP0036,WH008,2025-03-29,2025-04-11,2025-04-11,Delivered
PO0007120,SUP0005,WH006,2025-01-03,2025-01-16,2025-01-16,Delivered
PO0007121,SUP0018,WH006,2025-09-12,2025-09-17,2025-09-17,Delivered
PO0007122,SUP0088,WH008,2025-03-10,2025-03-13,2025-03-13,Delivered
PO0007123,SUP0022,WH001,2025-06-27,2025-07-07,2025-07-07,Delivered
PO0007124,SUP0024,WH003,2025-03-28,2025-04-09,2025-04-11,Delivered
PO0007125,SUP0090,WH003,2025-10-23,2025-10-25,2025-10-25,Delivered
PO0007126,SUP0085,WH002,2026-06-16,2026-06-18,2026-06-19,Delivered
PO0007127,SUP0050,WH010,2026-03-11,2026-03-17,2026-03-19,Delivered
PO0007128,SUP0018,WH009,2025-09-01,2025-09-13,2025-09-13,Delivered
PO0007129,SUP0054,WH007,2025-03-07,2025-03-12,2025-03-12,Delivered
PO0007130,SUP0012,WH005,2026-01-07,2026-01-13,2026-01-15,Delivered
PO0007131,SUP0075,WH005,2025-12-06,2025-12-09,2025-12-10,Delivered
PO0007132,SUP0100,WH004,2025-08-29,2025-09-04,2025-09-09,Delivered
PO0007133,SUP0059,WH002,2025-04-16,2025-04-20,2025-04-20,Delivered
PO0007134,SUP0096,WH008,2025-09-26,2025-10-03,2025-10-03,Delivered
PO0007135,SUP0043,WH006,2026-04-13,2026-04-23,2026-04-23,Delivered
PO0007136,SUP0083,WH001,2025-09-21,2025-09-28,2025-09-29,Delivered
PO0007137,SUP0086,WH001,2025-06-13,2025-06-27,2025-06-27,Delivered
PO0007138,SUP0050,WH008,2025-01-16,2025-01-21,2025-01-21,Delivered
PO0007139,SUP0094,WH010,2026-01-15,2026-01-17,2026-01-17,Delivered
PO0007140,SUP0001,WH002,2026-08-12,2026-08-15,2026-08-16,Delivered
PO0007141,SUP0017,WH004,2026-05-10,2026-05-14,2026-05-14,Delivered
PO0007142,SUP0014,WH001,2025-11-03,2025-11-11,2025-11-11,Delivered
PO0007143,SUP0036,WH002,2025-04-07,2025-04-17,2025-04-17,Delivered
PO0007144,SUP0077,WH002,2025-03-19,2025-04-02,2025-04-02,Delivered
PO0007145,SUP0086,WH010,2025-12-01,2025-12-04,2025-12-04,Delivered
PO0007146,SUP0032,WH010,2025-01-19,2025-01-27,2025-01-28,Delivered
PO0007147,SUP0092,WH008,2025-08-08,2025-08-10,2025-08-10,Delivered
PO0007148,SUP0074,WH005,2025-03-04,2025-03-12,2025-03-13,Delivered
PO0007149,SUP0033,WH009,2025-03-18,2025-03-29,2025-03-29,Delivered
PO0007150,SUP0094,WH003,2026-07-03,2026-07-07,2026-07-07,Delivered
PO0007151,SUP0014,WH006,2025-03-26,2025-03-29,2025-03-29,Delivered
PO0007152,SUP0024,WH009,2025-11-08,2025-11-17,2025-11-17,Delivered
PO0007153,SUP0017,WH004,2026-01-25,2026-01-29,2026-02-03,Delivered
PO0007154,SUP0055,WH010,2026-07-30,2026-08-10,2026-08-13,Delivered
PO0007155,SUP0012,WH002,2025-05-17,2025-05-19,2025-05-19,Delivered
PO0007156,SUP0043,WH002,2026-04-09,2026-04-23,2026-04-24,Delivered
PO0007157,SUP0031,WH008,2025-07-05,2025-07-12,2025-07-12,Delivered
PO0007158,SUP0022,WH006,2026-02-08,2026-02-12,2026-02-12,Delivered
PO0007159,SUP0022,WH010,2026-08-12,2026-08-25,2026-08-25,Delivered
PO0007160,SUP0055,WH007,2025-03-17,2025-03-27,2025-03-30,Delivered
PO0007161,SUP0066,WH008,2026-05-27,2026-06-09,2026-06-12,Delivered
PO0007162,SUP0033,WH007,2026-07-27,2026-08-06,2026-08-06,Delivered
PO0007163,SUP0001,WH003,2025-04-02,2025-04-09,2025-04-09,Delivered
PO0007164,SUP0035,WH010,2025-02-25,2025-03-01,2025-03-02,Delivered
PO0007165,SUP0090,WH001,2026-04-28,2026-05-04,2026-05-04,Delivered
PO0007166,SUP0037,WH008,2025-12-29,2026-01-03,2026-01-03,Delivered
PO0007167,SUP0062,WH005,2025-05-07,2025-05-12,2025-05-12,Delivered
PO0007168,SUP0028,WH004,2025-07-16,2025-07-24,2025-07-25,Delivered
PO0007169,SUP0095,WH004,2025-01-03,2025-01-08,2025-01-10,Delivered
PO0007170,SUP0034,WH001,2025-12-10,2025-12-19,2025-12-19,Delivered
PO0007171,SUP0068,WH007,2025-02-04,2025-02-18,2025-02-19,Delivered
PO0007172,SUP0063,WH002,2026-08-10,2026-08-18,2026-08-19,Delivered
PO0007173,SUP0054,WH009,2025-09-17,2025-09-26,2025-09-26,Delivered
PO0007174,SUP0042,WH005,2025-11-19,2025-11-30,2025-12-01,Delivered
PO0007175,SUP0060,WH007,2025-01-31,2025-02-06,2025-02-09,Delivered
PO0007176,SUP0085,WH008,2026-08-26,2026-09-06,,In Transit
PO0007177,SUP0089,WH008,2026-05-13,2026-05-21,2026-05-23,Delivered
PO0007178,SUP0037,WH009,2025-06-06,2025-06-17,2025-06-17,Delivered
PO0007179,SUP0097,WH001,2025-07-20,2025-07-28,2025-07-29,Delivered
PO0007180,SUP0049,WH006,2026-04-28,2026-05-06,2026-05-06,Delivered
PO0007181,SUP0088,WH009,2025-02-11,2025-02-22,2025-02-22,Delivered
PO0007182,SUP0065,WH003,2026-04-18,2026-04-30,2026-04-30,Delivered
PO0007183,SUP0034,WH010,2025-09-11,2025-09-19,2025-09-20,Delivered
PO0007184,SUP0004,WH010,2026-08-14,2026-08-22,2026-08-23,Delivered
PO0007185,SUP0058,WH008,2025-12-03,2025-12-08,2025-12-08,Delivered
PO0007186,SUP0009,WH004,2025-06-03,2025-06-12,2025-06-12,Delivered
PO0007187,SUP0059,WH004,2026-07-17,2026-07-20,2026-07-21,Delivered
PO0007188,SUP0044,WH001,2025-04-28,2025-05-01,2025-05-02,Delivered
PO0007189,SUP0062,WH004,2025-04-16,2025-04-22,2025-04-22,Delivered
PO0007190,SUP0019,WH002,2026-01-10,2026-01-12,2026-01-12,Delivered
PO0007191,SUP0032,WH004,2025-09-11,2025-09-17,2025-09-17,Delivered
PO0007192,SUP0040,WH006,2025-07-15,2025-07-26,2025-08-03,Delivered
PO0007193,SUP0040,WH002,2025-06-15,2025-06-29,2025-06-29,Delivered
PO0007194,SUP0010,WH004,2026-05-26,2026-06-09,2026-06-10,Delivered
PO0007195,SUP0075,WH008,2026-05-31,2026-06-10,2026-06-10,Delivered
PO0007196,SUP0014,WH002,2026-08-25,2026-08-30,,In Transit
PO0007197,SUP0034,WH007,2025-03-28,2025-04-10,2025-04-13,Delivered
PO0007198,SUP0036,WH009,2025-10-23,2025-11-03,2025-11-11,Delivered
PO0007199,SUP0093,WH004,2026-07-22,2026-08-03,2026-08-03,Delivered
PO0007200,SUP0081,WH010,2025-10-22,2025-10-24,2025-10-24,Delivered
PO0007201,SUP0040,WH001,2026-02-04,2026-02-07,2026-02-10,Delivered
PO0007202,SUP0008,WH005,2026-01-24,2026-02-02,2026-02-02,Delivered
PO0007203,SUP0081,WH002,2025-03-17,2025-03-24,2025-03-24,Delivered
PO0007204,SUP0047,WH006,2025-11-17,2025-11-24,2025-11-26,Delivered
PO0007205,SUP0091,WH003,2026-04-22,2026-04-25,2026-04-25,Delivered
PO0007206,SUP0037,WH008,2026-02-02,2026-02-09,2026-02-11,Delivered
PO0007207,SUP0041,WH010,2025-09-27,2025-10-01,2025-10-01,Delivered
PO0007208,SUP0048,WH004,2025-07-13,2025-07-23,2025-07-24,Delivered
PO0007209,SUP0087,WH002,2025-02-27,2025-03-13,2025-03-15,Delivered
PO0007210,SUP0052,WH010,2025-02-04,2025-02-12,2025-02-14,Delivered
PO0007211,SUP0052,WH003,2025-05-08,2025-05-14,2025-05-19,Delivered
PO0007212,SUP0030,WH006,2025-08-11,2025-08-15,2025-08-15,Delivered
PO0007213,SUP0082,WH006,2026-08-18,2026-08-23,2026-08-23,Delivered
PO0007214,SUP0011,WH005,2026-07-05,2026-07-14,2026-07-16,Delivered
PO0007215,SUP0002,WH010,2025-04-14,2025-04-16,2025-04-21,Delivered
PO0007216,SUP0077,WH008,2026-08-15,2026-08-20,2026-08-22,Delivered
PO0007217,SUP0013,WH001,2026-03-29,2026-04-04,2026-04-04,Delivered
PO0007218,SUP0036,WH002,2025-11-07,2025-11-10,2025-11-10,Delivered
PO0007219,SUP0076,WH008,2026-08-08,2026-08-13,2026-08-14,Delivered
PO0007220,SUP0092,WH007,2025-06-13,2025-06-22,2025-06-22,Delivered
PO0007221,SUP0100,WH003,2025-12-01,2025-12-07,2025-12-12,Delivered
PO0007222,SUP0082,WH008,2025-07-21,2025-07-24,2025-07-24,Delivered
PO0007223,SUP0002,WH006,2025-04-04,2025-04-06,2025-04-07,Delivered
PO0007224,SUP0007,WH006,2025-06-02,2025-06-15,2025-06-17,Delivered
PO0007225,SUP0009,WH003,2025-02-10,2025-02-14,2025-02-14,Delivered
PO0007226,SUP0091,WH010,2026-02-07,2026-02-18,2026-02-21,Delivered
PO0007227,SUP0064,WH009,2025-09-07,2025-09-19,2025-09-19,Delivered
PO0007228,SUP0090,WH001,2026-04-27,2026-05-03,2026-05-03,Delivered
PO0007229,SUP0083,WH004,2025-06-29,2025-07-13,2025-07-13,Delivered
PO0007230,SUP0079,WH005,2026-08-22,2026-09-05,,In Transit
PO0007231,SUP0084,WH003,2025-12-15,2025-12-19,2025-12-19,Delivered
PO0007232,SUP0063,WH003,2025-12-17,2025-12-29,2025-12-29,Delivered
PO0007233,SUP0023,WH001,2025-04-29,2025-05-08,2025-05-11,Delivered
PO0007234,SUP0029,WH004,2025-08-28,2025-09-02,2025-09-02,Delivered
PO0007235,SUP0068,WH001,2025-01-14,2025-01-22,2025-01-23,Delivered
PO0007236,SUP0086,WH007,2026-07-29,2026-08-06,2026-08-06,Delivered
PO0007237,SUP0082,WH007,2026-07-11,2026-07-23,2026-07-23,Delivered
PO0007238,SUP0040,WH008,2026-01-09,2026-01-16,2026-01-18,Delivered
PO0007239,SUP0021,WH003,2026-06-10,2026-06-17,2026-06-17,Delivered
PO0007240,SUP0031,WH003,2025-09-06,2025-09-08,2025-09-08,Delivered
PO0007241,SUP0069,WH008,2025-03-31,2025-04-03,2025-04-03,Delivered
PO0007242,SUP0055,WH008,2025-02-20,2025-02-25,2025-02-25,Delivered
PO0007243,SUP0020,WH003,2025-03-10,2025-03-12,2025-03-14,Delivered
PO0007244,SUP0088,WH007,2026-04-22,2026-04-26,2026-04-28,Delivered
PO0007245,SUP0015,WH005,2026-07-28,2026-08-01,2026-08-02,Delivered
PO0007246,SUP0019,WH001,2026-08-09,2026-08-21,2026-08-22,Delivered
PO0007247,SUP0039,WH009,2026-04-05,2026-04-18,2026-04-18,Delivered
PO0007248,SUP0053,WH007,2025-08-09,2025-08-19,2025-08-19,Delivered
PO0007249,SUP0016,WH003,2026-07-22,2026-07-29,2026-07-29,Delivered
PO0007250,SUP0096,WH001,2026-03-06,2026-03-18,2026-03-18,Delivered
PO0007251,SUP0018,WH004,2025-09-07,2025-09-17,2025-09-18,Delivered
PO0007252,SUP0048,WH002,2025-06-24,2025-06-28,2025-07-01,Delivered
PO0007253,SUP0098,WH004,2025-01-18,2025-01-30,2025-01-30,Delivered
PO0007254,SUP0071,WH002,2025-05-26,2025-06-07,2025-06-12,Delivered
PO0007255,SUP0069,WH007,2026-02-25,2026-03-01,2026-03-01,Delivered
PO0007256,SUP0022,WH001,2026-05-13,2026-05-25,2026-05-26,Delivered
PO0007257,SUP0081,WH003,2025-11-14,2025-11-26,2025-11-26,Delivered
PO0007258,SUP0006,WH003,2026-03-03,2026-03-17,2026-03-22,Delivered
PO0007259,SUP0030,WH008,2026-05-16,2026-05-20,2026-05-20,Delivered
PO0007260,SUP0066,WH010,2025-10-23,2025-10-25,2025-10-27,Delivered
PO0007261,SUP0089,WH001,2026-06-21,2026-07-05,2026-07-05,Delivered
PO0007262,SUP0001,WH005,2026-05-22,2026-06-03,2026-06-11,Delivered
PO0007263,SUP0020,WH007,2025-06-15,2025-06-18,2025-06-18,Delivered
PO0007264,SUP0063,WH004,2026-07-10,2026-07-23,2026-07-23,Delivered
PO0007265,SUP0045,WH007,2025-04-12,2025-04-18,2025-04-18,Delivered
PO0007266,SUP0092,WH003,2025-02-08,2025-02-10,2025-02-11,Delivered
PO0007267,SUP0099,WH008,2025-07-05,2025-07-10,2025-07-10,Cancelled
PO0007268,SUP0068,WH008,2026-02-17,2026-02-24,2026-02-24,Delivered
PO0007269,SUP0090,WH008,2025-06-08,2025-06-15,2025-06-15,Delivered
PO0007270,SUP0014,WH002,2026-06-13,2026-06-19,2026-06-22,Delivered
PO0007271,SUP0081,WH006,2026-03-23,2026-04-03,2026-04-08,Delivered
PO0007272,SUP0068,WH006,2026-02-10,2026-02-20,2026-02-21,Delivered
PO0007273,SUP0080,WH002,2026-05-05,2026-05-14,2026-05-14,Delivered
PO0007274,SUP0040,WH001,2026-02-10,2026-02-12,2026-02-14,Delivered
PO0007275,SUP0081,WH003,2025-11-26,2025-12-09,2025-12-10,Delivered
PO0007276,SUP0033,WH005,2026-05-05,2026-05-11,2026-05-12,Delivered
PO0007277,SUP0044,WH002,2026-01-17,2026-01-24,2026-01-26,Delivered
PO0007278,SUP0075,WH009,2025-08-23,2025-08-29,2025-08-29,Delivered
PO0007279,SUP0064,WH006,2025-03-30,2025-04-01,2025-04-01,Delivered
PO0007280,SUP0094,WH002,2025-11-28,2025-12-12,2025-12-12,Delivered
PO0007281,SUP0052,WH002,2026-03-02,2026-03-10,2026-03-10,Delivered
PO0007282,SUP0068,WH006,2025-11-02,2025-11-07,2025-11-07,Delivered
PO0007283,SUP0071,WH005,2025-04-09,2025-04-13,2025-04-13,Delivered
PO0007284,SUP0042,WH008,2026-08-09,2026-08-21,2026-08-22,Delivered
PO0007285,SUP0007,WH009,2026-06-16,2026-06-26,2026-06-26,Delivered
PO0007286,SUP0040,WH006,2025-09-25,2025-10-02,2025-10-05,Delivered
PO0007287,SUP0037,WH006,2025-04-13,2025-04-16,2025-04-21,Delivered
PO0007288,SUP0032,WH007,2026-05-23,2026-06-05,2026-06-05,Delivered
PO0007289,SUP0087,WH002,2025-12-19,2025-12-24,2025-12-26,Delivered
PO0007290,SUP0021,WH008,2026-08-24,2026-09-03,,In Transit
PO0007291,SUP0097,WH005,2026-04-16,2026-04-23,2026-04-24,Delivered
PO0007292,SUP0048,WH010,2025-04-03,2025-04-11,2025-04-11,Delivered
PO0007293,SUP0033,WH002,2025-08-16,2025-08-29,2025-09-01,Delivered
PO0007294,SUP0066,WH004,2025-05-09,2025-05-13,2025-05-13,Delivered
PO0007295,SUP0093,WH005,2026-06-28,2026-07-06,2026-07-06,Delivered
PO0007296,SUP0055,WH004,2026-06-08,2026-06-17,2026-06-22,Delivered
PO0007297,SUP0075,WH001,2026-02-15,2026-02-20,2026-02-20,Delivered
PO0007298,SUP0024,WH002,2026-07-09,2026-07-13,2026-07-13,Delivered
PO0007299,SUP0076,WH005,2025-12-18,2025-12-20,2025-12-21,Delivered
PO0007300,SUP0065,WH005,2025-02-22,2025-03-02,2025-03-03,Delivered
PO0007301,SUP0045,WH002,2026-03-12,2026-03-26,2026-03-26,Delivered
PO0007302,SUP0009,WH005,2025-01-15,2025-01-23,2025-01-26,Delivered
PO0007303,SUP0079,WH010,2025-12-21,2025-12-27,2025-12-30,Delivered
PO0007304,SUP0010,WH002,2025-10-11,2025-10-24,2025-10-24,Delivered
PO0007305,SUP0017,WH004,2025-08-31,2025-09-06,2025-09-09,Delivered
PO0007306,SUP0029,WH007,2026-01-28,2026-02-02,2026-02-03,Delivered
PO0007307,SUP0092,WH006,2025-07-27,2025-08-01,2025-08-02,Delivered
PO0007308,SUP0077,WH003,2025-06-29,2025-07-07,2025-07-12,Delivered
PO0007309,SUP0003,WH010,2025-07-03,2025-07-05,2025-07-10,Delivered
PO0007310,SUP0015,WH002,2025-06-23,2025-07-02,2025-07-05,Delivered
PO0007311,SUP0049,WH005,2025-09-25,2025-10-07,2025-10-07,Delivered
PO0007312,SUP0044,WH001,2025-02-21,2025-03-05,2025-03-05,Cancelled
PO0007313,SUP0004,WH002,2025-04-01,2025-04-13,2025-04-16,Delivered
PO0007314,SUP0023,WH002,2025-06-15,2025-06-24,2025-06-24,Delivered
PO0007315,SUP0029,WH001,2025-11-30,2025-12-02,2025-12-02,Delivered
PO0007316,SUP0047,WH001,2025-02-09,2025-02-16,2025-02-18,Delivered
PO0007317,SUP0011,WH002,2025-08-28,2025-08-31,2025-09-05,Delivered
PO0007318,SUP0025,WH004,2025-06-02,2025-06-07,2025-06-07,Delivered
PO0007319,SUP0068,WH005,2026-02-22,2026-03-05,2026-03-05,Cancelled
PO0007320,SUP0063,WH005,2026-05-23,2026-06-06,2026-06-06,Delivered
PO0007321,SUP0075,WH007,2025-07-25,2025-07-30,2025-07-30,Delivered
PO0007322,SUP0020,WH007,2026-05-03,2026-05-05,2026-05-05,Delivered
PO0007323,SUP0068,WH006,2025-09-30,2025-10-04,2025-10-05,Delivered
PO0007324,SUP0097,WH005,2026-01-01,2026-01-13,2026-01-13,Delivered
PO0007325,SUP0039,WH002,2026-04-14,2026-04-27,2026-04-27,Delivered
PO0007326,SUP0019,WH005,2025-03-30,2025-04-09,2025-04-09,Delivered
PO0007327,SUP0026,WH009,2025-05-07,2025-05-13,2025-05-13,Delivered
PO0007328,SUP0058,WH006,2025-12-30,2026-01-02,2026-01-02,Delivered
PO0007329,SUP0081,WH010,2025-09-11,2025-09-23,2025-09-23,Delivered
PO0007330,SUP0034,WH007,2026-01-22,2026-01-30,2026-01-30,Delivered
PO0007331,SUP0039,WH001,2026-02-19,2026-03-03,2026-03-03,Delivered
PO0007332,SUP0049,WH004,2025-04-09,2025-04-15,2025-04-18,Delivered
PO0007333,SUP0005,WH004,2025-10-07,2025-10-15,2025-10-15,Delivered
PO0007334,SUP0047,WH002,2026-02-14,2026-02-28,2026-02-28,Delivered
PO0007335,SUP0038,WH002,2026-02-11,2026-02-24,2026-02-26,Delivered
PO0007336,SUP0069,WH007,2025-02-23,2025-03-09,2025-03-14,Delivered
PO0007337,SUP0051,WH001,2025-07-31,2025-08-02,2025-08-02,Delivered
PO0007338,SUP0048,WH006,2025-09-08,2025-09-10,2025-09-12,Delivered
PO0007339,SUP0069,WH005,2025-11-06,2025-11-17,2025-11-17,Cancelled
PO0007340,SUP0009,WH002,2025-04-16,2025-04-24,2025-04-24,Delivered
PO0007341,SUP0098,WH009,2025-10-16,2025-10-30,2025-11-02,Delivered
PO0007342,SUP0036,WH002,2025-12-10,2025-12-24,2025-12-24,Delivered
PO0007343,SUP0052,WH003,2025-03-22,2025-03-25,2025-03-25,Delivered
PO0007344,SUP0018,WH006,2025-11-24,2025-12-05,2025-12-06,Delivered
PO0007345,SUP0033,WH001,2026-07-18,2026-08-01,2026-08-04,Delivered
PO0007346,SUP0050,WH006,2025-06-18,2025-06-23,2025-06-25,Delivered
PO0007347,SUP0092,WH009,2025-08-30,2025-09-05,2025-09-13,Delivered
PO0007348,SUP0069,WH001,2025-02-24,2025-02-28,2025-03-03,Delivered
PO0007349,SUP0039,WH008,2025-02-25,2025-03-08,2025-03-08,Delivered
PO0007350,SUP0008,WH010,2025-03-31,2025-04-05,2025-04-05,Delivered
PO0007351,SUP0017,WH007,2025-10-20,2025-10-27,2025-10-28,Delivered
PO0007352,SUP0087,WH008,2025-01-19,2025-01-31,2025-01-31,Delivered
PO0007353,SUP0026,WH010,2025-11-13,2025-11-22,2025-11-24,Delivered
PO0007354,SUP0015,WH010,2026-06-08,2026-06-11,2026-06-12,Delivered
PO0007355,SUP0052,WH004,2025-01-23,2025-01-28,2025-01-28,Delivered
PO0007356,SUP0031,WH002,2025-02-26,2025-02-28,2025-02-28,Delivered
PO0007357,SUP0092,WH010,2025-10-29,2025-11-12,2025-11-15,Delivered
PO0007358,SUP0077,WH007,2026-03-25,2026-04-06,2026-04-06,Delivered
PO0007359,SUP0075,WH005,2025-04-05,2025-04-14,2025-04-19,Delivered
PO0007360,SUP0093,WH007,2026-08-11,2026-08-15,2026-08-15,Delivered
PO0007361,SUP0071,WH003,2025-11-04,2025-11-10,2025-11-10,Delivered
PO0007362,SUP0038,WH005,2026-07-06,2026-07-12,2026-07-14,Delivered
PO0007363,SUP0048,WH002,2026-08-17,2026-08-19,2026-08-19,Delivered
PO0007364,SUP0025,WH006,2026-07-26,2026-08-03,2026-08-03,Delivered
PO0007365,SUP0023,WH010,2025-09-04,2025-09-16,2025-09-17,Delivered
PO0007366,SUP0035,WH007,2025-05-10,2025-05-14,2025-05-14,Delivered
PO0007367,SUP0028,WH004,2026-02-15,2026-02-22,2026-02-25,Delivered
PO0007368,SUP0009,WH008,2026-05-27,2026-06-08,2026-06-10,Delivered
PO0007369,SUP0073,WH007,2026-01-25,2026-02-03,2026-02-04,Delivered
PO0007370,SUP0011,WH010,2025-08-31,2025-09-11,2025-09-13,Delivered
PO0007371,SUP0075,WH001,2025-11-21,2025-11-24,2025-11-24,Delivered
PO0007372,SUP0037,WH001,2025-01-17,2025-01-25,2025-01-25,Delivered
PO0007373,SUP0028,WH003,2026-01-03,2026-01-16,2026-01-16,Delivered
PO0007374,SUP0039,WH001,2026-01-11,2026-01-13,2026-01-13,Delivered
PO0007375,SUP0049,WH004,2026-08-05,2026-08-08,2026-08-08,Delivered
PO0007376,SUP0039,WH001,2025-04-07,2025-04-13,2025-04-13,Cancelled
PO0007377,SUP0006,WH007,2025-09-12,2025-09-24,2025-09-27,Delivered
PO0007378,SUP0075,WH003,2025-07-09,2025-07-15,2025-07-15,Delivered
PO0007379,SUP0057,WH005,2026-05-12,2026-05-24,2026-05-24,Delivered
PO0007380,SUP0061,WH005,2025-02-24,2025-03-04,2025-03-04,Delivered
PO0007381,SUP0043,WH006,2026-08-11,2026-08-24,2026-08-24,Delivered
PO0007382,SUP0058,WH002,2025-02-12,2025-02-22,2025-02-22,Delivered
PO0007383,SUP0036,WH001,2025-10-30,2025-11-02,2025-11-04,Delivered
PO0007384,SUP0054,WH001,2026-06-30,2026-07-14,2026-07-16,Delivered
PO0007385,SUP0045,WH009,2026-04-06,2026-04-11,2026-04-11,Delivered
PO0007386,SUP0045,WH003,2025-08-22,2025-09-03,2025-09-05,Delivered
PO0007387,SUP0001,WH001,2025-01-25,2025-02-01,2025-02-03,Delivered
PO0007388,SUP0085,WH009,2026-01-30,2026-02-04,2026-02-07,Delivered
PO0007389,SUP0033,WH002,2025-04-21,2025-05-02,2025-05-02,Delivered
PO0007390,SUP0033,WH002,2025-10-07,2025-10-09,2025-10-11,Delivered
PO0007391,SUP0009,WH005,2026-08-02,2026-08-14,2026-08-14,Delivered
PO0007392,SUP0059,WH007,2025-05-25,2025-06-01,2025-06-01,Delivered
PO0007393,SUP0093,WH007,2026-08-24,2026-09-02,,In Transit
PO0007394,SUP0011,WH004,2025-03-15,2025-03-19,2025-03-20,Delivered
PO0007395,SUP0035,WH003,2026-07-19,2026-07-29,2026-07-29,Delivered
PO0007396,SUP0023,WH010,2025-11-13,2025-11-19,2025-11-19,Delivered
PO0007397,SUP0001,WH001,2025-12-15,2025-12-19,2025-12-19,Delivered
PO0007398,SUP0090,WH004,2025-10-01,2025-10-13,2025-10-14,Delivered
PO0007399,SUP0046,WH003,2025-03-30,2025-04-03,2025-04-04,Cancelled
PO0007400,SUP0064,WH010,2026-01-24,2026-02-05,2026-02-08,Delivered
PO0007401,SUP0098,WH009,2026-02-21,2026-02-26,2026-02-26,Delivered
PO0007402,SUP0042,WH010,2025-08-17,2025-08-22,2025-08-22,Delivered
PO0007403,SUP0077,WH005,2025-03-11,2025-03-25,2025-03-26,Delivered
PO0007404,SUP0069,WH001,2026-02-11,2026-02-23,2026-02-26,Delivered
PO0007405,SUP0065,WH001,2025-11-12,2025-11-22,2025-11-22,Delivered
PO0007406,SUP0022,WH001,2025-06-30,2025-07-08,2025-07-08,Delivered
PO0007407,SUP0073,WH007,2025-12-21,2025-12-28,2025-12-29,Delivered
PO0007408,SUP0048,WH002,2026-01-31,2026-02-06,2026-02-06,Delivered
PO0007409,SUP0095,WH001,2026-06-02,2026-06-15,2026-06-17,Delivered
PO0007410,SUP0009,WH008,2025-08-22,2025-09-01,2025-09-02,Delivered
PO0007411,SUP0012,WH008,2025-08-18,2025-08-26,2025-08-26,Delivered
PO0007412,SUP0092,WH006,2025-04-05,2025-04-15,2025-04-18,Delivered
PO0007413,SUP0086,WH003,2025-08-04,2025-08-15,2025-08-15,Delivered
PO0007414,SUP0043,WH003,2025-12-11,2025-12-18,2025-12-20,Delivered
PO0007415,SUP0094,WH003,2025-06-07,2025-06-17,2025-06-18,Delivered
PO0007416,SUP0039,WH010,2025-04-11,2025-04-24,2025-04-24,Delivered
PO0007417,SUP0048,WH010,2025-12-14,2025-12-21,2025-12-21,Delivered
PO0007418,SUP0083,WH008,2026-03-20,2026-03-22,2026-03-22,Delivered
PO0007419,SUP0085,WH004,2025-08-16,2025-08-25,2025-08-25,Delivered
PO0007420,SUP0049,WH008,2026-06-26,2026-07-04,2026-07-04,Delivered
PO0007421,SUP0030,WH006,2025-09-08,2025-09-12,2025-09-12,Delivered
PO0007422,SUP0064,WH007,2025-10-23,2025-10-27,2025-11-01,Delivered
PO0007423,SUP0079,WH007,2025-12-25,2025-12-29,2026-01-06,Delivered
PO0007424,SUP0039,WH004,2025-05-05,2025-05-08,2025-05-10,Delivered
PO0007425,SUP0042,WH008,2025-04-17,2025-04-27,2025-04-27,Delivered
PO0007426,SUP0094,WH004,2025-10-21,2025-10-28,2025-10-28,Delivered
PO0007427,SUP0096,WH002,2025-06-07,2025-06-14,2025-06-17,Delivered
PO0007428,SUP0004,WH002,2025-11-27,2025-12-04,2025-12-04,Delivered
PO0007429,SUP0072,WH003,2025-07-22,2025-07-27,2025-07-28,Delivered
PO0007430,SUP0048,WH005,2026-07-26,2026-08-01,2026-08-01,Delivered
PO0007431,SUP0001,WH004,2025-05-29,2025-06-10,2025-06-10,Delivered
PO0007432,SUP0055,WH010,2026-08-07,2026-08-11,2026-08-11,Delivered
PO0007433,SUP0039,WH004,2025-08-21,2025-09-01,2025-09-01,Delivered
PO0007434,SUP0099,WH002,2025-04-30,2025-05-09,2025-05-09,Delivered
PO0007435,SUP0065,WH002,2026-02-02,2026-02-05,2026-02-05,Delivered
PO0007436,SUP0100,WH010,2026-01-04,2026-01-06,2026-01-07,Delivered
PO0007437,SUP0064,WH010,2026-03-12,2026-03-20,2026-03-20,Delivered
PO0007438,SUP0058,WH010,2025-03-18,2025-04-01,2025-04-03,Delivered
PO0007439,SUP0057,WH009,2025-02-19,2025-02-26,2025-02-27,Delivered
PO0007440,SUP0082,WH004,2025-03-13,2025-03-23,2025-03-23,Delivered
PO0007441,SUP0046,WH007,2025-11-03,2025-11-07,2025-11-07,Delivered
PO0007442,SUP0099,WH003,2025-08-06,2025-08-16,2025-08-17,Delivered
PO0007443,SUP0082,WH010,2025-09-16,2025-09-26,2025-09-28,Delivered
PO0007444,SUP0026,WH001,2026-02-24,2026-03-10,2026-03-10,Delivered
PO0007445,SUP0006,WH004,2025-01-20,2025-01-22,2025-01-22,Delivered
PO0007446,SUP0096,WH008,2026-06-15,2026-06-20,2026-06-20,Delivered
PO0007447,SUP0029,WH005,2025-10-19,2025-10-31,2025-10-31,Delivered
PO0007448,SUP0030,WH009,2026-08-10,2026-08-23,2026-08-23,Delivered
PO0007449,SUP0030,WH008,2025-07-04,2025-07-18,2025-07-18,Delivered
PO0007450,SUP0050,WH009,2025-11-20,2025-12-04,2025-12-06,Delivered
PO0007451,SUP0024,WH003,2025-05-17,2025-05-24,2025-05-24,Delivered
PO0007452,SUP0003,WH003,2026-06-11,2026-06-16,2026-06-16,Delivered
PO0007453,SUP0024,WH001,2026-07-09,2026-07-19,2026-07-19,Delivered
PO0007454,SUP0050,WH009,2026-06-27,2026-07-03,2026-07-06,Delivered
PO0007455,SUP0066,WH010,2025-05-30,2025-06-04,2025-06-04,Delivered
PO0007456,SUP0002,WH007,2025-05-22,2025-05-28,2025-05-28,Delivered
PO0007457,SUP0073,WH010,2025-03-26,2025-03-29,2025-04-01,Delivered
PO0007458,SUP0031,WH004,2025-09-09,2025-09-13,2025-09-13,Cancelled
PO0007459,SUP0043,WH004,2025-02-09,2025-02-21,2025-02-21,Delivered
PO0007460,SUP0023,WH001,2025-12-31,2026-01-14,2026-01-17,Delivered
PO0007461,SUP0022,WH009,2026-08-04,2026-08-16,2026-08-18,Delivered
PO0007462,SUP0076,WH007,2025-07-19,2025-07-27,2025-08-01,Delivered
PO0007463,SUP0026,WH001,2026-02-28,2026-03-03,2026-03-11,Delivered
PO0007464,SUP0100,WH003,2025-07-17,2025-07-23,2025-07-23,Delivered
PO0007465,SUP0086,WH006,2025-11-22,2025-11-28,2025-11-28,Delivered
PO0007466,SUP0008,WH008,2025-11-29,2025-12-09,2025-12-09,Delivered
PO0007467,SUP0093,WH003,2026-06-10,2026-06-16,2026-06-16,Delivered
PO0007468,SUP0003,WH007,2026-08-03,2026-08-13,2026-08-13,Delivered
PO0007469,SUP0090,WH007,2025-06-18,2025-06-29,2025-07-04,Delivered
PO0007470,SUP0041,WH001,2025-06-19,2025-07-03,2025-07-05,Delivered
PO0007471,SUP0100,WH008,2025-03-13,2025-03-20,2025-03-21,Delivered
PO0007472,SUP0020,WH010,2026-07-21,2026-07-31,2026-08-03,Delivered
PO0007473,SUP0099,WH006,2025-05-30,2025-06-09,2025-06-09,Delivered
PO0007474,SUP0005,WH002,2025-09-26,2025-10-03,2025-10-04,Delivered
PO0007475,SUP0060,WH009,2025-01-19,2025-01-24,2025-01-24,Delivered
PO0007476,SUP0004,WH010,2025-04-29,2025-05-11,2025-05-11,Delivered
PO0007477,SUP0035,WH007,2026-01-24,2026-02-07,2026-02-08,Delivered
PO0007478,SUP0086,WH004,2026-07-28,2026-08-08,2026-08-08,Delivered
PO0007479,SUP0079,WH002,2025-07-05,2025-07-14,2025-07-16,Delivered
PO0007480,SUP0016,WH010,2025-11-12,2025-11-24,2025-11-24,Delivered
PO0007481,SUP0065,WH001,2026-05-17,2026-05-25,2026-05-26,Delivered
PO0007482,SUP0073,WH006,2025-10-28,2025-10-30,2025-11-04,Delivered
PO0007483,SUP0086,WH004,2025-03-21,2025-03-24,2025-03-27,Delivered
PO0007484,SUP0079,WH005,2025-07-16,2025-07-25,2025-07-28,Delivered
PO0007485,SUP0067,WH006,2025-10-24,2025-11-01,2025-11-02,Delivered
PO0007486,SUP0028,WH008,2025-12-29,2026-01-06,2026-01-06,Delivered
PO0007487,SUP0078,WH004,2025-11-09,2025-11-17,2025-11-20,Delivered
PO0007488,SUP0097,WH005,2025-10-24,2025-11-06,2025-11-06,Delivered
PO0007489,SUP0098,WH003,2026-04-11,2026-04-19,2026-04-24,Cancelled
PO0007490,SUP0056,WH003,2025-09-18,2025-09-26,2025-09-27,Delivered
PO0007491,SUP0053,WH005,2025-10-22,2025-11-05,2025-11-07,Delivered
PO0007492,SUP0099,WH002,2026-03-30,2026-04-11,2026-04-11,Delivered
PO0007493,SUP0047,WH004,2025-05-14,2025-05-23,2025-05-26,Delivered
PO0007494,SUP0035,WH006,2025-05-17,2025-05-30,2025-05-30,Cancelled
PO0007495,SUP0065,WH004,2025-12-02,2025-12-14,2025-12-14,Delivered
PO0007496,SUP0035,WH008,2026-02-24,2026-03-03,2026-03-03,Cancelled
PO0007497,SUP0038,WH007,2025-10-16,2025-10-27,2025-10-27,Delivered
PO0007498,SUP0081,WH005,2025-11-25,2025-11-28,2025-11-28,Delivered
PO0007499,SUP0004,WH004,2026-01-22,2026-01-28,2026-01-28,Delivered
PO0007500,SUP0033,WH010,2025-10-27,2025-11-08,2025-11-10,Delivered
PO0007501,SUP0019,WH008,2026-06-09,2026-06-23,2026-06-24,Delivered
PO0007502,SUP0039,WH004,2026-04-07,2026-04-19,2026-04-19,Delivered
PO0007503,SUP0090,WH009,2025-03-16,2025-03-18,2025-03-18,Delivered
PO0007504,SUP0014,WH004,2025-12-01,2025-12-03,2025-12-11,Delivered
PO0007505,SUP0007,WH008,2025-03-12,2025-03-14,2025-03-14,Delivered
PO0007506,SUP0043,WH007,2025-06-15,2025-06-25,2025-06-26,Delivered
PO0007507,SUP0048,WH004,2025-08-16,2025-08-20,2025-08-20,Delivered
PO0007508,SUP0089,WH008,2026-08-25,2026-08-30,,In Transit
PO0007509,SUP0024,WH003,2026-06-11,2026-06-17,2026-06-17,Delivered
PO0007510,SUP0011,WH007,2026-02-11,2026-02-22,2026-02-23,Delivered
PO0007511,SUP0076,WH001,2026-05-27,2026-06-03,2026-06-06,Delivered
PO0007512,SUP0098,WH001,2026-01-23,2026-02-06,2026-02-11,Delivered
PO0007513,SUP0007,WH002,2025-12-04,2025-12-17,2025-12-17,Delivered
PO0007514,SUP0076,WH009,2026-01-18,2026-01-30,2026-02-04,Cancelled
PO0007515,SUP0055,WH002,2025-08-04,2025-08-10,2025-08-10,Delivered
PO0007516,SUP0068,WH010,2026-06-30,2026-07-14,2026-07-16,Delivered
PO0007517,SUP0071,WH008,2025-09-01,2025-09-11,2025-09-11,Delivered
PO0007518,SUP0059,WH008,2025-02-20,2025-03-04,2025-03-09,Delivered
PO0007519,SUP0037,WH001,2025-02-01,2025-02-14,2025-02-14,Delivered
PO0007520,SUP0005,WH006,2025-06-11,2025-06-15,2025-06-17,Delivered
PO0007521,SUP0056,WH003,2025-08-01,2025-08-15,2025-08-18,Delivered
PO0007522,SUP0096,WH002,2025-06-16,2025-06-27,2025-06-27,Cancelled
PO0007523,SUP0006,WH009,2026-06-30,2026-07-05,2026-07-07,Delivered
PO0007524,SUP0085,WH004,2025-06-09,2025-06-11,2025-06-12,Delivered
PO0007525,SUP0030,WH009,2025-05-09,2025-05-12,2025-05-15,Delivered
PO0007526,SUP0009,WH010,2026-06-16,2026-06-20,2026-06-25,Delivered
PO0007527,SUP0018,WH010,2026-05-21,2026-05-25,2026-05-30,Delivered
PO0007528,SUP0014,WH006,2026-03-21,2026-03-24,2026-03-24,Delivered
PO0007529,SUP0045,WH010,2025-02-27,2025-03-07,2025-03-07,Delivered
PO0007530,SUP0043,WH003,2025-10-05,2025-10-09,2025-10-11,Delivered
PO0007531,SUP0022,WH006,2025-03-08,2025-03-22,2025-03-23,Delivered
PO0007532,SUP0065,WH005,2025-04-02,2025-04-11,2025-04-11,Delivered
PO0007533,SUP0016,WH007,2025-05-01,2025-05-12,2025-05-14,Delivered
PO0007534,SUP0036,WH004,2026-07-16,2026-07-21,2026-07-21,Delivered
PO0007535,SUP0056,WH009,2025-03-20,2025-03-26,2025-03-26,Delivered
PO0007536,SUP0024,WH004,2026-06-10,2026-06-15,2026-06-17,Delivered
PO0007537,SUP0097,WH001,2025-07-27,2025-07-29,2025-07-29,Delivered
PO0007538,SUP0056,WH002,2025-02-09,2025-02-16,2025-02-17,Delivered
PO0007539,SUP0012,WH009,2026-08-02,2026-08-06,2026-08-14,Delivered
PO0007540,SUP0078,WH003,2026-05-30,2026-06-08,2026-06-10,Delivered
PO0007541,SUP0007,WH004,2026-07-21,2026-07-30,2026-07-30,Delivered
PO0007542,SUP0032,WH004,2025-04-13,2025-04-21,2025-04-21,Delivered
PO0007543,SUP0025,WH010,2025-04-20,2025-05-01,2025-05-02,Delivered
PO0007544,SUP0096,WH009,2025-12-23,2025-12-27,2026-01-04,Delivered
PO0007545,SUP0082,WH008,2025-06-14,2025-06-16,2025-06-18,Delivered
PO0007546,SUP0013,WH010,2025-10-09,2025-10-23,2025-10-23,Delivered
PO0007547,SUP0075,WH010,2026-07-12,2026-07-18,2026-07-18,Delivered
PO0007548,SUP0058,WH007,2025-02-15,2025-02-27,2025-02-27,Delivered
PO0007549,SUP0059,WH005,2025-07-19,2025-07-29,2025-07-31,Delivered
PO0007550,SUP0069,WH005,2026-01-23,2026-01-25,2026-01-25,Delivered
PO0007551,SUP0100,WH007,2026-07-16,2026-07-26,2026-07-31,Delivered
PO0007552,SUP0069,WH002,2026-06-03,2026-06-13,2026-06-16,Delivered
PO0007553,SUP0086,WH007,2025-03-22,2025-03-29,2025-03-31,Delivered
PO0007554,SUP0038,WH003,2026-02-19,2026-02-26,2026-03-01,Delivered
PO0007555,SUP0030,WH002,2025-10-24,2025-10-26,2025-10-26,Delivered
PO0007556,SUP0006,WH002,2026-05-29,2026-06-07,2026-06-07,Delivered
PO0007557,SUP0082,WH001,2025-10-24,2025-11-04,2025-11-04,Delivered
PO0007558,SUP0066,WH007,2025-06-07,2025-06-09,2025-06-09,Delivered
PO0007559,SUP0066,WH001,2025-11-14,2025-11-19,2025-11-19,Delivered
PO0007560,SUP0081,WH009,2025-03-18,2025-03-30,2025-03-31,Delivered
PO0007561,SUP0035,WH004,2025-07-18,2025-07-23,2025-07-28,Delivered
PO0007562,SUP0024,WH001,2026-06-21,2026-06-26,2026-06-28,Delivered
PO0007563,SUP0082,WH007,2026-05-03,2026-05-17,2026-05-17,Delivered
PO0007564,SUP0022,WH005,2025-06-29,2025-07-04,2025-07-04,Delivered
PO0007565,SUP0049,WH007,2026-02-04,2026-02-15,2026-02-15,Delivered
PO0007566,SUP0014,WH009,2025-06-26,2025-07-01,2025-07-01,Delivered
PO0007567,SUP0079,WH003,2026-03-24,2026-04-01,2026-04-01,Delivered
PO0007568,SUP0053,WH004,2026-01-25,2026-02-07,2026-02-07,Delivered
PO0007569,SUP0049,WH003,2025-11-23,2025-12-04,2025-12-04,Delivered
PO0007570,SUP0078,WH006,2025-02-26,2025-03-01,2025-03-06,Delivered
PO0007571,SUP0051,WH005,2025-11-14,2025-11-16,2025-11-19,Delivered
PO0007572,SUP0053,WH005,2026-07-11,2026-07-15,2026-07-15,Cancelled
PO0007573,SUP0055,WH003,2026-04-06,2026-04-14,2026-04-14,Delivered
PO0007574,SUP0024,WH005,2026-08-05,2026-08-16,2026-08-17,Delivered
PO0007575,SUP0056,WH008,2025-01-19,2025-02-02,2025-02-02,Delivered
PO0007576,SUP0027,WH009,2025-10-16,2025-10-29,2025-10-29,Delivered
PO0007577,SUP0048,WH002,2025-08-03,2025-08-11,2025-08-11,Delivered
PO0007578,SUP0021,WH006,2025-04-01,2025-04-05,2025-04-05,Delivered
PO0007579,SUP0033,WH008,2026-08-26,2026-09-06,,In Transit
PO0007580,SUP0054,WH003,2026-02-06,2026-02-12,2026-02-15,Delivered
PO0007581,SUP0095,WH006,2026-03-31,2026-04-06,2026-04-08,Delivered
PO0007582,SUP0031,WH010,2026-03-05,2026-03-18,2026-03-26,Delivered
PO0007583,SUP0043,WH009,2025-09-22,2025-10-06,2025-10-08,Delivered
PO0007584,SUP0085,WH007,2025-06-02,2025-06-12,2025-06-12,Delivered
PO0007585,SUP0042,WH003,2025-04-09,2025-04-22,2025-04-22,Delivered
PO0007586,SUP0052,WH009,2025-10-04,2025-10-15,2025-10-15,Delivered
PO0007587,SUP0018,WH002,2025-12-22,2025-12-30,2026-01-04,Cancelled
PO0007588,SUP0065,WH008,2026-08-06,2026-08-14,2026-08-14,Delivered
PO0007589,SUP0021,WH010,2025-05-20,2025-05-27,2025-05-27,Delivered
PO0007590,SUP0100,WH003,2026-01-04,2026-01-14,2026-01-14,Delivered
PO0007591,SUP0010,WH002,2026-01-07,2026-01-17,2026-01-17,Delivered
PO0007592,SUP0078,WH006,2025-03-24,2025-03-28,2025-03-29,Delivered
PO0007593,SUP0038,WH010,2026-04-08,2026-04-22,2026-04-22,Delivered
PO0007594,SUP0082,WH002,2025-10-26,2025-10-28,2025-10-29,Delivered
PO0007595,SUP0014,WH006,2026-04-26,2026-05-03,2026-05-06,Delivered
PO0007596,SUP0075,WH001,2025-06-12,2025-06-18,2025-06-18,Delivered
PO0007597,SUP0064,WH007,2026-04-13,2026-04-17,2026-04-20,Delivered
PO0007598,SUP0045,WH004,2026-04-30,2026-05-02,2026-05-02,Delivered
PO0007599,SUP0092,WH003,2025-07-23,2025-07-27,2025-07-27,Delivered
PO0007600,SUP0069,WH010,2025-08-07,2025-08-10,2025-08-10,Delivered
PO0007601,SUP0049,WH009,2026-08-07,2026-08-15,2026-08-17,Delivered
PO0007602,SUP0078,WH003,2026-04-05,2026-04-12,2026-04-15,Delivered
PO0007603,SUP0013,WH006,2026-08-04,2026-08-15,2026-08-15,Delivered
PO0007604,SUP0027,WH010,2025-07-26,2025-08-06,2025-08-11,Delivered
PO0007605,SUP0097,WH010,2026-08-26,2026-09-08,,In Transit
PO0007606,SUP0087,WH009,2025-05-10,2025-05-23,2025-05-23,Delivered
PO0007607,SUP0024,WH010,2025-07-30,2025-08-08,2025-08-11,Delivered
PO0007608,SUP0011,WH010,2025-10-27,2025-11-09,2025-11-17,Delivered
PO0007609,SUP0061,WH010,2026-07-18,2026-07-22,2026-07-24,Delivered
PO0007610,SUP0020,WH004,2025-06-09,2025-06-15,2025-06-15,Delivered
PO0007611,SUP0057,WH002,2026-05-16,2026-05-24,2026-05-24,Delivered
PO0007612,SUP0043,WH004,2026-05-17,2026-05-26,2026-05-26,Delivered
PO0007613,SUP0008,WH008,2025-04-08,2025-04-15,2025-04-15,Delivered
PO0007614,SUP0074,WH008,2026-05-06,2026-05-13,2026-05-13,Delivered
PO0007615,SUP0045,WH007,2025-03-02,2025-03-04,2025-03-05,Delivered
PO0007616,SUP0019,WH003,2025-02-05,2025-02-19,2025-02-19,Delivered
PO0007617,SUP0083,WH001,2026-04-18,2026-05-01,2026-05-01,Delivered
PO0007618,SUP0004,WH008,2025-08-31,2025-09-08,2025-09-08,Delivered
PO0007619,SUP0099,WH006,2025-03-24,2025-03-30,2025-03-30,Delivered
PO0007620,SUP0098,WH002,2025-06-05,2025-06-13,2025-06-13,Delivered
PO0007621,SUP0066,WH006,2025-05-25,2025-05-29,2025-06-03,Delivered
PO0007622,SUP0081,WH004,2026-05-12,2026-05-15,2026-05-15,Delivered
PO0007623,SUP0053,WH007,2025-04-02,2025-04-09,2025-04-11,Delivered
PO0007624,SUP0031,WH006,2025-09-12,2025-09-22,2025-09-23,Delivered
PO0007625,SUP0077,WH005,2026-04-08,2026-04-13,2026-04-14,Delivered
PO0007626,SUP0073,WH002,2026-01-24,2026-01-31,2026-01-31,Delivered
PO0007627,SUP0046,WH008,2025-04-26,2025-05-01,2025-05-01,Delivered
PO0007628,SUP0039,WH006,2025-05-11,2025-05-13,2025-05-14,Delivered
PO0007629,SUP0028,WH007,2025-01-28,2025-02-06,2025-02-06,Delivered
PO0007630,SUP0012,WH006,2025-09-22,2025-09-27,2025-09-27,Delivered
PO0007631,SUP0012,WH005,2026-04-05,2026-04-11,2026-04-14,Delivered
PO0007632,SUP0096,WH003,2026-04-24,2026-05-04,2026-05-04,Delivered
PO0007633,SUP0039,WH002,2025-09-09,2025-09-18,2025-09-18,Delivered
PO0007634,SUP0094,WH002,2025-12-06,2025-12-10,2025-12-10,Delivered
PO0007635,SUP0078,WH010,2026-05-31,2026-06-07,2026-06-08,Delivered
PO0007636,SUP0015,WH010,2026-01-09,2026-01-13,2026-01-16,Delivered
PO0007637,SUP0073,WH009,2025-10-17,2025-10-22,2025-10-22,Delivered
PO0007638,SUP0043,WH003,2025-09-24,2025-10-07,2025-10-07,Delivered
PO0007639,SUP0045,WH002,2026-04-23,2026-05-01,2026-05-01,Delivered
PO0007640,SUP0034,WH005,2025-05-18,2025-05-23,2025-05-25,Delivered
PO0007641,SUP0025,WH008,2025-05-21,2025-05-27,2025-05-27,Cancelled
PO0007642,SUP0076,WH006,2025-06-25,2025-06-28,2025-07-01,Delivered
PO0007643,SUP0013,WH002,2026-03-25,2026-04-04,2026-04-07,Delivered
PO0007644,SUP0034,WH006,2025-04-23,2025-05-04,2025-05-04,Delivered
PO0007645,SUP0084,WH008,2025-03-02,2025-03-15,2025-03-23,Delivered
PO0007646,SUP0008,WH006,2026-06-02,2026-06-15,2026-06-15,Delivered
PO0007647,SUP0085,WH010,2025-05-08,2025-05-19,2025-05-19,Delivered
PO0007648,SUP0019,WH003,2026-08-25,2026-08-28,,In Transit
PO0007649,SUP0090,WH005,2026-07-31,2026-08-08,2026-08-10,Delivered
PO0007650,SUP0090,WH008,2025-02-04,2025-02-07,2025-02-07,Delivered
PO0007651,SUP0091,WH007,2026-05-06,2026-05-20,2026-05-20,Delivered
PO0007652,SUP0041,WH009,2026-05-13,2026-05-26,2026-05-29,Delivered
PO0007653,SUP0058,WH006,2025-07-21,2025-07-26,2025-07-26,Delivered
PO0007654,SUP0083,WH003,2025-04-27,2025-05-07,2025-05-07,Delivered
PO0007655,SUP0079,WH002,2025-06-23,2025-06-28,2025-07-01,Delivered
PO0007656,SUP0064,WH005,2026-07-07,2026-07-13,2026-07-13,Delivered
PO0007657,SUP0043,WH009,2026-05-03,2026-05-05,2026-05-05,Delivered
PO0007658,SUP0026,WH009,2026-04-15,2026-04-22,2026-04-22,Delivered
PO0007659,SUP0046,WH009,2025-05-20,2025-05-24,2025-05-26,Delivered
PO0007660,SUP0080,WH007,2026-05-06,2026-05-20,2026-05-20,Delivered
PO0007661,SUP0016,WH005,2026-03-29,2026-04-05,2026-04-05,Delivered
PO0007662,SUP0058,WH005,2025-11-11,2025-11-24,2025-11-25,Delivered
PO0007663,SUP0098,WH008,2025-03-06,2025-03-16,2025-03-19,Delivered
PO0007664,SUP0087,WH002,2025-11-14,2025-11-17,2025-11-17,Delivered
PO0007665,SUP0022,WH006,2025-02-22,2025-02-28,2025-03-05,Delivered
PO0007666,SUP0014,WH010,2025-02-09,2025-02-22,2025-02-22,Delivered
PO0007667,SUP0092,WH001,2025-03-09,2025-03-18,2025-03-20,Delivered
PO0007668,SUP0052,WH007,2025-06-22,2025-07-03,2025-07-03,Delivered
PO0007669,SUP0001,WH007,2025-08-11,2025-08-22,2025-08-22,Delivered
PO0007670,SUP0074,WH004,2025-06-19,2025-06-23,2025-06-23,Delivered
PO0007671,SUP0097,WH001,2026-02-09,2026-02-22,2026-02-22,Delivered
PO0007672,SUP0033,WH008,2026-03-17,2026-03-24,2026-03-24,Delivered
PO0007673,SUP0060,WH006,2025-02-03,2025-02-15,2025-02-15,Delivered
PO0007674,SUP0092,WH009,2025-05-02,2025-05-09,2025-05-09,Delivered
PO0007675,SUP0088,WH006,2025-12-13,2025-12-24,2025-12-24,Delivered
PO0007676,SUP0019,WH005,2025-08-02,2025-08-15,2025-08-18,Delivered
PO0007677,SUP0087,WH002,2025-03-05,2025-03-07,2025-03-12,Delivered
PO0007678,SUP0016,WH001,2025-03-25,2025-04-06,2025-04-07,Delivered
PO0007679,SUP0031,WH010,2025-08-08,2025-08-10,2025-08-10,Delivered
PO0007680,SUP0086,WH006,2025-05-13,2025-05-27,2025-05-30,Delivered
PO0007681,SUP0076,WH003,2025-06-02,2025-06-07,2025-06-07,Delivered
PO0007682,SUP0009,WH006,2025-04-09,2025-04-16,2025-04-21,Delivered
PO0007683,SUP0004,WH001,2026-06-01,2026-06-12,2026-06-12,Delivered
PO0007684,SUP0008,WH003,2025-12-02,2025-12-15,2025-12-18,Delivered
PO0007685,SUP0079,WH010,2025-01-26,2025-02-04,2025-02-04,Delivered
PO0007686,SUP0095,WH001,2025-09-11,2025-09-23,2025-09-24,Delivered
PO0007687,SUP0076,WH009,2025-06-01,2025-06-09,2025-06-09,Delivered
PO0007688,SUP0095,WH010,2025-12-08,2025-12-16,2025-12-16,Delivered
PO0007689,SUP0030,WH010,2025-03-18,2025-03-27,2025-03-29,Delivered
PO0007690,SUP0078,WH009,2025-07-07,2025-07-14,2025-07-17,Delivered
PO0007691,SUP0064,WH008,2025-03-16,2025-03-18,2025-03-26,Delivered
PO0007692,SUP0023,WH010,2026-06-26,2026-07-06,2026-07-06,Delivered
PO0007693,SUP0023,WH003,2026-07-23,2026-08-05,2026-08-05,Delivered
PO0007694,SUP0078,WH008,2025-01-05,2025-01-16,2025-01-19,Delivered
PO0007695,SUP0076,WH007,2026-03-20,2026-03-24,2026-03-27,Delivered
PO0007696,SUP0093,WH007,2025-07-29,2025-08-07,2025-08-07,Delivered
PO0007697,SUP0027,WH009,2025-06-08,2025-06-10,2025-06-15,Delivered
PO0007698,SUP0002,WH004,2025-10-17,2025-10-27,2025-10-27,Delivered
PO0007699,SUP0049,WH009,2026-03-18,2026-03-20,2026-03-25,Delivered
PO0007700,SUP0076,WH002,2025-06-20,2025-06-23,2025-06-23,Delivered
PO0007701,SUP0081,WH003,2025-12-02,2025-12-10,2025-12-10,Delivered
PO0007702,SUP0040,WH009,2026-07-19,2026-07-21,2026-07-21,Delivered
PO0007703,SUP0084,WH008,2026-03-28,2026-04-02,2026-04-02,Delivered
PO0007704,SUP0003,WH004,2025-10-23,2025-10-25,2025-10-26,Delivered
PO0007705,SUP0039,WH007,2025-12-25,2026-01-01,2026-01-01,Delivered
PO0007706,SUP0026,WH003,2025-05-17,2025-05-20,2025-05-20,Delivered
PO0007707,SUP0082,WH004,2026-01-21,2026-02-01,2026-02-01,Delivered
PO0007708,SUP0007,WH009,2026-02-28,2026-03-13,2026-03-13,Delivered
PO0007709,SUP0091,WH006,2026-02-21,2026-03-02,2026-03-03,Delivered
PO0007710,SUP0044,WH003,2026-06-06,2026-06-20,2026-06-20,Delivered
PO0007711,SUP0023,WH008,2025-11-17,2025-12-01,2025-12-02,Delivered
PO0007712,SUP0015,WH006,2025-06-27,2025-07-08,2025-07-08,Delivered
PO0007713,SUP0020,WH010,2025-11-29,2025-12-11,2025-12-11,Cancelled
PO0007714,SUP0034,WH004,2025-04-11,2025-04-13,2025-04-13,Delivered
PO0007715,SUP0045,WH006,2026-01-01,2026-01-08,2026-01-08,Delivered
PO0007716,SUP0060,WH004,2026-04-12,2026-04-22,2026-04-22,Delivered
PO0007717,SUP0027,WH004,2025-03-27,2025-04-02,2025-04-04,Delivered
PO0007718,SUP0081,WH001,2025-08-07,2025-08-11,2025-08-13,Delivered
PO0007719,SUP0070,WH007,2025-08-13,2025-08-23,2025-08-23,Delivered
PO0007720,SUP0074,WH007,2025-02-11,2025-02-20,2025-02-23,Delivered
PO0007721,SUP0031,WH006,2025-10-07,2025-10-15,2025-10-20,Delivered
PO0007722,SUP0070,WH006,2026-01-04,2026-01-17,2026-01-17,Delivered
PO0007723,SUP0028,WH006,2026-04-20,2026-04-23,2026-04-23,Delivered
PO0007724,SUP0029,WH005,2025-07-11,2025-07-17,2025-07-20,Delivered
PO0007725,SUP0013,WH002,2025-06-30,2025-07-02,2025-07-04,Delivered
PO0007726,SUP0080,WH008,2025-11-11,2025-11-16,2025-11-16,Delivered
PO0007727,SUP0083,WH006,2025-06-01,2025-06-03,2025-06-04,Delivered
PO0007728,SUP0067,WH002,2025-11-18,2025-11-29,2025-12-02,Delivered
PO0007729,SUP0073,WH006,2025-02-09,2025-02-17,2025-02-19,Delivered
PO0007730,SUP0033,WH007,2025-04-22,2025-05-03,2025-05-03,Delivered
PO0007731,SUP0033,WH010,2026-03-17,2026-03-21,2026-03-21,Delivered
PO0007732,SUP0006,WH004,2026-06-01,2026-06-03,2026-06-03,Delivered
PO0007733,SUP0035,WH009,2025-08-29,2025-09-08,2025-09-09,Delivered
PO0007734,SUP0079,WH010,2025-03-25,2025-04-07,2025-04-07,Delivered
PO0007735,SUP0063,WH005,2026-02-02,2026-02-07,2026-02-07,Delivered
PO0007736,SUP0079,WH006,2025-09-11,2025-09-16,2025-09-16,Delivered
PO0007737,SUP0035,WH003,2026-01-31,2026-02-09,2026-02-10,Delivered
PO0007738,SUP0098,WH003,2025-03-19,2025-03-23,2025-03-26,Delivered
PO0007739,SUP0090,WH002,2026-03-11,2026-03-14,2026-03-17,Delivered
PO0007740,SUP0056,WH009,2025-11-08,2025-11-17,2025-11-18,Delivered
PO0007741,SUP0011,WH003,2025-02-14,2025-02-23,2025-03-03,Delivered
PO0007742,SUP0019,WH001,2026-04-28,2026-05-07,2026-05-07,Delivered
PO0007743,SUP0089,WH001,2026-08-13,2026-08-18,2026-08-19,Delivered
PO0007744,SUP0009,WH007,2025-11-19,2025-11-27,2025-11-27,Delivered
PO0007745,SUP0026,WH010,2025-12-30,2026-01-11,2026-01-11,Delivered
PO0007746,SUP0024,WH002,2025-09-02,2025-09-06,2025-09-06,Delivered
PO0007747,SUP0100,WH003,2025-09-02,2025-09-06,2025-09-06,Delivered
PO0007748,SUP0065,WH007,2026-06-21,2026-06-26,2026-07-04,Delivered
PO0007749,SUP0030,WH008,2026-06-22,2026-06-30,2026-06-30,Delivered
PO0007750,SUP0098,WH004,2026-05-06,2026-05-10,2026-05-10,Delivered
PO0007751,SUP0074,WH009,2025-04-17,2025-04-22,2025-04-22,Delivered
PO0007752,SUP0092,WH010,2026-02-12,2026-02-17,2026-02-17,Delivered
PO0007753,SUP0054,WH004,2025-11-05,2025-11-12,2025-11-13,Delivered
PO0007754,SUP0051,WH006,2026-02-09,2026-02-18,2026-02-26,Delivered
PO0007755,SUP0063,WH005,2026-03-24,2026-03-26,2026-03-28,Delivered
PO0007756,SUP0094,WH001,2025-09-18,2025-09-25,2025-09-25,Delivered
PO0007757,SUP0044,WH010,2025-02-13,2025-02-23,2025-02-23,Delivered
PO0007758,SUP0033,WH008,2026-08-23,2026-09-04,,In Transit
PO0007759,SUP0080,WH002,2026-03-23,2026-03-26,2026-03-26,Delivered
PO0007760,SUP0096,WH003,2025-09-10,2025-09-13,2025-09-14,Delivered
PO0007761,SUP0079,WH003,2025-11-13,2025-11-17,2025-11-25,Delivered
PO0007762,SUP0050,WH004,2025-02-11,2025-02-18,2025-02-19,Delivered
PO0007763,SUP0020,WH004,2025-10-15,2025-10-22,2025-10-22,Delivered
PO0007764,SUP0004,WH003,2026-01-20,2026-01-27,2026-01-29,Delivered
PO0007765,SUP0095,WH007,2025-02-09,2025-02-19,2025-02-19,Delivered
PO0007766,SUP0090,WH006,2026-08-07,2026-08-21,2026-08-21,Delivered
PO0007767,SUP0014,WH004,2025-08-10,2025-08-19,2025-08-24,Delivered
PO0007768,SUP0013,WH004,2025-01-14,2025-01-16,2025-01-19,Delivered
PO0007769,SUP0002,WH008,2026-08-12,2026-08-15,2026-08-20,Delivered
PO0007770,SUP0051,WH005,2025-05-25,2025-05-28,2025-05-28,Cancelled
PO0007771,SUP0045,WH008,2026-03-04,2026-03-06,2026-03-06,Delivered
PO0007772,SUP0009,WH010,2025-06-07,2025-06-18,2025-06-18,Delivered
PO0007773,SUP0032,WH009,2026-04-24,2026-05-02,2026-05-02,Delivered
PO0007774,SUP0056,WH009,2025-07-02,2025-07-06,2025-07-08,Delivered
PO0007775,SUP0005,WH010,2025-03-11,2025-03-25,2025-03-25,Delivered
PO0007776,SUP0030,WH005,2026-07-04,2026-07-16,2026-07-18,Delivered
PO0007777,SUP0077,WH010,2026-01-04,2026-01-14,2026-01-19,Delivered
PO0007778,SUP0028,WH002,2026-05-06,2026-05-18,2026-05-18,Delivered
PO0007779,SUP0099,WH005,2026-03-04,2026-03-14,2026-03-15,Delivered
PO0007780,SUP0062,WH009,2025-10-25,2025-11-06,2025-11-09,Delivered
PO0007781,SUP0026,WH006,2025-12-28,2026-01-05,2026-01-05,Delivered
PO0007782,SUP0063,WH010,2025-07-03,2025-07-10,2025-07-15,Delivered
PO0007783,SUP0032,WH008,2025-11-01,2025-11-08,2025-11-08,Cancelled
PO0007784,SUP0008,WH002,2026-05-19,2026-06-01,2026-06-01,Delivered
PO0007785,SUP0033,WH002,2025-10-07,2025-10-12,2025-10-12,Delivered
PO0007786,SUP0045,WH003,2025-10-26,2025-10-28,2025-10-31,Delivered
PO0007787,SUP0061,WH009,2026-04-25,2026-05-04,2026-05-06,Delivered
PO0007788,SUP0055,WH001,2025-05-13,2025-05-24,2025-05-25,Delivered
PO0007789,SUP0014,WH002,2025-11-16,2025-11-23,2025-11-23,Delivered
PO0007790,SUP0006,WH007,2025-10-28,2025-11-10,2025-11-13,Delivered
PO0007791,SUP0086,WH002,2026-06-26,2026-07-08,2026-07-10,Delivered
PO0007792,SUP0055,WH010,2026-03-31,2026-04-14,2026-04-14,Delivered
PO0007793,SUP0099,WH006,2026-08-14,2026-08-20,2026-08-21,Delivered
PO0007794,SUP0039,WH001,2026-03-23,2026-04-03,2026-04-03,Delivered
PO0007795,SUP0079,WH003,2026-05-28,2026-06-10,2026-06-13,Delivered
PO0007796,SUP0089,WH008,2025-03-29,2025-04-05,2025-04-10,Delivered
PO0007797,SUP0065,WH007,2025-09-05,2025-09-11,2025-09-13,Delivered
PO0007798,SUP0040,WH006,2025-05-03,2025-05-06,2025-05-08,Delivered
PO0007799,SUP0065,WH002,2025-05-06,2025-05-08,2025-05-08,Delivered
PO0007800,SUP0041,WH004,2025-08-22,2025-09-03,2025-09-03,Delivered
PO0007801,SUP0020,WH009,2025-01-01,2025-01-05,2025-01-06,Cancelled
PO0007802,SUP0009,WH006,2026-03-12,2026-03-21,2026-03-23,Delivered
PO0007803,SUP0094,WH001,2026-01-17,2026-01-27,2026-01-27,Delivered
PO0007804,SUP0100,WH010,2025-09-13,2025-09-15,2025-09-20,Delivered
PO0007805,SUP0071,WH003,2025-10-22,2025-10-26,2025-11-03,Delivered
PO0007806,SUP0088,WH004,2025-04-02,2025-04-16,2025-04-16,Delivered
PO0007807,SUP0017,WH002,2025-06-24,2025-07-03,2025-07-03,Delivered
PO0007808,SUP0031,WH001,2025-08-26,2025-08-28,2025-08-29,Delivered
PO0007809,SUP0032,WH007,2026-02-07,2026-02-19,2026-02-22,Delivered
PO0007810,SUP0022,WH003,2025-09-01,2025-09-13,2025-09-15,Delivered
PO0007811,SUP0017,WH004,2025-04-24,2025-05-06,2025-05-11,Delivered
PO0007812,SUP0092,WH004,2026-07-06,2026-07-15,2026-07-17,Delivered
PO0007813,SUP0015,WH006,2026-05-04,2026-05-06,2026-05-06,Delivered
PO0007814,SUP0027,WH006,2026-05-05,2026-05-16,2026-05-16,Delivered
PO0007815,SUP0018,WH004,2026-01-23,2026-01-30,2026-01-31,Delivered
PO0007816,SUP0040,WH001,2025-06-24,2025-07-04,2025-07-04,Delivered
PO0007817,SUP0097,WH007,2026-05-10,2026-05-14,2026-05-16,Delivered
PO0007818,SUP0088,WH002,2026-08-26,2026-09-05,,In Transit
PO0007819,SUP0071,WH008,2026-08-09,2026-08-22,2026-08-24,Delivered
PO0007820,SUP0094,WH009,2026-04-06,2026-04-10,2026-04-12,Delivered
PO0007821,SUP0026,WH003,2025-09-26,2025-10-10,2025-10-18,Delivered
PO0007822,SUP0100,WH001,2025-02-01,2025-02-14,2025-02-17,Delivered
PO0007823,SUP0097,WH003,2026-03-21,2026-04-03,2026-04-03,Delivered
PO0007824,SUP0069,WH002,2025-06-22,2025-06-26,2025-06-28,Delivered
PO0007825,SUP0002,WH007,2026-08-02,2026-08-12,2026-08-17,Delivered
PO0007826,SUP0052,WH001,2026-02-26,2026-03-07,2026-03-07,Delivered
PO0007827,SUP0033,WH004,2026-05-06,2026-05-15,2026-05-15,Delivered
PO0007828,SUP0084,WH009,2025-11-12,2025-11-14,2025-11-19,Delivered
PO0007829,SUP0036,WH004,2026-07-13,2026-07-16,2026-07-21,Delivered
PO0007830,SUP0066,WH008,2025-06-20,2025-06-22,2025-06-22,Delivered
PO0007831,SUP0010,WH005,2025-11-02,2025-11-04,2025-11-05,Delivered
PO0007832,SUP0022,WH005,2026-02-03,2026-02-17,2026-02-17,Delivered
PO0007833,SUP0017,WH001,2025-02-25,2025-03-07,2025-03-10,Delivered
PO0007834,SUP0040,WH004,2026-07-11,2026-07-17,2026-07-20,Delivered
PO0007835,SUP0054,WH007,2025-09-26,2025-10-02,2025-10-02,Delivered
PO0007836,SUP0097,WH004,2025-05-02,2025-05-07,2025-05-08,Delivered
PO0007837,SUP0074,WH007,2025-10-08,2025-10-17,2025-10-17,Delivered
PO0007838,SUP0025,WH004,2025-04-05,2025-04-19,2025-04-20,Delivered
PO0007839,SUP0026,WH002,2026-06-27,2026-07-08,2026-07-11,Delivered
PO0007840,SUP0030,WH005,2025-07-29,2025-08-08,2025-08-11,Delivered
PO0007841,SUP0061,WH001,2026-05-07,2026-05-10,2026-05-10,Delivered
PO0007842,SUP0019,WH008,2025-06-04,2025-06-14,2025-06-14,Delivered
PO0007843,SUP0087,WH001,2026-06-17,2026-06-21,2026-06-23,Delivered
PO0007844,SUP0027,WH009,2026-01-06,2026-01-16,2026-01-17,Delivered
PO0007845,SUP0093,WH002,2026-05-29,2026-06-10,2026-06-10,Delivered
PO0007846,SUP0005,WH001,2025-11-28,2025-12-11,2025-12-16,Delivered
PO0007847,SUP0084,WH005,2026-01-28,2026-02-10,2026-02-12,Delivered
PO0007848,SUP0091,WH004,2026-06-19,2026-06-22,2026-06-23,Delivered
PO0007849,SUP0010,WH007,2025-08-31,2025-09-13,2025-09-18,Delivered
PO0007850,SUP0069,WH002,2025-08-24,2025-09-04,2025-09-04,Delivered
PO0007851,SUP0016,WH004,2026-01-24,2026-01-28,2026-01-28,Delivered
PO0007852,SUP0006,WH009,2026-07-12,2026-07-16,2026-07-18,Delivered
PO0007853,SUP0063,WH003,2025-09-25,2025-09-27,2025-09-27,Delivered
PO0007854,SUP0067,WH007,2025-08-05,2025-08-08,2025-08-08,Delivered
PO0007855,SUP0073,WH003,2025-12-26,2026-01-06,2026-01-08,Delivered
PO0007856,SUP0084,WH010,2025-04-27,2025-05-03,2025-05-05,Delivered
PO0007857,SUP0049,WH003,2025-01-22,2025-01-31,2025-02-02,Delivered
PO0007858,SUP0092,WH005,2025-02-26,2025-02-28,2025-02-28,Delivered
PO0007859,SUP0019,WH009,2025-03-29,2025-03-31,2025-03-31,Delivered
PO0007860,SUP0055,WH005,2025-04-21,2025-04-30,2025-04-30,Delivered
PO0007861,SUP0099,WH004,2025-12-03,2025-12-14,2025-12-16,Delivered
PO0007862,SUP0089,WH009,2026-02-03,2026-02-16,2026-02-21,Delivered
PO0007863,SUP0063,WH003,2026-03-09,2026-03-22,2026-03-22,Delivered
PO0007864,SUP0021,WH008,2025-10-29,2025-11-10,2025-11-12,Delivered
PO0007865,SUP0061,WH001,2026-04-11,2026-04-15,2026-04-15,Delivered
PO0007866,SUP0085,WH002,2025-06-23,2025-06-25,2025-06-28,Delivered
PO0007867,SUP0021,WH006,2025-08-10,2025-08-20,2025-08-20,Delivered
PO0007868,SUP0081,WH002,2025-09-28,2025-10-01,2025-10-03,Delivered
PO0007869,SUP0034,WH006,2025-01-20,2025-02-02,2025-02-02,Delivered
PO0007870,SUP0066,WH002,2026-02-09,2026-02-22,2026-02-22,Delivered
PO0007871,SUP0038,WH006,2025-12-01,2025-12-08,2025-12-09,Delivered
PO0007872,SUP0056,WH008,2025-07-26,2025-08-01,2025-08-01,Delivered
PO0007873,SUP0009,WH006,2025-10-27,2025-11-02,2025-11-05,Delivered
PO0007874,SUP0041,WH005,2026-08-18,2026-08-30,,In Transit
PO0007875,SUP0092,WH003,2025-05-23,2025-05-30,2025-05-30,Delivered
PO0007876,SUP0062,WH005,2026-06-17,2026-06-22,2026-06-30,Delivered
PO0007877,SUP0074,WH003,2026-01-09,2026-01-20,2026-01-23,Delivered
PO0007878,SUP0049,WH001,2026-02-03,2026-02-14,2026-02-15,Delivered
PO0007879,SUP0032,WH010,2026-08-13,2026-08-15,2026-08-16,Delivered
PO0007880,SUP0043,WH007,2025-03-06,2025-03-12,2025-03-17,Delivered
PO0007881,SUP0062,WH004,2025-06-20,2025-06-23,2025-06-26,Cancelled
PO0007882,SUP0039,WH007,2025-04-21,2025-04-25,2025-04-30,Delivered
PO0007883,SUP0066,WH003,2025-02-03,2025-02-14,2025-02-14,Delivered
PO0007884,SUP0011,WH006,2025-02-17,2025-02-19,2025-02-21,Delivered
PO0007885,SUP0084,WH007,2025-08-23,2025-08-26,2025-08-26,Delivered
PO0007886,SUP0097,WH009,2025-04-01,2025-04-07,2025-04-07,Delivered
PO0007887,SUP0099,WH006,2025-04-20,2025-04-28,2025-04-28,Delivered
PO0007888,SUP0075,WH001,2026-03-18,2026-03-22,2026-03-22,Delivered
PO0007889,SUP0069,WH009,2026-08-02,2026-08-08,2026-08-11,Delivered
PO0007890,SUP0071,WH010,2025-07-22,2025-07-31,2025-07-31,Delivered
PO0007891,SUP0056,WH003,2025-01-03,2025-01-16,2025-01-16,Delivered
PO0007892,SUP0025,WH001,2025-05-02,2025-05-11,2025-05-11,Delivered
PO0007893,SUP0009,WH009,2025-02-21,2025-03-05,2025-03-05,Delivered
PO0007894,SUP0023,WH010,2025-02-28,2025-03-10,2025-03-11,Delivered
PO0007895,SUP0016,WH004,2025-08-29,2025-09-02,2025-09-04,Delivered
PO0007896,SUP0073,WH002,2025-06-17,2025-06-21,2025-06-22,Delivered
PO0007897,SUP0052,WH003,2025-01-07,2025-01-14,2025-01-14,Delivered
PO0007898,SUP0060,WH004,2026-01-05,2026-01-09,2026-01-09,Delivered
PO0007899,SUP0019,WH009,2026-06-29,2026-07-10,2026-07-11,Delivered
PO0007900,SUP0068,WH002,2025-07-28,2025-08-03,2025-08-08,Delivered
PO0007901,SUP0022,WH010,2025-03-22,2025-04-02,2025-04-05,Delivered
PO0007902,SUP0032,WH010,2025-03-20,2025-03-30,2025-03-30,Delivered
PO0007903,SUP0020,WH005,2025-10-29,2025-11-02,2025-11-02,Delivered
PO0007904,SUP0006,WH003,2025-12-14,2025-12-19,2025-12-19,Delivered
PO0007905,SUP0046,WH006,2026-07-03,2026-07-15,2026-07-15,Delivered
PO0007906,SUP0099,WH008,2026-07-27,2026-08-07,2026-08-10,Delivered
PO0007907,SUP0089,WH004,2026-04-24,2026-04-29,2026-05-02,Delivered
PO0007908,SUP0064,WH007,2026-05-14,2026-05-23,2026-05-24,Delivered
PO0007909,SUP0022,WH009,2026-02-11,2026-02-13,2026-02-13,Delivered
PO0007910,SUP0071,WH007,2026-08-03,2026-08-11,2026-08-12,Delivered
PO0007911,SUP0071,WH005,2025-05-18,2025-05-20,2025-05-22,Delivered
PO0007912,SUP0003,WH003,2026-04-13,2026-04-23,2026-04-23,Delivered
PO0007913,SUP0095,WH007,2025-12-10,2025-12-15,2025-12-15,Delivered
PO0007914,SUP0019,WH005,2025-07-07,2025-07-19,2025-07-19,Delivered
PO0007915,SUP0031,WH001,2026-06-04,2026-06-13,2026-06-13,Delivered
PO0007916,SUP0091,WH007,2026-05-02,2026-05-04,2026-05-04,Delivered
PO0007917,SUP0032,WH006,2025-11-14,2025-11-21,2025-11-23,Delivered
PO0007918,SUP0015,WH002,2026-06-27,2026-07-09,2026-07-10,Delivered
PO0007919,SUP0058,WH005,2025-07-17,2025-07-22,2025-07-22,Delivered
PO0007920,SUP0095,WH003,2025-06-03,2025-06-12,2025-06-12,Delivered
PO0007921,SUP0072,WH006,2026-06-18,2026-06-22,2026-06-22,Delivered
PO0007922,SUP0082,WH010,2026-08-20,2026-08-23,2026-08-23,Delivered
PO0007923,SUP0096,WH008,2025-10-04,2025-10-16,2025-10-18,Delivered
PO0007924,SUP0002,WH005,2025-05-22,2025-05-28,2025-05-28,Delivered
PO0007925,SUP0078,WH003,2025-03-11,2025-03-16,2025-03-18,Delivered
PO0007926,SUP0056,WH002,2025-11-22,2025-12-03,2025-12-03,Delivered
PO0007927,SUP0005,WH010,2026-07-06,2026-07-11,2026-07-11,Delivered
PO0007928,SUP0009,WH001,2026-08-16,2026-08-20,2026-08-20,Delivered
PO0007929,SUP0083,WH008,2025-04-29,2025-05-11,2025-05-12,Delivered
PO0007930,SUP0042,WH004,2025-11-14,2025-11-24,2025-11-26,Delivered
PO0007931,SUP0051,WH008,2025-06-09,2025-06-14,2025-06-14,Delivered
PO0007932,SUP0022,WH004,2025-02-22,2025-03-02,2025-03-03,Delivered
PO0007933,SUP0007,WH003,2025-11-07,2025-11-19,2025-11-27,Cancelled
PO0007934,SUP0012,WH010,2025-05-02,2025-05-06,2025-05-06,Delivered
PO0007935,SUP0073,WH006,2025-04-16,2025-04-28,2025-04-30,Delivered
PO0007936,SUP0026,WH009,2026-07-30,2026-08-08,2026-08-08,Delivered
PO0007937,SUP0045,WH005,2026-06-15,2026-06-20,2026-06-20,Delivered
PO0007938,SUP0038,WH002,2026-04-02,2026-04-06,2026-04-06,Delivered
PO0007939,SUP0025,WH002,2026-08-10,2026-08-22,2026-08-22,Cancelled
PO0007940,SUP0075,WH004,2025-07-29,2025-08-12,2025-08-13,Delivered
PO0007941,SUP0079,WH008,2025-08-18,2025-08-25,2025-08-26,Delivered
PO0007942,SUP0032,WH003,2025-01-18,2025-01-22,2025-01-22,Delivered
PO0007943,SUP0042,WH009,2026-06-23,2026-06-25,2026-06-25,Delivered
PO0007944,SUP0029,WH005,2026-01-12,2026-01-24,2026-01-24,Delivered
PO0007945,SUP0098,WH006,2025-07-17,2025-07-31,2025-07-31,Delivered
PO0007946,SUP0051,WH009,2026-01-30,2026-02-07,2026-02-10,Delivered
PO0007947,SUP0028,WH004,2025-06-04,2025-06-07,2025-06-07,Delivered
PO0007948,SUP0054,WH007,2026-03-28,2026-04-03,2026-04-04,Delivered
PO0007949,SUP0024,WH006,2026-02-13,2026-02-21,2026-02-21,Delivered
PO0007950,SUP0047,WH008,2026-07-15,2026-07-28,2026-07-28,Delivered
PO0007951,SUP0024,WH002,2025-09-27,2025-10-10,2025-10-10,Delivered
PO0007952,SUP0062,WH001,2025-12-30,2026-01-04,2026-01-05,Delivered
PO0007953,SUP0058,WH008,2026-01-13,2026-01-19,2026-01-19,Delivered
PO0007954,SUP0042,WH010,2026-04-27,2026-05-05,2026-05-05,Delivered
PO0007955,SUP0038,WH003,2026-05-28,2026-06-04,2026-06-04,Delivered
PO0007956,SUP0001,WH009,2025-05-30,2025-06-08,2025-06-08,Delivered
PO0007957,SUP0018,WH007,2025-01-22,2025-02-05,2025-02-08,Delivered
PO0007958,SUP0070,WH006,2025-10-09,2025-10-15,2025-10-17,Delivered
PO0007959,SUP0076,WH008,2025-10-29,2025-11-06,2025-11-06,Delivered
PO0007960,SUP0052,WH003,2025-12-16,2025-12-27,2025-12-29,Delivered
PO0007961,SUP0023,WH010,2025-05-31,2025-06-12,2025-06-12,Delivered
PO0007962,SUP0057,WH001,2026-05-06,2026-05-09,2026-05-14,Delivered
PO0007963,SUP0098,WH009,2025-08-23,2025-08-30,2025-09-04,Delivered
PO0007964,SUP0073,WH002,2025-02-20,2025-02-25,2025-02-25,Delivered
PO0007965,SUP0019,WH003,2026-08-17,2026-08-23,2026-08-23,Delivered
PO0007966,SUP0043,WH009,2026-01-23,2026-02-02,2026-02-02,Delivered
PO0007967,SUP0059,WH003,2025-08-06,2025-08-15,2025-08-15,Delivered
PO0007968,SUP0081,WH009,2025-11-10,2025-11-15,2025-11-15,Delivered
PO0007969,SUP0009,WH002,2025-09-02,2025-09-08,2025-09-10,Delivered
PO0007970,SUP0019,WH007,2026-08-17,2026-08-23,2026-08-23,Delivered
PO0007971,SUP0068,WH004,2025-05-08,2025-05-17,2025-05-20,Cancelled
PO0007972,SUP0055,WH002,2025-04-18,2025-04-27,2025-04-27,Delivered
PO0007973,SUP0021,WH004,2026-02-07,2026-02-15,2026-02-15,Delivered
PO0007974,SUP0012,WH005,2026-04-21,2026-05-01,2026-05-02,Delivered
PO0007975,SUP0017,WH002,2025-10-27,2025-11-01,2025-11-01,Cancelled
PO0007976,SUP0098,WH010,2025-04-06,2025-04-13,2025-04-16,Delivered
PO0007977,SUP0013,WH001,2025-01-05,2025-01-16,2025-01-18,Delivered
PO0007978,SUP0072,WH007,2025-03-07,2025-03-19,2025-03-21,Delivered
PO0007979,SUP0080,WH004,2025-12-10,2025-12-22,2025-12-25,Delivered
PO0007980,SUP0100,WH008,2026-06-22,2026-06-30,2026-07-03,Delivered
PO0007981,SUP0071,WH009,2025-02-04,2025-02-12,2025-02-14,Delivered
PO0007982,SUP0032,WH007,2025-04-29,2025-05-12,2025-05-13,Delivered
PO0007983,SUP0021,WH006,2025-02-16,2025-02-26,2025-02-27,Delivered
PO0007984,SUP0060,WH010,2026-07-20,2026-07-28,2026-07-28,Delivered
PO0007985,SUP0082,WH004,2025-06-04,2025-06-08,2025-06-09,Delivered
PO0007986,SUP0069,WH003,2026-06-19,2026-06-29,2026-06-29,Delivered
PO0007987,SUP0032,WH006,2025-08-09,2025-08-23,2025-08-23,Delivered
PO0007988,SUP0058,WH006,2025-03-17,2025-03-26,2025-03-26,Delivered
PO0007989,SUP0020,WH003,2025-10-25,2025-11-03,2025-11-03,Delivered
PO0007990,SUP0080,WH006,2025-06-08,2025-06-13,2025-06-13,Delivered
PO0007991,SUP0092,WH010,2025-08-10,2025-08-17,2025-08-20,Delivered
PO0007992,SUP0073,WH004,2026-05-22,2026-05-28,2026-05-31,Delivered
PO0007993,SUP0044,WH008,2025-05-23,2025-06-06,2025-06-07,Delivered
PO0007994,SUP0004,WH001,2026-07-09,2026-07-14,2026-07-17,Delivered
PO0007995,SUP0083,WH010,2026-03-13,2026-03-19,2026-03-19,Delivered
PO0007996,SUP0092,WH004,2026-04-14,2026-04-17,2026-04-19,Delivered
PO0007997,SUP0082,WH007,2025-08-12,2025-08-15,2025-08-15,Delivered
PO0007998,SUP0040,WH005,2026-04-30,2026-05-04,2026-05-04,Delivered
PO0007999,SUP0062,WH009,2026-07-31,2026-08-05,2026-08-05,Delivered
PO0008000,SUP0078,WH003,2025-08-21,2025-09-01,2025-09-01,Delivered
PO0008001,SUP0031,WH008,2025-01-19,2025-01-25,2025-01-25,Delivered
PO0008002,SUP0066,WH008,2025-07-14,2025-07-22,2025-07-25,Delivered
PO0008003,SUP0050,WH004,2026-04-04,2026-04-16,2026-04-16,Delivered
PO0008004,SUP0029,WH009,2025-01-26,2025-02-04,2025-02-04,Delivered
PO0008005,SUP0048,WH009,2025-06-02,2025-06-05,2025-06-05,Delivered
PO0008006,SUP0022,WH009,2025-12-21,2025-12-24,2025-12-24,Delivered
PO0008007,SUP0039,WH007,2026-06-16,2026-06-19,2026-06-22,Delivered
PO0008008,SUP0082,WH004,2025-10-17,2025-10-24,2025-10-25,Delivered
PO0008009,SUP0012,WH009,2026-07-07,2026-07-11,2026-07-13,Delivered
PO0008010,SUP0069,WH009,2026-03-31,2026-04-06,2026-04-06,Delivered
PO0008011,SUP0001,WH002,2025-08-26,2025-09-02,2025-09-05,Delivered
PO0008012,SUP0057,WH003,2026-04-02,2026-04-06,2026-04-08,Delivered
PO0008013,SUP0063,WH010,2025-01-05,2025-01-14,2025-01-14,Delivered
PO0008014,SUP0048,WH008,2026-01-24,2026-01-31,2026-01-31,Delivered
PO0008015,SUP0085,WH002,2025-08-06,2025-08-18,2025-08-23,Delivered
PO0008016,SUP0005,WH009,2025-05-01,2025-05-10,2025-05-11,Delivered
PO0008017,SUP0018,WH004,2025-10-06,2025-10-10,2025-10-13,Delivered
PO0008018,SUP0093,WH004,2025-10-28,2025-11-10,2025-11-10,Delivered
PO0008019,SUP0043,WH004,2025-03-29,2025-04-07,2025-04-07,Delivered
PO0008020,SUP0027,WH007,2025-01-12,2025-01-15,2025-01-17,Delivered
PO0008021,SUP0029,WH002,2025-03-27,2025-04-02,2025-04-04,Delivered
PO0008022,SUP0020,WH010,2025-05-20,2025-06-01,2025-06-03,Delivered
PO0008023,SUP0058,WH009,2026-08-16,2026-08-19,2026-08-19,Delivered
PO0008024,SUP0084,WH009,2025-11-20,2025-12-04,2025-12-04,Delivered
PO0008025,SUP0055,WH004,2026-07-18,2026-08-01,2026-08-03,Delivered
PO0008026,SUP0082,WH008,2026-02-04,2026-02-14,2026-02-17,Delivered
PO0008027,SUP0024,WH006,2026-05-16,2026-05-21,2026-05-21,Delivered
PO0008028,SUP0025,WH008,2025-06-10,2025-06-12,2025-06-17,Delivered
PO0008029,SUP0013,WH006,2026-03-23,2026-04-03,2026-04-03,Delivered
PO0008030,SUP0035,WH010,2026-01-29,2026-02-09,2026-02-11,Delivered
PO0008031,SUP0097,WH006,2025-06-07,2025-06-09,2025-06-11,Delivered
PO0008032,SUP0079,WH001,2025-05-13,2025-05-23,2025-05-24,Delivered
PO0008033,SUP0003,WH007,2026-03-14,2026-03-27,2026-03-28,Delivered
PO0008034,SUP0082,WH007,2025-04-25,2025-05-01,2025-05-01,Delivered
PO0008035,SUP0021,WH006,2025-04-10,2025-04-15,2025-04-20,Delivered
PO0008036,SUP0019,WH001,2025-03-02,2025-03-16,2025-03-16,Delivered
PO0008037,SUP0078,WH006,2025-08-28,2025-09-09,2025-09-12,Delivered
PO0008038,SUP0020,WH010,2025-11-15,2025-11-29,2025-12-01,Delivered
PO0008039,SUP0064,WH007,2025-08-09,2025-08-19,2025-08-19,Cancelled
PO0008040,SUP0073,WH008,2025-12-05,2025-12-18,2025-12-20,Delivered
PO0008041,SUP0063,WH008,2026-02-18,2026-03-01,2026-03-01,Delivered
PO0008042,SUP0003,WH001,2025-06-19,2025-06-24,2025-06-24,Delivered
PO0008043,SUP0072,WH007,2025-01-10,2025-01-16,2025-01-17,Delivered
PO0008044,SUP0020,WH003,2025-03-31,2025-04-09,2025-04-09,Delivered
PO0008045,SUP0094,WH008,2025-06-21,2025-06-30,2025-06-30,Delivered
PO0008046,SUP0069,WH005,2025-08-15,2025-08-19,2025-08-19,Delivered
PO0008047,SUP0007,WH005,2025-05-16,2025-05-29,2025-05-29,Delivered
PO0008048,SUP0082,WH001,2025-03-17,2025-03-22,2025-03-22,Delivered
PO0008049,SUP0024,WH009,2026-05-24,2026-06-01,2026-06-01,Delivered
PO0008050,SUP0058,WH010,2025-01-10,2025-01-22,2025-01-27,Delivered
PO0008051,SUP0021,WH003,2025-10-29,2025-10-31,2025-10-31,Delivered
PO0008052,SUP0015,WH007,2025-08-22,2025-08-28,2025-08-30,Delivered
PO0008053,SUP0056,WH005,2025-09-04,2025-09-18,2025-09-18,Delivered
PO0008054,SUP0044,WH007,2026-03-10,2026-03-14,2026-03-19,Delivered
PO0008055,SUP0064,WH004,2025-02-11,2025-02-17,2025-02-17,Cancelled
PO0008056,SUP0083,WH007,2025-04-19,2025-04-23,2025-04-25,Delivered
PO0008057,SUP0065,WH009,2025-10-07,2025-10-12,2025-10-12,Delivered
PO0008058,SUP0038,WH001,2026-03-20,2026-03-24,2026-03-24,Delivered
PO0008059,SUP0082,WH008,2026-05-31,2026-06-04,2026-06-05,Delivered
PO0008060,SUP0011,WH007,2026-06-07,2026-06-18,2026-06-18,Delivered
PO0008061,SUP0090,WH002,2025-04-28,2025-05-09,2025-05-09,Delivered
PO0008062,SUP0024,WH006,2025-03-28,2025-04-10,2025-04-10,Delivered
PO0008063,SUP0047,WH001,2025-09-30,2025-10-04,2025-10-06,Delivered
PO0008064,SUP0029,WH005,2026-08-12,2026-08-17,2026-08-17,Delivered
PO0008065,SUP0051,WH002,2025-02-18,2025-02-20,2025-02-22,Delivered
PO0008066,SUP0076,WH010,2026-08-13,2026-08-26,2026-08-26,Delivered
PO0008067,SUP0063,WH009,2025-09-01,2025-09-09,2025-09-11,Delivered
PO0008068,SUP0013,WH008,2025-07-20,2025-07-31,2025-08-03,Cancelled
PO0008069,SUP0093,WH005,2025-05-29,2025-06-11,2025-06-11,Delivered
PO0008070,SUP0025,WH005,2026-04-20,2026-04-29,2026-04-29,Cancelled
PO0008071,SUP0076,WH007,2025-07-10,2025-07-14,2025-07-16,Delivered
PO0008072,SUP0075,WH005,2025-08-20,2025-08-27,2025-08-28,Delivered
PO0008073,SUP0069,WH004,2026-07-22,2026-08-02,2026-08-02,Delivered
PO0008074,SUP0068,WH008,2026-04-23,2026-05-03,2026-05-03,Delivered
PO0008075,SUP0034,WH004,2026-06-28,2026-07-10,2026-07-15,Delivered
PO0008076,SUP0078,WH003,2025-08-22,2025-08-31,2025-09-03,Delivered
PO0008077,SUP0097,WH003,2025-06-21,2025-06-27,2025-06-27,Delivered
PO0008078,SUP0050,WH002,2026-04-25,2026-05-01,2026-05-09,Delivered
PO0008079,SUP0076,WH007,2025-12-10,2025-12-17,2025-12-22,Delivered
PO0008080,SUP0086,WH008,2026-06-29,2026-07-03,2026-07-08,Delivered
PO0008081,SUP0077,WH003,2026-01-29,2026-02-12,2026-02-15,Delivered
PO0008082,SUP0040,WH003,2025-11-05,2025-11-11,2025-11-11,Delivered
PO0008083,SUP0043,WH007,2026-05-11,2026-05-23,2026-05-23,Delivered
PO0008084,SUP0049,WH007,2026-04-12,2026-04-21,2026-04-21,Delivered
PO0008085,SUP0057,WH001,2025-05-22,2025-06-03,2025-06-04,Delivered
PO0008086,SUP0100,WH007,2026-06-26,2026-07-03,2026-07-06,Delivered
PO0008087,SUP0024,WH001,2025-07-26,2025-08-09,2025-08-09,Delivered
PO0008088,SUP0040,WH005,2025-08-28,2025-08-31,2025-08-31,Delivered
PO0008089,SUP0038,WH004,2025-07-17,2025-07-19,2025-07-22,Delivered
PO0008090,SUP0056,WH010,2025-07-14,2025-07-21,2025-07-21,Delivered
PO0008091,SUP0058,WH005,2025-12-10,2025-12-20,2025-12-20,Cancelled
PO0008092,SUP0061,WH006,2025-09-12,2025-09-20,2025-09-20,Delivered
PO0008093,SUP0045,WH009,2025-03-14,2025-03-16,2025-03-16,Delivered
PO0008094,SUP0066,WH003,2025-04-08,2025-04-20,2025-04-20,Delivered
PO0008095,SUP0032,WH001,2025-01-07,2025-01-18,2025-01-18,Delivered
PO0008096,SUP0094,WH003,2025-09-23,2025-09-25,2025-09-28,Delivered
PO0008097,SUP0063,WH008,2026-06-17,2026-07-01,2026-07-03,Delivered
PO0008098,SUP0053,WH007,2025-02-18,2025-02-26,2025-03-01,Delivered
PO0008099,SUP0081,WH008,2026-04-20,2026-04-29,2026-04-30,Delivered
PO0008100,SUP0007,WH005,2025-09-16,2025-09-26,2025-10-04,Delivered
PO0008101,SUP0065,WH009,2025-01-19,2025-01-21,2025-01-21,Delivered
PO0008102,SUP0072,WH007,2026-06-30,2026-07-02,2026-07-05,Delivered
PO0008103,SUP0014,WH003,2026-06-04,2026-06-12,2026-06-12,Delivered
PO0008104,SUP0026,WH002,2025-11-27,2025-12-11,2025-12-12,Delivered
PO0008105,SUP0063,WH007,2026-07-15,2026-07-21,2026-07-21,Delivered
PO0008106,SUP0056,WH001,2025-05-27,2025-06-01,2025-06-01,Delivered
PO0008107,SUP0092,WH007,2025-04-28,2025-05-10,2025-05-11,Delivered
PO0008108,SUP0093,WH002,2025-01-09,2025-01-19,2025-01-19,Delivered
PO0008109,SUP0001,WH009,2025-07-02,2025-07-06,2025-07-06,Delivered
PO0008110,SUP0075,WH002,2026-01-05,2026-01-19,2026-01-19,Delivered
PO0008111,SUP0043,WH005,2026-05-09,2026-05-16,2026-05-16,Delivered
PO0008112,SUP0015,WH001,2025-10-10,2025-10-14,2025-10-14,Delivered
PO0008113,SUP0072,WH001,2025-10-08,2025-10-14,2025-10-14,Delivered
PO0008114,SUP0006,WH008,2026-05-09,2026-05-16,2026-05-18,Delivered
PO0008115,SUP0044,WH009,2025-01-21,2025-01-25,2025-01-27,Delivered
PO0008116,SUP0036,WH005,2025-02-26,2025-03-07,2025-03-15,Delivered
PO0008117,SUP0059,WH010,2026-02-09,2026-02-12,2026-02-12,Delivered
PO0008118,SUP0055,WH004,2025-11-21,2025-11-24,2025-11-25,Delivered
PO0008119,SUP0093,WH002,2026-03-16,2026-03-22,2026-03-22,Delivered
PO0008120,SUP0026,WH010,2025-06-11,2025-06-13,2025-06-13,Delivered
PO0008121,SUP0018,WH006,2025-04-12,2025-04-23,2025-04-23,Delivered
PO0008122,SUP0089,WH009,2025-07-21,2025-07-24,2025-07-27,Delivered
PO0008123,SUP0066,WH008,2025-05-16,2025-05-20,2025-05-20,Delivered
PO0008124,SUP0083,WH003,2025-07-14,2025-07-28,2025-07-28,Delivered
PO0008125,SUP0057,WH003,2025-02-21,2025-02-28,2025-02-28,Delivered
PO0008126,SUP0032,WH003,2025-01-14,2025-01-21,2025-01-21,Delivered
PO0008127,SUP0017,WH003,2026-04-14,2026-04-23,2026-04-24,Cancelled
PO0008128,SUP0085,WH007,2025-03-17,2025-03-25,2025-03-25,Delivered
PO0008129,SUP0006,WH010,2025-07-26,2025-08-02,2025-08-02,Delivered
PO0008130,SUP0029,WH007,2026-06-29,2026-07-07,2026-07-12,Delivered
PO0008131,SUP0017,WH004,2025-01-14,2025-01-17,2025-01-17,Delivered
PO0008132,SUP0068,WH005,2026-04-19,2026-04-23,2026-04-23,Delivered
PO0008133,SUP0038,WH009,2026-01-18,2026-01-27,2026-01-27,Delivered
PO0008134,SUP0087,WH010,2025-10-30,2025-11-08,2025-11-08,Delivered
PO0008135,SUP0056,WH010,2025-04-30,2025-05-05,2025-05-05,Delivered
PO0008136,SUP0054,WH006,2025-12-29,2026-01-02,2026-01-10,Delivered
PO0008137,SUP0029,WH004,2026-06-06,2026-06-19,2026-06-22,Delivered
PO0008138,SUP0076,WH008,2025-08-02,2025-08-07,2025-08-07,Delivered
PO0008139,SUP0003,WH007,2025-08-15,2025-08-28,2025-08-28,Delivered
PO0008140,SUP0068,WH005,2025-06-06,2025-06-18,2025-06-18,Delivered
PO0008141,SUP0023,WH001,2026-04-29,2026-05-02,2026-05-07,Delivered
PO0008142,SUP0029,WH001,2026-05-15,2026-05-25,2026-05-25,Delivered
PO0008143,SUP0054,WH005,2025-07-05,2025-07-14,2025-07-14,Delivered
PO0008144,SUP0054,WH001,2026-02-05,2026-02-13,2026-02-16,Delivered
PO0008145,SUP0087,WH003,2025-05-07,2025-05-21,2025-05-21,Delivered
PO0008146,SUP0035,WH004,2026-01-21,2026-02-02,2026-02-03,Delivered
PO0008147,SUP0090,WH005,2025-07-25,2025-08-08,2025-08-09,Delivered
PO0008148,SUP0064,WH002,2025-07-31,2025-08-02,2025-08-02,Delivered
PO0008149,SUP0013,WH001,2025-09-24,2025-10-01,2025-10-01,Delivered
PO0008150,SUP0097,WH010,2025-07-18,2025-07-24,2025-07-29,Delivered
PO0008151,SUP0093,WH006,2025-08-06,2025-08-12,2025-08-15,Delivered
PO0008152,SUP0049,WH001,2025-08-07,2025-08-11,2025-08-12,Delivered
PO0008153,SUP0067,WH005,2025-10-20,2025-10-26,2025-10-26,Delivered
PO0008154,SUP0069,WH008,2025-11-09,2025-11-12,2025-11-12,Delivered
PO0008155,SUP0046,WH004,2026-08-05,2026-08-10,2026-08-10,Delivered
PO0008156,SUP0003,WH004,2026-08-08,2026-08-19,2026-08-21,Delivered
PO0008157,SUP0079,WH006,2026-03-03,2026-03-09,2026-03-10,Delivered
PO0008158,SUP0092,WH009,2025-08-08,2025-08-22,2025-08-23,Delivered
PO0008159,SUP0005,WH003,2025-12-02,2025-12-04,2025-12-04,Delivered
PO0008160,SUP0078,WH008,2025-01-16,2025-01-29,2025-02-03,Cancelled
PO0008161,SUP0058,WH006,2026-05-20,2026-05-26,2026-05-29,Delivered
PO0008162,SUP0063,WH007,2025-08-15,2025-08-29,2025-08-31,Delivered
PO0008163,SUP0099,WH007,2026-07-11,2026-07-17,2026-07-20,Delivered
PO0008164,SUP0004,WH008,2026-07-02,2026-07-08,2026-07-08,Delivered
PO0008165,SUP0067,WH010,2026-02-27,2026-03-05,2026-03-05,Delivered
PO0008166,SUP0069,WH008,2025-04-12,2025-04-15,2025-04-16,Delivered
PO0008167,SUP0031,WH009,2025-07-08,2025-07-11,2025-07-11,Delivered
PO0008168,SUP0018,WH007,2025-02-21,2025-03-02,2025-03-02,Delivered
PO0008169,SUP0060,WH009,2026-04-15,2026-04-20,2026-04-22,Delivered
PO0008170,SUP0049,WH005,2025-07-15,2025-07-21,2025-07-21,Delivered
PO0008171,SUP0098,WH009,2025-12-18,2025-12-30,2026-01-01,Delivered
PO0008172,SUP0091,WH004,2026-01-26,2026-02-07,2026-02-07,Delivered
PO0008173,SUP0062,WH005,2025-10-26,2025-10-29,2025-10-29,Delivered
PO0008174,SUP0088,WH006,2025-11-08,2025-11-20,2025-11-20,Delivered
PO0008175,SUP0026,WH008,2026-07-12,2026-07-14,2026-07-14,Delivered
PO0008176,SUP0056,WH006,2025-10-18,2025-10-26,2025-10-26,Delivered
PO0008177,SUP0081,WH001,2025-12-17,2025-12-28,2025-12-28,Delivered
PO0008178,SUP0026,WH010,2025-11-28,2025-12-12,2025-12-12,Delivered
PO0008179,SUP0075,WH009,2025-03-30,2025-04-02,2025-04-02,Delivered
PO0008180,SUP0029,WH007,2026-01-20,2026-02-02,2026-02-02,Delivered
PO0008181,SUP0095,WH004,2025-05-03,2025-05-09,2025-05-09,Delivered
PO0008182,SUP0072,WH005,2025-09-11,2025-09-15,2025-09-15,Delivered
PO0008183,SUP0069,WH005,2026-08-10,2026-08-22,2026-08-22,Delivered
PO0008184,SUP0047,WH001,2025-05-27,2025-06-10,2025-06-10,Delivered
PO0008185,SUP0097,WH002,2025-07-13,2025-07-25,2025-07-25,Delivered
PO0008186,SUP0001,WH002,2026-01-26,2026-02-04,2026-02-04,Delivered
PO0008187,SUP0075,WH001,2025-11-26,2025-12-05,2025-12-06,Delivered
PO0008188,SUP0065,WH006,2025-07-24,2025-08-07,2025-08-07,Delivered
PO0008189,SUP0049,WH004,2026-04-14,2026-04-18,2026-04-18,Delivered
PO0008190,SUP0009,WH002,2025-05-01,2025-05-05,2025-05-07,Delivered
PO0008191,SUP0051,WH007,2025-05-29,2025-06-07,2025-06-15,Delivered
PO0008192,SUP0060,WH007,2025-11-23,2025-12-05,2025-12-05,Delivered
PO0008193,SUP0067,WH009,2025-06-12,2025-06-25,2025-06-25,Delivered
PO0008194,SUP0036,WH008,2025-11-15,2025-11-29,2025-11-29,Delivered
PO0008195,SUP0031,WH006,2025-11-20,2025-11-30,2025-12-02,Delivered
PO0008196,SUP0022,WH010,2025-07-20,2025-07-23,2025-07-25,Delivered
PO0008197,SUP0021,WH005,2025-08-24,2025-09-03,2025-09-05,Delivered
PO0008198,SUP0074,WH010,2025-05-22,2025-05-29,2025-05-30,Delivered
PO0008199,SUP0094,WH001,2025-12-28,2026-01-10,2026-01-13,Delivered
PO0008200,SUP0004,WH002,2025-07-08,2025-07-10,2025-07-11,Delivered
PO0008201,SUP0077,WH007,2025-07-05,2025-07-09,2025-07-11,Delivered
PO0008202,SUP0017,WH008,2025-05-24,2025-06-07,2025-06-07,Delivered
PO0008203,SUP0029,WH010,2025-05-18,2025-05-22,2025-05-24,Delivered
PO0008204,SUP0063,WH007,2026-08-04,2026-08-11,2026-08-13,Delivered
PO0008205,SUP0100,WH010,2025-06-21,2025-06-29,2025-07-01,Delivered
PO0008206,SUP0046,WH003,2025-05-22,2025-05-30,2025-05-31,Delivered
PO0008207,SUP0073,WH010,2025-03-14,2025-03-18,2025-03-19,Delivered
PO0008208,SUP0001,WH001,2026-04-26,2026-05-05,2026-05-08,Delivered
PO0008209,SUP0064,WH007,2026-05-09,2026-05-12,2026-05-15,Delivered
PO0008210,SUP0016,WH003,2026-02-12,2026-02-19,2026-02-22,Delivered
PO0008211,SUP0094,WH010,2026-08-04,2026-08-16,2026-08-17,Delivered
PO0008212,SUP0012,WH006,2025-08-17,2025-08-24,2025-08-26,Delivered
PO0008213,SUP0020,WH001,2025-08-23,2025-08-25,2025-08-25,Delivered
PO0008214,SUP0010,WH003,2026-06-13,2026-06-25,2026-06-26,Delivered
PO0008215,SUP0007,WH003,2026-04-12,2026-04-22,2026-04-22,Delivered
PO0008216,SUP0045,WH003,2025-03-21,2025-04-02,2025-04-02,Delivered
PO0008217,SUP0065,WH008,2026-06-20,2026-06-30,2026-06-30,Delivered
PO0008218,SUP0065,WH003,2026-02-14,2026-02-27,2026-02-27,Delivered
PO0008219,SUP0046,WH001,2025-10-10,2025-10-23,2025-10-28,Delivered
PO0008220,SUP0093,WH007,2026-07-03,2026-07-13,2026-07-13,Delivered
PO0008221,SUP0037,WH008,2025-01-15,2025-01-27,2025-01-27,Delivered
PO0008222,SUP0047,WH003,2026-03-08,2026-03-17,2026-03-20,Delivered
PO0008223,SUP0005,WH002,2025-01-18,2025-01-20,2025-01-21,Delivered
PO0008224,SUP0052,WH005,2025-01-04,2025-01-06,2025-01-14,Delivered
PO0008225,SUP0013,WH001,2025-07-28,2025-08-01,2025-08-01,Delivered
PO0008226,SUP0007,WH002,2025-11-19,2025-11-25,2025-11-25,Delivered
PO0008227,SUP0068,WH007,2026-05-30,2026-06-07,2026-06-07,Delivered
PO0008228,SUP0020,WH001,2026-04-14,2026-04-26,2026-04-28,Delivered
PO0008229,SUP0034,WH003,2026-04-29,2026-05-06,2026-05-09,Delivered
PO0008230,SUP0069,WH009,2026-03-13,2026-03-27,2026-03-30,Delivered
PO0008231,SUP0027,WH008,2025-03-23,2025-03-25,2025-03-25,Delivered
PO0008232,SUP0038,WH002,2025-03-06,2025-03-16,2025-03-16,Delivered
PO0008233,SUP0006,WH009,2025-02-06,2025-02-12,2025-02-14,Delivered
PO0008234,SUP0034,WH009,2026-02-21,2026-02-26,2026-02-26,Delivered
PO0008235,SUP0088,WH010,2025-08-15,2025-08-23,2025-08-23,Delivered
PO0008236,SUP0014,WH003,2025-12-25,2026-01-02,2026-01-02,Delivered
PO0008237,SUP0016,WH010,2025-06-18,2025-06-28,2025-06-28,Delivered
PO0008238,SUP0028,WH007,2025-07-26,2025-08-04,2025-08-07,Delivered
PO0008239,SUP0052,WH008,2025-11-01,2025-11-14,2025-11-19,Delivered
PO0008240,SUP0043,WH004,2026-03-04,2026-03-12,2026-03-12,Delivered
PO0008241,SUP0011,WH002,2026-07-13,2026-07-20,2026-07-22,Delivered
PO0008242,SUP0084,WH007,2026-06-16,2026-06-20,2026-06-21,Delivered
PO0008243,SUP0021,WH001,2026-04-22,2026-04-28,2026-04-28,Delivered
PO0008244,SUP0027,WH001,2025-11-02,2025-11-08,2025-11-09,Delivered
PO0008245,SUP0080,WH010,2026-07-01,2026-07-15,2026-07-15,Delivered
PO0008246,SUP0012,WH009,2026-03-19,2026-04-01,2026-04-03,Delivered
PO0008247,SUP0074,WH008,2025-05-18,2025-05-26,2025-05-26,Delivered
PO0008248,SUP0037,WH003,2025-10-02,2025-10-05,2025-10-05,Delivered
PO0008249,SUP0057,WH009,2025-12-12,2025-12-14,2025-12-14,Delivered
PO0008250,SUP0050,WH010,2025-03-29,2025-03-31,2025-03-31,Delivered
PO0008251,SUP0001,WH007,2026-05-20,2026-06-03,2026-06-05,Delivered
PO0008252,SUP0086,WH008,2026-05-25,2026-06-05,2026-06-05,Delivered
PO0008253,SUP0081,WH004,2025-05-16,2025-05-22,2025-05-22,Delivered
PO0008254,SUP0008,WH009,2026-07-04,2026-07-18,2026-07-18,Delivered
PO0008255,SUP0082,WH008,2025-03-02,2025-03-05,2025-03-07,Delivered
PO0008256,SUP0088,WH001,2026-07-28,2026-08-08,2026-08-08,Delivered
PO0008257,SUP0068,WH009,2026-03-18,2026-03-23,2026-03-26,Delivered
PO0008258,SUP0091,WH003,2026-06-25,2026-06-27,2026-06-27,Cancelled
PO0008259,SUP0036,WH006,2025-12-30,2026-01-13,2026-01-13,Delivered
PO0008260,SUP0081,WH006,2026-07-07,2026-07-15,2026-07-16,Delivered
PO0008261,SUP0007,WH005,2025-06-27,2025-07-05,2025-07-05,Delivered
PO0008262,SUP0059,WH008,2026-06-16,2026-06-22,2026-06-23,Delivered
PO0008263,SUP0001,WH006,2026-07-16,2026-07-26,2026-07-26,Delivered
PO0008264,SUP0068,WH010,2025-12-27,2026-01-09,2026-01-09,Cancelled
PO0008265,SUP0028,WH003,2025-07-07,2025-07-11,2025-07-13,Delivered
PO0008266,SUP0036,WH005,2025-05-11,2025-05-13,2025-05-15,Delivered
PO0008267,SUP0003,WH004,2025-04-16,2025-04-22,2025-04-22,Delivered
PO0008268,SUP0042,WH001,2025-04-12,2025-04-21,2025-04-21,Delivered
PO0008269,SUP0029,WH005,2025-02-15,2025-02-24,2025-02-24,Delivered
PO0008270,SUP0082,WH005,2025-12-12,2025-12-15,2025-12-15,Delivered
PO0008271,SUP0093,WH005,2025-08-03,2025-08-11,2025-08-13,Delivered
PO0008272,SUP0047,WH003,2025-06-29,2025-07-04,2025-07-04,Delivered
PO0008273,SUP0056,WH007,2025-10-20,2025-11-03,2025-11-03,Delivered
PO0008274,SUP0013,WH001,2025-12-23,2026-01-06,2026-01-14,Delivered
PO0008275,SUP0078,WH006,2025-11-23,2025-11-28,2025-11-28,Delivered
PO0008276,SUP0085,WH006,2025-03-11,2025-03-23,2025-03-23,Delivered
PO0008277,SUP0099,WH005,2025-12-18,2025-12-23,2025-12-23,Delivered
PO0008278,SUP0088,WH009,2026-01-27,2026-02-05,2026-02-05,Delivered
PO0008279,SUP0002,WH010,2025-10-28,2025-11-03,2025-11-03,Delivered
PO0008280,SUP0011,WH008,2026-06-26,2026-07-08,2026-07-08,Delivered
PO0008281,SUP0039,WH006,2026-05-18,2026-05-29,2026-05-29,Delivered
PO0008282,SUP0071,WH010,2025-03-31,2025-04-10,2025-04-11,Delivered
PO0008283,SUP0015,WH003,2026-07-01,2026-07-07,2026-07-09,Delivered
PO0008284,SUP0019,WH003,2025-10-30,2025-11-10,2025-11-10,Delivered
PO0008285,SUP0086,WH001,2025-09-27,2025-10-06,2025-10-06,Delivered
PO0008286,SUP0065,WH003,2025-06-18,2025-06-28,2025-06-28,Delivered
PO0008287,SUP0016,WH005,2025-05-06,2025-05-16,2025-05-17,Cancelled
PO0008288,SUP0071,WH001,2026-02-10,2026-02-17,2026-02-17,Delivered
PO0008289,SUP0085,WH003,2025-07-02,2025-07-11,2025-07-11,Delivered
PO0008290,SUP0093,WH010,2025-10-05,2025-10-17,2025-10-19,Delivered
PO0008291,SUP0007,WH001,2025-08-24,2025-09-03,2025-09-03,Delivered
PO0008292,SUP0022,WH002,2026-06-11,2026-06-18,2026-06-18,Cancelled
PO0008293,SUP0048,WH004,2026-03-29,2026-04-04,2026-04-05,Delivered
PO0008294,SUP0030,WH006,2026-07-31,2026-08-08,2026-08-08,Cancelled
PO0008295,SUP0003,WH008,2025-01-05,2025-01-07,2025-01-07,Delivered
PO0008296,SUP0035,WH008,2025-01-02,2025-01-07,2025-01-07,Delivered
PO0008297,SUP0092,WH008,2026-08-21,2026-08-24,2026-08-24,Delivered
PO0008298,SUP0048,WH010,2025-03-10,2025-03-14,2025-03-22,Delivered
PO0008299,SUP0004,WH003,2026-04-23,2026-05-04,2026-05-04,Delivered
PO0008300,SUP0007,WH003,2026-05-30,2026-06-07,2026-06-09,Delivered
PO0008301,SUP0077,WH004,2026-02-19,2026-02-23,2026-03-03,Delivered
PO0008302,SUP0023,WH003,2025-07-22,2025-08-01,2025-08-04,Delivered
PO0008303,SUP0036,WH006,2025-01-19,2025-01-26,2025-01-26,Delivered
PO0008304,SUP0045,WH009,2025-06-09,2025-06-15,2025-06-15,Delivered
PO0008305,SUP0086,WH007,2026-03-26,2026-03-29,2026-04-01,Delivered
PO0008306,SUP0034,WH008,2025-04-28,2025-05-09,2025-05-09,Delivered
PO0008307,SUP0077,WH006,2025-05-09,2025-05-20,2025-05-20,Delivered
PO0008308,SUP0089,WH001,2026-07-27,2026-08-05,2026-08-06,Delivered
PO0008309,SUP0010,WH006,2025-03-25,2025-04-04,2025-04-06,Delivered
PO0008310,SUP0032,WH007,2026-05-12,2026-05-23,2026-05-23,Delivered
PO0008311,SUP0024,WH008,2025-07-10,2025-07-14,2025-07-14,Delivered
PO0008312,SUP0004,WH002,2026-05-28,2026-06-02,2026-06-05,Delivered
PO0008313,SUP0059,WH008,2026-03-14,2026-03-19,2026-03-19,Delivered
PO0008314,SUP0060,WH005,2025-01-11,2025-01-13,2025-01-13,Delivered
PO0008315,SUP0047,WH003,2026-07-28,2026-08-07,2026-08-07,Cancelled
PO0008316,SUP0068,WH010,2025-03-28,2025-03-31,2025-03-31,Delivered
PO0008317,SUP0027,WH005,2025-07-13,2025-07-26,2025-07-31,Delivered
PO0008318,SUP0059,WH003,2025-06-21,2025-07-05,2025-07-05,Delivered
PO0008319,SUP0003,WH009,2025-12-02,2025-12-11,2025-12-16,Delivered
PO0008320,SUP0024,WH006,2025-05-25,2025-05-29,2025-05-30,Delivered
PO0008321,SUP0012,WH010,2026-02-08,2026-02-22,2026-02-24,Delivered
PO0008322,SUP0092,WH006,2025-12-10,2025-12-20,2025-12-20,Delivered
PO0008323,SUP0018,WH007,2025-12-10,2025-12-20,2025-12-20,Delivered
PO0008324,SUP0065,WH003,2025-09-28,2025-09-30,2025-10-03,Delivered
PO0008325,SUP0005,WH010,2025-06-15,2025-06-28,2025-06-28,Delivered
PO0008326,SUP0047,WH001,2025-01-07,2025-01-13,2025-01-13,Delivered
PO0008327,SUP0087,WH010,2025-02-26,2025-03-11,2025-03-11,Delivered
PO0008328,SUP0081,WH002,2026-05-19,2026-05-28,2026-05-29,Delivered
PO0008329,SUP0043,WH002,2025-09-25,2025-10-01,2025-10-03,Delivered
PO0008330,SUP0037,WH001,2025-02-11,2025-02-23,2025-02-24,Delivered
PO0008331,SUP0084,WH008,2025-07-04,2025-07-07,2025-07-08,Delivered
PO0008332,SUP0029,WH003,2026-02-22,2026-03-01,2026-03-06,Delivered
PO0008333,SUP0050,WH003,2026-05-13,2026-05-17,2026-05-19,Delivered
PO0008334,SUP0076,WH005,2025-12-14,2025-12-28,2025-12-29,Delivered
PO0008335,SUP0073,WH004,2025-03-31,2025-04-04,2025-04-04,Delivered
PO0008336,SUP0061,WH004,2025-07-31,2025-08-12,2025-08-17,Delivered
PO0008337,SUP0060,WH002,2026-03-12,2026-03-19,2026-03-20,Delivered
PO0008338,SUP0082,WH007,2026-05-12,2026-05-14,2026-05-22,Delivered
PO0008339,SUP0088,WH004,2026-04-04,2026-04-09,2026-04-09,Delivered
PO0008340,SUP0027,WH007,2025-03-22,2025-03-31,2025-03-31,Delivered
PO0008341,SUP0004,WH006,2025-04-20,2025-04-23,2025-04-23,Delivered
PO0008342,SUP0012,WH006,2025-12-09,2025-12-12,2025-12-12,Cancelled
PO0008343,SUP0022,WH006,2025-07-03,2025-07-17,2025-07-17,Delivered
PO0008344,SUP0019,WH001,2026-08-23,2026-08-25,2026-08-25,Delivered
PO0008345,SUP0016,WH003,2025-12-08,2025-12-17,2025-12-17,Delivered
PO0008346,SUP0080,WH001,2025-08-08,2025-08-16,2025-08-19,Delivered
PO0008347,SUP0013,WH001,2026-07-03,2026-07-16,2026-07-16,Delivered
PO0008348,SUP0047,WH003,2026-05-02,2026-05-12,2026-05-12,Delivered
PO0008349,SUP0098,WH001,2026-01-01,2026-01-14,2026-01-16,Delivered
PO0008350,SUP0053,WH008,2026-03-19,2026-03-26,2026-03-28,Delivered
PO0008351,SUP0016,WH002,2026-06-19,2026-07-03,2026-07-03,Delivered
PO0008352,SUP0048,WH005,2026-07-31,2026-08-13,2026-08-13,Delivered
PO0008353,SUP0034,WH006,2025-06-29,2025-07-12,2025-07-15,Delivered
PO0008354,SUP0071,WH003,2026-04-22,2026-04-27,2026-04-27,Delivered
PO0008355,SUP0040,WH005,2025-12-15,2025-12-24,2025-12-24,Delivered
PO0008356,SUP0003,WH006,2026-07-05,2026-07-17,2026-07-17,Delivered
PO0008357,SUP0074,WH007,2025-12-18,2025-12-26,2025-12-29,Delivered
PO0008358,SUP0070,WH008,2025-03-10,2025-03-23,2025-03-23,Delivered
PO0008359,SUP0062,WH001,2025-04-19,2025-04-30,2025-04-30,Delivered
PO0008360,SUP0003,WH007,2025-10-23,2025-11-01,2025-11-01,Delivered
PO0008361,SUP0094,WH005,2025-11-07,2025-11-13,2025-11-13,Delivered
PO0008362,SUP0003,WH001,2026-05-01,2026-05-13,2026-05-18,Delivered
PO0008363,SUP0077,WH007,2026-04-20,2026-05-01,2026-05-01,Delivered
PO0008364,SUP0015,WH006,2026-03-19,2026-03-21,2026-03-21,Delivered
PO0008365,SUP0025,WH004,2025-02-28,2025-03-06,2025-03-06,Delivered
PO0008366,SUP0024,WH004,2025-10-09,2025-10-12,2025-10-13,Delivered
PO0008367,SUP0021,WH009,2025-04-22,2025-05-06,2025-05-09,Delivered
PO0008368,SUP0075,WH003,2026-03-13,2026-03-18,2026-03-18,Delivered
PO0008369,SUP0095,WH007,2025-11-15,2025-11-26,2025-11-27,Delivered
PO0008370,SUP0077,WH010,2025-07-06,2025-07-20,2025-07-22,Delivered
PO0008371,SUP0070,WH004,2025-05-30,2025-06-01,2025-06-01,Delivered
PO0008372,SUP0044,WH007,2025-08-23,2025-08-26,2025-08-26,Delivered
PO0008373,SUP0089,WH009,2026-02-06,2026-02-14,2026-02-14,Delivered
PO0008374,SUP0004,WH007,2025-01-11,2025-01-24,2025-01-24,Delivered
PO0008375,SUP0002,WH008,2026-07-26,2026-08-07,2026-08-07,Delivered
PO0008376,SUP0006,WH006,2025-09-14,2025-09-19,2025-09-19,Delivered
PO0008377,SUP0039,WH004,2025-07-15,2025-07-24,2025-07-24,Delivered
PO0008378,SUP0003,WH003,2025-10-20,2025-10-30,2025-10-30,Delivered
PO0008379,SUP0014,WH005,2025-02-10,2025-02-23,2025-02-24,Delivered
PO0008380,SUP0021,WH007,2026-05-28,2026-06-11,2026-06-14,Delivered
PO0008381,SUP0017,WH003,2026-06-04,2026-06-16,2026-06-16,Delivered
PO0008382,SUP0026,WH004,2025-08-30,2025-09-04,2025-09-04,Delivered
PO0008383,SUP0010,WH008,2025-02-17,2025-02-23,2025-02-23,Delivered
PO0008384,SUP0058,WH009,2025-06-09,2025-06-13,2025-06-13,Delivered
PO0008385,SUP0084,WH008,2026-03-04,2026-03-16,2026-03-18,Delivered
PO0008386,SUP0039,WH008,2025-10-14,2025-10-24,2025-10-24,Delivered
PO0008387,SUP0039,WH001,2025-08-07,2025-08-12,2025-08-12,Delivered
PO0008388,SUP0088,WH006,2025-01-31,2025-02-02,2025-02-03,Delivered
PO0008389,SUP0003,WH004,2026-07-19,2026-07-30,2026-07-30,Delivered
PO0008390,SUP0095,WH005,2026-08-22,2026-08-28,,In Transit
PO0008391,SUP0016,WH005,2025-06-03,2025-06-12,2025-06-12,Delivered
PO0008392,SUP0060,WH003,2026-01-02,2026-01-10,2026-01-10,Delivered
PO0008393,SUP0091,WH004,2026-06-26,2026-07-08,2026-07-08,Delivered
PO0008394,SUP0056,WH006,2026-05-13,2026-05-18,2026-05-18,Delivered
PO0008395,SUP0055,WH009,2025-12-15,2025-12-23,2025-12-23,Delivered
PO0008396,SUP0046,WH002,2025-04-10,2025-04-17,2025-04-17,Delivered
PO0008397,SUP0063,WH007,2025-04-15,2025-04-26,2025-04-26,Delivered
PO0008398,SUP0087,WH002,2026-06-28,2026-07-05,2026-07-05,Delivered
PO0008399,SUP0008,WH007,2025-09-08,2025-09-21,2025-09-21,Delivered
PO0008400,SUP0094,WH010,2026-02-26,2026-03-04,2026-03-04,Delivered
PO0008401,SUP0071,WH006,2025-10-29,2025-11-02,2025-11-02,Delivered
PO0008402,SUP0003,WH008,2025-10-31,2025-11-13,2025-11-13,Delivered
PO0008403,SUP0050,WH001,2026-02-11,2026-02-15,2026-02-15,Delivered
PO0008404,SUP0077,WH002,2025-07-17,2025-07-27,2025-07-29,Delivered
PO0008405,SUP0013,WH002,2026-04-05,2026-04-08,2026-04-13,Delivered
PO0008406,SUP0073,WH009,2026-08-12,2026-08-23,2026-08-26,Delivered
PO0008407,SUP0077,WH004,2025-01-10,2025-01-15,2025-01-15,Delivered
PO0008408,SUP0093,WH001,2025-09-24,2025-10-03,2025-10-05,Delivered
PO0008409,SUP0087,WH003,2025-08-26,2025-09-04,2025-09-04,Delivered
PO0008410,SUP0051,WH007,2026-06-24,2026-06-28,2026-06-28,Delivered
PO0008411,SUP0005,WH001,2025-08-20,2025-09-01,2025-09-01,Delivered
PO0008412,SUP0037,WH005,2026-04-10,2026-04-13,2026-04-14,Delivered
PO0008413,SUP0087,WH005,2025-06-19,2025-06-24,2025-06-24,Cancelled
PO0008414,SUP0090,WH007,2025-07-30,2025-08-08,2025-08-08,Delivered
PO0008415,SUP0062,WH009,2026-08-27,2026-09-10,,In Transit
PO0008416,SUP0001,WH004,2026-06-18,2026-06-28,2026-07-01,Delivered
PO0008417,SUP0004,WH010,2025-02-15,2025-02-17,2025-02-19,Delivered
PO0008418,SUP0023,WH004,2026-01-21,2026-01-23,2026-01-25,Delivered
PO0008419,SUP0039,WH010,2025-07-28,2025-08-06,2025-08-08,Delivered
PO0008420,SUP0022,WH008,2025-05-30,2025-06-07,2025-06-07,Delivered
PO0008421,SUP0046,WH004,2025-07-03,2025-07-08,2025-07-08,Delivered
PO0008422,SUP0092,WH002,2025-11-03,2025-11-06,2025-11-07,Cancelled
PO0008423,SUP0016,WH006,2025-08-19,2025-08-27,2025-08-27,Delivered
PO0008424,SUP0049,WH006,2025-08-28,2025-08-30,2025-08-31,Delivered
PO0008425,SUP0091,WH004,2026-08-18,2026-08-23,,In Transit
PO0008426,SUP0007,WH007,2026-05-26,2026-06-06,2026-06-06,Delivered
PO0008427,SUP0063,WH005,2025-07-07,2025-07-15,2025-07-15,Delivered
PO0008428,SUP0096,WH008,2026-02-24,2026-02-26,2026-02-26,Delivered
PO0008429,SUP0090,WH008,2025-11-27,2025-12-08,2025-12-09,Delivered
PO0008430,SUP0007,WH001,2025-07-07,2025-07-12,2025-07-12,Delivered
PO0008431,SUP0090,WH002,2025-06-15,2025-06-25,2025-06-25,Delivered
PO0008432,SUP0098,WH007,2026-06-16,2026-06-24,2026-06-24,Delivered
PO0008433,SUP0082,WH007,2026-04-09,2026-04-18,2026-04-18,Delivered
PO0008434,SUP0064,WH001,2025-08-02,2025-08-11,2025-08-11,Delivered
PO0008435,SUP0086,WH003,2025-08-23,2025-09-05,2025-09-05,Delivered
PO0008436,SUP0092,WH009,2025-01-05,2025-01-09,2025-01-11,Delivered
PO0008437,SUP0020,WH002,2026-05-14,2026-05-25,2026-05-27,Delivered
PO0008438,SUP0094,WH001,2025-07-20,2025-07-29,2025-07-30,Delivered
PO0008439,SUP0001,WH001,2026-02-02,2026-02-15,2026-02-15,Delivered
PO0008440,SUP0033,WH008,2026-08-04,2026-08-09,2026-08-09,Delivered
PO0008441,SUP0054,WH003,2026-08-20,2026-08-27,,In Transit
PO0008442,SUP0030,WH001,2026-02-26,2026-03-12,2026-03-12,Delivered
PO0008443,SUP0017,WH007,2025-08-27,2025-09-10,2025-09-11,Delivered
PO0008444,SUP0046,WH005,2026-07-28,2026-08-01,2026-08-04,Delivered
PO0008445,SUP0059,WH009,2026-07-17,2026-07-28,2026-07-28,Delivered
PO0008446,SUP0028,WH003,2025-07-13,2025-07-23,2025-07-23,Delivered
PO0008447,SUP0011,WH004,2026-05-25,2026-06-01,2026-06-02,Delivered
PO0008448,SUP0085,WH006,2026-03-23,2026-04-03,2026-04-05,Delivered
PO0008449,SUP0067,WH004,2025-01-04,2025-01-09,2025-01-11,Delivered
PO0008450,SUP0009,WH007,2026-08-27,2026-09-07,,In Transit
PO0008451,SUP0079,WH007,2025-10-27,2025-11-06,2025-11-06,Delivered
PO0008452,SUP0035,WH005,2025-04-26,2025-05-05,2025-05-05,Delivered
PO0008453,SUP0063,WH009,2025-09-04,2025-09-14,2025-09-15,Delivered
PO0008454,SUP0004,WH002,2026-01-30,2026-02-04,2026-02-04,Delivered
PO0008455,SUP0036,WH009,2025-12-19,2025-12-21,2025-12-21,Delivered
PO0008456,SUP0036,WH003,2025-05-15,2025-05-28,2025-05-28,Delivered
PO0008457,SUP0053,WH009,2025-08-13,2025-08-19,2025-08-19,Cancelled
PO0008458,SUP0020,WH004,2025-12-29,2026-01-06,2026-01-08,Delivered
PO0008459,SUP0074,WH006,2025-03-07,2025-03-12,2025-03-17,Delivered
PO0008460,SUP0038,WH007,2025-07-01,2025-07-08,2025-07-10,Delivered
PO0008461,SUP0078,WH002,2025-01-17,2025-01-28,2025-02-02,Delivered
PO0008462,SUP0050,WH009,2026-04-07,2026-04-10,2026-04-12,Delivered
PO0008463,SUP0052,WH009,2026-05-10,2026-05-12,2026-05-13,Delivered
PO0008464,SUP0087,WH002,2026-04-28,2026-05-09,2026-05-09,Delivered
PO0008465,SUP0043,WH005,2025-08-03,2025-08-07,2025-08-08,Delivered
PO0008466,SUP0001,WH002,2026-06-11,2026-06-23,2026-06-23,Delivered
PO0008467,SUP0032,WH002,2025-09-27,2025-09-30,2025-09-30,Delivered
PO0008468,SUP0076,WH004,2026-03-03,2026-03-05,2026-03-06,Delivered
PO0008469,SUP0039,WH001,2026-06-23,2026-07-02,2026-07-02,Delivered
PO0008470,SUP0087,WH009,2025-11-23,2025-12-02,2025-12-04,Cancelled
PO0008471,SUP0078,WH010,2026-02-14,2026-02-24,2026-02-26,Delivered
PO0008472,SUP0065,WH002,2025-01-19,2025-01-28,2025-01-28,Delivered
PO0008473,SUP0031,WH004,2026-03-23,2026-03-30,2026-03-30,Delivered
PO0008474,SUP0048,WH001,2025-06-11,2025-06-22,2025-06-25,Delivered
PO0008475,SUP0017,WH009,2025-07-26,2025-08-09,2025-08-09,Delivered
PO0008476,SUP0014,WH004,2025-03-09,2025-03-19,2025-03-21,Delivered
PO0008477,SUP0004,WH010,2025-05-30,2025-06-04,2025-06-07,Delivered
PO0008478,SUP0063,WH010,2026-05-06,2026-05-17,2026-05-18,Delivered
PO0008479,SUP0060,WH004,2026-05-03,2026-05-14,2026-05-15,Delivered
PO0008480,SUP0072,WH010,2026-02-15,2026-02-28,2026-03-01,Cancelled
PO0008481,SUP0007,WH002,2025-09-23,2025-10-03,2025-10-03,Delivered
PO0008482,SUP0069,WH001,2025-09-26,2025-10-04,2025-10-04,Delivered
PO0008483,SUP0091,WH008,2026-08-18,2026-08-26,,In Transit
PO0008484,SUP0008,WH007,2026-04-10,2026-04-15,2026-04-15,Delivered
PO0008485,SUP0093,WH007,2025-04-20,2025-04-26,2025-04-26,Delivered
PO0008486,SUP0068,WH001,2025-05-17,2025-05-31,2025-05-31,Delivered
PO0008487,SUP0018,WH006,2026-08-20,2026-09-02,,In Transit
PO0008488,SUP0099,WH005,2025-07-14,2025-07-17,2025-07-17,Delivered
PO0008489,SUP0057,WH004,2025-04-18,2025-04-27,2025-04-27,Cancelled
PO0008490,SUP0004,WH010,2025-08-13,2025-08-16,2025-08-18,Delivered
PO0008491,SUP0022,WH009,2025-06-08,2025-06-16,2025-06-16,Delivered
PO0008492,SUP0008,WH005,2026-04-08,2026-04-16,2026-04-21,Delivered
PO0008493,SUP0092,WH004,2026-03-07,2026-03-09,2026-03-11,Delivered
PO0008494,SUP0067,WH005,2025-04-13,2025-04-23,2025-04-24,Delivered
PO0008495,SUP0085,WH002,2026-01-19,2026-01-27,2026-02-04,Delivered
PO0008496,SUP0008,WH009,2025-08-11,2025-08-21,2025-08-21,Delivered
PO0008497,SUP0050,WH005,2026-02-04,2026-02-08,2026-02-08,Delivered
PO0008498,SUP0013,WH010,2026-01-04,2026-01-16,2026-01-21,Delivered
PO0008499,SUP0024,WH005,2026-04-12,2026-04-19,2026-04-19,Delivered
PO0008500,SUP0038,WH004,2026-01-08,2026-01-18,2026-01-18,Delivered
PO0008501,SUP0049,WH001,2026-08-20,2026-08-25,2026-08-25,Delivered
PO0008502,SUP0020,WH008,2025-08-04,2025-08-15,2025-08-15,Delivered
PO0008503,SUP0084,WH004,2025-01-13,2025-01-17,2025-01-17,Delivered
PO0008504,SUP0051,WH008,2026-03-11,2026-03-13,2026-03-14,Delivered
PO0008505,SUP0008,WH005,2025-02-12,2025-02-21,2025-02-26,Delivered
PO0008506,SUP0099,WH002,2026-03-13,2026-03-21,2026-03-26,Delivered
PO0008507,SUP0062,WH001,2026-03-13,2026-03-20,2026-03-20,Delivered
PO0008508,SUP0063,WH008,2025-01-24,2025-02-01,2025-02-01,Delivered
PO0008509,SUP0043,WH009,2026-08-17,2026-08-28,,In Transit
PO0008510,SUP0070,WH002,2025-01-23,2025-01-26,2025-01-26,Delivered
PO0008511,SUP0020,WH006,2026-04-20,2026-04-25,2026-04-27,Delivered
PO0008512,SUP0040,WH010,2026-06-03,2026-06-07,2026-06-15,Delivered
PO0008513,SUP0082,WH003,2025-10-23,2025-10-27,2025-10-30,Delivered
PO0008514,SUP0099,WH008,2025-10-07,2025-10-12,2025-10-12,Delivered
PO0008515,SUP0038,WH009,2025-06-23,2025-07-05,2025-07-06,Delivered
PO0008516,SUP0041,WH005,2026-03-30,2026-04-13,2026-04-13,Delivered
PO0008517,SUP0012,WH005,2025-03-31,2025-04-04,2025-04-04,Delivered
PO0008518,SUP0005,WH005,2026-05-14,2026-05-16,2026-05-19,Delivered
PO0008519,SUP0043,WH010,2026-07-26,2026-08-03,2026-08-06,Delivered
PO0008520,SUP0007,WH001,2026-02-05,2026-02-14,2026-02-15,Delivered
PO0008521,SUP0045,WH007,2025-03-09,2025-03-22,2025-03-22,Delivered
PO0008522,SUP0076,WH001,2026-08-03,2026-08-06,2026-08-06,Delivered
PO0008523,SUP0007,WH009,2025-10-15,2025-10-27,2025-11-01,Delivered
PO0008524,SUP0046,WH005,2025-08-23,2025-09-04,2025-09-09,Delivered
PO0008525,SUP0088,WH004,2025-10-19,2025-10-21,2025-10-22,Delivered
PO0008526,SUP0094,WH006,2025-09-01,2025-09-06,2025-09-08,Delivered
PO0008527,SUP0044,WH002,2025-10-16,2025-10-26,2025-10-26,Delivered
PO0008528,SUP0094,WH005,2025-12-18,2025-12-24,2025-12-24,Delivered
PO0008529,SUP0005,WH010,2025-11-28,2025-11-30,2025-11-30,Delivered
PO0008530,SUP0012,WH005,2025-09-23,2025-09-26,2025-09-27,Cancelled
PO0008531,SUP0060,WH006,2025-09-26,2025-09-28,2025-09-29,Delivered
PO0008532,SUP0026,WH006,2026-07-03,2026-07-06,2026-07-06,Delivered
PO0008533,SUP0043,WH008,2025-07-08,2025-07-18,2025-07-19,Delivered
PO0008534,SUP0042,WH009,2025-03-11,2025-03-18,2025-03-18,Delivered
PO0008535,SUP0085,WH002,2026-02-07,2026-02-21,2026-02-24,Delivered
PO0008536,SUP0032,WH004,2025-01-18,2025-01-27,2025-01-27,Delivered
PO0008537,SUP0008,WH001,2025-08-16,2025-08-18,2025-08-19,Delivered
PO0008538,SUP0097,WH002,2026-02-20,2026-02-23,2026-02-23,Delivered
PO0008539,SUP0003,WH001,2026-04-13,2026-04-19,2026-04-19,Delivered
PO0008540,SUP0012,WH004,2025-01-17,2025-01-19,2025-01-20,Delivered
PO0008541,SUP0054,WH002,2025-06-19,2025-07-01,2025-07-01,Delivered
PO0008542,SUP0091,WH009,2026-01-12,2026-01-16,2026-01-17,Delivered
PO0008543,SUP0099,WH005,2025-08-16,2025-08-23,2025-08-26,Delivered
PO0008544,SUP0004,WH009,2026-03-06,2026-03-15,2026-03-16,Delivered
PO0008545,SUP0004,WH002,2025-06-20,2025-06-24,2025-06-24,Delivered
PO0008546,SUP0066,WH010,2026-03-22,2026-03-30,2026-04-01,Delivered
PO0008547,SUP0025,WH003,2026-05-13,2026-05-24,2026-05-24,Delivered
PO0008548,SUP0064,WH001,2026-06-08,2026-06-18,2026-06-18,Delivered
PO0008549,SUP0043,WH008,2025-03-19,2025-03-22,2025-03-24,Delivered
PO0008550,SUP0031,WH002,2025-10-31,2025-11-10,2025-11-12,Delivered
PO0008551,SUP0060,WH002,2025-10-05,2025-10-13,2025-10-13,Delivered
PO0008552,SUP0003,WH003,2025-04-18,2025-04-27,2025-04-27,Delivered
PO0008553,SUP0078,WH001,2025-05-21,2025-05-27,2025-05-27,Delivered
PO0008554,SUP0040,WH001,2025-03-05,2025-03-15,2025-03-15,Delivered
PO0008555,SUP0074,WH008,2026-06-10,2026-06-14,2026-06-14,Delivered
PO0008556,SUP0006,WH002,2026-02-16,2026-02-25,2026-02-25,Delivered
PO0008557,SUP0055,WH002,2025-02-10,2025-02-18,2025-02-21,Delivered
PO0008558,SUP0084,WH003,2025-07-30,2025-08-04,2025-08-06,Cancelled
PO0008559,SUP0021,WH007,2025-07-11,2025-07-25,2025-07-28,Delivered
PO0008560,SUP0046,WH005,2026-05-11,2026-05-16,2026-05-16,Delivered
PO0008561,SUP0070,WH006,2025-05-25,2025-05-27,2025-05-27,Delivered
PO0008562,SUP0057,WH008,2025-01-26,2025-01-30,2025-02-01,Delivered
PO0008563,SUP0043,WH005,2025-06-25,2025-06-27,2025-06-28,Delivered
PO0008564,SUP0036,WH009,2025-03-25,2025-04-07,2025-04-07,Delivered
PO0008565,SUP0012,WH007,2025-04-24,2025-05-08,2025-05-08,Delivered
PO0008566,SUP0075,WH003,2025-11-07,2025-11-17,2025-11-19,Delivered
PO0008567,SUP0078,WH003,2025-12-02,2025-12-07,2025-12-10,Delivered
PO0008568,SUP0061,WH003,2025-11-26,2025-12-05,2025-12-05,Delivered
PO0008569,SUP0046,WH005,2026-01-28,2026-02-06,2026-02-06,Delivered
PO0008570,SUP0092,WH002,2026-02-26,2026-03-12,2026-03-12,Delivered
PO0008571,SUP0026,WH010,2025-06-17,2025-07-01,2025-07-04,Delivered
PO0008572,SUP0029,WH004,2026-03-22,2026-04-04,2026-04-04,Delivered
PO0008573,SUP0054,WH008,2026-02-17,2026-02-26,2026-02-26,Delivered
PO0008574,SUP0032,WH004,2025-02-12,2025-02-18,2025-02-21,Delivered
PO0008575,SUP0068,WH006,2025-10-07,2025-10-09,2025-10-10,Delivered
PO0008576,SUP0094,WH004,2025-08-05,2025-08-08,2025-08-10,Delivered
PO0008577,SUP0021,WH003,2025-09-10,2025-09-16,2025-09-24,Delivered
PO0008578,SUP0045,WH003,2025-04-27,2025-05-03,2025-05-06,Delivered
PO0008579,SUP0047,WH007,2025-05-12,2025-05-26,2025-05-26,Delivered
PO0008580,SUP0068,WH010,2026-02-16,2026-02-18,2026-02-23,Delivered
PO0008581,SUP0069,WH002,2026-03-14,2026-03-27,2026-03-27,Delivered
PO0008582,SUP0076,WH006,2025-09-15,2025-09-27,2025-09-27,Delivered
PO0008583,SUP0052,WH002,2025-09-20,2025-09-30,2025-10-01,Delivered
PO0008584,SUP0037,WH001,2026-02-14,2026-02-28,2026-02-28,Delivered
PO0008585,SUP0023,WH007,2025-06-10,2025-06-20,2025-06-20,Delivered
PO0008586,SUP0025,WH007,2025-04-21,2025-04-25,2025-04-25,Delivered
PO0008587,SUP0068,WH007,2025-07-14,2025-07-20,2025-07-21,Delivered
PO0008588,SUP0069,WH007,2025-11-15,2025-11-22,2025-11-22,Delivered
PO0008589,SUP0086,WH002,2026-03-04,2026-03-12,2026-03-12,Delivered
PO0008590,SUP0020,WH005,2026-02-25,2026-02-27,2026-02-27,Delivered
PO0008591,SUP0063,WH005,2025-02-17,2025-03-02,2025-03-03,Delivered
PO0008592,SUP0083,WH003,2026-08-02,2026-08-13,2026-08-18,Delivered
PO0008593,SUP0015,WH003,2025-10-01,2025-10-09,2025-10-09,Delivered
PO0008594,SUP0083,WH003,2026-06-21,2026-07-03,2026-07-04,Delivered
PO0008595,SUP0004,WH001,2025-01-28,2025-01-31,2025-01-31,Delivered
PO0008596,SUP0010,WH007,2026-05-25,2026-05-28,2026-05-29,Delivered
PO0008597,SUP0034,WH003,2025-02-20,2025-03-05,2025-03-08,Delivered
PO0008598,SUP0018,WH009,2026-02-14,2026-02-17,2026-02-17,Delivered
PO0008599,SUP0033,WH009,2025-01-28,2025-01-30,2025-01-31,Delivered
PO0008600,SUP0070,WH010,2026-02-07,2026-02-14,2026-02-14,Delivered
PO0008601,SUP0026,WH004,2025-03-25,2025-04-03,2025-04-05,Delivered
PO0008602,SUP0052,WH001,2025-07-10,2025-07-22,2025-07-22,Delivered
PO0008603,SUP0049,WH004,2025-06-21,2025-06-28,2025-07-01,Delivered
PO0008604,SUP0081,WH007,2025-05-04,2025-05-12,2025-05-12,Delivered
PO0008605,SUP0086,WH010,2025-10-30,2025-11-05,2025-11-06,Delivered
PO0008606,SUP0014,WH004,2026-03-01,2026-03-13,2026-03-16,Delivered
PO0008607,SUP0072,WH009,2026-06-19,2026-06-26,2026-06-26,Delivered
PO0008608,SUP0026,WH008,2026-07-05,2026-07-07,2026-07-12,Delivered
PO0008609,SUP0087,WH010,2025-01-23,2025-01-29,2025-01-29,Delivered
PO0008610,SUP0023,WH002,2026-08-04,2026-08-09,2026-08-11,Delivered
PO0008611,SUP0008,WH010,2025-02-25,2025-03-04,2025-03-04,Delivered
PO0008612,SUP0022,WH003,2025-10-28,2025-11-04,2025-11-07,Delivered
PO0008613,SUP0078,WH001,2025-08-18,2025-08-29,2025-08-29,Cancelled
PO0008614,SUP0007,WH002,2025-04-23,2025-04-25,2025-04-25,Delivered
PO0008615,SUP0060,WH008,2025-01-20,2025-01-26,2025-01-26,Delivered
PO0008616,SUP0080,WH005,2026-01-24,2026-02-05,2026-02-05,Delivered
PO0008617,SUP0055,WH010,2026-04-05,2026-04-13,2026-04-13,Delivered
PO0008618,SUP0004,WH004,2026-05-06,2026-05-13,2026-05-18,Delivered
PO0008619,SUP0063,WH004,2026-04-15,2026-04-27,2026-04-30,Delivered
PO0008620,SUP0097,WH008,2026-05-22,2026-05-29,2026-06-03,Delivered
PO0008621,SUP0043,WH003,2025-03-23,2025-03-30,2025-03-30,Delivered
PO0008622,SUP0075,WH008,2025-09-20,2025-10-01,2025-10-04,Delivered
PO0008623,SUP0060,WH008,2025-11-27,2025-12-09,2025-12-09,Delivered
PO0008624,SUP0093,WH009,2025-01-14,2025-01-22,2025-01-25,Delivered
PO0008625,SUP0075,WH005,2026-01-17,2026-01-30,2026-02-04,Delivered
PO0008626,SUP0089,WH005,2026-02-15,2026-03-01,2026-03-01,Cancelled
PO0008627,SUP0040,WH001,2025-04-04,2025-04-17,2025-04-17,Delivered
PO0008628,SUP0022,WH010,2026-08-11,2026-08-22,2026-08-22,Delivered
PO0008629,SUP0023,WH003,2026-04-10,2026-04-18,2026-04-19,Delivered
PO0008630,SUP0089,WH002,2025-12-23,2026-01-02,2026-01-02,Delivered
PO0008631,SUP0031,WH006,2025-08-04,2025-08-11,2025-08-19,Delivered
PO0008632,SUP0047,WH003,2025-03-07,2025-03-17,2025-03-17,Delivered
PO0008633,SUP0044,WH009,2026-05-06,2026-05-17,2026-05-18,Delivered
PO0008634,SUP0039,WH003,2026-07-23,2026-07-29,2026-07-31,Delivered
PO0008635,SUP0046,WH008,2026-01-07,2026-01-12,2026-01-12,Delivered
PO0008636,SUP0023,WH001,2025-07-25,2025-08-04,2025-08-04,Delivered
PO0008637,SUP0029,WH003,2025-06-15,2025-06-28,2025-06-28,Delivered
PO0008638,SUP0063,WH009,2025-03-25,2025-03-29,2025-04-03,Delivered
PO0008639,SUP0029,WH010,2026-02-27,2026-03-09,2026-03-09,Delivered
PO0008640,SUP0016,WH002,2025-12-01,2025-12-12,2025-12-14,Delivered
PO0008641,SUP0060,WH010,2025-11-12,2025-11-14,2025-11-15,Delivered
PO0008642,SUP0001,WH002,2026-05-07,2026-05-13,2026-05-15,Delivered
PO0008643,SUP0042,WH005,2025-06-16,2025-06-27,2025-06-27,Delivered
PO0008644,SUP0009,WH006,2026-02-19,2026-03-02,2026-03-04,Delivered
PO0008645,SUP0046,WH008,2026-06-12,2026-06-24,2026-06-26,Delivered
PO0008646,SUP0057,WH003,2026-03-05,2026-03-14,2026-03-16,Delivered
PO0008647,SUP0004,WH008,2026-04-07,2026-04-12,2026-04-14,Delivered
PO0008648,SUP0021,WH004,2026-03-20,2026-03-28,2026-03-28,Delivered
PO0008649,SUP0069,WH009,2026-05-06,2026-05-08,2026-05-08,Delivered
PO0008650,SUP0035,WH001,2026-02-17,2026-03-02,2026-03-04,Delivered
PO0008651,SUP0068,WH010,2025-08-14,2025-08-27,2025-08-27,Delivered
PO0008652,SUP0030,WH007,2026-08-22,2026-08-29,,In Transit
PO0008653,SUP0039,WH007,2025-05-19,2025-05-27,2025-05-27,Delivered
PO0008654,SUP0046,WH002,2025-09-26,2025-10-03,2025-10-03,Delivered
PO0008655,SUP0086,WH009,2026-04-03,2026-04-09,2026-04-11,Delivered
PO0008656,SUP0028,WH008,2026-01-12,2026-01-23,2026-01-23,Delivered
PO0008657,SUP0056,WH006,2025-04-14,2025-04-26,2025-04-26,Delivered
PO0008658,SUP0066,WH005,2026-02-06,2026-02-10,2026-02-10,Delivered
PO0008659,SUP0050,WH002,2025-07-12,2025-07-24,2025-07-24,Delivered
PO0008660,SUP0041,WH008,2026-07-27,2026-08-04,2026-08-05,Delivered
PO0008661,SUP0097,WH004,2025-02-09,2025-02-20,2025-02-20,Delivered
PO0008662,SUP0082,WH001,2025-07-15,2025-07-29,2025-07-29,Delivered
PO0008663,SUP0032,WH003,2025-12-22,2026-01-05,2026-01-06,Delivered
PO0008664,SUP0008,WH009,2026-07-11,2026-07-13,2026-07-14,Delivered
PO0008665,SUP0081,WH004,2026-07-19,2026-07-31,2026-07-31,Delivered
PO0008666,SUP0052,WH008,2026-05-23,2026-05-29,2026-05-30,Delivered
PO0008667,SUP0044,WH004,2026-06-15,2026-06-28,2026-06-30,Delivered
PO0008668,SUP0033,WH005,2025-10-19,2025-10-23,2025-10-23,Delivered
PO0008669,SUP0055,WH008,2025-09-20,2025-09-29,2025-10-02,Delivered
PO0008670,SUP0065,WH010,2026-08-07,2026-08-10,2026-08-13,Delivered
PO0008671,SUP0014,WH010,2025-12-04,2025-12-12,2025-12-12,Delivered
PO0008672,SUP0077,WH007,2026-07-24,2026-07-31,2026-07-31,Delivered
PO0008673,SUP0095,WH008,2025-06-17,2025-06-23,2025-06-23,Cancelled
PO0008674,SUP0062,WH003,2026-01-14,2026-01-23,2026-01-24,Delivered
PO0008675,SUP0013,WH004,2025-09-28,2025-10-07,2025-10-12,Delivered
PO0008676,SUP0013,WH008,2025-04-14,2025-04-18,2025-04-19,Cancelled
PO0008677,SUP0033,WH002,2025-01-11,2025-01-16,2025-01-17,Delivered
PO0008678,SUP0041,WH010,2026-02-24,2026-03-08,2026-03-08,Delivered
PO0008679,SUP0054,WH008,2025-01-10,2025-01-16,2025-01-17,Delivered
PO0008680,SUP0009,WH007,2025-05-16,2025-05-19,2025-05-20,Delivered
PO0008681,SUP0020,WH001,2025-03-11,2025-03-15,2025-03-15,Delivered
PO0008682,SUP0027,WH005,2025-10-23,2025-10-31,2025-10-31,Delivered
PO0008683,SUP0082,WH003,2025-12-30,2026-01-06,2026-01-06,Delivered
PO0008684,SUP0074,WH009,2026-02-13,2026-02-16,2026-02-16,Delivered
PO0008685,SUP0069,WH005,2026-05-14,2026-05-22,2026-05-25,Delivered
PO0008686,SUP0074,WH009,2026-01-18,2026-02-01,2026-02-01,Delivered
PO0008687,SUP0087,WH001,2025-08-07,2025-08-17,2025-08-17,Delivered
PO0008688,SUP0002,WH010,2026-03-26,2026-03-31,2026-03-31,Delivered
PO0008689,SUP0052,WH001,2025-01-10,2025-01-13,2025-01-15,Delivered
PO0008690,SUP0093,WH005,2025-08-24,2025-08-31,2025-08-31,Delivered
PO0008691,SUP0095,WH009,2026-06-17,2026-06-27,2026-06-27,Delivered
PO0008692,SUP0006,WH010,2025-01-24,2025-02-07,2025-02-07,Delivered
PO0008693,SUP0087,WH001,2026-04-07,2026-04-11,2026-04-13,Delivered
PO0008694,SUP0045,WH001,2025-12-16,2025-12-28,2025-12-29,Delivered
PO0008695,SUP0045,WH006,2026-03-03,2026-03-06,2026-03-06,Delivered
PO0008696,SUP0018,WH009,2025-01-27,2025-02-03,2025-02-08,Delivered
PO0008697,SUP0028,WH007,2025-01-28,2025-02-08,2025-02-11,Delivered
PO0008698,SUP0080,WH010,2025-08-07,2025-08-18,2025-08-18,Delivered
PO0008699,SUP0017,WH004,2026-08-23,2026-09-03,,In Transit
PO0008700,SUP0035,WH004,2025-01-23,2025-02-04,2025-02-09,Delivered
PO0008701,SUP0081,WH004,2026-06-08,2026-06-17,2026-06-17,Delivered
PO0008702,SUP0066,WH006,2026-05-31,2026-06-11,2026-06-12,Delivered
PO0008703,SUP0087,WH009,2025-10-04,2025-10-13,2025-10-16,Delivered
PO0008704,SUP0026,WH007,2026-01-13,2026-01-23,2026-01-28,Delivered
PO0008705,SUP0094,WH005,2025-02-03,2025-02-08,2025-02-09,Delivered
PO0008706,SUP0072,WH009,2025-01-06,2025-01-17,2025-01-18,Delivered
PO0008707,SUP0035,WH009,2026-01-10,2026-01-23,2026-01-26,Delivered
PO0008708,SUP0033,WH001,2026-06-27,2026-07-06,2026-07-07,Delivered
PO0008709,SUP0073,WH003,2026-01-22,2026-01-25,2026-01-26,Delivered
PO0008710,SUP0042,WH007,2026-08-19,2026-08-25,2026-08-25,Cancelled
PO0008711,SUP0006,WH005,2025-10-09,2025-10-22,2025-10-22,Delivered
PO0008712,SUP0035,WH003,2026-04-01,2026-04-04,2026-04-04,Delivered
PO0008713,SUP0042,WH003,2026-01-01,2026-01-15,2026-01-20,Delivered
PO0008714,SUP0047,WH005,2025-06-06,2025-06-20,2025-06-22,Delivered
PO0008715,SUP0060,WH008,2025-05-08,2025-05-18,2025-05-18,Delivered
PO0008716,SUP0086,WH010,2026-05-20,2026-05-30,2026-05-30,Delivered
PO0008717,SUP0006,WH003,2025-11-12,2025-11-23,2025-11-23,Delivered
PO0008718,SUP0012,WH010,2025-05-25,2025-05-29,2025-05-30,Delivered
PO0008719,SUP0090,WH001,2025-12-19,2026-01-02,2026-01-04,Delivered
PO0008720,SUP0037,WH001,2026-06-02,2026-06-14,2026-06-14,Delivered
PO0008721,SUP0086,WH009,2025-03-06,2025-03-14,2025-03-14,Delivered
PO0008722,SUP0088,WH006,2026-06-23,2026-07-01,2026-07-01,Delivered
PO0008723,SUP0084,WH006,2025-09-22,2025-10-01,2025-10-01,Delivered
PO0008724,SUP0012,WH001,2026-08-25,2026-08-28,,In Transit
PO0008725,SUP0024,WH010,2026-08-20,2026-09-02,,In Transit
PO0008726,SUP0041,WH002,2025-01-28,2025-02-11,2025-02-13,Delivered
PO0008727,SUP0069,WH004,2025-11-28,2025-12-05,2025-12-10,Delivered
PO0008728,SUP0065,WH003,2025-05-26,2025-06-09,2025-06-10,Delivered
PO0008729,SUP0002,WH008,2025-10-16,2025-10-27,2025-10-27,Delivered
PO0008730,SUP0047,WH004,2025-06-09,2025-06-14,2025-06-14,Delivered
PO0008731,SUP0066,WH008,2025-02-21,2025-03-06,2025-03-06,Delivered
PO0008732,SUP0059,WH001,2025-07-31,2025-08-11,2025-08-11,Delivered
PO0008733,SUP0080,WH004,2025-03-16,2025-03-18,2025-03-18,Delivered
PO0008734,SUP0013,WH006,2025-02-13,2025-02-21,2025-02-21,Delivered
PO0008735,SUP0065,WH003,2026-08-24,2026-08-31,,In Transit
PO0008736,SUP0099,WH007,2026-03-11,2026-03-24,2026-03-24,Delivered
PO0008737,SUP0034,WH004,2025-02-19,2025-02-21,2025-02-21,Delivered
PO0008738,SUP0054,WH009,2025-01-15,2025-01-25,2025-01-26,Delivered
PO0008739,SUP0093,WH007,2026-01-23,2026-01-31,2026-02-01,Delivered
PO0008740,SUP0032,WH001,2026-07-29,2026-08-03,2026-08-03,Delivered
PO0008741,SUP0017,WH001,2026-04-17,2026-04-28,2026-04-28,Delivered
PO0008742,SUP0099,WH004,2025-11-18,2025-12-02,2025-12-02,Delivered
PO0008743,SUP0028,WH008,2025-03-02,2025-03-11,2025-03-16,Delivered
PO0008744,SUP0063,WH008,2025-07-25,2025-08-05,2025-08-05,Delivered
PO0008745,SUP0081,WH009,2025-03-24,2025-04-01,2025-04-01,Delivered
PO0008746,SUP0087,WH009,2025-01-03,2025-01-08,2025-01-08,Delivered
PO0008747,SUP0035,WH003,2026-03-09,2026-03-13,2026-03-14,Delivered
PO0008748,SUP0041,WH009,2026-07-26,2026-08-04,2026-08-04,Delivered
PO0008749,SUP0030,WH007,2026-03-15,2026-03-21,2026-03-21,Cancelled
PO0008750,SUP0087,WH003,2026-03-26,2026-04-03,2026-04-11,Delivered
PO0008751,SUP0091,WH008,2025-10-12,2025-10-24,2025-10-24,Delivered
PO0008752,SUP0074,WH005,2025-03-26,2025-03-30,2025-03-30,Delivered
PO0008753,SUP0075,WH009,2025-04-26,2025-04-29,2025-05-01,Delivered
PO0008754,SUP0071,WH002,2025-06-11,2025-06-24,2025-06-24,Delivered
PO0008755,SUP0006,WH006,2025-06-14,2025-06-20,2025-06-22,Delivered
PO0008756,SUP0090,WH008,2025-01-22,2025-01-31,2025-02-01,Delivered
PO0008757,SUP0023,WH007,2025-07-08,2025-07-17,2025-07-17,Delivered
PO0008758,SUP0039,WH010,2026-06-22,2026-07-05,2026-07-08,Delivered
PO0008759,SUP0083,WH002,2026-03-19,2026-03-22,2026-03-22,Delivered
PO0008760,SUP0100,WH007,2025-04-29,2025-05-08,2025-05-08,Delivered
PO0008761,SUP0006,WH006,2026-02-04,2026-02-13,2026-02-13,Delivered
PO0008762,SUP0033,WH003,2025-10-18,2025-10-26,2025-10-27,Delivered
PO0008763,SUP0081,WH010,2026-02-22,2026-03-03,2026-03-03,Delivered
PO0008764,SUP0074,WH006,2025-10-23,2025-11-03,2025-11-03,Delivered
PO0008765,SUP0018,WH010,2025-06-27,2025-07-01,2025-07-04,Delivered
PO0008766,SUP0079,WH007,2025-08-20,2025-09-02,2025-09-02,Delivered
PO0008767,SUP0049,WH003,2025-12-29,2026-01-10,2026-01-13,Delivered
PO0008768,SUP0068,WH004,2026-03-25,2026-03-31,2026-04-01,Delivered
PO0008769,SUP0074,WH002,2025-03-29,2025-04-10,2025-04-10,Delivered
PO0008770,SUP0092,WH001,2026-05-22,2026-05-27,2026-05-29,Delivered
PO0008771,SUP0051,WH007,2026-05-11,2026-05-17,2026-05-19,Delivered
PO0008772,SUP0001,WH007,2026-04-06,2026-04-19,2026-04-19,Delivered
PO0008773,SUP0050,WH008,2026-08-26,2026-08-28,,In Transit
PO0008774,SUP0009,WH005,2025-11-26,2025-12-02,2025-12-02,Delivered
PO0008775,SUP0096,WH010,2025-07-31,2025-08-06,2025-08-11,Delivered
PO0008776,SUP0018,WH002,2025-06-14,2025-06-25,2025-06-28,Delivered
PO0008777,SUP0020,WH005,2025-05-24,2025-06-02,2025-06-02,Delivered
PO0008778,SUP0026,WH002,2026-08-11,2026-08-25,2026-08-26,Delivered
PO0008779,SUP0012,WH005,2026-05-09,2026-05-12,2026-05-12,Delivered
PO0008780,SUP0054,WH004,2025-03-22,2025-04-03,2025-04-03,Delivered
PO0008781,SUP0004,WH001,2025-02-14,2025-02-16,2025-02-17,Delivered
PO0008782,SUP0092,WH004,2026-03-31,2026-04-09,2026-04-09,Delivered
PO0008783,SUP0039,WH009,2025-12-17,2025-12-22,2025-12-24,Cancelled
PO0008784,SUP0069,WH001,2025-04-15,2025-04-27,2025-04-27,Delivered
PO0008785,SUP0057,WH010,2025-02-18,2025-03-02,2025-03-03,Delivered
PO0008786,SUP0006,WH004,2025-07-21,2025-07-24,2025-07-26,Cancelled
PO0008787,SUP0092,WH007,2026-06-05,2026-06-07,2026-06-07,Delivered
PO0008788,SUP0064,WH010,2025-10-03,2025-10-11,2025-10-11,Delivered
PO0008789,SUP0068,WH001,2025-12-02,2025-12-14,2025-12-14,Delivered
PO0008790,SUP0017,WH006,2026-06-08,2026-06-20,2026-06-23,Delivered
PO0008791,SUP0072,WH010,2025-10-06,2025-10-12,2025-10-14,Delivered
PO0008792,SUP0072,WH004,2025-06-17,2025-06-30,2025-07-01,Delivered
PO0008793,SUP0050,WH008,2026-04-28,2026-05-12,2026-05-12,Delivered
PO0008794,SUP0088,WH006,2025-03-01,2025-03-11,2025-03-11,Delivered
PO0008795,SUP0074,WH009,2025-01-07,2025-01-19,2025-01-21,Delivered
PO0008796,SUP0081,WH009,2025-10-22,2025-11-02,2025-11-05,Delivered
PO0008797,SUP0074,WH010,2026-08-05,2026-08-17,2026-08-17,Delivered
PO0008798,SUP0001,WH001,2026-07-29,2026-08-01,2026-08-02,Delivered
PO0008799,SUP0072,WH001,2025-01-31,2025-02-13,2025-02-13,Delivered
PO0008800,SUP0030,WH003,2026-05-12,2026-05-23,2026-05-23,Delivered
PO0008801,SUP0078,WH010,2026-05-14,2026-05-26,2026-05-26,Delivered
PO0008802,SUP0063,WH005,2025-09-08,2025-09-15,2025-09-15,Delivered
PO0008803,SUP0098,WH006,2025-01-10,2025-01-18,2025-01-18,Delivered
PO0008804,SUP0021,WH005,2025-06-14,2025-06-18,2025-06-20,Delivered
PO0008805,SUP0013,WH007,2025-03-20,2025-04-01,2025-04-01,Delivered
PO0008806,SUP0006,WH003,2025-03-23,2025-03-27,2025-03-27,Delivered
PO0008807,SUP0058,WH004,2025-09-11,2025-09-25,2025-09-25,Delivered
PO0008808,SUP0068,WH002,2025-05-28,2025-06-03,2025-06-05,Delivered
PO0008809,SUP0075,WH007,2025-09-13,2025-09-18,2025-09-18,Delivered
PO0008810,SUP0020,WH008,2026-06-04,2026-06-12,2026-06-12,Delivered
PO0008811,SUP0063,WH010,2025-07-18,2025-07-21,2025-07-23,Delivered
PO0008812,SUP0023,WH006,2025-01-12,2025-01-17,2025-01-17,Delivered
PO0008813,SUP0032,WH004,2025-07-26,2025-08-01,2025-08-02,Delivered
PO0008814,SUP0056,WH001,2026-06-27,2026-07-10,2026-07-13,Delivered
PO0008815,SUP0005,WH009,2025-05-10,2025-05-18,2025-05-18,Delivered
PO0008816,SUP0006,WH010,2026-08-27,2026-09-04,,In Transit
PO0008817,SUP0088,WH008,2026-03-21,2026-04-04,2026-04-05,Delivered
PO0008818,SUP0011,WH002,2026-01-02,2026-01-14,2026-01-15,Delivered
PO0008819,SUP0053,WH006,2026-01-09,2026-01-15,2026-01-16,Delivered
PO0008820,SUP0005,WH008,2025-10-15,2025-10-22,2025-10-27,Delivered
PO0008821,SUP0071,WH010,2025-07-13,2025-07-19,2025-07-22,Delivered
PO0008822,SUP0099,WH010,2025-11-22,2025-11-28,2025-11-28,Delivered
PO0008823,SUP0001,WH003,2025-06-20,2025-07-03,2025-07-03,Delivered
PO0008824,SUP0092,WH001,2025-01-21,2025-01-31,2025-01-31,Delivered
PO0008825,SUP0072,WH004,2025-11-23,2025-12-06,2025-12-06,Delivered
PO0008826,SUP0039,WH006,2025-02-21,2025-03-03,2025-03-03,Delivered
PO0008827,SUP0059,WH006,2026-01-25,2026-02-03,2026-02-05,Delivered
PO0008828,SUP0042,WH001,2025-11-18,2025-11-21,2025-11-23,Delivered
PO0008829,SUP0088,WH010,2026-01-21,2026-01-31,2026-01-31,Delivered
PO0008830,SUP0078,WH006,2026-03-26,2026-04-08,2026-04-11,Delivered
PO0008831,SUP0052,WH004,2025-02-04,2025-02-11,2025-02-11,Delivered
PO0008832,SUP0070,WH009,2026-02-10,2026-02-22,2026-02-22,Delivered
PO0008833,SUP0059,WH008,2026-07-13,2026-07-15,2026-07-15,Delivered
PO0008834,SUP0049,WH007,2026-08-12,2026-08-19,2026-08-19,Delivered
PO0008835,SUP0030,WH007,2026-06-27,2026-07-07,2026-07-12,Delivered
PO0008836,SUP0011,WH008,2025-08-16,2025-08-26,2025-08-26,Delivered
PO0008837,SUP0097,WH008,2025-02-21,2025-02-27,2025-02-27,Delivered
PO0008838,SUP0034,WH010,2026-08-16,2026-08-24,2026-08-24,Delivered
PO0008839,SUP0076,WH005,2026-07-31,2026-08-03,2026-08-03,Delivered
PO0008840,SUP0022,WH009,2025-02-12,2025-02-25,2025-02-28,Delivered
PO0008841,SUP0096,WH004,2025-06-03,2025-06-11,2025-06-11,Delivered
PO0008842,SUP0059,WH003,2025-09-13,2025-09-27,2025-09-27,Delivered
PO0008843,SUP0027,WH001,2025-07-27,2025-08-04,2025-08-09,Delivered
PO0008844,SUP0068,WH008,2025-08-02,2025-08-10,2025-08-10,Delivered
PO0008845,SUP0015,WH009,2025-09-19,2025-09-29,2025-09-29,Delivered
PO0008846,SUP0071,WH009,2026-05-03,2026-05-08,2026-05-09,Delivered
PO0008847,SUP0076,WH003,2025-02-14,2025-02-23,2025-02-23,Delivered
PO0008848,SUP0034,WH004,2026-04-22,2026-04-26,2026-04-26,Delivered
PO0008849,SUP0083,WH008,2025-09-05,2025-09-09,2025-09-11,Delivered
PO0008850,SUP0012,WH009,2026-03-21,2026-04-04,2026-04-09,Delivered
PO0008851,SUP0047,WH002,2026-07-08,2026-07-16,2026-07-16,Delivered
PO0008852,SUP0044,WH010,2025-07-27,2025-08-09,2025-08-10,Delivered
PO0008853,SUP0078,WH010,2026-01-21,2026-01-27,2026-01-27,Delivered
PO0008854,SUP0093,WH004,2026-03-07,2026-03-14,2026-03-14,Delivered
PO0008855,SUP0009,WH004,2025-04-14,2025-04-25,2025-04-28,Delivered
PO0008856,SUP0089,WH007,2025-08-23,2025-08-30,2025-09-07,Delivered
PO0008857,SUP0004,WH006,2026-01-31,2026-02-09,2026-02-11,Delivered
PO0008858,SUP0032,WH008,2025-10-16,2025-10-19,2025-10-19,Delivered
PO0008859,SUP0038,WH003,2025-09-11,2025-09-16,2025-09-17,Delivered
PO0008860,SUP0076,WH008,2025-02-26,2025-02-28,2025-03-05,Delivered
PO0008861,SUP0014,WH010,2025-04-01,2025-04-03,2025-04-03,Delivered
PO0008862,SUP0082,WH009,2025-06-06,2025-06-16,2025-06-17,Delivered
PO0008863,SUP0032,WH005,2025-02-13,2025-02-22,2025-02-25,Delivered
PO0008864,SUP0094,WH007,2025-05-30,2025-06-12,2025-06-12,Delivered
PO0008865,SUP0016,WH004,2025-01-11,2025-01-22,2025-01-22,Delivered
PO0008866,SUP0072,WH001,2025-12-03,2025-12-16,2025-12-16,Cancelled
PO0008867,SUP0033,WH005,2025-09-15,2025-09-25,2025-09-27,Delivered
PO0008868,SUP0049,WH003,2026-02-11,2026-02-14,2026-02-14,Delivered
PO0008869,SUP0037,WH001,2025-12-13,2025-12-24,2025-12-26,Delivered
PO0008870,SUP0092,WH001,2025-08-30,2025-09-11,2025-09-11,Delivered
PO0008871,SUP0049,WH009,2025-09-29,2025-10-03,2025-10-08,Delivered
PO0008872,SUP0015,WH004,2026-08-18,2026-08-31,,In Transit
PO0008873,SUP0054,WH002,2025-03-26,2025-04-08,2025-04-09,Delivered
PO0008874,SUP0074,WH004,2025-05-04,2025-05-14,2025-05-17,Delivered
PO0008875,SUP0020,WH001,2025-03-18,2025-03-28,2025-03-28,Delivered
PO0008876,SUP0047,WH001,2026-03-09,2026-03-14,2026-03-14,Delivered
PO0008877,SUP0009,WH007,2025-03-29,2025-04-11,2025-04-16,Delivered
PO0008878,SUP0071,WH002,2026-02-19,2026-02-27,2026-02-27,Delivered
PO0008879,SUP0018,WH002,2025-12-26,2026-01-06,2026-01-06,Delivered
PO0008880,SUP0077,WH007,2025-10-15,2025-10-23,2025-10-25,Delivered
PO0008881,SUP0002,WH010,2026-04-24,2026-05-08,2026-05-11,Delivered
PO0008882,SUP0005,WH007,2025-03-11,2025-03-20,2025-03-28,Delivered
PO0008883,SUP0051,WH005,2025-05-25,2025-05-31,2025-05-31,Delivered
PO0008884,SUP0087,WH004,2026-04-28,2026-05-12,2026-05-15,Delivered
PO0008885,SUP0037,WH003,2026-08-14,2026-08-21,2026-08-21,Delivered
PO0008886,SUP0059,WH009,2025-01-06,2025-01-11,2025-01-11,Delivered
PO0008887,SUP0023,WH010,2025-06-26,2025-07-06,2025-07-08,Delivered
PO0008888,SUP0063,WH010,2026-08-04,2026-08-15,2026-08-15,Delivered
PO0008889,SUP0083,WH010,2026-05-23,2026-06-06,2026-06-06,Delivered
PO0008890,SUP0099,WH003,2025-07-12,2025-07-24,2025-07-25,Delivered
PO0008891,SUP0014,WH004,2026-05-19,2026-05-26,2026-05-29,Delivered
PO0008892,SUP0011,WH010,2025-10-17,2025-10-21,2025-10-21,Delivered
PO0008893,SUP0051,WH008,2025-08-03,2025-08-06,2025-08-06,Delivered
PO0008894,SUP0088,WH004,2026-03-26,2026-04-01,2026-04-01,Delivered
PO0008895,SUP0043,WH005,2026-08-20,2026-08-22,2026-08-23,Delivered
PO0008896,SUP0085,WH001,2026-07-27,2026-08-07,2026-08-10,Delivered
PO0008897,SUP0094,WH005,2025-06-14,2025-06-24,2025-06-24,Delivered
PO0008898,SUP0040,WH005,2026-06-16,2026-06-29,2026-06-29,Delivered
PO0008899,SUP0029,WH008,2025-03-09,2025-03-12,2025-03-12,Delivered
PO0008900,SUP0065,WH003,2025-12-05,2025-12-18,2025-12-18,Delivered
PO0008901,SUP0046,WH004,2026-03-21,2026-03-23,2026-03-26,Delivered
PO0008902,SUP0063,WH008,2025-07-12,2025-07-15,2025-07-18,Delivered
PO0008903,SUP0014,WH005,2026-02-16,2026-02-26,2026-02-28,Delivered
PO0008904,SUP0039,WH006,2025-02-13,2025-02-18,2025-02-23,Delivered
PO0008905,SUP0064,WH003,2025-09-24,2025-10-08,2025-10-13,Delivered
PO0008906,SUP0025,WH009,2025-07-23,2025-07-30,2025-08-02,Delivered
PO0008907,SUP0035,WH006,2026-05-05,2026-05-18,2026-05-18,Delivered
PO0008908,SUP0056,WH004,2025-01-31,2025-02-05,2025-02-05,Delivered
PO0008909,SUP0007,WH009,2026-07-30,2026-08-12,2026-08-17,Delivered
PO0008910,SUP0007,WH008,2025-09-13,2025-09-26,2025-09-29,Delivered
PO0008911,SUP0064,WH007,2025-09-02,2025-09-09,2025-09-09,Cancelled
PO0008912,SUP0032,WH003,2025-04-05,2025-04-19,2025-04-19,Delivered
PO0008913,SUP0067,WH003,2025-11-05,2025-11-17,2025-11-17,Delivered
PO0008914,SUP0011,WH005,2025-08-21,2025-09-04,2025-09-05,Delivered
PO0008915,SUP0038,WH008,2026-04-11,2026-04-16,2026-04-16,Delivered
PO0008916,SUP0018,WH002,2026-08-01,2026-08-05,2026-08-05,Delivered
PO0008917,SUP0075,WH010,2025-01-23,2025-01-31,2025-01-31,Delivered
PO0008918,SUP0033,WH004,2026-05-27,2026-05-31,2026-05-31,Delivered
PO0008919,SUP0067,WH009,2026-06-22,2026-06-30,2026-07-03,Delivered
PO0008920,SUP0094,WH002,2026-04-03,2026-04-06,2026-04-07,Delivered
PO0008921,SUP0039,WH008,2025-05-14,2025-05-18,2025-05-20,Delivered
PO0008922,SUP0052,WH009,2025-05-04,2025-05-11,2025-05-12,Cancelled
PO0008923,SUP0031,WH007,2025-11-15,2025-11-26,2025-11-27,Delivered
PO0008924,SUP0081,WH008,2026-01-07,2026-01-13,2026-01-13,Delivered
PO0008925,SUP0071,WH008,2025-03-10,2025-03-15,2025-03-16,Delivered
PO0008926,SUP0002,WH005,2025-02-17,2025-03-02,2025-03-04,Delivered
PO0008927,SUP0018,WH002,2025-09-09,2025-09-12,2025-09-12,Delivered
PO0008928,SUP0086,WH002,2025-03-17,2025-03-23,2025-03-28,Delivered
PO0008929,SUP0071,WH009,2025-10-09,2025-10-13,2025-10-13,Cancelled
PO0008930,SUP0098,WH003,2025-11-30,2025-12-03,2025-12-03,Delivered
PO0008931,SUP0006,WH009,2026-08-17,2026-08-29,,In Transit
PO0008932,SUP0020,WH005,2026-01-23,2026-01-28,2026-01-28,Cancelled
PO0008933,SUP0068,WH006,2026-08-11,2026-08-19,2026-08-19,Delivered
PO0008934,SUP0054,WH001,2025-06-02,2025-06-08,2025-06-08,Delivered
PO0008935,SUP0067,WH004,2025-03-28,2025-03-31,2025-04-02,Delivered
PO0008936,SUP0056,WH006,2025-11-25,2025-11-30,2025-12-01,Delivered
PO0008937,SUP0049,WH001,2025-01-23,2025-01-25,2025-01-28,Delivered
PO0008938,SUP0026,WH007,2025-05-01,2025-05-05,2025-05-05,Delivered
PO0008939,SUP0069,WH007,2025-12-05,2025-12-12,2025-12-12,Delivered
PO0008940,SUP0058,WH004,2025-10-26,2025-11-04,2025-11-07,Delivered
PO0008941,SUP0045,WH006,2025-03-08,2025-03-18,2025-03-26,Delivered
PO0008942,SUP0083,WH001,2025-02-03,2025-02-12,2025-02-13,Delivered
PO0008943,SUP0074,WH002,2025-04-17,2025-04-29,2025-04-29,Delivered
PO0008944,SUP0050,WH001,2025-03-04,2025-03-18,2025-03-18,Delivered
PO0008945,SUP0086,WH004,2025-03-29,2025-04-06,2025-04-06,Delivered
PO0008946,SUP0097,WH002,2025-11-09,2025-11-15,2025-11-15,Delivered
PO0008947,SUP0044,WH002,2026-06-24,2026-07-06,2026-07-08,Delivered
PO0008948,SUP0084,WH006,2025-04-26,2025-05-02,2025-05-05,Delivered
PO0008949,SUP0071,WH010,2026-07-04,2026-07-14,2026-07-17,Delivered
PO0008950,SUP0031,WH001,2026-03-25,2026-04-04,2026-04-04,Delivered
PO0008951,SUP0098,WH004,2025-12-11,2025-12-15,2025-12-16,Delivered
PO0008952,SUP0005,WH002,2026-04-02,2026-04-04,2026-04-04,Delivered
PO0008953,SUP0076,WH009,2025-02-09,2025-02-19,2025-02-19,Delivered
PO0008954,SUP0029,WH010,2025-09-22,2025-09-26,2025-09-27,Delivered
PO0008955,SUP0026,WH002,2026-04-24,2026-05-07,2026-05-07,Delivered
PO0008956,SUP0002,WH005,2025-02-18,2025-03-01,2025-03-01,Delivered
PO0008957,SUP0031,WH008,2025-04-15,2025-04-21,2025-04-26,Delivered
PO0008958,SUP0031,WH008,2025-06-22,2025-07-06,2025-07-07,Delivered
PO0008959,SUP0096,WH009,2025-10-19,2025-11-02,2025-11-02,Delivered
PO0008960,SUP0094,WH003,2025-04-02,2025-04-13,2025-04-21,Delivered
PO0008961,SUP0025,WH005,2026-03-14,2026-03-22,2026-03-22,Delivered
PO0008962,SUP0081,WH009,2025-12-16,2025-12-23,2025-12-23,Delivered
PO0008963,SUP0028,WH009,2025-11-13,2025-11-21,2025-11-22,Cancelled
PO0008964,SUP0002,WH002,2025-05-28,2025-05-30,2025-05-30,Delivered
PO0008965,SUP0013,WH004,2026-04-24,2026-05-03,2026-05-03,Delivered
PO0008966,SUP0055,WH006,2026-08-17,2026-08-24,2026-08-24,Delivered
PO0008967,SUP0003,WH008,2025-07-06,2025-07-11,2025-07-12,Delivered
PO0008968,SUP0042,WH006,2025-11-05,2025-11-11,2025-11-11,Delivered
PO0008969,SUP0076,WH005,2025-09-17,2025-09-19,2025-09-20,Delivered
PO0008970,SUP0045,WH002,2025-03-16,2025-03-22,2025-03-27,Delivered
PO0008971,SUP0047,WH008,2025-09-16,2025-09-29,2025-09-29,Delivered
PO0008972,SUP0093,WH003,2025-01-20,2025-01-28,2025-01-28,Delivered
PO0008973,SUP0024,WH008,2025-06-30,2025-07-10,2025-07-10,Delivered
PO0008974,SUP0057,WH002,2025-08-13,2025-08-26,2025-08-26,Delivered
PO0008975,SUP0057,WH007,2025-11-23,2025-12-03,2025-12-03,Delivered
PO0008976,SUP0076,WH005,2026-01-18,2026-01-23,2026-01-23,Delivered
PO0008977,SUP0099,WH005,2026-06-08,2026-06-20,2026-06-21,Delivered
PO0008978,SUP0061,WH001,2025-09-30,2025-10-10,2025-10-10,Delivered
PO0008979,SUP0009,WH010,2025-06-14,2025-06-26,2025-06-27,Delivered
PO0008980,SUP0098,WH003,2026-04-20,2026-05-03,2026-05-08,Delivered
PO0008981,SUP0039,WH001,2025-03-16,2025-03-25,2025-03-26,Delivered
PO0008982,SUP0068,WH003,2026-04-20,2026-04-27,2026-04-27,Delivered
PO0008983,SUP0050,WH002,2026-04-29,2026-05-11,2026-05-13,Delivered
PO0008984,SUP0097,WH008,2025-01-07,2025-01-17,2025-01-17,Delivered
PO0008985,SUP0093,WH001,2025-08-30,2025-09-05,2025-09-05,Delivered
PO0008986,SUP0095,WH009,2025-02-25,2025-03-06,2025-03-06,Delivered
PO0008987,SUP0088,WH004,2025-10-03,2025-10-08,2025-10-08,Delivered
PO0008988,SUP0049,WH007,2025-08-20,2025-08-28,2025-08-28,Delivered
PO0008989,SUP0050,WH009,2026-04-17,2026-04-20,2026-04-21,Delivered
PO0008990,SUP0039,WH008,2026-02-20,2026-03-03,2026-03-06,Delivered
PO0008991,SUP0001,WH001,2026-01-27,2026-02-09,2026-02-14,Delivered
PO0008992,SUP0043,WH009,2025-05-22,2025-05-28,2025-05-28,Delivered
PO0008993,SUP0094,WH004,2025-05-14,2025-05-28,2025-05-28,Delivered
PO0008994,SUP0043,WH002,2025-06-25,2025-07-06,2025-07-07,Delivered
PO0008995,SUP0011,WH007,2025-11-30,2025-12-10,2025-12-10,Delivered
PO0008996,SUP0098,WH001,2026-01-10,2026-01-13,2026-01-13,Delivered
PO0008997,SUP0029,WH002,2025-06-14,2025-06-23,2025-06-23,Delivered
PO0008998,SUP0060,WH003,2026-04-02,2026-04-06,2026-04-06,Delivered
PO0008999,SUP0039,WH005,2026-04-21,2026-05-01,2026-05-01,Delivered
PO0009000,SUP0050,WH001,2025-07-11,2025-07-15,2025-07-15,Delivered
PO0009001,SUP0086,WH001,2025-07-29,2025-08-12,2025-08-12,Delivered
PO0009002,SUP0006,WH004,2025-07-09,2025-07-17,2025-07-17,Delivered
PO0009003,SUP0076,WH005,2025-02-18,2025-03-01,2025-03-04,Delivered
PO0009004,SUP0069,WH006,2026-05-26,2026-05-30,2026-05-30,Delivered
PO0009005,SUP0017,WH009,2025-05-23,2025-05-31,2025-06-02,Delivered
PO0009006,SUP0044,WH003,2025-01-23,2025-01-26,2025-01-26,Delivered
PO0009007,SUP0090,WH007,2026-01-23,2026-02-03,2026-02-03,Delivered
PO0009008,SUP0028,WH007,2026-07-03,2026-07-17,2026-07-17,Delivered
PO0009009,SUP0033,WH006,2025-09-20,2025-10-03,2025-10-08,Delivered
PO0009010,SUP0055,WH005,2025-02-26,2025-03-03,2025-03-04,Delivered
PO0009011,SUP0099,WH008,2025-11-27,2025-12-11,2025-12-11,Delivered
PO0009012,SUP0065,WH009,2025-07-17,2025-07-29,2025-07-30,Delivered
PO0009013,SUP0036,WH007,2025-03-27,2025-03-29,2025-03-30,Delivered
PO0009014,SUP0043,WH006,2025-12-03,2025-12-13,2025-12-14,Delivered
PO0009015,SUP0010,WH006,2025-04-12,2025-04-14,2025-04-22,Cancelled
PO0009016,SUP0057,WH003,2025-07-26,2025-07-31,2025-07-31,Delivered
PO0009017,SUP0085,WH003,2026-07-31,2026-08-14,2026-08-15,Delivered
PO0009018,SUP0069,WH005,2025-05-05,2025-05-18,2025-05-18,Delivered
PO0009019,SUP0031,WH009,2026-05-12,2026-05-25,2026-05-27,Delivered
PO0009020,SUP0016,WH007,2025-06-28,2025-07-07,2025-07-09,Delivered
PO0009021,SUP0017,WH010,2025-11-17,2025-11-30,2025-12-01,Delivered
PO0009022,SUP0039,WH010,2026-07-02,2026-07-09,2026-07-11,Delivered
PO0009023,SUP0061,WH008,2026-04-15,2026-04-28,2026-04-29,Delivered
PO0009024,SUP0068,WH006,2025-05-14,2025-05-17,2025-05-17,Delivered
PO0009025,SUP0081,WH006,2026-02-18,2026-02-28,2026-03-05,Delivered
PO0009026,SUP0063,WH001,2026-06-03,2026-06-16,2026-06-16,Delivered
PO0009027,SUP0061,WH002,2025-01-21,2025-01-24,2025-01-24,Delivered
PO0009028,SUP0057,WH006,2025-07-05,2025-07-15,2025-07-16,Delivered
PO0009029,SUP0020,WH006,2025-06-17,2025-06-30,2025-06-30,Delivered
PO0009030,SUP0012,WH006,2025-01-11,2025-01-21,2025-01-21,Delivered
PO0009031,SUP0052,WH001,2025-09-23,2025-09-29,2025-09-29,Delivered
PO0009032,SUP0097,WH002,2025-06-10,2025-06-16,2025-06-16,Delivered
PO0009033,SUP0025,WH009,2025-02-14,2025-02-23,2025-02-23,Delivered
PO0009034,SUP0004,WH003,2025-01-04,2025-01-18,2025-01-18,Delivered
PO0009035,SUP0051,WH002,2025-12-06,2025-12-10,2025-12-10,Cancelled
PO0009036,SUP0092,WH009,2025-12-22,2026-01-05,2026-01-07,Delivered
PO0009037,SUP0002,WH004,2025-07-29,2025-08-07,2025-08-08,Delivered
PO0009038,SUP0067,WH003,2025-02-12,2025-02-22,2025-02-22,Delivered
PO0009039,SUP0032,WH005,2025-01-05,2025-01-16,2025-01-16,Delivered
PO0009040,SUP0014,WH009,2025-11-26,2025-12-01,2025-12-02,Delivered
PO0009041,SUP0048,WH008,2025-10-31,2025-11-14,2025-11-16,Delivered
PO0009042,SUP0044,WH001,2026-01-08,2026-01-14,2026-01-15,Delivered
PO0009043,SUP0010,WH009,2025-12-01,2025-12-03,2025-12-05,Delivered
PO0009044,SUP0010,WH005,2026-07-11,2026-07-21,2026-07-24,Delivered
PO0009045,SUP0022,WH005,2025-08-24,2025-09-05,2025-09-07,Delivered
PO0009046,SUP0008,WH008,2025-11-08,2025-11-16,2025-11-16,Delivered
PO0009047,SUP0015,WH008,2025-11-06,2025-11-08,2025-11-11,Delivered
PO0009048,SUP0018,WH009,2026-08-10,2026-08-24,2026-08-24,Delivered
PO0009049,SUP0012,WH010,2025-01-24,2025-01-29,2025-02-01,Delivered
PO0009050,SUP0030,WH006,2026-07-11,2026-07-16,2026-07-21,Delivered
PO0009051,SUP0010,WH004,2025-08-09,2025-08-22,2025-08-25,Delivered
PO0009052,SUP0070,WH009,2025-08-24,2025-08-29,2025-08-29,Delivered
PO0009053,SUP0045,WH010,2025-02-07,2025-02-18,2025-02-18,Delivered
PO0009054,SUP0004,WH006,2026-07-15,2026-07-27,2026-07-27,Delivered
PO0009055,SUP0070,WH003,2025-03-11,2025-03-25,2025-03-28,Delivered
PO0009056,SUP0024,WH004,2026-07-27,2026-07-29,2026-07-29,Delivered
PO0009057,SUP0014,WH002,2026-01-28,2026-02-08,2026-02-08,Delivered
PO0009058,SUP0013,WH006,2025-05-24,2025-06-06,2025-06-09,Delivered
PO0009059,SUP0054,WH004,2026-05-30,2026-06-02,2026-06-02,Delivered
PO0009060,SUP0034,WH001,2026-06-29,2026-07-04,2026-07-04,Delivered
PO0009061,SUP0052,WH010,2026-06-13,2026-06-16,2026-06-17,Delivered
PO0009062,SUP0077,WH003,2026-01-27,2026-02-04,2026-02-07,Delivered
PO0009063,SUP0066,WH010,2025-02-26,2025-02-28,2025-02-28,Delivered
PO0009064,SUP0035,WH001,2026-02-09,2026-02-20,2026-02-21,Delivered
PO0009065,SUP0090,WH003,2025-03-10,2025-03-23,2025-03-23,Cancelled
PO0009066,SUP0067,WH008,2025-03-29,2025-04-07,2025-04-12,Delivered
PO0009067,SUP0093,WH007,2025-07-31,2025-08-07,2025-08-07,Delivered
PO0009068,SUP0052,WH006,2026-02-08,2026-02-10,2026-02-15,Delivered
PO0009069,SUP0032,WH005,2026-03-13,2026-03-17,2026-03-17,Delivered
PO0009070,SUP0093,WH002,2026-01-02,2026-01-09,2026-01-11,Cancelled
PO0009071,SUP0075,WH008,2025-05-13,2025-05-18,2025-05-20,Cancelled
PO0009072,SUP0088,WH002,2026-02-23,2026-02-25,2026-03-02,Delivered
PO0009073,SUP0015,WH010,2025-03-09,2025-03-21,2025-03-21,Delivered
PO0009074,SUP0008,WH008,2025-08-05,2025-08-10,2025-08-10,Delivered
PO0009075,SUP0024,WH003,2026-03-16,2026-03-26,2026-03-29,Delivered
PO0009076,SUP0012,WH005,2025-09-06,2025-09-14,2025-09-14,Delivered
PO0009077,SUP0053,WH009,2025-04-23,2025-05-01,2025-05-06,Delivered
PO0009078,SUP0018,WH003,2026-05-21,2026-05-24,2026-05-26,Delivered
PO0009079,SUP0060,WH002,2025-01-02,2025-01-09,2025-01-09,Delivered
PO0009080,SUP0041,WH003,2025-06-12,2025-06-24,2025-06-27,Delivered
PO0009081,SUP0046,WH004,2025-08-27,2025-09-04,2025-09-06,Cancelled
PO0009082,SUP0039,WH001,2026-04-10,2026-04-22,2026-04-30,Delivered
PO0009083,SUP0031,WH009,2026-05-04,2026-05-13,2026-05-14,Delivered
PO0009084,SUP0085,WH007,2025-10-02,2025-10-13,2025-10-15,Delivered
PO0009085,SUP0058,WH003,2026-02-01,2026-02-05,2026-02-07,Delivered
PO0009086,SUP0060,WH004,2025-03-26,2025-04-04,2025-04-09,Delivered
PO0009087,SUP0044,WH004,2025-08-13,2025-08-24,2025-08-24,Delivered
PO0009088,SUP0031,WH008,2025-07-14,2025-07-28,2025-07-29,Delivered
PO0009089,SUP0042,WH009,2025-11-22,2025-12-02,2025-12-02,Delivered
PO0009090,SUP0036,WH001,2026-01-26,2026-01-28,2026-01-28,Delivered
PO0009091,SUP0049,WH001,2026-03-16,2026-03-21,2026-03-21,Delivered
PO0009092,SUP0097,WH004,2026-08-04,2026-08-10,2026-08-10,Delivered
PO0009093,SUP0010,WH001,2026-06-22,2026-07-04,2026-07-06,Delivered
PO0009094,SUP0035,WH008,2026-03-02,2026-03-06,2026-03-09,Delivered
PO0009095,SUP0058,WH010,2026-08-15,2026-08-23,2026-08-23,Cancelled
PO0009096,SUP0047,WH007,2025-05-14,2025-05-27,2025-05-27,Delivered
PO0009097,SUP0088,WH001,2025-01-27,2025-02-09,2025-02-09,Cancelled
PO0009098,SUP0009,WH004,2026-04-30,2026-05-07,2026-05-07,Delivered
PO0009099,SUP0096,WH005,2025-07-24,2025-08-04,2025-08-04,Delivered
PO0009100,SUP0023,WH004,2025-02-27,2025-03-04,2025-03-05,Delivered
PO0009101,SUP0019,WH005,2025-06-16,2025-06-22,2025-06-22,Delivered
PO0009102,SUP0070,WH010,2025-10-24,2025-11-03,2025-11-03,Delivered
PO0009103,SUP0024,WH009,2025-06-20,2025-06-26,2025-06-27,Delivered
PO0009104,SUP0088,WH009,2025-05-16,2025-05-23,2025-05-25,Delivered
PO0009105,SUP0022,WH009,2026-03-30,2026-04-02,2026-04-03,Delivered
PO0009106,SUP0036,WH006,2026-02-14,2026-02-28,2026-03-02,Delivered
PO0009107,SUP0100,WH009,2026-02-26,2026-03-01,2026-03-03,Delivered
PO0009108,SUP0072,WH007,2025-07-13,2025-07-16,2025-07-16,Delivered
PO0009109,SUP0003,WH009,2025-08-20,2025-09-03,2025-09-03,Delivered
PO0009110,SUP0086,WH009,2026-01-04,2026-01-09,2026-01-10,Delivered
PO0009111,SUP0004,WH006,2025-06-09,2025-06-16,2025-06-16,Delivered
PO0009112,SUP0046,WH006,2026-06-20,2026-06-27,2026-06-30,Delivered
PO0009113,SUP0080,WH005,2026-04-28,2026-05-06,2026-05-06,Delivered
PO0009114,SUP0090,WH010,2025-09-12,2025-09-24,2025-09-24,Delivered
PO0009115,SUP0089,WH008,2025-10-30,2025-11-02,2025-11-02,Delivered
PO0009116,SUP0036,WH002,2025-05-27,2025-06-03,2025-06-06,Delivered
PO0009117,SUP0027,WH008,2025-08-11,2025-08-19,2025-08-19,Delivered
PO0009118,SUP0004,WH007,2026-06-24,2026-07-03,2026-07-03,Delivered
PO0009119,SUP0047,WH007,2025-11-08,2025-11-10,2025-11-10,Delivered
PO0009120,SUP0048,WH001,2025-01-23,2025-02-05,2025-02-05,Delivered
PO0009121,SUP0007,WH006,2025-11-08,2025-11-12,2025-11-14,Delivered
PO0009122,SUP0007,WH006,2026-08-25,2026-08-28,,In Transit
PO0009123,SUP0019,WH009,2026-04-29,2026-05-09,2026-05-09,Delivered
PO0009124,SUP0099,WH005,2026-08-01,2026-08-12,2026-08-20,Delivered
PO0009125,SUP0009,WH004,2025-11-24,2025-12-02,2025-12-03,Delivered
PO0009126,SUP0058,WH001,2025-02-14,2025-02-27,2025-02-27,Delivered
PO0009127,SUP0008,WH004,2025-11-23,2025-11-29,2025-11-30,Delivered
PO0009128,SUP0093,WH003,2026-04-08,2026-04-18,2026-04-18,Delivered
PO0009129,SUP0091,WH006,2025-11-26,2025-12-01,2025-12-01,Delivered
PO0009130,SUP0028,WH010,2025-06-22,2025-06-24,2025-06-27,Delivered
PO0009131,SUP0018,WH010,2026-07-21,2026-07-24,2026-07-24,Delivered
PO0009132,SUP0023,WH008,2026-03-25,2026-03-30,2026-04-02,Delivered
PO0009133,SUP0026,WH002,2026-06-22,2026-07-01,2026-07-06,Delivered
PO0009134,SUP0093,WH002,2025-05-17,2025-05-28,2025-05-28,Delivered
PO0009135,SUP0017,WH007,2025-02-02,2025-02-10,2025-02-10,Delivered
PO0009136,SUP0059,WH003,2025-06-04,2025-06-18,2025-06-18,Cancelled
PO0009137,SUP0050,WH006,2026-05-08,2026-05-18,2026-05-18,Delivered
PO0009138,SUP0014,WH010,2025-01-27,2025-01-30,2025-01-30,Delivered
PO0009139,SUP0065,WH010,2025-02-20,2025-02-23,2025-02-26,Delivered
PO0009140,SUP0099,WH003,2026-07-02,2026-07-11,2026-07-13,Delivered
PO0009141,SUP0047,WH001,2026-06-11,2026-06-14,2026-06-14,Delivered
PO0009142,SUP0087,WH009,2025-03-10,2025-03-16,2025-03-21,Delivered
PO0009143,SUP0070,WH002,2026-08-21,2026-08-27,,In Transit
PO0009144,SUP0002,WH008,2026-03-17,2026-03-31,2026-03-31,Delivered
PO0009145,SUP0049,WH003,2026-07-25,2026-08-08,2026-08-08,Delivered
PO0009146,SUP0051,WH002,2025-03-12,2025-03-20,2025-03-22,Delivered
PO0009147,SUP0074,WH010,2026-04-26,2026-05-02,2026-05-02,Delivered
PO0009148,SUP0071,WH008,2025-03-24,2025-03-26,2025-03-29,Delivered
PO0009149,SUP0011,WH006,2026-08-26,2026-09-05,,In Transit
PO0009150,SUP0067,WH009,2025-04-02,2025-04-12,2025-04-12,Delivered
PO0009151,SUP0092,WH005,2025-07-13,2025-07-15,2025-07-16,Delivered
PO0009152,SUP0009,WH009,2025-10-13,2025-10-27,2025-10-27,Delivered
PO0009153,SUP0097,WH006,2025-09-10,2025-09-20,2025-09-20,Delivered
PO0009154,SUP0008,WH005,2025-02-19,2025-03-04,2025-03-04,Delivered
PO0009155,SUP0003,WH002,2025-09-22,2025-10-02,2025-10-05,Delivered
PO0009156,SUP0078,WH001,2026-02-12,2026-02-21,2026-02-21,Delivered
PO0009157,SUP0062,WH006,2025-12-06,2025-12-15,2025-12-15,Cancelled
PO0009158,SUP0079,WH005,2025-08-13,2025-08-22,2025-08-22,Delivered
PO0009159,SUP0058,WH002,2025-09-06,2025-09-13,2025-09-15,Delivered
PO0009160,SUP0043,WH004,2026-04-21,2026-04-26,2026-04-26,Delivered
PO0009161,SUP0036,WH009,2025-06-15,2025-06-22,2025-06-22,Delivered
PO0009162,SUP0056,WH004,2026-04-03,2026-04-16,2026-04-18,Cancelled
PO0009163,SUP0045,WH006,2026-05-29,2026-05-31,2026-05-31,Delivered
PO0009164,SUP0081,WH007,2025-03-17,2025-03-27,2025-03-27,Delivered
PO0009165,SUP0090,WH005,2026-07-27,2026-08-10,2026-08-15,Delivered
PO0009166,SUP0009,WH003,2026-05-11,2026-05-13,2026-05-15,Delivered
PO0009167,SUP0019,WH008,2026-05-09,2026-05-22,2026-05-23,Cancelled
PO0009168,SUP0061,WH002,2025-12-22,2025-12-28,2025-12-28,Delivered
PO0009169,SUP0064,WH004,2025-02-20,2025-03-01,2025-03-01,Delivered
PO0009170,SUP0061,WH009,2025-01-28,2025-02-04,2025-02-04,Delivered
PO0009171,SUP0008,WH004,2025-11-25,2025-12-03,2025-12-05,Delivered
PO0009172,SUP0043,WH008,2026-04-23,2026-05-03,2026-05-03,Delivered
PO0009173,SUP0071,WH009,2025-12-20,2025-12-30,2025-12-30,Delivered
PO0009174,SUP0048,WH007,2025-02-12,2025-02-25,2025-02-28,Delivered
PO0009175,SUP0003,WH001,2025-02-22,2025-02-28,2025-03-01,Delivered
PO0009176,SUP0072,WH001,2026-03-27,2026-04-02,2026-04-03,Delivered
PO0009177,SUP0047,WH006,2025-03-25,2025-03-27,2025-04-04,Delivered
PO0009178,SUP0006,WH009,2025-02-21,2025-03-02,2025-03-07,Delivered
PO0009179,SUP0036,WH005,2026-02-12,2026-02-24,2026-02-24,Delivered
PO0009180,SUP0076,WH004,2026-05-19,2026-05-27,2026-05-27,Delivered
PO0009181,SUP0040,WH010,2025-12-06,2025-12-15,2025-12-15,Delivered
PO0009182,SUP0085,WH008,2026-08-02,2026-08-15,2026-08-18,Delivered
PO0009183,SUP0025,WH001,2025-01-06,2025-01-14,2025-01-14,Delivered
PO0009184,SUP0092,WH005,2026-06-08,2026-06-16,2026-06-16,Delivered
PO0009185,SUP0006,WH001,2025-04-06,2025-04-18,2025-04-19,Delivered
PO0009186,SUP0057,WH001,2026-01-30,2026-02-08,2026-02-13,Delivered
PO0009187,SUP0093,WH007,2025-06-17,2025-06-23,2025-06-23,Delivered
PO0009188,SUP0083,WH004,2025-08-14,2025-08-28,2025-09-02,Delivered
PO0009189,SUP0075,WH010,2026-06-28,2026-07-05,2026-07-05,Delivered
PO0009190,SUP0070,WH010,2025-12-06,2025-12-12,2025-12-12,Delivered
PO0009191,SUP0097,WH006,2025-11-15,2025-11-24,2025-11-24,Delivered
PO0009192,SUP0097,WH008,2025-12-05,2025-12-16,2025-12-18,Delivered
PO0009193,SUP0016,WH003,2026-03-23,2026-03-28,2026-03-28,Delivered
PO0009194,SUP0012,WH004,2025-09-21,2025-10-04,2025-10-04,Delivered
PO0009195,SUP0018,WH010,2025-03-28,2025-04-10,2025-04-13,Cancelled
PO0009196,SUP0081,WH001,2026-01-29,2026-02-08,2026-02-10,Delivered
PO0009197,SUP0042,WH008,2026-03-16,2026-03-24,2026-03-25,Delivered
PO0009198,SUP0084,WH003,2026-05-18,2026-05-22,2026-05-22,Delivered
PO0009199,SUP0079,WH010,2025-06-20,2025-06-29,2025-06-29,Delivered
PO0009200,SUP0019,WH010,2025-07-13,2025-07-16,2025-07-16,Delivered
PO0009201,SUP0094,WH002,2026-07-17,2026-07-31,2026-08-02,Delivered
PO0009202,SUP0083,WH003,2025-12-09,2025-12-22,2025-12-25,Delivered
PO0009203,SUP0054,WH008,2026-06-24,2026-06-26,2026-06-26,Delivered
PO0009204,SUP0086,WH003,2026-05-04,2026-05-18,2026-05-26,Delivered
PO0009205,SUP0007,WH003,2025-01-11,2025-01-13,2025-01-13,Delivered
PO0009206,SUP0008,WH003,2026-07-04,2026-07-14,2026-07-16,Delivered
PO0009207,SUP0039,WH006,2025-10-30,2025-11-12,2025-11-13,Delivered
PO0009208,SUP0065,WH009,2025-12-04,2025-12-14,2025-12-19,Delivered
PO0009209,SUP0071,WH001,2025-02-28,2025-03-05,2025-03-06,Delivered
PO0009210,SUP0052,WH003,2026-06-29,2026-07-04,2026-07-04,Delivered
PO0009211,SUP0010,WH004,2025-10-04,2025-10-11,2025-10-11,Delivered
PO0009212,SUP0054,WH005,2026-06-03,2026-06-08,2026-06-08,Delivered
PO0009213,SUP0056,WH006,2025-09-20,2025-09-25,2025-09-28,Delivered
PO0009214,SUP0054,WH003,2025-04-20,2025-05-02,2025-05-02,Delivered
PO0009215,SUP0077,WH006,2026-08-05,2026-08-07,2026-08-08,Delivered
PO0009216,SUP0026,WH008,2025-10-18,2025-10-25,2025-10-26,Delivered
PO0009217,SUP0031,WH003,2026-01-07,2026-01-10,2026-01-10,Delivered
PO0009218,SUP0058,WH002,2025-09-26,2025-09-29,2025-09-30,Delivered
PO0009219,SUP0040,WH005,2025-04-29,2025-05-07,2025-05-07,Delivered
PO0009220,SUP0025,WH009,2026-03-05,2026-03-07,2026-03-07,Delivered
PO0009221,SUP0098,WH009,2026-06-13,2026-06-17,2026-06-18,Delivered
PO0009222,SUP0026,WH010,2026-01-31,2026-02-05,2026-02-05,Delivered
PO0009223,SUP0040,WH007,2026-04-04,2026-04-16,2026-04-19,Delivered
PO0009224,SUP0015,WH008,2026-03-05,2026-03-16,2026-03-16,Delivered
PO0009225,SUP0059,WH002,2026-07-05,2026-07-09,2026-07-10,Delivered
PO0009226,SUP0029,WH005,2025-06-24,2025-07-05,2025-07-05,Delivered
PO0009227,SUP0100,WH002,2025-08-05,2025-08-17,2025-08-17,Delivered
PO0009228,SUP0033,WH010,2026-08-27,2026-08-29,,In Transit
PO0009229,SUP0026,WH005,2026-04-22,2026-05-03,2026-05-06,Delivered
PO0009230,SUP0038,WH009,2025-10-19,2025-10-21,2025-10-22,Delivered
PO0009231,SUP0043,WH006,2025-01-07,2025-01-20,2025-01-21,Delivered
PO0009232,SUP0092,WH009,2025-09-12,2025-09-25,2025-09-25,Delivered
PO0009233,SUP0041,WH002,2026-07-28,2026-08-05,2026-08-05,Delivered
PO0009234,SUP0032,WH001,2025-01-14,2025-01-27,2025-01-30,Delivered
PO0009235,SUP0045,WH008,2026-01-06,2026-01-11,2026-01-13,Delivered
PO0009236,SUP0008,WH002,2025-03-26,2025-03-31,2025-04-02,Delivered
PO0009237,SUP0017,WH002,2025-03-02,2025-03-14,2025-03-19,Delivered
PO0009238,SUP0075,WH001,2025-03-30,2025-04-13,2025-04-14,Delivered
PO0009239,SUP0068,WH003,2025-06-22,2025-07-02,2025-07-02,Delivered
PO0009240,SUP0021,WH001,2026-07-05,2026-07-13,2026-07-13,Delivered
PO0009241,SUP0087,WH008,2026-01-19,2026-01-23,2026-01-23,Delivered
PO0009242,SUP0030,WH008,2025-09-19,2025-09-25,2025-09-25,Delivered
PO0009243,SUP0041,WH007,2026-03-09,2026-03-11,2026-03-11,Delivered
PO0009244,SUP0063,WH008,2026-05-09,2026-05-16,2026-05-17,Delivered
PO0009245,SUP0029,WH004,2025-04-19,2025-04-21,2025-04-21,Delivered
PO0009246,SUP0076,WH009,2025-07-03,2025-07-12,2025-07-15,Delivered
PO0009247,SUP0072,WH005,2025-07-14,2025-07-24,2025-07-24,Delivered
PO0009248,SUP0084,WH010,2025-07-14,2025-07-26,2025-07-27,Delivered
PO0009249,SUP0006,WH006,2025-02-23,2025-03-06,2025-03-07,Delivered
PO0009250,SUP0027,WH003,2025-05-15,2025-05-19,2025-05-19,Delivered
PO0009251,SUP0091,WH004,2025-07-17,2025-07-28,2025-07-28,Delivered
PO0009252,SUP0060,WH001,2026-05-29,2026-06-09,2026-06-12,Delivered
PO0009253,SUP0099,WH002,2026-06-05,2026-06-16,2026-06-16,Delivered
PO0009254,SUP0082,WH004,2025-11-03,2025-11-16,2025-11-21,Delivered
PO0009255,SUP0097,WH008,2025-06-07,2025-06-12,2025-06-17,Delivered
PO0009256,SUP0069,WH005,2025-03-30,2025-04-06,2025-04-06,Delivered
PO0009257,SUP0071,WH007,2025-01-10,2025-01-23,2025-01-23,Delivered
PO0009258,SUP0050,WH003,2026-02-16,2026-02-22,2026-02-22,Delivered
PO0009259,SUP0070,WH005,2025-03-15,2025-03-17,2025-03-25,Delivered
PO0009260,SUP0003,WH006,2026-04-04,2026-04-07,2026-04-07,Delivered
PO0009261,SUP0050,WH005,2025-02-01,2025-02-12,2025-02-15,Delivered
PO0009262,SUP0071,WH003,2025-07-30,2025-08-01,2025-08-04,Delivered
PO0009263,SUP0043,WH006,2025-08-06,2025-08-18,2025-08-21,Delivered
PO0009264,SUP0027,WH008,2025-06-10,2025-06-21,2025-06-21,Delivered
PO0009265,SUP0066,WH009,2025-07-07,2025-07-09,2025-07-10,Delivered
PO0009266,SUP0081,WH003,2025-11-17,2025-11-23,2025-11-25,Delivered
PO0009267,SUP0005,WH006,2025-11-05,2025-11-07,2025-11-09,Delivered
PO0009268,SUP0001,WH004,2025-08-21,2025-08-26,2025-08-26,Delivered
PO0009269,SUP0005,WH010,2025-02-19,2025-02-25,2025-02-25,Delivered
PO0009270,SUP0086,WH006,2025-06-27,2025-07-02,2025-07-05,Delivered
PO0009271,SUP0018,WH007,2026-01-24,2026-01-29,2026-01-31,Delivered
PO0009272,SUP0006,WH005,2025-08-21,2025-08-25,2025-08-25,Delivered
PO0009273,SUP0059,WH006,2025-03-07,2025-03-14,2025-03-14,Delivered
PO0009274,SUP0022,WH003,2026-04-11,2026-04-16,2026-04-16,Delivered
PO0009275,SUP0022,WH002,2026-07-04,2026-07-13,2026-07-13,Delivered
PO0009276,SUP0039,WH005,2026-06-10,2026-06-20,2026-06-23,Delivered
PO0009277,SUP0069,WH008,2026-04-09,2026-04-23,2026-04-26,Delivered
PO0009278,SUP0011,WH009,2026-06-21,2026-06-30,2026-06-30,Delivered
PO0009279,SUP0028,WH005,2025-06-28,2025-06-30,2025-07-03,Delivered
PO0009280,SUP0085,WH007,2025-01-07,2025-01-13,2025-01-13,Delivered
PO0009281,SUP0042,WH005,2025-09-04,2025-09-06,2025-09-11,Delivered
PO0009282,SUP0076,WH007,2025-08-16,2025-08-30,2025-08-30,Delivered
PO0009283,SUP0100,WH010,2025-06-23,2025-06-30,2025-07-03,Delivered
PO0009284,SUP0010,WH003,2026-04-13,2026-04-26,2026-04-26,Delivered
PO0009285,SUP0002,WH005,2025-10-01,2025-10-04,2025-10-07,Delivered
PO0009286,SUP0013,WH005,2025-06-03,2025-06-12,2025-06-13,Delivered
PO0009287,SUP0096,WH003,2026-02-04,2026-02-18,2026-02-18,Delivered
PO0009288,SUP0050,WH010,2026-02-20,2026-03-05,2026-03-08,Delivered
PO0009289,SUP0084,WH010,2025-02-15,2025-02-18,2025-02-18,Delivered
PO0009290,SUP0042,WH002,2026-06-21,2026-06-26,2026-06-26,Delivered
PO0009291,SUP0059,WH005,2026-07-13,2026-07-16,2026-07-16,Delivered
PO0009292,SUP0059,WH002,2026-08-26,2026-08-29,,In Transit
PO0009293,SUP0038,WH008,2026-02-20,2026-02-25,2026-02-26,Delivered
PO0009294,SUP0003,WH007,2025-05-23,2025-06-01,2025-06-01,Delivered
PO0009295,SUP0018,WH002,2026-05-17,2026-05-23,2026-05-26,Delivered
PO0009296,SUP0082,WH010,2025-08-08,2025-08-19,2025-08-22,Delivered
PO0009297,SUP0052,WH001,2025-04-09,2025-04-15,2025-04-16,Delivered
PO0009298,SUP0042,WH005,2026-07-16,2026-07-27,2026-07-30,Cancelled
PO0009299,SUP0075,WH003,2026-04-27,2026-05-05,2026-05-05,Cancelled
PO0009300,SUP0075,WH008,2025-04-22,2025-04-28,2025-04-29,Delivered
PO0009301,SUP0054,WH006,2026-05-06,2026-05-10,2026-05-10,Delivered
PO0009302,SUP0094,WH003,2025-12-07,2025-12-10,2025-12-10,Delivered
PO0009303,SUP0016,WH008,2026-07-15,2026-07-21,2026-07-21,Delivered
PO0009304,SUP0020,WH007,2026-01-06,2026-01-10,2026-01-10,Delivered
PO0009305,SUP0055,WH004,2026-01-29,2026-02-07,2026-02-07,Cancelled
PO0009306,SUP0050,WH004,2025-07-05,2025-07-12,2025-07-12,Delivered
PO0009307,SUP0026,WH002,2026-01-05,2026-01-15,2026-01-15,Delivered
PO0009308,SUP0006,WH010,2026-07-25,2026-08-03,2026-08-04,Delivered
PO0009309,SUP0096,WH010,2025-08-02,2025-08-12,2025-08-12,Delivered
PO0009310,SUP0020,WH003,2025-12-07,2025-12-21,2025-12-21,Delivered
PO0009311,SUP0024,WH008,2025-04-04,2025-04-18,2025-04-18,Delivered
PO0009312,SUP0082,WH007,2025-09-09,2025-09-15,2025-09-18,Delivered
PO0009313,SUP0095,WH007,2025-05-25,2025-05-29,2025-06-03,Delivered
PO0009314,SUP0024,WH003,2025-01-03,2025-01-15,2025-01-18,Delivered
PO0009315,SUP0092,WH007,2026-06-29,2026-07-02,2026-07-02,Delivered
PO0009316,SUP0077,WH002,2025-11-09,2025-11-18,2025-11-19,Delivered
PO0009317,SUP0087,WH008,2025-01-18,2025-01-23,2025-01-28,Delivered
PO0009318,SUP0075,WH002,2025-04-29,2025-05-08,2025-05-11,Delivered
PO0009319,SUP0077,WH007,2025-05-05,2025-05-10,2025-05-10,Delivered
PO0009320,SUP0082,WH004,2025-02-12,2025-02-18,2025-02-21,Delivered
PO0009321,SUP0073,WH008,2025-09-24,2025-10-05,2025-10-05,Delivered
PO0009322,SUP0017,WH009,2025-11-14,2025-11-27,2025-11-27,Delivered
PO0009323,SUP0055,WH003,2025-11-08,2025-11-22,2025-11-22,Delivered
PO0009324,SUP0035,WH010,2026-04-11,2026-04-17,2026-04-17,Delivered
PO0009325,SUP0019,WH009,2025-03-02,2025-03-06,2025-03-09,Delivered
PO0009326,SUP0078,WH006,2025-02-04,2025-02-12,2025-02-12,Delivered
PO0009327,SUP0090,WH001,2025-02-19,2025-03-03,2025-03-03,Delivered
PO0009328,SUP0064,WH009,2026-04-22,2026-05-02,2026-05-03,Delivered
PO0009329,SUP0061,WH009,2025-03-08,2025-03-15,2025-03-15,Delivered
PO0009330,SUP0081,WH006,2025-01-17,2025-01-23,2025-01-23,Delivered
PO0009331,SUP0053,WH006,2026-05-29,2026-06-11,2026-06-12,Delivered
PO0009332,SUP0002,WH009,2025-06-22,2025-06-26,2025-06-26,Delivered
PO0009333,SUP0029,WH003,2026-08-12,2026-08-15,2026-08-15,Delivered
PO0009334,SUP0081,WH005,2025-01-30,2025-02-03,2025-02-03,Delivered
PO0009335,SUP0096,WH007,2025-06-10,2025-06-21,2025-06-22,Delivered
PO0009336,SUP0030,WH001,2026-02-06,2026-02-14,2026-02-14,Delivered
PO0009337,SUP0099,WH002,2025-04-14,2025-04-21,2025-04-21,Delivered
PO0009338,SUP0023,WH008,2025-06-09,2025-06-19,2025-06-27,Delivered
PO0009339,SUP0047,WH004,2026-01-06,2026-01-19,2026-01-22,Delivered
PO0009340,SUP0077,WH003,2026-03-25,2026-04-05,2026-04-05,Delivered
PO0009341,SUP0059,WH007,2026-06-05,2026-06-07,2026-06-08,Delivered
PO0009342,SUP0043,WH001,2025-07-22,2025-07-24,2025-07-24,Delivered
PO0009343,SUP0018,WH009,2025-09-10,2025-09-16,2025-09-16,Delivered
PO0009344,SUP0077,WH006,2025-03-17,2025-03-31,2025-03-31,Delivered
PO0009345,SUP0023,WH007,2026-03-21,2026-03-26,2026-03-26,Delivered
PO0009346,SUP0049,WH007,2025-05-17,2025-05-26,2025-06-03,Delivered
PO0009347,SUP0064,WH002,2025-04-26,2025-04-29,2025-05-01,Delivered
PO0009348,SUP0019,WH001,2026-08-06,2026-08-12,2026-08-17,Delivered
PO0009349,SUP0056,WH008,2026-05-13,2026-05-26,2026-05-26,Delivered
PO0009350,SUP0034,WH008,2025-04-22,2025-04-24,2025-04-25,Delivered
PO0009351,SUP0011,WH006,2025-02-18,2025-03-01,2025-03-03,Delivered
PO0009352,SUP0002,WH003,2025-08-11,2025-08-20,2025-08-20,Delivered
PO0009353,SUP0046,WH010,2026-03-09,2026-03-23,2026-03-24,Delivered
PO0009354,SUP0018,WH008,2025-06-29,2025-07-10,2025-07-10,Delivered
PO0009355,SUP0027,WH004,2025-01-21,2025-02-04,2025-02-04,Delivered
PO0009356,SUP0075,WH006,2025-09-11,2025-09-25,2025-09-27,Delivered
PO0009357,SUP0091,WH006,2025-05-29,2025-06-08,2025-06-08,Delivered
PO0009358,SUP0040,WH002,2025-01-01,2025-01-08,2025-01-10,Delivered
PO0009359,SUP0052,WH005,2025-07-28,2025-08-11,2025-08-14,Delivered
PO0009360,SUP0072,WH004,2025-02-25,2025-02-28,2025-02-28,Delivered
PO0009361,SUP0038,WH010,2025-03-11,2025-03-21,2025-03-21,Delivered
PO0009362,SUP0010,WH002,2025-02-26,2025-03-08,2025-03-08,Delivered
PO0009363,SUP0037,WH003,2025-11-19,2025-11-23,2025-11-24,Delivered
PO0009364,SUP0010,WH002,2025-11-15,2025-11-20,2025-11-23,Delivered
PO0009365,SUP0003,WH009,2025-05-30,2025-06-01,2025-06-01,Delivered
PO0009366,SUP0087,WH003,2026-05-09,2026-05-13,2026-05-13,Delivered
PO0009367,SUP0034,WH010,2025-05-26,2025-05-31,2025-05-31,Delivered
PO0009368,SUP0038,WH006,2025-09-29,2025-10-13,2025-10-15,Delivered
PO0009369,SUP0031,WH010,2026-07-20,2026-07-23,2026-07-23,Delivered
PO0009370,SUP0066,WH009,2025-11-07,2025-11-12,2025-11-12,Delivered
PO0009371,SUP0058,WH001,2025-04-20,2025-04-22,2025-04-23,Delivered
PO0009372,SUP0090,WH002,2025-01-11,2025-01-15,2025-01-15,Delivered
PO0009373,SUP0012,WH007,2025-02-16,2025-02-22,2025-02-22,Delivered
PO0009374,SUP0036,WH003,2025-01-03,2025-01-17,2025-01-18,Delivered
PO0009375,SUP0062,WH008,2025-08-21,2025-09-02,2025-09-02,Delivered
PO0009376,SUP0043,WH010,2025-01-04,2025-01-18,2025-01-18,Delivered
PO0009377,SUP0049,WH007,2026-01-13,2026-01-20,2026-01-20,Delivered
PO0009378,SUP0056,WH007,2025-04-21,2025-05-01,2025-05-02,Delivered
PO0009379,SUP0020,WH004,2025-05-19,2025-05-30,2025-05-30,Delivered
PO0009380,SUP0093,WH001,2025-12-26,2025-12-30,2025-12-30,Delivered
PO0009381,SUP0079,WH004,2025-06-30,2025-07-10,2025-07-13,Delivered
PO0009382,SUP0034,WH007,2025-11-04,2025-11-06,2025-11-06,Delivered
PO0009383,SUP0080,WH005,2026-03-16,2026-03-27,2026-03-27,Delivered
PO0009384,SUP0040,WH003,2025-04-23,2025-05-01,2025-05-01,Delivered
PO0009385,SUP0070,WH009,2025-06-10,2025-06-22,2025-06-23,Delivered
PO0009386,SUP0044,WH004,2026-02-07,2026-02-13,2026-02-14,Delivered
PO0009387,SUP0042,WH005,2026-01-05,2026-01-14,2026-01-16,Delivered
PO0009388,SUP0086,WH005,2025-09-20,2025-09-29,2025-09-29,Delivered
PO0009389,SUP0038,WH007,2026-05-07,2026-05-19,2026-05-19,Cancelled
PO0009390,SUP0096,WH005,2025-05-17,2025-05-26,2025-05-28,Delivered
PO0009391,SUP0087,WH008,2026-01-17,2026-01-26,2026-01-26,Delivered
PO0009392,SUP0089,WH009,2025-09-04,2025-09-10,2025-09-12,Delivered
PO0009393,SUP0061,WH008,2026-01-29,2026-02-03,2026-02-03,Delivered
PO0009394,SUP0059,WH002,2025-05-08,2025-05-18,2025-05-18,Delivered
PO0009395,SUP0018,WH004,2026-08-05,2026-08-14,2026-08-14,Delivered
PO0009396,SUP0079,WH004,2026-07-09,2026-07-11,2026-07-11,Delivered
PO0009397,SUP0010,WH007,2025-11-22,2025-12-02,2025-12-02,Delivered
PO0009398,SUP0084,WH005,2026-06-30,2026-07-08,2026-07-08,Delivered
PO0009399,SUP0046,WH003,2026-02-14,2026-02-27,2026-02-27,Delivered
PO0009400,SUP0050,WH009,2025-01-13,2025-01-22,2025-01-22,Delivered
PO0009401,SUP0053,WH003,2026-05-18,2026-05-30,2026-06-04,Delivered
PO0009402,SUP0093,WH003,2026-07-11,2026-07-19,2026-07-19,Delivered
PO0009403,SUP0065,WH006,2026-08-17,2026-08-26,2026-08-26,Delivered
PO0009404,SUP0075,WH010,2026-06-18,2026-06-20,2026-06-20,Delivered
PO0009405,SUP0067,WH005,2026-06-29,2026-07-08,2026-07-08,Delivered
PO0009406,SUP0098,WH003,2026-07-11,2026-07-13,2026-07-15,Delivered
PO0009407,SUP0078,WH008,2026-01-22,2026-01-28,2026-01-28,Delivered
PO0009408,SUP0030,WH010,2026-07-07,2026-07-21,2026-07-22,Delivered
PO0009409,SUP0094,WH001,2025-12-24,2025-12-27,2026-01-01,Delivered
PO0009410,SUP0047,WH010,2026-08-02,2026-08-13,2026-08-16,Delivered
PO0009411,SUP0018,WH003,2025-01-09,2025-01-15,2025-01-17,Delivered
PO0009412,SUP0100,WH005,2026-06-15,2026-06-21,2026-06-23,Delivered
PO0009413,SUP0068,WH008,2025-03-25,2025-04-05,2025-04-05,Delivered
PO0009414,SUP0066,WH006,2025-03-20,2025-03-23,2025-03-25,Delivered
PO0009415,SUP0073,WH007,2026-04-01,2026-04-03,2026-04-06,Delivered
PO0009416,SUP0071,WH009,2025-08-26,2025-09-07,2025-09-09,Delivered
PO0009417,SUP0067,WH007,2025-02-11,2025-02-17,2025-02-17,Delivered
PO0009418,SUP0010,WH002,2025-03-23,2025-04-02,2025-04-02,Delivered
PO0009419,SUP0022,WH007,2025-12-03,2025-12-12,2025-12-13,Delivered
PO0009420,SUP0041,WH008,2025-09-12,2025-09-14,2025-09-17,Delivered
PO0009421,SUP0010,WH001,2026-08-17,2026-08-31,,In Transit
PO0009422,SUP0087,WH007,2025-09-29,2025-10-06,2025-10-09,Delivered
PO0009423,SUP0050,WH006,2026-03-04,2026-03-11,2026-03-11,Delivered
PO0009424,SUP0086,WH009,2025-07-04,2025-07-17,2025-07-22,Delivered
PO0009425,SUP0028,WH001,2025-03-21,2025-04-01,2025-04-02,Delivered
PO0009426,SUP0079,WH005,2025-05-30,2025-06-13,2025-06-15,Delivered
PO0009427,SUP0077,WH005,2025-08-05,2025-08-16,2025-08-16,Delivered
PO0009428,SUP0048,WH005,2025-10-22,2025-11-03,2025-11-03,Delivered
PO0009429,SUP0001,WH004,2026-08-14,2026-08-16,2026-08-19,Delivered
PO0009430,SUP0061,WH008,2026-08-09,2026-08-16,2026-08-21,Delivered
PO0009431,SUP0096,WH008,2025-04-09,2025-04-16,2025-04-16,Delivered
PO0009432,SUP0085,WH010,2025-10-13,2025-10-16,2025-10-17,Delivered
PO0009433,SUP0011,WH003,2026-02-19,2026-03-02,2026-03-05,Delivered
PO0009434,SUP0044,WH008,2025-11-04,2025-11-11,2025-11-11,Delivered
PO0009435,SUP0018,WH004,2026-04-19,2026-05-03,2026-05-03,Delivered
PO0009436,SUP0001,WH004,2026-01-09,2026-01-12,2026-01-14,Delivered
PO0009437,SUP0033,WH004,2026-06-12,2026-06-18,2026-06-18,Delivered
PO0009438,SUP0012,WH006,2025-06-05,2025-06-12,2025-06-14,Delivered
PO0009439,SUP0059,WH006,2025-11-02,2025-11-05,2025-11-06,Delivered
PO0009440,SUP0002,WH004,2026-03-30,2026-04-05,2026-04-06,Delivered
PO0009441,SUP0049,WH010,2025-06-22,2025-07-02,2025-07-02,Delivered
PO0009442,SUP0058,WH010,2025-02-09,2025-02-18,2025-02-21,Delivered
PO0009443,SUP0093,WH005,2026-07-19,2026-07-24,2026-07-24,Delivered
PO0009444,SUP0027,WH008,2025-02-14,2025-02-21,2025-02-21,Delivered
PO0009445,SUP0061,WH010,2026-03-09,2026-03-23,2026-03-23,Delivered
PO0009446,SUP0011,WH010,2025-04-19,2025-05-01,2025-05-03,Delivered
PO0009447,SUP0030,WH010,2026-02-08,2026-02-14,2026-02-17,Delivered
PO0009448,SUP0034,WH010,2025-07-28,2025-08-04,2025-08-04,Delivered
PO0009449,SUP0018,WH010,2025-12-02,2025-12-13,2025-12-13,Delivered
PO0009450,SUP0018,WH005,2026-05-31,2026-06-07,2026-06-07,Delivered
PO0009451,SUP0010,WH008,2026-08-15,2026-08-22,,In Transit
PO0009452,SUP0010,WH004,2026-02-24,2026-03-08,2026-03-08,Delivered
PO0009453,SUP0023,WH003,2025-04-13,2025-04-15,2025-04-15,Delivered
PO0009454,SUP0012,WH006,2026-01-02,2026-01-05,2026-01-13,Delivered
PO0009455,SUP0011,WH003,2025-06-18,2025-06-23,2025-06-26,Delivered
PO0009456,SUP0061,WH003,2025-07-21,2025-07-28,2025-07-28,Delivered
PO0009457,SUP0036,WH004,2025-12-26,2026-01-04,2026-01-04,Delivered
PO0009458,SUP0066,WH009,2025-08-01,2025-08-15,2025-08-15,Delivered
PO0009459,SUP0044,WH007,2026-04-12,2026-04-19,2026-04-19,Delivered
PO0009460,SUP0048,WH008,2025-09-14,2025-09-20,2025-09-20,Delivered
PO0009461,SUP0006,WH001,2025-09-04,2025-09-18,2025-09-18,Delivered
PO0009462,SUP0012,WH005,2025-03-16,2025-03-26,2025-03-27,Delivered
PO0009463,SUP0055,WH004,2025-02-18,2025-03-01,2025-03-01,Delivered
PO0009464,SUP0099,WH005,2026-03-07,2026-03-14,2026-03-14,Delivered
PO0009465,SUP0081,WH002,2025-12-20,2026-01-02,2026-01-03,Delivered
PO0009466,SUP0032,WH001,2025-06-29,2025-07-08,2025-07-09,Delivered
PO0009467,SUP0023,WH009,2026-03-12,2026-03-26,2026-03-26,Delivered
PO0009468,SUP0040,WH005,2026-03-17,2026-03-21,2026-03-22,Delivered
PO0009469,SUP0080,WH008,2025-09-11,2025-09-25,2025-09-27,Delivered
PO0009470,SUP0020,WH005,2026-05-16,2026-05-24,2026-05-24,Delivered
PO0009471,SUP0004,WH005,2025-08-27,2025-08-29,2025-08-29,Delivered
PO0009472,SUP0035,WH003,2025-10-05,2025-10-16,2025-10-16,Delivered
PO0009473,SUP0013,WH007,2025-04-04,2025-04-06,2025-04-06,Cancelled
PO0009474,SUP0042,WH001,2026-02-01,2026-02-09,2026-02-09,Delivered
PO0009475,SUP0084,WH004,2026-06-08,2026-06-19,2026-06-21,Delivered
PO0009476,SUP0070,WH005,2025-10-12,2025-10-24,2025-10-24,Delivered
PO0009477,SUP0001,WH006,2026-01-27,2026-02-07,2026-02-09,Delivered
PO0009478,SUP0050,WH008,2026-01-08,2026-01-14,2026-01-14,Delivered
PO0009479,SUP0024,WH008,2026-01-05,2026-01-18,2026-01-23,Delivered
PO0009480,SUP0013,WH006,2026-03-09,2026-03-18,2026-03-19,Delivered
PO0009481,SUP0087,WH003,2026-01-22,2026-01-30,2026-02-01,Delivered
PO0009482,SUP0025,WH004,2025-02-08,2025-02-22,2025-02-22,Delivered
PO0009483,SUP0081,WH006,2025-11-12,2025-11-24,2025-11-24,Delivered
PO0009484,SUP0005,WH001,2025-10-24,2025-11-03,2025-11-03,Delivered
PO0009485,SUP0023,WH006,2025-08-05,2025-08-16,2025-08-17,Delivered
PO0009486,SUP0056,WH006,2026-07-28,2026-08-01,2026-08-03,Delivered
PO0009487,SUP0071,WH003,2025-09-26,2025-10-02,2025-10-02,Delivered
PO0009488,SUP0096,WH009,2025-06-08,2025-06-22,2025-06-25,Delivered
PO0009489,SUP0095,WH008,2025-06-07,2025-06-14,2025-06-14,Delivered
PO0009490,SUP0032,WH001,2026-01-22,2026-01-26,2026-01-29,Delivered
PO0009491,SUP0035,WH003,2026-08-07,2026-08-17,2026-08-18,Delivered
PO0009492,SUP0015,WH008,2025-01-19,2025-01-28,2025-01-31,Delivered
PO0009493,SUP0024,WH007,2025-01-15,2025-01-29,2025-02-03,Delivered
PO0009494,SUP0004,WH009,2025-01-03,2025-01-16,2025-01-19,Delivered
PO0009495,SUP0046,WH005,2025-02-05,2025-02-16,2025-02-17,Delivered
PO0009496,SUP0067,WH001,2025-07-13,2025-07-26,2025-07-26,Delivered
PO0009497,SUP0015,WH003,2025-04-23,2025-05-02,2025-05-02,Delivered
PO0009498,SUP0099,WH001,2025-10-03,2025-10-11,2025-10-11,Delivered
PO0009499,SUP0055,WH003,2025-11-08,2025-11-16,2025-11-16,Cancelled
PO0009500,SUP0035,WH009,2025-09-13,2025-09-16,2025-09-17,Delivered
PO0009501,SUP0052,WH002,2026-08-25,2026-09-08,,In Transit
PO0009502,SUP0098,WH005,2026-01-18,2026-01-26,2026-01-26,Delivered
PO0009503,SUP0088,WH009,2025-07-06,2025-07-17,2025-07-17,Delivered
PO0009504,SUP0092,WH002,2026-01-03,2026-01-06,2026-01-06,Delivered
PO0009505,SUP0070,WH010,2026-01-31,2026-02-06,2026-02-06,Delivered
PO0009506,SUP0089,WH010,2026-04-09,2026-04-11,2026-04-13,Delivered
PO0009507,SUP0075,WH010,2025-01-02,2025-01-05,2025-01-10,Delivered
PO0009508,SUP0085,WH010,2025-02-15,2025-02-20,2025-02-20,Delivered
PO0009509,SUP0080,WH002,2025-08-12,2025-08-20,2025-08-23,Delivered
PO0009510,SUP0015,WH010,2026-08-05,2026-08-12,2026-08-12,Delivered
PO0009511,SUP0092,WH004,2026-07-06,2026-07-09,2026-07-11,Delivered
PO0009512,SUP0054,WH005,2026-05-23,2026-05-28,2026-05-28,Delivered
PO0009513,SUP0043,WH001,2025-10-13,2025-10-19,2025-10-20,Delivered
PO0009514,SUP0055,WH006,2025-11-20,2025-12-02,2025-12-02,Delivered
PO0009515,SUP0038,WH001,2025-12-17,2025-12-25,2025-12-27,Cancelled
PO0009516,SUP0010,WH003,2026-08-24,2026-09-05,,In Transit
PO0009517,SUP0098,WH003,2026-03-05,2026-03-08,2026-03-13,Delivered
PO0009518,SUP0007,WH001,2025-09-24,2025-09-29,2025-09-29,Delivered
PO0009519,SUP0047,WH005,2025-04-12,2025-04-17,2025-04-18,Delivered
PO0009520,SUP0088,WH009,2026-01-31,2026-02-03,2026-02-03,Delivered
PO0009521,SUP0050,WH002,2026-03-01,2026-03-09,2026-03-14,Delivered
PO0009522,SUP0007,WH009,2026-02-25,2026-03-01,2026-03-01,Delivered
PO0009523,SUP0049,WH005,2026-05-02,2026-05-05,2026-05-10,Cancelled
PO0009524,SUP0071,WH001,2025-05-05,2025-05-15,2025-05-15,Delivered
PO0009525,SUP0089,WH002,2025-08-07,2025-08-12,2025-08-12,Delivered
PO0009526,SUP0061,WH009,2026-04-21,2026-04-28,2026-04-28,Delivered
PO0009527,SUP0033,WH009,2026-02-10,2026-02-15,2026-02-16,Delivered
PO0009528,SUP0027,WH010,2025-05-19,2025-05-27,2025-05-29,Delivered
PO0009529,SUP0098,WH007,2025-06-14,2025-06-21,2025-06-22,Delivered
PO0009530,SUP0016,WH007,2025-04-29,2025-05-09,2025-05-09,Delivered
PO0009531,SUP0085,WH004,2025-11-19,2025-11-29,2025-11-29,Delivered
PO0009532,SUP0071,WH006,2026-06-30,2026-07-03,2026-07-03,Delivered
PO0009533,SUP0018,WH007,2025-09-16,2025-09-22,2025-09-27,Delivered
PO0009534,SUP0047,WH006,2026-01-05,2026-01-11,2026-01-11,Delivered
PO0009535,SUP0066,WH008,2026-06-10,2026-06-15,2026-06-18,Delivered
PO0009536,SUP0100,WH009,2025-10-29,2025-11-10,2025-11-10,Delivered
PO0009537,SUP0096,WH010,2026-02-15,2026-02-21,2026-02-22,Delivered
PO0009538,SUP0096,WH005,2025-07-06,2025-07-12,2025-07-12,Delivered
PO0009539,SUP0091,WH002,2025-01-05,2025-01-13,2025-01-14,Delivered
PO0009540,SUP0029,WH001,2026-01-12,2026-01-22,2026-01-25,Delivered
PO0009541,SUP0045,WH002,2025-08-30,2025-09-04,2025-09-04,Delivered
PO0009542,SUP0035,WH001,2025-12-26,2026-01-09,2026-01-12,Delivered
PO0009543,SUP0080,WH002,2025-08-11,2025-08-15,2025-08-15,Delivered
PO0009544,SUP0053,WH004,2025-09-19,2025-09-29,2025-10-02,Delivered
PO0009545,SUP0070,WH006,2026-06-16,2026-06-30,2026-07-03,Delivered
PO0009546,SUP0088,WH010,2026-01-03,2026-01-14,2026-01-14,Delivered
PO0009547,SUP0086,WH005,2026-07-19,2026-07-26,2026-07-26,Delivered
PO0009548,SUP0029,WH008,2025-06-30,2025-07-13,2025-07-13,Delivered
PO0009549,SUP0084,WH004,2025-08-15,2025-08-24,2025-08-26,Delivered
PO0009550,SUP0044,WH004,2025-06-16,2025-06-25,2025-06-30,Delivered
PO0009551,SUP0062,WH008,2025-01-03,2025-01-11,2025-01-11,Delivered
PO0009552,SUP0012,WH009,2025-03-23,2025-03-25,2025-03-30,Delivered
PO0009553,SUP0019,WH009,2025-02-26,2025-02-28,2025-03-02,Delivered
PO0009554,SUP0054,WH008,2026-08-19,2026-08-27,,In Transit
PO0009555,SUP0062,WH008,2025-06-11,2025-06-16,2025-06-16,Delivered
PO0009556,SUP0100,WH002,2025-07-24,2025-08-06,2025-08-06,Delivered
PO0009557,SUP0093,WH002,2026-06-27,2026-06-30,2026-07-01,Delivered
PO0009558,SUP0067,WH010,2026-07-26,2026-08-05,2026-08-06,Delivered
PO0009559,SUP0003,WH004,2026-02-10,2026-02-14,2026-02-14,Delivered
PO0009560,SUP0036,WH009,2026-06-12,2026-06-23,2026-06-23,Delivered
PO0009561,SUP0038,WH007,2025-05-28,2025-06-03,2025-06-03,Delivered
PO0009562,SUP0032,WH001,2025-10-18,2025-10-23,2025-10-25,Delivered
PO0009563,SUP0058,WH010,2025-01-21,2025-01-24,2025-01-25,Delivered
PO0009564,SUP0100,WH004,2026-04-30,2026-05-07,2026-05-12,Delivered
PO0009565,SUP0072,WH009,2025-02-16,2025-02-19,2025-02-19,Delivered
PO0009566,SUP0032,WH002,2025-12-20,2026-01-03,2026-01-03,Delivered
PO0009567,SUP0091,WH004,2026-02-11,2026-02-22,2026-02-22,Delivered
PO0009568,SUP0090,WH003,2025-10-14,2025-10-22,2025-10-22,Delivered
PO0009569,SUP0071,WH005,2025-01-01,2025-01-04,2025-01-06,Delivered
PO0009570,SUP0037,WH001,2026-03-14,2026-03-19,2026-03-19,Delivered
PO0009571,SUP0049,WH009,2026-03-17,2026-03-20,2026-03-20,Delivered
PO0009572,SUP0011,WH001,2026-05-28,2026-06-09,2026-06-12,Delivered
PO0009573,SUP0001,WH002,2025-10-12,2025-10-14,2025-10-19,Delivered
PO0009574,SUP0034,WH008,2025-03-06,2025-03-16,2025-03-16,Delivered
PO0009575,SUP0064,WH001,2025-01-01,2025-01-04,2025-01-09,Delivered
PO0009576,SUP0001,WH001,2025-05-19,2025-05-26,2025-05-28,Delivered
PO0009577,SUP0059,WH002,2026-01-25,2026-02-06,2026-02-06,Delivered
PO0009578,SUP0006,WH004,2025-01-08,2025-01-16,2025-01-17,Delivered
PO0009579,SUP0032,WH003,2025-01-02,2025-01-15,2025-01-15,Delivered
PO0009580,SUP0002,WH010,2025-05-13,2025-05-26,2025-05-26,Delivered
PO0009581,SUP0088,WH003,2025-11-05,2025-11-10,2025-11-12,Delivered
PO0009582,SUP0067,WH008,2025-07-24,2025-08-06,2025-08-07,Delivered
PO0009583,SUP0070,WH002,2026-07-16,2026-07-20,2026-07-21,Delivered
PO0009584,SUP0074,WH003,2025-08-13,2025-08-23,2025-08-26,Delivered
PO0009585,SUP0090,WH007,2026-01-08,2026-01-12,2026-01-12,Delivered
PO0009586,SUP0012,WH006,2025-02-18,2025-02-24,2025-02-24,Delivered
PO0009587,SUP0077,WH008,2025-11-21,2025-11-28,2025-12-01,Delivered
PO0009588,SUP0015,WH010,2025-10-30,2025-11-01,2025-11-01,Delivered
PO0009589,SUP0046,WH002,2026-08-25,2026-09-04,,In Transit
PO0009590,SUP0066,WH006,2025-03-03,2025-03-10,2025-03-11,Delivered
PO0009591,SUP0041,WH005,2025-03-21,2025-03-27,2025-03-30,Delivered
PO0009592,SUP0043,WH002,2025-04-24,2025-05-03,2025-05-03,Delivered
PO0009593,SUP0070,WH006,2025-09-12,2025-09-19,2025-09-19,Delivered
PO0009594,SUP0056,WH010,2025-07-11,2025-07-19,2025-07-19,Delivered
PO0009595,SUP0063,WH003,2026-01-04,2026-01-11,2026-01-13,Delivered
PO0009596,SUP0026,WH001,2025-07-21,2025-07-31,2025-08-02,Delivered
PO0009597,SUP0092,WH009,2026-04-14,2026-04-23,2026-04-25,Delivered
PO0009598,SUP0100,WH001,2025-03-26,2025-03-31,2025-04-03,Delivered
PO0009599,SUP0075,WH009,2026-07-29,2026-08-05,2026-08-06,Delivered
PO0009600,SUP0094,WH010,2025-03-07,2025-03-21,2025-03-26,Delivered
PO0009601,SUP0016,WH005,2026-02-16,2026-02-25,2026-02-27,Delivered
PO0009602,SUP0037,WH008,2025-08-13,2025-08-23,2025-08-26,Delivered
PO0009603,SUP0050,WH008,2026-03-23,2026-04-05,2026-04-07,Delivered
PO0009604,SUP0043,WH003,2025-03-17,2025-03-22,2025-03-23,Delivered
PO0009605,SUP0099,WH006,2026-08-22,2026-08-26,,In Transit
PO0009606,SUP0021,WH005,2026-02-22,2026-03-05,2026-03-05,Delivered
PO0009607,SUP0090,WH002,2026-08-27,2026-09-01,,In Transit
PO0009608,SUP0056,WH010,2026-08-11,2026-08-16,2026-08-16,Delivered
PO0009609,SUP0057,WH008,2026-02-11,2026-02-21,2026-02-22,Delivered
PO0009610,SUP0077,WH007,2025-03-16,2025-03-28,2025-03-28,Delivered
PO0009611,SUP0023,WH010,2025-01-23,2025-01-25,2025-01-26,Delivered
PO0009612,SUP0078,WH009,2025-10-18,2025-10-21,2025-10-21,Delivered
PO0009613,SUP0088,WH010,2025-09-19,2025-10-03,2025-10-03,Delivered
PO0009614,SUP0028,WH004,2025-05-18,2025-05-25,2025-05-25,Delivered
PO0009615,SUP0060,WH003,2026-07-20,2026-07-23,2026-07-23,Delivered
PO0009616,SUP0047,WH008,2025-10-26,2025-10-29,2025-11-01,Delivered
PO0009617,SUP0079,WH010,2026-02-17,2026-02-20,2026-02-20,Delivered
PO0009618,SUP0062,WH005,2026-06-30,2026-07-05,2026-07-05,Delivered
PO0009619,SUP0059,WH002,2026-05-25,2026-06-02,2026-06-02,Delivered
PO0009620,SUP0054,WH009,2025-03-18,2025-03-22,2025-03-24,Delivered
PO0009621,SUP0045,WH003,2025-07-02,2025-07-05,2025-07-05,Delivered
PO0009622,SUP0022,WH007,2025-01-11,2025-01-17,2025-01-17,Delivered
PO0009623,SUP0089,WH009,2026-08-11,2026-08-16,2026-08-21,Delivered
PO0009624,SUP0050,WH003,2025-02-14,2025-02-19,2025-02-21,Delivered
PO0009625,SUP0071,WH005,2025-02-13,2025-02-25,2025-02-26,Delivered
PO0009626,SUP0012,WH010,2026-01-05,2026-01-15,2026-01-15,Delivered
PO0009627,SUP0065,WH008,2025-04-22,2025-04-27,2025-04-27,Delivered
PO0009628,SUP0007,WH010,2025-09-10,2025-09-17,2025-09-17,Delivered
PO0009629,SUP0069,WH004,2025-12-10,2025-12-12,2025-12-17,Delivered
PO0009630,SUP0098,WH003,2025-01-04,2025-01-10,2025-01-12,Delivered
PO0009631,SUP0060,WH005,2025-04-21,2025-04-30,2025-05-03,Delivered
PO0009632,SUP0002,WH001,2025-11-14,2025-11-21,2025-11-21,Delivered
PO0009633,SUP0014,WH008,2025-11-19,2025-11-26,2025-11-26,Delivered
PO0009634,SUP0066,WH002,2025-10-13,2025-10-21,2025-10-24,Delivered
PO0009635,SUP0072,WH001,2025-09-27,2025-09-30,2025-10-02,Delivered
PO0009636,SUP0083,WH003,2025-03-08,2025-03-17,2025-03-18,Delivered
PO0009637,SUP0099,WH003,2026-01-20,2026-02-02,2026-02-05,Delivered
PO0009638,SUP0006,WH010,2026-01-06,2026-01-15,2026-01-15,Delivered
PO0009639,SUP0042,WH004,2025-04-06,2025-04-11,2025-04-12,Delivered
PO0009640,SUP0018,WH002,2026-07-05,2026-07-19,2026-07-19,Delivered
PO0009641,SUP0075,WH008,2025-04-08,2025-04-14,2025-04-14,Delivered
PO0009642,SUP0003,WH010,2025-05-26,2025-06-05,2025-06-05,Delivered
PO0009643,SUP0003,WH003,2025-10-07,2025-10-09,2025-10-09,Delivered
PO0009644,SUP0078,WH006,2025-01-23,2025-01-31,2025-02-08,Delivered
PO0009645,SUP0059,WH004,2025-06-28,2025-07-10,2025-07-10,Delivered
PO0009646,SUP0043,WH006,2026-03-06,2026-03-08,2026-03-11,Delivered
PO0009647,SUP0028,WH002,2025-06-17,2025-06-20,2025-06-21,Delivered
PO0009648,SUP0038,WH007,2025-10-22,2025-10-24,2025-10-24,Delivered
PO0009649,SUP0100,WH006,2026-04-28,2026-05-11,2026-05-14,Delivered
PO0009650,SUP0089,WH007,2025-10-24,2025-11-02,2025-11-03,Delivered
PO0009651,SUP0051,WH009,2025-11-26,2025-11-28,2025-11-30,Delivered
PO0009652,SUP0045,WH004,2025-03-17,2025-03-24,2025-03-24,Delivered
PO0009653,SUP0011,WH001,2026-08-23,2026-09-01,2026-09-01,Cancelled
PO0009654,SUP0099,WH002,2026-06-27,2026-07-11,2026-07-16,Delivered
PO0009655,SUP0005,WH009,2025-11-18,2025-11-20,2025-11-20,Delivered
PO0009656,SUP0031,WH009,2026-04-04,2026-04-17,2026-04-19,Delivered
PO0009657,SUP0026,WH002,2026-03-19,2026-03-21,2026-03-23,Delivered
PO0009658,SUP0015,WH005,2026-04-08,2026-04-11,2026-04-14,Delivered
PO0009659,SUP0048,WH009,2026-04-25,2026-05-08,2026-05-08,Delivered
PO0009660,SUP0090,WH009,2025-11-13,2025-11-23,2025-11-28,Delivered
PO0009661,SUP0046,WH002,2026-08-15,2026-08-21,2026-08-21,Delivered
PO0009662,SUP0020,WH003,2025-03-16,2025-03-26,2025-03-27,Delivered
PO0009663,SUP0040,WH008,2026-07-25,2026-07-28,2026-08-05,Delivered
PO0009664,SUP0059,WH003,2025-09-06,2025-09-11,2025-09-11,Delivered
PO0009665,SUP0085,WH003,2025-12-09,2025-12-12,2025-12-12,Delivered
PO0009666,SUP0013,WH009,2025-09-17,2025-09-21,2025-09-21,Delivered
PO0009667,SUP0014,WH006,2026-01-13,2026-01-15,2026-01-15,Delivered
PO0009668,SUP0079,WH004,2026-04-09,2026-04-11,2026-04-12,Delivered
PO0009669,SUP0002,WH002,2026-05-10,2026-05-19,2026-05-19,Delivered
PO0009670,SUP0062,WH004,2026-07-26,2026-08-08,2026-08-08,Delivered
PO0009671,SUP0071,WH004,2025-06-24,2025-07-01,2025-07-03,Delivered
PO0009672,SUP0026,WH005,2025-11-13,2025-11-18,2025-11-19,Delivered
PO0009673,SUP0073,WH001,2025-01-23,2025-02-02,2025-02-07,Delivered
PO0009674,SUP0089,WH006,2025-12-23,2026-01-05,2026-01-06,Delivered
PO0009675,SUP0059,WH002,2025-01-05,2025-01-07,2025-01-10,Delivered
PO0009676,SUP0087,WH008,2025-08-27,2025-09-09,2025-09-09,Delivered
PO0009677,SUP0089,WH009,2025-01-31,2025-02-12,2025-02-17,Delivered
PO0009678,SUP0073,WH006,2026-02-12,2026-02-25,2026-02-25,Delivered
PO0009679,SUP0038,WH003,2026-03-03,2026-03-07,2026-03-10,Delivered
PO0009680,SUP0089,WH010,2025-09-10,2025-09-13,2025-09-13,Delivered
PO0009681,SUP0069,WH009,2026-05-10,2026-05-23,2026-05-23,Delivered
PO0009682,SUP0093,WH003,2026-07-07,2026-07-13,2026-07-15,Delivered
PO0009683,SUP0079,WH005,2025-04-10,2025-04-13,2025-04-18,Delivered
PO0009684,SUP0093,WH005,2026-02-23,2026-03-03,2026-03-03,Delivered
PO0009685,SUP0016,WH006,2025-12-15,2025-12-22,2025-12-23,Delivered
PO0009686,SUP0034,WH002,2026-07-03,2026-07-08,2026-07-08,Delivered
PO0009687,SUP0086,WH004,2025-04-07,2025-04-20,2025-04-20,Delivered
PO0009688,SUP0007,WH002,2026-06-21,2026-06-23,2026-06-25,Delivered
PO0009689,SUP0069,WH002,2026-04-15,2026-04-28,2026-04-28,Delivered
PO0009690,SUP0059,WH005,2025-08-09,2025-08-13,2025-08-16,Delivered
PO0009691,SUP0093,WH006,2026-05-31,2026-06-10,2026-06-12,Delivered
PO0009692,SUP0072,WH008,2026-02-03,2026-02-12,2026-02-12,Delivered
PO0009693,SUP0045,WH002,2025-03-24,2025-03-27,2025-04-01,Delivered
PO0009694,SUP0021,WH003,2025-03-04,2025-03-18,2025-03-19,Delivered
PO0009695,SUP0035,WH010,2025-04-11,2025-04-25,2025-04-25,Delivered
PO0009696,SUP0052,WH003,2025-11-13,2025-11-20,2025-11-20,Delivered
PO0009697,SUP0039,WH005,2026-07-29,2026-08-01,2026-08-02,Delivered
PO0009698,SUP0081,WH001,2026-04-06,2026-04-12,2026-04-12,Delivered
PO0009699,SUP0091,WH003,2025-01-15,2025-01-26,2025-01-26,Delivered
PO0009700,SUP0074,WH010,2026-04-07,2026-04-09,2026-04-10,Delivered
PO0009701,SUP0099,WH006,2025-08-06,2025-08-17,2025-08-17,Delivered
PO0009702,SUP0087,WH006,2025-09-06,2025-09-20,2025-09-20,Delivered
PO0009703,SUP0075,WH001,2026-05-20,2026-05-31,2026-06-03,Delivered
PO0009704,SUP0061,WH007,2026-02-08,2026-02-18,2026-02-19,Delivered
PO0009705,SUP0022,WH008,2025-04-20,2025-04-29,2025-04-29,Delivered
PO0009706,SUP0024,WH007,2026-08-26,2026-09-05,,In Transit
PO0009707,SUP0010,WH004,2025-10-11,2025-10-18,2025-10-21,Delivered
PO0009708,SUP0100,WH002,2025-02-04,2025-02-18,2025-02-21,Delivered
PO0009709,SUP0085,WH004,2025-03-12,2025-03-23,2025-03-24,Delivered
PO0009710,SUP0021,WH008,2025-10-28,2025-10-31,2025-11-02,Delivered
PO0009711,SUP0057,WH006,2026-02-28,2026-03-07,2026-03-12,Delivered
PO0009712,SUP0048,WH006,2025-01-16,2025-01-19,2025-01-20,Delivered
PO0009713,SUP0016,WH006,2025-04-16,2025-04-28,2025-04-30,Delivered
PO0009714,SUP0076,WH008,2026-02-10,2026-02-16,2026-02-16,Delivered
PO0009715,SUP0079,WH001,2025-11-11,2025-11-16,2025-11-16,Delivered
PO0009716,SUP0085,WH010,2025-07-15,2025-07-18,2025-07-18,Delivered
PO0009717,SUP0084,WH001,2025-12-18,2025-12-29,2025-12-30,Delivered
PO0009718,SUP0041,WH010,2026-05-31,2026-06-05,2026-06-08,Delivered
PO0009719,SUP0061,WH006,2025-04-21,2025-05-04,2025-05-04,Delivered
PO0009720,SUP0037,WH007,2025-08-04,2025-08-08,2025-08-16,Delivered
PO0009721,SUP0075,WH004,2026-07-29,2026-08-01,2026-08-02,Delivered
PO0009722,SUP0047,WH004,2026-03-03,2026-03-08,2026-03-11,Delivered
PO0009723,SUP0080,WH002,2026-04-17,2026-04-19,2026-04-19,Delivered
PO0009724,SUP0074,WH007,2026-03-18,2026-03-30,2026-03-30,Delivered
PO0009725,SUP0021,WH001,2025-10-01,2025-10-08,2025-10-13,Delivered
PO0009726,SUP0063,WH001,2025-09-18,2025-10-02,2025-10-02,Delivered
PO0009727,SUP0041,WH008,2026-06-03,2026-06-06,2026-06-06,Delivered
PO0009728,SUP0085,WH006,2026-02-11,2026-02-24,2026-02-24,Delivered
PO0009729,SUP0015,WH009,2026-04-30,2026-05-02,2026-05-02,Delivered
PO0009730,SUP0024,WH010,2026-08-27,2026-09-08,,In Transit
PO0009731,SUP0059,WH004,2025-01-31,2025-02-04,2025-02-04,Delivered
PO0009732,SUP0065,WH004,2026-02-06,2026-02-12,2026-02-13,Delivered
PO0009733,SUP0011,WH002,2025-04-26,2025-05-06,2025-05-06,Delivered
PO0009734,SUP0023,WH001,2026-05-29,2026-06-01,2026-06-04,Delivered
PO0009735,SUP0070,WH005,2026-07-17,2026-07-23,2026-07-23,Delivered
PO0009736,SUP0046,WH010,2026-05-14,2026-05-24,2026-05-27,Delivered
PO0009737,SUP0013,WH001,2025-11-07,2025-11-20,2025-11-28,Delivered
PO0009738,SUP0083,WH007,2026-07-22,2026-07-28,2026-08-02,Delivered
PO0009739,SUP0054,WH006,2025-09-02,2025-09-13,2025-09-14,Delivered
PO0009740,SUP0010,WH003,2025-04-25,2025-05-02,2025-05-02,Delivered
PO0009741,SUP0062,WH010,2026-04-29,2026-05-05,2026-05-07,Delivered
PO0009742,SUP0092,WH009,2025-05-10,2025-05-18,2025-05-20,Delivered
PO0009743,SUP0078,WH004,2026-02-23,2026-03-04,2026-03-06,Delivered
PO0009744,SUP0038,WH002,2025-12-25,2026-01-02,2026-01-02,Delivered
PO0009745,SUP0053,WH001,2025-08-19,2025-08-28,2025-08-28,Delivered
PO0009746,SUP0006,WH005,2025-08-26,2025-08-31,2025-09-02,Delivered
PO0009747,SUP0054,WH010,2026-05-04,2026-05-13,2026-05-14,Delivered
PO0009748,SUP0084,WH007,2026-02-01,2026-02-03,2026-02-05,Delivered
PO0009749,SUP0024,WH002,2025-02-17,2025-03-03,2025-03-03,Delivered
PO0009750,SUP0099,WH009,2025-10-10,2025-10-19,2025-10-20,Delivered
PO0009751,SUP0018,WH007,2026-03-08,2026-03-11,2026-03-12,Delivered
PO0009752,SUP0046,WH010,2025-07-27,2025-07-29,2025-07-29,Delivered
PO0009753,SUP0008,WH003,2025-02-14,2025-02-24,2025-02-24,Delivered
PO0009754,SUP0065,WH001,2026-08-17,2026-08-28,,In Transit
PO0009755,SUP0005,WH010,2026-03-20,2026-03-30,2026-03-30,Delivered
PO0009756,SUP0075,WH009,2025-04-06,2025-04-13,2025-04-16,Delivered
PO0009757,SUP0094,WH007,2026-01-30,2026-02-09,2026-02-10,Delivered
PO0009758,SUP0062,WH009,2025-09-06,2025-09-09,2025-09-09,Delivered
PO0009759,SUP0065,WH009,2026-01-22,2026-02-02,2026-02-02,Delivered
PO0009760,SUP0016,WH001,2025-07-23,2025-08-03,2025-08-03,Delivered
PO0009761,SUP0062,WH010,2026-06-13,2026-06-17,2026-06-20,Delivered
PO0009762,SUP0018,WH006,2026-05-13,2026-05-26,2026-05-26,Delivered
PO0009763,SUP0083,WH008,2026-01-30,2026-02-10,2026-02-10,Delivered
PO0009764,SUP0051,WH002,2026-08-21,2026-09-03,,In Transit
PO0009765,SUP0025,WH006,2025-09-10,2025-09-21,2025-09-21,Delivered
PO0009766,SUP0009,WH004,2025-07-16,2025-07-25,2025-07-25,Delivered
PO0009767,SUP0027,WH009,2025-04-29,2025-05-02,2025-05-02,Delivered
PO0009768,SUP0031,WH003,2025-09-14,2025-09-21,2025-09-21,Delivered
PO0009769,SUP0088,WH007,2025-10-15,2025-10-22,2025-10-22,Delivered
PO0009770,SUP0091,WH007,2025-11-05,2025-11-10,2025-11-15,Delivered
PO0009771,SUP0019,WH005,2025-08-27,2025-09-03,2025-09-03,Delivered
PO0009772,SUP0070,WH010,2025-01-16,2025-01-20,2025-01-22,Cancelled
PO0009773,SUP0060,WH009,2025-08-15,2025-08-25,2025-08-25,Delivered
PO0009774,SUP0004,WH008,2025-06-05,2025-06-11,2025-06-11,Delivered
PO0009775,SUP0062,WH002,2026-02-14,2026-02-26,2026-02-26,Delivered
PO0009776,SUP0019,WH002,2026-02-14,2026-02-28,2026-02-28,Delivered
PO0009777,SUP0025,WH006,2025-09-25,2025-10-02,2025-10-02,Delivered
PO0009778,SUP0071,WH003,2025-07-17,2025-07-24,2025-07-24,Delivered
PO0009779,SUP0019,WH005,2025-03-10,2025-03-14,2025-03-17,Delivered
PO0009780,SUP0028,WH007,2025-07-15,2025-07-23,2025-07-23,Delivered
PO0009781,SUP0041,WH002,2026-05-04,2026-05-06,2026-05-08,Delivered
PO0009782,SUP0080,WH003,2025-02-22,2025-03-06,2025-03-07,Delivered
PO0009783,SUP0029,WH001,2026-07-08,2026-07-19,2026-07-24,Delivered
PO0009784,SUP0032,WH006,2026-04-07,2026-04-09,2026-04-14,Delivered
PO0009785,SUP0089,WH003,2025-06-21,2025-07-04,2025-07-04,Delivered
PO0009786,SUP0031,WH009,2026-06-13,2026-06-27,2026-06-28,Delivered
PO0009787,SUP0013,WH005,2026-01-27,2026-02-04,2026-02-04,Delivered
PO0009788,SUP0064,WH002,2026-01-18,2026-02-01,2026-02-02,Delivered
PO0009789,SUP0096,WH005,2025-10-29,2025-11-07,2025-11-07,Delivered
PO0009790,SUP0069,WH008,2025-11-07,2025-11-10,2025-11-10,Delivered
PO0009791,SUP0020,WH004,2025-11-14,2025-11-24,2025-11-24,Delivered
PO0009792,SUP0099,WH002,2026-02-26,2026-03-07,2026-03-07,Delivered
PO0009793,SUP0039,WH006,2026-04-14,2026-04-19,2026-04-19,Delivered
PO0009794,SUP0008,WH009,2025-05-08,2025-05-10,2025-05-12,Delivered
PO0009795,SUP0021,WH003,2026-04-26,2026-04-28,2026-04-28,Delivered
PO0009796,SUP0026,WH003,2026-03-14,2026-03-22,2026-03-23,Delivered
PO0009797,SUP0057,WH002,2026-04-17,2026-05-01,2026-05-01,Delivered
PO0009798,SUP0048,WH005,2026-04-10,2026-04-16,2026-04-24,Delivered
PO0009799,SUP0011,WH003,2026-02-18,2026-03-04,2026-03-05,Delivered
PO0009800,SUP0001,WH009,2025-02-21,2025-02-23,2025-02-23,Delivered
PO0009801,SUP0029,WH001,2025-02-07,2025-02-15,2025-02-15,Delivered
PO0009802,SUP0075,WH005,2026-07-06,2026-07-12,2026-07-15,Delivered
PO0009803,SUP0100,WH009,2026-02-15,2026-02-22,2026-02-22,Delivered
PO0009804,SUP0016,WH009,2026-02-26,2026-03-10,2026-03-12,Delivered
PO0009805,SUP0061,WH002,2025-11-11,2025-11-16,2025-11-16,Delivered
PO0009806,SUP0002,WH007,2026-03-18,2026-03-30,2026-03-30,Delivered
PO0009807,SUP0078,WH009,2025-03-12,2025-03-21,2025-03-26,Delivered
PO0009808,SUP0018,WH008,2025-03-14,2025-03-17,2025-03-19,Delivered
PO0009809,SUP0013,WH005,2025-03-18,2025-03-27,2025-03-27,Delivered
PO0009810,SUP0060,WH006,2026-01-16,2026-01-28,2026-01-28,Delivered
PO0009811,SUP0066,WH005,2025-11-01,2025-11-13,2025-11-21,Delivered
PO0009812,SUP0044,WH008,2026-05-26,2026-05-28,2026-05-28,Delivered
PO0009813,SUP0015,WH007,2025-10-10,2025-10-22,2025-10-22,Delivered
PO0009814,SUP0016,WH006,2025-01-16,2025-01-26,2025-01-29,Delivered
PO0009815,SUP0055,WH008,2026-04-25,2026-05-07,2026-05-08,Delivered
PO0009816,SUP0008,WH003,2025-08-11,2025-08-16,2025-08-16,Delivered
PO0009817,SUP0042,WH009,2025-10-18,2025-10-29,2025-11-03,Delivered
PO0009818,SUP0026,WH010,2026-06-18,2026-06-29,2026-06-29,Delivered
PO0009819,SUP0009,WH006,2026-03-14,2026-03-16,2026-03-17,Delivered
PO0009820,SUP0059,WH004,2026-01-22,2026-02-02,2026-02-04,Delivered
PO0009821,SUP0017,WH009,2025-01-29,2025-02-06,2025-02-06,Delivered
PO0009822,SUP0072,WH002,2026-02-28,2026-03-13,2026-03-13,Delivered
PO0009823,SUP0069,WH001,2026-05-12,2026-05-22,2026-05-22,Delivered
PO0009824,SUP0047,WH004,2025-01-06,2025-01-20,2025-01-20,Delivered
PO0009825,SUP0079,WH009,2025-05-30,2025-06-13,2025-06-15,Delivered
PO0009826,SUP0027,WH006,2026-08-03,2026-08-16,2026-08-17,Delivered
PO0009827,SUP0022,WH002,2025-07-20,2025-07-24,2025-07-26,Delivered
PO0009828,SUP0022,WH002,2025-12-15,2025-12-25,2025-12-25,Delivered
PO0009829,SUP0045,WH001,2026-06-27,2026-07-07,2026-07-07,Delivered
PO0009830,SUP0064,WH010,2025-02-27,2025-03-03,2025-03-03,Delivered
PO0009831,SUP0064,WH008,2025-11-12,2025-11-18,2025-11-19,Delivered
PO0009832,SUP0016,WH001,2026-08-06,2026-08-20,2026-08-25,Delivered
PO0009833,SUP0026,WH003,2025-03-20,2025-04-01,2025-04-02,Delivered
PO0009834,SUP0036,WH007,2025-08-04,2025-08-07,2025-08-07,Delivered
PO0009835,SUP0054,WH003,2026-04-20,2026-04-25,2026-04-25,Delivered
PO0009836,SUP0057,WH001,2026-08-16,2026-08-27,,In Transit
PO0009837,SUP0009,WH009,2026-02-15,2026-02-25,2026-02-25,Delivered
PO0009838,SUP0050,WH003,2026-07-25,2026-08-02,2026-08-03,Delivered
PO0009839,SUP0054,WH009,2026-03-02,2026-03-16,2026-03-16,Delivered
PO0009840,SUP0088,WH003,2025-02-04,2025-02-14,2025-02-14,Delivered
PO0009841,SUP0026,WH006,2026-01-12,2026-01-22,2026-01-27,Delivered
PO0009842,SUP0089,WH005,2025-03-30,2025-04-08,2025-04-10,Delivered
PO0009843,SUP0084,WH009,2025-07-02,2025-07-10,2025-07-12,Delivered
PO0009844,SUP0056,WH008,2026-01-02,2026-01-12,2026-01-12,Delivered
PO0009845,SUP0027,WH009,2025-12-31,2026-01-03,2026-01-03,Delivered
PO0009846,SUP0094,WH010,2026-04-21,2026-04-25,2026-04-26,Delivered
PO0009847,SUP0094,WH003,2025-03-06,2025-03-08,2025-03-08,Delivered
PO0009848,SUP0028,WH001,2026-01-01,2026-01-11,2026-01-19,Delivered
PO0009849,SUP0050,WH001,2026-07-14,2026-07-22,2026-07-22,Delivered
PO0009850,SUP0049,WH010,2025-03-22,2025-03-29,2025-03-29,Delivered
PO0009851,SUP0048,WH006,2025-09-03,2025-09-15,2025-09-15,Delivered
PO0009852,SUP0086,WH002,2026-04-24,2026-05-07,2026-05-07,Delivered
PO0009853,SUP0055,WH008,2026-03-17,2026-03-28,2026-03-28,Delivered
PO0009854,SUP0054,WH009,2026-01-21,2026-01-24,2026-01-26,Delivered
PO0009855,SUP0047,WH004,2025-12-30,2026-01-12,2026-01-13,Delivered
PO0009856,SUP0016,WH010,2025-07-10,2025-07-16,2025-07-16,Delivered
PO0009857,SUP0067,WH010,2025-04-12,2025-04-18,2025-04-20,Delivered
PO0009858,SUP0040,WH004,2026-08-23,2026-09-03,,In Transit
PO0009859,SUP0049,WH001,2025-11-08,2025-11-19,2025-11-19,Delivered
PO0009860,SUP0068,WH005,2025-12-22,2025-12-26,2025-12-28,Delivered
PO0009861,SUP0080,WH002,2025-10-21,2025-11-03,2025-11-03,Delivered
PO0009862,SUP0027,WH006,2025-03-02,2025-03-04,2025-03-09,Delivered
PO0009863,SUP0005,WH005,2025-05-13,2025-05-24,2025-05-24,Delivered
PO0009864,SUP0013,WH004,2025-12-07,2025-12-21,2025-12-21,Delivered
PO0009865,SUP0021,WH007,2025-09-27,2025-10-05,2025-10-05,Delivered
PO0009866,SUP0086,WH003,2025-07-24,2025-08-06,2025-08-09,Delivered
PO0009867,SUP0006,WH008,2025-07-07,2025-07-09,2025-07-11,Delivered
PO0009868,SUP0045,WH004,2025-03-21,2025-03-31,2025-03-31,Delivered
PO0009869,SUP0084,WH008,2026-05-20,2026-05-30,2026-05-31,Delivered
PO0009870,SUP0079,WH004,2025-11-03,2025-11-08,2025-11-08,Delivered
PO0009871,SUP0090,WH005,2025-05-05,2025-05-18,2025-05-21,Delivered
PO0009872,SUP0046,WH004,2025-08-23,2025-09-02,2025-09-02,Delivered
PO0009873,SUP0040,WH005,2025-07-15,2025-07-28,2025-07-28,Delivered
PO0009874,SUP0088,WH006,2025-01-06,2025-01-14,2025-01-14,Delivered
PO0009875,SUP0019,WH002,2025-09-11,2025-09-25,2025-09-25,Delivered
PO0009876,SUP0085,WH006,2026-02-05,2026-02-10,2026-02-10,Delivered
PO0009877,SUP0057,WH001,2025-11-25,2025-11-30,2025-12-02,Delivered
PO0009878,SUP0054,WH002,2025-04-30,2025-05-05,2025-05-05,Delivered
PO0009879,SUP0058,WH009,2025-05-10,2025-05-17,2025-05-17,Delivered
PO0009880,SUP0007,WH008,2026-03-20,2026-03-24,2026-03-26,Delivered
PO0009881,SUP0040,WH002,2025-12-06,2025-12-12,2025-12-12,Delivered
PO0009882,SUP0099,WH003,2026-03-20,2026-04-02,2026-04-02,Delivered
PO0009883,SUP0035,WH001,2025-11-13,2025-11-20,2025-11-23,Delivered
PO0009884,SUP0047,WH003,2026-08-09,2026-08-20,2026-08-22,Delivered
PO0009885,SUP0059,WH008,2025-08-31,2025-09-05,2025-09-10,Delivered
PO0009886,SUP0084,WH007,2026-02-10,2026-02-19,2026-02-21,Delivered
PO0009887,SUP0098,WH008,2025-12-07,2025-12-21,2025-12-29,Delivered
PO0009888,SUP0017,WH001,2025-08-17,2025-08-19,2025-08-19,Delivered
PO0009889,SUP0100,WH010,2025-02-15,2025-02-27,2025-02-28,Delivered
PO0009890,SUP0080,WH006,2026-04-30,2026-05-14,2026-05-14,Delivered
PO0009891,SUP0021,WH006,2026-03-15,2026-03-20,2026-03-21,Delivered
PO0009892,SUP0011,WH005,2025-01-29,2025-01-31,2025-02-03,Delivered
PO0009893,SUP0094,WH002,2026-08-27,2026-09-02,,In Transit
PO0009894,SUP0028,WH005,2025-09-02,2025-09-11,2025-09-13,Delivered
PO0009895,SUP0065,WH002,2026-04-09,2026-04-21,2026-04-23,Delivered
PO0009896,SUP0029,WH005,2025-06-17,2025-06-26,2025-06-26,Delivered
PO0009897,SUP0096,WH003,2025-12-17,2025-12-27,2025-12-27,Delivered
PO0009898,SUP0086,WH009,2025-10-22,2025-10-31,2025-10-31,Delivered
PO0009899,SUP0060,WH006,2025-09-13,2025-09-26,2025-09-27,Delivered
PO0009900,SUP0050,WH003,2025-03-08,2025-03-10,2025-03-10,Delivered
PO0009901,SUP0043,WH003,2025-02-09,2025-02-11,2025-02-11,Delivered
PO0009902,SUP0020,WH006,2026-02-02,2026-02-11,2026-02-14,Delivered
PO0009903,SUP0075,WH008,2026-07-18,2026-07-27,2026-07-27,Delivered
PO0009904,SUP0033,WH005,2026-05-11,2026-05-15,2026-05-20,Delivered
PO0009905,SUP0051,WH005,2026-07-03,2026-07-13,2026-07-13,Delivered
PO0009906,SUP0023,WH001,2025-02-10,2025-02-18,2025-02-18,Delivered
PO0009907,SUP0059,WH007,2025-02-28,2025-03-03,2025-03-04,Delivered
PO0009908,SUP0096,WH006,2026-02-20,2026-03-01,2026-03-01,Delivered
PO0009909,SUP0014,WH007,2026-04-16,2026-04-27,2026-05-05,Delivered
PO0009910,SUP0016,WH010,2025-09-07,2025-09-13,2025-09-16,Delivered
PO0009911,SUP0092,WH004,2025-05-29,2025-06-11,2025-06-11,Delivered
PO0009912,SUP0032,WH006,2026-04-15,2026-04-21,2026-04-26,Cancelled
PO0009913,SUP0045,WH002,2025-05-04,2025-05-07,2025-05-07,Delivered
PO0009914,SUP0076,WH010,2026-02-24,2026-02-28,2026-03-03,Delivered
PO0009915,SUP0055,WH010,2025-03-17,2025-03-23,2025-03-24,Delivered
PO0009916,SUP0058,WH002,2026-03-09,2026-03-21,2026-03-23,Delivered
PO0009917,SUP0095,WH009,2025-03-30,2025-04-05,2025-04-05,Delivered
PO0009918,SUP0061,WH006,2026-03-12,2026-03-16,2026-03-16,Delivered
PO0009919,SUP0057,WH001,2026-07-08,2026-07-22,2026-07-25,Delivered
PO0009920,SUP0022,WH007,2025-05-28,2025-06-01,2025-06-06,Delivered
PO0009921,SUP0028,WH002,2025-09-22,2025-09-26,2025-09-26,Delivered
PO0009922,SUP0038,WH008,2026-06-15,2026-06-20,2026-06-20,Delivered
PO0009923,SUP0030,WH008,2025-11-22,2025-12-01,2025-12-01,Delivered
PO0009924,SUP0033,WH010,2025-06-08,2025-06-12,2025-06-12,Delivered
PO0009925,SUP0059,WH006,2026-06-28,2026-07-03,2026-07-03,Delivered
PO0009926,SUP0086,WH008,2026-03-15,2026-03-22,2026-03-27,Delivered
PO0009927,SUP0014,WH003,2026-03-09,2026-03-17,2026-03-17,Delivered
PO0009928,SUP0082,WH002,2026-01-08,2026-01-11,2026-01-11,Delivered
PO0009929,SUP0043,WH003,2025-05-26,2025-06-05,2025-06-05,Delivered
PO0009930,SUP0061,WH009,2026-05-30,2026-06-09,2026-06-09,Delivered
PO0009931,SUP0035,WH009,2025-05-12,2025-05-21,2025-05-23,Delivered
PO0009932,SUP0075,WH003,2025-09-01,2025-09-12,2025-09-17,Delivered
PO0009933,SUP0080,WH002,2025-05-26,2025-06-07,2025-06-07,Delivered
PO0009934,SUP0037,WH003,2025-08-09,2025-08-13,2025-08-13,Delivered
PO0009935,SUP0097,WH006,2026-05-09,2026-05-16,2026-05-16,Delivered
PO0009936,SUP0057,WH006,2026-08-26,2026-09-01,,In Transit
PO0009937,SUP0068,WH004,2026-04-30,2026-05-09,2026-05-10,Delivered
PO0009938,SUP0087,WH007,2026-03-12,2026-03-26,2026-03-26,Delivered
PO0009939,SUP0027,WH002,2025-04-25,2025-04-30,2025-04-30,Delivered
PO0009940,SUP0078,WH005,2026-04-04,2026-04-12,2026-04-12,Delivered
PO0009941,SUP0030,WH006,2026-01-18,2026-01-31,2026-02-02,Delivered
PO0009942,SUP0075,WH009,2025-08-22,2025-09-05,2025-09-05,Delivered
PO0009943,SUP0016,WH010,2026-05-22,2026-05-26,2026-05-26,Delivered
PO0009944,SUP0086,WH006,2025-03-29,2025-04-08,2025-04-13,Delivered
PO0009945,SUP0081,WH006,2025-02-24,2025-02-28,2025-03-02,Delivered
PO0009946,SUP0012,WH008,2026-07-28,2026-08-11,2026-08-13,Delivered
PO0009947,SUP0004,WH001,2025-12-23,2026-01-01,2026-01-04,Delivered
PO0009948,SUP0018,WH006,2026-02-06,2026-02-20,2026-02-21,Delivered
PO0009949,SUP0078,WH010,2026-04-15,2026-04-25,2026-04-25,Delivered
PO0009950,SUP0008,WH008,2026-07-15,2026-07-27,2026-07-28,Delivered
PO0009951,SUP0092,WH001,2026-01-16,2026-01-25,2026-01-26,Delivered
PO0009952,SUP0060,WH003,2025-06-18,2025-06-28,2025-06-30,Delivered
PO0009953,SUP0013,WH001,2025-07-25,2025-08-03,2025-08-03,Delivered
PO0009954,SUP0026,WH003,2026-03-01,2026-03-04,2026-03-04,Delivered
PO0009955,SUP0081,WH004,2026-02-26,2026-03-07,2026-03-09,Delivered
PO0009956,SUP0089,WH010,2025-05-02,2025-05-04,2025-05-04,Delivered
PO0009957,SUP0056,WH008,2025-05-09,2025-05-14,2025-05-15,Delivered
PO0009958,SUP0056,WH003,2025-08-19,2025-08-30,2025-09-01,Delivered
PO0009959,SUP0050,WH005,2025-10-12,2025-10-21,2025-10-21,Delivered
PO0009960,SUP0027,WH009,2026-05-22,2026-06-05,2026-06-08,Delivered
PO0009961,SUP0036,WH002,2025-10-03,2025-10-05,2025-10-06,Delivered
PO0009962,SUP0099,WH001,2026-04-19,2026-04-28,2026-04-28,Delivered
PO0009963,SUP0020,WH003,2025-03-15,2025-03-17,2025-03-17,Delivered
PO0009964,SUP0058,WH005,2026-02-16,2026-02-26,2026-02-26,Delivered
PO0009965,SUP0086,WH001,2026-03-10,2026-03-17,2026-03-17,Delivered
PO0009966,SUP0070,WH006,2026-07-08,2026-07-14,2026-07-14,Delivered
PO0009967,SUP0043,WH001,2025-07-08,2025-07-19,2025-07-20,Delivered
PO0009968,SUP0073,WH006,2025-01-19,2025-01-29,2025-01-30,Delivered
PO0009969,SUP0082,WH008,2025-06-04,2025-06-11,2025-06-11,Delivered
PO0009970,SUP0035,WH002,2025-07-01,2025-07-08,2025-07-08,Delivered
PO0009971,SUP0040,WH007,2025-04-01,2025-04-03,2025-04-03,Delivered
PO0009972,SUP0071,WH010,2025-08-25,2025-09-01,2025-09-01,Delivered
PO0009973,SUP0085,WH003,2025-11-06,2025-11-19,2025-11-19,Delivered
PO0009974,SUP0054,WH010,2026-05-15,2026-05-28,2026-05-28,Delivered
PO0009975,SUP0080,WH009,2026-03-20,2026-03-27,2026-03-27,Delivered
PO0009976,SUP0040,WH005,2025-11-24,2025-11-28,2025-12-01,Delivered
PO0009977,SUP0074,WH004,2025-08-24,2025-08-26,2025-08-27,Delivered
PO0009978,SUP0048,WH002,2026-06-01,2026-06-11,2026-06-11,Delivered
PO0009979,SUP0076,WH007,2026-06-03,2026-06-07,2026-06-07,Delivered
PO0009980,SUP0012,WH009,2025-08-21,2025-09-03,2025-09-06,Delivered
PO0009981,SUP0014,WH010,2026-02-11,2026-02-20,2026-02-22,Delivered
PO0009982,SUP0083,WH007,2026-02-14,2026-02-23,2026-02-23,Delivered
PO0009983,SUP0028,WH009,2025-04-30,2025-05-09,2025-05-12,Delivered
PO0009984,SUP0018,WH003,2025-10-11,2025-10-25,2025-10-25,Delivered
PO0009985,SUP0084,WH004,2025-06-29,2025-07-03,2025-07-05,Delivered
PO0009986,SUP0056,WH008,2026-08-27,2026-09-08,,In Transit
PO0009987,SUP0049,WH008,2025-04-27,2025-05-06,2025-05-06,Delivered
PO0009988,SUP0019,WH001,2025-01-09,2025-01-13,2025-01-13,Delivered
PO0009989,SUP0024,WH009,2025-10-19,2025-10-24,2025-10-25,Delivered
PO0009990,SUP0034,WH003,2025-05-09,2025-05-20,2025-05-21,Delivered
PO0009991,SUP0060,WH001,2025-01-23,2025-01-28,2025-01-28,Delivered
PO0009992,SUP0037,WH010,2026-02-01,2026-02-09,2026-02-09,Delivered
PO0009993,SUP0025,WH005,2026-07-10,2026-07-17,2026-07-17,Delivered
PO0009994,SUP0061,WH008,2025-03-01,2025-03-13,2025-03-13,Delivered
PO0009995,SUP0011,WH009,2025-08-23,2025-08-28,2025-08-28,Delivered
PO0009996,SUP0013,WH006,2025-10-28,2025-11-01,2025-11-01,Delivered
PO0009997,SUP0012,WH001,2026-01-28,2026-02-04,2026-02-06,Delivered
PO0009998,SUP0018,WH008,2026-08-25,2026-09-07,,In Transit
PO0009999,SUP0100,WH005,2025-02-26,2025-03-05,2025-03-07,Delivered
PO0010000,SUP0073,WH008,2026-04-18,2026-04-28,2026-05-06,Delivered
