purchase_order_item_id,purchase_order_id,product_id,quantity,unit_cost
POI00000001,PO0000536,PRD00728,31,6550.29
POI00000002,PO0003688,PRD00844,317,10706.01
POI00000003,PO0009861,PRD00216,452,12937.52
POI00000004,PO0000294,PRD00327,186,11465.77
POI00000005,PO0002710,PRD00130,113,731.22
POI00000006,PO0001499,PRD00898,337,11808.33
POI00000007,PO0003614,PRD00147,358,10379.48
POI00000008,PO0008124,PRD00093,15,12182.24
POI00000009,PO0007938,PRD00981,106,916.09
POI00000010,PO0009116,PRD00777,34,1687.86
POI00000011,PO0001484,PRD00075,301,3718.44
POI00000012,PO0000406,PRD00151,243,13666.4
POI00000013,PO0004115,PRD00242,369,9680.92
POI00000014,PO0003166,PRD00235,59,664.0
POI00000015,PO0006405,PRD00673,214,13879.93
POI00000016,PO0004234,PRD00390,117,6845.21
POI00000017,PO0001926,PRD00648,93,4835.26
POI00000018,PO0000191,PRD00643,194,5309.18
POI00000019,PO0004408,PRD00630,150,12112.17
POI00000020,PO0003723,PRD00745,256,7007.02
POI00000021,PO0006798,PRD00749,392,13186.86
POI00000022,PO0000892,PRD00074,32,12787.56
POI00000023,PO0004438,PRD00036,159,10797.72
POI00000024,PO0001837,PRD00751,427,10373.34
POI00000025,PO0002159,PRD00826,267,9650.03
POI00000026,PO0003187,PRD00449,260,4124.74
POI00000027,PO0005435,PRD00292,113,14246.05
POI00000028,PO0006846,PRD00588,393,11008.35
POI00000029,PO0005072,PRD00947,310,8686.66
POI00000030,PO0004518,PRD00502,328,7953.51
POI00000031,PO0001991,PRD00773,190,8251.54
POI00000032,PO0007308,PRD00236,379,5509.36
POI00000033,PO0004396,PRD00086,129,14709.22
POI00000034,PO0004842,PRD00881,77,13176.07
POI00000035,PO0009599,PRD00124,288,8304.87
POI00000036,PO0004085,PRD00854,40,7572.34
POI00000037,PO0001548,PRD00052,331,3353.77
POI00000038,PO0006958,PRD00255,161,13121.82
POI00000039,PO0003035,PRD00354,348,3435.02
POI00000040,PO0009328,PRD00803,277,4469.13
POI00000041,PO0003173,PRD00601,321,14472.35
POI00000042,PO0007142,PRD00649,459,13327.93
POI00000043,PO0006230,PRD00750,159,6059.6
POI00000044,PO0005173,PRD00792,317,12139.91
POI00000045,PO0004527,PRD00149,144,8656.19
POI00000046,PO0000626,PRD00675,226,9849.43
POI00000047,PO0003078,PRD00640,44,14055.38
POI00000048,PO0000138,PRD00623,129,11479.62
POI00000049,PO0006423,PRD00235,254,664.0
POI00000050,PO0006898,PRD00364,151,10243.38
POI00000051,PO0005409,PRD00405,37,8998.95
POI00000052,PO0007293,PRD00955,152,9957.38
POI00000053,PO0001942,PRD00769,247,14259.3
POI00000054,PO0009989,PRD00931,258,7216.54
POI00000055,PO0003647,PRD00319,466,3733.58
POI00000056,PO0006557,PRD00346,98,2284.81
POI00000057,PO0004953,PRD00710,134,7104.05
POI00000058,PO0000554,PRD00129,124,14713.16
POI00000059,PO0003781,PRD00043,428,6795.04
POI00000060,PO0007054,PRD00612,334,12339.55
POI00000061,PO0008609,PRD00767,357,8392.39
POI00000062,PO0001553,PRD00890,111,7834.85
POI00000063,PO0008181,PRD00187,316,4183.24
POI00000064,PO0003348,PRD00373,281,5013.81
POI00000065,PO0000762,PRD00659,419,2838.43
POI00000066,PO0000159,PRD00425,61,7731.22
POI00000067,PO0009129,PRD00335,64,12393.64
POI00000068,PO0007922,PRD00029,121,4613.81
POI00000069,PO0009047,PRD00867,318,2868.63
POI00000070,PO0003130,PRD00357,209,1898.36
POI00000071,PO0000725,PRD00344,370,8985.89
POI00000072,PO0005462,PRD00013,470,14644.99
POI00000073,PO0003525,PRD00425,182,7731.22
POI00000074,PO0005471,PRD00103,41,12413.34
POI00000075,PO0009345,PRD00902,144,10889.46
POI00000076,PO0002484,PRD00492,128,5276.64
POI00000077,PO0004087,PRD00172,69,1562.37
POI00000078,PO0008092,PRD00668,47,3092.64
POI00000079,PO0004742,PRD00751,194,10373.34
POI00000080,PO0006520,PRD00329,286,14502.96
POI00000081,PO0009644,PRD00546,480,218.56
POI00000082,PO0004423,PRD00489,30,5226.91
POI00000083,PO0002712,PRD00177,446,12210.75
POI00000084,PO0009383,PRD00239,415,3839.78
POI00000085,PO0008705,PRD00745,436,7007.02
POI00000086,PO0002155,PRD00247,246,9955.98
POI00000087,PO0003281,PRD00715,227,7125.52
POI00000088,PO0005660,PRD00225,292,11422.41
POI00000089,PO0008598,PRD00827,461,10537.16
POI00000090,PO0003286,PRD00278,306,4458.16
POI00000091,PO0001357,PRD00361,226,2128.11
POI00000092,PO0005439,PRD00697,211,6403.2
POI00000093,PO0007972,PRD00856,347,11059.92
POI00000094,PO0003981,PRD00436,449,10630.97
POI00000095,PO0007593,PRD00103,185,12413.34
POI00000096,PO0003632,PRD00906,353,9258.63
POI00000097,PO0009898,PRD00996,416,12098.44
POI00000098,PO0005246,PRD00990,227,4921.74
POI00000099,PO0009007,PRD00631,380,968.57
POI00000100,PO0009373,PRD00339,206,7828.44
POI00000101,PO0004978,PRD00850,29,12204.62
POI00000102,PO0001080,PRD00623,365,11479.62
POI00000103,PO0000068,PRD00477,189,8916.03
POI00000104,PO0003868,PRD00197,492,14528.51
POI00000105,PO0002835,PRD00051,227,8110.25
POI00000106,PO0003123,PRD00996,320,12098.44
POI00000107,PO0009004,PRD00708,84,13605.38
POI00000108,PO0007721,PRD00658,448,7106.49
POI00000109,PO0003213,PRD00602,363,12799.03
POI00000110,PO0006786,PRD00768,379,13360.45
POI00000111,PO0001210,PRD00263,57,9261.0
POI00000112,PO0003942,PRD00130,422,731.22
POI00000113,PO0008011,PRD00325,478,14185.14
POI00000114,PO0006424,PRD00957,84,8262.63
POI00000115,PO0000794,PRD00076,374,5099.04
POI00000116,PO0001349,PRD00001,201,9837.33
POI00000117,PO0001094,PRD00882,391,7275.03
POI00000118,PO0007520,PRD00400,307,14679.08
POI00000119,PO0007300,PRD00244,88,4688.28
POI00000120,PO0005681,PRD00856,151,11059.92
POI00000121,PO0009804,PRD00185,499,6440.0
POI00000122,PO0008612,PRD00591,356,1630.92
POI00000123,PO0005528,PRD00791,225,10139.71
POI00000124,PO0005282,PRD00938,231,14690.74
POI00000125,PO0000609,PRD00076,341,5099.04
POI00000126,PO0008531,PRD00356,53,5284.14
POI00000127,PO0008226,PRD00103,118,12413.34
POI00000128,PO0004246,PRD00616,42,1388.81
POI00000129,PO0002443,PRD00044,225,9431.09
POI00000130,PO0006471,PRD00095,147,11653.35
POI00000131,PO0005259,PRD00761,58,9679.51
POI00000132,PO0008855,PRD00375,377,2698.38
POI00000133,PO0002001,PRD00617,265,9490.86
POI00000134,PO0001537,PRD00046,135,2330.39
POI00000135,PO0004737,PRD00648,375,4835.26
POI00000136,PO0006464,PRD00064,269,11684.65
POI00000137,PO0008599,PRD00971,77,2515.98
POI00000138,PO0002140,PRD00776,85,3296.6
POI00000139,PO0004698,PRD00009,19,12532.16
POI00000140,PO0006328,PRD00853,441,2077.51
POI00000141,PO0009108,PRD00636,385,3410.7
POI00000142,PO0003812,PRD00103,365,12413.34
POI00000143,PO0005747,PRD00912,454,13951.33
POI00000144,PO0002325,PRD00437,443,981.92
POI00000145,PO0002116,PRD00368,97,13705.39
POI00000146,PO0004729,PRD00283,176,14607.96
POI00000147,PO0000021,PRD00796,478,5431.54
POI00000148,PO0008232,PRD00700,290,8456.94
POI00000149,PO0004715,PRD00074,52,12787.56
POI00000150,PO0008982,PRD00179,205,11993.83
POI00000151,PO0001074,PRD00513,184,7371.4
POI00000152,PO0008958,PRD00467,316,10304.91
POI00000153,PO0004953,PRD00999,64,8190.82
POI00000154,PO0006192,PRD00638,306,14235.92
POI00000155,PO0004265,PRD00466,288,10894.67
POI00000156,PO0009530,PRD00196,412,6209.26
POI00000157,PO0002250,PRD00480,489,10120.83
POI00000158,PO0005023,PRD00755,57,12949.63
POI00000159,PO0002879,PRD00055,357,8911.04
POI00000160,PO0005366,PRD00276,481,12469.32
POI00000161,PO0003701,PRD00573,269,5628.29
POI00000162,PO0000792,PRD00184,347,6913.99
POI00000163,PO0007251,PRD00934,353,8748.64
POI00000164,PO0003951,PRD00536,134,5119.31
POI00000165,PO0008815,PRD00127,72,12989.69
POI00000166,PO0005861,PRD00047,58,1038.29
POI00000167,PO0004521,PRD00061,67,14248.21
POI00000168,PO0000529,PRD00495,407,13954.44
POI00000169,PO0006515,PRD00184,61,6913.99
POI00000170,PO0009494,PRD00275,235,2070.47
POI00000171,PO0007092,PRD00586,121,4430.6
POI00000172,PO0008974,PRD00451,475,11303.64
POI00000173,PO0001033,PRD00075,301,3718.44
POI00000174,PO0000837,PRD00918,480,1087.91
POI00000175,PO0004371,PRD00655,427,136.93
POI00000176,PO0009449,PRD00914,135,14209.47
POI00000177,PO0001501,PRD00956,468,3221.73
POI00000178,PO0000637,PRD00949,389,13353.32
POI00000179,PO0006123,PRD00507,435,8978.67
POI00000180,PO0005498,PRD00542,37,3815.81
POI00000181,PO0005628,PRD00573,47,5628.29
POI00000182,PO0006140,PRD00269,195,6484.24
POI00000183,PO0000103,PRD00195,305,8830.06
POI00000184,PO0007878,PRD00046,74,2330.39
POI00000185,PO0002913,PRD00221,483,13068.22
POI00000186,PO0003937,PRD00261,284,11887.4
POI00000187,PO0007762,PRD00878,330,13841.49
POI00000188,PO0009206,PRD00315,452,12650.55
POI00000189,PO0007288,PRD00260,481,500.56
POI00000190,PO0001680,PRD00494,176,12749.77
POI00000191,PO0004911,PRD00096,470,4636.27
POI00000192,PO0002917,PRD00772,62,11409.05
POI00000193,PO0006261,PRD00631,404,968.57
POI00000194,PO0003868,PRD00362,149,837.42
POI00000195,PO0006153,PRD00368,148,13705.39
POI00000196,PO0006126,PRD00393,29,755.72
POI00000197,PO0003523,PRD00732,399,5677.87
POI00000198,PO0007556,PRD00162,130,287.67
POI00000199,PO0006551,PRD00794,20,14754.3
POI00000200,PO0008265,PRD00578,71,3487.79
POI00000201,PO0009757,PRD00128,167,8314.61
POI00000202,PO0008614,PRD00237,354,10209.15
POI00000203,PO0006095,PRD00368,291,13705.39
POI00000204,PO0001300,PRD00587,281,7001.79
POI00000205,PO0004817,PRD00634,222,11006.69
POI00000206,PO0007355,PRD00043,269,6795.04
POI00000207,PO0009851,PRD00718,144,12946.92
POI00000208,PO0009125,PRD00612,193,12339.55
POI00000209,PO0008555,PRD00638,213,14235.92
POI00000210,PO0007552,PRD00644,416,5838.18
POI00000211,PO0003476,PRD00150,28,4175.25
POI00000212,PO0001835,PRD00604,181,14528.53
POI00000213,PO0000679,PRD00608,421,2030.27
POI00000214,PO0003229,PRD00938,500,14690.74
POI00000215,PO0009080,PRD00142,127,3723.43
POI00000216,PO0009988,PRD00805,122,6473.34
POI00000217,PO0009994,PRD00170,67,12518.7
POI00000218,PO0003091,PRD00392,413,5987.55
POI00000219,PO0004066,PRD00297,410,3281.39
POI00000220,PO0005742,PRD00806,11,164.23
POI00000221,PO0001751,PRD00118,348,13920.88
POI00000222,PO0009393,PRD00531,342,7772.95
POI00000223,PO0000759,PRD00966,478,6230.08
POI00000224,PO0008931,PRD00216,498,12937.52
POI00000225,PO0002447,PRD00574,106,11589.74
POI00000226,PO0000577,PRD00938,98,14690.74
POI00000227,PO0006418,PRD00897,55,11763.99
POI00000228,PO0007255,PRD00679,301,5120.96
POI00000229,PO0003387,PRD00289,219,5500.6
POI00000230,PO0002239,PRD00876,86,12469.02
POI00000231,PO0005079,PRD00668,363,3092.64
POI00000232,PO0000865,PRD00520,260,12944.02
POI00000233,PO0008206,PRD00543,486,5993.42
POI00000234,PO0000034,PRD00233,333,9106.69
POI00000235,PO0000492,PRD00409,398,13153.77
POI00000236,PO0006459,PRD00529,402,7382.72
POI00000237,PO0003184,PRD00937,63,5526.96
POI00000238,PO0005450,PRD00094,209,8406.45
POI00000239,PO0008546,PRD00736,154,4572.66
POI00000240,PO0007689,PRD00362,170,837.42
POI00000241,PO0002911,PRD00251,243,3571.32
POI00000242,PO0008770,PRD00359,279,14333.28
POI00000243,PO0004522,PRD00837,328,2785.86
POI00000244,PO0003751,PRD00886,258,8868.6
POI00000245,PO0007834,PRD00711,73,14208.1
POI00000246,PO0006978,PRD00794,313,14754.3
POI00000247,PO0000993,PRD00327,53,11465.77
POI00000248,PO0006418,PRD00406,31,6081.8
POI00000249,PO0005507,PRD00135,339,7084.8
POI00000250,PO0009699,PRD00582,202,12403.88
POI00000251,PO0008998,PRD00554,396,5324.91
POI00000252,PO0001893,PRD00973,126,4327.38
POI00000253,PO0009653,PRD00221,146,13068.22
POI00000254,PO0006179,PRD00115,158,12984.47
POI00000255,PO0000944,PRD00125,78,12971.28
POI00000256,PO0004311,PRD00495,123,13954.44
POI00000257,PO0000444,PRD00100,442,3533.63
POI00000258,PO0003269,PRD00232,454,6790.03
POI00000259,PO0001513,PRD00609,181,8768.27
POI00000260,PO0006446,PRD00833,351,703.26
POI00000261,PO0006077,PRD00941,87,2714.98
POI00000262,PO0002386,PRD00439,482,7978.91
POI00000263,PO0002632,PRD00413,149,6171.23
POI00000264,PO0001803,PRD00849,362,10933.19
POI00000265,PO0008564,PRD00671,21,13764.06
POI00000266,PO0005840,PRD00707,298,5200.05
POI00000267,PO0001396,PRD00538,72,1565.66
POI00000268,PO0000805,PRD00716,322,7985.19
POI00000269,PO0004474,PRD00973,481,4327.38
POI00000270,PO0004359,PRD00712,176,5380.83
POI00000271,PO0001373,PRD00846,367,5432.42
POI00000272,PO0003170,PRD00912,242,13951.33
POI00000273,PO0002917,PRD00418,484,848.93
POI00000274,PO0004265,PRD00665,228,13549.44
POI00000275,PO0001828,PRD00265,354,1738.91
POI00000276,PO0002021,PRD00178,354,4216.94
POI00000277,PO0004300,PRD00930,287,3393.62
POI00000278,PO0005863,PRD00840,271,1992.97
POI00000279,PO0005583,PRD00290,198,2210.27
POI00000280,PO0001805,PRD00293,397,14236.45
POI00000281,PO0003845,PRD00954,205,6256.72
POI00000282,PO0000013,PRD00171,12,3321.66
POI00000283,PO0000522,PRD00926,207,11701.76
POI00000284,PO0006384,PRD00469,42,4552.3
POI00000285,PO0005160,PRD00090,414,7083.4
POI00000286,PO0003532,PRD00426,412,11443.5
POI00000287,PO0003520,PRD00907,299,14636.64
POI00000288,PO0005783,PRD00085,127,2937.79
POI00000289,PO0006628,PRD00412,67,14128.47
POI00000290,PO0002560,PRD00355,372,10597.12
POI00000291,PO0006670,PRD00103,97,12413.34
POI00000292,PO0001951,PRD00940,368,12016.56
POI00000293,PO0003279,PRD00618,412,7236.89
POI00000294,PO0005949,PRD00470,151,10835.82
POI00000295,PO0007722,PRD00781,336,10401.92
POI00000296,PO0007795,PRD00274,125,11015.48
POI00000297,PO0004614,PRD00198,82,2388.57
POI00000298,PO0001850,PRD00099,286,6175.08
POI00000299,PO0006427,PRD00788,191,13824.18
POI00000300,PO0009735,PRD00498,259,515.55
POI00000301,PO0005630,PRD00885,149,14081.25
POI00000302,PO0003762,PRD00989,159,12965.77
POI00000303,PO0003656,PRD00092,399,1185.31
POI00000304,PO0003130,PRD00630,320,12112.17
POI00000305,PO0006187,PRD00059,409,7096.98
POI00000306,PO0003410,PRD00315,401,12650.55
POI00000307,PO0004016,PRD00888,189,4306.34
POI00000308,PO0007102,PRD00969,198,11985.63
POI00000309,PO0003425,PRD00520,257,12944.02
POI00000310,PO0004509,PRD00590,384,14268.77
POI00000311,PO0005964,PRD00693,53,12868.1
POI00000312,PO0009854,PRD00556,456,11702.23
POI00000313,PO0008610,PRD00030,23,7017.62
POI00000314,PO0006873,PRD00117,455,9411.1
POI00000315,PO0004047,PRD00835,168,6236.81
POI00000316,PO0003884,PRD00412,240,14128.47
POI00000317,PO0005788,PRD00428,477,322.0
POI00000318,PO0009472,PRD00996,269,12098.44
POI00000319,PO0000517,PRD00162,325,287.67
POI00000320,PO0009431,PRD00336,350,14628.24
POI00000321,PO0002424,PRD00162,202,287.67
POI00000322,PO0002726,PRD00754,80,2784.41
POI00000323,PO0008109,PRD00840,284,1992.97
POI00000324,PO0009433,PRD00336,351,14628.24
POI00000325,PO0008594,PRD00872,95,13370.7
POI00000326,PO0003168,PRD00507,25,8978.67
POI00000327,PO0006469,PRD00470,196,10835.82
POI00000328,PO0001474,PRD00335,124,12393.64
POI00000329,PO0005699,PRD00932,30,12917.17
POI00000330,PO0003710,PRD00709,469,12622.33
POI00000331,PO0004727,PRD00355,466,10597.12
POI00000332,PO0001672,PRD00936,155,5539.59
POI00000333,PO0002962,PRD00710,152,7104.05
POI00000334,PO0007753,PRD00617,139,9490.86
POI00000335,PO0004144,PRD00261,371,11887.4
POI00000336,PO0004184,PRD00401,465,8016.45
POI00000337,PO0005847,PRD00992,312,10351.03
POI00000338,PO0000374,PRD00332,431,13246.24
POI00000339,PO0006466,PRD00459,319,11986.98
POI00000340,PO0008966,PRD00191,113,6029.05
POI00000341,PO0001124,PRD00125,344,12971.28
POI00000342,PO0009164,PRD00982,499,2789.53
POI00000343,PO0007271,PRD00530,54,5677.57
POI00000344,PO0005176,PRD00434,303,7897.25
POI00000345,PO0006836,PRD00410,385,4563.47
POI00000346,PO0003908,PRD00191,454,6029.05
POI00000347,PO0006307,PRD00352,339,10163.96
POI00000348,PO0000807,PRD00081,30,3386.22
POI00000349,PO0009512,PRD00517,354,8167.29
POI00000350,PO0007623,PRD00568,66,4707.73
POI00000351,PO0008583,PRD00129,296,14713.16
POI00000352,PO0003021,PRD00926,490,11701.76
POI00000353,PO0009540,PRD00533,99,10985.5
POI00000354,PO0000845,PRD00273,140,3864.46
POI00000355,PO0005598,PRD00705,217,14962.24
POI00000356,PO0008738,PRD00038,67,11694.03
POI00000357,PO0004443,PRD00143,149,2616.16
POI00000358,PO0004321,PRD00013,56,14644.99
POI00000359,PO0000003,PRD00451,300,11303.64
POI00000360,PO0000372,PRD00719,390,9495.01
POI00000361,PO0004071,PRD00834,130,4625.99
POI00000362,PO0009080,PRD00719,69,9495.01
POI00000363,PO0000043,PRD00469,370,4552.3
POI00000364,PO0003671,PRD00874,357,13187.35
POI00000365,PO0003780,PRD00515,486,11728.64
POI00000366,PO0008137,PRD00158,371,12470.65
POI00000367,PO0002575,PRD00258,454,13278.68
POI00000368,PO0004521,PRD00373,189,5013.81
POI00000369,PO0001329,PRD00090,205,7083.4
POI00000370,PO0007698,PRD00986,290,7134.56
POI00000371,PO0002786,PRD00241,204,2003.96
POI00000372,PO0001452,PRD00056,242,2104.64
POI00000373,PO0003743,PRD00441,265,3675.25
POI00000374,PO0005972,PRD00565,222,1309.82
POI00000375,PO0009245,PRD00498,329,515.55
POI00000376,PO0007918,PRD00757,291,1024.97
POI00000377,PO0000065,PRD00978,240,10928.44
POI00000378,PO0003550,PRD00318,413,13343.83
POI00000379,PO0008632,PRD00546,267,218.56
POI00000380,PO0005642,PRD00095,311,11653.35
POI00000381,PO0004994,PRD00026,253,10030.04
POI00000382,PO0000898,PRD00215,327,7543.91
POI00000383,PO0009375,PRD00811,92,13260.28
POI00000384,PO0004204,PRD00271,347,14304.78
POI00000385,PO0004887,PRD00557,359,7804.82
POI00000386,PO0004855,PRD00302,266,7670.64
POI00000387,PO0003830,PRD00189,35,1559.74
POI00000388,PO0009750,PRD00270,348,2874.72
POI00000389,PO0006540,PRD00817,226,13482.36
POI00000390,PO0007011,PRD00420,398,7232.56
POI00000391,PO0006827,PRD00893,429,14877.64
POI00000392,PO0006483,PRD00921,122,10131.57
POI00000393,PO0007990,PRD00357,420,1898.36
POI00000394,PO0003740,PRD00380,263,10416.11
POI00000395,PO0009737,PRD00269,53,6484.24
POI00000396,PO0003817,PRD00988,403,3859.43
POI00000397,PO0005645,PRD00636,100,3410.7
POI00000398,PO0004033,PRD00245,195,2944.72
POI00000399,PO0000307,PRD00615,477,9737.39
POI00000400,PO0008914,PRD00369,52,11836.37
POI00000401,PO0009293,PRD00342,486,10654.4
POI00000402,PO0004754,PRD00863,359,7788.61
POI00000403,PO0008987,PRD00839,178,1545.18
POI00000404,PO0009469,PRD00797,344,11156.8
POI00000405,PO0009937,PRD00794,290,14754.3
POI00000406,PO0002055,PRD00089,90,9597.02
POI00000407,PO0008020,PRD00228,262,7076.3
POI00000408,PO0005377,PRD00036,263,10797.72
POI00000409,PO0009096,PRD00328,290,13195.81
POI00000410,PO0008487,PRD00533,358,10985.5
POI00000411,PO0005742,PRD00872,219,13370.7
POI00000412,PO0004350,PRD00867,369,2868.63
POI00000413,PO0002287,PRD00004,274,10337.46
POI00000414,PO0001903,PRD00994,119,971.84
POI00000415,PO0006396,PRD00927,329,9238.3
POI00000416,PO0000050,PRD00298,187,1909.75
POI00000417,PO0007995,PRD00045,204,3578.64
POI00000418,PO0004917,PRD00489,99,5226.91
POI00000419,PO0008602,PRD00612,177,12339.55
POI00000420,PO0008660,PRD00105,481,7072.97
POI00000421,PO0008945,PRD00632,323,12709.49
POI00000422,PO0005688,PRD00369,425,11836.37
POI00000423,PO0004446,PRD00872,191,13370.7
POI00000424,PO0005185,PRD00804,165,14440.13
POI00000425,PO0007428,PRD00793,338,871.73
POI00000426,PO0002938,PRD00234,442,12179.62
POI00000427,PO0006848,PRD00849,448,10933.19
POI00000428,PO0008457,PRD00689,190,10243.12
POI00000429,PO0008954,PRD00041,325,14254.59
POI00000430,PO0007058,PRD00970,425,2893.48
POI00000431,PO0007762,PRD00963,129,8895.2
POI00000432,PO0007589,PRD00883,384,13462.78
POI00000433,PO0007665,PRD00274,170,11015.48
POI00000434,PO0000926,PRD00773,191,8251.54
POI00000435,PO0008944,PRD00645,238,13236.02
POI00000436,PO0003370,PRD00820,170,12985.07
POI00000437,PO0003610,PRD00134,14,10858.86
POI00000438,PO0001871,PRD00003,500,4143.44
POI00000439,PO0005204,PRD00892,457,3978.64
POI00000440,PO0000187,PRD00129,166,14713.16
POI00000441,PO0003144,PRD00974,148,12813.95
POI00000442,PO0004629,PRD00922,491,7190.21
POI00000443,PO0006061,PRD00326,434,12217.09
POI00000444,PO0001605,PRD00594,98,6920.19
POI00000445,PO0000709,PRD00902,239,10889.46
POI00000446,PO0008888,PRD00974,262,12813.95
POI00000447,PO0002763,PRD00523,125,12097.17
POI00000448,PO0004451,PRD00671,278,13764.06
POI00000449,PO0003343,PRD00181,114,2679.75
POI00000450,PO0006863,PRD00128,459,8314.61
POI00000451,PO0002510,PRD00990,290,4921.74
POI00000452,PO0008481,PRD00779,420,14460.71
POI00000453,PO0004472,PRD00671,216,13764.06
POI00000454,PO0008587,PRD00212,105,194.69
POI00000455,PO0004860,PRD00251,369,3571.32
POI00000456,PO0005202,PRD00615,112,9737.39
POI00000457,PO0006783,PRD00556,146,11702.23
POI00000458,PO0005369,PRD00438,426,314.72
POI00000459,PO0004195,PRD00722,355,9531.63
POI00000460,PO0006224,PRD00716,418,7985.19
POI00000461,PO0008042,PRD00443,36,8509.83
POI00000462,PO0007316,PRD00594,327,6920.19
POI00000463,PO0002356,PRD00315,328,12650.55
POI00000464,PO0009741,PRD00420,393,7232.56
POI00000465,PO0008721,PRD00887,186,6428.3
POI00000466,PO0007484,PRD00084,78,1880.19
POI00000467,PO0005485,PRD00479,258,11981.47
POI00000468,PO0004290,PRD00233,454,9106.69
POI00000469,PO0002496,PRD00917,195,13456.14
POI00000470,PO0005916,PRD00697,68,6403.2
POI00000471,PO0006247,PRD00957,328,8262.63
POI00000472,PO0000722,PRD00471,246,1676.03
POI00000473,PO0006955,PRD00241,446,2003.96
POI00000474,PO0002343,PRD00925,248,3105.28
POI00000475,PO0001939,PRD00207,103,13259.47
POI00000476,PO0002050,PRD00810,281,6285.69
POI00000477,PO0005402,PRD00311,41,5242.66
POI00000478,PO0003882,PRD00204,394,1118.21
POI00000479,PO0006183,PRD00088,374,759.09
POI00000480,PO0000586,PRD00471,212,1676.03
POI00000481,PO0007496,PRD00119,311,510.73
POI00000482,PO0000640,PRD00881,93,13176.07
POI00000483,PO0003269,PRD00826,170,9650.03
POI00000484,PO0005274,PRD00463,492,6510.21
POI00000485,PO0006165,PRD00735,109,8245.45
POI00000486,PO0009730,PRD00600,481,6787.54
POI00000487,PO0002511,PRD00789,495,7598.09
POI00000488,PO0003458,PRD00799,440,14353.99
POI00000489,PO0001425,PRD00686,313,2956.03
POI00000490,PO0005168,PRD00435,376,11483.94
POI00000491,PO0007636,PRD00193,339,1081.63
POI00000492,PO0006638,PRD00775,61,1675.87
POI00000493,PO0009682,PRD00073,496,7015.92
POI00000494,PO0005287,PRD00576,487,6871.55
POI00000495,PO0007448,PRD00171,254,3321.66
POI00000496,PO0006724,PRD00668,408,3092.64
POI00000497,PO0003903,PRD00229,181,5330.98
POI00000498,PO0004328,PRD00602,301,12799.03
POI00000499,PO0007849,PRD00566,211,1327.27
POI00000500,PO0005328,PRD00826,158,9650.03
POI00000501,PO0009447,PRD00192,344,10003.41
POI00000502,PO0002806,PRD00029,161,4613.81
POI00000503,PO0009860,PRD00709,224,12622.33
POI00000504,PO0009480,PRD00372,139,12777.81
POI00000505,PO0009488,PRD00192,287,10003.41
POI00000506,PO0001095,PRD00496,209,5018.37
POI00000507,PO0006253,PRD00999,207,8190.82
POI00000508,PO0008188,PRD00001,449,9837.33
POI00000509,PO0004105,PRD00389,253,10776.42
POI00000510,PO0000211,PRD00755,316,12949.63
POI00000511,PO0003830,PRD00017,228,12322.4
POI00000512,PO0007439,PRD00343,345,10133.19
POI00000513,PO0000186,PRD00688,484,5575.81
POI00000514,PO0002415,PRD00676,88,4189.18
POI00000515,PO0007207,PRD00555,388,9697.74
POI00000516,PO0004413,PRD00212,126,194.69
POI00000517,PO0006336,PRD00221,224,13068.22
POI00000518,PO0006844,PRD00251,390,3571.32
POI00000519,PO0009687,PRD00256,292,4333.14
POI00000520,PO0000600,PRD00634,276,11006.69
POI00000521,PO0002813,PRD00659,134,2838.43
POI00000522,PO0004949,PRD00702,300,12933.45
POI00000523,PO0000940,PRD00508,178,9561.68
POI00000524,PO0006586,PRD00530,379,5677.57
POI00000525,PO0000605,PRD00714,181,7100.41
POI00000526,PO0003550,PRD00367,400,13626.42
POI00000527,PO0002770,PRD00676,181,4189.18
POI00000528,PO0001340,PRD00338,313,755.93
POI00000529,PO0001665,PRD00467,421,10304.91
POI00000530,PO0009478,PRD00210,16,5229.98
POI00000531,PO0000255,PRD00783,486,6326.48
POI00000532,PO0006533,PRD00220,371,3710.28
POI00000533,PO0001086,PRD00067,312,10482.12
POI00000534,PO0000463,PRD00760,224,2297.92
POI00000535,PO0003937,PRD00352,452,10163.96
POI00000536,PO0007234,PRD00318,472,13343.83
POI00000537,PO0005526,PRD00424,131,7036.46
POI00000538,PO0008712,PRD00264,144,12537.65
POI00000539,PO0002359,PRD00813,414,1791.65
POI00000540,PO0001650,PRD00839,49,1545.18
POI00000541,PO0006579,PRD00152,145,9137.41
POI00000542,PO0004215,PRD00733,473,8941.35
POI00000543,PO0004584,PRD00508,95,9561.68
POI00000544,PO0006097,PRD00693,63,12868.1
POI00000545,PO0001667,PRD00913,439,7633.07
POI00000546,PO0007847,PRD00640,61,14055.38
POI00000547,PO0001463,PRD00577,329,5565.9
POI00000548,PO0002308,PRD00236,160,5509.36
POI00000549,PO0000220,PRD00098,475,2423.29
POI00000550,PO0001074,PRD00428,454,322.0
POI00000551,PO0009715,PRD00155,326,11846.07
POI00000552,PO0002784,PRD00024,345,5514.18
POI00000553,PO0008752,PRD00704,81,9935.11
POI00000554,PO0005227,PRD00918,148,1087.91
POI00000555,PO0006501,PRD00695,296,7153.53
POI00000556,PO0007341,PRD00996,81,12098.44
POI00000557,PO0008501,PRD00410,86,4563.47
POI00000558,PO0000816,PRD00514,184,4437.98
POI00000559,PO0009870,PRD00303,443,3612.1
POI00000560,PO0005403,PRD00354,281,3435.02
POI00000561,PO0006415,PRD00547,311,10434.94
POI00000562,PO0003794,PRD00332,198,13246.24
POI00000563,PO0006383,PRD00202,425,2771.81
POI00000564,PO0000776,PRD00001,470,9837.33
POI00000565,PO0007761,PRD00745,45,7007.02
POI00000566,PO0001271,PRD00795,82,10383.68
POI00000567,PO0000692,PRD00230,457,928.8
POI00000568,PO0006604,PRD00982,127,2789.53
POI00000569,PO0006724,PRD00436,242,10630.97
POI00000570,PO0003305,PRD00619,191,5874.65
POI00000571,PO0004131,PRD00190,434,6496.64
POI00000572,PO0005471,PRD00022,359,6591.0
POI00000573,PO0008569,PRD00395,389,6180.29
POI00000574,PO0008915,PRD00537,36,11841.49
POI00000575,PO0000032,PRD00668,124,3092.64
POI00000576,PO0008284,PRD00101,105,1142.0
POI00000577,PO0007475,PRD00163,368,8801.64
POI00000578,PO0008950,PRD00355,345,10597.12
POI00000579,PO0005724,PRD00075,476,3718.44
POI00000580,PO0008084,PRD00531,462,7772.95
POI00000581,PO0004132,PRD00630,330,12112.17
POI00000582,PO0008668,PRD00107,338,9087.41
POI00000583,PO0007836,PRD00059,237,7096.98
POI00000584,PO0003404,PRD00668,247,3092.64
POI00000585,PO0005068,PRD00954,263,6256.72
POI00000586,PO0006111,PRD00403,276,560.68
POI00000587,PO0009867,PRD00480,203,10120.83
POI00000588,PO0001024,PRD00208,32,10135.61
POI00000589,PO0009037,PRD00656,292,3059.15
POI00000590,PO0009984,PRD00087,252,2757.27
POI00000591,PO0002087,PRD00262,363,10465.39
POI00000592,PO0008012,PRD00760,270,2297.92
POI00000593,PO0002810,PRD00186,120,13497.06
POI00000594,PO0008112,PRD00391,147,8417.25
POI00000595,PO0009818,PRD00599,98,11716.66
POI00000596,PO0002649,PRD00032,87,4314.09
POI00000597,PO0003264,PRD01000,440,1107.64
POI00000598,PO0008268,PRD00417,433,13839.61
POI00000599,PO0002760,PRD00949,231,13353.32
POI00000600,PO0007320,PRD00644,207,5838.18
POI00000601,PO0005169,PRD00859,42,13775.1
POI00000602,PO0000179,PRD00108,150,14993.62
POI00000603,PO0003287,PRD00263,44,9261.0
POI00000604,PO0002373,PRD00879,484,5831.09
POI00000605,PO0003185,PRD00426,431,11443.5
POI00000606,PO0003649,PRD00620,240,517.21
POI00000607,PO0004874,PRD00661,460,8498.56
POI00000608,PO0003305,PRD00107,214,9087.41
POI00000609,PO0009152,PRD00732,401,5677.87
POI00000610,PO0008296,PRD00721,434,7384.49
POI00000611,PO0001898,PRD00689,457,10243.12
POI00000612,PO0001082,PRD00103,411,12413.34
POI00000613,PO0006442,PRD00259,102,7569.95
POI00000614,PO0004605,PRD00784,23,4162.05
POI00000615,PO0005808,PRD00874,53,13187.35
POI00000616,PO0007750,PRD00746,60,5454.4
POI00000617,PO0002897,PRD00278,234,4458.16
POI00000618,PO0009554,PRD00288,282,4176.37
POI00000619,PO0006478,PRD00818,128,2577.53
POI00000620,PO0002945,PRD00394,407,14023.98
POI00000621,PO0004320,PRD00956,489,3221.73
POI00000622,PO0004751,PRD00266,332,3637.52
POI00000623,PO0005994,PRD00192,332,10003.41
POI00000624,PO0009688,PRD00252,416,5568.19
POI00000625,PO0007482,PRD00752,326,1766.8
POI00000626,PO0004924,PRD00732,23,5677.87
POI00000627,PO0008654,PRD00346,134,2284.81
POI00000628,PO0008009,PRD00005,480,13587.62
POI00000629,PO0001796,PRD00235,422,664.0
POI00000630,PO0005986,PRD00067,462,10482.12
POI00000631,PO0005211,PRD00523,286,12097.17
POI00000632,PO0002180,PRD00753,152,1627.4
POI00000633,PO0006887,PRD00446,456,10566.45
POI00000634,PO0006665,PRD00269,324,6484.24
POI00000635,PO0001154,PRD00537,265,11841.49
POI00000636,PO0009199,PRD00625,305,8920.39
POI00000637,PO0007438,PRD00922,358,7190.21
POI00000638,PO0000569,PRD00936,347,5539.59
POI00000639,PO0001234,PRD00856,344,11059.92
POI00000640,PO0007179,PRD00355,275,10597.12
POI00000641,PO0003467,PRD00826,213,9650.03
POI00000642,PO0000439,PRD00533,217,10985.5
POI00000643,PO0001266,PRD00457,190,7399.8
POI00000644,PO0005380,PRD00600,408,6787.54
POI00000645,PO0008242,PRD00169,232,8843.12
POI00000646,PO0008275,PRD00686,41,2956.03
POI00000647,PO0007913,PRD00623,100,11479.62
POI00000648,PO0005216,PRD00575,368,4003.21
POI00000649,PO0009593,PRD00882,206,7275.03
POI00000650,PO0003780,PRD00928,449,5618.25
POI00000651,PO0004883,PRD00433,226,10827.08
POI00000652,PO0007141,PRD00492,221,5276.64
POI00000653,PO0001830,PRD00990,253,4921.74
POI00000654,PO0004946,PRD00421,294,3240.17
POI00000655,PO0003403,PRD00364,470,10243.38
POI00000656,PO0003899,PRD00074,242,12787.56
POI00000657,PO0007335,PRD00817,202,13482.36
POI00000658,PO0007096,PRD00239,100,3839.78
POI00000659,PO0009146,PRD00688,86,5575.81
POI00000660,PO0003298,PRD00444,83,9833.74
POI00000661,PO0000804,PRD00320,284,1168.76
POI00000662,PO0003814,PRD00436,289,10630.97
POI00000663,PO0009044,PRD00783,198,6326.48
POI00000664,PO0006763,PRD00470,71,10835.82
POI00000665,PO0004735,PRD00613,26,2658.28
POI00000666,PO0004715,PRD00201,357,9166.2
POI00000667,PO0008261,PRD00116,476,6245.65
POI00000668,PO0004849,PRD00115,323,12984.47
POI00000669,PO0009009,PRD00578,386,3487.79
POI00000670,PO0006668,PRD00130,51,731.22
POI00000671,PO0004031,PRD00086,458,14709.22
POI00000672,PO0001770,PRD00041,443,14254.59
POI00000673,PO0006239,PRD00777,166,1687.86
POI00000674,PO0000350,PRD00532,409,4963.16
POI00000675,PO0008405,PRD00673,481,13879.93
POI00000676,PO0006960,PRD00270,237,2874.72
POI00000677,PO0002843,PRD00505,89,10107.88
POI00000678,PO0006576,PRD00745,220,7007.02
POI00000679,PO0007943,PRD00066,327,1213.87
POI00000680,PO0000039,PRD00399,405,10939.64
POI00000681,PO0008712,PRD00918,281,1087.91
POI00000682,PO0009436,PRD00075,25,3718.44
POI00000683,PO0001573,PRD00896,329,12836.58
POI00000684,PO0007659,PRD00634,195,11006.69
POI00000685,PO0009614,PRD00656,151,3059.15
POI00000686,PO0007173,PRD00694,150,9801.68
POI00000687,PO0005738,PRD00525,304,14289.77
POI00000688,PO0002721,PRD00253,54,11689.61
POI00000689,PO0002050,PRD00811,468,13260.28
POI00000690,PO0009796,PRD00083,58,5329.01
POI00000691,PO0005595,PRD00565,11,1309.82
POI00000692,PO0000699,PRD00611,359,1908.11
POI00000693,PO0005168,PRD00991,11,5985.46
POI00000694,PO0002399,PRD00644,97,5838.18
POI00000695,PO0009248,PRD00764,100,6096.89
POI00000696,PO0003021,PRD00756,309,13812.34
POI00000697,PO0003280,PRD00946,255,5214.57
POI00000698,PO0000120,PRD00318,110,13343.83
POI00000699,PO0002281,PRD00996,166,12098.44
POI00000700,PO0000475,PRD00827,180,10537.16
POI00000701,PO0009747,PRD00957,390,8262.63
POI00000702,PO0001474,PRD00478,431,14298.83
POI00000703,PO0003483,PRD00214,122,11225.45
POI00000704,PO0003900,PRD00735,37,8245.45
POI00000705,PO0004149,PRD00779,144,14460.71
POI00000706,PO0006824,PRD00470,457,10835.82
POI00000707,PO0009668,PRD00206,89,10846.21
POI00000708,PO0002206,PRD00817,174,13482.36
POI00000709,PO0007247,PRD00241,395,2003.96
POI00000710,PO0003718,PRD00736,392,4572.66
POI00000711,PO0005033,PRD00031,348,11922.53
POI00000712,PO0003160,PRD00891,366,6179.97
POI00000713,PO0000733,PRD00700,408,8456.94
POI00000714,PO0007948,PRD00288,409,4176.37
POI00000715,PO0008178,PRD00205,59,5692.82
POI00000716,PO0008379,PRD00058,72,4231.59
POI00000717,PO0002879,PRD00080,48,9716.87
POI00000718,PO0002515,PRD00966,405,6230.08
POI00000719,PO0006297,PRD00493,191,4838.13
POI00000720,PO0007976,PRD00534,22,12763.59
POI00000721,PO0000034,PRD00933,392,4789.52
POI00000722,PO0004278,PRD00483,285,8191.19
POI00000723,PO0003638,PRD00450,110,2755.97
POI00000724,PO0000172,PRD00781,30,10401.92
POI00000725,PO0004221,PRD00228,472,7076.3
POI00000726,PO0002296,PRD00565,276,1309.82
POI00000727,PO0005895,PRD00513,485,7371.4
POI00000728,PO0008657,PRD00274,358,11015.48
POI00000729,PO0005190,PRD00652,129,879.05
POI00000730,PO0000620,PRD00024,209,5514.18
POI00000731,PO0000087,PRD00551,309,6646.28
POI00000732,PO0001583,PRD00045,59,3578.64
POI00000733,PO0000668,PRD00419,240,13114.42
POI00000734,PO0008948,PRD00784,344,4162.05
POI00000735,PO0008186,PRD00688,64,5575.81
POI00000736,PO0007114,PRD00990,268,4921.74
POI00000737,PO0002079,PRD00883,82,13462.78
POI00000738,PO0007099,PRD00942,210,11797.17
POI00000739,PO0002791,PRD00953,391,4127.02
POI00000740,PO0004869,PRD00903,13,10697.16
POI00000741,PO0006590,PRD00511,145,2991.32
POI00000742,PO0005860,PRD00689,115,10243.12
POI00000743,PO0004338,PRD00211,235,7941.86
POI00000744,PO0002191,PRD00334,187,8334.09
POI00000745,PO0004725,PRD00474,51,4767.61
POI00000746,PO0004918,PRD00800,224,273.44
POI00000747,PO0005756,PRD00308,200,1994.75
POI00000748,PO0002011,PRD00320,50,1168.76
POI00000749,PO0007602,PRD00648,87,4835.26
POI00000750,PO0005072,PRD00269,76,6484.24
POI00000751,PO0006009,PRD00782,355,9890.23
POI00000752,PO0005177,PRD00933,344,4789.52
POI00000753,PO0006899,PRD00634,187,11006.69
POI00000754,PO0000857,PRD00443,372,8509.83
POI00000755,PO0008878,PRD00076,55,5099.04
POI00000756,PO0004862,PRD00236,96,5509.36
POI00000757,PO0001083,PRD00750,141,6059.6
POI00000758,PO0000766,PRD00243,335,9718.69
POI00000759,PO0008332,PRD00551,97,6646.28
POI00000760,PO0009137,PRD00499,288,5881.43
POI00000761,PO0009858,PRD00632,209,12709.49
POI00000762,PO0006601,PRD00004,78,10337.46
POI00000763,PO0009711,PRD00774,396,7426.94
POI00000764,PO0009394,PRD00974,330,12813.95
POI00000765,PO0004422,PRD00986,148,7134.56
POI00000766,PO0000408,PRD00854,212,7572.34
POI00000767,PO0009519,PRD00490,154,13814.57
POI00000768,PO0006461,PRD00286,142,4652.92
POI00000769,PO0006632,PRD00588,175,11008.35
POI00000770,PO0002693,PRD00987,499,9467.13
POI00000771,PO0001695,PRD00028,164,9263.48
POI00000772,PO0002705,PRD00459,360,11986.98
POI00000773,PO0009648,PRD00110,459,13747.81
POI00000774,PO0000211,PRD00751,395,10373.34
POI00000775,PO0005220,PRD00049,373,12862.44
POI00000776,PO0001893,PRD00589,57,13991.37
POI00000777,PO0009203,PRD00698,392,3335.68
POI00000778,PO0003461,PRD00699,378,8800.55
POI00000779,PO0000154,PRD00584,320,13164.71
POI00000780,PO0007705,PRD00093,272,12182.24
POI00000781,PO0006521,PRD00458,196,10221.05
POI00000782,PO0009658,PRD00978,426,10928.44
POI00000783,PO0007242,PRD00381,447,2462.98
POI00000784,PO0005487,PRD00853,445,2077.51
POI00000785,PO0003575,PRD00894,43,2746.5
POI00000786,PO0000768,PRD00762,175,13051.68
POI00000787,PO0008248,PRD00861,274,12536.29
POI00000788,PO0009743,PRD00816,356,7753.49
POI00000789,PO0000084,PRD00396,37,5666.96
POI00000790,PO0004937,PRD00533,142,10985.5
POI00000791,PO0009088,PRD00306,435,7923.38
POI00000792,PO0007609,PRD00607,156,12074.14
POI00000793,PO0000599,PRD00960,333,2038.65
POI00000794,PO0006623,PRD00313,172,9405.33
POI00000795,PO0009300,PRD00458,143,10221.05
POI00000796,PO0001992,PRD00180,58,5424.97
POI00000797,PO0001503,PRD00107,70,9087.41
POI00000798,PO0000243,PRD00292,187,14246.05
POI00000799,PO0008732,PRD00468,453,7437.41
POI00000800,PO0003092,PRD00075,444,3718.44
POI00000801,PO0008088,PRD00107,395,9087.41
POI00000802,PO0009173,PRD00261,55,11887.4
POI00000803,PO0001159,PRD00120,209,4716.39
POI00000804,PO0008388,PRD00416,152,5875.21
POI00000805,PO0002850,PRD00088,323,759.09
POI00000806,PO0002094,PRD00504,153,12220.97
POI00000807,PO0001720,PRD00288,192,4176.37
POI00000808,PO0005082,PRD00602,370,12799.03
POI00000809,PO0000066,PRD00307,231,14587.91
POI00000810,PO0005943,PRD00789,32,7598.09
POI00000811,PO0004633,PRD00126,446,12322.6
POI00000812,PO0006346,PRD00856,382,11059.92
POI00000813,PO0009051,PRD00079,332,10823.51
POI00000814,PO0003350,PRD00399,15,10939.64
POI00000815,PO0008257,PRD00373,279,5013.81
POI00000816,PO0005123,PRD00967,227,5210.76
POI00000817,PO0004068,PRD00269,283,6484.24
POI00000818,PO0009628,PRD00936,241,5539.59
POI00000819,PO0004537,PRD00234,174,12179.62
POI00000820,PO0002888,PRD00954,430,6256.72
POI00000821,PO0007559,PRD00386,139,7920.56
POI00000822,PO0001144,PRD00306,231,7923.38
POI00000823,PO0000932,PRD00771,360,10772.54
POI00000824,PO0005039,PRD00685,374,2103.9
POI00000825,PO0007084,PRD00713,466,5625.5
POI00000826,PO0004106,PRD00086,412,14709.22
POI00000827,PO0003976,PRD00749,67,13186.86
POI00000828,PO0003241,PRD00781,163,10401.92
POI00000829,PO0004826,PRD00595,83,9587.26
POI00000830,PO0001320,PRD00799,338,14353.99
POI00000831,PO0002070,PRD00513,183,7371.4
POI00000832,PO0006721,PRD00216,164,12937.52
POI00000833,PO0005415,PRD00638,372,14235.92
POI00000834,PO0009009,PRD00163,274,8801.64
POI00000835,PO0003561,PRD00489,51,5226.91
POI00000836,PO0002376,PRD00640,380,14055.38
POI00000837,PO0005344,PRD00560,469,14804.29
POI00000838,PO0004631,PRD00893,45,14877.64
POI00000839,PO0000241,PRD00013,230,14644.99
POI00000840,PO0003663,PRD00872,292,13370.7
POI00000841,PO0006288,PRD00391,256,8417.25
POI00000842,PO0002724,PRD00735,257,8245.45
POI00000843,PO0000428,PRD00777,126,1687.86
POI00000844,PO0006031,PRD00739,408,7506.27
POI00000845,PO0009166,PRD00056,123,2104.64
POI00000846,PO0007921,PRD00818,197,2577.53
POI00000847,PO0006261,PRD00435,165,11483.94
POI00000848,PO0008214,PRD00793,397,871.73
POI00000849,PO0004487,PRD00790,29,11430.76
POI00000850,PO0009164,PRD00325,377,14185.14
POI00000851,PO0002927,PRD00577,122,5565.9
POI00000852,PO0001513,PRD00353,295,9182.34
POI00000853,PO0009277,PRD00287,401,5325.08
POI00000854,PO0007869,PRD00843,309,14383.19
POI00000855,PO0007146,PRD00073,365,7015.92
POI00000856,PO0008395,PRD00094,322,8406.45
POI00000857,PO0007534,PRD00283,452,14607.96
POI00000858,PO0003110,PRD00009,389,12532.16
POI00000859,PO0001259,PRD00662,257,1358.75
POI00000860,PO0004524,PRD00577,42,5565.9
POI00000861,PO0005647,PRD00763,407,5016.95
POI00000862,PO0007170,PRD00488,163,6731.02
POI00000863,PO0007426,PRD00261,499,11887.4
POI00000864,PO0005156,PRD00926,13,11701.76
POI00000865,PO0008377,PRD00910,43,10913.99
POI00000866,PO0004990,PRD00161,16,14511.66
POI00000867,PO0009449,PRD00305,407,1060.96
POI00000868,PO0005392,PRD00056,282,2104.64
POI00000869,PO0006194,PRD00003,38,4143.44
POI00000870,PO0001093,PRD00401,95,8016.45
POI00000871,PO0004826,PRD00880,468,12411.59
POI00000872,PO0003975,PRD00401,177,8016.45
POI00000873,PO0007714,PRD00430,166,7529.58
POI00000874,PO0006835,PRD00572,181,14299.0
POI00000875,PO0008802,PRD00255,185,13121.82
POI00000876,PO0006515,PRD00342,262,10654.4
POI00000877,PO0007454,PRD00635,59,2679.1
POI00000878,PO0006137,PRD00637,172,11031.21
POI00000879,PO0000381,PRD00750,184,6059.6
POI00000880,PO0004943,PRD00787,263,3077.27
POI00000881,PO0006424,PRD00535,16,12386.73
POI00000882,PO0008569,PRD00592,414,14420.88
POI00000883,PO0000205,PRD00083,474,5329.01
POI00000884,PO0005963,PRD00458,461,10221.05
POI00000885,PO0004493,PRD00680,364,12884.86
POI00000886,PO0003296,PRD00187,151,4183.24
POI00000887,PO0007597,PRD00516,149,8281.91
POI00000888,PO0002014,PRD00595,498,9587.26
POI00000889,PO0006270,PRD00391,175,8417.25
POI00000890,PO0002244,PRD00148,212,12811.77
POI00000891,PO0001898,PRD00096,126,4636.27
POI00000892,PO0003006,PRD00391,297,8417.25
POI00000893,PO0008179,PRD00548,228,10982.99
POI00000894,PO0003289,PRD00736,321,4572.66
POI00000895,PO0006937,PRD00252,96,5568.19
POI00000896,PO0000858,PRD00933,165,4789.52
POI00000897,PO0008027,PRD00384,307,6284.42
POI00000898,PO0005834,PRD00345,193,10843.29
POI00000899,PO0005863,PRD00341,396,8938.37
POI00000900,PO0003205,PRD00358,298,14322.76
POI00000901,PO0004658,PRD00027,346,2942.25
POI00000902,PO0000040,PRD00361,119,2128.11
POI00000903,PO0008960,PRD00669,246,4850.66
POI00000904,PO0003144,PRD00739,160,7506.27
POI00000905,PO0001433,PRD00515,111,11728.64
POI00000906,PO0005612,PRD00067,385,10482.12
POI00000907,PO0007987,PRD00971,36,2515.98
POI00000908,PO0008420,PRD00120,117,4716.39
POI00000909,PO0006766,PRD00246,309,12678.87
POI00000910,PO0001724,PRD00415,136,13727.94
POI00000911,PO0003459,PRD00668,268,3092.64
POI00000912,PO0007481,PRD00130,198,731.22
POI00000913,PO0001421,PRD00333,477,755.02
POI00000914,PO0008139,PRD00636,311,3410.7
POI00000915,PO0003552,PRD00504,496,12220.97
POI00000916,PO0005262,PRD00341,269,8938.37
POI00000917,PO0001809,PRD00133,178,13122.92
POI00000918,PO0009232,PRD00289,114,5500.6
POI00000919,PO0000710,PRD00304,248,7053.7
POI00000920,PO0002202,PRD00589,314,13991.37
POI00000921,PO0003487,PRD00205,325,5692.82
POI00000922,PO0008554,PRD00844,402,10706.01
POI00000923,PO0004970,PRD00488,395,6731.02
POI00000924,PO0004984,PRD00404,269,3670.74
POI00000925,PO0007171,PRD00524,105,4908.91
POI00000926,PO0001682,PRD00032,433,4314.09
POI00000927,PO0006514,PRD00617,56,9490.86
POI00000928,PO0001578,PRD00894,308,2746.5
POI00000929,PO0006935,PRD00117,291,9411.1
POI00000930,PO0004727,PRD00839,41,1545.18
POI00000931,PO0007826,PRD00369,379,11836.37
POI00000932,PO0007096,PRD00655,484,136.93
POI00000933,PO0004927,PRD00113,472,4380.21
POI00000934,PO0001175,PRD00247,34,9955.98
POI00000935,PO0009484,PRD00312,473,3819.03
POI00000936,PO0004572,PRD00719,467,9495.01
POI00000937,PO0003405,PRD00396,281,5666.96
POI00000938,PO0001392,PRD00994,492,971.84
POI00000939,PO0002800,PRD00541,367,2451.94
POI00000940,PO0005601,PRD00505,169,10107.88
POI00000941,PO0006510,PRD00343,304,10133.19
POI00000942,PO0001564,PRD00911,312,14452.25
POI00000943,PO0001840,PRD00628,137,2699.31
POI00000944,PO0005171,PRD00111,103,14538.3
POI00000945,PO0009191,PRD00675,343,9849.43
POI00000946,PO0006896,PRD00446,379,10566.45
POI00000947,PO0003459,PRD00988,183,3859.43
POI00000948,PO0004094,PRD00933,232,4789.52
POI00000949,PO0004058,PRD00731,62,8878.22
POI00000950,PO0006082,PRD00424,289,7036.46
POI00000951,PO0004230,PRD00007,234,9585.73
POI00000952,PO0008165,PRD00858,291,718.7
POI00000953,PO0004489,PRD00574,276,11589.74
POI00000954,PO0004883,PRD00886,172,8868.6
POI00000955,PO0002730,PRD00501,222,4943.69
POI00000956,PO0008059,PRD00526,88,2102.99
POI00000957,PO0008358,PRD00308,379,1994.75
POI00000958,PO0005562,PRD00841,325,13509.77
POI00000959,PO0005535,PRD00112,390,10078.39
POI00000960,PO0004489,PRD00837,400,2785.86
POI00000961,PO0007354,PRD00826,312,9650.03
POI00000962,PO0000676,PRD00274,44,11015.48
POI00000963,PO0007029,PRD00531,429,7772.95
POI00000964,PO0007117,PRD00690,445,2729.55
POI00000965,PO0000572,PRD00171,214,3321.66
POI00000966,PO0007506,PRD00046,494,2330.39
POI00000967,PO0003926,PRD00403,104,560.68
POI00000968,PO0009744,PRD00541,130,2451.94
POI00000969,PO0003100,PRD00642,254,6743.72
POI00000970,PO0002740,PRD00523,312,12097.17
POI00000971,PO0009842,PRD00676,176,4189.18
POI00000972,PO0003562,PRD00476,227,12262.1
POI00000973,PO0001323,PRD00785,438,2141.65
POI00000974,PO0009959,PRD00373,19,5013.81
POI00000975,PO0001646,PRD00121,288,14884.48
POI00000976,PO0003646,PRD00284,69,12033.13
POI00000977,PO0004570,PRD00604,411,14528.53
POI00000978,PO0005596,PRD00772,447,11409.05
POI00000979,PO0006682,PRD00348,448,10382.26
POI00000980,PO0001583,PRD00138,179,9292.5
POI00000981,PO0002370,PRD00339,440,7828.44
POI00000982,PO0000766,PRD00851,473,13602.05
POI00000983,PO0000147,PRD00799,441,14353.99
POI00000984,PO0006846,PRD00447,372,8522.58
POI00000985,PO0000928,PRD00150,42,4175.25
POI00000986,PO0002130,PRD00775,106,1675.87
POI00000987,PO0007478,PRD00974,286,12813.95
POI00000988,PO0003212,PRD00965,472,8131.85
POI00000989,PO0006349,PRD00407,136,2170.82
POI00000990,PO0006883,PRD00561,282,5531.95
POI00000991,PO0005798,PRD00315,24,12650.55
POI00000992,PO0006851,PRD00095,397,11653.35
POI00000993,PO0009338,PRD00040,80,12037.14
POI00000994,PO0003393,PRD00697,252,6403.2
POI00000995,PO0000976,PRD00453,245,5806.99
POI00000996,PO0000358,PRD00979,439,3320.45
POI00000997,PO0003545,PRD00962,390,8264.3
POI00000998,PO0000475,PRD00719,284,9495.01
POI00000999,PO0000701,PRD00043,331,6795.04
POI00001000,PO0005817,PRD00916,302,11381.5
POI00001001,PO0003950,PRD00132,177,14475.18
POI00001002,PO0008145,PRD00174,227,1447.77
POI00001003,PO0000409,PRD00227,356,12974.56
POI00001004,PO0001116,PRD00514,330,4437.98
POI00001005,PO0005565,PRD00354,373,3435.02
POI00001006,PO0000977,PRD00792,398,12139.91
POI00001007,PO0005814,PRD00972,49,3371.24
POI00001008,PO0006685,PRD00177,489,12210.75
POI00001009,PO0004721,PRD00215,174,7543.91
POI00001010,PO0007073,PRD00875,188,6782.11
POI00001011,PO0004031,PRD00625,447,8920.39
POI00001012,PO0002410,PRD00539,386,13947.14
POI00001013,PO0006327,PRD00033,285,12290.88
POI00001014,PO0004501,PRD00851,296,13602.05
POI00001015,PO0000666,PRD00897,378,11763.99
POI00001016,PO0008589,PRD00532,73,4963.16
POI00001017,PO0006658,PRD00338,162,755.93
POI00001018,PO0005935,PRD00206,302,10846.21
POI00001019,PO0004446,PRD00107,320,9087.41
POI00001020,PO0005647,PRD00283,372,14607.96
POI00001021,PO0001560,PRD00093,427,12182.24
POI00001022,PO0000527,PRD00756,133,13812.34
POI00001023,PO0003673,PRD00633,445,8823.37
POI00001024,PO0004600,PRD00427,86,6255.84
POI00001025,PO0003728,PRD00853,249,2077.51
POI00001026,PO0000381,PRD00472,390,12076.82
POI00001027,PO0009355,PRD00028,170,9263.48
POI00001028,PO0007484,PRD00882,126,7275.03
POI00001029,PO0000955,PRD00070,425,12755.67
POI00001030,PO0005188,PRD00329,20,14502.96
POI00001031,PO0003759,PRD00354,221,3435.02
POI00001032,PO0007689,PRD00451,319,11303.64
POI00001033,PO0001599,PRD00642,60,6743.72
POI00001034,PO0005242,PRD00114,459,6866.0
POI00001035,PO0007022,PRD00150,61,4175.25
POI00001036,PO0001183,PRD00746,75,5454.4
POI00001037,PO0002840,PRD00045,103,3578.64
POI00001038,PO0007770,PRD00474,126,4767.61
POI00001039,PO0006122,PRD00322,317,11034.26
POI00001040,PO0009325,PRD00648,327,4835.26
POI00001041,PO0008404,PRD00156,454,1424.79
POI00001042,PO0003204,PRD00227,327,12974.56
POI00001043,PO0006042,PRD00613,137,2658.28
POI00001044,PO0002731,PRD00987,457,9467.13
POI00001045,PO0006381,PRD00992,168,10351.03
POI00001046,PO0001782,PRD00665,40,13549.44
POI00001047,PO0002916,PRD00084,282,1880.19
POI00001048,PO0005850,PRD00894,238,2746.5
POI00001049,PO0007280,PRD00716,292,7985.19
POI00001050,PO0006625,PRD00877,478,9378.32
POI00001051,PO0005242,PRD00794,174,14754.3
POI00001052,PO0002929,PRD00539,184,13947.14
POI00001053,PO0005843,PRD00566,404,1327.27
POI00001054,PO0005648,PRD00461,88,4804.84
POI00001055,PO0007717,PRD00579,391,3728.71
POI00001056,PO0004759,PRD00414,321,3675.25
POI00001057,PO0004943,PRD00384,14,6284.42
POI00001058,PO0003012,PRD00959,237,4695.81
POI00001059,PO0001447,PRD00311,118,5242.66
POI00001060,PO0008220,PRD00263,355,9261.0
POI00001061,PO0001510,PRD00847,401,9711.63
POI00001062,PO0004542,PRD00343,477,10133.19
POI00001063,PO0006004,PRD00448,364,3508.12
POI00001064,PO0008312,PRD00146,315,1182.02
POI00001065,PO0000267,PRD00244,321,4688.28
POI00001066,PO0000685,PRD00471,378,1676.03
POI00001067,PO0004328,PRD00975,333,9296.52
POI00001068,PO0004436,PRD00855,246,11377.51
POI00001069,PO0001472,PRD00932,71,12917.17
POI00001070,PO0002032,PRD00106,79,6611.36
POI00001071,PO0009600,PRD00705,135,14962.24
POI00001072,PO0006872,PRD00271,486,14304.78
POI00001073,PO0009408,PRD00309,20,11535.3
POI00001074,PO0006661,PRD00541,448,2451.94
POI00001075,PO0001121,PRD00117,278,9411.1
POI00001076,PO0001316,PRD00401,95,8016.45
POI00001077,PO0004580,PRD00804,409,14440.13
POI00001078,PO0009156,PRD00005,247,13587.62
POI00001079,PO0003013,PRD00552,391,13804.82
POI00001080,PO0008059,PRD00099,316,6175.08
POI00001081,PO0006485,PRD00058,109,4231.59
POI00001082,PO0002086,PRD00304,259,7053.7
POI00001083,PO0008444,PRD00284,391,12033.13
POI00001084,PO0009484,PRD00690,252,2729.55
POI00001085,PO0001101,PRD00611,126,1908.11
POI00001086,PO0008009,PRD00803,431,4469.13
POI00001087,PO0007521,PRD00002,466,14088.84
POI00001088,PO0001179,PRD00924,500,3584.13
POI00001089,PO0001000,PRD00634,86,11006.69
POI00001090,PO0008836,PRD00288,202,4176.37
POI00001091,PO0008760,PRD00479,172,11981.47
POI00001092,PO0007708,PRD00994,225,971.84
POI00001093,PO0005531,PRD00401,357,8016.45
POI00001094,PO0004514,PRD00691,167,5216.2
POI00001095,PO0009011,PRD00769,486,14259.3
POI00001096,PO0007591,PRD00359,286,14333.28
POI00001097,PO0009566,PRD00494,123,12749.77
POI00001098,PO0003692,PRD00266,197,3637.52
POI00001099,PO0001350,PRD00210,416,5229.98
POI00001100,PO0008254,PRD00084,299,1880.19
POI00001101,PO0008193,PRD00773,309,8251.54
POI00001102,PO0007659,PRD00531,491,7772.95
POI00001103,PO0006581,PRD00889,453,161.6
POI00001104,PO0005287,PRD00404,232,3670.74
POI00001105,PO0009271,PRD00029,221,4613.81
POI00001106,PO0006055,PRD00740,489,5420.19
POI00001107,PO0004748,PRD00106,451,6611.36
POI00001108,PO0003621,PRD00351,342,4761.19
POI00001109,PO0005209,PRD00463,464,6510.21
POI00001110,PO0007752,PRD00273,18,3864.46
POI00001111,PO0005398,PRD00957,429,8262.63
POI00001112,PO0008159,PRD00326,197,12217.09
POI00001113,PO0005259,PRD00094,263,8406.45
POI00001114,PO0003666,PRD00128,124,8314.61
POI00001115,PO0008248,PRD00601,330,14472.35
POI00001116,PO0008236,PRD00438,424,314.72
POI00001117,PO0003492,PRD00967,491,5210.76
POI00001118,PO0004917,PRD00960,257,2038.65
POI00001119,PO0006686,PRD00856,211,11059.92
POI00001120,PO0002488,PRD00385,174,11446.95
POI00001121,PO0005741,PRD00739,246,7506.27
POI00001122,PO0002646,PRD00532,334,4963.16
POI00001123,PO0000086,PRD00077,356,3244.83
POI00001124,PO0001072,PRD00417,26,13839.61
POI00001125,PO0002956,PRD00161,223,14511.66
POI00001126,PO0003575,PRD00930,158,3393.62
POI00001127,PO0005404,PRD00042,144,12472.09
POI00001128,PO0001239,PRD00455,68,3543.59
POI00001129,PO0009925,PRD00684,166,7767.82
POI00001130,PO0001834,PRD00869,65,7264.23
POI00001131,PO0008882,PRD00678,496,815.42
POI00001132,PO0005279,PRD00991,252,5985.46
POI00001133,PO0006645,PRD00169,251,8843.12
POI00001134,PO0003237,PRD00586,357,4430.6
POI00001135,PO0009355,PRD00407,208,2170.82
POI00001136,PO0006133,PRD00281,414,12997.71
POI00001137,PO0002649,PRD00496,69,5018.37
POI00001138,PO0005274,PRD00169,350,8843.12
POI00001139,PO0001080,PRD00951,294,12745.6
POI00001140,PO0001007,PRD00434,149,7897.25
POI00001141,PO0006966,PRD00895,431,8698.56
POI00001142,PO0001925,PRD00078,55,8372.4
POI00001143,PO0002865,PRD00651,33,6515.34
POI00001144,PO0006131,PRD00012,459,14609.65
POI00001145,PO0005462,PRD00281,11,12997.71
POI00001146,PO0001782,PRD00887,122,6428.3
POI00001147,PO0003893,PRD00622,92,3778.03
POI00001148,PO0006157,PRD00744,12,13579.31
POI00001149,PO0007369,PRD00175,249,834.63
POI00001150,PO0000947,PRD00522,313,2556.45
POI00001151,PO0006503,PRD00822,238,434.39
POI00001152,PO0008443,PRD00422,382,13723.46
POI00001153,PO0000541,PRD00042,479,12472.09
POI00001154,PO0003578,PRD00655,112,136.93
POI00001155,PO0003581,PRD00185,210,6440.0
POI00001156,PO0009783,PRD00335,499,12393.64
POI00001157,PO0005911,PRD00280,308,626.38
POI00001158,PO0003905,PRD00247,210,9955.98
POI00001159,PO0009146,PRD00987,352,9467.13
POI00001160,PO0005669,PRD00855,212,11377.51
POI00001161,PO0003471,PRD00197,45,14528.51
POI00001162,PO0001065,PRD00216,31,12937.52
POI00001163,PO0000301,PRD00629,480,377.33
POI00001164,PO0009388,PRD00058,128,4231.59
POI00001165,PO0008863,PRD00094,349,8406.45
POI00001166,PO0009334,PRD00429,254,4484.27
POI00001167,PO0004279,PRD00975,366,9296.52
POI00001168,PO0005035,PRD00286,12,4652.92
POI00001169,PO0009358,PRD00623,251,11479.62
POI00001170,PO0007817,PRD00582,408,12403.88
POI00001171,PO0006392,PRD00048,261,1009.0
POI00001172,PO0007830,PRD00591,40,1630.92
POI00001173,PO0005213,PRD00509,320,7385.46
POI00001174,PO0008855,PRD00270,180,2874.72
POI00001175,PO0003931,PRD00272,58,5905.57
POI00001176,PO0005150,PRD00987,24,9467.13
POI00001177,PO0003208,PRD00196,345,6209.26
POI00001178,PO0005400,PRD00090,279,7083.4
POI00001179,PO0001455,PRD00303,474,3612.1
POI00001180,PO0002815,PRD00812,407,3339.2
POI00001181,PO0008804,PRD00887,364,6428.3
POI00001182,PO0004027,PRD00123,397,6279.12
POI00001183,PO0004138,PRD00764,114,6096.89
POI00001184,PO0006783,PRD00966,169,6230.08
POI00001185,PO0006937,PRD00952,166,4757.15
POI00001186,PO0003317,PRD00522,119,2556.45
POI00001187,PO0000410,PRD00416,185,5875.21
POI00001188,PO0007634,PRD00781,442,10401.92
POI00001189,PO0002093,PRD00646,373,11847.85
POI00001190,PO0008134,PRD00333,35,755.02
POI00001191,PO0004463,PRD00487,332,1551.21
POI00001192,PO0008105,PRD00204,310,1118.21
POI00001193,PO0004896,PRD00914,249,14209.47
POI00001194,PO0008906,PRD00744,340,13579.31
POI00001195,PO0004636,PRD00789,500,7598.09
POI00001196,PO0005081,PRD00221,376,13068.22
POI00001197,PO0008453,PRD00232,96,6790.03
POI00001198,PO0001301,PRD00294,322,7979.54
POI00001199,PO0006270,PRD00553,363,1373.39
POI00001200,PO0007253,PRD00002,422,14088.84
POI00001201,PO0000227,PRD00089,182,9597.02
POI00001202,PO0004244,PRD00303,476,3612.1
POI00001203,PO0007535,PRD00906,235,9258.63
POI00001204,PO0009402,PRD00195,394,8830.06
POI00001205,PO0007188,PRD00295,265,14410.96
POI00001206,PO0000069,PRD00452,164,2503.76
POI00001207,PO0006465,PRD00331,191,4343.37
POI00001208,PO0004150,PRD00393,52,755.72
POI00001209,PO0003109,PRD00222,38,1219.58
POI00001210,PO0004780,PRD00246,245,12678.87
POI00001211,PO0009704,PRD00933,11,4789.52
POI00001212,PO0000048,PRD00227,141,12974.56
POI00001213,PO0008520,PRD00797,306,11156.8
POI00001214,PO0006546,PRD00121,312,14884.48
POI00001215,PO0005528,PRD00170,461,12518.7
POI00001216,PO0005641,PRD00686,210,2956.03
POI00001217,PO0009390,PRD00069,237,9949.9
POI00001218,PO0005423,PRD00945,210,3955.76
POI00001219,PO0006114,PRD00458,167,10221.05
POI00001220,PO0004368,PRD00072,143,2707.96
POI00001221,PO0000431,PRD00507,418,8978.67
POI00001222,PO0003665,PRD00107,155,9087.41
POI00001223,PO0001654,PRD00905,300,2985.62
POI00001224,PO0004831,PRD00699,32,8800.55
POI00001225,PO0009673,PRD00480,135,10120.83
POI00001226,PO0007193,PRD00708,490,13605.38
POI00001227,PO0009341,PRD00289,259,5500.6
POI00001228,PO0005501,PRD00913,53,7633.07
POI00001229,PO0007712,PRD00184,386,6913.99
POI00001230,PO0000021,PRD00034,101,12113.92
POI00001231,PO0003220,PRD00998,411,8420.65
POI00001232,PO0005403,PRD00469,407,4552.3
POI00001233,PO0004661,PRD00782,244,9890.23
POI00001234,PO0004139,PRD00784,167,4162.05
POI00001235,PO0004947,PRD00178,321,4216.94
POI00001236,PO0008426,PRD00249,211,10840.05
POI00001237,PO0009800,PRD00604,134,14528.53
POI00001238,PO0002742,PRD00109,431,11465.59
POI00001239,PO0008636,PRD00247,376,9955.98
POI00001240,PO0006893,PRD00262,164,10465.39
POI00001241,PO0006736,PRD00188,497,5763.09
POI00001242,PO0001783,PRD00151,53,13666.4
POI00001243,PO0003992,PRD00509,77,7385.46
POI00001244,PO0007444,PRD00737,21,9372.14
POI00001245,PO0004789,PRD00051,129,8110.25
POI00001246,PO0000662,PRD00922,267,7190.21
POI00001247,PO0009640,PRD00675,37,9849.43
POI00001248,PO0003347,PRD00656,16,3059.15
POI00001249,PO0001822,PRD00892,328,3978.64
POI00001250,PO0003012,PRD00168,362,5878.6
POI00001251,PO0006551,PRD00119,176,510.73
POI00001252,PO0003215,PRD00955,310,9957.38
POI00001253,PO0009052,PRD00277,495,12187.55
POI00001254,PO0005868,PRD00567,483,8082.94
POI00001255,PO0007416,PRD00476,132,12262.1
POI00001256,PO0000242,PRD00092,209,1185.31
POI00001257,PO0003233,PRD00230,86,928.8
POI00001258,PO0005829,PRD00317,290,11523.03
POI00001259,PO0007627,PRD00759,259,6538.09
POI00001260,PO0002849,PRD00470,195,10835.82
POI00001261,PO0001861,PRD00255,339,13121.82
POI00001262,PO0009304,PRD00588,497,11008.35
POI00001263,PO0001029,PRD00085,396,2937.79
POI00001264,PO0004027,PRD00908,473,5348.66
POI00001265,PO0006670,PRD00015,279,4060.74
POI00001266,PO0008876,PRD00054,404,13799.56
POI00001267,PO0005775,PRD00858,105,718.7
POI00001268,PO0002892,PRD00716,105,7985.19
POI00001269,PO0009613,PRD00952,415,4757.15
POI00001270,PO0006258,PRD00911,109,14452.25
POI00001271,PO0006503,PRD00097,491,14218.05
POI00001272,PO0005040,PRD00729,204,5440.02
POI00001273,PO0002367,PRD00513,106,7371.4
POI00001274,PO0008607,PRD00071,199,9562.93
POI00001275,PO0002437,PRD00020,173,14093.42
POI00001276,PO0008111,PRD00337,55,11344.08
POI00001277,PO0003734,PRD00210,363,5229.98
POI00001278,PO0009050,PRD00408,160,8695.92
POI00001279,PO0007576,PRD00059,276,7096.98
POI00001280,PO0009193,PRD00144,60,7505.2
POI00001281,PO0004614,PRD00070,34,12755.67
POI00001282,PO0000955,PRD00475,440,14519.03
POI00001283,PO0007285,PRD00991,184,5985.46
POI00001284,PO0008094,PRD00980,293,10478.27
POI00001285,PO0004194,PRD00787,315,3077.27
POI00001286,PO0007328,PRD00434,452,7897.25
POI00001287,PO0007150,PRD00577,326,5565.9
POI00001288,PO0002226,PRD00723,463,642.86
POI00001289,PO0008810,PRD00172,70,1562.37
POI00001290,PO0007414,PRD00506,228,2811.02
POI00001291,PO0000555,PRD00900,75,12362.97
POI00001292,PO0001765,PRD00552,51,13804.82
POI00001293,PO0009120,PRD00793,449,871.73
POI00001294,PO0007645,PRD00020,171,14093.42
POI00001295,PO0006118,PRD00470,262,10835.82
POI00001296,PO0002497,PRD00592,94,14420.88
POI00001297,PO0001824,PRD00901,355,1036.08
POI00001298,PO0004034,PRD00210,145,5229.98
POI00001299,PO0006468,PRD00860,165,1620.12
POI00001300,PO0004074,PRD00304,144,7053.7
POI00001301,PO0001107,PRD00968,460,14208.61
POI00001302,PO0005672,PRD00703,346,2890.33
POI00001303,PO0008626,PRD00187,485,4183.24
POI00001304,PO0002644,PRD00171,115,3321.66
POI00001305,PO0006940,PRD00871,413,8636.42
POI00001306,PO0000200,PRD00346,369,2284.81
POI00001307,PO0009278,PRD00644,41,5838.18
POI00001308,PO0001453,PRD00532,262,4963.16
POI00001309,PO0008222,PRD00749,357,13186.86
POI00001310,PO0003575,PRD00489,221,5226.91
POI00001311,PO0004963,PRD00615,285,9737.39
POI00001312,PO0000375,PRD00138,358,9292.5
POI00001313,PO0001819,PRD00337,16,11344.08
POI00001314,PO0009350,PRD00713,294,5625.5
POI00001315,PO0000422,PRD00400,457,14679.08
POI00001316,PO0005749,PRD00841,308,13509.77
POI00001317,PO0002353,PRD00929,123,2808.45
POI00001318,PO0006467,PRD00630,239,12112.17
POI00001319,PO0001379,PRD00942,361,11797.17
POI00001320,PO0008664,PRD00691,480,5216.2
POI00001321,PO0004650,PRD00822,385,434.39
POI00001322,PO0007220,PRD00952,454,4757.15
POI00001323,PO0008620,PRD00654,271,8610.81
POI00001324,PO0000010,PRD00598,56,4825.42
POI00001325,PO0009813,PRD00325,427,14185.14
POI00001326,PO0006802,PRD00816,452,7753.49
POI00001327,PO0007229,PRD00120,210,4716.39
POI00001328,PO0008954,PRD00870,174,9737.11
POI00001329,PO0003680,PRD00294,316,7979.54
POI00001330,PO0007975,PRD00270,257,2874.72
POI00001331,PO0009839,PRD00792,419,12139.91
POI00001332,PO0003677,PRD00369,115,11836.37
POI00001333,PO0006695,PRD00733,246,8941.35
POI00001334,PO0001340,PRD00671,379,13764.06
POI00001335,PO0008602,PRD00465,302,12966.68
POI00001336,PO0001803,PRD00065,303,13939.0
POI00001337,PO0002131,PRD00605,37,3961.69
POI00001338,PO0003398,PRD00879,432,5831.09
POI00001339,PO0000944,PRD00663,451,8339.74
POI00001340,PO0005223,PRD00748,111,9977.26
POI00001341,PO0001657,PRD00152,16,9137.41
POI00001342,PO0004076,PRD00202,157,2771.81
POI00001343,PO0004552,PRD00421,298,3240.17
POI00001344,PO0003796,PRD00740,307,5420.19
POI00001345,PO0009873,PRD00916,133,11381.5
POI00001346,PO0009124,PRD00806,58,164.23
POI00001347,PO0006532,PRD00810,387,6285.69
POI00001348,PO0007190,PRD00644,41,5838.18
POI00001349,PO0009345,PRD00024,267,5514.18
POI00001350,PO0003875,PRD00417,322,13839.61
POI00001351,PO0000241,PRD00891,222,6179.97
POI00001352,PO0004011,PRD00071,191,9562.93
POI00001353,PO0000846,PRD00769,383,14259.3
POI00001354,PO0007749,PRD00016,428,12890.21
POI00001355,PO0008986,PRD00973,395,4327.38
POI00001356,PO0009889,PRD00044,124,9431.09
POI00001357,PO0001338,PRD00615,30,9737.39
POI00001358,PO0001026,PRD00215,408,7543.91
POI00001359,PO0002252,PRD00197,156,14528.51
POI00001360,PO0003655,PRD00002,26,14088.84
POI00001361,PO0006712,PRD00151,78,13666.4
POI00001362,PO0006387,PRD00208,315,10135.61
POI00001363,PO0000428,PRD00891,184,6179.97
POI00001364,PO0009288,PRD00503,486,8838.11
POI00001365,PO0007903,PRD00870,375,9737.11
POI00001366,PO0003284,PRD00290,389,2210.27
POI00001367,PO0009426,PRD00289,174,5500.6
POI00001368,PO0009965,PRD00416,470,5875.21
POI00001369,PO0007823,PRD00311,412,5242.66
POI00001370,PO0008693,PRD00658,438,7106.49
POI00001371,PO0008710,PRD00766,399,11198.97
POI00001372,PO0007822,PRD00606,144,8374.83
POI00001373,PO0007532,PRD00880,499,12411.59
POI00001374,PO0002788,PRD00555,157,9697.74
POI00001375,PO0007602,PRD00502,408,7953.51
POI00001376,PO0008650,PRD00785,97,2141.65
POI00001377,PO0005961,PRD00523,110,12097.17
POI00001378,PO0000441,PRD00501,142,4943.69
POI00001379,PO0008452,PRD00219,294,12493.83
POI00001380,PO0007689,PRD00894,217,2746.5
POI00001381,PO0003373,PRD00042,322,12472.09
POI00001382,PO0009990,PRD00044,481,9431.09
POI00001383,PO0007787,PRD00399,124,10939.64
POI00001384,PO0008816,PRD00244,456,4688.28
POI00001385,PO0008315,PRD00080,464,9716.87
POI00001386,PO0007484,PRD00108,290,14993.62
POI00001387,PO0001816,PRD00521,155,3211.38
POI00001388,PO0002753,PRD00817,480,13482.36
POI00001389,PO0005958,PRD00892,153,3978.64
POI00001390,PO0000745,PRD00019,429,5319.1
POI00001391,PO0003205,PRD00662,315,1358.75
POI00001392,PO0009552,PRD00603,31,3288.11
POI00001393,PO0008703,PRD00404,82,3670.74
POI00001394,PO0001392,PRD00700,469,8456.94
POI00001395,PO0005083,PRD00835,435,6236.81
POI00001396,PO0000409,PRD00468,68,7437.41
POI00001397,PO0000896,PRD00375,94,2698.38
POI00001398,PO0000161,PRD00540,405,3098.59
POI00001399,PO0004477,PRD00242,239,9680.92
POI00001400,PO0007770,PRD00706,348,11072.04
POI00001401,PO0002300,PRD00517,314,8167.29
POI00001402,PO0008965,PRD00811,385,13260.28
POI00001403,PO0001965,PRD00509,13,7385.46
POI00001404,PO0000684,PRD00247,215,9955.98
POI00001405,PO0002742,PRD00701,416,7267.54
POI00001406,PO0007648,PRD00762,267,13051.68
POI00001407,PO0000838,PRD00326,485,12217.09
POI00001408,PO0000814,PRD00778,36,11600.41
POI00001409,PO0003006,PRD00413,346,6171.23
POI00001410,PO0005925,PRD00391,160,8417.25
POI00001411,PO0002694,PRD00360,349,11230.29
POI00001412,PO0002357,PRD00816,102,7753.49
POI00001413,PO0005543,PRD00211,363,7941.86
POI00001414,PO0001602,PRD00564,419,9458.27
POI00001415,PO0004430,PRD00169,459,8843.12
POI00001416,PO0004645,PRD00969,269,11985.63
POI00001417,PO0001374,PRD00576,174,6871.55
POI00001418,PO0006154,PRD00579,259,3728.71
POI00001419,PO0004808,PRD00977,282,14587.2
POI00001420,PO0004717,PRD00078,173,8372.4
POI00001421,PO0007830,PRD00360,305,11230.29
POI00001422,PO0007365,PRD00129,390,14713.16
POI00001423,PO0002554,PRD00491,228,4733.4
POI00001424,PO0006362,PRD00814,319,14386.74
POI00001425,PO0000201,PRD00859,358,13775.1
POI00001426,PO0008681,PRD00877,418,9378.32
POI00001427,PO0000300,PRD00354,469,3435.02
POI00001428,PO0001958,PRD00619,357,5874.65
POI00001429,PO0009600,PRD00602,53,12799.03
POI00001430,PO0003186,PRD00019,37,5319.1
POI00001431,PO0003944,PRD00224,90,3605.13
POI00001432,PO0004338,PRD00904,133,9633.15
POI00001433,PO0009055,PRD00960,15,2038.65
POI00001434,PO0002485,PRD00041,62,14254.59
POI00001435,PO0006652,PRD00545,260,7193.96
POI00001436,PO0006852,PRD00993,409,2432.86
POI00001437,PO0003831,PRD00237,306,10209.15
POI00001438,PO0009280,PRD00240,385,1296.01
POI00001439,PO0006921,PRD00635,467,2679.1
POI00001440,PO0000317,PRD00707,159,5200.05
POI00001441,PO0004897,PRD00347,41,2926.5
POI00001442,PO0003371,PRD00005,87,13587.62
POI00001443,PO0009005,PRD00960,256,2038.65
POI00001444,PO0001088,PRD00219,270,12493.83
POI00001445,PO0008388,PRD00468,390,7437.41
POI00001446,PO0000242,PRD00727,214,1054.08
POI00001447,PO0007596,PRD00178,156,4216.94
POI00001448,PO0005542,PRD00513,288,7371.4
POI00001449,PO0003320,PRD00262,57,10465.39
POI00001450,PO0009776,PRD00549,422,2125.97
POI00001451,PO0003262,PRD00616,267,1388.81
POI00001452,PO0001790,PRD00310,47,7810.08
POI00001453,PO0001100,PRD00370,158,218.27
POI00001454,PO0001120,PRD00808,44,7399.02
POI00001455,PO0001755,PRD00615,22,9737.39
POI00001456,PO0001624,PRD00461,213,4804.84
POI00001457,PO0002664,PRD00647,320,2506.84
POI00001458,PO0005593,PRD00715,406,7125.52
POI00001459,PO0007353,PRD00035,388,9200.21
POI00001460,PO0000621,PRD00468,482,7437.41
POI00001461,PO0002173,PRD00734,367,799.67
POI00001462,PO0003396,PRD00402,99,2394.41
POI00001463,PO0004776,PRD00380,151,10416.11
POI00001464,PO0009435,PRD00332,499,13246.24
POI00001465,PO0005502,PRD00730,41,3426.87
POI00001466,PO0009422,PRD00051,196,8110.25
POI00001467,PO0001004,PRD00588,138,11008.35
POI00001468,PO0000326,PRD00062,45,3639.09
POI00001469,PO0006745,PRD00209,128,9137.57
POI00001470,PO0005348,PRD00925,206,3105.28
POI00001471,PO0003866,PRD00004,17,10337.46
POI00001472,PO0008829,PRD00366,386,11358.19
POI00001473,PO0006664,PRD00201,131,9166.2
POI00001474,PO0004748,PRD00147,237,10379.48
POI00001475,PO0000101,PRD00034,448,12113.92
POI00001476,PO0002832,PRD00916,150,11381.5
POI00001477,PO0002595,PRD00766,318,11198.97
POI00001478,PO0002054,PRD00892,300,3978.64
POI00001479,PO0006872,PRD00520,377,12944.02
POI00001480,PO0008455,PRD00461,365,4804.84
POI00001481,PO0009301,PRD00169,28,8843.12
POI00001482,PO0005999,PRD00827,124,10537.16
POI00001483,PO0005223,PRD00792,38,12139.91
POI00001484,PO0004603,PRD00181,293,2679.75
POI00001485,PO0008087,PRD00440,271,12108.02
POI00001486,PO0008947,PRD00729,209,5440.02
POI00001487,PO0001468,PRD00218,228,4399.57
POI00001488,PO0000520,PRD00950,138,13034.4
POI00001489,PO0000121,PRD00319,219,3733.58
POI00001490,PO0002999,PRD00455,226,3543.59
POI00001491,PO0008392,PRD00286,232,4652.92
POI00001492,PO0005495,PRD00169,308,8843.12
POI00001493,PO0000073,PRD00758,72,14670.2
POI00001494,PO0006309,PRD00953,227,4127.02
POI00001495,PO0001689,PRD00924,179,3584.13
POI00001496,PO0008374,PRD00967,188,5210.76
POI00001497,PO0006512,PRD00149,286,8656.19
POI00001498,PO0000980,PRD00999,208,8190.82
POI00001499,PO0009707,PRD00464,219,471.83
POI00001500,PO0000833,PRD00218,88,4399.57
POI00001501,PO0004335,PRD00754,112,2784.41
POI00001502,PO0000400,PRD00356,167,5284.14
POI00001503,PO0000089,PRD00853,15,2077.51
POI00001504,PO0004560,PRD00037,91,9868.39
POI00001505,PO0009139,PRD00528,54,10694.01
POI00001506,PO0006001,PRD00326,422,12217.09
POI00001507,PO0003049,PRD00804,411,14440.13
POI00001508,PO0002375,PRD00599,105,11716.66
POI00001509,PO0004113,PRD00016,205,12890.21
POI00001510,PO0002590,PRD00074,145,12787.56
POI00001511,PO0003095,PRD00441,159,3675.25
POI00001512,PO0004404,PRD00576,284,6871.55
POI00001513,PO0004490,PRD00662,27,1358.75
POI00001514,PO0006072,PRD00495,302,13954.44
POI00001515,PO0001634,PRD00925,146,3105.28
POI00001516,PO0003139,PRD00573,423,5628.29
POI00001517,PO0002264,PRD00922,248,7190.21
POI00001518,PO0007729,PRD00868,189,9943.76
POI00001519,PO0000114,PRD00079,97,10823.51
POI00001520,PO0007404,PRD00187,378,4183.24
POI00001521,PO0003608,PRD00634,141,11006.69
POI00001522,PO0006231,PRD00103,189,12413.34
POI00001523,PO0005846,PRD00416,417,5875.21
POI00001524,PO0007636,PRD00501,455,4943.69
POI00001525,PO0009404,PRD01000,352,1107.64
POI00001526,PO0005593,PRD00765,376,1393.26
POI00001527,PO0009527,PRD00737,403,9372.14
POI00001528,PO0004291,PRD00244,46,4688.28
POI00001529,PO0008534,PRD00480,106,10120.83
POI00001530,PO0002334,PRD00885,117,14081.25
POI00001531,PO0005219,PRD00037,358,9868.39
POI00001532,PO0007531,PRD00776,431,3296.6
POI00001533,PO0003213,PRD00019,428,5319.1
POI00001534,PO0004444,PRD00613,115,2658.28
POI00001535,PO0004416,PRD00485,456,9733.24
POI00001536,PO0004817,PRD00005,341,13587.62
POI00001537,PO0002645,PRD00224,307,3605.13
POI00001538,PO0007801,PRD00794,378,14754.3
POI00001539,PO0002249,PRD00021,375,650.8
POI00001540,PO0007757,PRD00839,48,1545.18
POI00001541,PO0007360,PRD00961,468,12916.7
POI00001542,PO0008246,PRD00851,448,13602.05
POI00001543,PO0005582,PRD00928,365,5618.25
POI00001544,PO0000037,PRD00152,226,9137.41
POI00001545,PO0006568,PRD00655,379,136.93
POI00001546,PO0001672,PRD00752,232,1766.8
POI00001547,PO0009525,PRD00042,41,12472.09
POI00001548,PO0005160,PRD00863,417,7788.61
POI00001549,PO0005462,PRD00167,364,14939.24
POI00001550,PO0005868,PRD00655,258,136.93
POI00001551,PO0003482,PRD00329,88,14502.96
POI00001552,PO0003975,PRD00571,321,268.96
POI00001553,PO0002949,PRD00382,298,10379.13
POI00001554,PO0008463,PRD00264,341,12537.65
POI00001555,PO0003263,PRD00186,27,13497.06
POI00001556,PO0002587,PRD00935,434,2872.31
POI00001557,PO0001768,PRD00679,447,5120.96
POI00001558,PO0007966,PRD00014,123,11069.54
POI00001559,PO0009388,PRD00655,315,136.93
POI00001560,PO0000477,PRD00162,208,287.67
POI00001561,PO0006532,PRD00855,411,11377.51
POI00001562,PO0005671,PRD00445,259,6126.75
POI00001563,PO0004744,PRD00330,357,4277.84
POI00001564,PO0009118,PRD00610,420,3030.44
POI00001565,PO0008791,PRD00018,261,6025.11
POI00001566,PO0009859,PRD00197,130,14528.51
POI00001567,PO0001008,PRD00114,406,6866.0
POI00001568,PO0008171,PRD00688,239,5575.81
POI00001569,PO0009614,PRD00917,173,13456.14
POI00001570,PO0003227,PRD00982,429,2789.53
POI00001571,PO0004501,PRD00255,355,13121.82
POI00001572,PO0008650,PRD00063,266,7018.31
POI00001573,PO0002173,PRD00797,46,11156.8
POI00001574,PO0004457,PRD00618,375,7236.89
POI00001575,PO0001210,PRD00494,468,12749.77
POI00001576,PO0001261,PRD00027,187,2942.25
POI00001577,PO0009467,PRD00201,112,9166.2
POI00001578,PO0000490,PRD00537,396,11841.49
POI00001579,PO0007072,PRD00271,227,14304.78
POI00001580,PO0004355,PRD00920,329,10536.21
POI00001581,PO0004301,PRD00262,177,10465.39
POI00001582,PO0000750,PRD00649,467,13327.93
POI00001583,PO0005441,PRD00460,283,5749.6
POI00001584,PO0000617,PRD00613,439,2658.28
POI00001585,PO0005566,PRD00665,243,13549.44
POI00001586,PO0001779,PRD00053,204,10059.59
POI00001587,PO0003643,PRD00550,378,1100.7
POI00001588,PO0009239,PRD00880,90,12411.59
POI00001589,PO0008926,PRD00324,308,4070.68
POI00001590,PO0002524,PRD00728,36,6550.29
POI00001591,PO0002862,PRD00044,430,9431.09
POI00001592,PO0008322,PRD00535,338,12386.73
POI00001593,PO0003768,PRD00164,217,7114.43
POI00001594,PO0005956,PRD00366,242,11358.19
POI00001595,PO0004829,PRD00738,117,7712.85
POI00001596,PO0003903,PRD00352,122,10163.96
POI00001597,PO0004359,PRD00388,171,2534.89
POI00001598,PO0000621,PRD00469,175,4552.3
POI00001599,PO0007821,PRD00844,276,10706.01
POI00001600,PO0002692,PRD00001,385,9837.33
POI00001601,PO0004779,PRD00043,281,6795.04
POI00001602,PO0000454,PRD00882,155,7275.03
POI00001603,PO0000732,PRD00168,498,5878.6
POI00001604,PO0005933,PRD00149,103,8656.19
POI00001605,PO0000887,PRD00203,316,171.1
POI00001606,PO0003930,PRD00036,477,10797.72
POI00001607,PO0008714,PRD00712,262,5380.83
POI00001608,PO0006993,PRD00724,283,11372.17
POI00001609,PO0002945,PRD00423,38,13733.69
POI00001610,PO0005721,PRD00030,139,7017.62
POI00001611,PO0002057,PRD00854,455,7572.34
POI00001612,PO0009472,PRD00958,139,1630.61
POI00001613,PO0001807,PRD00196,434,6209.26
POI00001614,PO0006538,PRD00886,232,8868.6
POI00001615,PO0001052,PRD00036,447,10797.72
POI00001616,PO0000276,PRD00825,323,6540.73
POI00001617,PO0008800,PRD00227,232,12974.56
POI00001618,PO0003469,PRD00598,372,4825.42
POI00001619,PO0004776,PRD00842,76,10426.4
POI00001620,PO0006169,PRD00589,59,13991.37
POI00001621,PO0003801,PRD00738,199,7712.85
POI00001622,PO0009207,PRD00885,154,14081.25
POI00001623,PO0008089,PRD00070,481,12755.67
POI00001624,PO0001951,PRD00761,314,9679.51
POI00001625,PO0007552,PRD00910,163,10913.99
POI00001626,PO0009767,PRD00329,46,14502.96
POI00001627,PO0002000,PRD00332,489,13246.24
POI00001628,PO0001134,PRD00731,17,8878.22
POI00001629,PO0006128,PRD00633,173,8823.37
POI00001630,PO0008494,PRD00668,116,3092.64
POI00001631,PO0004610,PRD00945,26,3955.76
POI00001632,PO0005419,PRD00420,435,7232.56
POI00001633,PO0006651,PRD00751,259,10373.34
POI00001634,PO0008106,PRD00768,494,13360.45
POI00001635,PO0002094,PRD00208,172,10135.61
POI00001636,PO0006550,PRD00517,51,8167.29
POI00001637,PO0007544,PRD00431,182,11469.34
POI00001638,PO0005388,PRD00994,85,971.84
POI00001639,PO0007456,PRD00955,272,9957.38
POI00001640,PO0009260,PRD00526,456,2102.99
POI00001641,PO0001258,PRD00311,335,5242.66
POI00001642,PO0000188,PRD00714,252,7100.41
POI00001643,PO0009413,PRD00144,306,7505.2
POI00001644,PO0003335,PRD00369,384,11836.37
POI00001645,PO0002482,PRD00567,463,8082.94
POI00001646,PO0006091,PRD00747,432,1497.38
POI00001647,PO0005280,PRD00323,337,7763.5
POI00001648,PO0005751,PRD00640,252,14055.38
POI00001649,PO0008447,PRD00203,407,171.1
POI00001650,PO0004388,PRD00447,442,8522.58
POI00001651,PO0001001,PRD00094,312,8406.45
POI00001652,PO0009797,PRD00846,52,5432.42
POI00001653,PO0008971,PRD00648,428,4835.26
POI00001654,PO0008503,PRD00949,36,13353.32
POI00001655,PO0001488,PRD00194,387,11189.27
POI00001656,PO0006152,PRD00654,320,8610.81
POI00001657,PO0001649,PRD00468,333,7437.41
POI00001658,PO0007784,PRD00809,271,7918.89
POI00001659,PO0001792,PRD00434,204,7897.25
POI00001660,PO0003796,PRD00835,54,6236.81
POI00001661,PO0001656,PRD00049,74,12862.44
POI00001662,PO0003275,PRD00444,148,9833.74
POI00001663,PO0006686,PRD00691,315,5216.2
POI00001664,PO0007026,PRD00608,223,2030.27
POI00001665,PO0009929,PRD00890,337,7834.85
POI00001666,PO0003573,PRD00878,390,13841.49
POI00001667,PO0009363,PRD00319,484,3733.58
POI00001668,PO0004857,PRD00625,52,8920.39
POI00001669,PO0004036,PRD00365,228,9821.16
POI00001670,PO0001191,PRD00826,498,9650.03
POI00001671,PO0006999,PRD00668,132,3092.64
POI00001672,PO0003912,PRD00895,142,8698.56
POI00001673,PO0003620,PRD00129,337,14713.16
POI00001674,PO0001734,PRD00530,344,5677.57
POI00001675,PO0000885,PRD00665,343,13549.44
POI00001676,PO0000664,PRD00764,231,6096.89
POI00001677,PO0008485,PRD00405,21,8998.95
POI00001678,PO0007570,PRD00630,385,12112.17
POI00001679,PO0005358,PRD00174,309,1447.77
POI00001680,PO0005904,PRD00114,367,6866.0
POI00001681,PO0005450,PRD00043,43,6795.04
POI00001682,PO0004775,PRD00288,219,4176.37
POI00001683,PO0002421,PRD00268,86,9508.77
POI00001684,PO0004715,PRD00316,62,14232.32
POI00001685,PO0005270,PRD00361,229,2128.11
POI00001686,PO0003887,PRD00218,261,4399.57
POI00001687,PO0004458,PRD00373,202,5013.81
POI00001688,PO0000865,PRD00712,206,5380.83
POI00001689,PO0001923,PRD00641,94,5254.41
POI00001690,PO0001370,PRD00741,218,13662.52
POI00001691,PO0005071,PRD00639,67,2796.66
POI00001692,PO0007989,PRD00586,175,4430.6
POI00001693,PO0009624,PRD00844,154,10706.01
POI00001694,PO0009934,PRD00071,403,9562.93
POI00001695,PO0008817,PRD00658,152,7106.49
POI00001696,PO0005787,PRD00347,215,2926.5
POI00001697,PO0006134,PRD00961,118,12916.7
POI00001698,PO0007135,PRD00385,463,11446.95
POI00001699,PO0005447,PRD00670,18,8380.95
POI00001700,PO0009642,PRD00073,232,7015.92
POI00001701,PO0004290,PRD00838,244,9698.54
POI00001702,PO0003095,PRD00888,428,4306.34
POI00001703,PO0006750,PRD00966,96,6230.08
POI00001704,PO0001804,PRD00888,83,4306.34
POI00001705,PO0000271,PRD00683,417,11134.9
POI00001706,PO0006545,PRD00652,170,879.05
POI00001707,PO0006559,PRD00097,284,14218.05
POI00001708,PO0004908,PRD00921,460,10131.57
POI00001709,PO0003268,PRD00235,425,664.0
POI00001710,PO0001785,PRD00002,103,14088.84
POI00001711,PO0004701,PRD00596,268,6569.94
POI00001712,PO0004119,PRD00145,363,6936.79
POI00001713,PO0001360,PRD00084,98,1880.19
POI00001714,PO0001935,PRD00748,337,9977.26
POI00001715,PO0009419,PRD00727,136,1054.08
POI00001716,PO0009477,PRD00345,292,10843.29
POI00001717,PO0009203,PRD00787,276,3077.27
POI00001718,PO0006200,PRD00195,404,8830.06
POI00001719,PO0001986,PRD00238,180,1063.4
POI00001720,PO0000568,PRD00457,101,7399.8
POI00001721,PO0001770,PRD00969,476,11985.63
POI00001722,PO0007759,PRD00031,211,11922.53
POI00001723,PO0007674,PRD00632,156,12709.49
POI00001724,PO0003688,PRD00152,293,9137.41
POI00001725,PO0007812,PRD00251,271,3571.32
POI00001726,PO0001588,PRD00148,494,12811.77
POI00001727,PO0005821,PRD00635,396,2679.1
POI00001728,PO0002468,PRD00231,490,9255.93
POI00001729,PO0008580,PRD00572,341,14299.0
POI00001730,PO0005821,PRD00473,205,4562.49
POI00001731,PO0008795,PRD00533,72,10985.5
POI00001732,PO0000570,PRD00533,49,10985.5
POI00001733,PO0003585,PRD00367,322,13626.42
POI00001734,PO0001958,PRD00010,184,704.09
POI00001735,PO0003900,PRD00179,79,11993.83
POI00001736,PO0001685,PRD00798,292,10418.61
POI00001737,PO0003814,PRD00696,137,3418.65
POI00001738,PO0008978,PRD00229,269,5330.98
POI00001739,PO0005706,PRD00092,471,1185.31
POI00001740,PO0001920,PRD00856,85,11059.92
POI00001741,PO0001580,PRD00582,176,12403.88
POI00001742,PO0001551,PRD00050,492,14145.71
POI00001743,PO0005454,PRD00748,282,9977.26
POI00001744,PO0002794,PRD00340,234,13976.02
POI00001745,PO0007968,PRD00118,277,13920.88
POI00001746,PO0002724,PRD00365,300,9821.16
POI00001747,PO0005625,PRD00107,175,9087.41
POI00001748,PO0009283,PRD00204,185,1118.21
POI00001749,PO0003693,PRD00341,80,8938.37
POI00001750,PO0007251,PRD00778,78,11600.41
POI00001751,PO0005780,PRD00347,205,2926.5
POI00001752,PO0005213,PRD00508,391,9561.68
POI00001753,PO0008648,PRD00665,39,13549.44
POI00001754,PO0006619,PRD00338,243,755.93
POI00001755,PO0002445,PRD00752,464,1766.8
POI00001756,PO0002673,PRD00450,430,2755.97
POI00001757,PO0005941,PRD00118,343,13920.88
POI00001758,PO0001310,PRD00938,145,14690.74
POI00001759,PO0001643,PRD00249,212,10840.05
POI00001760,PO0005010,PRD00386,389,7920.56
POI00001761,PO0007114,PRD00925,320,3105.28
POI00001762,PO0008644,PRD00455,193,3543.59
POI00001763,PO0006591,PRD00928,486,5618.25
POI00001764,PO0000692,PRD00924,380,3584.13
POI00001765,PO0004559,PRD00028,272,9263.48
POI00001766,PO0003140,PRD00871,108,8636.42
POI00001767,PO0007960,PRD00045,154,3578.64
POI00001768,PO0004844,PRD00648,134,4835.26
POI00001769,PO0001149,PRD00357,224,1898.36
POI00001770,PO0002096,PRD00707,219,5200.05
POI00001771,PO0000861,PRD00723,15,642.86
POI00001772,PO0008631,PRD00251,370,3571.32
POI00001773,PO0001022,PRD00508,240,9561.68
POI00001774,PO0004393,PRD00266,213,3637.52
POI00001775,PO0009064,PRD00377,75,14726.74
POI00001776,PO0001369,PRD00697,219,6403.2
POI00001777,PO0001857,PRD00361,491,2128.11
POI00001778,PO0002844,PRD00242,429,9680.92
POI00001779,PO0004484,PRD00473,68,4562.49
POI00001780,PO0007750,PRD00362,261,837.42
POI00001781,PO0009633,PRD00736,400,4572.66
POI00001782,PO0009205,PRD00678,145,815.42
POI00001783,PO0001887,PRD00711,178,14208.1
POI00001784,PO0000273,PRD00768,255,13360.45
POI00001785,PO0009237,PRD00520,276,12944.02
POI00001786,PO0008831,PRD00075,327,3718.44
POI00001787,PO0004660,PRD00597,400,12775.63
POI00001788,PO0003119,PRD00410,499,4563.47
POI00001789,PO0006826,PRD00048,233,1009.0
POI00001790,PO0003274,PRD00614,327,6734.49
POI00001791,PO0002994,PRD00656,206,3059.15
POI00001792,PO0008772,PRD00246,208,12678.87
POI00001793,PO0003057,PRD00630,288,12112.17
POI00001794,PO0009376,PRD00636,73,3410.7
POI00001795,PO0008123,PRD00755,195,12949.63
POI00001796,PO0000489,PRD00832,221,14364.28
POI00001797,PO0007830,PRD00266,430,3637.52
POI00001798,PO0005930,PRD00929,27,2808.45
POI00001799,PO0000659,PRD00016,69,12890.21
POI00001800,PO0002022,PRD00518,206,8231.59
POI00001801,PO0002474,PRD00963,291,8895.2
POI00001802,PO0009341,PRD00305,129,1060.96
POI00001803,PO0004047,PRD00287,284,5325.08
POI00001804,PO0003680,PRD00434,165,7897.25
POI00001805,PO0008663,PRD00886,216,8868.6
POI00001806,PO0003991,PRD00674,294,13022.73
POI00001807,PO0001243,PRD00381,477,2462.98
POI00001808,PO0006986,PRD00387,52,1001.43
POI00001809,PO0009932,PRD00277,360,12187.55
POI00001810,PO0002868,PRD00783,113,6326.48
POI00001811,PO0004484,PRD00769,204,14259.3
POI00001812,PO0001095,PRD00450,27,2755.97
POI00001813,PO0002591,PRD00540,381,3098.59
POI00001814,PO0001455,PRD00151,333,13666.4
POI00001815,PO0001256,PRD00228,485,7076.3
POI00001816,PO0003631,PRD00503,254,8838.11
POI00001817,PO0000374,PRD00096,378,4636.27
POI00001818,PO0001299,PRD00817,193,13482.36
POI00001819,PO0002506,PRD00281,460,12997.71
POI00001820,PO0006122,PRD00810,232,6285.69
POI00001821,PO0009681,PRD00103,92,12413.34
POI00001822,PO0005103,PRD00624,101,5373.69
POI00001823,PO0004666,PRD00056,354,2104.64
POI00001824,PO0003715,PRD00795,13,10383.68
POI00001825,PO0003449,PRD00562,81,329.01
POI00001826,PO0001004,PRD00226,60,7002.18
POI00001827,PO0004076,PRD00901,425,1036.08
POI00001828,PO0002062,PRD00586,192,4430.6
POI00001829,PO0002047,PRD00715,189,7125.52
POI00001830,PO0004469,PRD00689,418,10243.12
POI00001831,PO0008106,PRD00485,157,9733.24
POI00001832,PO0003528,PRD00714,355,7100.41
POI00001833,PO0005632,PRD00041,250,14254.59
POI00001834,PO0002723,PRD00458,116,10221.05
POI00001835,PO0007826,PRD00750,224,6059.6
POI00001836,PO0008461,PRD00967,262,5210.76
POI00001837,PO0002503,PRD00309,158,11535.3
POI00001838,PO0004994,PRD00160,307,2180.09
POI00001839,PO0009058,PRD00360,324,11230.29
POI00001840,PO0008958,PRD00918,173,1087.91
POI00001841,PO0006156,PRD00139,276,11221.75
POI00001842,PO0004105,PRD00608,133,2030.27
POI00001843,PO0009123,PRD00550,90,1100.7
POI00001844,PO0002167,PRD00159,424,11218.67
POI00001845,PO0003523,PRD00862,491,5699.76
POI00001846,PO0005845,PRD00769,500,14259.3
POI00001847,PO0007801,PRD00643,348,5309.18
POI00001848,PO0005686,PRD00602,346,12799.03
POI00001849,PO0003890,PRD00842,118,10426.4
POI00001850,PO0002425,PRD00417,45,13839.61
POI00001851,PO0004238,PRD00097,321,14218.05
POI00001852,PO0003404,PRD00489,142,5226.91
POI00001853,PO0002878,PRD00775,424,1675.87
POI00001854,PO0006065,PRD00269,42,6484.24
POI00001855,PO0008221,PRD00337,49,11344.08
POI00001856,PO0008490,PRD00964,192,7890.02
POI00001857,PO0003982,PRD00875,44,6782.11
POI00001858,PO0000254,PRD00832,462,14364.28
POI00001859,PO0006470,PRD00711,230,14208.1
POI00001860,PO0001737,PRD00055,121,8911.04
POI00001861,PO0006127,PRD00115,182,12984.47
POI00001862,PO0008876,PRD00347,267,2926.5
POI00001863,PO0005557,PRD00793,177,871.73
POI00001864,PO0000667,PRD00274,63,11015.48
POI00001865,PO0002762,PRD00875,87,6782.11
POI00001866,PO0008372,PRD00326,220,12217.09
POI00001867,PO0000658,PRD00860,63,1620.12
POI00001868,PO0005391,PRD00505,173,10107.88
POI00001869,PO0008459,PRD00441,271,3675.25
POI00001870,PO0005673,PRD00570,497,4694.61
POI00001871,PO0003522,PRD00477,215,8916.03
POI00001872,PO0005137,PRD00061,481,14248.21
POI00001873,PO0008421,PRD00116,80,6245.65
POI00001874,PO0000343,PRD00664,122,8624.9
POI00001875,PO0002952,PRD00294,454,7979.54
POI00001876,PO0005182,PRD00010,50,704.09
POI00001877,PO0002026,PRD00485,74,9733.24
POI00001878,PO0008524,PRD00882,122,7275.03
POI00001879,PO0003029,PRD00648,210,4835.26
POI00001880,PO0005206,PRD00914,178,14209.47
POI00001881,PO0009316,PRD00510,442,9321.6
POI00001882,PO0001423,PRD00580,351,13972.91
POI00001883,PO0003892,PRD00325,445,14185.14
POI00001884,PO0002107,PRD00146,444,1182.02
POI00001885,PO0000276,PRD00193,189,1081.63
POI00001886,PO0000513,PRD00747,481,1497.38
POI00001887,PO0000180,PRD00794,356,14754.3
POI00001888,PO0004571,PRD00230,29,928.8
POI00001889,PO0000689,PRD00540,498,3098.59
POI00001890,PO0009419,PRD00623,81,11479.62
POI00001891,PO0006061,PRD00535,164,12386.73
POI00001892,PO0007853,PRD00803,17,4469.13
POI00001893,PO0002052,PRD00895,496,8698.56
POI00001894,PO0008108,PRD00245,427,2944.72
POI00001895,PO0009722,PRD00807,376,13935.13
POI00001896,PO0004781,PRD00567,445,8082.94
POI00001897,PO0002706,PRD00908,453,5348.66
POI00001898,PO0000384,PRD00264,255,12537.65
POI00001899,PO0001393,PRD00871,343,8636.42
POI00001900,PO0009219,PRD00715,232,7125.52
POI00001901,PO0009896,PRD00795,45,10383.68
POI00001902,PO0005220,PRD00152,489,9137.41
POI00001903,PO0004360,PRD00841,463,13509.77
POI00001904,PO0008448,PRD00805,324,6473.34
POI00001905,PO0006322,PRD00154,288,9453.46
POI00001906,PO0008051,PRD00581,111,3429.77
POI00001907,PO0006869,PRD00090,167,7083.4
POI00001908,PO0006188,PRD00827,201,10537.16
POI00001909,PO0008210,PRD00930,315,3393.62
POI00001910,PO0000508,PRD00388,467,2534.89
POI00001911,PO0006361,PRD00388,304,2534.89
POI00001912,PO0003120,PRD00979,251,3320.45
POI00001913,PO0002865,PRD00314,11,8909.78
POI00001914,PO0002697,PRD00709,197,12622.33
POI00001915,PO0004650,PRD00731,139,8878.22
POI00001916,PO0001460,PRD00087,369,2757.27
POI00001917,PO0005276,PRD00142,321,3723.43
POI00001918,PO0005003,PRD00088,314,759.09
POI00001919,PO0007935,PRD00466,429,10894.67
POI00001920,PO0007356,PRD00326,476,12217.09
POI00001921,PO0001112,PRD00122,318,7515.76
POI00001922,PO0001629,PRD00831,175,14405.2
POI00001923,PO0000406,PRD00688,274,5575.81
POI00001924,PO0006352,PRD00779,45,14460.71
POI00001925,PO0003466,PRD00008,106,8448.73
POI00001926,PO0009858,PRD00023,148,3880.46
POI00001927,PO0007964,PRD00744,231,13579.31
POI00001928,PO0004262,PRD00280,142,626.38
POI00001929,PO0002214,PRD00372,47,12777.81
POI00001930,PO0004824,PRD00448,338,3508.12
POI00001931,PO0007816,PRD00544,103,6484.13
POI00001932,PO0008749,PRD00607,169,12074.14
POI00001933,PO0009621,PRD00801,482,12463.35
POI00001934,PO0006594,PRD00137,500,14315.76
POI00001935,PO0009402,PRD00274,88,11015.48
POI00001936,PO0000425,PRD00352,54,10163.96
POI00001937,PO0005850,PRD00214,73,11225.45
POI00001938,PO0003656,PRD00719,302,9495.01
POI00001939,PO0008716,PRD00982,90,2789.53
POI00001940,PO0000065,PRD00533,233,10985.5
POI00001941,PO0002856,PRD00404,467,3670.74
POI00001942,PO0009415,PRD00499,84,5881.43
POI00001943,PO0005824,PRD00242,303,9680.92
POI00001944,PO0007850,PRD00727,84,1054.08
POI00001945,PO0002006,PRD00051,41,8110.25
POI00001946,PO0004914,PRD00438,399,314.72
POI00001947,PO0002009,PRD00555,332,9697.74
POI00001948,PO0002533,PRD00768,468,13360.45
POI00001949,PO0008732,PRD00651,424,6515.34
POI00001950,PO0000594,PRD00452,409,2503.76
POI00001951,PO0007708,PRD00912,81,13951.33
POI00001952,PO0003682,PRD00066,407,1213.87
POI00001953,PO0009903,PRD00945,112,3955.76
POI00001954,PO0009577,PRD00693,232,12868.1
POI00001955,PO0003359,PRD00243,454,9718.69
POI00001956,PO0000840,PRD00589,291,13991.37
POI00001957,PO0006675,PRD00123,251,6279.12
POI00001958,PO0005802,PRD00336,445,14628.24
POI00001959,PO0007121,PRD00962,56,8264.3
POI00001960,PO0008411,PRD00412,294,14128.47
POI00001961,PO0005570,PRD00306,260,7923.38
POI00001962,PO0004797,PRD00417,379,13839.61
POI00001963,PO0001505,PRD00784,272,4162.05
POI00001964,PO0000843,PRD00807,349,13935.13
POI00001965,PO0001563,PRD00963,299,8895.2
POI00001966,PO0000963,PRD00074,401,12787.56
POI00001967,PO0009152,PRD00463,396,6510.21
POI00001968,PO0002766,PRD00678,440,815.42
POI00001969,PO0006724,PRD00729,22,5440.02
POI00001970,PO0005946,PRD00723,154,642.86
POI00001971,PO0009963,PRD00471,185,1676.03
POI00001972,PO0008734,PRD00398,360,1850.01
POI00001973,PO0006786,PRD00402,363,2394.41
POI00001974,PO0006688,PRD00882,128,7275.03
POI00001975,PO0000710,PRD00276,174,12469.32
POI00001976,PO0009928,PRD00060,12,9780.15
POI00001977,PO0003791,PRD00417,216,13839.61
POI00001978,PO0003944,PRD00356,284,5284.14
POI00001979,PO0004071,PRD00170,325,12518.7
POI00001980,PO0006365,PRD00172,345,1562.37
POI00001981,PO0001958,PRD00867,465,2868.63
POI00001982,PO0002233,PRD00281,214,12997.71
POI00001983,PO0001010,PRD00162,320,287.67
POI00001984,PO0006591,PRD00272,32,5905.57
POI00001985,PO0000180,PRD00644,412,5838.18
POI00001986,PO0001051,PRD00411,344,9419.82
POI00001987,PO0004601,PRD00493,494,4838.13
POI00001988,PO0003490,PRD00302,276,7670.64
POI00001989,PO0008349,PRD00508,66,9561.68
POI00001990,PO0008949,PRD00679,386,5120.96
POI00001991,PO0001654,PRD00880,443,12411.59
POI00001992,PO0003983,PRD00937,209,5526.96
POI00001993,PO0009114,PRD00225,222,11422.41
POI00001994,PO0006332,PRD00033,230,12290.88
POI00001995,PO0000587,PRD00409,111,13153.77
POI00001996,PO0002660,PRD00573,61,5628.29
POI00001997,PO0005353,PRD00100,228,3533.63
POI00001998,PO0008850,PRD00746,375,5454.4
POI00001999,PO0003612,PRD00191,70,6029.05
POI00002000,PO0004902,PRD00919,434,12018.41
POI00002001,PO0003373,PRD00157,257,3075.86
POI00002002,PO0000215,PRD00358,207,14322.76
POI00002003,PO0001039,PRD00689,163,10243.12
POI00002004,PO0003663,PRD00022,213,6591.0
POI00002005,PO0001929,PRD00093,16,12182.24
POI00002006,PO0001108,PRD00579,33,3728.71
POI00002007,PO0005155,PRD00748,490,9977.26
POI00002008,PO0002860,PRD00248,162,2381.45
POI00002009,PO0003965,PRD00401,343,8016.45
POI00002010,PO0004562,PRD00139,417,11221.75
POI00002011,PO0002812,PRD00478,387,14298.83
POI00002012,PO0006222,PRD00910,102,10913.99
POI00002013,PO0007180,PRD00024,285,5514.18
POI00002014,PO0000050,PRD00887,233,6428.3
POI00002015,PO0004068,PRD00740,191,5420.19
POI00002016,PO0000782,PRD00744,18,13579.31
POI00002017,PO0002948,PRD00373,78,5013.81
POI00002018,PO0008851,PRD00433,238,10827.08
POI00002019,PO0007888,PRD00278,497,4458.16
POI00002020,PO0007589,PRD00617,378,9490.86
POI00002021,PO0009484,PRD00432,362,6955.57
POI00002022,PO0001103,PRD00804,118,14440.13
POI00002023,PO0007222,PRD00962,346,8264.3
POI00002024,PO0007742,PRD00861,121,12536.29
POI00002025,PO0006759,PRD00927,62,9238.3
POI00002026,PO0004118,PRD00678,226,815.42
POI00002027,PO0001078,PRD00627,467,8481.58
POI00002028,PO0009184,PRD00073,399,7015.92
POI00002029,PO0006573,PRD00278,168,4458.16
POI00002030,PO0004286,PRD00798,410,10418.61
POI00002031,PO0002733,PRD00902,193,10889.46
POI00002032,PO0009735,PRD00576,177,6871.55
POI00002033,PO0005885,PRD00772,99,11409.05
POI00002034,PO0002358,PRD00197,396,14528.51
POI00002035,PO0005672,PRD00700,288,8456.94
POI00002036,PO0005310,PRD00320,227,1168.76
POI00002037,PO0000197,PRD00208,352,10135.61
POI00002038,PO0004524,PRD00958,239,1630.61
POI00002039,PO0000856,PRD00394,41,14023.98
POI00002040,PO0000706,PRD00815,152,5837.27
POI00002041,PO0000407,PRD00460,102,5749.6
POI00002042,PO0005069,PRD00017,114,12322.4
POI00002043,PO0007278,PRD00923,443,14211.0
POI00002044,PO0006278,PRD00483,412,8191.19
POI00002045,PO0003799,PRD00755,292,12949.63
POI00002046,PO0002177,PRD00664,446,8624.9
POI00002047,PO0000559,PRD00605,120,3961.69
POI00002048,PO0008610,PRD00977,294,14587.2
POI00002049,PO0005762,PRD00212,466,194.69
POI00002050,PO0000308,PRD00949,10,13353.32
POI00002051,PO0007491,PRD00264,264,12537.65
POI00002052,PO0003978,PRD00260,436,500.56
POI00002053,PO0003201,PRD00682,393,9106.29
POI00002054,PO0000681,PRD00792,341,12139.91
POI00002055,PO0009342,PRD00845,420,2083.84
POI00002056,PO0006470,PRD00800,186,273.44
POI00002057,PO0004388,PRD00542,246,3815.81
POI00002058,PO0006076,PRD00684,197,7767.82
POI00002059,PO0004761,PRD00462,108,5449.97
POI00002060,PO0006749,PRD00282,152,6599.31
POI00002061,PO0004424,PRD00326,327,12217.09
POI00002062,PO0005199,PRD00203,384,171.1
POI00002063,PO0003219,PRD00301,358,10700.19
POI00002064,PO0003510,PRD00966,317,6230.08
POI00002065,PO0003383,PRD00437,13,981.92
POI00002066,PO0008140,PRD00104,77,8958.06
POI00002067,PO0007080,PRD00963,404,8895.2
POI00002068,PO0005662,PRD00190,287,6496.64
POI00002069,PO0009389,PRD00867,25,2868.63
POI00002070,PO0006036,PRD00196,240,6209.26
POI00002071,PO0007377,PRD00799,353,14353.99
POI00002072,PO0008350,PRD00209,347,9137.57
POI00002073,PO0005968,PRD00076,116,5099.04
POI00002074,PO0002033,PRD00425,40,7731.22
POI00002075,PO0009890,PRD00395,283,6180.29
POI00002076,PO0001015,PRD00036,485,10797.72
POI00002077,PO0000704,PRD00345,56,10843.29
POI00002078,PO0002352,PRD00127,348,12989.69
POI00002079,PO0000121,PRD00782,58,9890.23
POI00002080,PO0000787,PRD00819,306,9433.84
POI00002081,PO0006319,PRD00732,220,5677.87
POI00002082,PO0000603,PRD00044,424,9431.09
POI00002083,PO0005319,PRD00717,263,5192.63
POI00002084,PO0006578,PRD00575,40,4003.21
POI00002085,PO0005887,PRD00114,206,6866.0
POI00002086,PO0002056,PRD00949,81,13353.32
POI00002087,PO0001045,PRD00632,131,12709.49
POI00002088,PO0001401,PRD00282,244,6599.31
POI00002089,PO0000109,PRD00864,24,5345.24
POI00002090,PO0008532,PRD00494,482,12749.77
POI00002091,PO0005940,PRD00795,484,10383.68
POI00002092,PO0005588,PRD00113,450,4380.21
POI00002093,PO0009931,PRD00841,197,13509.77
POI00002094,PO0001348,PRD00182,435,11205.33
POI00002095,PO0006394,PRD00269,350,6484.24
POI00002096,PO0005386,PRD00563,344,13844.88
POI00002097,PO0008965,PRD00223,188,13596.37
POI00002098,PO0009842,PRD00392,155,5987.55
POI00002099,PO0001305,PRD00010,145,704.09
POI00002100,PO0006737,PRD00276,106,12469.32
POI00002101,PO0003855,PRD00016,339,12890.21
POI00002102,PO0001045,PRD00212,450,194.69
POI00002103,PO0006864,PRD00587,135,7001.79
POI00002104,PO0000005,PRD00567,300,8082.94
POI00002105,PO0009808,PRD00876,137,12469.02
POI00002106,PO0004583,PRD00678,284,815.42
POI00002107,PO0007544,PRD00554,418,5324.91
POI00002108,PO0000376,PRD00394,267,14023.98
POI00002109,PO0000419,PRD00273,314,3864.46
POI00002110,PO0000333,PRD00976,95,4864.0
POI00002111,PO0000251,PRD00174,18,1447.77
POI00002112,PO0006094,PRD00118,245,13920.88
POI00002113,PO0005051,PRD00578,261,3487.79
POI00002114,PO0007116,PRD00631,104,968.57
POI00002115,PO0002949,PRD00723,435,642.86
POI00002116,PO0006160,PRD00825,334,6540.73
POI00002117,PO0000077,PRD00564,66,9458.27
POI00002118,PO0000769,PRD00389,91,10776.42
POI00002119,PO0008136,PRD00718,389,12946.92
POI00002120,PO0008527,PRD00493,156,4838.13
POI00002121,PO0005361,PRD00376,215,7767.99
POI00002122,PO0005191,PRD00266,54,3637.52
POI00002123,PO0001415,PRD00884,47,5606.03
POI00002124,PO0003829,PRD00100,274,3533.63
POI00002125,PO0005490,PRD00569,247,1366.29
POI00002126,PO0003413,PRD00699,360,8800.55
POI00002127,PO0004641,PRD00181,43,2679.75
POI00002128,PO0005363,PRD00953,361,4127.02
POI00002129,PO0003633,PRD00736,68,4572.66
POI00002130,PO0005650,PRD00521,92,3211.38
POI00002131,PO0001456,PRD00315,500,12650.55
POI00002132,PO0006852,PRD00219,94,12493.83
POI00002133,PO0007302,PRD00054,29,13799.56
POI00002134,PO0007834,PRD00738,409,7712.85
POI00002135,PO0002924,PRD00155,214,11846.07
POI00002136,PO0003286,PRD00411,394,9419.82
POI00002137,PO0006712,PRD00422,34,13723.46
POI00002138,PO0007250,PRD00089,178,9597.02
POI00002139,PO0006371,PRD00343,330,10133.19
POI00002140,PO0001396,PRD00362,185,837.42
POI00002141,PO0009503,PRD00286,383,4652.92
POI00002142,PO0003056,PRD00571,302,268.96
POI00002143,PO0000755,PRD00652,459,879.05
POI00002144,PO0001911,PRD00867,458,2868.63
POI00002145,PO0007248,PRD00069,80,9949.9
POI00002146,PO0007384,PRD00708,108,13605.38
POI00002147,PO0004218,PRD00158,480,12470.65
POI00002148,PO0004339,PRD00140,441,6699.68
POI00002149,PO0008655,PRD00187,231,4183.24
POI00002150,PO0005620,PRD00657,261,14657.7
POI00002151,PO0008976,PRD00676,156,4189.18
POI00002152,PO0001028,PRD00063,256,7018.31
POI00002153,PO0003162,PRD00722,106,9531.63
POI00002154,PO0006862,PRD00270,494,2874.72
POI00002155,PO0002699,PRD00126,29,12322.6
POI00002156,PO0008989,PRD00647,96,2506.84
POI00002157,PO0002836,PRD00379,410,8770.31
POI00002158,PO0007234,PRD00312,386,3819.03
POI00002159,PO0006530,PRD00678,457,815.42
POI00002160,PO0005646,PRD00525,368,14289.77
POI00002161,PO0007691,PRD00455,361,3543.59
POI00002162,PO0009157,PRD00999,123,8190.82
POI00002163,PO0009720,PRD00583,354,2755.82
POI00002164,PO0006629,PRD00869,473,7264.23
POI00002165,PO0003216,PRD00380,461,10416.11
POI00002166,PO0005757,PRD00044,170,9431.09
POI00002167,PO0008572,PRD00946,307,5214.57
POI00002168,PO0007316,PRD00620,445,517.21
POI00002169,PO0001437,PRD00021,253,650.8
POI00002170,PO0001874,PRD00991,243,5985.46
POI00002171,PO0008899,PRD00969,464,11985.63
POI00002172,PO0003184,PRD00356,253,5284.14
POI00002173,PO0001264,PRD00744,161,13579.31
POI00002174,PO0009749,PRD00092,237,1185.31
POI00002175,PO0004487,PRD00182,238,11205.33
POI00002176,PO0000704,PRD00100,269,3533.63
POI00002177,PO0004958,PRD00700,407,8456.94
POI00002178,PO0009685,PRD00674,472,13022.73
POI00002179,PO0006187,PRD00932,464,12917.17
POI00002180,PO0008059,PRD00792,476,12139.91
POI00002181,PO0004788,PRD00643,67,5309.18
POI00002182,PO0008454,PRD00456,182,14536.29
POI00002183,PO0004081,PRD00350,108,7818.75
POI00002184,PO0002160,PRD00610,314,3030.44
POI00002185,PO0002586,PRD00108,452,14993.62
POI00002186,PO0001205,PRD00295,260,14410.96
POI00002187,PO0006540,PRD00562,194,329.01
POI00002188,PO0000498,PRD00475,61,14519.03
POI00002189,PO0000215,PRD00907,146,14636.64
POI00002190,PO0003041,PRD00419,298,13114.42
POI00002191,PO0000609,PRD00810,473,6285.69
POI00002192,PO0006587,PRD00372,280,12777.81
POI00002193,PO0007515,PRD00330,56,4277.84
POI00002194,PO0001749,PRD00646,372,11847.85
POI00002195,PO0003360,PRD00008,38,8448.73
POI00002196,PO0008103,PRD00690,230,2729.55
POI00002197,PO0009525,PRD00518,193,8231.59
POI00002198,PO0006473,PRD00017,60,12322.4
POI00002199,PO0004798,PRD00751,299,10373.34
POI00002200,PO0003282,PRD00236,284,5509.36
POI00002201,PO0005201,PRD00367,364,13626.42
POI00002202,PO0008750,PRD00175,259,834.63
POI00002203,PO0009320,PRD00053,62,10059.59
POI00002204,PO0000699,PRD00092,242,1185.31
POI00002205,PO0003737,PRD00949,199,13353.32
POI00002206,PO0005889,PRD00901,204,1036.08
POI00002207,PO0002977,PRD00582,87,12403.88
POI00002208,PO0001187,PRD00714,95,7100.41
POI00002209,PO0008080,PRD00861,492,12536.29
POI00002210,PO0003537,PRD00514,395,4437.98
POI00002211,PO0002645,PRD00672,417,1758.78
POI00002212,PO0009347,PRD00394,94,14023.98
POI00002213,PO0004422,PRD00416,178,5875.21
POI00002214,PO0002318,PRD00153,237,10192.25
POI00002215,PO0007946,PRD00258,482,13278.68
POI00002216,PO0008703,PRD00219,65,12493.83
POI00002217,PO0006643,PRD00585,463,4963.33
POI00002218,PO0000582,PRD00664,207,8624.9
POI00002219,PO0003794,PRD00386,222,7920.56
POI00002220,PO0007892,PRD00233,57,9106.69
POI00002221,PO0008600,PRD00840,289,1992.97
POI00002222,PO0008480,PRD00434,216,7897.25
POI00002223,PO0008053,PRD00152,77,9137.41
POI00002224,PO0005859,PRD00353,117,9182.34
POI00002225,PO0008003,PRD00894,388,2746.5
POI00002226,PO0000667,PRD00028,33,9263.48
POI00002227,PO0006937,PRD00194,189,11189.27
POI00002228,PO0007999,PRD00660,64,745.68
POI00002229,PO0002083,PRD00806,447,164.23
POI00002230,PO0003487,PRD00832,45,14364.28
POI00002231,PO0007812,PRD00428,219,322.0
POI00002232,PO0001520,PRD00524,364,4908.91
POI00002233,PO0002427,PRD00942,351,11797.17
POI00002234,PO0006242,PRD00804,492,14440.13
POI00002235,PO0006158,PRD00278,99,4458.16
POI00002236,PO0009502,PRD00887,334,6428.3
POI00002237,PO0006189,PRD00770,264,12677.22
POI00002238,PO0006184,PRD00495,447,13954.44
POI00002239,PO0007674,PRD00004,326,10337.46
POI00002240,PO0001486,PRD00583,321,2755.82
POI00002241,PO0001043,PRD00587,448,7001.79
POI00002242,PO0008588,PRD00063,15,7018.31
POI00002243,PO0009613,PRD00853,267,2077.51
POI00002244,PO0006994,PRD00035,45,9200.21
POI00002245,PO0003776,PRD00391,136,8417.25
POI00002246,PO0004702,PRD00404,49,3670.74
POI00002247,PO0005751,PRD00091,277,14120.67
POI00002248,PO0000234,PRD00351,416,4761.19
POI00002249,PO0005442,PRD00805,135,6473.34
POI00002250,PO0000434,PRD00585,71,4963.33
POI00002251,PO0007397,PRD00962,492,8264.3
POI00002252,PO0001827,PRD00765,255,1393.26
POI00002253,PO0002172,PRD00051,440,8110.25
POI00002254,PO0008619,PRD00387,141,1001.43
POI00002255,PO0002224,PRD00865,249,13316.61
POI00002256,PO0005258,PRD00567,78,8082.94
POI00002257,PO0001537,PRD00739,282,7506.27
POI00002258,PO0005032,PRD00405,307,8998.95
POI00002259,PO0006168,PRD00565,445,1309.82
POI00002260,PO0001667,PRD00336,36,14628.24
POI00002261,PO0003815,PRD00470,359,10835.82
POI00002262,PO0002822,PRD00905,355,2985.62
POI00002263,PO0005634,PRD00227,257,12974.56
POI00002264,PO0009966,PRD00128,110,8314.61
POI00002265,PO0002697,PRD00856,411,11059.92
POI00002266,PO0008081,PRD00564,137,9458.27
POI00002267,PO0003908,PRD00941,53,2714.98
POI00002268,PO0009537,PRD00737,495,9372.14
POI00002269,PO0002248,PRD00761,291,9679.51
POI00002270,PO0003932,PRD00278,193,4458.16
POI00002271,PO0001792,PRD00332,381,13246.24
POI00002272,PO0002074,PRD00495,347,13954.44
POI00002273,PO0007622,PRD00184,82,6913.99
POI00002274,PO0001176,PRD00289,335,5500.6
POI00002275,PO0000364,PRD00539,413,13947.14
POI00002276,PO0005083,PRD00257,466,12479.22
POI00002277,PO0001848,PRD00629,199,377.33
POI00002278,PO0003117,PRD00575,238,4003.21
POI00002279,PO0000448,PRD00116,473,6245.65
POI00002280,PO0003378,PRD00531,124,7772.95
POI00002281,PO0008887,PRD00897,486,11763.99
POI00002282,PO0003340,PRD00660,148,745.68
POI00002283,PO0009172,PRD00447,115,8522.58
POI00002284,PO0008331,PRD00744,204,13579.31
POI00002285,PO0003337,PRD00387,287,1001.43
POI00002286,PO0001421,PRD00293,187,14236.45
POI00002287,PO0002013,PRD00497,351,9476.02
POI00002288,PO0003100,PRD00763,239,5016.95
POI00002289,PO0001662,PRD00420,368,7232.56
POI00002290,PO0006985,PRD00954,136,6256.72
POI00002291,PO0002838,PRD00961,69,12916.7
POI00002292,PO0003547,PRD00563,263,13844.88
POI00002293,PO0008611,PRD00084,324,1880.19
POI00002294,PO0000523,PRD00105,388,7072.97
POI00002295,PO0004035,PRD00767,38,8392.39
POI00002296,PO0007780,PRD00669,18,4850.66
POI00002297,PO0005109,PRD00156,320,1424.79
POI00002298,PO0002248,PRD00107,240,9087.41
POI00002299,PO0002954,PRD00367,466,13626.42
POI00002300,PO0006469,PRD00333,123,755.02
POI00002301,PO0008343,PRD00189,119,1559.74
POI00002302,PO0003882,PRD00332,334,13246.24
POI00002303,PO0004459,PRD00764,347,6096.89
POI00002304,PO0007964,PRD00731,28,8878.22
POI00002305,PO0008770,PRD00037,199,9868.39
POI00002306,PO0004549,PRD00097,379,14218.05
POI00002307,PO0006193,PRD00903,174,10697.16
POI00002308,PO0005593,PRD00502,317,7953.51
POI00002309,PO0003260,PRD00152,488,9137.41
POI00002310,PO0000492,PRD00641,20,5254.41
POI00002311,PO0001942,PRD00270,162,2874.72
POI00002312,PO0002942,PRD00159,167,11218.67
POI00002313,PO0006647,PRD00006,60,12453.87
POI00002314,PO0000554,PRD00399,442,10939.64
POI00002315,PO0003193,PRD00896,297,12836.58
POI00002316,PO0006312,PRD00077,271,3244.83
POI00002317,PO0009103,PRD00383,250,3349.4
POI00002318,PO0004795,PRD00217,21,12942.68
POI00002319,PO0001230,PRD00234,70,12179.62
POI00002320,PO0000298,PRD00843,442,14383.19
POI00002321,PO0006753,PRD00319,184,3733.58
POI00002322,PO0009904,PRD00443,242,8509.83
POI00002323,PO0000499,PRD00693,137,12868.1
POI00002324,PO0004863,PRD00335,123,12393.64
POI00002325,PO0000839,PRD00572,227,14299.0
POI00002326,PO0003218,PRD00479,151,11981.47
POI00002327,PO0004328,PRD00596,77,6569.94
POI00002328,PO0001697,PRD00991,380,5985.46
POI00002329,PO0008315,PRD00381,92,2462.98
POI00002330,PO0004767,PRD00792,438,12139.91
POI00002331,PO0001960,PRD00218,137,4399.57
POI00002332,PO0001508,PRD00163,179,8801.64
POI00002333,PO0005711,PRD00830,168,8039.34
POI00002334,PO0005491,PRD00824,497,13671.92
POI00002335,PO0003754,PRD00922,308,7190.21
POI00002336,PO0007562,PRD00584,162,13164.71
POI00002337,PO0006683,PRD00998,482,8420.65
POI00002338,PO0003473,PRD00852,339,9836.31
POI00002339,PO0008971,PRD00909,135,11074.93
POI00002340,PO0007790,PRD00634,335,11006.69
POI00002341,PO0003548,PRD00327,119,11465.77
POI00002342,PO0005882,PRD00099,176,6175.08
POI00002343,PO0009057,PRD00184,173,6913.99
POI00002344,PO0003127,PRD00383,101,3349.4
POI00002345,PO0000860,PRD00501,273,4943.69
POI00002346,PO0003045,PRD00226,422,7002.18
POI00002347,PO0001112,PRD00013,100,14644.99
POI00002348,PO0002200,PRD00561,391,5531.95
POI00002349,PO0004996,PRD00011,208,10256.43
POI00002350,PO0004252,PRD00038,109,11694.03
POI00002351,PO0003040,PRD00213,241,11481.28
POI00002352,PO0007943,PRD00414,418,3675.25
POI00002353,PO0000433,PRD00384,24,6284.42
POI00002354,PO0004051,PRD00536,141,5119.31
POI00002355,PO0009518,PRD00412,173,14128.47
POI00002356,PO0006497,PRD00976,426,4864.0
POI00002357,PO0004749,PRD00135,223,7084.8
POI00002358,PO0003301,PRD00104,230,8958.06
POI00002359,PO0006879,PRD00656,416,3059.15
POI00002360,PO0005550,PRD00181,188,2679.75
POI00002361,PO0009968,PRD00852,11,9836.31
POI00002362,PO0005976,PRD00046,254,2330.39
POI00002363,PO0003193,PRD00198,10,2388.57
POI00002364,PO0007051,PRD00485,141,9733.24
POI00002365,PO0007553,PRD00255,257,13121.82
POI00002366,PO0009141,PRD00536,121,5119.31
POI00002367,PO0003343,PRD00182,107,11205.33
POI00002368,PO0006780,PRD00267,481,1734.0
POI00002369,PO0000309,PRD00621,335,7979.13
POI00002370,PO0008700,PRD00889,170,161.6
POI00002371,PO0009583,PRD00865,64,13316.61
POI00002372,PO0008620,PRD00271,264,14304.78
POI00002373,PO0003717,PRD00965,229,8131.85
POI00002374,PO0000213,PRD00197,407,14528.51
POI00002375,PO0000346,PRD00294,253,7979.54
POI00002376,PO0009824,PRD00869,462,7264.23
POI00002377,PO0005269,PRD00465,28,12966.68
POI00002378,PO0007971,PRD00083,189,5329.01
POI00002379,PO0003076,PRD00073,33,7015.92
POI00002380,PO0008097,PRD00461,426,4804.84
POI00002381,PO0000940,PRD00802,55,11346.21
POI00002382,PO0000072,PRD00335,460,12393.64
POI00002383,PO0001180,PRD00987,341,9467.13
POI00002384,PO0009636,PRD00422,422,13723.46
POI00002385,PO0009782,PRD00731,428,8878.22
POI00002386,PO0006208,PRD00932,11,12917.17
POI00002387,PO0006718,PRD00438,496,314.72
POI00002388,PO0008295,PRD00602,80,12799.03
POI00002389,PO0000169,PRD00250,483,14546.26
POI00002390,PO0006434,PRD00091,404,14120.67
POI00002391,PO0006090,PRD00768,125,13360.45
POI00002392,PO0001305,PRD00331,43,4343.37
POI00002393,PO0004391,PRD00927,147,9238.3
POI00002394,PO0003683,PRD00017,165,12322.4
POI00002395,PO0000840,PRD00076,468,5099.04
POI00002396,PO0005858,PRD00454,397,7551.83
POI00002397,PO0002422,PRD00077,251,3244.83
POI00002398,PO0003944,PRD00792,365,12139.91
POI00002399,PO0005257,PRD00142,284,3723.43
POI00002400,PO0005644,PRD00033,116,12290.88
POI00002401,PO0004984,PRD00447,216,8522.58
POI00002402,PO0004505,PRD00547,402,10434.94
POI00002403,PO0006744,PRD00848,79,13378.15
POI00002404,PO0005804,PRD00941,27,2714.98
POI00002405,PO0006125,PRD00722,454,9531.63
POI00002406,PO0007179,PRD00688,50,5575.81
POI00002407,PO0002694,PRD00282,485,6599.31
POI00002408,PO0009423,PRD00779,64,14460.71
POI00002409,PO0003927,PRD00868,282,9943.76
POI00002410,PO0002904,PRD00158,313,12470.65
POI00002411,PO0008688,PRD00337,169,11344.08
POI00002412,PO0004224,PRD00687,417,6890.21
POI00002413,PO0004275,PRD00342,323,10654.4
POI00002414,PO0006420,PRD00500,255,8694.03
POI00002415,PO0004321,PRD00159,273,11218.67
POI00002416,PO0005445,PRD00243,329,9718.69
POI00002417,PO0004773,PRD00727,362,1054.08
POI00002418,PO0007170,PRD00078,31,8372.4
POI00002419,PO0003792,PRD00388,311,2534.89
POI00002420,PO0005731,PRD00813,432,1791.65
POI00002421,PO0000346,PRD00839,104,1545.18
POI00002422,PO0005293,PRD00456,62,14536.29
POI00002423,PO0005181,PRD00361,195,2128.11
POI00002424,PO0007961,PRD00011,142,10256.43
POI00002425,PO0002653,PRD00444,20,9833.74
POI00002426,PO0001935,PRD00001,250,9837.33
POI00002427,PO0005181,PRD00789,242,7598.09
POI00002428,PO0001676,PRD00715,324,7125.52
POI00002429,PO0008884,PRD00964,89,7890.02
POI00002430,PO0007753,PRD00898,324,11808.33
POI00002431,PO0004597,PRD00259,491,7569.95
POI00002432,PO0001557,PRD00045,192,3578.64
POI00002433,PO0007246,PRD00535,115,12386.73
POI00002434,PO0003583,PRD00460,129,5749.6
POI00002435,PO0006045,PRD00494,62,12749.77
POI00002436,PO0003189,PRD00131,127,5840.29
POI00002437,PO0001388,PRD00448,19,3508.12
POI00002438,PO0004662,PRD00226,23,7002.18
POI00002439,PO0003381,PRD00708,302,13605.38
POI00002440,PO0001140,PRD00608,488,2030.27
POI00002441,PO0009790,PRD00057,468,4964.1
POI00002442,PO0002636,PRD00703,220,2890.33
POI00002443,PO0008196,PRD00670,465,8380.95
POI00002444,PO0007399,PRD00249,332,10840.05
POI00002445,PO0007698,PRD00322,179,11034.26
POI00002446,PO0008809,PRD00503,47,8838.11
POI00002447,PO0004451,PRD00111,215,14538.3
POI00002448,PO0001949,PRD00236,216,5509.36
POI00002449,PO0007395,PRD00141,205,11958.46
POI00002450,PO0002964,PRD00041,218,14254.59
POI00002451,PO0007720,PRD00342,11,10654.4
POI00002452,PO0003467,PRD00982,15,2789.53
POI00002453,PO0006202,PRD00240,441,1296.01
POI00002454,PO0005428,PRD00415,414,13727.94
POI00002455,PO0000108,PRD00337,359,11344.08
POI00002456,PO0004055,PRD00111,10,14538.3
POI00002457,PO0002823,PRD00187,351,4183.24
POI00002458,PO0000530,PRD00611,56,1908.11
POI00002459,PO0001260,PRD00539,449,13947.14
POI00002460,PO0002794,PRD00790,421,11430.76
POI00002461,PO0004023,PRD00203,489,171.1
POI00002462,PO0000318,PRD00241,482,2003.96
POI00002463,PO0007966,PRD00469,155,4552.3
POI00002464,PO0009378,PRD00062,162,3639.09
POI00002465,PO0001052,PRD00809,152,7918.89
POI00002466,PO0009449,PRD00580,160,13972.91
POI00002467,PO0004528,PRD00160,436,2180.09
POI00002468,PO0001118,PRD00078,88,8372.4
POI00002469,PO0002675,PRD00647,349,2506.84
POI00002470,PO0000342,PRD00549,234,2125.97
POI00002471,PO0003457,PRD00723,150,642.86
POI00002472,PO0005770,PRD00337,410,11344.08
POI00002473,PO0000854,PRD00830,377,8039.34
POI00002474,PO0006755,PRD00125,65,12971.28
POI00002475,PO0001179,PRD00759,470,6538.09
POI00002476,PO0005361,PRD00982,212,2789.53
POI00002477,PO0004220,PRD00109,311,11465.59
POI00002478,PO0003291,PRD00030,171,7017.62
POI00002479,PO0005993,PRD00110,289,13747.81
POI00002480,PO0004875,PRD00592,76,14420.88
POI00002481,PO0004220,PRD00636,378,3410.7
POI00002482,PO0006273,PRD00413,151,6171.23
POI00002483,PO0000783,PRD00136,264,9775.56
POI00002484,PO0006622,PRD00798,281,10418.61
POI00002485,PO0005986,PRD00463,133,6510.21
POI00002486,PO0006489,PRD00343,249,10133.19
POI00002487,PO0002059,PRD00684,454,7767.82
POI00002488,PO0001076,PRD00657,318,14657.7
POI00002489,PO0008382,PRD00746,412,5454.4
POI00002490,PO0001337,PRD00946,143,5214.57
POI00002491,PO0006180,PRD00492,279,5276.64
POI00002492,PO0002773,PRD00215,145,7543.91
POI00002493,PO0002394,PRD00698,387,3335.68
POI00002494,PO0002763,PRD00486,37,14504.82
POI00002495,PO0009603,PRD00906,172,9258.63
POI00002496,PO0003858,PRD00222,444,1219.58
POI00002497,PO0006582,PRD00794,254,14754.3
POI00002498,PO0001731,PRD00644,273,5838.18
POI00002499,PO0006039,PRD00357,94,1898.36
POI00002500,PO0003151,PRD00768,186,13360.45
POI00002501,PO0000937,PRD00423,260,13733.69
POI00002502,PO0003940,PRD00995,51,1957.35
POI00002503,PO0002360,PRD00267,485,1734.0
POI00002504,PO0003984,PRD00200,333,12689.72
POI00002505,PO0008310,PRD00089,130,9597.02
POI00002506,PO0007261,PRD00982,39,2789.53
POI00002507,PO0000219,PRD00910,190,10913.99
POI00002508,PO0002813,PRD00253,160,11689.61
POI00002509,PO0006864,PRD00137,202,14315.76
POI00002510,PO0009321,PRD00498,161,515.55
POI00002511,PO0004515,PRD00886,121,8868.6
POI00002512,PO0005805,PRD00523,371,12097.17
POI00002513,PO0004361,PRD00036,330,10797.72
POI00002514,PO0003313,PRD00853,489,2077.51
POI00002515,PO0005432,PRD00386,279,7920.56
POI00002516,PO0006843,PRD00569,500,1366.29
POI00002517,PO0003263,PRD00005,302,13587.62
POI00002518,PO0001184,PRD00348,68,10382.26
POI00002519,PO0005842,PRD00461,176,4804.84
POI00002520,PO0001398,PRD00486,219,14504.82
POI00002521,PO0007739,PRD00216,104,12937.52
POI00002522,PO0001276,PRD00129,116,14713.16
POI00002523,PO0006292,PRD00635,480,2679.1
POI00002524,PO0000810,PRD00582,143,12403.88
POI00002525,PO0006943,PRD00040,133,12037.14
POI00002526,PO0000540,PRD00899,437,2478.21
POI00002527,PO0005699,PRD00457,328,7399.8
POI00002528,PO0007337,PRD00965,423,8131.85
POI00002529,PO0001148,PRD00193,350,1081.63
POI00002530,PO0003180,PRD00491,462,4733.4
POI00002531,PO0006637,PRD00654,231,8610.81
POI00002532,PO0006964,PRD00531,319,7772.95
POI00002533,PO0005882,PRD00439,286,7978.91
POI00002534,PO0004521,PRD00539,243,13947.14
POI00002535,PO0002951,PRD00185,194,6440.0
POI00002536,PO0001203,PRD00031,380,11922.53
POI00002537,PO0006514,PRD00143,270,2616.16
POI00002538,PO0004557,PRD00444,102,9833.74
POI00002539,PO0005783,PRD00303,496,3612.1
POI00002540,PO0006687,PRD00507,167,8978.67
POI00002541,PO0002716,PRD00929,447,2808.45
POI00002542,PO0008936,PRD00175,433,834.63
POI00002543,PO0006488,PRD00796,413,5431.54
POI00002544,PO0008035,PRD00686,120,2956.03
POI00002545,PO0000003,PRD00853,68,2077.51
POI00002546,PO0001346,PRD00182,35,11205.33
POI00002547,PO0007332,PRD00493,251,4838.13
POI00002548,PO0005174,PRD00761,431,9679.51
POI00002549,PO0001771,PRD00469,125,4552.3
POI00002550,PO0000384,PRD00194,258,11189.27
POI00002551,PO0004876,PRD00930,219,3393.62
POI00002552,PO0000965,PRD00153,11,10192.25
POI00002553,PO0008019,PRD00394,232,14023.98
POI00002554,PO0009303,PRD00596,408,6569.94
POI00002555,PO0008975,PRD00448,112,3508.12
POI00002556,PO0001430,PRD00052,299,3353.77
POI00002557,PO0005150,PRD00058,216,4231.59
POI00002558,PO0003547,PRD00545,144,7193.96
POI00002559,PO0002918,PRD00052,225,3353.77
POI00002560,PO0005274,PRD00390,86,6845.21
POI00002561,PO0008253,PRD00319,452,3733.58
POI00002562,PO0005808,PRD00256,80,4333.14
POI00002563,PO0003582,PRD00958,120,1630.61
POI00002564,PO0008063,PRD00215,265,7543.91
POI00002565,PO0005965,PRD00705,11,14962.24
POI00002566,PO0006454,PRD00819,226,9433.84
POI00002567,PO0006767,PRD00206,292,10846.21
POI00002568,PO0008496,PRD00101,152,1142.0
POI00002569,PO0003621,PRD00568,407,4707.73
POI00002570,PO0005704,PRD00616,401,1388.81
POI00002571,PO0001514,PRD00852,79,9836.31
POI00002572,PO0001076,PRD00652,375,879.05
POI00002573,PO0002296,PRD00693,418,12868.1
POI00002574,PO0009873,PRD00716,26,7985.19
POI00002575,PO0005087,PRD00802,303,11346.21
POI00002576,PO0003156,PRD00228,369,7076.3
POI00002577,PO0004434,PRD00864,406,5345.24
POI00002578,PO0002944,PRD00763,119,5016.95
POI00002579,PO0009326,PRD00151,356,13666.4
POI00002580,PO0006279,PRD00895,309,8698.56
POI00002581,PO0002897,PRD00984,402,5821.18
POI00002582,PO0003156,PRD00870,275,9737.11
POI00002583,PO0003266,PRD00680,14,12884.86
POI00002584,PO0009141,PRD00160,370,2180.09
POI00002585,PO0001090,PRD00608,499,2030.27
POI00002586,PO0005416,PRD00484,347,1711.79
POI00002587,PO0004175,PRD00772,208,11409.05
POI00002588,PO0003810,PRD00962,238,8264.3
POI00002589,PO0004289,PRD00153,66,10192.25
POI00002590,PO0003783,PRD00187,415,4183.24
POI00002591,PO0007352,PRD00787,241,3077.27
POI00002592,PO0004221,PRD00278,155,4458.16
POI00002593,PO0003984,PRD00393,294,755.72
POI00002594,PO0007111,PRD00307,424,14587.91
POI00002595,PO0002346,PRD00019,475,5319.1
POI00002596,PO0007666,PRD00348,356,10382.26
POI00002597,PO0007199,PRD00240,109,1296.01
POI00002598,PO0006505,PRD00762,165,13051.68
POI00002599,PO0003827,PRD00330,378,4277.84
POI00002600,PO0003231,PRD00787,303,3077.27
POI00002601,PO0003058,PRD00630,120,12112.17
POI00002602,PO0009271,PRD00559,37,1762.14
POI00002603,PO0005769,PRD00158,11,12470.65
POI00002604,PO0007939,PRD00553,355,1373.39
POI00002605,PO0000030,PRD00187,83,4183.24
POI00002606,PO0007470,PRD00997,228,5423.86
POI00002607,PO0005466,PRD00139,129,11221.75
POI00002608,PO0006365,PRD00711,444,14208.1
POI00002609,PO0005818,PRD00590,304,14268.77
POI00002610,PO0007594,PRD00114,240,6866.0
POI00002611,PO0004473,PRD00077,480,3244.83
POI00002612,PO0004502,PRD00291,273,1083.12
POI00002613,PO0009661,PRD00883,277,13462.78
POI00002614,PO0004987,PRD00380,274,10416.11
POI00002615,PO0007651,PRD00136,456,9775.56
POI00002616,PO0007111,PRD00150,89,4175.25
POI00002617,PO0004225,PRD00471,36,1676.03
POI00002618,PO0000010,PRD00003,33,4143.44
POI00002619,PO0006913,PRD00640,90,14055.38
POI00002620,PO0004826,PRD00281,226,12997.71
POI00002621,PO0002560,PRD00211,320,7941.86
POI00002622,PO0002562,PRD00430,326,7529.58
POI00002623,PO0003234,PRD00801,220,12463.35
POI00002624,PO0001467,PRD00797,67,11156.8
POI00002625,PO0009672,PRD00094,358,8406.45
POI00002626,PO0008087,PRD00817,18,13482.36
POI00002627,PO0001636,PRD00968,340,14208.61
POI00002628,PO0002315,PRD00623,357,11479.62
POI00002629,PO0008411,PRD00031,108,11922.53
POI00002630,PO0009035,PRD00434,403,7897.25
POI00002631,PO0005533,PRD00556,328,11702.23
POI00002632,PO0002455,PRD00771,14,10772.54
POI00002633,PO0009459,PRD00130,141,731.22
POI00002634,PO0001782,PRD00521,446,3211.38
POI00002635,PO0003316,PRD00066,282,1213.87
POI00002636,PO0008195,PRD00466,204,10894.67
POI00002637,PO0006359,PRD00200,43,12689.72
POI00002638,PO0003306,PRD00367,168,13626.42
POI00002639,PO0005321,PRD00136,375,9775.56
POI00002640,PO0004386,PRD00270,164,2874.72
POI00002641,PO0007052,PRD00627,474,8481.58
POI00002642,PO0006839,PRD00045,170,3578.64
POI00002643,PO0007778,PRD00181,235,2679.75
POI00002644,PO0009321,PRD00190,224,6496.64
POI00002645,PO0000449,PRD00223,164,13596.37
POI00002646,PO0004712,PRD00370,122,218.27
POI00002647,PO0000105,PRD00334,441,8334.09
POI00002648,PO0009362,PRD00654,279,8610.81
POI00002649,PO0008621,PRD00258,30,13278.68
POI00002650,PO0007555,PRD00067,233,10482.12
POI00002651,PO0000934,PRD00246,192,12678.87
POI00002652,PO0001927,PRD00702,63,12933.45
POI00002653,PO0007584,PRD00003,469,4143.44
POI00002654,PO0006637,PRD00286,401,4652.92
POI00002655,PO0003427,PRD00837,64,2785.86
POI00002656,PO0006407,PRD00759,150,6538.09
POI00002657,PO0004064,PRD00273,112,3864.46
POI00002658,PO0006171,PRD00663,227,8339.74
POI00002659,PO0007975,PRD00590,117,14268.77
POI00002660,PO0001172,PRD00338,374,755.93
POI00002661,PO0003760,PRD00432,374,6955.57
POI00002662,PO0008811,PRD00007,495,9585.73
POI00002663,PO0005591,PRD00102,202,6423.07
POI00002664,PO0008041,PRD00188,160,5763.09
POI00002665,PO0007713,PRD00762,335,13051.68
POI00002666,PO0008475,PRD00607,361,12074.14
POI00002667,PO0003761,PRD00999,349,8190.82
POI00002668,PO0006236,PRD00159,289,11218.67
POI00002669,PO0003181,PRD00492,70,5276.64
POI00002670,PO0000577,PRD00600,337,6787.54
POI00002671,PO0000873,PRD00272,229,5905.57
POI00002672,PO0006465,PRD00148,495,12811.77
POI00002673,PO0009276,PRD00177,117,12210.75
POI00002674,PO0005916,PRD00163,69,8801.64
POI00002675,PO0004237,PRD00334,333,8334.09
POI00002676,PO0006156,PRD00220,330,3710.28
POI00002677,PO0009557,PRD00685,117,2103.9
POI00002678,PO0006087,PRD00165,490,9742.97
POI00002679,PO0004392,PRD00123,193,6279.12
POI00002680,PO0004455,PRD00513,29,7371.4
POI00002681,PO0005479,PRD00881,318,13176.07
POI00002682,PO0006714,PRD00866,411,3511.46
POI00002683,PO0006744,PRD00559,488,1762.14
POI00002684,PO0006127,PRD00940,229,12016.56
POI00002685,PO0007569,PRD00401,244,8016.45
POI00002686,PO0009178,PRD00596,147,6569.94
POI00002687,PO0003886,PRD00320,438,1168.76
POI00002688,PO0003109,PRD00105,266,7072.97
POI00002689,PO0006739,PRD00029,236,4613.81
POI00002690,PO0000268,PRD00344,191,8985.89
POI00002691,PO0006003,PRD00586,481,4430.6
POI00002692,PO0009952,PRD00545,220,7193.96
POI00002693,PO0008267,PRD00090,403,7083.4
POI00002694,PO0005217,PRD00292,409,14246.05
POI00002695,PO0004375,PRD00100,191,3533.63
POI00002696,PO0007719,PRD00935,396,2872.31
POI00002697,PO0001465,PRD00187,81,4183.24
POI00002698,PO0007482,PRD00453,308,5806.99
POI00002699,PO0000009,PRD00067,252,10482.12
POI00002700,PO0005778,PRD00590,83,14268.77
POI00002701,PO0004497,PRD00771,260,10772.54
POI00002702,PO0002769,PRD00551,255,6646.28
POI00002703,PO0009855,PRD00628,423,2699.31
POI00002704,PO0009254,PRD00955,11,9957.38
POI00002705,PO0005041,PRD00555,210,9697.74
POI00002706,PO0003721,PRD00218,436,4399.57
POI00002707,PO0004447,PRD00901,264,1036.08
POI00002708,PO0004725,PRD00962,348,8264.3
POI00002709,PO0002214,PRD00074,278,12787.56
POI00002710,PO0008841,PRD00795,184,10383.68
POI00002711,PO0006931,PRD00993,487,2432.86
POI00002712,PO0005753,PRD00090,204,7083.4
POI00002713,PO0005621,PRD00221,127,13068.22
POI00002714,PO0002748,PRD00632,209,12709.49
POI00002715,PO0008120,PRD00932,23,12917.17
POI00002716,PO0000975,PRD00992,278,10351.03
POI00002717,PO0008037,PRD00516,196,8281.91
POI00002718,PO0003170,PRD00728,293,6550.29
POI00002719,PO0001704,PRD00862,326,5699.76
POI00002720,PO0009995,PRD00157,241,3075.86
POI00002721,PO0006234,PRD00095,348,11653.35
POI00002722,PO0002010,PRD00421,165,3240.17
POI00002723,PO0009698,PRD00233,446,9106.69
POI00002724,PO0001017,PRD00687,275,6890.21
POI00002725,PO0000986,PRD00645,432,13236.02
POI00002726,PO0003196,PRD00709,453,12622.33
POI00002727,PO0000296,PRD00712,147,5380.83
POI00002728,PO0006956,PRD00931,467,7216.54
POI00002729,PO0003693,PRD00518,313,8231.59
POI00002730,PO0004807,PRD00970,331,2893.48
POI00002731,PO0001853,PRD00010,247,704.09
POI00002732,PO0004112,PRD00494,286,12749.77
POI00002733,PO0006562,PRD00454,163,7551.83
POI00002734,PO0003025,PRD00187,193,4183.24
POI00002735,PO0009466,PRD00632,435,12709.49
POI00002736,PO0001265,PRD00358,371,14322.76
POI00002737,PO0000209,PRD00647,303,2506.84
POI00002738,PO0002967,PRD00157,322,3075.86
POI00002739,PO0004034,PRD00708,179,13605.38
POI00002740,PO0004657,PRD00221,55,13068.22
POI00002741,PO0003670,PRD00667,422,12142.23
POI00002742,PO0009066,PRD00183,365,6823.92
POI00002743,PO0008309,PRD00758,477,14670.2
POI00002744,PO0000287,PRD00300,170,10666.34
POI00002745,PO0008745,PRD00766,419,11198.97
POI00002746,PO0001449,PRD00995,47,1957.35
POI00002747,PO0004565,PRD00994,361,971.84
POI00002748,PO0003698,PRD00458,246,10221.05
POI00002749,PO0007870,PRD00783,94,6326.48
POI00002750,PO0009342,PRD00093,273,12182.24
POI00002751,PO0003425,PRD00244,117,4688.28
POI00002752,PO0002369,PRD00633,431,8823.37
POI00002753,PO0000665,PRD00641,214,5254.41
POI00002754,PO0001492,PRD00796,348,5431.54
POI00002755,PO0006397,PRD00168,240,5878.6
POI00002756,PO0002062,PRD00333,85,755.02
POI00002757,PO0009193,PRD00596,274,6569.94
POI00002758,PO0002748,PRD00781,461,10401.92
POI00002759,PO0008161,PRD00468,264,7437.41
POI00002760,PO0004587,PRD00010,338,704.09
POI00002761,PO0002162,PRD00326,358,12217.09
POI00002762,PO0003959,PRD00431,472,11469.34
POI00002763,PO0003377,PRD00403,347,560.68
POI00002764,PO0004002,PRD00326,426,12217.09
POI00002765,PO0008328,PRD00757,413,1024.97
POI00002766,PO0003142,PRD00055,26,8911.04
POI00002767,PO0003640,PRD00260,236,500.56
POI00002768,PO0007486,PRD00709,402,12622.33
POI00002769,PO0002787,PRD00930,433,3393.62
POI00002770,PO0004939,PRD00289,384,5500.6
POI00002771,PO0008593,PRD00702,311,12933.45
POI00002772,PO0008229,PRD00378,142,5802.93
POI00002773,PO0001384,PRD00114,362,6866.0
POI00002774,PO0005869,PRD00189,442,1559.74
POI00002775,PO0006113,PRD00781,75,10401.92
POI00002776,PO0005073,PRD00401,192,8016.45
POI00002777,PO0009479,PRD00847,167,9711.63
POI00002778,PO0008672,PRD00299,416,14959.16
POI00002779,PO0007088,PRD00409,473,13153.77
POI00002780,PO0000736,PRD00353,422,9182.34
POI00002781,PO0007082,PRD00308,169,1994.75
POI00002782,PO0006952,PRD00951,494,12745.6
POI00002783,PO0004344,PRD00298,130,1909.75
POI00002784,PO0004028,PRD00507,107,8978.67
POI00002785,PO0008404,PRD00372,237,12777.81
POI00002786,PO0005911,PRD00246,405,12678.87
POI00002787,PO0005743,PRD00820,112,12985.07
POI00002788,PO0002830,PRD00407,52,2170.82
POI00002789,PO0004079,PRD00283,98,14607.96
POI00002790,PO0009060,PRD00709,396,12622.33
POI00002791,PO0005114,PRD00930,158,3393.62
POI00002792,PO0003032,PRD00887,432,6428.3
POI00002793,PO0007481,PRD00602,150,12799.03
POI00002794,PO0008245,PRD00417,383,13839.61
POI00002795,PO0006701,PRD00948,349,5378.23
POI00002796,PO0001684,PRD00143,35,2616.16
POI00002797,PO0008436,PRD00528,179,10694.01
POI00002798,PO0009064,PRD00420,105,7232.56
POI00002799,PO0001643,PRD00001,85,9837.33
POI00002800,PO0006744,PRD00003,500,4143.44
POI00002801,PO0009986,PRD00617,159,9490.86
POI00002802,PO0007936,PRD00940,34,12016.56
POI00002803,PO0003614,PRD00307,242,14587.91
POI00002804,PO0009468,PRD00768,88,13360.45
POI00002805,PO0006918,PRD00485,436,9733.24
POI00002806,PO0002890,PRD00568,395,4707.73
POI00002807,PO0008905,PRD00352,216,10163.96
POI00002808,PO0006906,PRD00480,347,10120.83
POI00002809,PO0002116,PRD00715,54,7125.52
POI00002810,PO0001759,PRD00565,345,1309.82
POI00002811,PO0001403,PRD00143,138,2616.16
POI00002812,PO0008688,PRD00317,242,11523.03
POI00002813,PO0008611,PRD00911,462,14452.25
POI00002814,PO0008546,PRD00499,406,5881.43
POI00002815,PO0007510,PRD00124,44,8304.87
POI00002816,PO0008380,PRD00547,402,10434.94
POI00002817,PO0002608,PRD00177,96,12210.75
POI00002818,PO0000614,PRD00167,251,14939.24
POI00002819,PO0003800,PRD00541,388,2451.94
POI00002820,PO0001488,PRD00632,316,12709.49
POI00002821,PO0003053,PRD00188,292,5763.09
POI00002822,PO0004063,PRD00924,458,3584.13
POI00002823,PO0005783,PRD00586,318,4430.6
POI00002824,PO0001046,PRD00661,119,8498.56
POI00002825,PO0001507,PRD00389,167,10776.42
POI00002826,PO0003768,PRD00603,163,3288.11
POI00002827,PO0007667,PRD00357,43,1898.36
POI00002828,PO0001122,PRD00687,334,6890.21
POI00002829,PO0000864,PRD00602,217,12799.03
POI00002830,PO0000020,PRD00410,318,4563.47
POI00002831,PO0002834,PRD00150,12,4175.25
POI00002832,PO0008099,PRD00302,334,7670.64
POI00002833,PO0004185,PRD00162,377,287.67
POI00002834,PO0008952,PRD00168,131,5878.6
POI00002835,PO0006237,PRD00751,55,10373.34
POI00002836,PO0007612,PRD00154,197,9453.46
POI00002837,PO0007801,PRD00448,335,3508.12
POI00002838,PO0003253,PRD00343,426,10133.19
POI00002839,PO0006270,PRD00891,370,6179.97
POI00002840,PO0006043,PRD00396,266,5666.96
POI00002841,PO0002867,PRD00299,85,14959.16
POI00002842,PO0006602,PRD00546,80,218.56
POI00002843,PO0002337,PRD00296,499,13710.05
POI00002844,PO0004277,PRD00438,71,314.72
POI00002845,PO0002318,PRD00102,40,6423.07
POI00002846,PO0007412,PRD00360,482,11230.29
POI00002847,PO0006536,PRD00449,363,4124.74
POI00002848,PO0001720,PRD00879,304,5831.09
POI00002849,PO0008585,PRD00452,183,2503.76
POI00002850,PO0008670,PRD00210,421,5229.98
POI00002851,PO0001822,PRD00777,105,1687.86
POI00002852,PO0002003,PRD00871,103,8636.42
POI00002853,PO0008194,PRD00346,412,2284.81
POI00002854,PO0008258,PRD00805,90,6473.34
POI00002855,PO0001565,PRD00936,77,5539.59
POI00002856,PO0002814,PRD00046,108,2330.39
POI00002857,PO0001356,PRD00715,180,7125.52
POI00002858,PO0001932,PRD00807,304,13935.13
POI00002859,PO0006115,PRD00386,176,7920.56
POI00002860,PO0006279,PRD00941,71,2714.98
POI00002861,PO0005531,PRD00604,168,14528.53
POI00002862,PO0009512,PRD00364,426,10243.38
POI00002863,PO0005243,PRD00858,231,718.7
POI00002864,PO0009883,PRD00928,414,5618.25
POI00002865,PO0003531,PRD00561,203,5531.95
POI00002866,PO0005585,PRD00166,99,9766.65
POI00002867,PO0007497,PRD00335,162,12393.64
POI00002868,PO0006190,PRD00270,165,2874.72
POI00002869,PO0001777,PRD00374,362,290.14
POI00002870,PO0000565,PRD00565,277,1309.82
POI00002871,PO0004242,PRD00887,214,6428.3
POI00002872,PO0007041,PRD00804,498,14440.13
POI00002873,PO0004106,PRD00806,40,164.23
POI00002874,PO0009936,PRD00204,333,1118.21
POI00002875,PO0000916,PRD00494,425,12749.77
POI00002876,PO0001463,PRD00297,457,3281.39
POI00002877,PO0006104,PRD00733,15,8941.35
POI00002878,PO0004517,PRD00662,317,1358.75
POI00002879,PO0003000,PRD00440,348,12108.02
POI00002880,PO0008327,PRD00474,102,4767.61
POI00002881,PO0004342,PRD00328,250,13195.81
POI00002882,PO0002326,PRD00983,104,12437.52
POI00002883,PO0006549,PRD00936,165,5539.59
POI00002884,PO0003508,PRD00117,311,9411.1
POI00002885,PO0001288,PRD00953,449,4127.02
POI00002886,PO0004606,PRD00678,316,815.42
POI00002887,PO0003195,PRD00459,172,11986.98
POI00002888,PO0008626,PRD00896,254,12836.58
POI00002889,PO0008804,PRD00526,145,2102.99
POI00002890,PO0003953,PRD00454,47,7551.83
POI00002891,PO0003988,PRD00648,219,4835.26
POI00002892,PO0005477,PRD00237,327,10209.15
POI00002893,PO0007106,PRD00596,306,6569.94
POI00002894,PO0009101,PRD00475,382,14519.03
POI00002895,PO0006787,PRD00499,208,5881.43
POI00002896,PO0000877,PRD00030,143,7017.62
POI00002897,PO0000150,PRD00455,463,3543.59
POI00002898,PO0008754,PRD00628,485,2699.31
POI00002899,PO0006464,PRD00831,17,14405.2
POI00002900,PO0008631,PRD00487,81,1551.21
POI00002901,PO0008275,PRD00762,202,13051.68
POI00002902,PO0003251,PRD00820,97,12985.07
POI00002903,PO0002217,PRD00228,411,7076.3
POI00002904,PO0007842,PRD00697,285,6403.2
POI00002905,PO0006918,PRD00970,360,2893.48
POI00002906,PO0007885,PRD00747,430,1497.38
POI00002907,PO0004297,PRD00374,231,290.14
POI00002908,PO0008788,PRD00238,390,1063.4
POI00002909,PO0005274,PRD00185,497,6440.0
POI00002910,PO0002948,PRD00042,114,12472.09
POI00002911,PO0000304,PRD00129,139,14713.16
POI00002912,PO0001941,PRD00139,164,11221.75
POI00002913,PO0003952,PRD00777,154,1687.86
POI00002914,PO0000500,PRD00911,280,14452.25
POI00002915,PO0007067,PRD00649,290,13327.93
POI00002916,PO0008433,PRD00373,183,5013.81
POI00002917,PO0004665,PRD00534,355,12763.59
POI00002918,PO0000053,PRD00164,155,7114.43
POI00002919,PO0008632,PRD00719,484,9495.01
POI00002920,PO0000087,PRD00705,498,14962.24
POI00002921,PO0000872,PRD00024,129,5514.18
POI00002922,PO0008950,PRD00488,346,6731.02
POI00002923,PO0006943,PRD00479,271,11981.47
POI00002924,PO0006419,PRD00505,306,10107.88
POI00002925,PO0004749,PRD00391,428,8417.25
POI00002926,PO0008382,PRD00618,235,7236.89
POI00002927,PO0005691,PRD00329,148,14502.96
POI00002928,PO0005744,PRD00126,25,12322.6
POI00002929,PO0005794,PRD00026,301,10030.04
POI00002930,PO0004730,PRD00212,108,194.69
POI00002931,PO0002966,PRD00613,94,2658.28
POI00002932,PO0003029,PRD00920,103,10536.21
POI00002933,PO0003652,PRD00471,363,1676.03
POI00002934,PO0005784,PRD00735,478,8245.45
POI00002935,PO0007135,PRD00679,71,5120.96
POI00002936,PO0002406,PRD00352,467,10163.96
POI00002937,PO0009512,PRD00272,66,5905.57
POI00002938,PO0007498,PRD00835,404,6236.81
POI00002939,PO0004982,PRD00396,99,5666.96
POI00002940,PO0002047,PRD00092,339,1185.31
POI00002941,PO0009838,PRD00044,147,9431.09
POI00002942,PO0007604,PRD00095,245,11653.35
POI00002943,PO0001633,PRD00145,322,6936.79
POI00002944,PO0005878,PRD00804,13,14440.13
POI00002945,PO0003352,PRD00186,416,13497.06
POI00002946,PO0000007,PRD00213,463,11481.28
POI00002947,PO0000380,PRD00890,378,7834.85
POI00002948,PO0009012,PRD00117,164,9411.1
POI00002949,PO0003448,PRD00172,175,1562.37
POI00002950,PO0004142,PRD00907,322,14636.64
POI00002951,PO0007739,PRD00810,39,6285.69
POI00002952,PO0005689,PRD00247,474,9955.98
POI00002953,PO0006334,PRD00307,334,14587.91
POI00002954,PO0006730,PRD00963,347,8895.2
POI00002955,PO0007703,PRD00221,219,13068.22
POI00002956,PO0001619,PRD00644,287,5838.18
POI00002957,PO0002796,PRD00968,477,14208.61
POI00002958,PO0009213,PRD00112,306,10078.39
POI00002959,PO0006964,PRD00565,470,1309.82
POI00002960,PO0002471,PRD00305,162,1060.96
POI00002961,PO0009918,PRD00114,441,6866.0
POI00002962,PO0001758,PRD00179,105,11993.83
POI00002963,PO0002051,PRD00292,161,14246.05
POI00002964,PO0006871,PRD00814,312,14386.74
POI00002965,PO0008908,PRD00708,482,13605.38
POI00002966,PO0009837,PRD00561,487,5531.95
POI00002967,PO0000276,PRD00087,437,2757.27
POI00002968,PO0007451,PRD00714,278,7100.41
POI00002969,PO0002841,PRD00519,24,4521.82
POI00002970,PO0005535,PRD00804,69,14440.13
POI00002971,PO0005156,PRD00267,351,1734.0
POI00002972,PO0008979,PRD00947,203,8686.66
POI00002973,PO0000064,PRD00893,367,14877.64
POI00002974,PO0008355,PRD00050,68,14145.71
POI00002975,PO0000452,PRD00215,368,7543.91
POI00002976,PO0002027,PRD00487,203,1551.21
POI00002977,PO0006848,PRD00778,16,11600.41
POI00002978,PO0008126,PRD00937,104,5526.96
POI00002979,PO0008633,PRD00600,337,6787.54
POI00002980,PO0003425,PRD00350,403,7818.75
POI00002981,PO0006957,PRD00495,275,13954.44
POI00002982,PO0005207,PRD00919,320,12018.41
POI00002983,PO0005580,PRD00631,352,968.57
POI00002984,PO0005476,PRD00162,293,287.67
POI00002985,PO0003716,PRD00608,247,2030.27
POI00002986,PO0008577,PRD00876,40,12469.02
POI00002987,PO0000606,PRD00869,440,7264.23
POI00002988,PO0004407,PRD00753,469,1627.4
POI00002989,PO0007423,PRD00333,278,755.02
POI00002990,PO0005051,PRD00303,382,3612.1
POI00002991,PO0002691,PRD00893,170,14877.64
POI00002992,PO0004771,PRD00997,328,5423.86
POI00002993,PO0006245,PRD00555,89,9697.74
POI00002994,PO0001137,PRD00610,96,3030.44
POI00002995,PO0003469,PRD00406,86,6081.8
POI00002996,PO0006337,PRD00694,36,9801.68
POI00002997,PO0001010,PRD00584,499,13164.71
POI00002998,PO0003113,PRD00205,265,5692.82
POI00002999,PO0007287,PRD00614,88,6734.49
POI00003000,PO0006595,PRD00319,400,3733.58
POI00003001,PO0006752,PRD00143,269,2616.16
POI00003002,PO0008557,PRD00872,445,13370.7
POI00003003,PO0002931,PRD00613,230,2658.28
POI00003004,PO0000501,PRD00047,13,1038.29
POI00003005,PO0000569,PRD00498,425,515.55
POI00003006,PO0009342,PRD00217,413,12942.68
POI00003007,PO0001124,PRD00894,26,2746.5
POI00003008,PO0008730,PRD00182,297,11205.33
POI00003009,PO0007336,PRD00813,235,1791.65
POI00003010,PO0003908,PRD00879,300,5831.09
POI00003011,PO0009434,PRD00634,334,11006.69
POI00003012,PO0002665,PRD00889,429,161.6
POI00003013,PO0009065,PRD00385,379,11446.95
POI00003014,PO0009204,PRD00938,473,14690.74
POI00003015,PO0007572,PRD00529,331,7382.72
POI00003016,PO0001035,PRD00163,136,8801.64
POI00003017,PO0003289,PRD00989,276,12965.77
POI00003018,PO0005623,PRD00639,495,2796.66
POI00003019,PO0000265,PRD00046,499,2330.39
POI00003020,PO0006972,PRD00042,364,12472.09
POI00003021,PO0008213,PRD00961,185,12916.7
POI00003022,PO0007091,PRD00052,289,3353.77
POI00003023,PO0007202,PRD00333,470,755.02
POI00003024,PO0004993,PRD00121,164,14884.48
POI00003025,PO0001644,PRD00755,220,12949.63
POI00003026,PO0005086,PRD00118,238,13920.88
POI00003027,PO0005891,PRD00155,368,11846.07
POI00003028,PO0007099,PRD00120,96,4716.39
POI00003029,PO0002329,PRD00110,24,13747.81
POI00003030,PO0005386,PRD00052,253,3353.77
POI00003031,PO0001292,PRD00079,29,10823.51
POI00003032,PO0004917,PRD00744,284,13579.31
POI00003033,PO0005908,PRD00826,252,9650.03
POI00003034,PO0007136,PRD00496,237,5018.37
POI00003035,PO0005840,PRD00318,344,13343.83
POI00003036,PO0005897,PRD00166,336,9766.65
POI00003037,PO0001887,PRD00278,356,4458.16
POI00003038,PO0005072,PRD00790,119,11430.76
POI00003039,PO0009735,PRD00954,389,6256.72
POI00003040,PO0001796,PRD00577,392,5565.9
POI00003041,PO0002710,PRD00798,256,10418.61
POI00003042,PO0008950,PRD00935,449,2872.31
POI00003043,PO0004162,PRD00813,234,1791.65
POI00003044,PO0007375,PRD00006,295,12453.87
POI00003045,PO0007160,PRD00309,78,11535.3
POI00003046,PO0000959,PRD00970,465,2893.48
POI00003047,PO0000188,PRD00451,288,11303.64
POI00003048,PO0004237,PRD00726,96,2003.65
POI00003049,PO0002458,PRD00507,450,8978.67
POI00003050,PO0003137,PRD00371,313,6858.89
POI00003051,PO0003913,PRD00424,59,7036.46
POI00003052,PO0005076,PRD00157,15,3075.86
POI00003053,PO0002477,PRD00045,176,3578.64
POI00003054,PO0003742,PRD00803,84,4469.13
POI00003055,PO0008256,PRD00695,265,7153.53
POI00003056,PO0005173,PRD00707,376,5200.05
POI00003057,PO0006092,PRD00907,151,14636.64
POI00003058,PO0007849,PRD00600,215,6787.54
POI00003059,PO0005164,PRD00756,457,13812.34
POI00003060,PO0000856,PRD00819,407,9433.84
POI00003061,PO0003539,PRD00794,110,14754.3
POI00003062,PO0005221,PRD00500,97,8694.03
POI00003063,PO0009359,PRD00923,443,14211.0
POI00003064,PO0006164,PRD00910,219,10913.99
POI00003065,PO0004856,PRD00015,436,4060.74
POI00003066,PO0006319,PRD00168,219,5878.6
POI00003067,PO0001376,PRD00258,294,13278.68
POI00003068,PO0004428,PRD00238,243,1063.4
POI00003069,PO0008708,PRD00399,348,10939.64
POI00003070,PO0006460,PRD00352,219,10163.96
POI00003071,PO0005006,PRD00910,322,10913.99
POI00003072,PO0009323,PRD00077,15,3244.83
POI00003073,PO0003570,PRD00044,186,9431.09
POI00003074,PO0004959,PRD00793,271,871.73
POI00003075,PO0005770,PRD00063,366,7018.31
POI00003076,PO0002903,PRD00275,16,2070.47
POI00003077,PO0005147,PRD00513,457,7371.4
POI00003078,PO0007365,PRD00494,245,12749.77
POI00003079,PO0006582,PRD00541,179,2451.94
POI00003080,PO0001635,PRD00340,78,13976.02
POI00003081,PO0009223,PRD00726,418,2003.65
POI00003082,PO0007594,PRD00929,473,2808.45
POI00003083,PO0000298,PRD00382,220,10379.13
POI00003084,PO0005101,PRD00885,307,14081.25
POI00003085,PO0006389,PRD00594,102,6920.19
POI00003086,PO0006376,PRD00327,374,11465.77
POI00003087,PO0003714,PRD00859,414,13775.1
POI00003088,PO0002483,PRD00722,264,9531.63
POI00003089,PO0002668,PRD00516,17,8281.91
POI00003090,PO0003041,PRD00726,422,2003.65
POI00003091,PO0004467,PRD00334,149,8334.09
POI00003092,PO0007095,PRD00070,177,12755.67
POI00003093,PO0006676,PRD00412,359,14128.47
POI00003094,PO0004957,PRD00295,356,14410.96
POI00003095,PO0005194,PRD00354,145,3435.02
POI00003096,PO0007755,PRD00544,483,6484.13
POI00003097,PO0003841,PRD00024,228,5514.18
POI00003098,PO0000141,PRD00377,329,14726.74
POI00003099,PO0003257,PRD00771,324,10772.54
POI00003100,PO0008751,PRD00076,468,5099.04
POI00003101,PO0003239,PRD00317,302,11523.03
POI00003102,PO0000178,PRD00074,214,12787.56
POI00003103,PO0001226,PRD00766,48,11198.97
POI00003104,PO0003858,PRD00236,173,5509.36
POI00003105,PO0003289,PRD00198,483,2388.57
POI00003106,PO0006691,PRD00897,165,11763.99
POI00003107,PO0003651,PRD00897,49,11763.99
POI00003108,PO0002852,PRD00759,300,6538.09
POI00003109,PO0008536,PRD00993,156,2432.86
POI00003110,PO0003426,PRD00815,33,5837.27
POI00003111,PO0006913,PRD00733,447,8941.35
POI00003112,PO0004169,PRD00317,415,11523.03
POI00003113,PO0007456,PRD00038,246,11694.03
POI00003114,PO0005676,PRD00289,123,5500.6
POI00003115,PO0004011,PRD00637,480,11031.21
POI00003116,PO0003935,PRD00171,213,3321.66
POI00003117,PO0009258,PRD00753,96,1627.4
POI00003118,PO0007781,PRD00768,450,13360.45
POI00003119,PO0002121,PRD00315,191,12650.55
POI00003120,PO0009700,PRD00322,277,11034.26
POI00003121,PO0005314,PRD00806,33,164.23
POI00003122,PO0005489,PRD00658,41,7106.49
POI00003123,PO0001865,PRD00702,112,12933.45
POI00003124,PO0006052,PRD00055,471,8911.04
POI00003125,PO0005456,PRD00310,26,7810.08
POI00003126,PO0005326,PRD00492,363,5276.64
POI00003127,PO0005123,PRD00510,274,9321.6
POI00003128,PO0001461,PRD00358,227,14322.76
POI00003129,PO0000423,PRD00959,115,4695.81
POI00003130,PO0005258,PRD00688,265,5575.81
POI00003131,PO0006454,PRD00587,341,7001.79
POI00003132,PO0004107,PRD00181,345,2679.75
POI00003133,PO0006782,PRD00794,155,14754.3
POI00003134,PO0009402,PRD00801,81,12463.35
POI00003135,PO0002227,PRD00105,198,7072.97
POI00003136,PO0005794,PRD00249,190,10840.05
POI00003137,PO0007360,PRD00923,55,14211.0
POI00003138,PO0000410,PRD00023,211,3880.46
POI00003139,PO0005140,PRD00384,47,6284.42
POI00003140,PO0004170,PRD00456,336,14536.29
POI00003141,PO0003715,PRD00065,359,13939.0
POI00003142,PO0004107,PRD00337,404,11344.08
POI00003143,PO0003738,PRD00605,42,3961.69
POI00003144,PO0005005,PRD00534,384,12763.59
POI00003145,PO0007563,PRD00326,273,12217.09
POI00003146,PO0006197,PRD00941,224,2714.98
POI00003147,PO0000578,PRD00396,306,5666.96
POI00003148,PO0006613,PRD00659,192,2838.43
POI00003149,PO0006764,PRD00449,473,4124.74
POI00003150,PO0001039,PRD00691,41,5216.2
POI00003151,PO0007203,PRD00860,45,1620.12
POI00003152,PO0004090,PRD00165,341,9742.97
POI00003153,PO0005860,PRD00141,479,11958.46
POI00003154,PO0004779,PRD00541,308,2451.94
POI00003155,PO0006767,PRD00591,447,1630.92
POI00003156,PO0006894,PRD00384,152,6284.42
POI00003157,PO0003021,PRD00889,63,161.6
POI00003158,PO0006918,PRD00216,398,12937.52
POI00003159,PO0008164,PRD00303,451,3612.1
POI00003160,PO0007575,PRD00905,383,2985.62
POI00003161,PO0008241,PRD00327,132,11465.77
POI00003162,PO0006792,PRD00667,159,12142.23
POI00003163,PO0001862,PRD00687,302,6890.21
POI00003164,PO0006290,PRD00958,465,1630.61
POI00003165,PO0009508,PRD00769,390,14259.3
POI00003166,PO0008582,PRD00206,97,10846.21
POI00003167,PO0004309,PRD00560,278,14804.29
POI00003168,PO0002160,PRD00404,30,3670.74
POI00003169,PO0004150,PRD00646,410,11847.85
POI00003170,PO0009811,PRD00984,339,5821.18
POI00003171,PO0001806,PRD00430,355,7529.58
POI00003172,PO0009413,PRD00896,10,12836.58
POI00003173,PO0005588,PRD00314,316,8909.78
POI00003174,PO0003783,PRD00514,160,4437.98
POI00003175,PO0000109,PRD00132,213,14475.18
POI00003176,PO0009223,PRD00471,317,1676.03
POI00003177,PO0009295,PRD00555,51,9697.74
POI00003178,PO0007606,PRD00910,433,10913.99
POI00003179,PO0002739,PRD00744,118,13579.31
POI00003180,PO0002073,PRD00572,394,14299.0
POI00003181,PO0000510,PRD00002,136,14088.84
POI00003182,PO0009255,PRD00190,330,6496.64
POI00003183,PO0007129,PRD00897,259,11763.99
POI00003184,PO0009307,PRD00998,141,8420.65
POI00003185,PO0002082,PRD00245,73,2944.72
POI00003186,PO0005701,PRD00637,209,11031.21
POI00003187,PO0003242,PRD00532,55,4963.16
POI00003188,PO0009424,PRD00343,201,10133.19
POI00003189,PO0005249,PRD00930,400,3393.62
POI00003190,PO0007212,PRD00781,29,10401.92
POI00003191,PO0004812,PRD00701,287,7267.54
POI00003192,PO0006948,PRD00973,116,4327.38
POI00003193,PO0000668,PRD00886,134,8868.6
POI00003194,PO0003373,PRD00975,217,9296.52
POI00003195,PO0000204,PRD00451,436,11303.64
POI00003196,PO0007646,PRD00897,15,11763.99
POI00003197,PO0009179,PRD00006,142,12453.87
POI00003198,PO0004183,PRD00236,425,5509.36
POI00003199,PO0007704,PRD00511,230,2991.32
POI00003200,PO0005581,PRD00645,428,13236.02
POI00003201,PO0006774,PRD00018,149,6025.11
POI00003202,PO0001503,PRD00898,90,11808.33
POI00003203,PO0003261,PRD00387,399,1001.43
POI00003204,PO0001163,PRD00527,180,13016.35
POI00003205,PO0003289,PRD00802,174,11346.21
POI00003206,PO0001666,PRD00214,468,11225.45
POI00003207,PO0001708,PRD00240,392,1296.01
POI00003208,PO0002461,PRD00835,281,6236.81
POI00003209,PO0001046,PRD00058,16,4231.59
POI00003210,PO0003004,PRD00089,307,9597.02
POI00003211,PO0001643,PRD00654,491,8610.81
POI00003212,PO0009063,PRD00854,128,7572.34
POI00003213,PO0009198,PRD00516,350,8281.91
POI00003214,PO0006841,PRD00276,415,12469.32
POI00003215,PO0006981,PRD00831,449,14405.2
POI00003216,PO0009439,PRD00355,140,10597.12
POI00003217,PO0001905,PRD00558,77,9720.85
POI00003218,PO0000120,PRD00189,236,1559.74
POI00003219,PO0000556,PRD00764,420,6096.89
POI00003220,PO0004185,PRD00636,49,3410.7
POI00003221,PO0002962,PRD00896,378,12836.58
POI00003222,PO0009155,PRD00743,362,2305.24
POI00003223,PO0003890,PRD00806,439,164.23
POI00003224,PO0004948,PRD00565,383,1309.82
POI00003225,PO0006754,PRD00012,272,14609.65
POI00003226,PO0000327,PRD00453,162,5806.99
POI00003227,PO0009465,PRD00985,297,3051.76
POI00003228,PO0007600,PRD00185,91,6440.0
POI00003229,PO0007364,PRD00110,446,13747.81
POI00003230,PO0009117,PRD00727,300,1054.08
POI00003231,PO0004316,PRD00886,224,8868.6
POI00003232,PO0002858,PRD00394,345,14023.98
POI00003233,PO0009695,PRD00744,68,13579.31
POI00003234,PO0001861,PRD00297,266,3281.39
POI00003235,PO0008928,PRD00232,389,6790.03
POI00003236,PO0001285,PRD00163,217,8801.64
POI00003237,PO0001141,PRD00239,59,3839.78
POI00003238,PO0003635,PRD00135,137,7084.8
POI00003239,PO0003072,PRD00431,214,11469.34
POI00003240,PO0003520,PRD00962,72,8264.3
POI00003241,PO0003970,PRD00023,295,3880.46
POI00003242,PO0008921,PRD00685,22,2103.9
POI00003243,PO0002519,PRD00756,217,13812.34
POI00003244,PO0003443,PRD00242,32,9680.92
POI00003245,PO0006188,PRD00930,491,3393.62
POI00003246,PO0009286,PRD00529,432,7382.72
POI00003247,PO0005762,PRD00340,15,13976.02
POI00003248,PO0006308,PRD00465,313,12966.68
POI00003249,PO0002494,PRD00485,321,9733.24
POI00003250,PO0000163,PRD00184,194,6913.99
POI00003251,PO0000276,PRD00538,136,1565.66
POI00003252,PO0002905,PRD00118,146,13920.88
POI00003253,PO0002212,PRD00219,282,12493.83
POI00003254,PO0005338,PRD00385,312,11446.95
POI00003255,PO0004482,PRD00102,205,6423.07
POI00003256,PO0009829,PRD00241,446,2003.96
POI00003257,PO0003044,PRD00474,233,4767.61
POI00003258,PO0007328,PRD00977,470,14587.2
POI00003259,PO0005679,PRD00162,75,287.67
POI00003260,PO0001054,PRD00014,142,11069.54
POI00003261,PO0000383,PRD00255,409,13121.82
POI00003262,PO0001981,PRD00207,422,13259.47
POI00003263,PO0003286,PRD00374,83,290.14
POI00003264,PO0004187,PRD00789,422,7598.09
POI00003265,PO0003600,PRD00744,337,13579.31
POI00003266,PO0001325,PRD00373,288,5013.81
POI00003267,PO0009046,PRD00564,294,9458.27
POI00003268,PO0000455,PRD00994,391,971.84
POI00003269,PO0008306,PRD00864,87,5345.24
POI00003270,PO0004790,PRD00070,57,12755.67
POI00003271,PO0002455,PRD00719,102,9495.01
POI00003272,PO0005169,PRD00324,137,4070.68
POI00003273,PO0004650,PRD00290,223,2210.27
POI00003274,PO0000892,PRD00250,412,14546.26
POI00003275,PO0008673,PRD00775,188,1675.87
POI00003276,PO0002549,PRD00611,237,1908.11
POI00003277,PO0008812,PRD00921,149,10131.57
POI00003278,PO0009215,PRD00413,200,6171.23
POI00003279,PO0007289,PRD00848,296,13378.15
POI00003280,PO0002400,PRD00498,306,515.55
POI00003281,PO0004853,PRD00568,438,4707.73
POI00003282,PO0004391,PRD00115,412,12984.47
POI00003283,PO0001900,PRD00717,200,5192.63
POI00003284,PO0009491,PRD00510,168,9321.6
POI00003285,PO0005680,PRD00847,162,9711.63
POI00003286,PO0009306,PRD00137,487,14315.76
POI00003287,PO0003478,PRD00834,145,4625.99
POI00003288,PO0004840,PRD00795,86,10383.68
POI00003289,PO0007730,PRD00779,305,14460.71
POI00003290,PO0007707,PRD00986,234,7134.56
POI00003291,PO0008662,PRD00368,131,13705.39
POI00003292,PO0002781,PRD00121,401,14884.48
POI00003293,PO0003327,PRD00065,276,13939.0
POI00003294,PO0005479,PRD00832,282,14364.28
POI00003295,PO0001633,PRD00020,35,14093.42
POI00003296,PO0003665,PRD00457,268,7399.8
POI00003297,PO0003432,PRD00992,77,10351.03
POI00003298,PO0001745,PRD00113,178,4380.21
POI00003299,PO0005097,PRD00231,335,9255.93
POI00003300,PO0005387,PRD00407,496,2170.82
POI00003301,PO0001628,PRD00485,460,9733.24
POI00003302,PO0005132,PRD00191,394,6029.05
POI00003303,PO0005580,PRD00056,352,2104.64
POI00003304,PO0004210,PRD00755,403,12949.63
POI00003305,PO0002331,PRD00898,348,11808.33
POI00003306,PO0003232,PRD00384,344,6284.42
POI00003307,PO0000193,PRD00878,458,13841.49
POI00003308,PO0009502,PRD00429,140,4484.27
POI00003309,PO0003258,PRD00632,287,12709.49
POI00003310,PO0008938,PRD00378,397,5802.93
POI00003311,PO0009575,PRD00689,423,10243.12
POI00003312,PO0004288,PRD00539,395,13947.14
POI00003313,PO0004345,PRD00478,476,14298.83
POI00003314,PO0006570,PRD00864,121,5345.24
POI00003315,PO0006440,PRD00594,124,6920.19
POI00003316,PO0009106,PRD00318,377,13343.83
POI00003317,PO0000013,PRD00578,126,3487.79
POI00003318,PO0000429,PRD00952,379,4757.15
POI00003319,PO0000842,PRD00518,318,8231.59
POI00003320,PO0007222,PRD00618,112,7236.89
POI00003321,PO0001737,PRD00448,174,3508.12
POI00003322,PO0006540,PRD00267,90,1734.0
POI00003323,PO0006223,PRD00287,208,5325.08
POI00003324,PO0006682,PRD00971,157,2515.98
POI00003325,PO0004797,PRD00909,481,11074.93
POI00003326,PO0006191,PRD00905,13,2985.62
POI00003327,PO0000005,PRD00414,455,3675.25
POI00003328,PO0009744,PRD00697,397,6403.2
POI00003329,PO0002639,PRD00409,250,13153.77
POI00003330,PO0000176,PRD00394,30,14023.98
POI00003331,PO0004820,PRD00361,234,2128.11
POI00003332,PO0006501,PRD00161,464,14511.66
POI00003333,PO0004920,PRD00085,52,2937.79
POI00003334,PO0000632,PRD00174,416,1447.77
POI00003335,PO0009660,PRD00848,69,13378.15
POI00003336,PO0006327,PRD00314,102,8909.78
POI00003337,PO0003899,PRD00788,240,13824.18
POI00003338,PO0006399,PRD00861,45,12536.29
POI00003339,PO0002330,PRD00542,445,3815.81
POI00003340,PO0008626,PRD00279,309,14005.9
POI00003341,PO0007901,PRD00260,386,500.56
POI00003342,PO0007408,PRD00286,351,4652.92
POI00003343,PO0006672,PRD00379,272,8770.31
POI00003344,PO0005469,PRD00399,42,10939.64
POI00003345,PO0003310,PRD00252,419,5568.19
POI00003346,PO0001905,PRD00975,20,9296.52
POI00003347,PO0007688,PRD00757,440,1024.97
POI00003348,PO0002723,PRD00418,406,848.93
POI00003349,PO0001839,PRD00141,257,11958.46
POI00003350,PO0004294,PRD00276,382,12469.32
POI00003351,PO0004882,PRD00322,420,11034.26
POI00003352,PO0003885,PRD00583,388,2755.82
POI00003353,PO0002982,PRD00290,235,2210.27
POI00003354,PO0008811,PRD00117,185,9411.1
POI00003355,PO0003640,PRD00113,207,4380.21
POI00003356,PO0000072,PRD00085,270,2937.79
POI00003357,PO0001274,PRD00654,486,8610.81
POI00003358,PO0000531,PRD00576,232,6871.55
POI00003359,PO0005396,PRD00041,92,14254.59
POI00003360,PO0006587,PRD00630,322,12112.17
POI00003361,PO0001713,PRD00141,32,11958.46
POI00003362,PO0006654,PRD00080,38,9716.87
POI00003363,PO0006324,PRD00051,403,8110.25
POI00003364,PO0005806,PRD00321,62,7009.48
POI00003365,PO0002400,PRD00617,79,9490.86
POI00003366,PO0003107,PRD00811,207,13260.28
POI00003367,PO0002226,PRD00078,44,8372.4
POI00003368,PO0003947,PRD00498,148,515.55
POI00003369,PO0005199,PRD00482,70,14861.25
POI00003370,PO0002609,PRD00070,428,12755.67
POI00003371,PO0000819,PRD00709,10,12622.33
POI00003372,PO0002355,PRD00701,433,7267.54
POI00003373,PO0000193,PRD00225,233,11422.41
POI00003374,PO0000571,PRD00826,240,9650.03
POI00003375,PO0004493,PRD00516,296,8281.91
POI00003376,PO0006910,PRD00767,241,8392.39
POI00003377,PO0009357,PRD00047,86,1038.29
POI00003378,PO0005232,PRD00905,474,2985.62
POI00003379,PO0001690,PRD00071,328,9562.93
POI00003380,PO0004974,PRD00545,283,7193.96
POI00003381,PO0003153,PRD00800,188,273.44
POI00003382,PO0008344,PRD00304,260,7053.7
POI00003383,PO0004781,PRD00314,133,8909.78
POI00003384,PO0005987,PRD00776,395,3296.6
POI00003385,PO0006585,PRD00845,475,2083.84
POI00003386,PO0000863,PRD00845,403,2083.84
POI00003387,PO0001276,PRD00990,158,4921.74
POI00003388,PO0002298,PRD00937,89,5526.96
POI00003389,PO0001769,PRD00405,326,8998.95
POI00003390,PO0008027,PRD00787,319,3077.27
POI00003391,PO0006050,PRD00154,285,9453.46
POI00003392,PO0007684,PRD00797,196,11156.8
POI00003393,PO0008528,PRD00853,369,2077.51
POI00003394,PO0007985,PRD00202,233,2771.81
POI00003395,PO0006760,PRD00453,161,5806.99
POI00003396,PO0003976,PRD00568,163,4707.73
POI00003397,PO0001781,PRD00290,274,2210.27
POI00003398,PO0003752,PRD00408,104,8695.92
POI00003399,PO0002952,PRD00497,239,9476.02
POI00003400,PO0002963,PRD00197,198,14528.51
POI00003401,PO0000107,PRD00658,136,7106.49
POI00003402,PO0005677,PRD00124,357,8304.87
POI00003403,PO0005003,PRD00501,316,4943.69
POI00003404,PO0002249,PRD00803,350,4469.13
POI00003405,PO0002864,PRD00214,425,11225.45
POI00003406,PO0006155,PRD00913,486,7633.07
POI00003407,PO0002257,PRD00763,232,5016.95
POI00003408,PO0009065,PRD00112,304,10078.39
POI00003409,PO0009563,PRD00820,368,12985.07
POI00003410,PO0008659,PRD00154,33,9453.46
POI00003411,PO0007781,PRD00766,246,11198.97
POI00003412,PO0006767,PRD00056,316,2104.64
POI00003413,PO0003429,PRD00094,107,8406.45
POI00003414,PO0001087,PRD00651,400,6515.34
POI00003415,PO0005327,PRD00003,275,4143.44
POI00003416,PO0000805,PRD00947,245,8686.66
POI00003417,PO0003693,PRD00348,25,10382.26
POI00003418,PO0008193,PRD00867,27,2868.63
POI00003419,PO0007307,PRD00003,425,4143.44
POI00003420,PO0006754,PRD00242,297,9680.92
POI00003421,PO0002579,PRD00843,217,14383.19
POI00003422,PO0006738,PRD00701,122,7267.54
POI00003423,PO0006294,PRD00106,339,6611.36
POI00003424,PO0004115,PRD00523,331,12097.17
POI00003425,PO0000101,PRD00042,348,12472.09
POI00003426,PO0003347,PRD00426,465,11443.5
POI00003427,PO0003469,PRD00652,422,879.05
POI00003428,PO0000771,PRD00089,92,9597.02
POI00003429,PO0002504,PRD00413,277,6171.23
POI00003430,PO0005268,PRD00207,386,13259.47
POI00003431,PO0003841,PRD00648,31,4835.26
POI00003432,PO0009608,PRD00398,223,1850.01
POI00003433,PO0002132,PRD00195,294,8830.06
POI00003434,PO0008056,PRD00836,119,2825.17
POI00003435,PO0003064,PRD00134,215,10858.86
POI00003436,PO0001130,PRD00073,401,7015.92
POI00003437,PO0008163,PRD00168,49,5878.6
POI00003438,PO0003543,PRD00272,259,5905.57
POI00003439,PO0001029,PRD00246,118,12678.87
POI00003440,PO0009521,PRD00291,170,1083.12
POI00003441,PO0002617,PRD00711,388,14208.1
POI00003442,PO0007162,PRD00903,385,10697.16
POI00003443,PO0009893,PRD00196,463,6209.26
POI00003444,PO0001915,PRD00190,61,6496.64
POI00003445,PO0005170,PRD00175,407,834.63
POI00003446,PO0003013,PRD00998,155,8420.65
POI00003447,PO0003421,PRD00347,106,2926.5
POI00003448,PO0001870,PRD00043,122,6795.04
POI00003449,PO0004969,PRD00938,217,14690.74
POI00003450,PO0008680,PRD00467,191,10304.91
POI00003451,PO0005621,PRD00271,495,14304.78
POI00003452,PO0002742,PRD00175,64,834.63
POI00003453,PO0008782,PRD00529,384,7382.72
POI00003454,PO0004719,PRD00404,487,3670.74
POI00003455,PO0007025,PRD00112,51,10078.39
POI00003456,PO0006950,PRD00309,493,11535.3
POI00003457,PO0001769,PRD00651,99,6515.34
POI00003458,PO0008678,PRD00861,127,12536.29
POI00003459,PO0004593,PRD00075,436,3718.44
POI00003460,PO0008534,PRD00946,32,5214.57
POI00003461,PO0004557,PRD00755,443,12949.63
POI00003462,PO0009900,PRD00223,26,13596.37
POI00003463,PO0006760,PRD00590,426,14268.77
POI00003464,PO0004102,PRD00243,123,9718.69
POI00003465,PO0003677,PRD00398,251,1850.01
POI00003466,PO0008222,PRD00122,30,7515.76
POI00003467,PO0009707,PRD00558,484,9720.85
POI00003468,PO0002396,PRD00703,259,2890.33
POI00003469,PO0009026,PRD00597,115,12775.63
POI00003470,PO0007697,PRD00270,178,2874.72
POI00003471,PO0006969,PRD00791,396,10139.71
POI00003472,PO0007376,PRD00495,66,13954.44
POI00003473,PO0000886,PRD00310,317,7810.08
POI00003474,PO0009431,PRD00177,442,12210.75
POI00003475,PO0000294,PRD00131,375,5840.29
POI00003476,PO0007746,PRD00947,68,8686.66
POI00003477,PO0000991,PRD00264,61,12537.65
POI00003478,PO0008499,PRD00084,431,1880.19
POI00003479,PO0009456,PRD00037,447,9868.39
POI00003480,PO0006015,PRD00345,445,10843.29
POI00003481,PO0003984,PRD00881,109,13176.07
POI00003482,PO0009270,PRD00440,391,12108.02
POI00003483,PO0000387,PRD00676,494,4189.18
POI00003484,PO0009624,PRD00003,291,4143.44
POI00003485,PO0008328,PRD00156,423,1424.79
POI00003486,PO0007004,PRD00669,363,4850.66
POI00003487,PO0009962,PRD00721,157,7384.49
POI00003488,PO0007048,PRD00715,225,7125.52
POI00003489,PO0006001,PRD00567,91,8082.94
POI00003490,PO0007800,PRD00728,467,6550.29
POI00003491,PO0000092,PRD00521,16,3211.38
POI00003492,PO0002794,PRD00160,426,2180.09
POI00003493,PO0003282,PRD00572,111,14299.0
POI00003494,PO0003280,PRD00602,151,12799.03
POI00003495,PO0009833,PRD00680,177,12884.86
POI00003496,PO0002967,PRD00561,484,5531.95
POI00003497,PO0003735,PRD00940,198,12016.56
POI00003498,PO0001875,PRD00871,462,8636.42
POI00003499,PO0006247,PRD00705,19,14962.24
POI00003500,PO0002892,PRD00358,66,14322.76
POI00003501,PO0009111,PRD00071,266,9562.93
POI00003502,PO0007355,PRD00168,409,5878.6
POI00003503,PO0003628,PRD00232,236,6790.03
POI00003504,PO0000681,PRD00456,143,14536.29
POI00003505,PO0005877,PRD00257,450,12479.22
POI00003506,PO0005734,PRD00827,208,10537.16
POI00003507,PO0003364,PRD00532,358,4963.16
POI00003508,PO0008287,PRD00142,433,3723.43
POI00003509,PO0006630,PRD00656,435,3059.15
POI00003510,PO0006728,PRD00248,38,2381.45
POI00003511,PO0006379,PRD00583,325,2755.82
POI00003512,PO0005529,PRD00059,249,7096.98
POI00003513,PO0000571,PRD00594,166,6920.19
POI00003514,PO0006284,PRD00126,140,12322.6
POI00003515,PO0006481,PRD00340,58,13976.02
POI00003516,PO0009135,PRD00602,180,12799.03
POI00003517,PO0004236,PRD00160,97,2180.09
POI00003518,PO0007520,PRD00381,328,2462.98
POI00003519,PO0005470,PRD00868,416,9943.76
POI00003520,PO0005199,PRD00752,489,1766.8
POI00003521,PO0007060,PRD00253,296,11689.61
POI00003522,PO0003215,PRD00501,261,4943.69
POI00003523,PO0008197,PRD00433,43,10827.08
POI00003524,PO0004243,PRD00982,407,2789.53
POI00003525,PO0000006,PRD00408,46,8695.92
POI00003526,PO0007345,PRD00254,370,12034.79
POI00003527,PO0000495,PRD00355,188,10597.12
POI00003528,PO0002885,PRD00521,204,3211.38
POI00003529,PO0003198,PRD00456,22,14536.29
POI00003530,PO0005324,PRD00352,406,10163.96
POI00003531,PO0003440,PRD00848,142,13378.15
POI00003532,PO0007543,PRD00794,212,14754.3
POI00003533,PO0008457,PRD00419,328,13114.42
POI00003534,PO0009504,PRD00792,54,12139.91
POI00003535,PO0006928,PRD00662,322,1358.75
POI00003536,PO0006838,PRD00673,334,13879.93
POI00003537,PO0002807,PRD00946,199,5214.57
POI00003538,PO0001933,PRD00293,18,14236.45
POI00003539,PO0000327,PRD00995,94,1957.35
POI00003540,PO0008347,PRD00408,400,8695.92
POI00003541,PO0005849,PRD00503,252,8838.11
POI00003542,PO0005936,PRD00025,172,9977.74
POI00003543,PO0004685,PRD00592,297,14420.88
POI00003544,PO0006067,PRD00200,482,12689.72
POI00003545,PO0003327,PRD00769,63,14259.3
POI00003546,PO0004130,PRD00029,477,4613.81
POI00003547,PO0001163,PRD00622,155,3778.03
POI00003548,PO0006348,PRD00115,349,12984.47
POI00003549,PO0006529,PRD00436,21,10630.97
POI00003550,PO0001407,PRD00147,365,10379.48
POI00003551,PO0004843,PRD00254,380,12034.79
POI00003552,PO0007425,PRD00439,372,7978.91
POI00003553,PO0008149,PRD00252,254,5568.19
POI00003554,PO0005901,PRD00351,110,4761.19
POI00003555,PO0003853,PRD00819,340,9433.84
POI00003556,PO0008208,PRD00767,309,8392.39
POI00003557,PO0006655,PRD00423,95,13733.69
POI00003558,PO0007916,PRD00075,304,3718.44
POI00003559,PO0002504,PRD00650,219,5122.22
POI00003560,PO0008969,PRD00810,236,6285.69
POI00003561,PO0005833,PRD00682,91,9106.29
POI00003562,PO0001836,PRD00508,443,9561.68
POI00003563,PO0005279,PRD00902,344,10889.46
POI00003564,PO0004258,PRD00099,417,6175.08
POI00003565,PO0003934,PRD00190,99,6496.64
POI00003566,PO0007785,PRD00252,163,5568.19
POI00003567,PO0004431,PRD00958,253,1630.61
POI00003568,PO0001828,PRD00739,285,7506.27
POI00003569,PO0001046,PRD00763,129,5016.95
POI00003570,PO0004431,PRD00047,130,1038.29
POI00003571,PO0008411,PRD00986,490,7134.56
POI00003572,PO0006591,PRD00520,430,12944.02
POI00003573,PO0000094,PRD00555,21,9697.74
POI00003574,PO0009526,PRD00366,293,11358.19
POI00003575,PO0008915,PRD00275,342,2070.47
POI00003576,PO0002117,PRD00991,39,5985.46
POI00003577,PO0007771,PRD00212,98,194.69
POI00003578,PO0006817,PRD00843,350,14383.19
POI00003579,PO0007065,PRD00080,40,9716.87
POI00003580,PO0004392,PRD00508,433,9561.68
POI00003581,PO0009013,PRD00143,79,2616.16
POI00003582,PO0000587,PRD00532,457,4963.16
POI00003583,PO0007327,PRD00895,287,8698.56
POI00003584,PO0005583,PRD00939,418,12076.99
POI00003585,PO0008509,PRD00019,345,5319.1
POI00003586,PO0004526,PRD00990,435,4921.74
POI00003587,PO0002780,PRD00643,301,5309.18
POI00003588,PO0006555,PRD00413,207,6171.23
POI00003589,PO0001714,PRD00548,378,10982.99
POI00003590,PO0003423,PRD00845,247,2083.84
POI00003591,PO0003842,PRD00359,286,14333.28
POI00003592,PO0002958,PRD00980,448,10478.27
POI00003593,PO0004061,PRD00132,85,14475.18
POI00003594,PO0007952,PRD00488,69,6731.02
POI00003595,PO0006023,PRD00083,257,5329.01
POI00003596,PO0008830,PRD00797,329,11156.8
POI00003597,PO0001864,PRD00222,304,1219.58
POI00003598,PO0008001,PRD00951,373,12745.6
POI00003599,PO0003045,PRD00712,85,5380.83
POI00003600,PO0005307,PRD00315,349,12650.55
POI00003601,PO0010000,PRD00286,315,4652.92
POI00003602,PO0005449,PRD00241,500,2003.96
POI00003603,PO0009668,PRD00980,69,10478.27
POI00003604,PO0001117,PRD00734,268,799.67
POI00003605,PO0004788,PRD00617,85,9490.86
POI00003606,PO0006698,PRD00039,356,829.26
POI00003607,PO0004659,PRD00085,155,2937.79
POI00003608,PO0007276,PRD00951,160,12745.6
POI00003609,PO0009522,PRD00216,80,12937.52
POI00003610,PO0000042,PRD00294,325,7979.54
POI00003611,PO0006374,PRD00267,58,1734.0
POI00003612,PO0009815,PRD00879,316,5831.09
POI00003613,PO0007459,PRD00403,200,560.68
POI00003614,PO0001111,PRD00640,95,14055.38
POI00003615,PO0002902,PRD00807,96,13935.13
POI00003616,PO0007975,PRD00892,39,3978.64
POI00003617,PO0006150,PRD00139,374,11221.75
POI00003618,PO0005210,PRD00977,32,14587.2
POI00003619,PO0007701,PRD00783,413,6326.48
POI00003620,PO0002759,PRD00861,336,12536.29
POI00003621,PO0008329,PRD00337,289,11344.08
POI00003622,PO0009759,PRD00543,443,5993.42
POI00003623,PO0007009,PRD00192,326,10003.41
POI00003624,PO0002330,PRD00775,380,1675.87
POI00003625,PO0006345,PRD00435,183,11483.94
POI00003626,PO0001906,PRD00029,365,4613.81
POI00003627,PO0003660,PRD00212,108,194.69
POI00003628,PO0009252,PRD00353,189,9182.34
POI00003629,PO0003563,PRD00484,435,1711.79
POI00003630,PO0003724,PRD00501,447,4943.69
POI00003631,PO0001867,PRD00761,483,9679.51
POI00003632,PO0009142,PRD00422,44,13723.46
POI00003633,PO0007138,PRD00929,85,2808.45
POI00003634,PO0000316,PRD00011,104,10256.43
POI00003635,PO0006551,PRD00628,254,2699.31
POI00003636,PO0001562,PRD00735,463,8245.45
POI00003637,PO0006265,PRD00823,83,889.68
POI00003638,PO0001520,PRD00120,340,4716.39
POI00003639,PO0006264,PRD00367,171,13626.42
POI00003640,PO0006236,PRD00675,415,9849.43
POI00003641,PO0009942,PRD00889,108,161.6
POI00003642,PO0005339,PRD00868,246,9943.76
POI00003643,PO0007066,PRD00205,234,5692.82
POI00003644,PO0002599,PRD00675,303,9849.43
POI00003645,PO0000062,PRD00381,368,2462.98
POI00003646,PO0003406,PRD00017,463,12322.4
POI00003647,PO0003385,PRD00322,305,11034.26
POI00003648,PO0001470,PRD00996,138,12098.44
POI00003649,PO0000754,PRD00415,38,13727.94
POI00003650,PO0005957,PRD00239,65,3839.78
POI00003651,PO0008225,PRD00221,306,13068.22
POI00003652,PO0004615,PRD00933,123,4789.52
POI00003653,PO0005218,PRD00343,102,10133.19
POI00003654,PO0000188,PRD00580,497,13972.91
POI00003655,PO0006859,PRD00169,404,8843.12
POI00003656,PO0005583,PRD00209,117,9137.57
POI00003657,PO0005161,PRD00604,49,14528.53
POI00003658,PO0004544,PRD00494,436,12749.77
POI00003659,PO0004106,PRD00037,384,9868.39
POI00003660,PO0006808,PRD00591,102,1630.92
POI00003661,PO0006269,PRD00663,160,8339.74
POI00003662,PO0004862,PRD00804,232,14440.13
POI00003663,PO0004515,PRD00156,371,1424.79
POI00003664,PO0004349,PRD00026,239,10030.04
POI00003665,PO0000837,PRD00876,309,12469.02
POI00003666,PO0004778,PRD00237,307,10209.15
POI00003667,PO0007114,PRD00652,41,879.05
POI00003668,PO0001115,PRD00557,267,7804.82
POI00003669,PO0000033,PRD00271,78,14304.78
POI00003670,PO0002850,PRD00994,280,971.84
POI00003671,PO0004259,PRD00657,491,14657.7
POI00003672,PO0006398,PRD00521,387,3211.38
POI00003673,PO0005179,PRD00485,475,9733.24
POI00003674,PO0003135,PRD00063,274,7018.31
POI00003675,PO0009981,PRD00075,391,3718.44
POI00003676,PO0004421,PRD00791,328,10139.71
POI00003677,PO0006479,PRD00882,496,7275.03
POI00003678,PO0009228,PRD00263,131,9261.0
POI00003679,PO0004707,PRD00151,319,13666.4
POI00003680,PO0009430,PRD00332,107,13246.24
POI00003681,PO0001843,PRD00802,98,11346.21
POI00003682,PO0006323,PRD00212,368,194.69
POI00003683,PO0007893,PRD00869,448,7264.23
POI00003684,PO0000429,PRD00621,124,7979.13
POI00003685,PO0008869,PRD00969,396,11985.63
POI00003686,PO0002701,PRD00746,107,5454.4
POI00003687,PO0007719,PRD00617,11,9490.86
POI00003688,PO0002495,PRD00794,318,14754.3
POI00003689,PO0006315,PRD00680,65,12884.86
POI00003690,PO0007830,PRD00713,169,5625.5
POI00003691,PO0008014,PRD00221,401,13068.22
POI00003692,PO0009455,PRD00445,442,6126.75
POI00003693,PO0001642,PRD00829,255,5770.69
POI00003694,PO0007462,PRD00820,161,12985.07
POI00003695,PO0001205,PRD00607,182,12074.14
POI00003696,PO0004636,PRD00587,43,7001.79
POI00003697,PO0001694,PRD00463,60,6510.21
POI00003698,PO0003256,PRD00675,369,9849.43
POI00003699,PO0005869,PRD00557,396,7804.82
POI00003700,PO0006540,PRD00929,144,2808.45
POI00003701,PO0008412,PRD00598,362,4825.42
POI00003702,PO0004373,PRD00905,253,2985.62
POI00003703,PO0000932,PRD00979,33,3320.45
POI00003704,PO0008072,PRD00844,303,10706.01
POI00003705,PO0004978,PRD00175,415,834.63
POI00003706,PO0000083,PRD00665,81,13549.44
POI00003707,PO0006994,PRD00420,374,7232.56
POI00003708,PO0007958,PRD00015,416,4060.74
POI00003709,PO0005499,PRD00321,447,7009.48
POI00003710,PO0009339,PRD00612,480,12339.55
POI00003711,PO0001761,PRD00698,302,3335.68
POI00003712,PO0008843,PRD00837,146,2785.86
POI00003713,PO0007720,PRD00975,418,9296.52
POI00003714,PO0001691,PRD00642,330,6743.72
POI00003715,PO0004804,PRD00981,236,916.09
POI00003716,PO0003792,PRD00171,394,3321.66
POI00003717,PO0005043,PRD00713,78,5625.5
POI00003718,PO0002542,PRD00099,260,6175.08
POI00003719,PO0004730,PRD00647,71,2506.84
POI00003720,PO0009561,PRD00701,153,7267.54
POI00003721,PO0008263,PRD00536,178,5119.31
POI00003722,PO0008764,PRD00468,456,7437.41
POI00003723,PO0008154,PRD00837,101,2785.86
POI00003724,PO0005310,PRD00255,22,13121.82
POI00003725,PO0007256,PRD00701,96,7267.54
POI00003726,PO0001279,PRD00611,368,1908.11
POI00003727,PO0004381,PRD00003,398,4143.44
POI00003728,PO0002456,PRD00207,301,13259.47
POI00003729,PO0000351,PRD00387,75,1001.43
POI00003730,PO0002817,PRD00161,180,14511.66
POI00003731,PO0004636,PRD00172,394,1562.37
POI00003732,PO0007234,PRD00141,219,11958.46
POI00003733,PO0005591,PRD00686,344,2956.03
POI00003734,PO0005920,PRD00319,166,3733.58
POI00003735,PO0003191,PRD00794,150,14754.3
POI00003736,PO0008336,PRD00792,178,12139.91
POI00003737,PO0002100,PRD00595,420,9587.26
POI00003738,PO0003006,PRD00717,78,5192.63
POI00003739,PO0007988,PRD00360,330,11230.29
POI00003740,PO0004450,PRD00095,186,11653.35
POI00003741,PO0000245,PRD00276,322,12469.32
POI00003742,PO0003841,PRD00698,338,3335.68
POI00003743,PO0003294,PRD00136,263,9775.56
POI00003744,PO0002953,PRD00429,116,4484.27
POI00003745,PO0004297,PRD00229,260,5330.98
POI00003746,PO0007056,PRD00143,208,2616.16
POI00003747,PO0007982,PRD00865,108,13316.61
POI00003748,PO0002737,PRD00153,15,10192.25
POI00003749,PO0009010,PRD00851,232,13602.05
POI00003750,PO0009914,PRD00720,30,6824.63
POI00003751,PO0000920,PRD00238,58,1063.4
POI00003752,PO0000861,PRD00872,479,13370.7
POI00003753,PO0004570,PRD00713,171,5625.5
POI00003754,PO0002413,PRD00021,259,650.8
POI00003755,PO0007085,PRD00486,234,14504.82
POI00003756,PO0001900,PRD00755,429,12949.63
POI00003757,PO0006838,PRD00215,64,7543.91
POI00003758,PO0002081,PRD00383,187,3349.4
POI00003759,PO0008582,PRD00396,102,5666.96
POI00003760,PO0002535,PRD00969,151,11985.63
POI00003761,PO0000990,PRD00719,395,9495.01
POI00003762,PO0007452,PRD00507,458,8978.67
POI00003763,PO0004545,PRD00857,396,11441.17
POI00003764,PO0004913,PRD00263,140,9261.0
POI00003765,PO0001783,PRD00251,48,3571.32
POI00003766,PO0005061,PRD00368,286,13705.39
POI00003767,PO0000875,PRD00437,341,981.92
POI00003768,PO0007474,PRD00704,35,9935.11
POI00003769,PO0008882,PRD00067,444,10482.12
POI00003770,PO0002528,PRD00528,85,10694.01
POI00003771,PO0009867,PRD00907,76,14636.64
POI00003772,PO0008639,PRD00481,458,9907.25
POI00003773,PO0003478,PRD00640,407,14055.38
POI00003774,PO0008573,PRD00860,331,1620.12
POI00003775,PO0008339,PRD00464,326,471.83
POI00003776,PO0001839,PRD00265,445,1738.91
POI00003777,PO0009350,PRD00107,340,9087.41
POI00003778,PO0004605,PRD00105,138,7072.97
POI00003779,PO0001866,PRD00262,216,10465.39
POI00003780,PO0007566,PRD00691,290,5216.2
POI00003781,PO0004619,PRD00992,393,10351.03
POI00003782,PO0005953,PRD00284,47,12033.13
POI00003783,PO0001379,PRD00001,17,9837.33
POI00003784,PO0003001,PRD00270,500,2874.72
POI00003785,PO0009452,PRD00963,228,8895.2
POI00003786,PO0004109,PRD00990,401,4921.74
POI00003787,PO0004207,PRD00633,470,8823.37
POI00003788,PO0002171,PRD00066,344,1213.87
POI00003789,PO0008113,PRD00757,448,1024.97
POI00003790,PO0000258,PRD00826,27,9650.03
POI00003791,PO0002300,PRD00177,342,12210.75
POI00003792,PO0005873,PRD00469,136,4552.3
POI00003793,PO0000748,PRD00235,339,664.0
POI00003794,PO0005859,PRD00974,406,12813.95
POI00003795,PO0008784,PRD00487,185,1551.21
POI00003796,PO0001493,PRD00661,452,8498.56
POI00003797,PO0004730,PRD00198,399,2388.57
POI00003798,PO0009578,PRD00371,61,6858.89
POI00003799,PO0001973,PRD00431,409,11469.34
POI00003800,PO0000077,PRD00458,233,10221.05
POI00003801,PO0008117,PRD00359,123,14333.28
POI00003802,PO0001142,PRD00786,352,12658.67
POI00003803,PO0001029,PRD00172,39,1562.37
POI00003804,PO0009280,PRD00579,206,3728.71
POI00003805,PO0000230,PRD00057,407,4964.1
POI00003806,PO0006821,PRD00663,91,8339.74
POI00003807,PO0001896,PRD00708,225,13605.38
POI00003808,PO0001320,PRD00941,217,2714.98
POI00003809,PO0007239,PRD00110,347,13747.81
POI00003810,PO0001066,PRD00951,474,12745.6
POI00003811,PO0006365,PRD00627,140,8481.58
POI00003812,PO0002202,PRD00845,95,2083.84
POI00003813,PO0004046,PRD00055,210,8911.04
POI00003814,PO0008069,PRD00810,255,6285.69
POI00003815,PO0005774,PRD00790,414,11430.76
POI00003816,PO0006800,PRD00125,254,12971.28
POI00003817,PO0003718,PRD00983,422,12437.52
POI00003818,PO0009036,PRD00015,44,4060.74
POI00003819,PO0002267,PRD00624,410,5373.69
POI00003820,PO0003077,PRD00497,332,9476.02
POI00003821,PO0009195,PRD00699,25,8800.55
POI00003822,PO0009567,PRD00060,64,9780.15
POI00003823,PO0006679,PRD00157,472,3075.86
POI00003824,PO0002435,PRD00766,163,11198.97
POI00003825,PO0003782,PRD00626,176,10575.52
POI00003826,PO0002935,PRD00551,202,6646.28
POI00003827,PO0009746,PRD00625,171,8920.39
POI00003828,PO0006760,PRD00316,403,14232.32
POI00003829,PO0001572,PRD00440,243,12108.02
POI00003830,PO0006628,PRD00849,349,10933.19
POI00003831,PO0002744,PRD00858,183,718.7
POI00003832,PO0009426,PRD00485,21,9733.24
POI00003833,PO0009765,PRD00323,99,7763.5
POI00003834,PO0006071,PRD00977,218,14587.2
POI00003835,PO0005353,PRD00566,287,1327.27
POI00003836,PO0008151,PRD00169,59,8843.12
POI00003837,PO0005034,PRD00072,319,2707.96
POI00003838,PO0001134,PRD00971,224,2515.98
POI00003839,PO0006100,PRD00848,29,13378.15
POI00003840,PO0009558,PRD00470,56,10835.82
POI00003841,PO0008968,PRD00566,33,1327.27
POI00003842,PO0004002,PRD00618,175,7236.89
POI00003843,PO0005743,PRD00145,234,6936.79
POI00003844,PO0004709,PRD00157,233,3075.86
POI00003845,PO0009276,PRD00248,10,2381.45
POI00003846,PO0004353,PRD00051,120,8110.25
POI00003847,PO0005643,PRD00343,114,10133.19
POI00003848,PO0001480,PRD00175,479,834.63
POI00003849,PO0009752,PRD00923,18,14211.0
POI00003850,PO0008944,PRD00652,428,879.05
POI00003851,PO0000029,PRD00981,493,916.09
POI00003852,PO0004944,PRD00313,41,9405.33
POI00003853,PO0009076,PRD00909,309,11074.93
POI00003854,PO0004679,PRD00875,163,6782.11
POI00003855,PO0007131,PRD00530,67,5677.57
POI00003856,PO0007618,PRD00861,179,12536.29
POI00003857,PO0002258,PRD00625,135,8920.39
POI00003858,PO0006893,PRD00020,451,14093.42
POI00003859,PO0008659,PRD00221,437,13068.22
POI00003860,PO0002864,PRD00844,314,10706.01
POI00003861,PO0001420,PRD00594,93,6920.19
POI00003862,PO0008624,PRD00807,143,13935.13
POI00003863,PO0003754,PRD00928,250,5618.25
POI00003864,PO0007786,PRD00222,202,1219.58
POI00003865,PO0003845,PRD00008,20,8448.73
POI00003866,PO0004773,PRD00998,284,8420.65
POI00003867,PO0003626,PRD00348,322,10382.26
POI00003868,PO0005423,PRD00724,109,11372.17
POI00003869,PO0005118,PRD00801,146,12463.35
POI00003870,PO0005822,PRD00192,43,10003.41
POI00003871,PO0009693,PRD00690,149,2729.55
POI00003872,PO0005059,PRD00671,461,13764.06
POI00003873,PO0001739,PRD00945,379,3955.76
POI00003874,PO0005680,PRD00720,249,6824.63
POI00003875,PO0006634,PRD00061,319,14248.21
POI00003876,PO0008715,PRD00025,24,9977.74
POI00003877,PO0002842,PRD00322,257,11034.26
POI00003878,PO0002691,PRD00260,422,500.56
POI00003879,PO0003272,PRD00802,430,11346.21
POI00003880,PO0005121,PRD00883,269,13462.78
POI00003881,PO0006539,PRD00253,219,11689.61
POI00003882,PO0009168,PRD00219,284,12493.83
POI00003883,PO0002918,PRD00153,331,10192.25
POI00003884,PO0009990,PRD00365,287,9821.16
POI00003885,PO0008452,PRD00474,275,4767.61
POI00003886,PO0009853,PRD01000,51,1107.64
POI00003887,PO0007764,PRD00797,431,11156.8
POI00003888,PO0009346,PRD00546,288,218.56
POI00003889,PO0001132,PRD00378,321,5802.93
POI00003890,PO0000301,PRD00900,245,12362.97
POI00003891,PO0001844,PRD00073,26,7015.92
POI00003892,PO0007675,PRD00387,277,1001.43
POI00003893,PO0002765,PRD00258,395,13278.68
POI00003894,PO0002719,PRD00791,439,10139.71
POI00003895,PO0000320,PRD00271,76,14304.78
POI00003896,PO0007493,PRD00970,85,2893.48
POI00003897,PO0004218,PRD00563,190,13844.88
POI00003898,PO0008230,PRD00364,396,10243.38
POI00003899,PO0007312,PRD00465,41,12966.68
POI00003900,PO0002244,PRD00101,48,1142.0
POI00003901,PO0000797,PRD00517,457,8167.29
POI00003902,PO0004420,PRD00890,287,7834.85
POI00003903,PO0008734,PRD00500,244,8694.03
POI00003904,PO0000966,PRD00051,403,8110.25
POI00003905,PO0005578,PRD00413,442,6171.23
POI00003906,PO0006741,PRD00054,489,13799.56
POI00003907,PO0006226,PRD00706,192,11072.04
POI00003908,PO0009029,PRD00424,126,7036.46
POI00003909,PO0002580,PRD00141,120,11958.46
POI00003910,PO0006398,PRD00254,147,12034.79
POI00003911,PO0009766,PRD00616,334,1388.81
POI00003912,PO0009567,PRD00791,92,10139.71
POI00003913,PO0007512,PRD00713,219,5625.5
POI00003914,PO0007285,PRD00604,323,14528.53
POI00003915,PO0001260,PRD00098,66,2423.29
POI00003916,PO0009470,PRD00399,311,10939.64
POI00003917,PO0005812,PRD00400,107,14679.08
POI00003918,PO0000226,PRD00306,187,7923.38
POI00003919,PO0000496,PRD00643,397,5309.18
POI00003920,PO0009939,PRD00062,37,3639.09
POI00003921,PO0007388,PRD00463,162,6510.21
POI00003922,PO0000526,PRD00122,97,7515.76
POI00003923,PO0009599,PRD00821,257,9726.69
POI00003924,PO0001949,PRD00253,447,11689.61
POI00003925,PO0003084,PRD00155,59,11846.07
POI00003926,PO0006368,PRD00676,10,4189.18
POI00003927,PO0002633,PRD00776,73,3296.6
POI00003928,PO0000558,PRD00574,426,11589.74
POI00003929,PO0005681,PRD00483,23,8191.19
POI00003930,PO0006486,PRD00378,291,5802.93
POI00003931,PO0007567,PRD00575,158,4003.21
POI00003932,PO0007490,PRD00323,265,7763.5
POI00003933,PO0004801,PRD00117,74,9411.1
POI00003934,PO0006138,PRD00114,215,6866.0
POI00003935,PO0008390,PRD00544,308,6484.13
POI00003936,PO0000384,PRD00219,343,12493.83
POI00003937,PO0008008,PRD00100,375,3533.63
POI00003938,PO0006470,PRD00811,491,13260.28
POI00003939,PO0008733,PRD00283,227,14607.96
POI00003940,PO0002495,PRD00264,170,12537.65
POI00003941,PO0006344,PRD00863,378,7788.61
POI00003942,PO0001803,PRD00359,166,14333.28
POI00003943,PO0004610,PRD00583,407,2755.82
POI00003944,PO0005816,PRD00046,453,2330.39
POI00003945,PO0004476,PRD00208,364,10135.61
POI00003946,PO0001439,PRD00435,135,11483.94
POI00003947,PO0007372,PRD00142,342,3723.43
POI00003948,PO0000144,PRD00739,269,7506.27
POI00003949,PO0005485,PRD00723,127,642.86
POI00003950,PO0001366,PRD00407,153,2170.82
POI00003951,PO0008569,PRD00583,286,2755.82
POI00003952,PO0009319,PRD00109,294,11465.59
POI00003953,PO0002090,PRD00333,268,755.02
POI00003954,PO0008633,PRD00432,318,6955.57
POI00003955,PO0009415,PRD00374,185,290.14
POI00003956,PO0006821,PRD00569,55,1366.29
POI00003957,PO0005604,PRD00299,279,14959.16
POI00003958,PO0002979,PRD00484,288,1711.79
POI00003959,PO0003822,PRD00683,158,11134.9
POI00003960,PO0008483,PRD00316,421,14232.32
POI00003961,PO0001007,PRD00941,317,2714.98
POI00003962,PO0005190,PRD00707,244,5200.05
POI00003963,PO0000089,PRD00298,154,1909.75
POI00003964,PO0006660,PRD00756,165,13812.34
POI00003965,PO0005371,PRD00202,172,2771.81
POI00003966,PO0006584,PRD00834,120,4625.99
POI00003967,PO0001266,PRD00554,97,5324.91
POI00003968,PO0004262,PRD00610,113,3030.44
POI00003969,PO0004230,PRD00185,318,6440.0
POI00003970,PO0006122,PRD00995,186,1957.35
POI00003971,PO0000559,PRD00759,325,6538.09
POI00003972,PO0003668,PRD00991,201,5985.46
POI00003973,PO0009084,PRD00589,432,13991.37
POI00003974,PO0007910,PRD00565,457,1309.82
POI00003975,PO0007478,PRD00475,69,14519.03
POI00003976,PO0009196,PRD00914,125,14209.47
POI00003977,PO0002204,PRD00929,490,2808.45
POI00003978,PO0003210,PRD00869,24,7264.23
POI00003979,PO0004462,PRD00887,409,6428.3
POI00003980,PO0004362,PRD00897,456,11763.99
POI00003981,PO0000814,PRD00910,231,10913.99
POI00003982,PO0002831,PRD00033,263,12290.88
POI00003983,PO0005883,PRD00426,387,11443.5
POI00003984,PO0008628,PRD00928,324,5618.25
POI00003985,PO0009182,PRD00070,480,12755.67
POI00003986,PO0004789,PRD00169,18,8843.12
POI00003987,PO0007657,PRD00046,13,2330.39
POI00003988,PO0006604,PRD00978,203,10928.44
POI00003989,PO0008286,PRD00195,103,8830.06
POI00003990,PO0003820,PRD00330,285,4277.84
POI00003991,PO0006717,PRD00126,218,12322.6
POI00003992,PO0005127,PRD00180,113,5424.97
POI00003993,PO0006489,PRD00090,199,7083.4
POI00003994,PO0003339,PRD00803,125,4469.13
POI00003995,PO0002671,PRD00592,386,14420.88
POI00003996,PO0008173,PRD00437,244,981.92
POI00003997,PO0006536,PRD00095,336,11653.35
POI00003998,PO0000957,PRD00769,140,14259.3
POI00003999,PO0005960,PRD00549,131,2125.97
POI00004000,PO0009129,PRD00482,73,14861.25
POI00004001,PO0001817,PRD00810,235,6285.69
POI00004002,PO0005442,PRD00853,176,2077.51
POI00004003,PO0009959,PRD00902,175,10889.46
POI00004004,PO0004779,PRD00531,279,7772.95
POI00004005,PO0003099,PRD00457,381,7399.8
POI00004006,PO0005938,PRD00574,298,11589.74
POI00004007,PO0008244,PRD00753,157,1627.4
POI00004008,PO0008568,PRD00882,155,7275.03
POI00004009,PO0007364,PRD00405,103,8998.95
POI00004010,PO0005891,PRD00221,237,13068.22
POI00004011,PO0001248,PRD00638,375,14235.92
POI00004012,PO0003831,PRD00719,24,9495.01
POI00004013,PO0004301,PRD00680,443,12884.86
POI00004014,PO0009107,PRD00157,271,3075.86
POI00004015,PO0002419,PRD00965,275,8131.85
POI00004016,PO0007592,PRD00149,130,8656.19
POI00004017,PO0003282,PRD00192,418,10003.41
POI00004018,PO0009132,PRD00006,350,12453.87
POI00004019,PO0000519,PRD00620,255,517.21
POI00004020,PO0009441,PRD00752,92,1766.8
POI00004021,PO0005337,PRD00339,341,7828.44
POI00004022,PO0008374,PRD00316,99,14232.32
POI00004023,PO0000169,PRD00063,135,7018.31
POI00004024,PO0007923,PRD00246,465,12678.87
POI00004025,PO0005530,PRD00533,52,10985.5
POI00004026,PO0005569,PRD00587,451,7001.79
POI00004027,PO0005135,PRD00053,267,10059.59
POI00004028,PO0003857,PRD00737,199,9372.14
POI00004029,PO0005975,PRD00615,477,9737.39
POI00004030,PO0009213,PRD00824,474,13671.92
POI00004031,PO0008819,PRD00077,454,3244.83
POI00004032,PO0001065,PRD00878,294,13841.49
POI00004033,PO0008578,PRD00486,78,14504.82
POI00004034,PO0000740,PRD00121,376,14884.48
POI00004035,PO0006120,PRD00223,101,13596.37
POI00004036,PO0007145,PRD00663,217,8339.74
POI00004037,PO0005200,PRD00273,255,3864.46
POI00004038,PO0000387,PRD00585,134,4963.33
POI00004039,PO0007605,PRD00741,339,13662.52
POI00004040,PO0006035,PRD00846,48,5432.42
POI00004041,PO0000021,PRD00391,373,8417.25
POI00004042,PO0009879,PRD00235,98,664.0
POI00004043,PO0003407,PRD00773,148,8251.54
POI00004044,PO0003876,PRD00950,293,13034.4
POI00004045,PO0000524,PRD00132,168,14475.18
POI00004046,PO0005136,PRD00234,392,12179.62
POI00004047,PO0003849,PRD00101,313,1142.0
POI00004048,PO0003614,PRD00633,43,8823.37
POI00004049,PO0003417,PRD00392,263,5987.55
POI00004050,PO0004595,PRD00449,242,4124.74
POI00004051,PO0001461,PRD00005,436,13587.62
POI00004052,PO0002784,PRD00798,47,10418.61
POI00004053,PO0008151,PRD00325,131,14185.14
POI00004054,PO0009029,PRD00038,195,11694.03
POI00004055,PO0007570,PRD00894,256,2746.5
POI00004056,PO0006380,PRD00771,276,10772.54
POI00004057,PO0009011,PRD00683,354,11134.9
POI00004058,PO0008913,PRD00056,221,2104.64
POI00004059,PO0003972,PRD00253,494,11689.61
POI00004060,PO0002019,PRD00104,324,8958.06
POI00004061,PO0002058,PRD00928,436,5618.25
POI00004062,PO0005323,PRD00856,208,11059.92
POI00004063,PO0001095,PRD00943,54,6024.16
POI00004064,PO0005642,PRD00203,219,171.1
POI00004065,PO0004524,PRD00786,197,12658.67
POI00004066,PO0001990,PRD00504,187,12220.97
POI00004067,PO0001092,PRD00005,182,13587.62
POI00004068,PO0003732,PRD00352,339,10163.96
POI00004069,PO0006357,PRD00787,236,3077.27
POI00004070,PO0003646,PRD00048,336,1009.0
POI00004071,PO0003402,PRD00754,69,2784.41
POI00004072,PO0007394,PRD00404,311,3670.74
POI00004073,PO0005468,PRD00666,10,1874.61
POI00004074,PO0008739,PRD00564,185,9458.27
POI00004075,PO0004898,PRD00966,477,6230.08
POI00004076,PO0000201,PRD00890,115,7834.85
POI00004077,PO0003901,PRD00328,481,13195.81
POI00004078,PO0000890,PRD00053,109,10059.59
POI00004079,PO0007904,PRD00160,107,2180.09
POI00004080,PO0008386,PRD00010,391,704.09
POI00004081,PO0008150,PRD00818,211,2577.53
POI00004082,PO0007373,PRD00843,15,14383.19
POI00004083,PO0008027,PRD00721,203,7384.49
POI00004084,PO0006541,PRD00682,455,9106.29
POI00004085,PO0005681,PRD00292,266,14246.05
POI00004086,PO0004204,PRD00725,432,9430.17
POI00004087,PO0007084,PRD00965,92,8131.85
POI00004088,PO0000113,PRD00588,243,11008.35
POI00004089,PO0007181,PRD00914,212,14209.47
POI00004090,PO0003681,PRD00389,474,10776.42
POI00004091,PO0008204,PRD00063,283,7018.31
POI00004092,PO0000923,PRD00195,296,8830.06
POI00004093,PO0005374,PRD00170,318,12518.7
POI00004094,PO0001065,PRD00598,36,4825.42
POI00004095,PO0002334,PRD00813,368,1791.65
POI00004096,PO0001253,PRD00305,406,1060.96
POI00004097,PO0002350,PRD00524,229,4908.91
POI00004098,PO0006122,PRD00851,122,13602.05
POI00004099,PO0000648,PRD00229,70,5330.98
POI00004100,PO0006657,PRD00211,426,7941.86
POI00004101,PO0005554,PRD00046,233,2330.39
POI00004102,PO0005235,PRD00612,371,12339.55
POI00004103,PO0003491,PRD00045,474,3578.64
POI00004104,PO0008548,PRD00475,266,14519.03
POI00004105,PO0007470,PRD00594,196,6920.19
POI00004106,PO0006316,PRD00140,499,6699.68
POI00004107,PO0007255,PRD00268,285,9508.77
POI00004108,PO0001626,PRD00717,57,5192.63
POI00004109,PO0009667,PRD00200,339,12689.72
POI00004110,PO0002744,PRD00729,376,5440.02
POI00004111,PO0005367,PRD00665,467,13549.44
POI00004112,PO0004087,PRD00598,198,4825.42
POI00004113,PO0004625,PRD00583,413,2755.82
POI00004114,PO0007880,PRD00764,492,6096.89
POI00004115,PO0003893,PRD00707,209,5200.05
POI00004116,PO0008320,PRD00821,268,9726.69
POI00004117,PO0005409,PRD00372,472,12777.81
POI00004118,PO0000036,PRD00203,47,171.1
POI00004119,PO0004468,PRD00224,273,3605.13
POI00004120,PO0002700,PRD00564,64,9458.27
POI00004121,PO0005205,PRD00457,449,7399.8
POI00004122,PO0007610,PRD00402,69,2394.41
POI00004123,PO0004445,PRD00066,411,1213.87
POI00004124,PO0001462,PRD00907,422,14636.64
POI00004125,PO0005162,PRD00155,54,11846.07
POI00004126,PO0006124,PRD00591,219,1630.92
POI00004127,PO0003451,PRD00042,363,12472.09
POI00004128,PO0003084,PRD00844,344,10706.01
POI00004129,PO0002595,PRD00089,400,9597.02
POI00004130,PO0009814,PRD00910,390,10913.99
POI00004131,PO0002416,PRD00828,167,11820.43
POI00004132,PO0001030,PRD00331,310,4343.37
POI00004133,PO0007805,PRD00690,439,2729.55
POI00004134,PO0005273,PRD00536,24,5119.31
POI00004135,PO0007611,PRD00308,287,1994.75
POI00004136,PO0004094,PRD00114,96,6866.0
POI00004137,PO0006322,PRD00816,269,7753.49
POI00004138,PO0001354,PRD00181,429,2679.75
POI00004139,PO0007010,PRD00096,148,4636.27
POI00004140,PO0003891,PRD00886,496,8868.6
POI00004141,PO0001228,PRD00340,433,13976.02
POI00004142,PO0004113,PRD00826,252,9650.03
POI00004143,PO0005680,PRD00327,246,11465.77
POI00004144,PO0000431,PRD00289,185,5500.6
POI00004145,PO0000291,PRD00728,292,6550.29
POI00004146,PO0008532,PRD00703,31,2890.33
POI00004147,PO0009618,PRD00617,177,9490.86
POI00004148,PO0009000,PRD00004,416,10337.46
POI00004149,PO0004778,PRD00737,71,9372.14
POI00004150,PO0005031,PRD00896,115,12836.58
POI00004151,PO0007449,PRD00918,163,1087.91
POI00004152,PO0009847,PRD00069,196,9949.9
POI00004153,PO0002670,PRD00707,342,5200.05
POI00004154,PO0008598,PRD00688,322,5575.81
POI00004155,PO0001547,PRD00942,336,11797.17
POI00004156,PO0006879,PRD00967,25,5210.76
POI00004157,PO0000248,PRD00330,454,4277.84
POI00004158,PO0003925,PRD00074,434,12787.56
POI00004159,PO0007051,PRD00118,261,13920.88
POI00004160,PO0005666,PRD00319,318,3733.58
POI00004161,PO0002179,PRD00173,346,983.41
POI00004162,PO0009997,PRD00918,196,1087.91
POI00004163,PO0002532,PRD00624,87,5373.69
POI00004164,PO0004573,PRD00707,209,5200.05
POI00004165,PO0006558,PRD00939,49,12076.99
POI00004166,PO0001320,PRD00474,368,4767.61
POI00004167,PO0006183,PRD00959,118,4695.81
POI00004168,PO0006753,PRD00947,420,8686.66
POI00004169,PO0008145,PRD00855,43,11377.51
POI00004170,PO0009830,PRD00406,405,6081.8
POI00004171,PO0000642,PRD00455,316,3543.59
POI00004172,PO0004346,PRD00305,494,1060.96
POI00004173,PO0007023,PRD00503,278,8838.11
POI00004174,PO0008876,PRD00091,408,14120.67
POI00004175,PO0002622,PRD00845,149,2083.84
POI00004176,PO0002452,PRD00024,224,5514.18
POI00004177,PO0008647,PRD00424,402,7036.46
POI00004178,PO0004667,PRD00157,73,3075.86
POI00004179,PO0006858,PRD00389,45,10776.42
POI00004180,PO0001559,PRD00347,116,2926.5
POI00004181,PO0000793,PRD00673,150,13879.93
POI00004182,PO0004503,PRD00733,159,8941.35
POI00004183,PO0008590,PRD00066,436,1213.87
POI00004184,PO0002654,PRD00521,243,3211.38
POI00004185,PO0002738,PRD00324,394,4070.68
POI00004186,PO0000094,PRD00224,216,3605.13
POI00004187,PO0000574,PRD00758,77,14670.2
POI00004188,PO0000406,PRD00331,160,4343.37
POI00004189,PO0004511,PRD00723,221,642.86
POI00004190,PO0006742,PRD00979,356,3320.45
POI00004191,PO0003516,PRD00982,457,2789.53
POI00004192,PO0006990,PRD00075,296,3718.44
POI00004193,PO0004357,PRD00238,495,1063.4
POI00004194,PO0008073,PRD00989,89,12965.77
POI00004195,PO0001983,PRD00223,311,13596.37
POI00004196,PO0006230,PRD00814,174,14386.74
POI00004197,PO0000882,PRD00413,221,6171.23
POI00004198,PO0002201,PRD00832,173,14364.28
POI00004199,PO0002458,PRD00705,112,14962.24
POI00004200,PO0001365,PRD00522,269,2556.45
POI00004201,PO0008933,PRD00617,10,9490.86
POI00004202,PO0003899,PRD00614,267,6734.49
POI00004203,PO0009199,PRD00138,70,9292.5
POI00004204,PO0006324,PRD00921,464,10131.57
POI00004205,PO0008169,PRD00548,175,10982.99
POI00004206,PO0004229,PRD00200,28,12689.72
POI00004207,PO0001441,PRD00952,305,4757.15
POI00004208,PO0004950,PRD00664,127,8624.9
POI00004209,PO0003594,PRD00036,427,10797.72
POI00004210,PO0004741,PRD00780,151,12595.14
POI00004211,PO0002547,PRD00936,361,5539.59
POI00004212,PO0003837,PRD00141,468,11958.46
POI00004213,PO0009410,PRD00635,52,2679.1
POI00004214,PO0001759,PRD00906,313,9258.63
POI00004215,PO0001221,PRD00225,418,11422.41
POI00004216,PO0009983,PRD00840,64,1992.97
POI00004217,PO0000431,PRD00056,83,2104.64
POI00004218,PO0000148,PRD00597,173,12775.63
POI00004219,PO0008961,PRD00936,89,5539.59
POI00004220,PO0007547,PRD00616,157,1388.81
POI00004221,PO0007398,PRD00126,269,12322.6
POI00004222,PO0000148,PRD00416,392,5875.21
POI00004223,PO0000287,PRD00213,446,11481.28
POI00004224,PO0000994,PRD00457,141,7399.8
POI00004225,PO0002364,PRD00126,63,12322.6
POI00004226,PO0003372,PRD00726,154,2003.65
POI00004227,PO0000758,PRD00060,412,9780.15
POI00004228,PO0004990,PRD00153,364,10192.25
POI00004229,PO0007301,PRD00339,274,7828.44
POI00004230,PO0009847,PRD00336,403,14628.24
POI00004231,PO0001432,PRD00578,469,3487.79
POI00004232,PO0006063,PRD00643,189,5309.18
POI00004233,PO0001052,PRD00347,270,2926.5
POI00004234,PO0001276,PRD00173,478,983.41
POI00004235,PO0003108,PRD00230,242,928.8
POI00004236,PO0007568,PRD00093,357,12182.24
POI00004237,PO0005302,PRD00789,471,7598.09
POI00004238,PO0008427,PRD00788,339,13824.18
POI00004239,PO0001552,PRD00959,302,4695.81
POI00004240,PO0007378,PRD00127,230,12989.69
POI00004241,PO0008297,PRD00887,250,6428.3
POI00004242,PO0001399,PRD00844,242,10706.01
POI00004243,PO0007101,PRD00898,231,11808.33
POI00004244,PO0004647,PRD00480,187,10120.83
POI00004245,PO0000244,PRD00371,339,6858.89
POI00004246,PO0002454,PRD00879,96,5831.09
POI00004247,PO0004068,PRD00262,384,10465.39
POI00004248,PO0005963,PRD00267,32,1734.0
POI00004249,PO0004793,PRD00658,342,7106.49
POI00004250,PO0007167,PRD00327,72,11465.77
POI00004251,PO0007305,PRD00265,164,1738.91
POI00004252,PO0003695,PRD00801,305,12463.35
POI00004253,PO0005091,PRD00500,373,8694.03
POI00004254,PO0008550,PRD00550,219,1100.7
POI00004255,PO0002091,PRD00882,499,7275.03
POI00004256,PO0000581,PRD00100,284,3533.63
POI00004257,PO0008992,PRD00325,63,14185.14
POI00004258,PO0006231,PRD00006,39,12453.87
POI00004259,PO0000326,PRD00672,479,1758.78
POI00004260,PO0001995,PRD00948,315,5378.23
POI00004261,PO0009473,PRD00221,361,13068.22
POI00004262,PO0007220,PRD00553,419,1373.39
POI00004263,PO0004381,PRD00378,17,5802.93
POI00004264,PO0006801,PRD00004,32,10337.46
POI00004265,PO0002197,PRD00899,55,2478.21
POI00004266,PO0002580,PRD00549,68,2125.97
POI00004267,PO0005863,PRD00221,320,13068.22
POI00004268,PO0003215,PRD00330,58,4277.84
POI00004269,PO0008741,PRD00637,89,11031.21
POI00004270,PO0000877,PRD00320,389,1168.76
POI00004271,PO0004793,PRD00540,487,3098.59
POI00004272,PO0008523,PRD00955,281,9957.38
POI00004273,PO0000024,PRD00903,160,10697.16
POI00004274,PO0000980,PRD00161,169,14511.66
POI00004275,PO0006713,PRD00076,161,5099.04
POI00004276,PO0001813,PRD00810,394,6285.69
POI00004277,PO0007827,PRD00442,242,4068.49
POI00004278,PO0005292,PRD00846,452,5432.42
POI00004279,PO0004508,PRD00083,335,5329.01
POI00004280,PO0007691,PRD00500,122,8694.03
POI00004281,PO0008120,PRD00399,482,10939.64
POI00004282,PO0007596,PRD00186,296,13497.06
POI00004283,PO0002696,PRD00945,166,3955.76
POI00004284,PO0000585,PRD00177,278,12210.75
POI00004285,PO0003037,PRD00819,93,9433.84
POI00004286,PO0005827,PRD00380,59,10416.11
POI00004287,PO0004931,PRD00351,495,4761.19
POI00004288,PO0009813,PRD00672,494,1758.78
POI00004289,PO0003098,PRD00294,488,7979.54
POI00004290,PO0008112,PRD00074,194,12787.56
POI00004291,PO0007846,PRD00329,386,14502.96
POI00004292,PO0007054,PRD00123,436,6279.12
POI00004293,PO0005882,PRD00551,489,6646.28
POI00004294,PO0008906,PRD00109,167,11465.59
POI00004295,PO0000591,PRD00777,414,1687.86
POI00004296,PO0002640,PRD00916,11,11381.5
POI00004297,PO0008034,PRD00876,204,12469.02
POI00004298,PO0006085,PRD00600,153,6787.54
POI00004299,PO0001114,PRD00071,293,9562.93
POI00004300,PO0004784,PRD00837,229,2785.86
POI00004301,PO0004880,PRD00176,421,1103.66
POI00004302,PO0009804,PRD00086,82,14709.22
POI00004303,PO0003454,PRD00875,152,6782.11
POI00004304,PO0005093,PRD00706,19,11072.04
POI00004305,PO0003002,PRD00618,88,7236.89
POI00004306,PO0006127,PRD00511,317,2991.32
POI00004307,PO0004354,PRD00965,325,8131.85
POI00004308,PO0000396,PRD00619,324,5874.65
POI00004309,PO0006541,PRD00141,375,11958.46
POI00004310,PO0005106,PRD00259,318,7569.95
POI00004311,PO0006145,PRD00015,297,4060.74
POI00004312,PO0007727,PRD00569,457,1366.29
POI00004313,PO0002539,PRD00397,93,1277.33
POI00004314,PO0009445,PRD00477,384,8916.03
POI00004315,PO0008978,PRD00897,426,11763.99
POI00004316,PO0006655,PRD00394,162,14023.98
POI00004317,PO0001577,PRD00055,92,8911.04
POI00004318,PO0008478,PRD00340,272,13976.02
POI00004319,PO0006684,PRD00475,11,14519.03
POI00004320,PO0003550,PRD00897,184,11763.99
POI00004321,PO0000897,PRD00984,417,5821.18
POI00004322,PO0006754,PRD00357,16,1898.36
POI00004323,PO0006256,PRD00387,469,1001.43
POI00004324,PO0000787,PRD00626,357,10575.52
POI00004325,PO0002616,PRD00882,64,7275.03
POI00004326,PO0008617,PRD00964,126,7890.02
POI00004327,PO0007710,PRD00041,373,14254.59
POI00004328,PO0009417,PRD00757,453,1024.97
POI00004329,PO0003661,PRD00755,335,12949.63
POI00004330,PO0004169,PRD00297,195,3281.39
POI00004331,PO0006476,PRD00683,337,11134.9
POI00004332,PO0004300,PRD00786,235,12658.67
POI00004333,PO0004090,PRD00576,31,6871.55
POI00004334,PO0002442,PRD00214,364,11225.45
POI00004335,PO0008033,PRD00185,186,6440.0
POI00004336,PO0009371,PRD00480,143,10120.83
POI00004337,PO0003784,PRD00838,410,9698.54
POI00004338,PO0003382,PRD00386,55,7920.56
POI00004339,PO0007394,PRD00077,285,3244.83
POI00004340,PO0009122,PRD00258,115,13278.68
POI00004341,PO0002791,PRD00953,186,4127.02
POI00004342,PO0007129,PRD00285,53,8218.48
POI00004343,PO0003092,PRD00582,82,12403.88
POI00004344,PO0001909,PRD00207,274,13259.47
POI00004345,PO0008075,PRD00453,445,5806.99
POI00004346,PO0003016,PRD00791,35,10139.71
POI00004347,PO0004686,PRD00690,121,2729.55
POI00004348,PO0006802,PRD00383,245,3349.4
POI00004349,PO0001263,PRD00207,450,13259.47
POI00004350,PO0009133,PRD00933,58,4789.52
POI00004351,PO0004512,PRD00927,445,9238.3
POI00004352,PO0008556,PRD00295,147,14410.96
POI00004353,PO0008355,PRD00849,277,10933.19
POI00004354,PO0002076,PRD00474,404,4767.61
POI00004355,PO0007478,PRD00978,395,10928.44
POI00004356,PO0009243,PRD00969,33,11985.63
POI00004357,PO0001190,PRD00861,87,12536.29
POI00004358,PO0008280,PRD00694,274,9801.68
POI00004359,PO0005408,PRD00112,316,10078.39
POI00004360,PO0001895,PRD00739,255,7506.27
POI00004361,PO0008592,PRD00263,494,9261.0
POI00004362,PO0007462,PRD00678,188,815.42
POI00004363,PO0008567,PRD00877,217,9378.32
POI00004364,PO0009043,PRD00030,111,7017.62
POI00004365,PO0002035,PRD00666,196,1874.61
POI00004366,PO0000238,PRD00596,339,6569.94
POI00004367,PO0002478,PRD00324,126,4070.68
POI00004368,PO0005501,PRD00196,428,6209.26
POI00004369,PO0001974,PRD00043,468,6795.04
POI00004370,PO0006729,PRD00077,382,3244.83
POI00004371,PO0005301,PRD00654,29,8610.81
POI00004372,PO0008689,PRD00898,303,11808.33
POI00004373,PO0009750,PRD00578,380,3487.79
POI00004374,PO0005399,PRD00042,436,12472.09
POI00004375,PO0001487,PRD00132,460,14475.18
POI00004376,PO0006846,PRD00765,164,1393.26
POI00004377,PO0000036,PRD00528,494,10694.01
POI00004378,PO0002519,PRD00003,261,4143.44
POI00004379,PO0004351,PRD00137,241,14315.76
POI00004380,PO0008103,PRD00335,226,12393.64
POI00004381,PO0006459,PRD00788,309,13824.18
POI00004382,PO0007986,PRD00431,477,11469.34
POI00004383,PO0007143,PRD00296,176,13710.05
POI00004384,PO0004288,PRD00166,354,9766.65
POI00004385,PO0007923,PRD00992,196,10351.03
POI00004386,PO0007256,PRD00586,212,4430.6
POI00004387,PO0006485,PRD00927,193,9238.3
POI00004388,PO0005321,PRD00153,353,10192.25
POI00004389,PO0008544,PRD00443,445,8509.83
POI00004390,PO0009574,PRD00696,74,3418.65
POI00004391,PO0009976,PRD00565,327,1309.82
POI00004392,PO0007797,PRD00729,484,5440.02
POI00004393,PO0001149,PRD00692,471,4333.24
POI00004394,PO0001662,PRD00647,202,2506.84
POI00004395,PO0000778,PRD00844,244,10706.01
POI00004396,PO0007969,PRD00070,182,12755.67
POI00004397,PO0002862,PRD00242,262,9680.92
POI00004398,PO0003557,PRD00993,311,2432.86
POI00004399,PO0003701,PRD00291,69,1083.12
POI00004400,PO0003717,PRD00375,126,2698.38
POI00004401,PO0004613,PRD00756,419,13812.34
POI00004402,PO0007736,PRD00754,331,2784.41
POI00004403,PO0007232,PRD00672,447,1758.78
POI00004404,PO0007283,PRD00917,282,13456.14
POI00004405,PO0003345,PRD00579,137,3728.71
POI00004406,PO0001853,PRD00765,392,1393.26
POI00004407,PO0001094,PRD00580,209,13972.91
POI00004408,PO0001351,PRD00723,201,642.86
POI00004409,PO0005198,PRD00387,492,1001.43
POI00004410,PO0008615,PRD00282,100,6599.31
POI00004411,PO0001892,PRD00329,19,14502.96
POI00004412,PO0009593,PRD00939,135,12076.99
POI00004413,PO0005164,PRD00631,326,968.57
POI00004414,PO0007417,PRD00865,348,13316.61
POI00004415,PO0008449,PRD00922,408,7190.21
POI00004416,PO0002243,PRD00875,339,6782.11
POI00004417,PO0005437,PRD00332,212,13246.24
POI00004418,PO0006778,PRD00030,16,7017.62
POI00004419,PO0002070,PRD00077,262,3244.83
POI00004420,PO0002725,PRD00708,378,13605.38
POI00004421,PO0009082,PRD00991,55,5985.46
POI00004422,PO0002121,PRD00088,262,759.09
POI00004423,PO0009886,PRD00542,88,3815.81
POI00004424,PO0001289,PRD00924,411,3584.13
POI00004425,PO0009772,PRD00455,341,3543.59
POI00004426,PO0009919,PRD00028,475,9263.48
POI00004427,PO0000453,PRD00386,436,7920.56
POI00004428,PO0003290,PRD00176,485,1103.66
POI00004429,PO0002237,PRD00272,107,5905.57
POI00004430,PO0008265,PRD00983,469,12437.52
POI00004431,PO0007723,PRD00647,160,2506.84
POI00004432,PO0003969,PRD00567,118,8082.94
POI00004433,PO0000829,PRD00348,289,10382.26
POI00004434,PO0007498,PRD00197,249,14528.51
POI00004435,PO0007871,PRD00101,58,1142.0
POI00004436,PO0004792,PRD00772,65,11409.05
POI00004437,PO0005493,PRD00307,209,14587.91
POI00004438,PO0003594,PRD00816,128,7753.49
POI00004439,PO0001834,PRD00279,217,14005.9
POI00004440,PO0006882,PRD00035,41,9200.21
POI00004441,PO0000126,PRD00275,328,2070.47
POI00004442,PO0004122,PRD00499,53,5881.43
POI00004443,PO0003474,PRD00983,165,12437.52
POI00004444,PO0009644,PRD00960,136,2038.65
POI00004445,PO0009570,PRD00651,155,6515.34
POI00004446,PO0002643,PRD00827,306,10537.16
POI00004447,PO0006203,PRD00761,469,9679.51
POI00004448,PO0004296,PRD00697,83,6403.2
POI00004449,PO0008707,PRD00881,494,13176.07
POI00004450,PO0009585,PRD00143,322,2616.16
POI00004451,PO0007005,PRD00122,222,7515.76
POI00004452,PO0009325,PRD00706,135,11072.04
POI00004453,PO0002488,PRD00565,314,1309.82
POI00004454,PO0006335,PRD00421,302,3240.17
POI00004455,PO0008246,PRD00611,102,1908.11
POI00004456,PO0009027,PRD00065,341,13939.0
POI00004457,PO0006074,PRD00933,499,4789.52
POI00004458,PO0002822,PRD00233,253,9106.69
POI00004459,PO0002099,PRD00849,279,10933.19
POI00004460,PO0006449,PRD00502,63,7953.51
POI00004461,PO0003134,PRD00765,233,1393.26
POI00004462,PO0002365,PRD00861,488,12536.29
POI00004463,PO0005573,PRD00057,141,4964.1
POI00004464,PO0006036,PRD00159,290,11218.67
POI00004465,PO0005768,PRD00130,177,731.22
POI00004466,PO0003316,PRD00826,338,9650.03
POI00004467,PO0001226,PRD00198,22,2388.57
POI00004468,PO0001347,PRD00512,360,6184.28
POI00004469,PO0009676,PRD00920,337,10536.21
POI00004470,PO0002671,PRD00011,60,10256.43
POI00004471,PO0007691,PRD00587,430,7001.79
POI00004472,PO0003609,PRD00474,54,4767.61
POI00004473,PO0006315,PRD00688,481,5575.81
POI00004474,PO0000493,PRD00090,67,7083.4
POI00004475,PO0009291,PRD00746,138,5454.4
POI00004476,PO0001221,PRD00381,139,2462.98
POI00004477,PO0003662,PRD00392,315,5987.55
POI00004478,PO0007004,PRD00708,260,13605.38
POI00004479,PO0008311,PRD00107,78,9087.41
POI00004480,PO0005388,PRD00792,240,12139.91
POI00004481,PO0000979,PRD00953,109,4127.02
POI00004482,PO0006030,PRD00134,220,10858.86
POI00004483,PO0006618,PRD00739,443,7506.27
POI00004484,PO0001917,PRD00405,175,8998.95
POI00004485,PO0001297,PRD00704,149,9935.11
POI00004486,PO0002337,PRD00468,483,7437.41
POI00004487,PO0001451,PRD00496,92,5018.37
POI00004488,PO0009069,PRD00964,79,7890.02
POI00004489,PO0007938,PRD00976,184,4864.0
POI00004490,PO0005032,PRD00250,484,14546.26
POI00004491,PO0008612,PRD00516,303,8281.91
POI00004492,PO0005648,PRD00696,357,3418.65
POI00004493,PO0002561,PRD00808,231,7399.02
POI00004494,PO0008238,PRD00419,156,13114.42
POI00004495,PO0007962,PRD00832,380,14364.28
POI00004496,PO0004546,PRD00809,29,7918.89
POI00004497,PO0000601,PRD00080,295,9716.87
POI00004498,PO0008416,PRD00436,287,10630.97
POI00004499,PO0003695,PRD00232,361,6790.03
POI00004500,PO0009568,PRD00214,42,11225.45
POI00004501,PO0001079,PRD00981,72,916.09
POI00004502,PO0005384,PRD00080,294,9716.87
POI00004503,PO0009552,PRD00349,316,13102.44
POI00004504,PO0000578,PRD00973,236,4327.38
POI00004505,PO0001941,PRD00038,53,11694.03
POI00004506,PO0006297,PRD00204,444,1118.21
POI00004507,PO0006429,PRD00393,374,755.72
POI00004508,PO0003460,PRD00765,144,1393.26
POI00004509,PO0008617,PRD00762,348,13051.68
POI00004510,PO0009522,PRD00649,81,13327.93
POI00004511,PO0007641,PRD00677,195,658.64
POI00004512,PO0006112,PRD00755,138,12949.63
POI00004513,PO0006115,PRD00464,212,471.83
POI00004514,PO0009272,PRD00694,309,9801.68
POI00004515,PO0006828,PRD00555,492,9697.74
POI00004516,PO0003444,PRD00553,42,1373.39
POI00004517,PO0001025,PRD00737,375,9372.14
POI00004518,PO0000761,PRD00768,280,13360.45
POI00004519,PO0001622,PRD00768,38,13360.45
POI00004520,PO0004635,PRD00859,67,13775.1
POI00004521,PO0001220,PRD00771,303,10772.54
POI00004522,PO0000706,PRD00778,274,11600.41
POI00004523,PO0001104,PRD00369,261,11836.37
POI00004524,PO0005507,PRD00274,320,11015.48
POI00004525,PO0007529,PRD00092,228,1185.31
POI00004526,PO0008875,PRD00228,238,7076.3
POI00004527,PO0003076,PRD00798,428,10418.61
POI00004528,PO0000018,PRD00468,308,7437.41
POI00004529,PO0002894,PRD00552,459,13804.82
POI00004530,PO0008157,PRD00437,110,981.92
POI00004531,PO0005006,PRD00484,285,1711.79
POI00004532,PO0002496,PRD00518,384,8231.59
POI00004533,PO0006329,PRD00487,96,1551.21
POI00004534,PO0008097,PRD00825,350,6540.73
POI00004535,PO0005547,PRD00143,232,2616.16
POI00004536,PO0007112,PRD00845,211,2083.84
POI00004537,PO0009076,PRD00096,399,4636.27
POI00004538,PO0008475,PRD00694,257,9801.68
POI00004539,PO0002410,PRD00907,127,14636.64
POI00004540,PO0003198,PRD00446,495,10566.45
POI00004541,PO0004333,PRD00943,327,6024.16
POI00004542,PO0006322,PRD00015,223,4060.74
POI00004543,PO0000697,PRD00588,195,11008.35
POI00004544,PO0002007,PRD00834,159,4625.99
POI00004545,PO0004780,PRD00439,465,7978.91
POI00004546,PO0003343,PRD00554,374,5324.91
POI00004547,PO0007963,PRD00438,154,314.72
POI00004548,PO0001346,PRD00211,396,7941.86
POI00004549,PO0003557,PRD00264,162,12537.65
POI00004550,PO0008082,PRD00936,354,5539.59
POI00004551,PO0006119,PRD00895,17,8698.56
POI00004552,PO0007026,PRD00894,203,2746.5
POI00004553,PO0001678,PRD00417,362,13839.61
POI00004554,PO0001286,PRD00258,476,13278.68
POI00004555,PO0003252,PRD00888,27,4306.34
POI00004556,PO0004132,PRD00988,37,3859.43
POI00004557,PO0007822,PRD00006,271,12453.87
POI00004558,PO0009643,PRD00816,90,7753.49
POI00004559,PO0007100,PRD00625,282,8920.39
POI00004560,PO0001168,PRD00265,331,1738.91
POI00004561,PO0002896,PRD00545,369,7193.96
POI00004562,PO0008604,PRD00603,304,3288.11
POI00004563,PO0002619,PRD00095,335,11653.35
POI00004564,PO0005078,PRD00032,294,4314.09
POI00004565,PO0002458,PRD00979,413,3320.45
POI00004566,PO0005443,PRD00373,50,5013.81
POI00004567,PO0000919,PRD00440,245,12108.02
POI00004568,PO0001826,PRD00388,27,2534.89
POI00004569,PO0008075,PRD00774,456,7426.94
POI00004570,PO0006026,PRD00684,364,7767.82
POI00004571,PO0003516,PRD00519,314,4521.82
POI00004572,PO0006206,PRD00500,456,8694.03
POI00004573,PO0005463,PRD00589,271,13991.37
POI00004574,PO0005296,PRD00020,300,14093.42
POI00004575,PO0002000,PRD00258,228,13278.68
POI00004576,PO0005507,PRD00764,324,6096.89
POI00004577,PO0006144,PRD00458,350,10221.05
POI00004578,PO0002713,PRD00697,307,6403.2
POI00004579,PO0007211,PRD00870,373,9737.11
POI00004580,PO0005023,PRD00993,325,2432.86
POI00004581,PO0007775,PRD00729,239,5440.02
POI00004582,PO0005964,PRD00145,470,6936.79
POI00004583,PO0002721,PRD00791,188,10139.71
POI00004584,PO0006433,PRD00461,345,4804.84
POI00004585,PO0006778,PRD00052,376,3353.77
POI00004586,PO0000339,PRD00765,279,1393.26
POI00004587,PO0001909,PRD00099,141,6175.08
POI00004588,PO0002219,PRD00387,476,1001.43
POI00004589,PO0000719,PRD00183,22,6823.92
POI00004590,PO0003432,PRD00066,142,1213.87
POI00004591,PO0000668,PRD00063,72,7018.31
POI00004592,PO0008156,PRD00837,312,2785.86
POI00004593,PO0001125,PRD00038,124,11694.03
POI00004594,PO0007628,PRD00484,465,1711.79
POI00004595,PO0004048,PRD00532,33,4963.16
POI00004596,PO0007881,PRD00556,231,11702.23
POI00004597,PO0004478,PRD00124,260,8304.87
POI00004598,PO0009597,PRD00634,75,11006.69
POI00004599,PO0003618,PRD00222,248,1219.58
POI00004600,PO0008644,PRD00870,343,9737.11
POI00004601,PO0002229,PRD00842,316,10426.4
POI00004602,PO0006985,PRD00747,44,1497.38
POI00004603,PO0006728,PRD00930,108,3393.62
POI00004604,PO0006830,PRD00861,192,12536.29
POI00004605,PO0002522,PRD00478,241,14298.83
POI00004606,PO0007660,PRD00135,403,7084.8
POI00004607,PO0003012,PRD00304,134,7053.7
POI00004608,PO0007584,PRD00623,410,11479.62
POI00004609,PO0009735,PRD00661,107,8498.56
POI00004610,PO0005954,PRD00236,467,5509.36
POI00004611,PO0006722,PRD00124,274,8304.87
POI00004612,PO0005217,PRD00239,173,3839.78
POI00004613,PO0006952,PRD00363,64,863.17
POI00004614,PO0006606,PRD00245,124,2944.72
POI00004615,PO0000686,PRD00708,437,13605.38
POI00004616,PO0009528,PRD00213,447,11481.28
POI00004617,PO0000019,PRD00930,188,3393.62
POI00004618,PO0005183,PRD00167,45,14939.24
POI00004619,PO0009998,PRD00853,485,2077.51
POI00004620,PO0002511,PRD00733,463,8941.35
POI00004621,PO0003834,PRD00003,350,4143.44
POI00004622,PO0006549,PRD00395,320,6180.29
POI00004623,PO0008785,PRD00981,267,916.09
POI00004624,PO0004615,PRD00301,25,10700.19
POI00004625,PO0006102,PRD00002,385,14088.84
POI00004626,PO0000008,PRD00489,428,5226.91
POI00004627,PO0001996,PRD00417,317,13839.61
POI00004628,PO0002110,PRD00032,58,4314.09
POI00004629,PO0005571,PRD00139,198,11221.75
POI00004630,PO0004598,PRD00561,372,5531.95
POI00004631,PO0006292,PRD00821,477,9726.69
POI00004632,PO0008278,PRD00815,483,5837.27
POI00004633,PO0006941,PRD00875,274,6782.11
POI00004634,PO0004276,PRD00291,20,1083.12
POI00004635,PO0004236,PRD00433,300,10827.08
POI00004636,PO0008436,PRD00706,181,11072.04
POI00004637,PO0000422,PRD00144,178,7505.2
POI00004638,PO0007439,PRD00727,17,1054.08
POI00004639,PO0001585,PRD00822,293,434.39
POI00004640,PO0005400,PRD00616,319,1388.81
POI00004641,PO0004411,PRD00541,196,2451.94
POI00004642,PO0008303,PRD00626,95,10575.52
POI00004643,PO0007927,PRD00615,304,9737.39
POI00004644,PO0004362,PRD00037,64,9868.39
POI00004645,PO0007859,PRD00411,254,9419.82
POI00004646,PO0000380,PRD00442,449,4068.49
POI00004647,PO0003114,PRD00710,45,7104.05
POI00004648,PO0009987,PRD00303,399,3612.1
POI00004649,PO0004238,PRD00959,275,4695.81
POI00004650,PO0009757,PRD00816,70,7753.49
POI00004651,PO0006387,PRD00712,323,5380.83
POI00004652,PO0000846,PRD00983,440,12437.52
POI00004653,PO0009507,PRD00372,361,12777.81
POI00004654,PO0006108,PRD00841,350,13509.77
POI00004655,PO0006040,PRD00918,388,1087.91
POI00004656,PO0007836,PRD00271,336,14304.78
POI00004657,PO0005467,PRD00440,86,12108.02
POI00004658,PO0001016,PRD00101,423,1142.0
POI00004659,PO0006424,PRD00404,416,3670.74
POI00004660,PO0002925,PRD00105,106,7072.97
POI00004661,PO0007059,PRD00774,261,7426.94
POI00004662,PO0005521,PRD00268,87,9508.77
POI00004663,PO0000006,PRD00035,100,9200.21
POI00004664,PO0002334,PRD00892,474,3978.64
POI00004665,PO0006798,PRD00733,160,8941.35
POI00004666,PO0002435,PRD00164,76,7114.43
POI00004667,PO0005820,PRD00210,378,5229.98
POI00004668,PO0002275,PRD00797,40,11156.8
POI00004669,PO0006761,PRD00703,167,2890.33
POI00004670,PO0001503,PRD00809,55,7918.89
POI00004671,PO0001256,PRD00201,470,9166.2
POI00004672,PO0006284,PRD00053,421,10059.59
POI00004673,PO0007544,PRD00522,161,2556.45
POI00004674,PO0003814,PRD00607,394,12074.14
POI00004675,PO0001403,PRD00074,391,12787.56
POI00004676,PO0000577,PRD00039,241,829.26
POI00004677,PO0003632,PRD00355,118,10597.12
POI00004678,PO0002518,PRD00091,468,14120.67
POI00004679,PO0004862,PRD00261,85,11887.4
POI00004680,PO0004905,PRD00636,216,3410.7
POI00004681,PO0003250,PRD00017,496,12322.4
POI00004682,PO0001687,PRD00086,352,14709.22
POI00004683,PO0007317,PRD00775,19,1675.87
POI00004684,PO0006825,PRD00547,360,10434.94
POI00004685,PO0005062,PRD00938,124,14690.74
POI00004686,PO0005671,PRD00848,368,13378.15
POI00004687,PO0005415,PRD00992,23,10351.03
POI00004688,PO0001835,PRD00947,91,8686.66
POI00004689,PO0007216,PRD00953,383,4127.02
POI00004690,PO0006951,PRD00219,201,12493.83
POI00004691,PO0003877,PRD00841,443,13509.77
POI00004692,PO0000449,PRD00350,296,7818.75
POI00004693,PO0009417,PRD00571,476,268.96
POI00004694,PO0000907,PRD00399,95,10939.64
POI00004695,PO0008203,PRD00277,244,12187.55
POI00004696,PO0000454,PRD00056,436,2104.64
POI00004697,PO0006658,PRD00967,154,5210.76
POI00004698,PO0008573,PRD00658,401,7106.49
POI00004699,PO0000631,PRD00109,211,11465.59
POI00004700,PO0000681,PRD00443,93,8509.83
POI00004701,PO0006265,PRD00759,469,6538.09
POI00004702,PO0009070,PRD00051,423,8110.25
POI00004703,PO0007151,PRD00571,500,268.96
POI00004704,PO0002250,PRD00120,243,4716.39
POI00004705,PO0002870,PRD00415,46,13727.94
POI00004706,PO0000335,PRD00975,298,9296.52
POI00004707,PO0002622,PRD00128,485,8314.61
POI00004708,PO0004139,PRD00763,449,5016.95
POI00004709,PO0006856,PRD00531,155,7772.95
POI00004710,PO0000348,PRD00060,153,9780.15
POI00004711,PO0005444,PRD00271,114,14304.78
POI00004712,PO0003342,PRD00565,120,1309.82
POI00004713,PO0000564,PRD00136,416,9775.56
POI00004714,PO0005558,PRD00214,187,11225.45
POI00004715,PO0006840,PRD00960,81,2038.65
POI00004716,PO0006498,PRD00294,361,7979.54
POI00004717,PO0006278,PRD00666,175,1874.61
POI00004718,PO0000220,PRD00322,424,11034.26
POI00004719,PO0001116,PRD00435,474,11483.94
POI00004720,PO0001814,PRD00737,13,9372.14
POI00004721,PO0005731,PRD00358,355,14322.76
POI00004722,PO0007153,PRD00545,138,7193.96
POI00004723,PO0007796,PRD00724,290,11372.17
POI00004724,PO0000331,PRD00221,26,13068.22
POI00004725,PO0000819,PRD00372,35,12777.81
POI00004726,PO0007407,PRD00730,165,3426.87
POI00004727,PO0007146,PRD00084,334,1880.19
POI00004728,PO0002890,PRD00109,222,11465.59
POI00004729,PO0000571,PRD00206,274,10846.21
POI00004730,PO0006931,PRD00469,211,4552.3
POI00004731,PO0008007,PRD00856,371,11059.92
POI00004732,PO0009089,PRD00295,406,14410.96
POI00004733,PO0004329,PRD00914,385,14209.47
POI00004734,PO0006592,PRD00714,451,7100.41
POI00004735,PO0004352,PRD00551,166,6646.28
POI00004736,PO0007220,PRD00807,479,13935.13
POI00004737,PO0000410,PRD00693,305,12868.1
POI00004738,PO0004467,PRD00060,19,9780.15
POI00004739,PO0008641,PRD00124,262,8304.87
POI00004740,PO0002277,PRD00245,470,2944.72
POI00004741,PO0004377,PRD00915,446,10437.34
POI00004742,PO0008244,PRD00824,383,13671.92
POI00004743,PO0001512,PRD00688,475,5575.81
POI00004744,PO0009837,PRD00601,288,14472.35
POI00004745,PO0007083,PRD00114,456,6866.0
POI00004746,PO0007403,PRD00024,254,5514.18
POI00004747,PO0004158,PRD00317,201,11523.03
POI00004748,PO0004793,PRD00835,308,6236.81
POI00004749,PO0009688,PRD00891,436,6179.97
POI00004750,PO0008241,PRD00340,119,13976.02
POI00004751,PO0002445,PRD00793,10,871.73
POI00004752,PO0002963,PRD00159,494,11218.67
POI00004753,PO0009576,PRD00429,225,4484.27
POI00004754,PO0005502,PRD00002,259,14088.84
POI00004755,PO0006861,PRD00820,375,12985.07
POI00004756,PO0008159,PRD00108,172,14993.62
POI00004757,PO0006501,PRD00313,345,9405.33
POI00004758,PO0002502,PRD00703,92,2890.33
POI00004759,PO0005239,PRD00529,402,7382.72
POI00004760,PO0007696,PRD00746,198,5454.4
POI00004761,PO0000361,PRD00945,211,3955.76
POI00004762,PO0001416,PRD00143,374,2616.16
POI00004763,PO0002305,PRD00734,406,799.67
POI00004764,PO0007252,PRD00707,233,5200.05
POI00004765,PO0008927,PRD00960,86,2038.65
POI00004766,PO0001912,PRD00443,277,8509.83
POI00004767,PO0002782,PRD00325,373,14185.14
POI00004768,PO0005198,PRD00566,102,1327.27
POI00004769,PO0006586,PRD00384,338,6284.42
POI00004770,PO0000257,PRD00717,18,5192.63
POI00004771,PO0004748,PRD00388,242,2534.89
POI00004772,PO0001011,PRD00671,320,13764.06
POI00004773,PO0002091,PRD00830,67,8039.34
POI00004774,PO0002842,PRD00758,37,14670.2
POI00004775,PO0002716,PRD00986,126,7134.56
POI00004776,PO0006803,PRD00671,124,13764.06
POI00004777,PO0009298,PRD00353,166,9182.34
POI00004778,PO0008951,PRD00366,122,11358.19
POI00004779,PO0006418,PRD00451,271,11303.64
POI00004780,PO0004143,PRD00430,182,7529.58
POI00004781,PO0000066,PRD00842,345,10426.4
POI00004782,PO0001506,PRD00004,305,10337.46
POI00004783,PO0008760,PRD00507,131,8978.67
POI00004784,PO0007999,PRD00616,433,1388.81
POI00004785,PO0008433,PRD00080,423,9716.87
POI00004786,PO0005115,PRD00744,352,13579.31
POI00004787,PO0006110,PRD00819,256,9433.84
POI00004788,PO0004802,PRD00914,187,14209.47
POI00004789,PO0000961,PRD00006,128,12453.87
POI00004790,PO0007658,PRD00903,247,10697.16
POI00004791,PO0009139,PRD00526,342,2102.99
POI00004792,PO0000945,PRD00999,32,8190.82
POI00004793,PO0001832,PRD00237,370,10209.15
POI00004794,PO0009510,PRD00113,301,4380.21
POI00004795,PO0000055,PRD00106,295,6611.36
POI00004796,PO0004527,PRD00043,455,6795.04
POI00004797,PO0000633,PRD00963,161,8895.2
POI00004798,PO0005865,PRD00923,33,14211.0
POI00004799,PO0000132,PRD00266,416,3637.52
POI00004800,PO0004914,PRD00262,90,10465.39
POI00004801,PO0005902,PRD00468,118,7437.41
POI00004802,PO0004730,PRD00523,330,12097.17
POI00004803,PO0008638,PRD00872,477,13370.7
POI00004804,PO0000121,PRD00254,168,12034.79
POI00004805,PO0002202,PRD00671,136,13764.06
POI00004806,PO0003127,PRD00153,363,10192.25
POI00004807,PO0000621,PRD00729,150,5440.02
POI00004808,PO0008879,PRD00139,222,11221.75
POI00004809,PO0002047,PRD00164,103,7114.43
POI00004810,PO0005322,PRD00383,261,3349.4
POI00004811,PO0005816,PRD00488,71,6731.02
POI00004812,PO0006886,PRD00860,304,1620.12
POI00004813,PO0007904,PRD00597,88,12775.63
POI00004814,PO0009182,PRD00916,447,11381.5
POI00004815,PO0001056,PRD00243,146,9718.69
POI00004816,PO0004125,PRD00708,420,13605.38
POI00004817,PO0005122,PRD00508,366,9561.68
POI00004818,PO0001451,PRD00214,33,11225.45
POI00004819,PO0006777,PRD00406,285,6081.8
POI00004820,PO0001822,PRD00903,70,10697.16
POI00004821,PO0001169,PRD00704,439,9935.11
POI00004822,PO0005956,PRD00546,408,218.56
POI00004823,PO0004430,PRD00072,188,2707.96
POI00004824,PO0009837,PRD00447,183,8522.58
POI00004825,PO0007966,PRD00570,89,4694.61
POI00004826,PO0007193,PRD00814,499,14386.74
POI00004827,PO0001681,PRD00600,277,6787.54
POI00004828,PO0003241,PRD00709,237,12622.33
POI00004829,PO0006513,PRD00659,460,2838.43
POI00004830,PO0006743,PRD00491,289,4733.4
POI00004831,PO0005202,PRD00175,263,834.63
POI00004832,PO0007425,PRD00327,191,11465.77
POI00004833,PO0002519,PRD00519,267,4521.82
POI00004834,PO0009650,PRD00289,128,5500.6
POI00004835,PO0007037,PRD00469,297,4552.3
POI00004836,PO0006276,PRD00567,373,8082.94
POI00004837,PO0005634,PRD00222,230,1219.58
POI00004838,PO0007881,PRD00163,477,8801.64
POI00004839,PO0003097,PRD00372,179,12777.81
POI00004840,PO0000890,PRD00251,264,3571.32
POI00004841,PO0003437,PRD00970,464,2893.48
POI00004842,PO0009832,PRD00856,30,11059.92
POI00004843,PO0004736,PRD00624,427,5373.69
POI00004844,PO0001676,PRD00020,330,14093.42
POI00004845,PO0006702,PRD00866,74,3511.46
POI00004846,PO0009154,PRD00057,306,4964.1
POI00004847,PO0006855,PRD00734,188,799.67
POI00004848,PO0003307,PRD00192,77,10003.41
POI00004849,PO0003338,PRD00988,383,3859.43
POI00004850,PO0003648,PRD00187,168,4183.24
POI00004851,PO0000094,PRD01000,299,1107.64
POI00004852,PO0008447,PRD00148,356,12811.77
POI00004853,PO0003225,PRD00501,163,4943.69
POI00004854,PO0006825,PRD00046,351,2330.39
POI00004855,PO0000362,PRD00377,274,14726.74
POI00004856,PO0005032,PRD00124,145,8304.87
POI00004857,PO0000734,PRD00652,100,879.05
POI00004858,PO0003442,PRD00797,272,11156.8
POI00004859,PO0003118,PRD00198,293,2388.57
POI00004860,PO0000723,PRD00374,241,290.14
POI00004861,PO0000883,PRD00275,427,2070.47
POI00004862,PO0007456,PRD00620,336,517.21
POI00004863,PO0007888,PRD00265,398,1738.91
POI00004864,PO0007586,PRD00246,61,12678.87
POI00004865,PO0009037,PRD00625,54,8920.39
POI00004866,PO0001028,PRD00705,490,14962.24
POI00004867,PO0003672,PRD00325,65,14185.14
POI00004868,PO0008719,PRD00300,458,10666.34
POI00004869,PO0002928,PRD00963,464,8895.2
POI00004870,PO0001272,PRD00471,163,1676.03
POI00004871,PO0001707,PRD00107,178,9087.41
POI00004872,PO0005451,PRD00436,137,10630.97
POI00004873,PO0009679,PRD00818,297,2577.53
POI00004874,PO0000463,PRD00660,424,745.68
POI00004875,PO0004107,PRD00662,40,1358.75
POI00004876,PO0007435,PRD00658,167,7106.49
POI00004877,PO0001458,PRD00225,183,11422.41
POI00004878,PO0007909,PRD00612,419,12339.55
POI00004879,PO0008940,PRD00897,498,11763.99
POI00004880,PO0004930,PRD00894,162,2746.5
POI00004881,PO0001917,PRD00932,202,12917.17
POI00004882,PO0003175,PRD00079,233,10823.51
POI00004883,PO0000746,PRD00513,68,7371.4
POI00004884,PO0008849,PRD00338,386,755.93
POI00004885,PO0000674,PRD00467,329,10304.91
POI00004886,PO0002971,PRD00123,258,6279.12
POI00004887,PO0008020,PRD00561,11,5531.95
POI00004888,PO0002165,PRD00601,217,14472.35
POI00004889,PO0006075,PRD00313,193,9405.33
POI00004890,PO0008311,PRD00519,101,4521.82
POI00004891,PO0004095,PRD00098,345,2423.29
POI00004892,PO0000268,PRD00411,471,9419.82
POI00004893,PO0004553,PRD00410,248,4563.47
POI00004894,PO0004730,PRD00019,320,5319.1
POI00004895,PO0005398,PRD00737,244,9372.14
POI00004896,PO0009988,PRD00327,330,11465.77
POI00004897,PO0000616,PRD00212,221,194.69
POI00004898,PO0007843,PRD00864,67,5345.24
POI00004899,PO0009800,PRD00985,300,3051.76
POI00004900,PO0004232,PRD00549,20,2125.97
POI00004901,PO0000082,PRD00976,380,4864.0
POI00004902,PO0004993,PRD00494,251,12749.77
POI00004903,PO0008225,PRD00360,256,11230.29
POI00004904,PO0005621,PRD00710,490,7104.05
POI00004905,PO0008151,PRD00364,21,10243.38
POI00004906,PO0008417,PRD00931,281,7216.54
POI00004907,PO0002790,PRD00538,432,1565.66
POI00004908,PO0009179,PRD00569,447,1366.29
POI00004909,PO0003459,PRD00326,484,12217.09
POI00004910,PO0008900,PRD00377,157,14726.74
POI00004911,PO0007470,PRD00054,69,13799.56
POI00004912,PO0007844,PRD00500,151,8694.03
POI00004913,PO0008636,PRD00986,319,7134.56
POI00004914,PO0002438,PRD00199,157,1794.09
POI00004915,PO0009141,PRD00116,458,6245.65
POI00004916,PO0002560,PRD00147,292,10379.48
POI00004917,PO0001681,PRD00431,498,11469.34
POI00004918,PO0002825,PRD00987,304,9467.13
POI00004919,PO0003696,PRD00616,290,1388.81
POI00004920,PO0001376,PRD00438,233,314.72
POI00004921,PO0002448,PRD00243,120,9718.69
POI00004922,PO0002188,PRD00624,397,5373.69
POI00004923,PO0000837,PRD00569,388,1366.29
POI00004924,PO0007775,PRD00084,12,1880.19
POI00004925,PO0006021,PRD00942,465,11797.17
POI00004926,PO0003266,PRD00081,12,3386.22
POI00004927,PO0001505,PRD00499,428,5881.43
POI00004928,PO0004899,PRD00717,279,5192.63
POI00004929,PO0009951,PRD00774,426,7426.94
POI00004930,PO0007461,PRD00019,315,5319.1
POI00004931,PO0006939,PRD00354,124,3435.02
POI00004932,PO0003468,PRD00864,445,5345.24
POI00004933,PO0005695,PRD00653,383,9936.12
POI00004934,PO0004757,PRD00550,150,1100.7
POI00004935,PO0000006,PRD00415,372,13727.94
POI00004936,PO0009156,PRD00222,379,1219.58
POI00004937,PO0004513,PRD00687,414,6890.21
POI00004938,PO0009537,PRD00816,116,7753.49
POI00004939,PO0009219,PRD00027,184,2942.25
POI00004940,PO0008551,PRD00639,133,2796.66
POI00004941,PO0008862,PRD00125,375,12971.28
POI00004942,PO0007808,PRD00973,74,4327.38
POI00004943,PO0008859,PRD00849,497,10933.19
POI00004944,PO0004682,PRD00635,46,2679.1
POI00004945,PO0002868,PRD00750,495,6059.6
POI00004946,PO0007913,PRD00372,157,12777.81
POI00004947,PO0007165,PRD00090,161,7083.4
POI00004948,PO0009511,PRD00063,29,7018.31
POI00004949,PO0000754,PRD00230,457,928.8
POI00004950,PO0000824,PRD00340,269,13976.02
POI00004951,PO0004979,PRD00616,153,1388.81
POI00004952,PO0006903,PRD00428,199,322.0
POI00004953,PO0002864,PRD00113,116,4380.21
POI00004954,PO0008761,PRD00123,397,6279.12
POI00004955,PO0007291,PRD00418,192,848.93
POI00004956,PO0002179,PRD00914,323,14209.47
POI00004957,PO0008695,PRD00723,240,642.86
POI00004958,PO0008138,PRD00904,327,9633.15
POI00004959,PO0009489,PRD00682,251,9106.29
POI00004960,PO0002323,PRD00869,140,7264.23
POI00004961,PO0002361,PRD00405,127,8998.95
POI00004962,PO0000964,PRD00449,475,4124.74
POI00004963,PO0007543,PRD00049,424,12862.44
POI00004964,PO0007850,PRD00280,15,626.38
POI00004965,PO0005387,PRD00235,403,664.0
POI00004966,PO0009511,PRD00222,61,1219.58
POI00004967,PO0000285,PRD00037,463,9868.39
POI00004968,PO0009870,PRD00172,342,1562.37
POI00004969,PO0007409,PRD00108,43,14993.62
POI00004970,PO0000730,PRD00625,195,8920.39
POI00004971,PO0003028,PRD00086,373,14709.22
POI00004972,PO0006320,PRD00116,446,6245.65
POI00004973,PO0002881,PRD00030,391,7017.62
POI00004974,PO0002237,PRD00426,86,11443.5
POI00004975,PO0003105,PRD00735,224,8245.45
POI00004976,PO0003169,PRD00914,389,14209.47
POI00004977,PO0009982,PRD00826,450,9650.03
POI00004978,PO0001567,PRD00492,484,5276.64
POI00004979,PO0004178,PRD00306,283,7923.38
POI00004980,PO0002136,PRD00693,334,12868.1
POI00004981,PO0001705,PRD00743,396,2305.24
POI00004982,PO0002958,PRD00073,468,7015.92
POI00004983,PO0001264,PRD00796,280,5431.54
POI00004984,PO0001621,PRD00668,313,3092.64
POI00004985,PO0004415,PRD00922,417,7190.21
POI00004986,PO0001036,PRD00607,430,12074.14
POI00004987,PO0007636,PRD00067,373,10482.12
POI00004988,PO0005620,PRD00041,389,14254.59
POI00004989,PO0000782,PRD00100,368,3533.63
POI00004990,PO0009692,PRD00127,290,12989.69
POI00004991,PO0009427,PRD00118,385,13920.88
POI00004992,PO0009176,PRD00337,262,11344.08
POI00004993,PO0007616,PRD00716,170,7985.19
POI00004994,PO0009564,PRD00328,146,13195.81
POI00004995,PO0009552,PRD00575,464,4003.21
POI00004996,PO0007419,PRD00562,343,329.01
POI00004997,PO0004947,PRD00495,348,13954.44
POI00004998,PO0005423,PRD00312,176,3819.03
POI00004999,PO0008503,PRD00097,471,14218.05
POI00005000,PO0003229,PRD00124,304,8304.87
POI00005001,PO0005818,PRD00270,450,2874.72
POI00005002,PO0008917,PRD00191,218,6029.05
POI00005003,PO0007223,PRD00901,196,1036.08
POI00005004,PO0001026,PRD00031,155,11922.53
POI00005005,PO0006296,PRD00136,127,9775.56
POI00005006,PO0007242,PRD00297,483,3281.39
POI00005007,PO0002007,PRD00776,97,3296.6
POI00005008,PO0007228,PRD00855,350,11377.51
POI00005009,PO0007776,PRD00386,409,7920.56
POI00005010,PO0009624,PRD00008,137,8448.73
POI00005011,PO0003418,PRD00751,414,10373.34
POI00005012,PO0004062,PRD00792,89,12139.91
POI00005013,PO0002660,PRD00383,428,3349.4
POI00005014,PO0008129,PRD00392,113,5987.55
POI00005015,PO0003454,PRD00839,92,1545.18
POI00005016,PO0006992,PRD00382,17,10379.13
POI00005017,PO0006439,PRD00112,460,10078.39
POI00005018,PO0006367,PRD00589,396,13991.37
POI00005019,PO0007470,PRD00233,363,9106.69
POI00005020,PO0002915,PRD00644,249,5838.18
POI00005021,PO0007703,PRD00590,247,14268.77
POI00005022,PO0007550,PRD00686,421,2956.03
POI00005023,PO0006332,PRD00569,293,1366.29
POI00005024,PO0009703,PRD00113,200,4380.21
POI00005025,PO0007681,PRD00299,156,14959.16
POI00005026,PO0009286,PRD00694,459,9801.68
POI00005027,PO0008325,PRD00623,390,11479.62
POI00005028,PO0009751,PRD00155,246,11846.07
POI00005029,PO0004568,PRD00347,129,2926.5
POI00005030,PO0006854,PRD00108,163,14993.62
POI00005031,PO0003696,PRD00514,345,4437.98
POI00005032,PO0009754,PRD00474,322,4767.61
POI00005033,PO0006123,PRD00793,134,871.73
POI00005034,PO0003227,PRD00093,396,12182.24
POI00005035,PO0005861,PRD00607,419,12074.14
POI00005036,PO0009979,PRD00864,73,5345.24
POI00005037,PO0001718,PRD00094,23,8406.45
POI00005038,PO0000070,PRD00049,307,12862.44
POI00005039,PO0001270,PRD00811,71,13260.28
POI00005040,PO0004515,PRD00337,393,11344.08
POI00005041,PO0004323,PRD00600,335,6787.54
POI00005042,PO0008336,PRD00906,482,9258.63
POI00005043,PO0002431,PRD00031,388,11922.53
POI00005044,PO0004461,PRD00081,37,3386.22
POI00005045,PO0003346,PRD00101,170,1142.0
POI00005046,PO0006125,PRD00641,148,5254.41
POI00005047,PO0005642,PRD00549,457,2125.97
POI00005048,PO0005447,PRD00773,55,8251.54
POI00005049,PO0002998,PRD00771,347,10772.54
POI00005050,PO0000733,PRD00362,275,837.42
POI00005051,PO0003991,PRD00548,76,10982.99
POI00005052,PO0000626,PRD00574,383,11589.74
POI00005053,PO0003320,PRD00210,51,5229.98
POI00005054,PO0000051,PRD00016,23,12890.21
POI00005055,PO0007154,PRD00553,250,1373.39
POI00005056,PO0003134,PRD00225,410,11422.41
POI00005057,PO0003188,PRD00888,332,4306.34
POI00005058,PO0006450,PRD00126,448,12322.6
POI00005059,PO0006189,PRD00718,343,12946.92
POI00005060,PO0000564,PRD00624,271,5373.69
POI00005061,PO0007960,PRD00847,342,9711.63
POI00005062,PO0002737,PRD00986,30,7134.56
POI00005063,PO0001260,PRD00226,378,7002.18
POI00005064,PO0001004,PRD00647,141,2506.84
POI00005065,PO0009024,PRD00075,230,3718.44
POI00005066,PO0006971,PRD00096,222,4636.27
POI00005067,PO0002996,PRD00563,75,13844.88
POI00005068,PO0009364,PRD00375,440,2698.38
POI00005069,PO0009182,PRD00649,73,13327.93
POI00005070,PO0002797,PRD00882,488,7275.03
POI00005071,PO0009761,PRD00466,40,10894.67
POI00005072,PO0001734,PRD00634,68,11006.69
POI00005073,PO0004682,PRD00740,43,5420.19
POI00005074,PO0003332,PRD00913,354,7633.07
POI00005075,PO0004965,PRD00945,209,3955.76
POI00005076,PO0001203,PRD00535,123,12386.73
POI00005077,PO0002858,PRD00941,25,2714.98
POI00005078,PO0002850,PRD00709,226,12622.33
POI00005079,PO0004355,PRD00662,30,1358.75
POI00005080,PO0002617,PRD00675,80,9849.43
POI00005081,PO0005904,PRD00383,346,3349.4
POI00005082,PO0007820,PRD00361,304,2128.11
POI00005083,PO0006904,PRD00743,53,2305.24
POI00005084,PO0001422,PRD00067,334,10482.12
POI00005085,PO0008304,PRD00882,358,7275.03
POI00005086,PO0009979,PRD00849,460,10933.19
POI00005087,PO0003290,PRD00979,176,3320.45
POI00005088,PO0002739,PRD00115,494,12984.47
POI00005089,PO0005484,PRD00033,144,12290.88
POI00005090,PO0005573,PRD00101,111,1142.0
POI00005091,PO0009702,PRD00344,278,8985.89
POI00005092,PO0008598,PRD00556,332,11702.23
POI00005093,PO0007024,PRD00146,64,1182.02
POI00005094,PO0008446,PRD00807,314,13935.13
POI00005095,PO0004165,PRD00246,80,12678.87
POI00005096,PO0008989,PRD00673,449,13879.93
POI00005097,PO0007677,PRD00148,305,12811.77
POI00005098,PO0003543,PRD00983,398,12437.52
POI00005099,PO0006749,PRD00577,498,5565.9
POI00005100,PO0009224,PRD00852,395,9836.31
POI00005101,PO0001362,PRD00639,226,2796.66
POI00005102,PO0003958,PRD00511,498,2991.32
POI00005103,PO0004481,PRD00057,327,4964.1
POI00005104,PO0003762,PRD00583,339,2755.82
POI00005105,PO0002536,PRD00892,327,3978.64
POI00005106,PO0003858,PRD00132,454,14475.18
POI00005107,PO0006617,PRD00057,422,4964.1
POI00005108,PO0009037,PRD00045,90,3578.64
POI00005109,PO0001158,PRD00591,199,1630.92
POI00005110,PO0003749,PRD00186,59,13497.06
POI00005111,PO0004071,PRD00690,460,2729.55
POI00005112,PO0007385,PRD00188,342,5763.09
POI00005113,PO0006421,PRD00844,215,10706.01
POI00005114,PO0009854,PRD00445,215,6126.75
POI00005115,PO0004899,PRD00853,368,2077.51
POI00005116,PO0006656,PRD00992,284,10351.03
POI00005117,PO0004309,PRD00754,96,2784.41
POI00005118,PO0004059,PRD00800,278,273.44
POI00005119,PO0008190,PRD00145,463,6936.79
POI00005120,PO0008653,PRD00494,22,12749.77
POI00005121,PO0002503,PRD00377,344,14726.74
POI00005122,PO0005246,PRD00451,114,11303.64
POI00005123,PO0006210,PRD00898,150,11808.33
POI00005124,PO0006089,PRD00279,386,14005.9
POI00005125,PO0006626,PRD00676,77,4189.18
POI00005126,PO0000859,PRD00748,385,9977.26
POI00005127,PO0006433,PRD00915,425,10437.34
POI00005128,PO0004315,PRD00242,184,9680.92
POI00005129,PO0001962,PRD00227,25,12974.56
POI00005130,PO0009548,PRD00615,61,9737.39
POI00005131,PO0008793,PRD00781,496,10401.92
POI00005132,PO0006950,PRD00105,46,7072.97
POI00005133,PO0002112,PRD00078,337,8372.4
POI00005134,PO0003769,PRD00184,407,6913.99
POI00005135,PO0004044,PRD00953,280,4127.02
POI00005136,PO0005391,PRD00191,466,6029.05
POI00005137,PO0005521,PRD00253,446,11689.61
POI00005138,PO0005362,PRD00095,399,11653.35
POI00005139,PO0001256,PRD00148,216,12811.77
POI00005140,PO0009043,PRD00076,330,5099.04
POI00005141,PO0009185,PRD00709,53,12622.33
POI00005142,PO0009130,PRD00520,420,12944.02
POI00005143,PO0005454,PRD00466,384,10894.67
POI00005144,PO0008752,PRD00525,444,14289.77
POI00005145,PO0008060,PRD00997,429,5423.86
POI00005146,PO0004989,PRD00641,212,5254.41
POI00005147,PO0008569,PRD00897,14,11763.99
POI00005148,PO0002852,PRD00591,124,1630.92
POI00005149,PO0009565,PRD00694,312,9801.68
POI00005150,PO0005663,PRD00365,36,9821.16
POI00005151,PO0005400,PRD00552,460,13804.82
POI00005152,PO0008106,PRD00854,166,7572.34
POI00005153,PO0007733,PRD00739,27,7506.27
POI00005154,PO0009969,PRD00797,378,11156.8
POI00005155,PO0008257,PRD00203,394,171.1
POI00005156,PO0002012,PRD00737,285,9372.14
POI00005157,PO0002925,PRD00497,214,9476.02
POI00005158,PO0006129,PRD00954,255,6256.72
POI00005159,PO0009352,PRD00721,369,7384.49
POI00005160,PO0002760,PRD00843,283,14383.19
POI00005161,PO0009481,PRD00494,177,12749.77
POI00005162,PO0008229,PRD00568,424,4707.73
POI00005163,PO0006995,PRD00965,136,8131.85
POI00005164,PO0003951,PRD00611,407,1908.11
POI00005165,PO0002143,PRD00762,244,13051.68
POI00005166,PO0003692,PRD00141,267,11958.46
POI00005167,PO0000535,PRD00225,260,11422.41
POI00005168,PO0004648,PRD00711,452,14208.1
POI00005169,PO0007309,PRD00371,178,6858.89
POI00005170,PO0009154,PRD00648,335,4835.26
POI00005171,PO0001297,PRD00853,16,2077.51
POI00005172,PO0004105,PRD00713,286,5625.5
POI00005173,PO0004012,PRD00286,481,4652.92
POI00005174,PO0001779,PRD00406,425,6081.8
POI00005175,PO0008545,PRD00611,21,1908.11
POI00005176,PO0003376,PRD00674,324,13022.73
POI00005177,PO0000970,PRD00683,315,11134.9
POI00005178,PO0001484,PRD00379,106,8770.31
POI00005179,PO0002223,PRD00468,208,7437.41
POI00005180,PO0004349,PRD00707,126,5200.05
POI00005181,PO0002558,PRD00207,136,13259.47
POI00005182,PO0002188,PRD00955,136,9957.38
POI00005183,PO0007916,PRD00917,344,13456.14
POI00005184,PO0001815,PRD00292,160,14246.05
POI00005185,PO0002141,PRD00249,475,10840.05
POI00005186,PO0001897,PRD00524,321,4908.91
POI00005187,PO0007511,PRD00379,210,8770.31
POI00005188,PO0004311,PRD00166,487,9766.65
POI00005189,PO0003435,PRD00616,301,1388.81
POI00005190,PO0009611,PRD00412,94,14128.47
POI00005191,PO0001715,PRD00478,157,14298.83
POI00005192,PO0008075,PRD00227,401,12974.56
POI00005193,PO0009872,PRD00595,108,9587.26
POI00005194,PO0000038,PRD00013,334,14644.99
POI00005195,PO0004990,PRD00384,77,6284.42
POI00005196,PO0003661,PRD00137,493,14315.76
POI00005197,PO0000669,PRD00095,405,11653.35
POI00005198,PO0006474,PRD00371,150,6858.89
POI00005199,PO0005635,PRD00336,457,14628.24
POI00005200,PO0009307,PRD00526,155,2102.99
POI00005201,PO0005854,PRD00164,435,7114.43
POI00005202,PO0000262,PRD00316,19,14232.32
POI00005203,PO0005774,PRD00090,222,7083.4
POI00005204,PO0005712,PRD00121,379,14884.48
POI00005205,PO0000338,PRD00944,299,7189.97
POI00005206,PO0006979,PRD00634,358,11006.69
POI00005207,PO0006880,PRD00609,99,8768.27
POI00005208,PO0002443,PRD00447,269,8522.58
POI00005209,PO0004369,PRD00058,123,4231.59
POI00005210,PO0001991,PRD00353,423,9182.34
POI00005211,PO0007329,PRD00673,257,13879.93
POI00005212,PO0008864,PRD00453,329,5806.99
POI00005213,PO0004678,PRD00483,455,8191.19
POI00005214,PO0008352,PRD00288,447,4176.37
POI00005215,PO0005460,PRD00375,210,2698.38
POI00005216,PO0001049,PRD00818,480,2577.53
POI00005217,PO0009124,PRD00062,192,3639.09
POI00005218,PO0005523,PRD00422,400,13723.46
POI00005219,PO0002693,PRD00167,459,14939.24
POI00005220,PO0003276,PRD00161,326,14511.66
POI00005221,PO0008911,PRD00524,310,4908.91
POI00005222,PO0001489,PRD00270,229,2874.72
POI00005223,PO0005002,PRD00978,258,10928.44
POI00005224,PO0001473,PRD00817,199,13482.36
POI00005225,PO0006937,PRD00684,406,7767.82
POI00005226,PO0005160,PRD00238,48,1063.4
POI00005227,PO0007239,PRD00913,248,7633.07
POI00005228,PO0007988,PRD00303,488,3612.1
POI00005229,PO0003435,PRD00247,140,9955.98
POI00005230,PO0009198,PRD00013,306,14644.99
POI00005231,PO0008786,PRD00585,468,4963.33
POI00005232,PO0009467,PRD00823,71,889.68
POI00005233,PO0006806,PRD00745,136,7007.02
POI00005234,PO0006164,PRD00051,412,8110.25
POI00005235,PO0001643,PRD00660,462,745.68
POI00005236,PO0000902,PRD00400,389,14679.08
POI00005237,PO0006820,PRD00883,438,13462.78
POI00005238,PO0004411,PRD00680,402,12884.86
POI00005239,PO0007968,PRD00063,69,7018.31
POI00005240,PO0006156,PRD00713,159,5625.5
POI00005241,PO0001416,PRD00470,409,10835.82
POI00005242,PO0001643,PRD00632,243,12709.49
POI00005243,PO0006974,PRD00561,446,5531.95
POI00005244,PO0009013,PRD00856,492,11059.92
POI00005245,PO0008465,PRD00256,155,4333.14
POI00005246,PO0009886,PRD00048,10,1009.0
POI00005247,PO0007864,PRD00496,166,5018.37
POI00005248,PO0006009,PRD00417,208,13839.61
POI00005249,PO0009654,PRD00409,157,13153.77
POI00005250,PO0004378,PRD00938,339,14690.74
POI00005251,PO0008434,PRD00043,214,6795.04
POI00005252,PO0005093,PRD00720,366,6824.63
POI00005253,PO0002750,PRD00853,210,2077.51
POI00005254,PO0000900,PRD00671,445,13764.06
POI00005255,PO0008411,PRD00869,145,7264.23
POI00005256,PO0001044,PRD00172,327,1562.37
POI00005257,PO0003863,PRD00541,318,2451.94
POI00005258,PO0005051,PRD00495,120,13954.44
POI00005259,PO0007103,PRD00939,355,12076.99
POI00005260,PO0002609,PRD00268,196,9508.77
POI00005261,PO0000525,PRD00642,44,6743.72
POI00005262,PO0001650,PRD00645,415,13236.02
POI00005263,PO0007256,PRD00005,319,13587.62
POI00005264,PO0004312,PRD00471,448,1676.03
POI00005265,PO0007473,PRD00323,345,7763.5
POI00005266,PO0004394,PRD00320,214,1168.76
POI00005267,PO0008917,PRD00009,105,12532.16
POI00005268,PO0009966,PRD00012,374,14609.65
POI00005269,PO0002760,PRD00041,27,14254.59
POI00005270,PO0006487,PRD00611,214,1908.11
POI00005271,PO0005355,PRD00709,461,12622.33
POI00005272,PO0003391,PRD00025,168,9977.74
POI00005273,PO0003496,PRD00917,456,13456.14
POI00005274,PO0003849,PRD00198,16,2388.57
POI00005275,PO0007392,PRD00165,328,9742.97
POI00005276,PO0006761,PRD00490,478,13814.57
POI00005277,PO0009107,PRD00032,137,4314.09
POI00005278,PO0000107,PRD00327,165,11465.77
POI00005279,PO0008629,PRD00587,348,7001.79
POI00005280,PO0002685,PRD00138,25,9292.5
POI00005281,PO0000853,PRD00623,121,11479.62
POI00005282,PO0002934,PRD00742,291,120.85
POI00005283,PO0006046,PRD00962,130,8264.3
POI00005284,PO0003475,PRD00230,316,928.8
POI00005285,PO0007401,PRD00796,139,5431.54
POI00005286,PO0002574,PRD00763,219,5016.95
POI00005287,PO0005609,PRD00927,73,9238.3
POI00005288,PO0001984,PRD00952,379,4757.15
POI00005289,PO0007086,PRD00536,304,5119.31
POI00005290,PO0004205,PRD00703,430,2890.33
POI00005291,PO0007087,PRD00509,449,7385.46
POI00005292,PO0005999,PRD00540,362,3098.59
POI00005293,PO0003534,PRD00130,45,731.22
POI00005294,PO0008523,PRD00389,85,10776.42
POI00005295,PO0008633,PRD00803,446,4469.13
POI00005296,PO0006323,PRD00449,221,4124.74
POI00005297,PO0004355,PRD00152,363,9137.41
POI00005298,PO0002605,PRD00340,33,13976.02
POI00005299,PO0000576,PRD00800,379,273.44
POI00005300,PO0007640,PRD00315,186,12650.55
POI00005301,PO0005281,PRD00879,138,5831.09
POI00005302,PO0007477,PRD00645,12,13236.02
POI00005303,PO0002895,PRD00686,129,2956.03
POI00005304,PO0002245,PRD00065,485,13939.0
POI00005305,PO0001618,PRD00159,98,11218.67
POI00005306,PO0007513,PRD00598,148,4825.42
POI00005307,PO0003610,PRD00634,356,11006.69
POI00005308,PO0003114,PRD00940,273,12016.56
POI00005309,PO0003570,PRD00265,104,1738.91
POI00005310,PO0006497,PRD00897,269,11763.99
POI00005311,PO0007154,PRD00787,369,3077.27
POI00005312,PO0002703,PRD00533,120,10985.5
POI00005313,PO0003048,PRD00796,46,5431.54
POI00005314,PO0002080,PRD00025,42,9977.74
POI00005315,PO0002316,PRD00026,174,10030.04
POI00005316,PO0009113,PRD00894,327,2746.5
POI00005317,PO0009811,PRD00306,367,7923.38
POI00005318,PO0006466,PRD00761,237,9679.51
POI00005319,PO0006397,PRD00280,359,626.38
POI00005320,PO0003678,PRD00407,207,2170.82
POI00005321,PO0002829,PRD00908,232,5348.66
POI00005322,PO0008411,PRD00891,163,6179.97
POI00005323,PO0001478,PRD00689,483,10243.12
POI00005324,PO0000909,PRD00053,57,10059.59
POI00005325,PO0004278,PRD00249,242,10840.05
POI00005326,PO0007114,PRD00085,33,2937.79
POI00005327,PO0007034,PRD00291,432,1083.12
POI00005328,PO0003528,PRD00048,465,1009.0
POI00005329,PO0002871,PRD00008,56,8448.73
POI00005330,PO0001105,PRD00350,14,7818.75
POI00005331,PO0009678,PRD00105,167,7072.97
POI00005332,PO0000195,PRD00707,372,5200.05
POI00005333,PO0009730,PRD00636,430,3410.7
POI00005334,PO0003938,PRD00270,307,2874.72
POI00005335,PO0003089,PRD00628,392,2699.31
POI00005336,PO0005735,PRD00269,417,6484.24
POI00005337,PO0000659,PRD00797,33,11156.8
POI00005338,PO0005140,PRD00314,468,8909.78
POI00005339,PO0004575,PRD00746,487,5454.4
POI00005340,PO0006579,PRD00663,156,8339.74
POI00005341,PO0008910,PRD00011,65,10256.43
POI00005342,PO0004428,PRD00685,129,2103.9
POI00005343,PO0009016,PRD00750,254,6059.6
POI00005344,PO0009604,PRD00428,316,322.0
POI00005345,PO0004246,PRD00013,412,14644.99
POI00005346,PO0002735,PRD00326,399,12217.09
POI00005347,PO0008387,PRD00970,234,2893.48
POI00005348,PO0006754,PRD00059,160,7096.98
POI00005349,PO0007333,PRD00278,103,4458.16
POI00005350,PO0003426,PRD00185,379,6440.0
POI00005351,PO0004951,PRD00401,294,8016.45
POI00005352,PO0002271,PRD00890,233,7834.85
POI00005353,PO0002837,PRD00602,31,12799.03
POI00005354,PO0001803,PRD00893,91,14877.64
POI00005355,PO0002193,PRD00190,432,6496.64
POI00005356,PO0005377,PRD00133,46,13122.92
POI00005357,PO0006483,PRD00978,244,10928.44
POI00005358,PO0006343,PRD00530,309,5677.57
POI00005359,PO0009554,PRD00264,244,12537.65
POI00005360,PO0003400,PRD00903,140,10697.16
POI00005361,PO0002686,PRD00819,245,9433.84
POI00005362,PO0006137,PRD00875,472,6782.11
POI00005363,PO0004934,PRD00948,319,5378.23
POI00005364,PO0004684,PRD00839,225,1545.18
POI00005365,PO0005221,PRD00416,258,5875.21
POI00005366,PO0004000,PRD00285,379,8218.48
POI00005367,PO0004297,PRD00009,127,12532.16
POI00005368,PO0008044,PRD00844,161,10706.01
POI00005369,PO0009531,PRD00429,24,4484.27
POI00005370,PO0006848,PRD00523,357,12097.17
POI00005371,PO0004148,PRD00356,265,5284.14
POI00005372,PO0008666,PRD00485,461,9733.24
POI00005373,PO0001175,PRD00307,179,14587.91
POI00005374,PO0005396,PRD00739,255,7506.27
POI00005375,PO0006835,PRD00030,150,7017.62
POI00005376,PO0002962,PRD00693,345,12868.1
POI00005377,PO0007523,PRD00251,321,3571.32
POI00005378,PO0009203,PRD00435,60,11483.94
POI00005379,PO0004735,PRD00009,11,12532.16
POI00005380,PO0003757,PRD00964,66,7890.02
POI00005381,PO0002836,PRD00117,466,9411.1
POI00005382,PO0003656,PRD00769,61,14259.3
POI00005383,PO0000683,PRD00581,169,3429.77
POI00005384,PO0008894,PRD00663,341,8339.74
POI00005385,PO0000675,PRD00508,348,9561.68
POI00005386,PO0001922,PRD00578,423,3487.79
POI00005387,PO0007402,PRD00568,422,4707.73
POI00005388,PO0007229,PRD00020,381,14093.42
POI00005389,PO0001804,PRD00634,47,11006.69
POI00005390,PO0004180,PRD00613,354,2658.28
POI00005391,PO0003371,PRD00545,408,7193.96
POI00005392,PO0005422,PRD00006,477,12453.87
POI00005393,PO0006690,PRD00958,170,1630.61
POI00005394,PO0003518,PRD00940,45,12016.56
POI00005395,PO0008634,PRD00919,122,12018.41
POI00005396,PO0005104,PRD00941,295,2714.98
POI00005397,PO0008722,PRD00359,322,14333.28
POI00005398,PO0006269,PRD00149,271,8656.19
POI00005399,PO0008287,PRD00920,468,10536.21
POI00005400,PO0000282,PRD00927,262,9238.3
POI00005401,PO0001157,PRD00068,329,11959.71
POI00005402,PO0006835,PRD00114,72,6866.0
POI00005403,PO0007469,PRD00694,257,9801.68
POI00005404,PO0000908,PRD00436,392,10630.97
POI00005405,PO0008035,PRD00764,440,6096.89
POI00005406,PO0004015,PRD00223,85,13596.37
POI00005407,PO0005782,PRD00469,306,4552.3
POI00005408,PO0003545,PRD00158,239,12470.65
POI00005409,PO0006633,PRD00196,104,6209.26
POI00005410,PO0001845,PRD00812,243,3339.2
POI00005411,PO0004810,PRD00430,34,7529.58
POI00005412,PO0000593,PRD00953,200,4127.02
POI00005413,PO0005197,PRD00656,284,3059.15
POI00005414,PO0000691,PRD00293,300,14236.45
POI00005415,PO0004139,PRD00098,350,2423.29
POI00005416,PO0007429,PRD00273,341,3864.46
POI00005417,PO0005235,PRD00976,210,4864.0
POI00005418,PO0003079,PRD00977,93,14587.2
POI00005419,PO0005592,PRD00753,322,1627.4
POI00005420,PO0001174,PRD00864,140,5345.24
POI00005421,PO0004604,PRD00365,326,9821.16
POI00005422,PO0006862,PRD00938,46,14690.74
POI00005423,PO0004230,PRD00841,273,13509.77
POI00005424,PO0006901,PRD00654,364,8610.81
POI00005425,PO0004078,PRD00256,320,4333.14
POI00005426,PO0000896,PRD00598,97,4825.42
POI00005427,PO0003455,PRD00509,180,7385.46
POI00005428,PO0000975,PRD00634,199,11006.69
POI00005429,PO0000439,PRD00817,454,13482.36
POI00005430,PO0005318,PRD00961,133,12916.7
POI00005431,PO0000617,PRD00633,256,8823.37
POI00005432,PO0005145,PRD00032,239,4314.09
POI00005433,PO0005982,PRD00711,439,14208.1
POI00005434,PO0005391,PRD00182,442,11205.33
POI00005435,PO0003587,PRD00183,366,6823.92
POI00005436,PO0001922,PRD00524,294,4908.91
POI00005437,PO0003761,PRD00282,182,6599.31
POI00005438,PO0000718,PRD00657,58,14657.7
POI00005439,PO0006689,PRD00157,307,3075.86
POI00005440,PO0009404,PRD00560,121,14804.29
POI00005441,PO0005903,PRD00552,15,13804.82
POI00005442,PO0007827,PRD00593,279,1467.96
POI00005443,PO0006372,PRD00212,271,194.69
POI00005444,PO0003723,PRD00120,190,4716.39
POI00005445,PO0004243,PRD00086,357,14709.22
POI00005446,PO0007435,PRD00603,337,3288.11
POI00005447,PO0006062,PRD00552,457,13804.82
POI00005448,PO0003466,PRD00716,310,7985.19
POI00005449,PO0002773,PRD00034,137,12113.92
POI00005450,PO0002883,PRD00287,383,5325.08
POI00005451,PO0002629,PRD00068,487,11959.71
POI00005452,PO0009569,PRD00320,122,1168.76
POI00005453,PO0000057,PRD00972,269,3371.24
POI00005454,PO0007663,PRD00372,97,12777.81
POI00005455,PO0007839,PRD00589,347,13991.37
POI00005456,PO0004857,PRD00801,86,12463.35
POI00005457,PO0008785,PRD00392,79,5987.55
POI00005458,PO0008025,PRD00431,22,11469.34
POI00005459,PO0008520,PRD00045,103,3578.64
POI00005460,PO0008937,PRD00362,489,837.42
POI00005461,PO0007937,PRD00097,489,14218.05
POI00005462,PO0005825,PRD00053,343,10059.59
POI00005463,PO0005477,PRD00315,89,12650.55
POI00005464,PO0008929,PRD00025,178,9977.74
POI00005465,PO0000002,PRD00478,23,14298.83
POI00005466,PO0001880,PRD00627,203,8481.58
POI00005467,PO0005363,PRD00957,314,8262.63
POI00005468,PO0000957,PRD00940,402,12016.56
POI00005469,PO0005809,PRD00487,42,1551.21
POI00005470,PO0008948,PRD00851,457,13602.05
POI00005471,PO0007343,PRD00343,319,10133.19
POI00005472,PO0007879,PRD00300,182,10666.34
POI00005473,PO0008535,PRD00117,411,9411.1
POI00005474,PO0001208,PRD00264,137,12537.65
POI00005475,PO0008314,PRD00858,458,718.7
POI00005476,PO0001157,PRD00786,475,12658.67
POI00005477,PO0009119,PRD00931,381,7216.54
POI00005478,PO0000320,PRD00387,197,1001.43
POI00005479,PO0008227,PRD00187,258,4183.24
POI00005480,PO0005428,PRD00841,459,13509.77
POI00005481,PO0005971,PRD00280,453,626.38
POI00005482,PO0006151,PRD00172,240,1562.37
POI00005483,PO0008897,PRD00456,215,14536.29
POI00005484,PO0003501,PRD00784,173,4162.05
POI00005485,PO0008376,PRD00809,176,7918.89
POI00005486,PO0005986,PRD00360,318,11230.29
POI00005487,PO0008291,PRD00789,492,7598.09
POI00005488,PO0002782,PRD00426,111,11443.5
POI00005489,PO0008455,PRD00871,339,8636.42
POI00005490,PO0002413,PRD00436,292,10630.97
POI00005491,PO0002311,PRD00371,233,6858.89
POI00005492,PO0006390,PRD00978,367,10928.44
POI00005493,PO0004843,PRD00952,205,4757.15
POI00005494,PO0002326,PRD00672,250,1758.78
POI00005495,PO0003173,PRD00606,195,8374.83
POI00005496,PO0000989,PRD00249,353,10840.05
POI00005497,PO0001127,PRD00342,495,10654.4
POI00005498,PO0003884,PRD00318,101,13343.83
POI00005499,PO0009969,PRD00124,271,8304.87
POI00005500,PO0007811,PRD00594,394,6920.19
POI00005501,PO0003977,PRD00405,336,8998.95
POI00005502,PO0008801,PRD00147,136,10379.48
POI00005503,PO0005520,PRD00119,277,510.73
POI00005504,PO0009674,PRD00590,14,14268.77
POI00005505,PO0006688,PRD00094,82,8406.45
POI00005506,PO0000360,PRD00115,242,12984.47
POI00005507,PO0008723,PRD00202,500,2771.81
POI00005508,PO0004839,PRD00991,153,5985.46
POI00005509,PO0001370,PRD00459,485,11986.98
POI00005510,PO0009144,PRD00993,152,2432.86
POI00005511,PO0007030,PRD00781,72,10401.92
POI00005512,PO0006891,PRD00283,169,14607.96
POI00005513,PO0000355,PRD00184,137,6913.99
POI00005514,PO0000721,PRD00494,259,12749.77
POI00005515,PO0007024,PRD00642,389,6743.72
POI00005516,PO0000022,PRD00321,231,7009.48
POI00005517,PO0002188,PRD00084,227,1880.19
POI00005518,PO0008926,PRD00837,393,2785.86
POI00005519,PO0008569,PRD00362,140,837.42
POI00005520,PO0003932,PRD00958,254,1630.61
POI00005521,PO0000231,PRD00892,63,3978.64
POI00005522,PO0002421,PRD00589,25,13991.37
POI00005523,PO0001088,PRD00584,424,13164.71
POI00005524,PO0009923,PRD00291,277,1083.12
POI00005525,PO0009179,PRD00203,179,171.1
POI00005526,PO0001915,PRD00755,173,12949.63
POI00005527,PO0000106,PRD00237,97,10209.15
POI00005528,PO0006549,PRD00786,101,12658.67
POI00005529,PO0009344,PRD00462,337,5449.97
POI00005530,PO0001653,PRD00200,28,12689.72
POI00005531,PO0000473,PRD00376,82,7767.99
POI00005532,PO0005623,PRD00236,143,5509.36
POI00005533,PO0004889,PRD00792,143,12139.91
POI00005534,PO0000050,PRD00792,301,12139.91
POI00005535,PO0001896,PRD00948,86,5378.23
POI00005536,PO0000073,PRD00123,388,6279.12
POI00005537,PO0009064,PRD00348,71,10382.26
POI00005538,PO0004367,PRD00690,358,2729.55
POI00005539,PO0009821,PRD00092,217,1185.31
POI00005540,PO0008225,PRD00466,194,10894.67
POI00005541,PO0001438,PRD00121,246,14884.48
POI00005542,PO0004032,PRD00825,471,6540.73
POI00005543,PO0004454,PRD00954,440,6256.72
POI00005544,PO0002184,PRD00808,146,7399.02
POI00005545,PO0008917,PRD00667,227,12142.23
POI00005546,PO0008834,PRD00123,335,6279.12
POI00005547,PO0000393,PRD00490,429,13814.57
POI00005548,PO0005923,PRD00874,154,13187.35
POI00005549,PO0008856,PRD00810,284,6285.69
POI00005550,PO0002998,PRD00985,145,3051.76
POI00005551,PO0008720,PRD00345,226,10843.29
POI00005552,PO0006723,PRD00649,305,13327.93
POI00005553,PO0006227,PRD00963,40,8895.2
POI00005554,PO0008656,PRD00043,428,6795.04
POI00005555,PO0002447,PRD00329,349,14502.96
POI00005556,PO0004779,PRD00152,162,9137.41
POI00005557,PO0009012,PRD00795,431,10383.68
POI00005558,PO0005675,PRD00716,50,7985.19
POI00005559,PO0005271,PRD00891,262,6179.97
POI00005560,PO0000137,PRD00218,278,4399.57
POI00005561,PO0009494,PRD00293,333,14236.45
POI00005562,PO0000056,PRD00151,77,13666.4
POI00005563,PO0008545,PRD00207,228,13259.47
POI00005564,PO0005606,PRD00373,437,5013.81
POI00005565,PO0007467,PRD00404,45,3670.74
POI00005566,PO0009451,PRD00843,447,14383.19
POI00005567,PO0002267,PRD00506,25,2811.02
POI00005568,PO0008679,PRD00834,327,4625.99
POI00005569,PO0003133,PRD00877,238,9378.32
POI00005570,PO0009273,PRD00404,278,3670.74
POI00005571,PO0007629,PRD00469,470,4552.3
POI00005572,PO0005944,PRD00973,173,4327.38
POI00005573,PO0003825,PRD00751,263,10373.34
POI00005574,PO0007856,PRD00241,312,2003.96
POI00005575,PO0006300,PRD00295,362,14410.96
POI00005576,PO0005122,PRD00579,410,3728.71
POI00005577,PO0007392,PRD00125,262,12971.28
POI00005578,PO0003710,PRD00119,449,510.73
POI00005579,PO0002194,PRD00335,145,12393.64
POI00005580,PO0005453,PRD00005,87,13587.62
POI00005581,PO0008963,PRD00306,373,7923.38
POI00005582,PO0002253,PRD00902,473,10889.46
POI00005583,PO0009516,PRD00427,289,6255.84
POI00005584,PO0005894,PRD00967,440,5210.76
POI00005585,PO0006091,PRD00460,118,5749.6
POI00005586,PO0008995,PRD00656,293,3059.15
POI00005587,PO0000618,PRD00449,130,4124.74
POI00005588,PO0000265,PRD00185,225,6440.0
POI00005589,PO0000182,PRD00013,106,14644.99
POI00005590,PO0002109,PRD00474,427,4767.61
POI00005591,PO0004763,PRD00114,372,6866.0
POI00005592,PO0004415,PRD00306,386,7923.38
POI00005593,PO0002943,PRD00545,64,7193.96
POI00005594,PO0003953,PRD00975,226,9296.52
POI00005595,PO0000746,PRD00495,333,13954.44
POI00005596,PO0000592,PRD00987,302,9467.13
POI00005597,PO0000719,PRD00434,449,7897.25
POI00005598,PO0005922,PRD00078,172,8372.4
POI00005599,PO0003030,PRD00110,356,13747.81
POI00005600,PO0006509,PRD00961,234,12916.7
POI00005601,PO0002389,PRD00102,271,6423.07
POI00005602,PO0005215,PRD00334,377,8334.09
POI00005603,PO0005521,PRD00381,324,2462.98
POI00005604,PO0005733,PRD00535,334,12386.73
POI00005605,PO0000561,PRD00426,194,11443.5
POI00005606,PO0001746,PRD00632,68,12709.49
POI00005607,PO0003306,PRD00763,91,5016.95
POI00005608,PO0002089,PRD00229,481,5330.98
POI00005609,PO0008650,PRD00683,449,11134.9
POI00005610,PO0008217,PRD00146,439,1182.02
POI00005611,PO0002392,PRD00560,115,14804.29
POI00005612,PO0004297,PRD00232,317,6790.03
POI00005613,PO0008753,PRD00086,382,14709.22
POI00005614,PO0009886,PRD00406,77,6081.8
POI00005615,PO0003999,PRD00152,326,9137.41
POI00005616,PO0004886,PRD00287,472,5325.08
POI00005617,PO0007191,PRD00638,178,14235.92
POI00005618,PO0003820,PRD00865,259,13316.61
POI00005619,PO0008127,PRD00791,32,10139.71
POI00005620,PO0006159,PRD00312,216,3819.03
POI00005621,PO0000743,PRD00978,464,10928.44
POI00005622,PO0004518,PRD00712,319,5380.83
POI00005623,PO0003194,PRD00905,248,2985.62
POI00005624,PO0008327,PRD00342,390,10654.4
POI00005625,PO0009637,PRD00232,300,6790.03
POI00005626,PO0009483,PRD00250,60,14546.26
POI00005627,PO0005236,PRD00659,402,2838.43
POI00005628,PO0003384,PRD00500,131,8694.03
POI00005629,PO0006212,PRD00600,115,6787.54
POI00005630,PO0004543,PRD00808,370,7399.02
POI00005631,PO0007410,PRD00659,227,2838.43
POI00005632,PO0007892,PRD00516,162,8281.91
POI00005633,PO0006617,PRD00352,43,10163.96
POI00005634,PO0009649,PRD00767,60,8392.39
POI00005635,PO0000283,PRD00028,134,9263.48
POI00005636,PO0004666,PRD00621,85,7979.13
POI00005637,PO0003132,PRD00496,306,5018.37
POI00005638,PO0000785,PRD00282,399,6599.31
POI00005639,PO0007225,PRD00396,170,5666.96
POI00005640,PO0001149,PRD00494,300,12749.77
POI00005641,PO0004345,PRD00426,335,11443.5
POI00005642,PO0009801,PRD00376,142,7767.99
POI00005643,PO0009141,PRD00957,170,8262.63
POI00005644,PO0000700,PRD00691,327,5216.2
POI00005645,PO0000163,PRD00739,11,7506.27
POI00005646,PO0008705,PRD00955,156,9957.38
POI00005647,PO0002167,PRD00329,459,14502.96
POI00005648,PO0005590,PRD00227,277,12974.56
POI00005649,PO0001092,PRD00026,276,10030.04
POI00005650,PO0007655,PRD00264,362,12537.65
POI00005651,PO0000825,PRD00700,46,8456.94
POI00005652,PO0002745,PRD00521,476,3211.38
POI00005653,PO0002515,PRD00553,219,1373.39
POI00005654,PO0006205,PRD00252,64,5568.19
POI00005655,PO0006353,PRD00287,284,5325.08
POI00005656,PO0009146,PRD00672,201,1758.78
POI00005657,PO0009866,PRD00768,489,13360.45
POI00005658,PO0006774,PRD00626,334,10575.52
POI00005659,PO0004986,PRD00808,474,7399.02
POI00005660,PO0003371,PRD00442,397,4068.49
POI00005661,PO0008529,PRD00036,96,10797.72
POI00005662,PO0007396,PRD00715,117,7125.52
POI00005663,PO0000892,PRD00643,466,5309.18
POI00005664,PO0004526,PRD00402,143,2394.41
POI00005665,PO0009113,PRD00405,463,8998.95
POI00005666,PO0009679,PRD00337,241,11344.08
POI00005667,PO0009410,PRD00940,319,12016.56
POI00005668,PO0001661,PRD00200,407,12689.72
POI00005669,PO0000123,PRD00888,289,4306.34
POI00005670,PO0001507,PRD00459,418,11986.98
POI00005671,PO0004374,PRD00827,459,10537.16
POI00005672,PO0006836,PRD00691,298,5216.2
POI00005673,PO0004767,PRD00192,202,10003.41
POI00005674,PO0004439,PRD00695,305,7153.53
POI00005675,PO0005317,PRD00269,492,6484.24
POI00005676,PO0002184,PRD00357,438,1898.36
POI00005677,PO0007684,PRD00087,166,2757.27
POI00005678,PO0007935,PRD00999,161,8190.82
POI00005679,PO0003471,PRD00098,58,2423.29
POI00005680,PO0005962,PRD00553,436,1373.39
POI00005681,PO0000725,PRD00795,241,10383.68
POI00005682,PO0000112,PRD00170,50,12518.7
POI00005683,PO0000333,PRD00989,440,12965.77
POI00005684,PO0000270,PRD00831,96,14405.2
POI00005685,PO0001692,PRD00340,406,13976.02
POI00005686,PO0002535,PRD00308,333,1994.75
POI00005687,PO0003602,PRD00646,32,11847.85
POI00005688,PO0008840,PRD00340,453,13976.02
POI00005689,PO0002412,PRD00960,280,2038.65
POI00005690,PO0001172,PRD00856,307,11059.92
POI00005691,PO0009691,PRD00952,81,4757.15
POI00005692,PO0006943,PRD00883,360,13462.78
POI00005693,PO0007631,PRD00446,336,10566.45
POI00005694,PO0009137,PRD00058,216,4231.59
POI00005695,PO0004534,PRD00434,258,7897.25
POI00005696,PO0000179,PRD00722,498,9531.63
POI00005697,PO0009559,PRD00978,458,10928.44
POI00005698,PO0005151,PRD00896,386,12836.58
POI00005699,PO0006810,PRD00993,24,2432.86
POI00005700,PO0005625,PRD00179,199,11993.83
POI00005701,PO0003878,PRD00545,241,7193.96
POI00005702,PO0004478,PRD00973,410,4327.38
POI00005703,PO0006166,PRD00949,316,13353.32
POI00005704,PO0009675,PRD00429,287,4484.27
POI00005705,PO0008382,PRD00869,442,7264.23
POI00005706,PO0006890,PRD00758,451,14670.2
POI00005707,PO0005033,PRD00390,72,6845.21
POI00005708,PO0000260,PRD00494,254,12749.77
POI00005709,PO0008781,PRD00471,116,1676.03
POI00005710,PO0001182,PRD00420,124,7232.56
POI00005711,PO0000183,PRD00203,178,171.1
POI00005712,PO0007900,PRD00161,105,14511.66
POI00005713,PO0001586,PRD00467,386,10304.91
POI00005714,PO0006887,PRD00462,376,5449.97
POI00005715,PO0008632,PRD00983,259,12437.52
POI00005716,PO0002002,PRD00936,148,5539.59
POI00005717,PO0004519,PRD00181,81,2679.75
POI00005718,PO0004082,PRD00200,183,12689.72
POI00005719,PO0002648,PRD00901,193,1036.08
POI00005720,PO0003838,PRD00225,80,11422.41
POI00005721,PO0004950,PRD00806,480,164.23
POI00005722,PO0004805,PRD00077,488,3244.83
POI00005723,PO0007260,PRD00493,453,4838.13
POI00005724,PO0000991,PRD00607,195,12074.14
POI00005725,PO0001542,PRD00794,304,14754.3
POI00005726,PO0005451,PRD00630,450,12112.17
POI00005727,PO0004600,PRD00463,38,6510.21
POI00005728,PO0006556,PRD00343,352,10133.19
POI00005729,PO0002400,PRD00116,93,6245.65
POI00005730,PO0005291,PRD00916,479,11381.5
POI00005731,PO0000514,PRD00269,459,6484.24
POI00005732,PO0001254,PRD00231,121,9255.93
POI00005733,PO0007064,PRD00804,106,14440.13
POI00005734,PO0009364,PRD00750,120,6059.6
POI00005735,PO0004183,PRD00822,391,434.39
POI00005736,PO0007878,PRD00448,51,3508.12
POI00005737,PO0005628,PRD00032,122,4314.09
POI00005738,PO0002189,PRD00882,11,7275.03
POI00005739,PO0002908,PRD00765,89,1393.26
POI00005740,PO0003366,PRD00669,329,4850.66
POI00005741,PO0009432,PRD00617,272,9490.86
POI00005742,PO0007861,PRD00487,261,1551.21
POI00005743,PO0002172,PRD00258,283,13278.68
POI00005744,PO0003406,PRD00453,31,5806.99
POI00005745,PO0005276,PRD00659,36,2838.43
POI00005746,PO0008078,PRD00606,343,8374.83
POI00005747,PO0007939,PRD00812,317,3339.2
POI00005748,PO0002274,PRD00149,432,8656.19
POI00005749,PO0007504,PRD00725,235,9430.17
POI00005750,PO0008453,PRD00853,188,2077.51
POI00005751,PO0002377,PRD00473,37,4562.49
POI00005752,PO0006750,PRD00386,52,7920.56
POI00005753,PO0006543,PRD00689,166,10243.12
POI00005754,PO0003910,PRD00193,19,1081.63
POI00005755,PO0007894,PRD00595,301,9587.26
POI00005756,PO0005482,PRD00980,96,10478.27
POI00005757,PO0006936,PRD00100,375,3533.63
POI00005758,PO0002686,PRD00123,11,6279.12
POI00005759,PO0002963,PRD00918,46,1087.91
POI00005760,PO0004196,PRD00226,428,7002.18
POI00005761,PO0000806,PRD00803,298,4469.13
POI00005762,PO0002116,PRD00232,473,6790.03
POI00005763,PO0007448,PRD00514,189,4437.98
POI00005764,PO0006598,PRD00954,284,6256.72
POI00005765,PO0005970,PRD00700,115,8456.94
POI00005766,PO0002890,PRD00872,218,13370.7
POI00005767,PO0001877,PRD00456,438,14536.29
POI00005768,PO0001729,PRD00867,127,2868.63
POI00005769,PO0002078,PRD00956,246,3221.73
POI00005770,PO0008996,PRD00615,24,9737.39
POI00005771,PO0003917,PRD00417,242,13839.61
POI00005772,PO0007696,PRD00399,247,10939.64
POI00005773,PO0001724,PRD00881,363,13176.07
POI00005774,PO0006287,PRD00928,26,5618.25
POI00005775,PO0006884,PRD00523,240,12097.17
POI00005776,PO0005559,PRD00571,196,268.96
POI00005777,PO0001574,PRD00845,443,2083.84
POI00005778,PO0009452,PRD00125,153,12971.28
POI00005779,PO0006911,PRD00212,270,194.69
POI00005780,PO0000464,PRD00374,391,290.14
POI00005781,PO0008376,PRD00005,169,13587.62
POI00005782,PO0007605,PRD00015,110,4060.74
POI00005783,PO0004548,PRD00303,134,3612.1
POI00005784,PO0007803,PRD00473,259,4562.49
POI00005785,PO0000316,PRD00428,421,322.0
POI00005786,PO0001394,PRD00359,153,14333.28
POI00005787,PO0002662,PRD00646,407,11847.85
POI00005788,PO0004176,PRD00013,179,14644.99
POI00005789,PO0003583,PRD00867,336,2868.63
POI00005790,PO0006924,PRD00927,118,9238.3
POI00005791,PO0005727,PRD00785,116,2141.65
POI00005792,PO0005826,PRD00243,130,9718.69
POI00005793,PO0006553,PRD00727,119,1054.08
POI00005794,PO0004649,PRD00089,131,9597.02
POI00005795,PO0002605,PRD00425,66,7731.22
POI00005796,PO0009131,PRD00020,136,14093.42
POI00005797,PO0006325,PRD00358,498,14322.76
POI00005798,PO0004346,PRD00347,432,2926.5
POI00005799,PO0006516,PRD00598,77,4825.42
POI00005800,PO0004065,PRD00636,54,3410.7
POI00005801,PO0008777,PRD00038,190,11694.03
POI00005802,PO0008605,PRD00835,198,6236.81
POI00005803,PO0009862,PRD00072,308,2707.96
POI00005804,PO0004050,PRD00788,290,13824.18
POI00005805,PO0004802,PRD00373,346,5013.81
POI00005806,PO0008820,PRD00420,37,7232.56
POI00005807,PO0009475,PRD00965,461,8131.85
POI00005808,PO0002009,PRD00262,147,10465.39
POI00005809,PO0000392,PRD00582,395,12403.88
POI00005810,PO0001162,PRD00936,401,5539.59
POI00005811,PO0007107,PRD00593,459,1467.96
POI00005812,PO0008284,PRD00244,302,4688.28
POI00005813,PO0001631,PRD00711,259,14208.1
POI00005814,PO0006465,PRD00887,139,6428.3
POI00005815,PO0003198,PRD00640,40,14055.38
POI00005816,PO0002282,PRD00979,105,3320.45
POI00005817,PO0007533,PRD00558,355,9720.85
POI00005818,PO0009068,PRD00897,132,11763.99
POI00005819,PO0002849,PRD00656,214,3059.15
POI00005820,PO0005328,PRD00778,222,11600.41
POI00005821,PO0004276,PRD00055,420,8911.04
POI00005822,PO0002923,PRD00694,67,9801.68
POI00005823,PO0007721,PRD00702,106,12933.45
POI00005824,PO0007686,PRD00504,444,12220.97
POI00005825,PO0000369,PRD00532,482,4963.16
POI00005826,PO0005678,PRD00297,198,3281.39
POI00005827,PO0009934,PRD00181,288,2679.75
POI00005828,PO0000580,PRD00909,100,11074.93
POI00005829,PO0005380,PRD00534,136,12763.59
POI00005830,PO0007521,PRD00762,296,13051.68
POI00005831,PO0002003,PRD00640,30,14055.38
POI00005832,PO0004913,PRD00850,370,12204.62
POI00005833,PO0006549,PRD00818,362,2577.53
POI00005834,PO0005261,PRD00283,245,14607.96
POI00005835,PO0001206,PRD00162,273,287.67
POI00005836,PO0006931,PRD00434,218,7897.25
POI00005837,PO0001967,PRD00078,462,8372.4
POI00005838,PO0009396,PRD00827,36,10537.16
POI00005839,PO0008338,PRD00579,351,3728.71
POI00005840,PO0002372,PRD00608,201,2030.27
POI00005841,PO0007074,PRD00869,416,7264.23
POI00005842,PO0006933,PRD00569,69,1366.29
POI00005843,PO0000466,PRD00049,336,12862.44
POI00005844,PO0005408,PRD00496,239,5018.37
POI00005845,PO0006868,PRD00413,422,6171.23
POI00005846,PO0008650,PRD00794,179,14754.3
POI00005847,PO0000101,PRD00159,438,11218.67
POI00005848,PO0009833,PRD00704,492,9935.11
POI00005849,PO0000310,PRD00423,73,13733.69
POI00005850,PO0009905,PRD00134,251,10858.86
POI00005851,PO0007060,PRD00108,488,14993.62
POI00005852,PO0006637,PRD00334,359,8334.09
POI00005853,PO0008990,PRD00670,30,8380.95
POI00005854,PO0006701,PRD00574,186,11589.74
POI00005855,PO0000356,PRD00632,438,12709.49
POI00005856,PO0003418,PRD00075,244,3718.44
POI00005857,PO0009508,PRD00704,132,9935.11
POI00005858,PO0005890,PRD00435,153,11483.94
POI00005859,PO0002109,PRD00013,179,14644.99
POI00005860,PO0005058,PRD00710,297,7104.05
POI00005861,PO0000770,PRD00443,417,8509.83
POI00005862,PO0004260,PRD00226,380,7002.18
POI00005863,PO0009350,PRD00796,226,5431.54
POI00005864,PO0003874,PRD00586,278,4430.6
POI00005865,PO0007465,PRD00475,206,14519.03
POI00005866,PO0002654,PRD00283,309,14607.96
POI00005867,PO0006218,PRD00199,231,1794.09
POI00005868,PO0006146,PRD00162,100,287.67
POI00005869,PO0009732,PRD00032,492,4314.09
POI00005870,PO0007283,PRD00643,131,5309.18
POI00005871,PO0007876,PRD00690,393,2729.55
POI00005872,PO0009024,PRD00489,341,5226.91
POI00005873,PO0002539,PRD00116,45,6245.65
POI00005874,PO0007926,PRD00196,14,6209.26
POI00005875,PO0005543,PRD00557,467,7804.82
POI00005876,PO0007614,PRD00079,132,10823.51
POI00005877,PO0004759,PRD00328,434,13195.81
POI00005878,PO0000797,PRD00535,336,12386.73
POI00005879,PO0004343,PRD00577,399,5565.9
POI00005880,PO0004947,PRD00474,383,4767.61
POI00005881,PO0000135,PRD00931,413,7216.54
POI00005882,PO0009443,PRD00786,121,12658.67
POI00005883,PO0001315,PRD00996,382,12098.44
POI00005884,PO0007489,PRD00332,253,13246.24
POI00005885,PO0001676,PRD00822,281,434.39
POI00005886,PO0006952,PRD00750,477,6059.6
POI00005887,PO0004549,PRD00004,490,10337.46
POI00005888,PO0006019,PRD00327,336,11465.77
POI00005889,PO0009830,PRD00510,101,9321.6
POI00005890,PO0006329,PRD00582,349,12403.88
POI00005891,PO0003068,PRD00088,281,759.09
POI00005892,PO0007654,PRD00943,125,6024.16
POI00005893,PO0005783,PRD00756,105,13812.34
POI00005894,PO0008760,PRD00273,226,3864.46
POI00005895,PO0001807,PRD00356,480,5284.14
POI00005896,PO0005904,PRD00589,433,13991.37
POI00005897,PO0000051,PRD00473,12,4562.49
POI00005898,PO0004395,PRD00173,126,983.41
POI00005899,PO0006565,PRD00062,270,3639.09
POI00005900,PO0007619,PRD00761,214,9679.51
POI00005901,PO0005554,PRD00541,261,2451.94
POI00005902,PO0001100,PRD00237,286,10209.15
POI00005903,PO0004931,PRD00052,302,3353.77
POI00005904,PO0008565,PRD00757,408,1024.97
POI00005905,PO0006722,PRD00340,84,13976.02
POI00005906,PO0006165,PRD00139,100,11221.75
POI00005907,PO0000745,PRD00902,323,10889.46
POI00005908,PO0009778,PRD00911,450,14452.25
POI00005909,PO0001961,PRD00990,285,4921.74
POI00005910,PO0008213,PRD00390,322,6845.21
POI00005911,PO0007707,PRD00041,359,14254.59
POI00005912,PO0003815,PRD00249,182,10840.05
POI00005913,PO0009130,PRD00396,55,5666.96
POI00005914,PO0002113,PRD00734,92,799.67
POI00005915,PO0003650,PRD00405,467,8998.95
POI00005916,PO0009593,PRD00921,242,10131.57
POI00005917,PO0001438,PRD00949,418,13353.32
POI00005918,PO0001333,PRD00586,410,4430.6
POI00005919,PO0002539,PRD00328,159,13195.81
POI00005920,PO0007754,PRD00371,223,6858.89
POI00005921,PO0003438,PRD00782,377,9890.23
POI00005922,PO0000036,PRD00428,39,322.0
POI00005923,PO0003949,PRD00696,178,3418.65
POI00005924,PO0008950,PRD00338,403,755.93
POI00005925,PO0008115,PRD00156,402,1424.79
POI00005926,PO0006159,PRD00532,475,4963.16
POI00005927,PO0008669,PRD00612,230,12339.55
POI00005928,PO0005280,PRD00357,147,1898.36
POI00005929,PO0002008,PRD00914,357,14209.47
POI00005930,PO0005677,PRD00267,214,1734.0
POI00005931,PO0009061,PRD00314,126,8909.78
POI00005932,PO0004516,PRD00852,159,9836.31
POI00005933,PO0002947,PRD00427,479,6255.84
POI00005934,PO0002586,PRD00929,130,2808.45
POI00005935,PO0006082,PRD00677,123,658.64
POI00005936,PO0006945,PRD00650,450,5122.22
POI00005937,PO0000559,PRD00061,271,14248.21
POI00005938,PO0005584,PRD00651,102,6515.34
POI00005939,PO0002221,PRD00418,122,848.93
POI00005940,PO0008812,PRD00074,99,12787.56
POI00005941,PO0005796,PRD00839,408,1545.18
POI00005942,PO0009796,PRD00635,295,2679.1
POI00005943,PO0003870,PRD00059,347,7096.98
POI00005944,PO0003827,PRD00282,211,6599.31
POI00005945,PO0004098,PRD00072,228,2707.96
POI00005946,PO0005084,PRD00127,363,12989.69
POI00005947,PO0009420,PRD00573,180,5628.29
POI00005948,PO0007716,PRD00619,455,5874.65
POI00005949,PO0005130,PRD00385,326,11446.95
POI00005950,PO0005849,PRD00703,145,2890.33
POI00005951,PO0005625,PRD00175,314,834.63
POI00005952,PO0008094,PRD00348,112,10382.26
POI00005953,PO0004283,PRD00982,435,2789.53
POI00005954,PO0009715,PRD00998,424,8420.65
POI00005955,PO0002421,PRD00183,179,6823.92
POI00005956,PO0005466,PRD00381,164,2462.98
POI00005957,PO0007473,PRD00071,93,9562.93
POI00005958,PO0002551,PRD00946,181,5214.57
POI00005959,PO0006638,PRD00416,141,5875.21
POI00005960,PO0000781,PRD00517,98,8167.29
POI00005961,PO0001133,PRD00643,48,5309.18
POI00005962,PO0009744,PRD00747,200,1497.38
POI00005963,PO0006749,PRD00982,55,2789.53
POI00005964,PO0001594,PRD00457,201,7399.8
POI00005965,PO0000675,PRD00385,447,11446.95
POI00005966,PO0003605,PRD00997,455,5423.86
POI00005967,PO0007257,PRD00619,154,5874.65
POI00005968,PO0005571,PRD00307,389,14587.91
POI00005969,PO0000246,PRD00902,375,10889.46
POI00005970,PO0006419,PRD00022,186,6591.0
POI00005971,PO0003891,PRD00426,15,11443.5
POI00005972,PO0003512,PRD00238,390,1063.4
POI00005973,PO0004636,PRD00581,489,3429.77
POI00005974,PO0000706,PRD00081,170,3386.22
POI00005975,PO0000449,PRD00018,13,6025.11
POI00005976,PO0002868,PRD00780,365,12595.14
POI00005977,PO0000383,PRD00854,89,7572.34
POI00005978,PO0004959,PRD00627,32,8481.58
POI00005979,PO0009876,PRD00588,266,11008.35
POI00005980,PO0005428,PRD00775,218,1675.87
POI00005981,PO0006201,PRD00596,339,6569.94
POI00005982,PO0001186,PRD00629,29,377.33
POI00005983,PO0006335,PRD00663,278,8339.74
POI00005984,PO0001374,PRD00956,194,3221.73
POI00005985,PO0003630,PRD00058,96,4231.59
POI00005986,PO0003106,PRD00040,260,12037.14
POI00005987,PO0004137,PRD00062,466,3639.09
POI00005988,PO0007319,PRD00416,380,5875.21
POI00005989,PO0007611,PRD00336,35,14628.24
POI00005990,PO0001921,PRD00514,144,4437.98
POI00005991,PO0003673,PRD00364,428,10243.38
POI00005992,PO0004784,PRD00555,104,9697.74
POI00005993,PO0009456,PRD00561,409,5531.95
POI00005994,PO0006413,PRD00516,43,8281.91
POI00005995,PO0008379,PRD00220,372,3710.28
POI00005996,PO0008996,PRD00533,348,10985.5
POI00005997,PO0000578,PRD00651,263,6515.34
POI00005998,PO0006254,PRD00654,262,8610.81
POI00005999,PO0000034,PRD00707,59,5200.05
POI00006000,PO0002751,PRD00304,408,7053.7
POI00006001,PO0008639,PRD00758,276,14670.2
POI00006002,PO0001144,PRD00875,431,6782.11
POI00006003,PO0005008,PRD00976,243,4864.0
POI00006004,PO0006283,PRD00819,252,9433.84
POI00006005,PO0006786,PRD00578,186,3487.79
POI00006006,PO0004045,PRD00627,342,8481.58
POI00006007,PO0008763,PRD00242,321,9680.92
POI00006008,PO0008926,PRD00393,411,755.72
POI00006009,PO0000873,PRD00875,379,6782.11
POI00006010,PO0005236,PRD00404,284,3670.74
POI00006011,PO0000501,PRD00304,285,7053.7
POI00006012,PO0006301,PRD00820,178,12985.07
POI00006013,PO0003017,PRD00613,310,2658.28
POI00006014,PO0009781,PRD00329,303,14502.96
POI00006015,PO0009748,PRD00351,79,4761.19
POI00006016,PO0004265,PRD00324,481,4070.68
POI00006017,PO0002456,PRD00318,497,13343.83
POI00006018,PO0009618,PRD00880,292,12411.59
POI00006019,PO0003274,PRD00489,108,5226.91
POI00006020,PO0005322,PRD00935,438,2872.31
POI00006021,PO0005658,PRD00590,246,14268.77
POI00006022,PO0003808,PRD00793,220,871.73
POI00006023,PO0009506,PRD00205,160,5692.82
POI00006024,PO0003634,PRD00064,181,11684.65
POI00006025,PO0005542,PRD00735,343,8245.45
POI00006026,PO0000678,PRD00912,72,13951.33
POI00006027,PO0008656,PRD00070,495,12755.67
POI00006028,PO0005997,PRD00925,66,3105.28
POI00006029,PO0009100,PRD00891,124,6179.97
POI00006030,PO0004100,PRD00983,250,12437.52
POI00006031,PO0001800,PRD00789,169,7598.09
POI00006032,PO0002549,PRD00820,448,12985.07
POI00006033,PO0001846,PRD00962,358,8264.3
POI00006034,PO0004940,PRD00209,223,9137.57
POI00006035,PO0004323,PRD00064,374,11684.65
POI00006036,PO0001640,PRD00783,411,6326.48
POI00006037,PO0003361,PRD00318,376,13343.83
POI00006038,PO0001189,PRD00510,286,9321.6
POI00006039,PO0006135,PRD00677,175,658.64
POI00006040,PO0001952,PRD00176,268,1103.66
POI00006041,PO0000280,PRD00682,37,9106.29
POI00006042,PO0005028,PRD00904,164,9633.15
POI00006043,PO0002890,PRD00257,438,12479.22
POI00006044,PO0009422,PRD00245,364,2944.72
POI00006045,PO0003621,PRD00364,395,10243.38
POI00006046,PO0003135,PRD00108,342,14993.62
POI00006047,PO0009783,PRD00992,330,10351.03
POI00006048,PO0007467,PRD00452,172,2503.76
POI00006049,PO0004123,PRD00369,175,11836.37
POI00006050,PO0006815,PRD00189,64,1559.74
POI00006051,PO0005167,PRD00834,205,4625.99
POI00006052,PO0000480,PRD00420,16,7232.56
POI00006053,PO0002034,PRD00581,142,3429.77
POI00006054,PO0007548,PRD00927,11,9238.3
POI00006055,PO0009082,PRD00785,37,2141.65
POI00006056,PO0003708,PRD00527,130,13016.35
POI00006057,PO0004454,PRD00432,107,6955.57
POI00006058,PO0006336,PRD00102,341,6423.07
POI00006059,PO0005849,PRD00547,360,10434.94
POI00006060,PO0000045,PRD00231,499,9255.93
POI00006061,PO0008632,PRD00717,164,5192.63
POI00006062,PO0004996,PRD00664,221,8624.9
POI00006063,PO0008900,PRD00080,304,9716.87
POI00006064,PO0002799,PRD00482,468,14861.25
POI00006065,PO0001704,PRD00569,467,1366.29
POI00006066,PO0003799,PRD00749,500,13186.86
POI00006067,PO0002336,PRD00437,331,981.92
POI00006068,PO0002365,PRD00157,270,3075.86
POI00006069,PO0001053,PRD00704,212,9935.11
POI00006070,PO0007069,PRD00242,201,9680.92
POI00006071,PO0004450,PRD00946,214,5214.57
POI00006072,PO0003082,PRD00847,368,9711.63
POI00006073,PO0002358,PRD00447,102,8522.58
POI00006074,PO0005050,PRD00384,450,6284.42
POI00006075,PO0001002,PRD00611,172,1908.11
POI00006076,PO0004579,PRD00877,137,9378.32
POI00006077,PO0007643,PRD00725,446,9430.17
POI00006078,PO0004393,PRD00203,119,171.1
POI00006079,PO0003432,PRD00321,455,7009.48
POI00006080,PO0005697,PRD00911,85,14452.25
POI00006081,PO0002836,PRD00303,397,3612.1
POI00006082,PO0006535,PRD00788,339,13824.18
POI00006083,PO0004476,PRD00751,410,10373.34
POI00006084,PO0006731,PRD00556,406,11702.23
POI00006085,PO0002508,PRD00028,278,9263.48
POI00006086,PO0002236,PRD00280,14,626.38
POI00006087,PO0003440,PRD00737,405,9372.14
POI00006088,PO0008466,PRD00198,303,2388.57
POI00006089,PO0004554,PRD00417,500,13839.61
POI00006090,PO0003135,PRD00522,17,2556.45
POI00006091,PO0009315,PRD00132,437,14475.18
POI00006092,PO0009275,PRD00096,173,4636.27
POI00006093,PO0000656,PRD00580,25,13972.91
POI00006094,PO0007810,PRD00871,458,8636.42
POI00006095,PO0007563,PRD00237,224,10209.15
POI00006096,PO0002569,PRD00531,412,7772.95
POI00006097,PO0002299,PRD00306,480,7923.38
POI00006098,PO0002850,PRD00526,133,2102.99
POI00006099,PO0002639,PRD00111,331,14538.3
POI00006100,PO0002305,PRD00392,211,5987.55
POI00006101,PO0009452,PRD00396,74,5666.96
POI00006102,PO0000541,PRD00504,493,12220.97
POI00006103,PO0003714,PRD00224,421,3605.13
POI00006104,PO0000735,PRD00383,55,3349.4
POI00006105,PO0000333,PRD00085,401,2937.79
POI00006106,PO0001266,PRD00502,371,7953.51
POI00006107,PO0007065,PRD00747,372,1497.38
POI00006108,PO0005984,PRD00415,273,13727.94
POI00006109,PO0000240,PRD00731,477,8878.22
POI00006110,PO0008720,PRD00542,196,3815.81
POI00006111,PO0004983,PRD00613,385,2658.28
POI00006112,PO0007204,PRD00190,421,6496.64
POI00006113,PO0007356,PRD00098,445,2423.29
POI00006114,PO0004903,PRD00864,200,5345.24
POI00006115,PO0000684,PRD00426,386,11443.5
POI00006116,PO0009393,PRD00379,500,8770.31
POI00006117,PO0005281,PRD00508,144,9561.68
POI00006118,PO0004784,PRD00396,378,5666.96
POI00006119,PO0005337,PRD00241,453,2003.96
POI00006120,PO0006337,PRD00851,385,13602.05
POI00006121,PO0009884,PRD00966,254,6230.08
POI00006122,PO0003692,PRD00625,191,8920.39
POI00006123,PO0009559,PRD00430,418,7529.58
POI00006124,PO0007175,PRD00623,496,11479.62
POI00006125,PO0009478,PRD00101,358,1142.0
POI00006126,PO0009765,PRD00496,366,5018.37
POI00006127,PO0002619,PRD00761,213,9679.51
POI00006128,PO0008032,PRD00145,77,6936.79
POI00006129,PO0008964,PRD00172,340,1562.37
POI00006130,PO0007537,PRD00618,448,7236.89
POI00006131,PO0003971,PRD00635,480,2679.1
POI00006132,PO0008912,PRD00003,31,4143.44
POI00006133,PO0004999,PRD00301,164,10700.19
POI00006134,PO0005566,PRD00849,59,10933.19
POI00006135,PO0005398,PRD00653,295,9936.12
POI00006136,PO0001574,PRD00310,441,7810.08
POI00006137,PO0005025,PRD00198,331,2388.57
POI00006138,PO0008857,PRD00141,229,11958.46
POI00006139,PO0000302,PRD00674,460,13022.73
POI00006140,PO0001438,PRD00697,36,6403.2
POI00006141,PO0001606,PRD00475,98,14519.03
POI00006142,PO0006043,PRD00969,197,11985.63
POI00006143,PO0005062,PRD00475,10,14519.03
POI00006144,PO0001803,PRD00149,223,8656.19
POI00006145,PO0007423,PRD00214,86,11225.45
POI00006146,PO0007862,PRD00463,472,6510.21
POI00006147,PO0000721,PRD00143,370,2616.16
POI00006148,PO0001359,PRD00675,375,9849.43
POI00006149,PO0007614,PRD00482,247,14861.25
POI00006150,PO0009031,PRD00548,230,10982.99
POI00006151,PO0004381,PRD00928,445,5618.25
POI00006152,PO0004236,PRD00614,198,6734.49
POI00006153,PO0000052,PRD00823,361,889.68
POI00006154,PO0005005,PRD00973,187,4327.38
POI00006155,PO0002382,PRD00581,368,3429.77
POI00006156,PO0007267,PRD00099,81,6175.08
POI00006157,PO0000356,PRD00436,121,10630.97
POI00006158,PO0001219,PRD00301,197,10700.19
POI00006159,PO0006455,PRD00029,263,4613.81
POI00006160,PO0002899,PRD00983,426,12437.52
POI00006161,PO0006776,PRD00072,28,2707.96
POI00006162,PO0001267,PRD00956,425,3221.73
POI00006163,PO0001916,PRD00941,271,2714.98
POI00006164,PO0006064,PRD00098,114,2423.29
POI00006165,PO0002628,PRD00824,123,13671.92
POI00006166,PO0005618,PRD00281,17,12997.71
POI00006167,PO0000148,PRD00348,148,10382.26
POI00006168,PO0006003,PRD00188,472,5763.09
POI00006169,PO0002895,PRD00341,25,8938.37
POI00006170,PO0004637,PRD00699,476,8800.55
POI00006171,PO0001858,PRD00201,170,9166.2
POI00006172,PO0004452,PRD00769,283,14259.3
POI00006173,PO0009525,PRD00616,66,1388.81
POI00006174,PO0009511,PRD00846,231,5432.42
POI00006175,PO0003395,PRD00761,380,9679.51
POI00006176,PO0004743,PRD00964,24,7890.02
POI00006177,PO0001828,PRD00767,309,8392.39
POI00006178,PO0002988,PRD00351,278,4761.19
POI00006179,PO0002724,PRD00575,18,4003.21
POI00006180,PO0002381,PRD00593,391,1467.96
POI00006181,PO0008273,PRD00989,205,12965.77
POI00006182,PO0003814,PRD00536,66,5119.31
POI00006183,PO0002411,PRD00382,266,10379.13
POI00006184,PO0004243,PRD00965,494,8131.85
POI00006185,PO0004019,PRD00221,119,13068.22
POI00006186,PO0006151,PRD00214,120,11225.45
POI00006187,PO0005957,PRD00093,163,12182.24
POI00006188,PO0005295,PRD00648,219,4835.26
POI00006189,PO0002979,PRD00102,222,6423.07
POI00006190,PO0006382,PRD00979,103,3320.45
POI00006191,PO0009754,PRD00722,318,9531.63
POI00006192,PO0007391,PRD00404,484,3670.74
POI00006193,PO0000709,PRD00713,46,5625.5
POI00006194,PO0001238,PRD00513,74,7371.4
POI00006195,PO0004599,PRD00067,404,10482.12
POI00006196,PO0008982,PRD00147,158,10379.48
POI00006197,PO0006079,PRD00109,196,11465.59
POI00006198,PO0002579,PRD00162,122,287.67
POI00006199,PO0002053,PRD00953,419,4127.02
POI00006200,PO0005606,PRD00738,122,7712.85
POI00006201,PO0006588,PRD00121,493,14884.48
POI00006202,PO0003304,PRD00886,273,8868.6
POI00006203,PO0007356,PRD00374,293,290.14
POI00006204,PO0000064,PRD00804,390,14440.13
POI00006205,PO0009775,PRD00879,146,5831.09
POI00006206,PO0000249,PRD00202,455,2771.81
POI00006207,PO0009439,PRD00235,235,664.0
POI00006208,PO0009394,PRD00978,385,10928.44
POI00006209,PO0009282,PRD00662,317,1358.75
POI00006210,PO0004781,PRD00849,16,10933.19
POI00006211,PO0003346,PRD00518,80,8231.59
POI00006212,PO0006205,PRD00852,110,9836.31
POI00006213,PO0009531,PRD00562,31,329.01
POI00006214,PO0006411,PRD00985,148,3051.76
POI00006215,PO0004319,PRD00325,377,14185.14
POI00006216,PO0002840,PRD00746,391,5454.4
POI00006217,PO0007089,PRD00493,32,4838.13
POI00006218,PO0001654,PRD00196,263,6209.26
POI00006219,PO0001653,PRD00506,467,2811.02
POI00006220,PO0009731,PRD00420,144,7232.56
POI00006221,PO0002623,PRD00846,234,5432.42
POI00006222,PO0000763,PRD00633,297,8823.37
POI00006223,PO0000330,PRD00707,253,5200.05
POI00006224,PO0001446,PRD00915,431,10437.34
POI00006225,PO0006257,PRD00439,301,7978.91
POI00006226,PO0008666,PRD00885,290,14081.25
POI00006227,PO0007649,PRD00482,89,14861.25
POI00006228,PO0003159,PRD00727,369,1054.08
POI00006229,PO0005157,PRD00589,193,13991.37
POI00006230,PO0007947,PRD00068,427,11959.71
POI00006231,PO0002618,PRD00213,26,11481.28
POI00006232,PO0000828,PRD00049,430,12862.44
POI00006233,PO0006326,PRD00312,463,3819.03
POI00006234,PO0003461,PRD00559,340,1762.14
POI00006235,PO0005899,PRD00345,286,10843.29
POI00006236,PO0009923,PRD00187,233,4183.24
POI00006237,PO0005792,PRD00375,195,2698.38
POI00006238,PO0002644,PRD00468,421,7437.41
POI00006239,PO0006629,PRD00404,121,3670.74
POI00006240,PO0006436,PRD00159,58,11218.67
POI00006241,PO0009700,PRD00725,441,9430.17
POI00006242,PO0007176,PRD00123,232,6279.12
POI00006243,PO0000922,PRD00371,232,6858.89
POI00006244,PO0003622,PRD00151,317,13666.4
POI00006245,PO0005277,PRD00386,94,7920.56
POI00006246,PO0002994,PRD00976,161,4864.0
POI00006247,PO0005375,PRD00945,254,3955.76
POI00006248,PO0000531,PRD00424,481,7036.46
POI00006249,PO0000016,PRD00664,423,8624.9
POI00006250,PO0000661,PRD00822,145,434.39
POI00006251,PO0000218,PRD00503,376,8838.11
POI00006252,PO0006061,PRD00136,34,9775.56
POI00006253,PO0004608,PRD00902,17,10889.46
POI00006254,PO0001969,PRD00926,411,11701.76
POI00006255,PO0006610,PRD00148,447,12811.77
POI00006256,PO0007450,PRD00888,308,4306.34
POI00006257,PO0002468,PRD00062,411,3639.09
POI00006258,PO0004724,PRD00337,281,11344.08
POI00006259,PO0003315,PRD00855,150,11377.51
POI00006260,PO0002748,PRD00467,50,10304.91
POI00006261,PO0004074,PRD00032,437,4314.09
POI00006262,PO0002791,PRD00956,307,3221.73
POI00006263,PO0002530,PRD00826,265,9650.03
POI00006264,PO0001791,PRD00212,201,194.69
POI00006265,PO0002938,PRD00468,474,7437.41
POI00006266,PO0007322,PRD00764,438,6096.89
POI00006267,PO0003049,PRD00753,282,1627.4
POI00006268,PO0001894,PRD00114,445,6866.0
POI00006269,PO0006212,PRD00982,462,2789.53
POI00006270,PO0006712,PRD00136,10,9775.56
POI00006271,PO0001432,PRD00032,448,4314.09
POI00006272,PO0005478,PRD00627,160,8481.58
POI00006273,PO0009991,PRD00990,332,4921.74
POI00006274,PO0007870,PRD00188,127,5763.09
POI00006275,PO0008163,PRD00459,375,11986.98
POI00006276,PO0007234,PRD00848,272,13378.15
POI00006277,PO0009655,PRD00970,26,2893.48
POI00006278,PO0001512,PRD00279,352,14005.9
POI00006279,PO0006283,PRD00202,364,2771.81
POI00006280,PO0002011,PRD00598,336,4825.42
POI00006281,PO0003827,PRD00724,102,11372.17
POI00006282,PO0003391,PRD00153,20,10192.25
POI00006283,PO0008937,PRD00939,63,12076.99
POI00006284,PO0004072,PRD00363,455,863.17
POI00006285,PO0001811,PRD00783,394,6326.48
POI00006286,PO0007857,PRD00329,16,14502.96
POI00006287,PO0006049,PRD00639,91,2796.66
POI00006288,PO0008508,PRD00232,58,6790.03
POI00006289,PO0007897,PRD00260,269,500.56
POI00006290,PO0005019,PRD00622,124,3778.03
POI00006291,PO0002772,PRD00237,379,10209.15
POI00006292,PO0001942,PRD00942,416,11797.17
POI00006293,PO0009162,PRD00062,445,3639.09
POI00006294,PO0004431,PRD00639,84,2796.66
POI00006295,PO0004212,PRD00030,259,7017.62
POI00006296,PO0004697,PRD00757,435,1024.97
POI00006297,PO0005779,PRD00279,67,14005.9
POI00006298,PO0001600,PRD00930,301,3393.62
POI00006299,PO0000289,PRD00549,360,2125.97
POI00006300,PO0009507,PRD00968,499,14208.61
POI00006301,PO0007634,PRD00058,105,4231.59
POI00006302,PO0005495,PRD00610,382,3030.44
POI00006303,PO0002872,PRD00075,293,3718.44
POI00006304,PO0004487,PRD00600,379,6787.54
POI00006305,PO0002637,PRD00367,414,13626.42
POI00006306,PO0009613,PRD00773,152,8251.54
POI00006307,PO0005023,PRD00220,416,3710.28
POI00006308,PO0006619,PRD00496,13,5018.37
POI00006309,PO0002232,PRD00911,308,14452.25
POI00006310,PO0002914,PRD00722,445,9531.63
POI00006311,PO0009043,PRD00862,472,5699.76
POI00006312,PO0006072,PRD00753,314,1627.4
POI00006313,PO0005519,PRD00075,377,3718.44
POI00006314,PO0009449,PRD00700,283,8456.94
POI00006315,PO0009965,PRD00586,378,4430.6
POI00006316,PO0005105,PRD00623,293,11479.62
POI00006317,PO0008028,PRD00514,34,4437.98
POI00006318,PO0002815,PRD00331,79,4343.37
POI00006319,PO0009632,PRD00752,374,1766.8
POI00006320,PO0007189,PRD00096,61,4636.27
POI00006321,PO0006595,PRD00655,59,136.93
POI00006322,PO0006247,PRD00553,193,1373.39
POI00006323,PO0000372,PRD00512,295,6184.28
POI00006324,PO0009093,PRD00353,312,9182.34
POI00006325,PO0007154,PRD00072,137,2707.96
POI00006326,PO0002534,PRD00301,474,10700.19
POI00006327,PO0002213,PRD00801,303,12463.35
POI00006328,PO0006764,PRD00740,54,5420.19
POI00006329,PO0006122,PRD00172,128,1562.37
POI00006330,PO0004992,PRD00503,228,8838.11
POI00006331,PO0001215,PRD00025,239,9977.74
POI00006332,PO0006581,PRD00208,256,10135.61
POI00006333,PO0006142,PRD00255,154,13121.82
POI00006334,PO0009531,PRD00498,241,515.55
POI00006335,PO0006077,PRD00390,472,6845.21
POI00006336,PO0009666,PRD00641,494,5254.41
POI00006337,PO0001908,PRD00218,165,4399.57
POI00006338,PO0007319,PRD00398,79,1850.01
POI00006339,PO0005793,PRD00849,117,10933.19
POI00006340,PO0008139,PRD00882,330,7275.03
POI00006341,PO0002847,PRD00767,313,8392.39
POI00006342,PO0003788,PRD00259,315,7569.95
POI00006343,PO0001973,PRD00308,360,1994.75
POI00006344,PO0009852,PRD00218,490,4399.57
POI00006345,PO0004966,PRD00725,383,9430.17
POI00006346,PO0002799,PRD00291,391,1083.12
POI00006347,PO0002594,PRD00856,349,11059.92
POI00006348,PO0002878,PRD00542,438,3815.81
POI00006349,PO0009071,PRD00035,245,9200.21
POI00006350,PO0004787,PRD00034,359,12113.92
POI00006351,PO0005773,PRD00545,114,7193.96
POI00006352,PO0006357,PRD00597,197,12775.63
POI00006353,PO0000203,PRD00594,20,6920.19
POI00006354,PO0000186,PRD00010,226,704.09
POI00006355,PO0004914,PRD00648,384,4835.26
POI00006356,PO0006351,PRD00491,181,4733.4
POI00006357,PO0005315,PRD00839,264,1545.18
POI00006358,PO0008037,PRD00074,64,12787.56
POI00006359,PO0001763,PRD00618,443,7236.89
POI00006360,PO0007483,PRD00450,199,2755.97
POI00006361,PO0007980,PRD00223,378,13596.37
POI00006362,PO0004441,PRD00021,440,650.8
POI00006363,PO0002863,PRD00013,406,14644.99
POI00006364,PO0005615,PRD00141,242,11958.46
POI00006365,PO0002776,PRD00588,295,11008.35
POI00006366,PO0000653,PRD00828,356,11820.43
POI00006367,PO0002951,PRD00697,161,6403.2
POI00006368,PO0005237,PRD00290,303,2210.27
POI00006369,PO0008277,PRD00711,360,14208.1
POI00006370,PO0007276,PRD00597,378,12775.63
POI00006371,PO0000537,PRD00320,235,1168.76
POI00006372,PO0000255,PRD00763,404,5016.95
POI00006373,PO0009756,PRD00549,476,2125.97
POI00006374,PO0006298,PRD00360,394,11230.29
POI00006375,PO0001402,PRD00684,262,7767.82
POI00006376,PO0007642,PRD00128,435,8314.61
POI00006377,PO0003274,PRD00639,113,2796.66
POI00006378,PO0003166,PRD00764,318,6096.89
POI00006379,PO0006736,PRD00318,458,13343.83
POI00006380,PO0001892,PRD00222,141,1219.58
POI00006381,PO0008851,PRD00792,232,12139.91
POI00006382,PO0006909,PRD00537,52,11841.49
POI00006383,PO0009388,PRD00650,69,5122.22
POI00006384,PO0009676,PRD00986,106,7134.56
POI00006385,PO0006868,PRD00249,494,10840.05
POI00006386,PO0001085,PRD00432,198,6955.57
POI00006387,PO0007506,PRD00470,343,10835.82
POI00006388,PO0001558,PRD00258,140,13278.68
POI00006389,PO0005062,PRD00172,273,1562.37
POI00006390,PO0007873,PRD00785,74,2141.65
POI00006391,PO0009108,PRD00988,279,3859.43
POI00006392,PO0008142,PRD00938,136,14690.74
POI00006393,PO0004263,PRD00507,432,8978.67
POI00006394,PO0000669,PRD00291,232,1083.12
POI00006395,PO0000651,PRD00690,386,2729.55
POI00006396,PO0004028,PRD00795,287,10383.68
POI00006397,PO0009509,PRD00963,400,8895.2
POI00006398,PO0005842,PRD00377,271,14726.74
POI00006399,PO0003860,PRD00729,474,5440.02
POI00006400,PO0000176,PRD00571,255,268.96
POI00006401,PO0005801,PRD00776,46,3296.6
POI00006402,PO0002162,PRD00383,424,3349.4
POI00006403,PO0005771,PRD00062,400,3639.09
POI00006404,PO0003704,PRD00342,269,10654.4
POI00006405,PO0008091,PRD00812,169,3339.2
POI00006406,PO0001817,PRD00560,230,14804.29
POI00006407,PO0009698,PRD00229,130,5330.98
POI00006408,PO0003500,PRD00905,213,2985.62
POI00006409,PO0008751,PRD00208,320,10135.61
POI00006410,PO0000965,PRD00256,306,4333.14
POI00006411,PO0005936,PRD00736,46,4572.66
POI00006412,PO0008756,PRD00034,119,12113.92
POI00006413,PO0000038,PRD00331,221,4343.37
POI00006414,PO0009376,PRD00401,208,8016.45
POI00006415,PO0007554,PRD00781,57,10401.92
POI00006416,PO0009370,PRD00972,371,3371.24
POI00006417,PO0000279,PRD00282,56,6599.31
POI00006418,PO0007203,PRD00472,370,12076.82
POI00006419,PO0003477,PRD00598,105,4825.42
POI00006420,PO0002726,PRD00219,496,12493.83
POI00006421,PO0006441,PRD00987,102,9467.13
POI00006422,PO0001824,PRD00931,296,7216.54
POI00006423,PO0005155,PRD00023,297,3880.46
POI00006424,PO0002106,PRD00585,187,4963.33
POI00006425,PO0008851,PRD00370,413,218.27
POI00006426,PO0000197,PRD00149,13,8656.19
POI00006427,PO0007596,PRD00887,240,6428.3
POI00006428,PO0003262,PRD00589,131,13991.37
POI00006429,PO0006987,PRD00428,38,322.0
POI00006430,PO0001724,PRD00290,112,2210.27
POI00006431,PO0002863,PRD00245,23,2944.72
POI00006432,PO0004192,PRD00136,380,9775.56
POI00006433,PO0006957,PRD00379,367,8770.31
POI00006434,PO0003713,PRD00838,247,9698.54
POI00006435,PO0003189,PRD00558,404,9720.85
POI00006436,PO0003904,PRD00818,228,2577.53
POI00006437,PO0007081,PRD00775,47,1675.87
POI00006438,PO0007169,PRD00510,299,9321.6
POI00006439,PO0007885,PRD00124,482,8304.87
POI00006440,PO0008039,PRD00014,27,11069.54
POI00006441,PO0007777,PRD00739,40,7506.27
POI00006442,PO0001717,PRD00651,356,6515.34
POI00006443,PO0009911,PRD00338,60,755.93
POI00006444,PO0006342,PRD00316,82,14232.32
POI00006445,PO0008596,PRD00874,179,13187.35
POI00006446,PO0004687,PRD00289,403,5500.6
POI00006447,PO0004894,PRD00004,425,10337.46
POI00006448,PO0008009,PRD00545,479,7193.96
POI00006449,PO0007049,PRD00249,314,10840.05
POI00006450,PO0002506,PRD00671,331,13764.06
POI00006451,PO0002525,PRD00062,217,3639.09
POI00006452,PO0002595,PRD00014,115,11069.54
POI00006453,PO0006980,PRD00582,170,12403.88
POI00006454,PO0000425,PRD00165,120,9742.97
POI00006455,PO0008802,PRD00676,222,4189.18
POI00006456,PO0000952,PRD00463,30,6510.21
POI00006457,PO0005259,PRD00032,215,4314.09
POI00006458,PO0006917,PRD00093,465,12182.24
POI00006459,PO0009672,PRD00092,44,1185.31
POI00006460,PO0003942,PRD00753,361,1627.4
POI00006461,PO0009680,PRD00586,303,4430.6
POI00006462,PO0009805,PRD00130,440,731.22
POI00006463,PO0007069,PRD00110,157,13747.81
POI00006464,PO0002696,PRD00455,390,3543.59
POI00006465,PO0009344,PRD00995,187,1957.35
POI00006466,PO0001164,PRD00873,312,7788.28
POI00006467,PO0001182,PRD00918,305,1087.91
POI00006468,PO0004887,PRD00944,286,7189.97
POI00006469,PO0000170,PRD00866,325,3511.46
POI00006470,PO0007964,PRD00893,116,14877.64
POI00006471,PO0004555,PRD00350,357,7818.75
POI00006472,PO0002290,PRD00595,182,9587.26
POI00006473,PO0004429,PRD00838,104,9698.54
POI00006474,PO0000526,PRD00139,242,11221.75
POI00006475,PO0006052,PRD00379,378,8770.31
POI00006476,PO0008780,PRD00313,296,9405.33
POI00006477,PO0008573,PRD00731,146,8878.22
POI00006478,PO0003166,PRD00618,391,7236.89
POI00006479,PO0005884,PRD00811,220,13260.28
POI00006480,PO0005868,PRD00912,460,13951.33
POI00006481,PO0008229,PRD00737,250,9372.14
POI00006482,PO0005139,PRD00409,67,13153.77
POI00006483,PO0009671,PRD00097,186,14218.05
POI00006484,PO0008516,PRD00567,222,8082.94
POI00006485,PO0001154,PRD00614,83,6734.49
POI00006486,PO0009379,PRD00593,44,1467.96
POI00006487,PO0004387,PRD00168,338,5878.6
POI00006488,PO0004302,PRD00043,292,6795.04
POI00006489,PO0007380,PRD00793,19,871.73
POI00006490,PO0005223,PRD00225,106,11422.41
POI00006491,PO0001033,PRD00830,316,8039.34
POI00006492,PO0007443,PRD00949,28,13353.32
POI00006493,PO0005668,PRD00357,106,1898.36
POI00006494,PO0008977,PRD00339,214,7828.44
POI00006495,PO0009740,PRD00903,169,10697.16
POI00006496,PO0000012,PRD00319,103,3733.58
POI00006497,PO0006939,PRD00636,68,3410.7
POI00006498,PO0003959,PRD00422,132,13723.46
POI00006499,PO0000722,PRD00906,291,9258.63
POI00006500,PO0007092,PRD00893,58,14877.64
POI00006501,PO0000147,PRD00163,289,8801.64
POI00006502,PO0006328,PRD00098,262,2423.29
POI00006503,PO0007424,PRD00919,246,12018.41
POI00006504,PO0003768,PRD00530,217,5677.57
POI00006505,PO0008362,PRD00262,21,10465.39
POI00006506,PO0005051,PRD00914,85,14209.47
POI00006507,PO0005535,PRD00021,428,650.8
POI00006508,PO0000243,PRD00049,18,12862.44
POI00006509,PO0001048,PRD00054,218,13799.56
POI00006510,PO0003822,PRD00007,14,9585.73
POI00006511,PO0001239,PRD00921,30,10131.57
POI00006512,PO0009238,PRD00798,69,10418.61
POI00006513,PO0002137,PRD00041,296,14254.59
POI00006514,PO0006646,PRD00025,37,9977.74
POI00006515,PO0002092,PRD00869,92,7264.23
POI00006516,PO0000049,PRD00544,431,6484.13
POI00006517,PO0001904,PRD00687,447,6890.21
POI00006518,PO0004159,PRD00665,369,13549.44
POI00006519,PO0009101,PRD00052,212,3353.77
POI00006520,PO0003932,PRD00036,463,10797.72
POI00006521,PO0001430,PRD00426,458,11443.5
POI00006522,PO0006851,PRD00115,378,12984.47
POI00006523,PO0008630,PRD00533,484,10985.5
POI00006524,PO0009129,PRD00239,133,3839.78
POI00006525,PO0006285,PRD00679,299,5120.96
POI00006526,PO0005455,PRD00815,194,5837.27
POI00006527,PO0009284,PRD00539,436,13947.14
POI00006528,PO0005573,PRD00442,473,4068.49
POI00006529,PO0004976,PRD00847,397,9711.63
POI00006530,PO0003193,PRD00335,156,12393.64
POI00006531,PO0004953,PRD00947,51,8686.66
POI00006532,PO0006087,PRD00756,317,13812.34
POI00006533,PO0003918,PRD00215,93,7543.91
POI00006534,PO0001897,PRD00627,167,8481.58
POI00006535,PO0000509,PRD00179,230,11993.83
POI00006536,PO0000635,PRD00939,77,12076.99
POI00006537,PO0006605,PRD00642,417,6743.72
POI00006538,PO0002039,PRD00607,296,12074.14
POI00006539,PO0000334,PRD00555,360,9697.74
POI00006540,PO0008043,PRD00792,168,12139.91
POI00006541,PO0000176,PRD00248,278,2381.45
POI00006542,PO0007272,PRD00865,250,13316.61
POI00006543,PO0000568,PRD00824,382,13671.92
POI00006544,PO0008023,PRD00214,136,11225.45
POI00006545,PO0001184,PRD00947,326,8686.66
POI00006546,PO0004727,PRD00720,293,6824.63
POI00006547,PO0008004,PRD00997,69,5423.86
POI00006548,PO0007735,PRD00090,326,7083.4
POI00006549,PO0002544,PRD00095,165,11653.35
POI00006550,PO0003896,PRD00608,407,2030.27
POI00006551,PO0006220,PRD00013,177,14644.99
POI00006552,PO0005281,PRD00580,89,13972.91
POI00006553,PO0000993,PRD00146,74,1182.02
POI00006554,PO0005768,PRD00885,309,14081.25
POI00006555,PO0009000,PRD00140,109,6699.68
POI00006556,PO0004034,PRD00047,212,1038.29
POI00006557,PO0009500,PRD00571,253,268.96
POI00006558,PO0007776,PRD00919,187,12018.41
POI00006559,PO0007815,PRD00199,289,1794.09
POI00006560,PO0008527,PRD00091,175,14120.67
POI00006561,PO0006422,PRD00214,157,11225.45
POI00006562,PO0001074,PRD00737,401,9372.14
POI00006563,PO0001877,PRD00562,136,329.01
POI00006564,PO0001400,PRD00271,404,14304.78
POI00006565,PO0006033,PRD00344,73,8985.89
POI00006566,PO0008610,PRD00627,47,8481.58
POI00006567,PO0000942,PRD00857,494,11441.17
POI00006568,PO0000337,PRD00826,497,9650.03
POI00006569,PO0003288,PRD00152,320,9137.41
POI00006570,PO0000883,PRD00829,337,5770.69
POI00006571,PO0001988,PRD00080,414,9716.87
POI00006572,PO0000407,PRD00751,115,10373.34
POI00006573,PO0003534,PRD00108,483,14993.62
POI00006574,PO0004923,PRD00844,46,10706.01
POI00006575,PO0009018,PRD00356,480,5284.14
POI00006576,PO0007007,PRD00502,140,7953.51
POI00006577,PO0008472,PRD00939,159,12076.99
POI00006578,PO0002256,PRD00139,489,11221.75
POI00006579,PO0007837,PRD00217,93,12942.68
POI00006580,PO0003808,PRD00338,473,755.93
POI00006581,PO0006093,PRD00852,405,9836.31
POI00006582,PO0004633,PRD00665,238,13549.44
POI00006583,PO0000087,PRD00173,458,983.41
POI00006584,PO0006925,PRD00298,124,1909.75
POI00006585,PO0006753,PRD00814,327,14386.74
POI00006586,PO0007671,PRD00209,409,9137.57
POI00006587,PO0002029,PRD00984,385,5821.18
POI00006588,PO0006802,PRD00530,245,5677.57
POI00006589,PO0006136,PRD00460,468,5749.6
POI00006590,PO0003114,PRD00012,176,14609.65
POI00006591,PO0008971,PRD00793,353,871.73
POI00006592,PO0001220,PRD00287,293,5325.08
POI00006593,PO0003987,PRD00667,48,12142.23
POI00006594,PO0006760,PRD00532,335,4963.16
POI00006595,PO0009739,PRD00576,497,6871.55
POI00006596,PO0000048,PRD00893,149,14877.64
POI00006597,PO0005990,PRD00331,235,4343.37
POI00006598,PO0003945,PRD00944,447,7189.97
POI00006599,PO0007040,PRD00131,185,5840.29
POI00006600,PO0007720,PRD00404,299,3670.74
POI00006601,PO0002157,PRD00331,196,4343.37
POI00006602,PO0000167,PRD00144,492,7505.2
POI00006603,PO0007287,PRD00445,358,6126.75
POI00006604,PO0001899,PRD00087,122,2757.27
POI00006605,PO0007288,PRD00451,61,11303.64
POI00006606,PO0007655,PRD00957,137,8262.63
POI00006607,PO0008908,PRD00270,47,2874.72
POI00006608,PO0001367,PRD00650,211,5122.22
POI00006609,PO0009626,PRD00007,442,9585.73
POI00006610,PO0004502,PRD00540,363,3098.59
POI00006611,PO0003236,PRD00326,226,12217.09
POI00006612,PO0007884,PRD00933,281,4789.52
POI00006613,PO0009647,PRD00511,353,2991.32
POI00006614,PO0002267,PRD00976,214,4864.0
POI00006615,PO0005463,PRD00697,89,6403.2
POI00006616,PO0002384,PRD00316,48,14232.32
POI00006617,PO0006637,PRD00705,325,14962.24
POI00006618,PO0000837,PRD00226,447,7002.18
POI00006619,PO0007353,PRD00428,243,322.0
POI00006620,PO0003056,PRD00962,332,8264.3
POI00006621,PO0000607,PRD00709,427,12622.33
POI00006622,PO0003164,PRD00368,225,13705.39
POI00006623,PO0008789,PRD00627,294,8481.58
POI00006624,PO0001545,PRD00716,193,7985.19
POI00006625,PO0004272,PRD00465,388,12966.68
POI00006626,PO0001141,PRD00935,292,2872.31
POI00006627,PO0000429,PRD00646,441,11847.85
POI00006628,PO0009381,PRD00988,126,3859.43
POI00006629,PO0002290,PRD00410,185,4563.47
POI00006630,PO0008043,PRD00022,443,6591.0
POI00006631,PO0001095,PRD00477,137,8916.03
POI00006632,PO0007609,PRD00759,138,6538.09
POI00006633,PO0003700,PRD00831,441,14405.2
POI00006634,PO0002483,PRD00211,59,7941.86
POI00006635,PO0003826,PRD00708,293,13605.38
POI00006636,PO0000891,PRD00860,26,1620.12
POI00006637,PO0006655,PRD00240,186,1296.01
POI00006638,PO0000140,PRD00182,477,11205.33
POI00006639,PO0003631,PRD00358,493,14322.76
POI00006640,PO0007476,PRD00572,151,14299.0
POI00006641,PO0005315,PRD00303,84,3612.1
POI00006642,PO0009745,PRD00012,78,14609.65
POI00006643,PO0005251,PRD00768,158,13360.45
POI00006644,PO0009466,PRD00159,357,11218.67
POI00006645,PO0003503,PRD00004,154,10337.46
POI00006646,PO0006651,PRD00044,498,9431.09
POI00006647,PO0009917,PRD00374,467,290.14
POI00006648,PO0009186,PRD00515,463,11728.64
POI00006649,PO0001823,PRD00480,187,10120.83
POI00006650,PO0007718,PRD00250,29,14546.26
POI00006651,PO0001835,PRD00723,116,642.86
POI00006652,PO0002202,PRD00206,205,10846.21
POI00006653,PO0000437,PRD00320,394,1168.76
POI00006654,PO0003998,PRD00460,421,5749.6
POI00006655,PO0002371,PRD00971,244,2515.98
POI00006656,PO0009973,PRD00051,295,8110.25
POI00006657,PO0003182,PRD00378,146,5802.93
POI00006658,PO0007706,PRD00629,266,377.33
POI00006659,PO0001206,PRD00430,42,7529.58
POI00006660,PO0002207,PRD00352,485,10163.96
POI00006661,PO0000977,PRD00590,470,14268.77
POI00006662,PO0007114,PRD00513,237,7371.4
POI00006663,PO0001049,PRD00204,81,1118.21
POI00006664,PO0009270,PRD00628,171,2699.31
POI00006665,PO0001186,PRD00546,299,218.56
POI00006666,PO0007729,PRD00874,493,13187.35
POI00006667,PO0002996,PRD00225,86,11422.41
POI00006668,PO0004537,PRD00661,437,8498.56
POI00006669,PO0007756,PRD00600,111,6787.54
POI00006670,PO0000550,PRD00807,135,13935.13
POI00006671,PO0002775,PRD00479,146,11981.47
POI00006672,PO0003203,PRD00680,298,12884.86
POI00006673,PO0003275,PRD00498,284,515.55
POI00006674,PO0007489,PRD00351,247,4761.19
POI00006675,PO0007038,PRD00112,495,10078.39
POI00006676,PO0006796,PRD00938,350,14690.74
POI00006677,PO0003172,PRD00054,63,13799.56
POI00006678,PO0003545,PRD00361,381,2128.11
POI00006679,PO0002030,PRD00264,281,12537.65
POI00006680,PO0006781,PRD00579,274,3728.71
POI00006681,PO0003835,PRD00227,391,12974.56
POI00006682,PO0003977,PRD00490,183,13814.57
POI00006683,PO0002044,PRD00142,261,3723.43
POI00006684,PO0003680,PRD00658,371,7106.49
POI00006685,PO0001765,PRD00317,361,11523.03
POI00006686,PO0006791,PRD00255,498,13121.82
POI00006687,PO0005463,PRD00883,315,13462.78
POI00006688,PO0002775,PRD00949,63,13353.32
POI00006689,PO0003525,PRD00315,498,12650.55
POI00006690,PO0008718,PRD00583,109,2755.82
POI00006691,PO0006436,PRD00389,356,10776.42
POI00006692,PO0005518,PRD00696,309,3418.65
POI00006693,PO0006976,PRD00824,82,13671.92
POI00006694,PO0008643,PRD00268,423,9508.77
POI00006695,PO0007205,PRD00118,233,13920.88
POI00006696,PO0002766,PRD00598,377,4825.42
POI00006697,PO0009437,PRD00250,155,14546.26
POI00006698,PO0005830,PRD00997,74,5423.86
POI00006699,PO0009771,PRD00438,371,314.72
POI00006700,PO0000998,PRD00622,467,3778.03
POI00006701,PO0006063,PRD00819,400,9433.84
POI00006702,PO0003789,PRD00314,337,8909.78
POI00006703,PO0003688,PRD00988,118,3859.43
POI00006704,PO0008330,PRD00675,359,9849.43
POI00006705,PO0004827,PRD00190,226,6496.64
POI00006706,PO0000655,PRD00224,54,3605.13
POI00006707,PO0009232,PRD00978,64,10928.44
POI00006708,PO0001929,PRD00103,32,12413.34
POI00006709,PO0006776,PRD00266,335,3637.52
POI00006710,PO0000984,PRD00643,480,5309.18
POI00006711,PO0009625,PRD00559,352,1762.14
POI00006712,PO0008873,PRD00620,338,517.21
POI00006713,PO0009738,PRD00471,11,1676.03
POI00006714,PO0002734,PRD00605,256,3961.69
POI00006715,PO0009042,PRD00952,475,4757.15
POI00006716,PO0001251,PRD00666,328,1874.61
POI00006717,PO0003145,PRD00928,44,5618.25
POI00006718,PO0001569,PRD00677,28,658.64
POI00006719,PO0004803,PRD00521,41,3211.38
POI00006720,PO0000807,PRD00081,62,3386.22
POI00006721,PO0005962,PRD00812,167,3339.2
POI00006722,PO0004050,PRD00765,350,1393.26
POI00006723,PO0001430,PRD00342,293,10654.4
POI00006724,PO0007022,PRD00579,461,3728.71
POI00006725,PO0008109,PRD00143,146,2616.16
POI00006726,PO0001988,PRD00389,28,10776.42
POI00006727,PO0006548,PRD00999,473,8190.82
POI00006728,PO0005458,PRD00624,47,5373.69
POI00006729,PO0007725,PRD00492,39,5276.64
POI00006730,PO0004942,PRD00301,327,10700.19
POI00006731,PO0007927,PRD00049,277,12862.44
POI00006732,PO0005704,PRD00887,383,6428.3
POI00006733,PO0005662,PRD00012,159,14609.65
POI00006734,PO0008408,PRD00638,498,14235.92
POI00006735,PO0009566,PRD00595,30,9587.26
POI00006736,PO0007123,PRD00993,353,2432.86
POI00006737,PO0009627,PRD00734,16,799.67
POI00006738,PO0001293,PRD00599,220,11716.66
POI00006739,PO0002021,PRD00359,74,14333.28
POI00006740,PO0009775,PRD00786,219,12658.67
POI00006741,PO0001381,PRD00831,375,14405.2
POI00006742,PO0009234,PRD00069,427,9949.9
POI00006743,PO0008106,PRD00596,183,6569.94
POI00006744,PO0002923,PRD00936,238,5539.59
POI00006745,PO0000466,PRD00092,226,1185.31
POI00006746,PO0001810,PRD00698,28,3335.68
POI00006747,PO0006328,PRD00130,464,731.22
POI00006748,PO0007224,PRD00360,23,11230.29
POI00006749,PO0008218,PRD00208,280,10135.61
POI00006750,PO0006748,PRD00037,220,9868.39
POI00006751,PO0000318,PRD00513,426,7371.4
POI00006752,PO0004950,PRD00763,214,5016.95
POI00006753,PO0005244,PRD00361,478,2128.11
POI00006754,PO0005073,PRD00138,62,9292.5
POI00006755,PO0008790,PRD00402,394,2394.41
POI00006756,PO0005590,PRD00735,212,8245.45
POI00006757,PO0007326,PRD00271,382,14304.78
POI00006758,PO0009132,PRD00045,41,3578.64
POI00006759,PO0002678,PRD00587,57,7001.79
POI00006760,PO0006664,PRD00946,363,5214.57
POI00006761,PO0007094,PRD00353,195,9182.34
POI00006762,PO0000951,PRD00365,382,9821.16
POI00006763,PO0001601,PRD00049,217,12862.44
POI00006764,PO0009769,PRD00129,188,14713.16
POI00006765,PO0002245,PRD00454,139,7551.83
POI00006766,PO0001289,PRD00014,483,11069.54
POI00006767,PO0006401,PRD00709,264,12622.33
POI00006768,PO0000420,PRD00546,217,218.56
POI00006769,PO0003693,PRD00353,210,9182.34
POI00006770,PO0005943,PRD00380,165,10416.11
POI00006771,PO0001458,PRD00787,147,3077.27
POI00006772,PO0006106,PRD00264,231,12537.65
POI00006773,PO0008562,PRD00296,374,13710.05
POI00006774,PO0003292,PRD00142,408,3723.43
POI00006775,PO0001307,PRD00995,490,1957.35
POI00006776,PO0005486,PRD00282,79,6599.31
POI00006777,PO0002331,PRD00829,479,5770.69
POI00006778,PO0003936,PRD00617,288,9490.86
POI00006779,PO0008369,PRD00926,158,11701.76
POI00006780,PO0007920,PRD00331,253,4343.37
POI00006781,PO0008565,PRD00842,474,10426.4
POI00006782,PO0008403,PRD00367,53,13626.42
POI00006783,PO0006119,PRD00797,427,11156.8
POI00006784,PO0004372,PRD00147,174,10379.48
POI00006785,PO0003565,PRD00410,134,4563.47
POI00006786,PO0002944,PRD00491,128,4733.4
POI00006787,PO0008076,PRD00543,84,5993.42
POI00006788,PO0008388,PRD00304,379,7053.7
POI00006789,PO0001570,PRD00583,427,2755.82
POI00006790,PO0005204,PRD00592,129,14420.88
POI00006791,PO0006331,PRD00066,292,1213.87
POI00006792,PO0009844,PRD00308,327,1994.75
POI00006793,PO0000413,PRD00250,306,14546.26
POI00006794,PO0004061,PRD00638,63,14235.92
POI00006795,PO0002057,PRD00209,445,9137.57
POI00006796,PO0006740,PRD00761,179,9679.51
POI00006797,PO0005219,PRD00720,466,6824.63
POI00006798,PO0008805,PRD00548,110,10982.99
POI00006799,PO0002678,PRD00869,281,7264.23
POI00006800,PO0004740,PRD00416,434,5875.21
POI00006801,PO0004228,PRD00784,112,4162.05
POI00006802,PO0005340,PRD00154,168,9453.46
POI00006803,PO0002467,PRD00509,158,7385.46
POI00006804,PO0005284,PRD00656,401,3059.15
POI00006805,PO0007052,PRD00087,21,2757.27
POI00006806,PO0004000,PRD00682,284,9106.29
POI00006807,PO0005301,PRD00418,158,848.93
POI00006808,PO0004434,PRD00768,448,13360.45
POI00006809,PO0000869,PRD00975,230,9296.52
POI00006810,PO0001495,PRD00226,131,7002.18
POI00006811,PO0006602,PRD00332,419,13246.24
POI00006812,PO0003025,PRD00922,92,7190.21
POI00006813,PO0008660,PRD00524,146,4908.91
POI00006814,PO0005750,PRD00630,491,12112.17
POI00006815,PO0006241,PRD00323,143,7763.5
POI00006816,PO0005274,PRD00126,121,12322.6
POI00006817,PO0005483,PRD00360,210,11230.29
POI00006818,PO0001614,PRD00860,245,1620.12
POI00006819,PO0003018,PRD00784,468,4162.05
POI00006820,PO0003705,PRD00136,36,9775.56
POI00006821,PO0004918,PRD00448,320,3508.12
POI00006822,PO0008012,PRD00718,142,12946.92
POI00006823,PO0007402,PRD00941,496,2714.98
POI00006824,PO0007072,PRD00258,159,13278.68
POI00006825,PO0000032,PRD00143,236,2616.16
POI00006826,PO0002479,PRD00165,11,9742.97
POI00006827,PO0002890,PRD00379,331,8770.31
POI00006828,PO0008648,PRD00880,52,12411.59
POI00006829,PO0003559,PRD00411,244,9419.82
POI00006830,PO0001225,PRD00385,340,11446.95
POI00006831,PO0009675,PRD00202,323,2771.81
POI00006832,PO0003184,PRD00918,45,1087.91
POI00006833,PO0007276,PRD00669,225,4850.66
POI00006834,PO0007857,PRD00089,345,9597.02
POI00006835,PO0003143,PRD00402,285,2394.41
POI00006836,PO0008906,PRD00972,476,3371.24
POI00006837,PO0001656,PRD00322,106,11034.26
POI00006838,PO0002021,PRD00480,133,10120.83
POI00006839,PO0001612,PRD00056,298,2104.64
POI00006840,PO0001601,PRD00820,369,12985.07
POI00006841,PO0002794,PRD00928,449,5618.25
POI00006842,PO0001516,PRD00737,319,9372.14
POI00006843,PO0000535,PRD00110,163,13747.81
POI00006844,PO0003480,PRD00339,429,7828.44
POI00006845,PO0007386,PRD00288,386,4176.37
POI00006846,PO0005143,PRD00796,499,5431.54
POI00006847,PO0005266,PRD00371,454,6858.89
POI00006848,PO0002839,PRD00819,202,9433.84
POI00006849,PO0009807,PRD00837,231,2785.86
POI00006850,PO0004269,PRD00864,226,5345.24
POI00006851,PO0001259,PRD00156,244,1424.79
POI00006852,PO0009542,PRD00716,328,7985.19
POI00006853,PO0002951,PRD00744,278,13579.31
POI00006854,PO0009716,PRD00867,238,2868.63
POI00006855,PO0008775,PRD00991,393,5985.46
POI00006856,PO0007156,PRD00087,362,2757.27
POI00006857,PO0008726,PRD00447,344,8522.58
POI00006858,PO0001965,PRD00988,19,3859.43
POI00006859,PO0001805,PRD00784,291,4162.05
POI00006860,PO0007742,PRD00360,377,11230.29
POI00006861,PO0007467,PRD00855,443,11377.51
POI00006862,PO0003851,PRD00160,163,2180.09
POI00006863,PO0003043,PRD00098,265,2423.29
POI00006864,PO0002645,PRD00088,113,759.09
POI00006865,PO0003366,PRD00291,285,1083.12
POI00006866,PO0008491,PRD00496,130,5018.37
POI00006867,PO0003771,PRD00561,53,5531.95
POI00006868,PO0006947,PRD00859,114,13775.1
POI00006869,PO0002910,PRD00295,322,14410.96
POI00006870,PO0000870,PRD00507,57,8978.67
POI00006871,PO0005231,PRD00246,130,12678.87
POI00006872,PO0009252,PRD00160,309,2180.09
POI00006873,PO0004286,PRD00071,211,9562.93
POI00006874,PO0001951,PRD00485,105,9733.24
POI00006875,PO0003089,PRD00688,480,5575.81
POI00006876,PO0000374,PRD00947,40,8686.66
POI00006877,PO0001371,PRD00910,369,10913.99
POI00006878,PO0009444,PRD01000,456,1107.64
POI00006879,PO0003973,PRD00106,52,6611.36
POI00006880,PO0007984,PRD00468,417,7437.41
POI00006881,PO0008007,PRD00195,466,8830.06
POI00006882,PO0003109,PRD00752,126,1766.8
POI00006883,PO0004962,PRD00843,140,14383.19
POI00006884,PO0007264,PRD00676,211,4189.18
POI00006885,PO0005516,PRD00359,133,14333.28
POI00006886,PO0007324,PRD00535,294,12386.73
POI00006887,PO0009438,PRD00706,369,11072.04
POI00006888,PO0006118,PRD00662,71,1358.75
POI00006889,PO0001092,PRD00703,428,2890.33
POI00006890,PO0002950,PRD00463,221,6510.21
POI00006891,PO0002756,PRD00368,435,13705.39
POI00006892,PO0001812,PRD00336,50,14628.24
POI00006893,PO0001558,PRD00121,243,14884.48
POI00006894,PO0000526,PRD00812,337,3339.2
POI00006895,PO0004199,PRD00376,116,7767.99
POI00006896,PO0009853,PRD00407,159,2170.82
POI00006897,PO0009558,PRD00934,88,8748.64
POI00006898,PO0002206,PRD00214,148,11225.45
POI00006899,PO0000260,PRD00480,465,10120.83
POI00006900,PO0007355,PRD00140,387,6699.68
POI00006901,PO0000807,PRD00059,164,7096.98
POI00006902,PO0000455,PRD00838,118,9698.54
POI00006903,PO0006624,PRD00745,119,7007.02
POI00006904,PO0003366,PRD00903,255,10697.16
POI00006905,PO0000318,PRD00597,233,12775.63
POI00006906,PO0004432,PRD00577,91,5565.9
POI00006907,PO0009893,PRD00342,247,10654.4
POI00006908,PO0001127,PRD00747,96,1497.38
POI00006909,PO0007249,PRD00195,322,8830.06
POI00006910,PO0004839,PRD00722,226,9531.63
POI00006911,PO0000174,PRD00898,275,11808.33
POI00006912,PO0005174,PRD00364,304,10243.38
POI00006913,PO0008300,PRD00035,44,9200.21
POI00006914,PO0002990,PRD00882,214,7275.03
POI00006915,PO0009367,PRD00325,149,14185.14
POI00006916,PO0001678,PRD00982,245,2789.53
POI00006917,PO0005650,PRD00511,443,2991.32
POI00006918,PO0005584,PRD01000,235,1107.64
POI00006919,PO0004969,PRD00650,281,5122.22
POI00006920,PO0002858,PRD00102,328,6423.07
POI00006921,PO0005986,PRD00610,414,3030.44
POI00006922,PO0007065,PRD00406,487,6081.8
POI00006923,PO0009745,PRD00541,195,2451.94
POI00006924,PO0006267,PRD00921,138,10131.57
POI00006925,PO0006746,PRD00251,243,3571.32
POI00006926,PO0002116,PRD00335,479,12393.64
POI00006927,PO0009779,PRD00449,47,4124.74
POI00006928,PO0000343,PRD00100,299,3533.63
POI00006929,PO0007970,PRD00253,310,11689.61
POI00006930,PO0001571,PRD00053,444,10059.59
POI00006931,PO0009902,PRD00304,157,7053.7
POI00006932,PO0008841,PRD00739,268,7506.27
POI00006933,PO0008666,PRD00629,81,377.33
POI00006934,PO0002552,PRD00978,199,10928.44
POI00006935,PO0002567,PRD00988,461,3859.43
POI00006936,PO0006417,PRD00660,273,745.68
POI00006937,PO0000217,PRD00914,310,14209.47
POI00006938,PO0000518,PRD00194,493,11189.27
POI00006939,PO0004072,PRD00107,204,9087.41
POI00006940,PO0001439,PRD00710,482,7104.05
POI00006941,PO0003684,PRD00699,482,8800.55
POI00006942,PO0008334,PRD00387,254,1001.43
POI00006943,PO0004409,PRD00188,459,5763.09
POI00006944,PO0009648,PRD00574,231,11589.74
POI00006945,PO0000629,PRD00754,163,2784.41
POI00006946,PO0004965,PRD00581,424,3429.77
POI00006947,PO0006430,PRD00637,273,11031.21
POI00006948,PO0005899,PRD00403,191,560.68
POI00006949,PO0000998,PRD00086,322,14709.22
POI00006950,PO0005075,PRD00698,330,3335.68
POI00006951,PO0008208,PRD00813,86,1791.65
POI00006952,PO0001492,PRD00470,297,10835.82
POI00006953,PO0001001,PRD00684,280,7767.82
POI00006954,PO0007074,PRD00792,287,12139.91
POI00006955,PO0003952,PRD00952,437,4757.15
POI00006956,PO0001972,PRD00490,318,13814.57
POI00006957,PO0008204,PRD00202,372,2771.81
POI00006958,PO0007695,PRD00673,360,13879.93
POI00006959,PO0006167,PRD00195,59,8830.06
POI00006960,PO0003855,PRD00996,119,12098.44
POI00006961,PO0001899,PRD00960,43,2038.65
POI00006962,PO0008389,PRD00728,129,6550.29
POI00006963,PO0000041,PRD00210,42,5229.98
POI00006964,PO0007794,PRD00482,124,14861.25
POI00006965,PO0000915,PRD00998,76,8420.65
POI00006966,PO0005989,PRD00141,176,11958.46
POI00006967,PO0002751,PRD00879,492,5831.09
POI00006968,PO0000241,PRD00876,119,12469.02
POI00006969,PO0000763,PRD00121,256,14884.48
POI00006970,PO0008195,PRD00597,489,12775.63
POI00006971,PO0008881,PRD00611,256,1908.11
POI00006972,PO0003410,PRD00609,425,8768.27
POI00006973,PO0003536,PRD00712,87,5380.83
POI00006974,PO0000775,PRD00506,233,2811.02
POI00006975,PO0004832,PRD00165,370,9742.97
POI00006976,PO0005167,PRD00362,340,837.42
POI00006977,PO0001295,PRD00643,444,5309.18
POI00006978,PO0008838,PRD00029,127,4613.81
POI00006979,PO0002758,PRD00019,209,5319.1
POI00006980,PO0000624,PRD00515,386,11728.64
POI00006981,PO0007303,PRD00306,58,7923.38
POI00006982,PO0009492,PRD00608,233,2030.27
POI00006983,PO0005350,PRD00211,453,7941.86
POI00006984,PO0004564,PRD00609,121,8768.27
POI00006985,PO0009398,PRD00438,387,314.72
POI00006986,PO0002361,PRD00750,186,6059.6
POI00006987,PO0002433,PRD00327,496,11465.77
POI00006988,PO0009913,PRD00567,239,8082.94
POI00006989,PO0001769,PRD00270,100,2874.72
POI00006990,PO0002589,PRD00147,425,10379.48
POI00006991,PO0005753,PRD00586,197,4430.6
POI00006992,PO0006937,PRD00229,35,5330.98
POI00006993,PO0003293,PRD00686,455,2956.03
POI00006994,PO0008360,PRD00327,87,11465.77
POI00006995,PO0004554,PRD00688,467,5575.81
POI00006996,PO0000985,PRD00260,90,500.56
POI00006997,PO0004288,PRD00503,325,8838.11
POI00006998,PO0001877,PRD00609,478,8768.27
POI00006999,PO0003797,PRD00181,388,2679.75
POI00007000,PO0004392,PRD00386,396,7920.56
POI00007001,PO0008792,PRD00646,140,11847.85
POI00007002,PO0001773,PRD00257,67,12479.22
POI00007003,PO0007230,PRD00520,286,12944.02
POI00007004,PO0002990,PRD00956,93,3221.73
POI00007005,PO0002718,PRD00452,34,2503.76
POI00007006,PO0003286,PRD00979,365,3320.45
POI00007007,PO0008023,PRD00869,484,7264.23
POI00007008,PO0007111,PRD00605,161,3961.69
POI00007009,PO0009708,PRD00703,277,2890.33
POI00007010,PO0000313,PRD00085,192,2937.79
POI00007011,PO0004874,PRD00694,234,9801.68
POI00007012,PO0000956,PRD00800,444,273.44
POI00007013,PO0005970,PRD00750,54,6059.6
POI00007014,PO0004312,PRD00568,497,4707.73
POI00007015,PO0003759,PRD00218,383,4399.57
POI00007016,PO0004993,PRD00727,43,1054.08
POI00007017,PO0004209,PRD00934,379,8748.64
POI00007018,PO0003149,PRD00018,53,6025.11
POI00007019,PO0006155,PRD00695,465,7153.53
POI00007020,PO0002140,PRD00045,238,3578.64
POI00007021,PO0006474,PRD00858,172,718.7
POI00007022,PO0006778,PRD00913,438,7633.07
POI00007023,PO0003434,PRD00995,416,1957.35
POI00007024,PO0008561,PRD00373,62,5013.81
POI00007025,PO0002848,PRD00712,166,5380.83
POI00007026,PO0001282,PRD00877,228,9378.32
POI00007027,PO0005950,PRD00518,436,8231.59
POI00007028,PO0002677,PRD00085,245,2937.79
POI00007029,PO0001825,PRD00681,45,14615.35
POI00007030,PO0000753,PRD00701,92,7267.54
POI00007031,PO0008117,PRD00373,443,5013.81
POI00007032,PO0003234,PRD00922,454,7190.21
POI00007033,PO0003397,PRD00320,343,1168.76
POI00007034,PO0001169,PRD00059,402,7096.98
POI00007035,PO0006529,PRD00536,304,5119.31
POI00007036,PO0002513,PRD00610,335,3030.44
POI00007037,PO0004613,PRD00379,180,8770.31
POI00007038,PO0009567,PRD00879,109,5831.09
POI00007039,PO0003611,PRD00783,96,6326.48
POI00007040,PO0007457,PRD00826,432,9650.03
POI00007041,PO0007809,PRD00657,378,14657.7
POI00007042,PO0005991,PRD00814,123,14386.74
POI00007043,PO0008787,PRD00449,390,4124.74
POI00007044,PO0004787,PRD00019,303,5319.1
POI00007045,PO0001384,PRD00521,274,3211.38
POI00007046,PO0002885,PRD00310,289,7810.08
POI00007047,PO0002587,PRD00632,267,12709.49
POI00007048,PO0000542,PRD00445,29,6126.75
POI00007049,PO0001951,PRD00096,18,4636.27
POI00007050,PO0002208,PRD00395,99,6180.29
POI00007051,PO0007599,PRD00063,45,7018.31
POI00007052,PO0000769,PRD00095,201,11653.35
POI00007053,PO0006932,PRD00208,40,10135.61
POI00007054,PO0005527,PRD00654,444,8610.81
POI00007055,PO0003368,PRD00159,376,11218.67
POI00007056,PO0004958,PRD00602,44,12799.03
POI00007057,PO0001174,PRD00115,183,12984.47
POI00007058,PO0002478,PRD00031,172,11922.53
POI00007059,PO0008519,PRD00222,299,1219.58
POI00007060,PO0008756,PRD00933,372,4789.52
POI00007061,PO0008230,PRD00702,131,12933.45
POI00007062,PO0001237,PRD00137,434,14315.76
POI00007063,PO0007690,PRD00912,437,13951.33
POI00007064,PO0008780,PRD00654,21,8610.81
POI00007065,PO0003144,PRD00357,493,1898.36
POI00007066,PO0007488,PRD00250,77,14546.26
POI00007067,PO0002945,PRD00819,89,9433.84
POI00007068,PO0000621,PRD00352,417,10163.96
POI00007069,PO0006849,PRD00928,438,5618.25
POI00007070,PO0001067,PRD00225,21,11422.41
POI00007071,PO0001924,PRD00089,499,9597.02
POI00007072,PO0007118,PRD00171,469,3321.66
POI00007073,PO0007077,PRD00876,407,12469.02
POI00007074,PO0000723,PRD00374,351,290.14
POI00007075,PO0008246,PRD00261,230,11887.4
POI00007076,PO0001499,PRD00900,224,12362.97
POI00007077,PO0007237,PRD00108,295,14993.62
POI00007078,PO0004643,PRD00744,43,13579.31
POI00007079,PO0009596,PRD00420,125,7232.56
POI00007080,PO0001492,PRD00613,258,2658.28
POI00007081,PO0006372,PRD00177,190,12210.75
POI00007082,PO0005132,PRD00740,143,5420.19
POI00007083,PO0001873,PRD00484,179,1711.79
POI00007084,PO0002880,PRD00183,229,6823.92
POI00007085,PO0000726,PRD00979,227,3320.45
POI00007086,PO0003597,PRD00778,334,11600.41
POI00007087,PO0005461,PRD00129,260,14713.16
POI00007088,PO0006269,PRD00788,482,13824.18
POI00007089,PO0002710,PRD00307,302,14587.91
POI00007090,PO0005817,PRD00169,355,8843.12
POI00007091,PO0006553,PRD00999,35,8190.82
POI00007092,PO0006711,PRD00321,324,7009.48
POI00007093,PO0008385,PRD00319,261,3733.58
POI00007094,PO0008984,PRD00781,435,10401.92
POI00007095,PO0005244,PRD00036,127,10797.72
POI00007096,PO0005895,PRD00368,296,13705.39
POI00007097,PO0007602,PRD00138,114,9292.5
POI00007098,PO0005608,PRD00797,397,11156.8
POI00007099,PO0002762,PRD00759,373,6538.09
POI00007100,PO0000638,PRD00467,191,10304.91
POI00007101,PO0009539,PRD00464,279,471.83
POI00007102,PO0002132,PRD00843,459,14383.19
POI00007103,PO0006836,PRD00955,275,9957.38
POI00007104,PO0005770,PRD00079,286,10823.51
POI00007105,PO0008659,PRD00967,182,5210.76
POI00007106,PO0008630,PRD00672,466,1758.78
POI00007107,PO0000505,PRD00022,64,6591.0
POI00007108,PO0003212,PRD00400,216,14679.08
POI00007109,PO0000748,PRD00447,111,8522.58
POI00007110,PO0003642,PRD00262,126,10465.39
POI00007111,PO0004523,PRD00044,212,9431.09
POI00007112,PO0005282,PRD00460,67,5749.6
POI00007113,PO0005163,PRD00064,300,11684.65
POI00007114,PO0006894,PRD00420,29,7232.56
POI00007115,PO0009493,PRD00990,97,4921.74
POI00007116,PO0001178,PRD00916,86,11381.5
POI00007117,PO0003957,PRD00583,180,2755.82
POI00007118,PO0008634,PRD00390,346,6845.21
POI00007119,PO0008203,PRD00369,229,11836.37
POI00007120,PO0008927,PRD00468,55,7437.41
POI00007121,PO0008766,PRD00861,189,12536.29
POI00007122,PO0004534,PRD00143,72,2616.16
POI00007123,PO0003430,PRD00736,90,4572.66
POI00007124,PO0001920,PRD00215,403,7543.91
POI00007125,PO0001154,PRD00528,344,10694.01
POI00007126,PO0006890,PRD00113,280,4380.21
POI00007127,PO0006992,PRD00203,289,171.1
POI00007128,PO0006615,PRD00568,253,4707.73
POI00007129,PO0008984,PRD00772,428,11409.05
POI00007130,PO0008330,PRD00053,19,10059.59
POI00007131,PO0008011,PRD00615,67,9737.39
POI00007132,PO0003364,PRD00566,35,1327.27
POI00007133,PO0006252,PRD00795,172,10383.68
POI00007134,PO0003678,PRD00012,485,14609.65
POI00007135,PO0000642,PRD00558,442,9720.85
POI00007136,PO0008701,PRD00160,183,2180.09
POI00007137,PO0003942,PRD00545,182,7193.96
POI00007138,PO0000012,PRD00329,175,14502.96
POI00007139,PO0002927,PRD00897,40,11763.99
POI00007140,PO0000402,PRD00175,257,834.63
POI00007141,PO0003833,PRD00841,195,13509.77
POI00007142,PO0009431,PRD00422,413,13723.46
POI00007143,PO0004103,PRD00969,130,11985.63
POI00007144,PO0002365,PRD00764,350,6096.89
POI00007145,PO0007934,PRD00632,438,12709.49
POI00007146,PO0004727,PRD00305,418,1060.96
POI00007147,PO0002649,PRD00915,312,10437.34
POI00007148,PO0009027,PRD00126,475,12322.6
POI00007149,PO0004861,PRD00167,414,14939.24
POI00007150,PO0003997,PRD00938,463,14690.74
POI00007151,PO0006755,PRD00107,221,9087.41
POI00007152,PO0001707,PRD00328,128,13195.81
POI00007153,PO0009430,PRD00184,497,6913.99
POI00007154,PO0001674,PRD00822,231,434.39
POI00007155,PO0001164,PRD00175,21,834.63
POI00007156,PO0006654,PRD00365,285,9821.16
POI00007157,PO0003314,PRD00394,269,14023.98
POI00007158,PO0007013,PRD00982,300,2789.53
POI00007159,PO0001789,PRD00964,178,7890.02
POI00007160,PO0003699,PRD00573,41,5628.29
POI00007161,PO0001517,PRD00981,398,916.09
POI00007162,PO0008234,PRD00295,221,14410.96
POI00007163,PO0007162,PRD00950,151,13034.4
POI00007164,PO0009768,PRD00762,494,13051.68
POI00007165,PO0006057,PRD00478,155,14298.83
POI00007166,PO0006181,PRD00015,365,4060.74
POI00007167,PO0002932,PRD00154,334,9453.46
POI00007168,PO0002680,PRD00355,210,10597.12
POI00007169,PO0002337,PRD00919,208,12018.41
POI00007170,PO0006585,PRD00233,266,9106.69
POI00007171,PO0000411,PRD00754,362,2784.41
POI00007172,PO0002172,PRD00095,137,11653.35
POI00007173,PO0001871,PRD00324,104,4070.68
POI00007174,PO0007653,PRD00652,62,879.05
POI00007175,PO0004227,PRD00973,317,4327.38
POI00007176,PO0001661,PRD00566,313,1327.27
POI00007177,PO0006996,PRD00609,212,8768.27
POI00007178,PO0005075,PRD00057,244,4964.1
POI00007179,PO0003294,PRD00222,44,1219.58
POI00007180,PO0001974,PRD00932,368,12917.17
POI00007181,PO0003361,PRD00898,287,11808.33
POI00007182,PO0006718,PRD00733,199,8941.35
POI00007183,PO0009222,PRD00058,128,4231.59
POI00007184,PO0009994,PRD00282,23,6599.31
POI00007185,PO0004716,PRD00626,329,10575.52
POI00007186,PO0001373,PRD00918,441,1087.91
POI00007187,PO0004726,PRD00992,98,10351.03
POI00007188,PO0002149,PRD00690,96,2729.55
POI00007189,PO0003364,PRD00135,361,7084.8
POI00007190,PO0002699,PRD00334,404,8334.09
POI00007191,PO0001146,PRD00280,83,626.38
POI00007192,PO0003825,PRD00628,108,2699.31
POI00007193,PO0006163,PRD00550,489,1100.7
POI00007194,PO0004103,PRD00246,38,12678.87
POI00007195,PO0006216,PRD00182,42,11205.33
POI00007196,PO0000713,PRD00413,15,6171.23
POI00007197,PO0005976,PRD00426,128,11443.5
POI00007198,PO0003381,PRD00149,229,8656.19
POI00007199,PO0002838,PRD00009,358,12532.16
POI00007200,PO0007803,PRD00245,468,2944.72
POI00007201,PO0001126,PRD00721,338,7384.49
POI00007202,PO0005706,PRD00384,164,6284.42
POI00007203,PO0000177,PRD00119,80,510.73
POI00007204,PO0006758,PRD00852,65,9836.31
POI00007205,PO0008081,PRD00096,489,4636.27
POI00007206,PO0003710,PRD00398,59,1850.01
POI00007207,PO0005022,PRD00505,44,10107.88
POI00007208,PO0009985,PRD00721,168,7384.49
POI00007209,PO0000349,PRD00162,329,287.67
POI00007210,PO0000497,PRD00989,89,12965.77
POI00007211,PO0004228,PRD00048,303,1009.0
POI00007212,PO0006616,PRD00267,417,1734.0
POI00007213,PO0000095,PRD00435,25,11483.94
POI00007214,PO0007456,PRD00485,230,9733.24
POI00007215,PO0005412,PRD00062,466,3639.09
POI00007216,PO0002210,PRD00471,229,1676.03
POI00007217,PO0006766,PRD00522,183,2556.45
POI00007218,PO0009517,PRD00967,173,5210.76
POI00007219,PO0007189,PRD00094,232,8406.45
POI00007220,PO0002381,PRD00523,278,12097.17
POI00007221,PO0008079,PRD00457,477,7399.8
POI00007222,PO0008234,PRD00856,15,11059.92
POI00007223,PO0002019,PRD00696,450,3418.65
POI00007224,PO0005311,PRD00200,375,12689.72
POI00007225,PO0001888,PRD00150,352,4175.25
POI00007226,PO0000972,PRD00550,127,1100.7
POI00007227,PO0004514,PRD00703,373,2890.33
POI00007228,PO0001732,PRD00144,418,7505.2
POI00007229,PO0004616,PRD00440,321,12108.02
POI00007230,PO0001163,PRD00963,297,8895.2
POI00007231,PO0009581,PRD00576,448,6871.55
POI00007232,PO0003141,PRD00861,84,12536.29
POI00007233,PO0006957,PRD00254,209,12034.79
POI00007234,PO0002878,PRD00644,48,5838.18
POI00007235,PO0007689,PRD00048,454,1009.0
POI00007236,PO0002722,PRD00925,134,3105.28
POI00007237,PO0002902,PRD00498,494,515.55
POI00007238,PO0002574,PRD00119,476,510.73
POI00007239,PO0007089,PRD00174,263,1447.77
POI00007240,PO0002506,PRD00927,336,9238.3
POI00007241,PO0009189,PRD00779,30,14460.71
POI00007242,PO0000736,PRD00642,43,6743.72
POI00007243,PO0003299,PRD00740,305,5420.19
POI00007244,PO0007973,PRD00863,221,7788.61
POI00007245,PO0004023,PRD00224,47,3605.13
POI00007246,PO0005702,PRD00101,211,1142.0
POI00007247,PO0005081,PRD00865,365,13316.61
POI00007248,PO0008801,PRD00059,175,7096.98
POI00007249,PO0009151,PRD00081,316,3386.22
POI00007250,PO0007312,PRD00617,263,9490.86
POI00007251,PO0009414,PRD00929,25,2808.45
POI00007252,PO0008169,PRD00511,53,2991.32
POI00007253,PO0003079,PRD00381,411,2462.98
POI00007254,PO0000815,PRD00541,184,2451.94
POI00007255,PO0009457,PRD00396,481,5666.96
POI00007256,PO0002284,PRD00999,109,8190.82
POI00007257,PO0008227,PRD00978,479,10928.44
POI00007258,PO0006637,PRD00099,339,6175.08
POI00007259,PO0002182,PRD00669,306,4850.66
POI00007260,PO0009814,PRD00166,95,9766.65
POI00007261,PO0000565,PRD00753,207,1627.4
POI00007262,PO0009460,PRD00513,500,7371.4
POI00007263,PO0005333,PRD00502,324,7953.51
POI00007264,PO0007232,PRD00088,366,759.09
POI00007265,PO0002925,PRD00784,112,4162.05
POI00007266,PO0005989,PRD00885,106,14081.25
POI00007267,PO0001533,PRD00572,320,14299.0
POI00007268,PO0005578,PRD00448,22,3508.12
POI00007269,PO0007269,PRD00553,64,1373.39
POI00007270,PO0001386,PRD00780,48,12595.14
POI00007271,PO0008026,PRD00781,420,10401.92
POI00007272,PO0008350,PRD00136,500,9775.56
POI00007273,PO0000434,PRD00509,76,7385.46
POI00007274,PO0000419,PRD00893,487,14877.64
POI00007275,PO0006398,PRD00211,310,7941.86
POI00007276,PO0003347,PRD00103,411,12413.34
POI00007277,PO0007377,PRD00722,358,9531.63
POI00007278,PO0004355,PRD00165,400,9742.97
POI00007279,PO0008970,PRD00256,381,4333.14
POI00007280,PO0004767,PRD00432,389,6955.57
POI00007281,PO0007528,PRD00335,86,12393.64
POI00007282,PO0003292,PRD00995,103,1957.35
POI00007283,PO0006061,PRD00197,471,14528.51
POI00007284,PO0009670,PRD00699,77,8800.55
POI00007285,PO0002272,PRD00156,249,1424.79
POI00007286,PO0007072,PRD00085,426,2937.79
POI00007287,PO0009151,PRD00317,227,11523.03
POI00007288,PO0003132,PRD00516,51,8281.91
POI00007289,PO0004869,PRD00606,204,8374.83
POI00007290,PO0001550,PRD00073,465,7015.92
POI00007291,PO0002712,PRD00540,430,3098.59
POI00007292,PO0009127,PRD00125,123,12971.28
POI00007293,PO0000499,PRD00647,340,2506.84
POI00007294,PO0003675,PRD00100,78,3533.63
POI00007295,PO0006368,PRD00374,469,290.14
POI00007296,PO0002681,PRD00797,379,11156.8
POI00007297,PO0003311,PRD00016,80,12890.21
POI00007298,PO0008446,PRD00446,342,10566.45
POI00007299,PO0001373,PRD00794,370,14754.3
POI00007300,PO0002925,PRD00263,336,9261.0
POI00007301,PO0009213,PRD00771,272,10772.54
POI00007302,PO0000102,PRD00049,444,12862.44
POI00007303,PO0007435,PRD00486,185,14504.82
POI00007304,PO0006343,PRD00894,383,2746.5
POI00007305,PO0009083,PRD00800,77,273.44
POI00007306,PO0006912,PRD00418,192,848.93
POI00007307,PO0005943,PRD00417,76,13839.61
POI00007308,PO0006614,PRD00826,86,9650.03
POI00007309,PO0007354,PRD00745,405,7007.02
POI00007310,PO0000281,PRD00985,339,3051.76
POI00007311,PO0008441,PRD00494,412,12749.77
POI00007312,PO0006185,PRD00135,361,7084.8
POI00007313,PO0002389,PRD00960,425,2038.65
POI00007314,PO0008192,PRD00665,90,13549.44
POI00007315,PO0003749,PRD00467,162,10304.91
POI00007316,PO0008507,PRD00226,464,7002.18
POI00007317,PO0004338,PRD00010,239,704.09
POI00007318,PO0002126,PRD00305,373,1060.96
POI00007319,PO0002044,PRD00640,101,14055.38
POI00007320,PO0006920,PRD00869,345,7264.23
POI00007321,PO0003569,PRD00104,222,8958.06
POI00007322,PO0006485,PRD00005,137,13587.62
POI00007323,PO0001499,PRD00776,430,3296.6
POI00007324,PO0002074,PRD00451,35,11303.64
POI00007325,PO0002532,PRD00367,80,13626.42
POI00007326,PO0006514,PRD00987,68,9467.13
POI00007327,PO0003950,PRD00357,212,1898.36
POI00007328,PO0000098,PRD00018,54,6025.11
POI00007329,PO0001486,PRD00760,431,2297.92
POI00007330,PO0006380,PRD00543,391,5993.42
POI00007331,PO0001207,PRD00135,475,7084.8
POI00007332,PO0007172,PRD00836,135,2825.17
POI00007333,PO0005085,PRD00941,355,2714.98
POI00007334,PO0003699,PRD00387,62,1001.43
POI00007335,PO0003468,PRD00480,114,10120.83
POI00007336,PO0000768,PRD00605,404,3961.69
POI00007337,PO0004505,PRD00762,396,13051.68
POI00007338,PO0005653,PRD00352,257,10163.96
POI00007339,PO0003855,PRD00957,390,8262.63
POI00007340,PO0008401,PRD00265,175,1738.91
POI00007341,PO0000185,PRD00100,238,3533.63
POI00007342,PO0007181,PRD00200,210,12689.72
POI00007343,PO0006624,PRD00073,387,7015.92
POI00007344,PO0006844,PRD00452,443,2503.76
POI00007345,PO0001661,PRD00347,173,2926.5
POI00007346,PO0000319,PRD00740,78,5420.19
POI00007347,PO0007100,PRD00017,257,12322.4
POI00007348,PO0003492,PRD00047,95,1038.29
POI00007349,PO0002378,PRD00214,188,11225.45
POI00007350,PO0004500,PRD00501,180,4943.69
POI00007351,PO0004123,PRD00143,35,2616.16
POI00007352,PO0004332,PRD00018,434,6025.11
POI00007353,PO0008956,PRD00853,229,2077.51
POI00007354,PO0003080,PRD00229,405,5330.98
POI00007355,PO0007222,PRD00158,98,12470.65
POI00007356,PO0009237,PRD00387,295,1001.43
POI00007357,PO0003057,PRD00568,376,4707.73
POI00007358,PO0009405,PRD00142,369,3723.43
POI00007359,PO0006437,PRD00118,341,13920.88
POI00007360,PO0003864,PRD00506,373,2811.02
POI00007361,PO0002355,PRD00539,187,13947.14
POI00007362,PO0006446,PRD00867,335,2868.63
POI00007363,PO0007291,PRD00912,422,13951.33
POI00007364,PO0004916,PRD00675,170,9849.43
POI00007365,PO0007803,PRD00833,240,703.26
POI00007366,PO0006219,PRD00065,118,13939.0
POI00007367,PO0009865,PRD00922,98,7190.21
POI00007368,PO0007351,PRD00254,321,12034.79
POI00007369,PO0004158,PRD00686,423,2956.03
POI00007370,PO0009951,PRD00546,161,218.56
POI00007371,PO0002047,PRD00366,425,11358.19
POI00007372,PO0002882,PRD00068,379,11959.71
POI00007373,PO0006011,PRD00261,276,11887.4
POI00007374,PO0000802,PRD00303,430,3612.1
POI00007375,PO0006326,PRD00084,492,1880.19
POI00007376,PO0004836,PRD00238,151,1063.4
POI00007377,PO0005299,PRD00965,462,8131.85
POI00007378,PO0005594,PRD00071,262,9562.93
POI00007379,PO0000417,PRD00769,354,14259.3
POI00007380,PO0007728,PRD00389,244,10776.42
POI00007381,PO0003795,PRD00339,229,7828.44
POI00007382,PO0000728,PRD00146,60,1182.02
POI00007383,PO0001443,PRD00118,121,13920.88
POI00007384,PO0008561,PRD00270,349,2874.72
POI00007385,PO0002560,PRD00505,122,10107.88
POI00007386,PO0003455,PRD00562,272,329.01
POI00007387,PO0006420,PRD00372,100,12777.81
POI00007388,PO0009428,PRD00335,251,12393.64
POI00007389,PO0001305,PRD00395,225,6180.29
POI00007390,PO0003280,PRD00705,426,14962.24
POI00007391,PO0004597,PRD00496,180,5018.37
POI00007392,PO0009719,PRD00371,221,6858.89
POI00007393,PO0007345,PRD00774,136,7426.94
POI00007394,PO0004781,PRD00450,244,2755.97
POI00007395,PO0004147,PRD00919,47,12018.41
POI00007396,PO0001579,PRD00856,74,11059.92
POI00007397,PO0006899,PRD00063,418,7018.31
POI00007398,PO0000736,PRD00539,53,13947.14
POI00007399,PO0007683,PRD00201,309,9166.2
POI00007400,PO0003464,PRD00283,65,14607.96
POI00007401,PO0009477,PRD00514,402,4437.98
POI00007402,PO0002907,PRD00221,195,13068.22
POI00007403,PO0003257,PRD00413,107,6171.23
POI00007404,PO0007389,PRD00638,278,14235.92
POI00007405,PO0008552,PRD00848,299,13378.15
POI00007406,PO0003255,PRD00742,219,120.85
POI00007407,PO0003616,PRD00721,22,7384.49
POI00007408,PO0009499,PRD00697,209,6403.2
POI00007409,PO0001595,PRD00862,349,5699.76
POI00007410,PO0008710,PRD00558,252,9720.85
POI00007411,PO0005869,PRD00952,293,4757.15
POI00007412,PO0005944,PRD00351,260,4761.19
POI00007413,PO0008710,PRD00512,273,6184.28
POI00007414,PO0007077,PRD00387,443,1001.43
POI00007415,PO0005697,PRD00044,205,9431.09
POI00007416,PO0000550,PRD00857,272,11441.17
POI00007417,PO0001252,PRD00339,415,7828.44
POI00007418,PO0009199,PRD00591,230,1630.92
POI00007419,PO0008743,PRD00667,264,12142.23
POI00007420,PO0000582,PRD00603,358,3288.11
POI00007421,PO0008212,PRD00595,208,9587.26
POI00007422,PO0005148,PRD00959,455,4695.81
POI00007423,PO0001422,PRD00141,163,11958.46
POI00007424,PO0005236,PRD00296,109,13710.05
POI00007425,PO0009522,PRD00035,283,9200.21
POI00007426,PO0005051,PRD00517,308,8167.29
POI00007427,PO0009788,PRD00051,402,8110.25
POI00007428,PO0003406,PRD00758,394,14670.2
POI00007429,PO0008186,PRD00275,289,2070.47
POI00007430,PO0005725,PRD00040,57,12037.14
POI00007431,PO0003611,PRD00549,230,2125.97
POI00007432,PO0002147,PRD00925,282,3105.28
POI00007433,PO0001076,PRD00352,408,10163.96
POI00007434,PO0001063,PRD00527,278,13016.35
POI00007435,PO0003037,PRD00091,353,14120.67
POI00007436,PO0008402,PRD00728,42,6550.29
POI00007437,PO0000531,PRD00705,65,14962.24
POI00007438,PO0004323,PRD00932,60,12917.17
POI00007439,PO0004270,PRD00991,273,5985.46
POI00007440,PO0002734,PRD00166,68,9766.65
POI00007441,PO0002732,PRD00418,80,848.93
POI00007442,PO0005326,PRD00456,451,14536.29
POI00007443,PO0004659,PRD00083,368,5329.01
POI00007444,PO0008129,PRD00952,202,4757.15
POI00007445,PO0000964,PRD00283,304,14607.96
POI00007446,PO0008779,PRD00952,288,4757.15
POI00007447,PO0006052,PRD00337,265,11344.08
POI00007448,PO0006391,PRD00885,256,14081.25
POI00007449,PO0001891,PRD00384,414,6284.42
POI00007450,PO0008404,PRD00990,311,4921.74
POI00007451,PO0003223,PRD00288,72,4176.37
POI00007452,PO0001238,PRD00834,278,4625.99
POI00007453,PO0007083,PRD00757,305,1024.97
POI00007454,PO0007601,PRD00441,60,3675.25
POI00007455,PO0004582,PRD00483,111,8191.19
POI00007456,PO0004397,PRD00549,56,2125.97
POI00007457,PO0008886,PRD00564,118,9458.27
POI00007458,PO0005799,PRD00381,173,2462.98
POI00007459,PO0006585,PRD00691,197,5216.2
POI00007460,PO0005171,PRD00364,132,10243.38
POI00007461,PO0002687,PRD00664,118,8624.9
POI00007462,PO0006767,PRD00987,18,9467.13
POI00007463,PO0009695,PRD00044,148,9431.09
POI00007464,PO0007975,PRD00101,91,1142.0
POI00007465,PO0000400,PRD00141,449,11958.46
POI00007466,PO0008864,PRD00521,245,3211.38
POI00007467,PO0007862,PRD00713,452,5625.5
POI00007468,PO0006325,PRD00956,278,3221.73
POI00007469,PO0004523,PRD00110,79,13747.81
POI00007470,PO0002878,PRD00436,111,10630.97
POI00007471,PO0000898,PRD00632,277,12709.49
POI00007472,PO0005902,PRD00269,167,6484.24
POI00007473,PO0006765,PRD00637,337,11031.21
POI00007474,PO0009310,PRD00457,319,7399.8
POI00007475,PO0001752,PRD00940,341,12016.56
POI00007476,PO0003098,PRD00184,47,6913.99
POI00007477,PO0009277,PRD00025,228,9977.74
POI00007478,PO0009676,PRD00932,257,12917.17
POI00007479,PO0004226,PRD00933,96,4789.52
POI00007480,PO0006626,PRD00019,190,5319.1
POI00007481,PO0006960,PRD00207,187,13259.47
POI00007482,PO0004738,PRD00875,38,6782.11
POI00007483,PO0003360,PRD00662,61,1358.75
POI00007484,PO0003206,PRD00202,383,2771.81
POI00007485,PO0003158,PRD00840,360,1992.97
POI00007486,PO0006795,PRD00056,356,2104.64
POI00007487,PO0001445,PRD00755,87,12949.63
POI00007488,PO0005909,PRD00577,427,5565.9
POI00007489,PO0006440,PRD00417,115,13839.61
POI00007490,PO0005973,PRD00635,469,2679.1
POI00007491,PO0000662,PRD00773,244,8251.54
POI00007492,PO0001141,PRD00126,148,12322.6
POI00007493,PO0006103,PRD00905,390,2985.62
POI00007494,PO0006012,PRD00385,269,11446.95
POI00007495,PO0000187,PRD00781,277,10401.92
POI00007496,PO0007240,PRD00126,376,12322.6
POI00007497,PO0008554,PRD00012,144,14609.65
POI00007498,PO0006904,PRD00623,406,11479.62
POI00007499,PO0003654,PRD00020,59,14093.42
POI00007500,PO0003315,PRD00741,214,13662.52
POI00007501,PO0004717,PRD00322,488,11034.26
POI00007502,PO0001478,PRD00593,13,1467.96
POI00007503,PO0002909,PRD00095,370,11653.35
POI00007504,PO0009537,PRD00854,331,7572.34
POI00007505,PO0007671,PRD00361,420,2128.11
POI00007506,PO0001298,PRD00389,243,10776.42
POI00007507,PO0002040,PRD00345,414,10843.29
POI00007508,PO0005859,PRD00879,430,5831.09
POI00007509,PO0000429,PRD00585,202,4963.33
POI00007510,PO0000261,PRD00802,96,11346.21
POI00007511,PO0000019,PRD00627,117,8481.58
POI00007512,PO0009052,PRD00793,277,871.73
POI00007513,PO0001384,PRD00434,368,7897.25
POI00007514,PO0004833,PRD00588,338,11008.35
POI00007515,PO0006834,PRD00539,26,13947.14
POI00007516,PO0009389,PRD00419,285,13114.42
POI00007517,PO0007149,PRD00118,82,13920.88
POI00007518,PO0008652,PRD00635,461,2679.1
POI00007519,PO0004934,PRD00073,445,7015.92
POI00007520,PO0004703,PRD00745,287,7007.02
POI00007521,PO0004420,PRD00734,412,799.67
POI00007522,PO0007900,PRD00832,474,14364.28
POI00007523,PO0002413,PRD00509,234,7385.46
POI00007524,PO0009603,PRD00953,49,4127.02
POI00007525,PO0002037,PRD00772,384,11409.05
POI00007526,PO0002192,PRD00535,481,12386.73
POI00007527,PO0006188,PRD00286,442,4652.92
POI00007528,PO0004476,PRD00007,266,9585.73
POI00007529,PO0005397,PRD00027,174,2942.25
POI00007530,PO0004677,PRD00607,166,12074.14
POI00007531,PO0002266,PRD00145,278,6936.79
POI00007532,PO0000948,PRD00963,94,8895.2
POI00007533,PO0006222,PRD00524,469,4908.91
POI00007534,PO0004327,PRD00800,409,273.44
POI00007535,PO0008470,PRD00636,224,3410.7
POI00007536,PO0001165,PRD00431,400,11469.34
POI00007537,PO0006138,PRD00161,189,14511.66
POI00007538,PO0009710,PRD00134,288,10858.86
POI00007539,PO0007940,PRD00646,418,11847.85
POI00007540,PO0008507,PRD00810,312,6285.69
POI00007541,PO0006268,PRD00586,301,4430.6
POI00007542,PO0007829,PRD00053,473,10059.59
POI00007543,PO0004090,PRD00884,384,5606.03
POI00007544,PO0000703,PRD00337,245,11344.08
POI00007545,PO0005863,PRD00920,435,10536.21
POI00007546,PO0006273,PRD00164,146,7114.43
POI00007547,PO0003948,PRD00838,392,9698.54
POI00007548,PO0006528,PRD00530,15,5677.57
POI00007549,PO0008511,PRD00105,464,7072.97
POI00007550,PO0007053,PRD00371,475,6858.89
POI00007551,PO0009469,PRD00204,161,1118.21
POI00007552,PO0001403,PRD00498,43,515.55
POI00007553,PO0009733,PRD00275,34,2070.47
POI00007554,PO0005021,PRD00728,401,6550.29
POI00007555,PO0007222,PRD00781,128,10401.92
POI00007556,PO0003167,PRD00649,236,13327.93
POI00007557,PO0003596,PRD00244,399,4688.28
POI00007558,PO0004946,PRD00041,247,14254.59
POI00007559,PO0004254,PRD00917,374,13456.14
POI00007560,PO0008430,PRD00916,317,11381.5
POI00007561,PO0000494,PRD00511,485,2991.32
POI00007562,PO0004055,PRD00820,134,12985.07
POI00007563,PO0001077,PRD00643,424,5309.18
POI00007564,PO0009911,PRD00945,410,3955.76
POI00007565,PO0001768,PRD00413,281,6171.23
POI00007566,PO0001964,PRD00668,106,3092.64
POI00007567,PO0002151,PRD00321,412,7009.48
POI00007568,PO0001871,PRD00594,417,6920.19
POI00007569,PO0000586,PRD00168,217,5878.6
POI00007570,PO0004570,PRD00386,469,7920.56
POI00007571,PO0004970,PRD00498,189,515.55
POI00007572,PO0000119,PRD00379,173,8770.31
POI00007573,PO0001678,PRD00394,115,14023.98
POI00007574,PO0003039,PRD00515,257,11728.64
POI00007575,PO0003198,PRD00457,212,7399.8
POI00007576,PO0003878,PRD00048,247,1009.0
POI00007577,PO0001325,PRD00501,152,4943.69
POI00007578,PO0008341,PRD00762,206,13051.68
POI00007579,PO0000026,PRD00196,378,6209.26
POI00007580,PO0005016,PRD00943,325,6024.16
POI00007581,PO0000859,PRD00068,252,11959.71
POI00007582,PO0006203,PRD00731,284,8878.22
POI00007583,PO0006547,PRD00884,26,5606.03
POI00007584,PO0001216,PRD00209,347,9137.57
POI00007585,PO0004533,PRD00935,265,2872.31
POI00007586,PO0008799,PRD00092,337,1185.31
POI00007587,PO0004563,PRD00033,462,12290.88
POI00007588,PO0007666,PRD00766,210,11198.97
POI00007589,PO0008655,PRD00977,188,14587.2
POI00007590,PO0009640,PRD00622,28,3778.03
POI00007591,PO0002760,PRD00280,268,626.38
POI00007592,PO0001213,PRD00299,56,14959.16
POI00007593,PO0001382,PRD00877,88,9378.32
POI00007594,PO0002587,PRD00578,464,3487.79
POI00007595,PO0002570,PRD00521,151,3211.38
POI00007596,PO0006046,PRD00467,169,10304.91
POI00007597,PO0006755,PRD00991,289,5985.46
POI00007598,PO0005883,PRD00064,100,11684.65
POI00007599,PO0005010,PRD00578,344,3487.79
POI00007600,PO0006056,PRD00651,137,6515.34
POI00007601,PO0001229,PRD00356,225,5284.14
POI00007602,PO0007670,PRD00983,290,12437.52
POI00007603,PO0008008,PRD00424,141,7036.46
POI00007604,PO0009680,PRD00900,201,12362.97
POI00007605,PO0004079,PRD00077,490,3244.83
POI00007606,PO0003953,PRD00340,482,13976.02
POI00007607,PO0002387,PRD00857,165,11441.17
POI00007608,PO0009545,PRD00115,389,12984.47
POI00007609,PO0009744,PRD00408,348,8695.92
POI00007610,PO0003206,PRD00045,337,3578.64
POI00007611,PO0003341,PRD00279,251,14005.9
POI00007612,PO0000947,PRD00744,417,13579.31
POI00007613,PO0009975,PRD00776,374,3296.6
POI00007614,PO0004831,PRD00789,307,7598.09
POI00007615,PO0005762,PRD00070,27,12755.67
POI00007616,PO0001095,PRD00710,306,7104.05
POI00007617,PO0004522,PRD00393,244,755.72
POI00007618,PO0006025,PRD00521,12,3211.38
POI00007619,PO0003625,PRD00860,63,1620.12
POI00007620,PO0003114,PRD00895,412,8698.56
POI00007621,PO0007454,PRD00997,298,5423.86
POI00007622,PO0004248,PRD00962,469,8264.3
POI00007623,PO0000899,PRD00672,372,1758.78
POI00007624,PO0004312,PRD00597,66,12775.63
POI00007625,PO0003213,PRD00870,497,9737.11
POI00007626,PO0006619,PRD00742,230,120.85
POI00007627,PO0004800,PRD00505,325,10107.88
POI00007628,PO0009735,PRD00243,371,9718.69
POI00007629,PO0004613,PRD00643,470,5309.18
POI00007630,PO0004924,PRD00488,382,6731.02
POI00007631,PO0009674,PRD00991,296,5985.46
POI00007632,PO0009211,PRD00839,469,1545.18
POI00007633,PO0001706,PRD00668,495,3092.64
POI00007634,PO0007229,PRD00539,479,13947.14
POI00007635,PO0009624,PRD00997,197,5423.86
POI00007636,PO0001650,PRD00174,66,1447.77
POI00007637,PO0003370,PRD00267,289,1734.0
POI00007638,PO0009552,PRD00410,254,4563.47
POI00007639,PO0005462,PRD00495,399,13954.44
POI00007640,PO0003546,PRD00956,13,3221.73
POI00007641,PO0005678,PRD00576,467,6871.55
POI00007642,PO0008948,PRD00860,460,1620.12
POI00007643,PO0008119,PRD00846,109,5432.42
POI00007644,PO0000543,PRD00776,450,3296.6
POI00007645,PO0003221,PRD00763,347,5016.95
POI00007646,PO0001444,PRD00124,153,8304.87
POI00007647,PO0005198,PRD00100,169,3533.63
POI00007648,PO0009329,PRD00656,32,3059.15
POI00007649,PO0001623,PRD00326,292,12217.09
POI00007650,PO0009029,PRD00633,388,8823.37
POI00007651,PO0000916,PRD00399,58,10939.64
POI00007652,PO0002889,PRD00265,389,1738.91
POI00007653,PO0008969,PRD00455,389,3543.59
POI00007654,PO0001588,PRD00657,269,14657.7
POI00007655,PO0003333,PRD01000,209,1107.64
POI00007656,PO0004531,PRD00813,262,1791.65
POI00007657,PO0004464,PRD00575,283,4003.21
POI00007658,PO0000771,PRD00486,465,14504.82
POI00007659,PO0007092,PRD00084,351,1880.19
POI00007660,PO0007553,PRD00836,335,2825.17
POI00007661,PO0007817,PRD00696,459,3418.65
POI00007662,PO0000001,PRD00018,443,6025.11
POI00007663,PO0004229,PRD00452,438,2503.76
POI00007664,PO0003684,PRD00946,21,5214.57
POI00007665,PO0002629,PRD00211,498,7941.86
POI00007666,PO0005639,PRD00502,16,7953.51
POI00007667,PO0005908,PRD00361,86,2128.11
POI00007668,PO0002665,PRD00665,16,13549.44
POI00007669,PO0002958,PRD00915,187,10437.34
POI00007670,PO0003064,PRD00296,178,13710.05
POI00007671,PO0000363,PRD00036,165,10797.72
POI00007672,PO0009510,PRD00845,211,2083.84
POI00007673,PO0001317,PRD00539,489,13947.14
POI00007674,PO0009236,PRD00010,215,704.09
POI00007675,PO0005806,PRD00025,280,9977.74
POI00007676,PO0009653,PRD00624,237,5373.69
POI00007677,PO0004001,PRD00181,337,2679.75
POI00007678,PO0004815,PRD00866,323,3511.46
POI00007679,PO0006611,PRD00228,241,7076.3
POI00007680,PO0001021,PRD00429,94,4484.27
POI00007681,PO0004955,PRD00269,123,6484.24
POI00007682,PO0000357,PRD00178,205,4216.94
POI00007683,PO0006195,PRD00426,92,11443.5
POI00007684,PO0003921,PRD00049,349,12862.44
POI00007685,PO0001095,PRD00875,59,6782.11
POI00007686,PO0001435,PRD00500,145,8694.03
POI00007687,PO0001957,PRD00607,27,12074.14
POI00007688,PO0001794,PRD00252,280,5568.19
POI00007689,PO0008688,PRD00298,465,1909.75
POI00007690,PO0007678,PRD00146,177,1182.02
POI00007691,PO0004414,PRD00119,174,510.73
POI00007692,PO0000440,PRD00508,166,9561.68
POI00007693,PO0001940,PRD00187,488,4183.24
POI00007694,PO0004669,PRD00757,85,1024.97
POI00007695,PO0003659,PRD00814,261,14386.74
POI00007696,PO0006355,PRD00680,436,12884.86
POI00007697,PO0008122,PRD00523,468,12097.17
POI00007698,PO0006498,PRD00514,239,4437.98
POI00007699,PO0008877,PRD00619,134,5874.65
POI00007700,PO0002260,PRD00260,330,500.56
POI00007701,PO0009872,PRD00810,289,6285.69
POI00007702,PO0008663,PRD00638,403,14235.92
POI00007703,PO0006863,PRD00089,137,9597.02
POI00007704,PO0005875,PRD00323,171,7763.5
POI00007705,PO0002893,PRD00564,77,9458.27
POI00007706,PO0009080,PRD00811,212,13260.28
POI00007707,PO0010000,PRD00185,444,6440.0
POI00007708,PO0008914,PRD00846,436,5432.42
POI00007709,PO0001904,PRD00610,85,3030.44
POI00007710,PO0005499,PRD00479,435,11981.47
POI00007711,PO0007583,PRD00982,228,2789.53
POI00007712,PO0003661,PRD00381,483,2462.98
POI00007713,PO0001555,PRD00262,311,10465.39
POI00007714,PO0002729,PRD00113,122,4380.21
POI00007715,PO0004260,PRD00483,418,8191.19
POI00007716,PO0008203,PRD00426,101,11443.5
POI00007717,PO0009113,PRD00233,328,9106.69
POI00007718,PO0001628,PRD00717,188,5192.63
POI00007719,PO0000486,PRD00468,392,7437.41
POI00007720,PO0005998,PRD00279,244,14005.9
POI00007721,PO0002292,PRD00415,415,13727.94
POI00007722,PO0002844,PRD00989,197,12965.77
POI00007723,PO0002196,PRD00304,123,7053.7
POI00007724,PO0009692,PRD00806,159,164.23
POI00007725,PO0008235,PRD00322,128,11034.26
POI00007726,PO0006408,PRD00652,109,879.05
POI00007727,PO0005128,PRD00078,79,8372.4
POI00007728,PO0002013,PRD00382,464,10379.13
POI00007729,PO0009986,PRD00193,126,1081.63
POI00007730,PO0000809,PRD00101,271,1142.0
POI00007731,PO0009213,PRD00767,22,8392.39
POI00007732,PO0001899,PRD00846,452,5432.42
POI00007733,PO0006591,PRD00696,275,3418.65
POI00007734,PO0002299,PRD00893,322,14877.64
POI00007735,PO0009466,PRD00808,414,7399.02
POI00007736,PO0002511,PRD00883,366,13462.78
POI00007737,PO0006267,PRD00106,220,6611.36
POI00007738,PO0009906,PRD00210,489,5229.98
POI00007739,PO0006595,PRD00522,319,2556.45
POI00007740,PO0005901,PRD00388,230,2534.89
POI00007741,PO0003957,PRD00240,186,1296.01
POI00007742,PO0003632,PRD00675,41,9849.43
POI00007743,PO0000750,PRD00735,384,8245.45
POI00007744,PO0008817,PRD00835,99,6236.81
POI00007745,PO0007046,PRD00938,55,14690.74
POI00007746,PO0006999,PRD00968,204,14208.61
POI00007747,PO0002127,PRD00392,189,5987.55
POI00007748,PO0006497,PRD00399,141,10939.64
POI00007749,PO0005372,PRD00455,427,3543.59
POI00007750,PO0005103,PRD00455,85,3543.59
POI00007751,PO0009968,PRD00569,167,1366.29
POI00007752,PO0008226,PRD00689,193,10243.12
POI00007753,PO0005131,PRD00412,346,14128.47
POI00007754,PO0007001,PRD00781,214,10401.92
POI00007755,PO0002213,PRD00178,342,4216.94
POI00007756,PO0000367,PRD00627,308,8481.58
POI00007757,PO0003622,PRD00381,189,2462.98
POI00007758,PO0004281,PRD00504,240,12220.97
POI00007759,PO0005190,PRD00400,286,14679.08
POI00007760,PO0007888,PRD00696,248,3418.65
POI00007761,PO0005302,PRD00336,266,14628.24
POI00007762,PO0009120,PRD00065,331,13939.0
POI00007763,PO0000473,PRD00911,103,14452.25
POI00007764,PO0000952,PRD00623,286,11479.62
POI00007765,PO0009628,PRD00019,284,5319.1
POI00007766,PO0000606,PRD00143,176,2616.16
POI00007767,PO0005920,PRD00705,152,14962.24
POI00007768,PO0005945,PRD00756,487,13812.34
POI00007769,PO0007240,PRD00431,223,11469.34
POI00007770,PO0001507,PRD00810,442,6285.69
POI00007771,PO0007216,PRD00684,159,7767.82
POI00007772,PO0001088,PRD00538,411,1565.66
POI00007773,PO0004907,PRD00027,465,2942.25
POI00007774,PO0002196,PRD00842,394,10426.4
POI00007775,PO0005373,PRD00826,321,9650.03
POI00007776,PO0003208,PRD00756,455,13812.34
POI00007777,PO0008640,PRD00737,394,9372.14
POI00007778,PO0000532,PRD00116,328,6245.65
POI00007779,PO0000256,PRD00538,315,1565.66
POI00007780,PO0007895,PRD00955,460,9957.38
POI00007781,PO0002535,PRD00067,281,10482.12
POI00007782,PO0002132,PRD00829,308,5770.69
POI00007783,PO0002715,PRD00858,411,718.7
POI00007784,PO0004560,PRD00408,171,8695.92
POI00007785,PO0007638,PRD00724,480,11372.17
POI00007786,PO0008785,PRD00406,147,6081.8
POI00007787,PO0003506,PRD00471,496,1676.03
POI00007788,PO0008099,PRD00420,57,7232.56
POI00007789,PO0001675,PRD00605,273,3961.69
POI00007790,PO0008309,PRD00492,239,5276.64
POI00007791,PO0000032,PRD00279,462,14005.9
POI00007792,PO0001248,PRD00496,359,5018.37
POI00007793,PO0003089,PRD00567,262,8082.94
POI00007794,PO0001064,PRD01000,104,1107.64
POI00007795,PO0005813,PRD00203,413,171.1
POI00007796,PO0008170,PRD00407,473,2170.82
POI00007797,PO0006822,PRD00920,472,10536.21
POI00007798,PO0003564,PRD00398,137,1850.01
POI00007799,PO0004487,PRD00168,474,5878.6
POI00007800,PO0000753,PRD00743,303,2305.24
POI00007801,PO0007388,PRD00516,88,8281.91
POI00007802,PO0004338,PRD00406,423,6081.8
POI00007803,PO0005808,PRD00019,27,5319.1
POI00007804,PO0005321,PRD00976,265,4864.0
POI00007805,PO0006801,PRD00910,64,10913.99
POI00007806,PO0004966,PRD00747,443,1497.38
POI00007807,PO0009661,PRD00466,235,10894.67
POI00007808,PO0006685,PRD00506,364,2811.02
POI00007809,PO0003771,PRD00484,108,1711.79
POI00007810,PO0008216,PRD00542,466,3815.81
POI00007811,PO0000068,PRD00984,324,5821.18
POI00007812,PO0001098,PRD00969,151,11985.63
POI00007813,PO0007317,PRD00222,390,1219.58
POI00007814,PO0001485,PRD00812,460,3339.2
POI00007815,PO0005158,PRD00299,18,14959.16
POI00007816,PO0007186,PRD00142,173,3723.43
POI00007817,PO0003032,PRD00848,71,13378.15
POI00007818,PO0005172,PRD00678,397,815.42
POI00007819,PO0003145,PRD00396,487,5666.96
POI00007820,PO0005342,PRD00143,452,2616.16
POI00007821,PO0000611,PRD00864,400,5345.24
POI00007822,PO0005897,PRD00127,168,12989.69
POI00007823,PO0003765,PRD00147,463,10379.48
POI00007824,PO0001365,PRD00191,489,6029.05
POI00007825,PO0001856,PRD00268,17,9508.77
POI00007826,PO0009284,PRD00366,414,11358.19
POI00007827,PO0002001,PRD00464,139,471.83
POI00007828,PO0009332,PRD00502,152,7953.51
POI00007829,PO0001546,PRD00050,17,14145.71
POI00007830,PO0008964,PRD00811,246,13260.28
POI00007831,PO0008039,PRD00797,420,11156.8
POI00007832,PO0006502,PRD00935,441,2872.31
POI00007833,PO0007046,PRD00239,233,3839.78
POI00007834,PO0005174,PRD00281,411,12997.71
POI00007835,PO0007248,PRD00862,284,5699.76
POI00007836,PO0000426,PRD00089,372,9597.02
POI00007837,PO0007861,PRD00894,209,2746.5
POI00007838,PO0006389,PRD00744,83,13579.31
POI00007839,PO0001399,PRD00184,334,6913.99
POI00007840,PO0006575,PRD00125,37,12971.28
POI00007841,PO0000784,PRD00613,232,2658.28
POI00007842,PO0001431,PRD00855,46,11377.51
POI00007843,PO0000471,PRD00024,85,5514.18
POI00007844,PO0007544,PRD00169,289,8843.12
POI00007845,PO0007142,PRD00028,306,9263.48
POI00007846,PO0008736,PRD00068,203,11959.71
POI00007847,PO0007950,PRD00818,199,2577.53
POI00007848,PO0002464,PRD00779,302,14460.71
POI00007849,PO0002577,PRD00427,73,6255.84
POI00007850,PO0002424,PRD00254,303,12034.79
POI00007851,PO0004980,PRD00309,426,11535.3
POI00007852,PO0001751,PRD00949,483,13353.32
POI00007853,PO0002007,PRD00162,25,287.67
POI00007854,PO0003481,PRD00171,203,3321.66
POI00007855,PO0008995,PRD00635,119,2679.1
POI00007856,PO0009566,PRD00358,189,14322.76
POI00007857,PO0003774,PRD00664,245,8624.9
POI00007858,PO0005591,PRD00040,81,12037.14
POI00007859,PO0001732,PRD00434,464,7897.25
POI00007860,PO0002658,PRD00939,30,12076.99
POI00007861,PO0002650,PRD00441,187,3675.25
POI00007862,PO0007626,PRD00068,163,11959.71
POI00007863,PO0006355,PRD00862,392,5699.76
POI00007864,PO0008571,PRD00137,20,14315.76
POI00007865,PO0002854,PRD00047,437,1038.29
POI00007866,PO0005327,PRD00408,313,8695.92
POI00007867,PO0008099,PRD00789,233,7598.09
POI00007868,PO0001329,PRD00841,93,13509.77
POI00007869,PO0003200,PRD00611,477,1908.11
POI00007870,PO0000534,PRD00178,478,4216.94
POI00007871,PO0000187,PRD00461,454,4804.84
POI00007872,PO0004768,PRD00910,439,10913.99
POI00007873,PO0006539,PRD00213,323,11481.28
POI00007874,PO0003661,PRD00366,63,11358.19
POI00007875,PO0002126,PRD00153,337,10192.25
POI00007876,PO0000967,PRD00343,451,10133.19
POI00007877,PO0002418,PRD00279,245,14005.9
POI00007878,PO0003284,PRD00845,359,2083.84
POI00007879,PO0006017,PRD00743,429,2305.24
POI00007880,PO0001189,PRD00165,381,9742.97
POI00007881,PO0006392,PRD00399,260,10939.64
POI00007882,PO0008248,PRD00997,356,5423.86
POI00007883,PO0001007,PRD00139,199,11221.75
POI00007884,PO0006437,PRD00815,394,5837.27
POI00007885,PO0004061,PRD00977,463,14587.2
POI00007886,PO0008157,PRD00772,437,11409.05
POI00007887,PO0007610,PRD00822,170,434.39
POI00007888,PO0009824,PRD00994,204,971.84
POI00007889,PO0009425,PRD00353,268,9182.34
POI00007890,PO0004468,PRD00859,373,13775.1
POI00007891,PO0008579,PRD00964,90,7890.02
POI00007892,PO0009443,PRD00362,374,837.42
POI00007893,PO0001010,PRD00312,127,3819.03
POI00007894,PO0006489,PRD00999,272,8190.82
POI00007895,PO0003238,PRD00575,218,4003.21
POI00007896,PO0007381,PRD00579,177,3728.71
POI00007897,PO0009094,PRD00337,473,11344.08
POI00007898,PO0007791,PRD00847,401,9711.63
POI00007899,PO0003825,PRD00068,137,11959.71
POI00007900,PO0004989,PRD00465,378,12966.68
POI00007901,PO0008971,PRD00175,384,834.63
POI00007902,PO0003580,PRD00098,181,2423.29
POI00007903,PO0006205,PRD00668,202,3092.64
POI00007904,PO0008475,PRD00423,344,13733.69
POI00007905,PO0007482,PRD00161,385,14511.66
POI00007906,PO0009129,PRD00847,458,9711.63
POI00007907,PO0004827,PRD00219,87,12493.83
POI00007908,PO0003544,PRD00776,476,3296.6
POI00007909,PO0008457,PRD00066,171,1213.87
POI00007910,PO0006143,PRD00906,387,9258.63
POI00007911,PO0008314,PRD00857,303,11441.17
POI00007912,PO0007551,PRD00859,221,13775.1
POI00007913,PO0001611,PRD00396,391,5666.96
POI00007914,PO0001143,PRD00481,491,9907.25
POI00007915,PO0000774,PRD00131,122,5840.29
POI00007916,PO0004965,PRD00330,494,4277.84
POI00007917,PO0009877,PRD00175,68,834.63
POI00007918,PO0001167,PRD00238,306,1063.4
POI00007919,PO0000280,PRD00757,417,1024.97
POI00007920,PO0000942,PRD00756,334,13812.34
POI00007921,PO0008996,PRD00551,441,6646.28
POI00007922,PO0001240,PRD00728,189,6550.29
POI00007923,PO0001420,PRD00319,106,3733.58
POI00007924,PO0008196,PRD00186,429,13497.06
POI00007925,PO0001430,PRD00710,251,7104.05
POI00007926,PO0006890,PRD00923,437,14211.0
POI00007927,PO0003135,PRD00577,79,5565.9
POI00007928,PO0006530,PRD00268,70,9508.77
POI00007929,PO0006760,PRD00934,96,8748.64
POI00007930,PO0003921,PRD00786,342,12658.67
POI00007931,PO0006554,PRD00313,152,9405.33
POI00007932,PO0007749,PRD00530,215,5677.57
POI00007933,PO0006915,PRD00702,433,12933.45
POI00007934,PO0000279,PRD00129,299,14713.16
POI00007935,PO0003465,PRD00876,351,12469.02
POI00007936,PO0009722,PRD00321,88,7009.48
POI00007937,PO0007315,PRD00317,38,11523.03
POI00007938,PO0002717,PRD00058,48,4231.59
POI00007939,PO0004037,PRD00545,474,7193.96
POI00007940,PO0003062,PRD00782,371,9890.23
POI00007941,PO0009662,PRD00120,95,4716.39
POI00007942,PO0009255,PRD00989,102,12965.77
POI00007943,PO0000891,PRD00253,33,11689.61
POI00007944,PO0001658,PRD00186,345,13497.06
POI00007945,PO0004656,PRD00322,229,11034.26
POI00007946,PO0006853,PRD00255,99,13121.82
POI00007947,PO0006764,PRD00073,377,7015.92
POI00007948,PO0003582,PRD00676,485,4189.18
POI00007949,PO0007979,PRD00838,462,9698.54
POI00007950,PO0005807,PRD00116,84,6245.65
POI00007951,PO0006538,PRD00069,454,9949.9
POI00007952,PO0008450,PRD00560,159,14804.29
POI00007953,PO0002793,PRD00290,421,2210.27
POI00007954,PO0009838,PRD00882,202,7275.03
POI00007955,PO0007995,PRD00724,322,11372.17
POI00007956,PO0007142,PRD00174,183,1447.77
POI00007957,PO0003396,PRD00131,155,5840.29
POI00007958,PO0004341,PRD00723,138,642.86
POI00007959,PO0004091,PRD00316,165,14232.32
POI00007960,PO0002103,PRD00959,30,4695.81
POI00007961,PO0008196,PRD00750,299,6059.6
POI00007962,PO0006518,PRD00090,106,7083.4
POI00007963,PO0006356,PRD00481,24,9907.25
POI00007964,PO0003596,PRD00622,222,3778.03
POI00007965,PO0004915,PRD00888,305,4306.34
POI00007966,PO0008513,PRD00317,262,11523.03
POI00007967,PO0007177,PRD00016,73,12890.21
POI00007968,PO0009871,PRD00963,395,8895.2
POI00007969,PO0005683,PRD00002,122,14088.84
POI00007970,PO0005304,PRD00427,12,6255.84
POI00007971,PO0007807,PRD00243,304,9718.69
POI00007972,PO0006777,PRD00011,211,10256.43
POI00007973,PO0003950,PRD00107,406,9087.41
POI00007974,PO0002602,PRD00979,287,3320.45
POI00007975,PO0009683,PRD00405,207,8998.95
POI00007976,PO0007156,PRD00177,146,12210.75
POI00007977,PO0004423,PRD00772,231,11409.05
POI00007978,PO0009078,PRD00572,229,14299.0
POI00007979,PO0003905,PRD00081,344,3386.22
POI00007980,PO0009155,PRD00273,307,3864.46
POI00007981,PO0002823,PRD00909,483,11074.93
POI00007982,PO0003449,PRD00490,59,13814.57
POI00007983,PO0006053,PRD00281,321,12997.71
POI00007984,PO0009225,PRD00085,111,2937.79
POI00007985,PO0006391,PRD00608,191,2030.27
POI00007986,PO0000326,PRD00841,153,13509.77
POI00007987,PO0002225,PRD00662,213,1358.75
POI00007988,PO0001289,PRD00832,57,14364.28
POI00007989,PO0002877,PRD00965,87,8131.85
POI00007990,PO0000930,PRD00399,10,10939.64
POI00007991,PO0001439,PRD00440,12,12108.02
POI00007992,PO0000425,PRD00762,443,13051.68
POI00007993,PO0005484,PRD00020,89,14093.42
POI00007994,PO0008234,PRD00889,174,161.6
POI00007995,PO0004587,PRD00685,167,2103.9
POI00007996,PO0005756,PRD00509,493,7385.46
POI00007997,PO0000283,PRD00276,265,12469.32
POI00007998,PO0002991,PRD00381,448,2462.98
POI00007999,PO0002585,PRD00504,40,12220.97
POI00008000,PO0008331,PRD00344,39,8985.89
POI00008001,PO0001628,PRD00131,334,5840.29
POI00008002,PO0007260,PRD00812,217,3339.2
POI00008003,PO0009902,PRD00479,194,11981.47
POI00008004,PO0007000,PRD00625,81,8920.39
POI00008005,PO0002409,PRD00288,284,4176.37
POI00008006,PO0009354,PRD00178,296,4216.94
POI00008007,PO0005341,PRD00113,206,4380.21
POI00008008,PO0003207,PRD00667,366,12142.23
POI00008009,PO0000416,PRD00439,25,7978.91
POI00008010,PO0004043,PRD00871,432,8636.42
POI00008011,PO0007176,PRD00570,362,4694.61
POI00008012,PO0004560,PRD00303,317,3612.1
POI00008013,PO0009187,PRD00899,357,2478.21
POI00008014,PO0008880,PRD00593,85,1467.96
POI00008015,PO0002931,PRD00113,403,4380.21
POI00008016,PO0004520,PRD00928,424,5618.25
POI00008017,PO0004295,PRD00110,432,13747.81
POI00008018,PO0002198,PRD00210,184,5229.98
POI00008019,PO0000771,PRD00213,121,11481.28
POI00008020,PO0001088,PRD00075,59,3718.44
POI00008021,PO0009300,PRD00018,339,6025.11
POI00008022,PO0007197,PRD00012,61,14609.65
POI00008023,PO0007283,PRD00712,62,5380.83
POI00008024,PO0002362,PRD00730,340,3426.87
POI00008025,PO0006172,PRD00863,446,7788.61
POI00008026,PO0005533,PRD00059,94,7096.98
POI00008027,PO0001952,PRD00391,422,8417.25
POI00008028,PO0005752,PRD00924,463,3584.13
POI00008029,PO0005339,PRD00162,102,287.67
POI00008030,PO0006157,PRD00301,418,10700.19
POI00008031,PO0008684,PRD00665,469,13549.44
POI00008032,PO0008348,PRD00871,371,8636.42
POI00008033,PO0005162,PRD00838,496,9698.54
POI00008034,PO0008709,PRD00100,120,3533.63
POI00008035,PO0001814,PRD00979,358,3320.45
POI00008036,PO0005777,PRD00815,229,5837.27
POI00008037,PO0002068,PRD00009,110,12532.16
POI00008038,PO0005352,PRD00126,72,12322.6
POI00008039,PO0002647,PRD00811,128,13260.28
POI00008040,PO0001780,PRD00971,56,2515.98
POI00008041,PO0002802,PRD00047,364,1038.29
POI00008042,PO0000981,PRD00118,237,13920.88
POI00008043,PO0003456,PRD00979,188,3320.45
POI00008044,PO0000400,PRD00685,476,2103.9
POI00008045,PO0007491,PRD00113,48,4380.21
POI00008046,PO0006463,PRD00793,342,871.73
POI00008047,PO0005519,PRD00206,341,10846.21
POI00008048,PO0005076,PRD00199,284,1794.09
POI00008049,PO0006633,PRD00714,443,7100.41
POI00008050,PO0002350,PRD00279,355,14005.9
POI00008051,PO0001014,PRD00221,233,13068.22
POI00008052,PO0007509,PRD00143,454,2616.16
POI00008053,PO0005079,PRD00385,16,11446.95
POI00008054,PO0003978,PRD00039,398,829.26
POI00008055,PO0006198,PRD00815,197,5837.27
POI00008056,PO0009518,PRD00006,423,12453.87
POI00008057,PO0001903,PRD00419,478,13114.42
POI00008058,PO0008160,PRD00785,95,2141.65
POI00008059,PO0001132,PRD00092,186,1185.31
POI00008060,PO0006801,PRD00562,59,329.01
POI00008061,PO0000856,PRD00195,227,8830.06
POI00008062,PO0003547,PRD00582,89,12403.88
POI00008063,PO0005154,PRD00603,346,3288.11
POI00008064,PO0003638,PRD00757,456,1024.97
POI00008065,PO0002090,PRD00203,341,171.1
POI00008066,PO0000019,PRD00587,70,7001.79
POI00008067,PO0008349,PRD00815,290,5837.27
POI00008068,PO0007212,PRD00020,421,14093.42
POI00008069,PO0003945,PRD00311,470,5242.66
POI00008070,PO0000712,PRD00931,407,7216.54
POI00008071,PO0001551,PRD00613,113,2658.28
POI00008072,PO0009660,PRD00019,111,5319.1
POI00008073,PO0004727,PRD00578,157,3487.79
POI00008074,PO0001745,PRD00081,181,3386.22
POI00008075,PO0004583,PRD00697,180,6403.2
POI00008076,PO0009531,PRD00451,475,11303.64
POI00008077,PO0006733,PRD00272,473,5905.57
POI00008078,PO0005851,PRD00857,285,11441.17
POI00008079,PO0009419,PRD00852,409,9836.31
POI00008080,PO0000368,PRD00419,395,13114.42
POI00008081,PO0001833,PRD00560,279,14804.29
POI00008082,PO0007094,PRD00756,119,13812.34
POI00008083,PO0001683,PRD00343,414,10133.19
POI00008084,PO0005880,PRD00751,57,10373.34
POI00008085,PO0002179,PRD00354,171,3435.02
POI00008086,PO0000690,PRD00076,288,5099.04
POI00008087,PO0002363,PRD00838,20,9698.54
POI00008088,PO0007496,PRD00080,108,9716.87
POI00008089,PO0005643,PRD00786,413,12658.67
POI00008090,PO0009369,PRD00573,162,5628.29
POI00008091,PO0003656,PRD00565,49,1309.82
POI00008092,PO0005260,PRD00478,340,14298.83
POI00008093,PO0009011,PRD00420,325,7232.56
POI00008094,PO0009600,PRD00290,417,2210.27
POI00008095,PO0009549,PRD00022,260,6591.0
POI00008096,PO0000963,PRD00641,176,5254.41
POI00008097,PO0000691,PRD00762,283,13051.68
POI00008098,PO0006483,PRD00890,181,7834.85
POI00008099,PO0005995,PRD00132,373,14475.18
POI00008100,PO0009169,PRD00862,365,5699.76
POI00008101,PO0000138,PRD00100,201,3533.63
POI00008102,PO0001757,PRD00367,380,13626.42
POI00008103,PO0003444,PRD00932,73,12917.17
POI00008104,PO0004034,PRD00480,130,10120.83
POI00008105,PO0008314,PRD00971,72,2515.98
POI00008106,PO0000010,PRD00917,269,13456.14
POI00008107,PO0001271,PRD00487,45,1551.21
POI00008108,PO0000755,PRD00403,462,560.68
POI00008109,PO0004548,PRD00616,413,1388.81
POI00008110,PO0009838,PRD00425,199,7731.22
POI00008111,PO0007417,PRD00614,384,6734.49
POI00008112,PO0007160,PRD00710,438,7104.05
POI00008113,PO0008475,PRD00745,352,7007.02
POI00008114,PO0006864,PRD00066,83,1213.87
POI00008115,PO0003562,PRD00407,31,2170.82
POI00008116,PO0003076,PRD00334,472,8334.09
POI00008117,PO0002467,PRD00268,183,9508.77
POI00008118,PO0006877,PRD00973,449,4327.38
POI00008119,PO0000524,PRD00974,184,12813.95
POI00008120,PO0000302,PRD00315,69,12650.55
POI00008121,PO0007034,PRD00198,240,2388.57
POI00008122,PO0002287,PRD00829,26,5770.69
POI00008123,PO0003967,PRD00135,81,7084.8
POI00008124,PO0001597,PRD00701,477,7267.54
POI00008125,PO0003753,PRD00214,430,11225.45
POI00008126,PO0003521,PRD00181,247,2679.75
POI00008127,PO0008718,PRD00646,199,11847.85
POI00008128,PO0001371,PRD00901,134,1036.08
POI00008129,PO0001908,PRD00089,241,9597.02
POI00008130,PO0009808,PRD00226,192,7002.18
POI00008131,PO0000593,PRD00791,243,10139.71
POI00008132,PO0005013,PRD00920,155,10536.21
POI00008133,PO0008179,PRD00572,141,14299.0
POI00008134,PO0009945,PRD00853,390,2077.51
POI00008135,PO0006995,PRD00999,119,8190.82
POI00008136,PO0007330,PRD00389,391,10776.42
POI00008137,PO0003943,PRD00214,31,11225.45
POI00008138,PO0000617,PRD00638,343,14235.92
POI00008139,PO0000426,PRD00992,328,10351.03
POI00008140,PO0006162,PRD00373,494,5013.81
POI00008141,PO0002768,PRD00600,95,6787.54
POI00008142,PO0004926,PRD00595,420,9587.26
POI00008143,PO0002658,PRD00890,124,7834.85
POI00008144,PO0001355,PRD00504,188,12220.97
POI00008145,PO0001088,PRD00202,87,2771.81
POI00008146,PO0005361,PRD00537,144,11841.49
POI00008147,PO0000925,PRD00283,471,14607.96
POI00008148,PO0004635,PRD00232,297,6790.03
POI00008149,PO0005145,PRD00591,63,1630.92
POI00008150,PO0001514,PRD00876,161,12469.02
POI00008151,PO0007292,PRD00735,154,8245.45
POI00008152,PO0008017,PRD00241,110,2003.96
POI00008153,PO0002367,PRD00088,293,759.09
POI00008154,PO0001234,PRD00277,174,12187.55
POI00008155,PO0004358,PRD00892,311,3978.64
POI00008156,PO0002498,PRD00406,253,6081.8
POI00008157,PO0006933,PRD00989,229,12965.77
POI00008158,PO0008406,PRD00093,470,12182.24
POI00008159,PO0002773,PRD00201,400,9166.2
POI00008160,PO0007531,PRD00077,346,3244.83
POI00008161,PO0001740,PRD00143,347,2616.16
POI00008162,PO0003185,PRD00667,266,12142.23
POI00008163,PO0001067,PRD00188,385,5763.09
POI00008164,PO0004815,PRD00393,497,755.72
POI00008165,PO0006974,PRD00483,354,8191.19
POI00008166,PO0000219,PRD00134,206,10858.86
POI00008167,PO0001875,PRD00893,248,14877.64
POI00008168,PO0005408,PRD00761,338,9679.51
POI00008169,PO0000829,PRD00234,43,12179.62
POI00008170,PO0001055,PRD00699,370,8800.55
POI00008171,PO0005267,PRD00162,74,287.67
POI00008172,PO0009685,PRD00245,163,2944.72
POI00008173,PO0005739,PRD00958,271,1630.61
POI00008174,PO0002549,PRD00102,300,6423.07
POI00008175,PO0001093,PRD00635,154,2679.1
POI00008176,PO0001895,PRD00631,56,968.57
POI00008177,PO0003569,PRD00460,291,5749.6
POI00008178,PO0005310,PRD00635,23,2679.1
POI00008179,PO0006372,PRD00348,130,10382.26
POI00008180,PO0004242,PRD00206,372,10846.21
POI00008181,PO0004164,PRD00532,477,4963.16
POI00008182,PO0002394,PRD00173,250,983.41
POI00008183,PO0004628,PRD00771,202,10772.54
POI00008184,PO0006971,PRD00646,186,11847.85
POI00008185,PO0008184,PRD00536,95,5119.31
POI00008186,PO0008875,PRD00963,93,8895.2
POI00008187,PO0006535,PRD00294,344,7979.54
POI00008188,PO0005182,PRD00477,144,8916.03
POI00008189,PO0001217,PRD00503,24,8838.11
POI00008190,PO0008457,PRD00058,67,4231.59
POI00008191,PO0003689,PRD00188,258,5763.09
POI00008192,PO0004597,PRD00391,37,8417.25
POI00008193,PO0007586,PRD00121,323,14884.48
POI00008194,PO0003982,PRD00596,102,6569.94
POI00008195,PO0001092,PRD00144,140,7505.2
POI00008196,PO0007945,PRD00417,227,13839.61
POI00008197,PO0000403,PRD00098,113,2423.29
POI00008198,PO0007844,PRD00477,439,8916.03
POI00008199,PO0003902,PRD00782,352,9890.23
POI00008200,PO0008159,PRD00030,230,7017.62
POI00008201,PO0001224,PRD00437,499,981.92
POI00008202,PO0007154,PRD00490,81,13814.57
POI00008203,PO0003095,PRD00772,346,11409.05
POI00008204,PO0000338,PRD00418,381,848.93
POI00008205,PO0000651,PRD00497,240,9476.02
POI00008206,PO0001395,PRD00886,330,8868.6
POI00008207,PO0009094,PRD00211,321,7941.86
POI00008208,PO0001383,PRD00444,231,9833.74
POI00008209,PO0009616,PRD00606,199,8374.83
POI00008210,PO0007006,PRD00242,209,9680.92
POI00008211,PO0003446,PRD00743,174,2305.24
POI00008212,PO0000613,PRD00102,374,6423.07
POI00008213,PO0004277,PRD00576,32,6871.55
POI00008214,PO0002973,PRD00018,469,6025.11
POI00008215,PO0002803,PRD00724,157,11372.17
POI00008216,PO0009398,PRD00516,72,8281.91
POI00008217,PO0002017,PRD00946,345,5214.57
POI00008218,PO0000406,PRD00150,321,4175.25
POI00008219,PO0009233,PRD00496,310,5018.37
POI00008220,PO0005772,PRD00723,255,642.86
POI00008221,PO0008748,PRD00532,443,4963.16
POI00008222,PO0007663,PRD00766,331,11198.97
POI00008223,PO0009525,PRD00476,478,12262.1
POI00008224,PO0001932,PRD00385,353,11446.95
POI00008225,PO0009648,PRD00598,155,4825.42
POI00008226,PO0005205,PRD00660,70,745.68
POI00008227,PO0007482,PRD00833,299,703.26
POI00008228,PO0007703,PRD00138,407,9292.5
POI00008229,PO0009994,PRD00185,37,6440.0
POI00008230,PO0004433,PRD00237,495,10209.15
POI00008231,PO0005698,PRD00209,232,9137.57
POI00008232,PO0004750,PRD00568,164,4707.73
POI00008233,PO0009808,PRD00496,81,5018.37
POI00008234,PO0007113,PRD00499,89,5881.43
POI00008235,PO0007060,PRD00428,344,322.0
POI00008236,PO0002122,PRD00469,224,4552.3
POI00008237,PO0004590,PRD00928,20,5618.25
POI00008238,PO0005486,PRD00724,251,11372.17
POI00008239,PO0007788,PRD00801,123,12463.35
POI00008240,PO0009721,PRD00834,108,4625.99
POI00008241,PO0008488,PRD00842,350,10426.4
POI00008242,PO0004337,PRD00020,214,14093.42
POI00008243,PO0009947,PRD00286,395,4652.92
POI00008244,PO0005234,PRD00177,327,12210.75
POI00008245,PO0003624,PRD00896,225,12836.58
POI00008246,PO0000718,PRD00175,57,834.63
POI00008247,PO0009171,PRD00851,265,13602.05
POI00008248,PO0000656,PRD00302,379,7670.64
POI00008249,PO0008153,PRD00454,295,7551.83
POI00008250,PO0003618,PRD00988,278,3859.43
POI00008251,PO0009123,PRD00292,283,14246.05
POI00008252,PO0001604,PRD00882,219,7275.03
POI00008253,PO0004805,PRD00671,485,13764.06
POI00008254,PO0003814,PRD00547,58,10434.94
POI00008255,PO0007331,PRD00150,279,4175.25
POI00008256,PO0008657,PRD00673,276,13879.93
POI00008257,PO0002269,PRD00608,485,2030.27
POI00008258,PO0004456,PRD00681,353,14615.35
POI00008259,PO0006579,PRD00129,355,14713.16
POI00008260,PO0003892,PRD00030,464,7017.62
POI00008261,PO0000599,PRD00285,492,8218.48
POI00008262,PO0007120,PRD00257,36,12479.22
POI00008263,PO0001354,PRD00479,373,11981.47
POI00008264,PO0006188,PRD00888,59,4306.34
POI00008265,PO0003919,PRD00012,209,14609.65
POI00008266,PO0009825,PRD00773,300,8251.54
POI00008267,PO0001578,PRD00053,50,10059.59
POI00008268,PO0007624,PRD00512,466,6184.28
POI00008269,PO0004271,PRD00588,182,11008.35
POI00008270,PO0001064,PRD00938,388,14690.74
POI00008271,PO0006679,PRD00148,140,12811.77
POI00008272,PO0004907,PRD00126,406,12322.6
POI00008273,PO0009995,PRD00067,104,10482.12
POI00008274,PO0006271,PRD00301,405,10700.19
POI00008275,PO0005948,PRD00043,249,6795.04
POI00008276,PO0008875,PRD00187,457,4183.24
POI00008277,PO0004943,PRD00855,64,11377.51
POI00008278,PO0008104,PRD00298,480,1909.75
POI00008279,PO0007833,PRD00741,103,13662.52
POI00008280,PO0002581,PRD00336,392,14628.24
POI00008281,PO0003883,PRD00990,384,4921.74
POI00008282,PO0000526,PRD00239,62,3839.78
POI00008283,PO0003486,PRD00888,171,4306.34
POI00008284,PO0000446,PRD00439,304,7978.91
POI00008285,PO0001974,PRD00490,98,13814.57
POI00008286,PO0001229,PRD00382,188,10379.13
POI00008287,PO0004372,PRD00805,486,6473.34
POI00008288,PO0008364,PRD00147,10,10379.48
POI00008289,PO0002917,PRD00610,425,3030.44
POI00008290,PO0006652,PRD00901,103,1036.08
POI00008291,PO0000057,PRD00589,271,13991.37
POI00008292,PO0003056,PRD00553,188,1373.39
POI00008293,PO0009851,PRD00577,455,5565.9
POI00008294,PO0008104,PRD00133,431,13122.92
POI00008295,PO0003485,PRD00739,454,7506.27
POI00008296,PO0000499,PRD00258,427,13278.68
POI00008297,PO0000780,PRD00551,245,6646.28
POI00008298,PO0005946,PRD00928,414,5618.25
POI00008299,PO0008341,PRD00169,408,8843.12
POI00008300,PO0004777,PRD00621,146,7979.13
POI00008301,PO0000243,PRD00369,29,11836.37
POI00008302,PO0009441,PRD00571,379,268.96
POI00008303,PO0004323,PRD00966,361,6230.08
POI00008304,PO0008348,PRD00561,283,5531.95
POI00008305,PO0004754,PRD00382,175,10379.13
POI00008306,PO0001102,PRD00283,395,14607.96
POI00008307,PO0003992,PRD00335,111,12393.64
POI00008308,PO0003784,PRD00215,471,7543.91
POI00008309,PO0000590,PRD00943,453,6024.16
POI00008310,PO0006819,PRD00520,156,12944.02
POI00008311,PO0008204,PRD00611,267,1908.11
POI00008312,PO0000349,PRD00693,175,12868.1
POI00008313,PO0004327,PRD00990,392,4921.74
POI00008314,PO0005940,PRD00328,141,13195.81
POI00008315,PO0005627,PRD00203,325,171.1
POI00008316,PO0000141,PRD00852,452,9836.31
POI00008317,PO0002665,PRD00118,216,13920.88
POI00008318,PO0007157,PRD00965,133,8131.85
POI00008319,PO0007466,PRD00385,321,11446.95
POI00008320,PO0008826,PRD00712,124,5380.83
POI00008321,PO0002753,PRD00603,65,3288.11
POI00008322,PO0002041,PRD00204,45,1118.21
POI00008323,PO0001418,PRD00814,442,14386.74
POI00008324,PO0005119,PRD00134,85,10858.86
POI00008325,PO0004793,PRD00855,425,11377.51
POI00008326,PO0008486,PRD00972,326,3371.24
POI00008327,PO0000895,PRD00390,121,6845.21
POI00008328,PO0000220,PRD00059,307,7096.98
POI00008329,PO0007194,PRD00618,394,7236.89
POI00008330,PO0004866,PRD00966,17,6230.08
POI00008331,PO0001340,PRD00238,347,1063.4
POI00008332,PO0009020,PRD00972,456,3371.24
POI00008333,PO0001313,PRD00209,91,9137.57
POI00008334,PO0004635,PRD00520,134,12944.02
POI00008335,PO0000464,PRD00780,389,12595.14
POI00008336,PO0006495,PRD00093,457,12182.24
POI00008337,PO0002614,PRD00663,367,8339.74
POI00008338,PO0006530,PRD00425,276,7731.22
POI00008339,PO0005889,PRD00853,333,2077.51
POI00008340,PO0001930,PRD00853,481,2077.51
POI00008341,PO0008417,PRD00761,241,9679.51
POI00008342,PO0002031,PRD00432,352,6955.57
POI00008343,PO0003868,PRD00348,338,10382.26
POI00008344,PO0008092,PRD00587,468,7001.79
POI00008345,PO0006530,PRD00575,167,4003.21
POI00008346,PO0006232,PRD00479,46,11981.47
POI00008347,PO0006261,PRD00659,311,2838.43
POI00008348,PO0009730,PRD00526,150,2102.99
POI00008349,PO0008836,PRD00583,142,2755.82
POI00008350,PO0007829,PRD00974,345,12813.95
POI00008351,PO0005104,PRD00102,435,6423.07
POI00008352,PO0005445,PRD00445,304,6126.75
POI00008353,PO0004425,PRD00488,97,6731.02
POI00008354,PO0003679,PRD00034,125,12113.92
POI00008355,PO0008689,PRD00088,288,759.09
POI00008356,PO0008261,PRD00544,290,6484.13
POI00008357,PO0000408,PRD00313,142,9405.33
POI00008358,PO0009169,PRD00372,131,12777.81
POI00008359,PO0009454,PRD00124,494,8304.87
POI00008360,PO0000174,PRD00623,391,11479.62
POI00008361,PO0009360,PRD00282,427,6599.31
POI00008362,PO0002726,PRD00444,442,9833.74
POI00008363,PO0002331,PRD00393,165,755.72
POI00008364,PO0000208,PRD00073,177,7015.92
POI00008365,PO0002381,PRD00613,171,2658.28
POI00008366,PO0003135,PRD00060,171,9780.15
POI00008367,PO0005821,PRD00119,289,510.73
POI00008368,PO0000214,PRD00262,60,10465.39
POI00008369,PO0003295,PRD00129,137,14713.16
POI00008370,PO0001182,PRD00655,452,136.93
POI00008371,PO0009347,PRD00875,49,6782.11
POI00008372,PO0001580,PRD00197,237,14528.51
POI00008373,PO0009625,PRD00006,424,12453.87
POI00008374,PO0004812,PRD00394,480,14023.98
POI00008375,PO0004794,PRD00885,488,14081.25
POI00008376,PO0002693,PRD00735,150,8245.45
POI00008377,PO0004712,PRD00625,150,8920.39
POI00008378,PO0003603,PRD00522,150,2556.45
POI00008379,PO0006737,PRD00589,281,13991.37
POI00008380,PO0004874,PRD00464,191,471.83
POI00008381,PO0008124,PRD00640,44,14055.38
POI00008382,PO0005808,PRD00774,398,7426.94
POI00008383,PO0002369,PRD00687,136,6890.21
POI00008384,PO0003168,PRD00893,74,14877.64
POI00008385,PO0008594,PRD00702,103,12933.45
POI00008386,PO0005252,PRD00001,18,9837.33
POI00008387,PO0008571,PRD00497,343,9476.02
POI00008388,PO0000180,PRD00817,493,13482.36
POI00008389,PO0007736,PRD00605,301,3961.69
POI00008390,PO0003839,PRD00337,205,11344.08
POI00008391,PO0003027,PRD00915,37,10437.34
POI00008392,PO0006103,PRD00958,442,1630.61
POI00008393,PO0008941,PRD00909,426,11074.93
POI00008394,PO0004609,PRD00456,96,14536.29
POI00008395,PO0003389,PRD00130,35,731.22
POI00008396,PO0003239,PRD00972,295,3371.24
POI00008397,PO0007337,PRD00423,19,13733.69
POI00008398,PO0001597,PRD00779,458,14460.71
POI00008399,PO0009528,PRD00640,47,14055.38
POI00008400,PO0003923,PRD00127,47,12989.69
POI00008401,PO0002359,PRD00902,476,10889.46
POI00008402,PO0002786,PRD00529,89,7382.72
POI00008403,PO0000847,PRD00048,332,1009.0
POI00008404,PO0007333,PRD00386,315,7920.56
POI00008405,PO0008178,PRD00895,456,8698.56
POI00008406,PO0009889,PRD00957,180,8262.63
POI00008407,PO0005444,PRD00564,472,9458.27
POI00008408,PO0005877,PRD00063,113,7018.31
POI00008409,PO0004331,PRD00318,284,13343.83
POI00008410,PO0001559,PRD00283,190,14607.96
POI00008411,PO0005077,PRD00034,180,12113.92
POI00008412,PO0001414,PRD00226,224,7002.18
POI00008413,PO0000151,PRD00957,241,8262.63
POI00008414,PO0007142,PRD00416,61,5875.21
POI00008415,PO0003811,PRD00077,450,3244.83
POI00008416,PO0008797,PRD00182,299,11205.33
POI00008417,PO0008868,PRD00765,395,1393.26
POI00008418,PO0008966,PRD00888,179,4306.34
POI00008419,PO0003516,PRD00098,321,2423.29
POI00008420,PO0006037,PRD00262,277,10465.39
POI00008421,PO0004497,PRD00853,167,2077.51
POI00008422,PO0008321,PRD00653,323,9936.12
POI00008423,PO0005706,PRD00661,97,8498.56
POI00008424,PO0008211,PRD00509,276,7385.46
POI00008425,PO0002266,PRD00854,282,7572.34
POI00008426,PO0001509,PRD00868,233,9943.76
POI00008427,PO0005951,PRD00629,249,377.33
POI00008428,PO0002930,PRD00863,496,7788.61
POI00008429,PO0005075,PRD00146,486,1182.02
POI00008430,PO0009185,PRD00251,414,3571.32
POI00008431,PO0008825,PRD00374,112,290.14
POI00008432,PO0006700,PRD00703,300,2890.33
POI00008433,PO0006902,PRD00063,247,7018.31
POI00008434,PO0004634,PRD00435,25,11483.94
POI00008435,PO0005350,PRD00327,317,11465.77
POI00008436,PO0002840,PRD00732,494,5677.87
POI00008437,PO0000870,PRD00299,461,14959.16
POI00008438,PO0001547,PRD00371,225,6858.89
POI00008439,PO0005329,PRD00037,183,9868.39
POI00008440,PO0003833,PRD00439,236,7978.91
POI00008441,PO0006155,PRD00631,108,968.57
POI00008442,PO0002672,PRD00927,181,9238.3
POI00008443,PO0004626,PRD00200,320,12689.72
POI00008444,PO0004645,PRD00505,462,10107.88
POI00008445,PO0006112,PRD00661,264,8498.56
POI00008446,PO0005332,PRD00350,70,7818.75
POI00008447,PO0005838,PRD00835,213,6236.81
POI00008448,PO0009706,PRD00023,48,3880.46
POI00008449,PO0001906,PRD00194,133,11189.27
POI00008450,PO0001846,PRD00639,214,2796.66
POI00008451,PO0004592,PRD00287,249,5325.08
POI00008452,PO0003888,PRD00068,71,11959.71
POI00008453,PO0004884,PRD00359,458,14333.28
POI00008454,PO0009689,PRD00069,351,9949.9
POI00008455,PO0003601,PRD00036,165,10797.72
POI00008456,PO0004389,PRD00224,456,3605.13
POI00008457,PO0002664,PRD00498,194,515.55
POI00008458,PO0007182,PRD00106,468,6611.36
POI00008459,PO0008566,PRD00490,14,13814.57
POI00008460,PO0001447,PRD00979,115,3320.45
POI00008461,PO0008378,PRD00628,273,2699.31
POI00008462,PO0009420,PRD00182,275,11205.33
POI00008463,PO0008242,PRD00941,349,2714.98
POI00008464,PO0002484,PRD00653,353,9936.12
POI00008465,PO0009689,PRD00905,472,2985.62
POI00008466,PO0001915,PRD00658,301,7106.49
POI00008467,PO0002233,PRD00153,224,10192.25
POI00008468,PO0003644,PRD00832,101,14364.28
POI00008469,PO0002094,PRD00970,447,2893.48
POI00008470,PO0001585,PRD00887,320,6428.3
POI00008471,PO0005552,PRD00301,70,10700.19
POI00008472,PO0005819,PRD00527,312,13016.35
POI00008473,PO0001357,PRD00043,136,6795.04
POI00008474,PO0000811,PRD00289,111,5500.6
POI00008475,PO0000310,PRD00200,182,12689.72
POI00008476,PO0006550,PRD00529,450,7382.72
POI00008477,PO0005421,PRD00183,322,6823.92
POI00008478,PO0004447,PRD00490,28,13814.57
POI00008479,PO0005743,PRD00952,264,4757.15
POI00008480,PO0004038,PRD00050,183,14145.71
POI00008481,PO0004720,PRD00338,448,755.93
POI00008482,PO0004862,PRD00499,98,5881.43
POI00008483,PO0008215,PRD00020,429,14093.42
POI00008484,PO0003849,PRD00223,293,13596.37
POI00008485,PO0002994,PRD00954,275,6256.72
POI00008486,PO0006422,PRD00612,340,12339.55
POI00008487,PO0002107,PRD00176,294,1103.66
POI00008488,PO0009343,PRD00219,482,12493.83
POI00008489,PO0000918,PRD00088,202,759.09
POI00008490,PO0009718,PRD00394,471,14023.98
POI00008491,PO0009028,PRD00738,127,7712.85
POI00008492,PO0003371,PRD00831,26,14405.2
POI00008493,PO0009622,PRD00281,159,12997.71
POI00008494,PO0009681,PRD00371,461,6858.89
POI00008495,PO0008085,PRD00551,185,6646.28
POI00008496,PO0003302,PRD00410,400,4563.47
POI00008497,PO0000208,PRD00120,204,4716.39
POI00008498,PO0000690,PRD00207,35,13259.47
POI00008499,PO0007164,PRD00741,231,13662.52
POI00008500,PO0005083,PRD00143,498,2616.16
POI00008501,PO0000871,PRD00448,44,3508.12
POI00008502,PO0002016,PRD00858,246,718.7
POI00008503,PO0009623,PRD00337,274,11344.08
POI00008504,PO0007313,PRD00330,470,4277.84
POI00008505,PO0001606,PRD00584,233,13164.71
POI00008506,PO0007590,PRD00568,283,4707.73
POI00008507,PO0000861,PRD00114,94,6866.0
POI00008508,PO0009648,PRD00169,157,8843.12
POI00008509,PO0007593,PRD00094,268,8406.45
POI00008510,PO0009805,PRD00122,24,7515.76
POI00008511,PO0004927,PRD00520,22,12944.02
POI00008512,PO0003847,PRD00151,71,13666.4
POI00008513,PO0006620,PRD00228,252,7076.3
POI00008514,PO0006556,PRD00350,312,7818.75
POI00008515,PO0001835,PRD00220,180,3710.28
POI00008516,PO0001161,PRD00189,65,1559.74
POI00008517,PO0008886,PRD00576,192,6871.55
POI00008518,PO0004042,PRD00467,418,10304.91
POI00008519,PO0004541,PRD00558,312,9720.85
POI00008520,PO0007391,PRD00227,35,12974.56
POI00008521,PO0001490,PRD00618,305,7236.89
POI00008522,PO0004818,PRD00050,191,14145.71
POI00008523,PO0002076,PRD00839,461,1545.18
POI00008524,PO0003385,PRD00396,381,5666.96
POI00008525,PO0006469,PRD00937,381,5526.96
POI00008526,PO0006510,PRD00088,51,759.09
POI00008527,PO0009710,PRD00594,494,6920.19
POI00008528,PO0004873,PRD00464,142,471.83
POI00008529,PO0007593,PRD00589,114,13991.37
POI00008530,PO0005036,PRD00849,368,10933.19
POI00008531,PO0000393,PRD00638,175,14235.92
POI00008532,PO0004695,PRD00592,285,14420.88
POI00008533,PO0009229,PRD00155,250,11846.07
POI00008534,PO0000752,PRD00511,365,2991.32
POI00008535,PO0005369,PRD00435,394,11483.94
POI00008536,PO0004879,PRD00774,425,7426.94
POI00008537,PO0005866,PRD00906,23,9258.63
POI00008538,PO0000723,PRD00525,54,14289.77
POI00008539,PO0005766,PRD00318,278,13343.83
POI00008540,PO0003977,PRD00576,462,6871.55
POI00008541,PO0007392,PRD00485,488,9733.24
POI00008542,PO0008761,PRD00057,84,4964.1
POI00008543,PO0005759,PRD00001,172,9837.33
POI00008544,PO0009277,PRD00372,25,12777.81
POI00008545,PO0001846,PRD00309,459,11535.3
POI00008546,PO0004708,PRD00759,115,6538.09
POI00008547,PO0003224,PRD00720,262,6824.63
POI00008548,PO0001894,PRD00526,132,2102.99
POI00008549,PO0006026,PRD00393,141,755.72
POI00008550,PO0006710,PRD00711,225,14208.1
POI00008551,PO0008969,PRD00382,313,10379.13
POI00008552,PO0002232,PRD00162,432,287.67
POI00008553,PO0000316,PRD00646,321,11847.85
POI00008554,PO0000347,PRD00452,414,2503.76
POI00008555,PO0005775,PRD00739,383,7506.27
POI00008556,PO0002927,PRD00273,417,3864.46
POI00008557,PO0007855,PRD00685,366,2103.9
POI00008558,PO0009198,PRD00882,439,7275.03
POI00008559,PO0005508,PRD00892,306,3978.64
POI00008560,PO0008565,PRD00422,460,13723.46
POI00008561,PO0005134,PRD00527,40,13016.35
POI00008562,PO0008480,PRD00426,58,11443.5
POI00008563,PO0001788,PRD00101,162,1142.0
POI00008564,PO0005000,PRD00169,67,8843.12
POI00008565,PO0005818,PRD00418,376,848.93
POI00008566,PO0009888,PRD00515,83,11728.64
POI00008567,PO0006391,PRD00057,417,4964.1
POI00008568,PO0007409,PRD00051,200,8110.25
POI00008569,PO0003926,PRD00733,272,8941.35
POI00008570,PO0007104,PRD00773,305,8251.54
POI00008571,PO0006648,PRD00589,87,13991.37
POI00008572,PO0004829,PRD00376,442,7767.99
POI00008573,PO0008442,PRD00177,346,12210.75
POI00008574,PO0004208,PRD00871,108,8636.42
POI00008575,PO0002897,PRD00182,497,11205.33
POI00008576,PO0007664,PRD00499,355,5881.43
POI00008577,PO0009106,PRD00059,444,7096.98
POI00008578,PO0001950,PRD00310,370,7810.08
POI00008579,PO0003489,PRD00945,239,3955.76
POI00008580,PO0006849,PRD00184,117,6913.99
POI00008581,PO0005804,PRD00840,82,1992.97
POI00008582,PO0009105,PRD00115,324,12984.47
POI00008583,PO0006116,PRD00007,49,9585.73
POI00008584,PO0005560,PRD00277,80,12187.55
POI00008585,PO0005961,PRD00467,235,10304.91
POI00008586,PO0009455,PRD00461,348,4804.84
POI00008587,PO0002360,PRD00344,127,8985.89
POI00008588,PO0008245,PRD00604,456,14528.53
POI00008589,PO0003228,PRD00793,167,871.73
POI00008590,PO0006151,PRD00282,28,6599.31
POI00008591,PO0005777,PRD00158,472,12470.65
POI00008592,PO0008969,PRD00088,127,759.09
POI00008593,PO0000053,PRD00213,296,11481.28
POI00008594,PO0006925,PRD00219,334,12493.83
POI00008595,PO0004887,PRD00294,475,7979.54
POI00008596,PO0000983,PRD00168,366,5878.6
POI00008597,PO0001413,PRD00063,410,7018.31
POI00008598,PO0000156,PRD00910,487,10913.99
POI00008599,PO0008585,PRD00193,496,1081.63
POI00008600,PO0001449,PRD00305,280,1060.96
POI00008601,PO0006726,PRD00169,68,8843.12
POI00008602,PO0006451,PRD00202,135,2771.81
POI00008603,PO0006625,PRD00895,67,8698.56
POI00008604,PO0005588,PRD00684,203,7767.82
POI00008605,PO0002182,PRD00632,368,12709.49
POI00008606,PO0007538,PRD00508,130,9561.68
POI00008607,PO0001699,PRD00928,54,5618.25
POI00008608,PO0001919,PRD00763,367,5016.95
POI00008609,PO0007972,PRD00340,203,13976.02
POI00008610,PO0008094,PRD00838,16,9698.54
POI00008611,PO0008365,PRD00791,87,10139.71
POI00008612,PO0005694,PRD00079,356,10823.51
POI00008613,PO0005309,PRD00380,252,10416.11
POI00008614,PO0008023,PRD00798,184,10418.61
POI00008615,PO0006597,PRD00448,84,3508.12
POI00008616,PO0002888,PRD00819,222,9433.84
POI00008617,PO0005483,PRD00657,445,14657.7
POI00008618,PO0003703,PRD00071,327,9562.93
POI00008619,PO0000153,PRD00432,96,6955.57
POI00008620,PO0005225,PRD00388,34,2534.89
POI00008621,PO0002736,PRD00594,164,6920.19
POI00008622,PO0007799,PRD00642,351,6743.72
POI00008623,PO0007471,PRD00897,412,11763.99
POI00008624,PO0002796,PRD00250,306,14546.26
POI00008625,PO0002376,PRD00222,89,1219.58
POI00008626,PO0001365,PRD00712,269,5380.83
POI00008627,PO0008896,PRD00250,356,14546.26
POI00008628,PO0000637,PRD00659,452,2838.43
POI00008629,PO0008999,PRD00903,93,10697.16
POI00008630,PO0009660,PRD00368,70,13705.39
POI00008631,PO0002474,PRD00560,179,14804.29
POI00008632,PO0001969,PRD00630,43,12112.17
POI00008633,PO0002860,PRD00730,241,3426.87
POI00008634,PO0006126,PRD00489,27,5226.91
POI00008635,PO0003539,PRD00191,290,6029.05
POI00008636,PO0004661,PRD00912,232,13951.33
POI00008637,PO0002369,PRD00943,71,6024.16
POI00008638,PO0007182,PRD00090,269,7083.4
POI00008639,PO0005895,PRD00962,197,8264.3
POI00008640,PO0003188,PRD00169,44,8843.12
POI00008641,PO0001647,PRD00011,81,10256.43
POI00008642,PO0001340,PRD00951,113,12745.6
POI00008643,PO0004740,PRD00813,495,1791.65
POI00008644,PO0005753,PRD00459,266,11986.98
POI00008645,PO0008670,PRD00185,235,6440.0
POI00008646,PO0005356,PRD00692,265,4333.24
POI00008647,PO0008832,PRD00938,435,14690.74
POI00008648,PO0001549,PRD00084,65,1880.19
POI00008649,PO0005642,PRD00817,283,13482.36
POI00008650,PO0000795,PRD00356,280,5284.14
POI00008651,PO0009987,PRD00256,356,4333.14
POI00008652,PO0002339,PRD00960,27,2038.65
POI00008653,PO0004257,PRD00659,309,2838.43
POI00008654,PO0002365,PRD00187,343,4183.24
POI00008655,PO0007197,PRD00458,98,10221.05
POI00008656,PO0003072,PRD00650,289,5122.22
POI00008657,PO0001749,PRD00827,175,10537.16
POI00008658,PO0008469,PRD00667,468,12142.23
POI00008659,PO0002184,PRD00365,103,9821.16
POI00008660,PO0005066,PRD00329,439,14502.96
POI00008661,PO0004571,PRD00087,268,2757.27
POI00008662,PO0008053,PRD00664,463,8624.9
POI00008663,PO0002621,PRD00847,199,9711.63
POI00008664,PO0005004,PRD00381,112,2462.98
POI00008665,PO0009420,PRD00903,308,10697.16
POI00008666,PO0000019,PRD00407,459,2170.82
POI00008667,PO0009545,PRD00857,172,11441.17
POI00008668,PO0000414,PRD00824,108,13671.92
POI00008669,PO0000983,PRD00885,91,14081.25
POI00008670,PO0007068,PRD00978,42,10928.44
POI00008671,PO0000070,PRD00586,213,4430.6
POI00008672,PO0009638,PRD00652,24,879.05
POI00008673,PO0000633,PRD00457,315,7399.8
POI00008674,PO0005712,PRD00702,456,12933.45
POI00008675,PO0002211,PRD00163,465,8801.64
POI00008676,PO0002194,PRD00810,312,6285.69
POI00008677,PO0006027,PRD00870,333,9737.11
POI00008678,PO0005035,PRD00908,347,5348.66
POI00008679,PO0000243,PRD00542,490,3815.81
POI00008680,PO0004567,PRD00222,216,1219.58
POI00008681,PO0000599,PRD00647,321,2506.84
POI00008682,PO0003881,PRD00827,320,10537.16
POI00008683,PO0003558,PRD00348,442,10382.26
POI00008684,PO0009742,PRD00414,314,3675.25
POI00008685,PO0001844,PRD00029,102,4613.81
POI00008686,PO0003597,PRD00791,14,10139.71
POI00008687,PO0004563,PRD00291,359,1083.12
POI00008688,PO0008677,PRD00324,166,4070.68
POI00008689,PO0007129,PRD00625,484,8920.39
POI00008690,PO0001244,PRD00987,343,9467.13
POI00008691,PO0003460,PRD00736,450,4572.66
POI00008692,PO0000737,PRD00006,372,12453.87
POI00008693,PO0004651,PRD00415,12,13727.94
POI00008694,PO0004529,PRD00518,107,8231.59
POI00008695,PO0002183,PRD00401,39,8016.45
POI00008696,PO0000558,PRD00247,236,9955.98
POI00008697,PO0000616,PRD00691,457,5216.2
POI00008698,PO0008073,PRD00915,63,10437.34
POI00008699,PO0008675,PRD00352,462,10163.96
POI00008700,PO0004335,PRD00221,151,13068.22
POI00008701,PO0007123,PRD00864,68,5345.24
POI00008702,PO0003828,PRD00525,378,14289.77
POI00008703,PO0007797,PRD00350,342,7818.75
POI00008704,PO0008088,PRD00040,448,12037.14
POI00008705,PO0003633,PRD00672,441,1758.78
POI00008706,PO0003850,PRD00319,341,3733.58
POI00008707,PO0003565,PRD00710,460,7104.05
POI00008708,PO0007966,PRD00818,60,2577.53
POI00008709,PO0008258,PRD00151,298,13666.4
POI00008710,PO0006675,PRD00076,302,5099.04
POI00008711,PO0008911,PRD00280,296,626.38
POI00008712,PO0000870,PRD00541,483,2451.94
POI00008713,PO0004483,PRD00497,106,9476.02
POI00008714,PO0009221,PRD00492,290,5276.64
POI00008715,PO0007449,PRD00352,326,10163.96
POI00008716,PO0000293,PRD00207,243,13259.47
POI00008717,PO0006091,PRD00976,456,4864.0
POI00008718,PO0006819,PRD00369,400,11836.37
POI00008719,PO0003156,PRD00063,210,7018.31
POI00008720,PO0005067,PRD00763,456,5016.95
POI00008721,PO0006554,PRD00212,315,194.69
POI00008722,PO0006251,PRD00247,383,9955.98
POI00008723,PO0006903,PRD00790,72,11430.76
POI00008724,PO0008253,PRD00016,225,12890.21
POI00008725,PO0005397,PRD00195,368,8830.06
POI00008726,PO0007882,PRD00616,370,1388.81
POI00008727,PO0004708,PRD00766,418,11198.97
POI00008728,PO0007734,PRD00565,115,1309.82
POI00008729,PO0008840,PRD00264,393,12537.65
POI00008730,PO0002611,PRD00899,300,2478.21
POI00008731,PO0009247,PRD00911,402,14452.25
POI00008732,PO0005355,PRD00679,283,5120.96
POI00008733,PO0000446,PRD00796,408,5431.54
POI00008734,PO0000473,PRD00770,20,12677.22
POI00008735,PO0007915,PRD00536,220,5119.31
POI00008736,PO0007833,PRD00785,91,2141.65
POI00008737,PO0009666,PRD00389,276,10776.42
POI00008738,PO0002146,PRD00537,191,11841.49
POI00008739,PO0008736,PRD00673,462,13879.93
POI00008740,PO0005687,PRD00486,47,14504.82
POI00008741,PO0000440,PRD00519,358,4521.82
POI00008742,PO0007909,PRD00529,216,7382.72
POI00008743,PO0002510,PRD00944,248,7189.97
POI00008744,PO0002018,PRD00813,302,1791.65
POI00008745,PO0009797,PRD00889,198,161.6
POI00008746,PO0005303,PRD00430,38,7529.58
POI00008747,PO0000148,PRD00769,68,14259.3
POI00008748,PO0007591,PRD00743,420,2305.24
POI00008749,PO0009767,PRD00399,458,10939.64
POI00008750,PO0006335,PRD00311,18,5242.66
POI00008751,PO0002173,PRD00411,467,9419.82
POI00008752,PO0001951,PRD00920,436,10536.21
POI00008753,PO0008328,PRD00105,106,7072.97
POI00008754,PO0001139,PRD00417,358,13839.61
POI00008755,PO0009892,PRD00047,91,1038.29
POI00008756,PO0006490,PRD00512,253,6184.28
POI00008757,PO0006917,PRD00068,476,11959.71
POI00008758,PO0000858,PRD00465,323,12966.68
POI00008759,PO0009765,PRD00749,127,13186.86
POI00008760,PO0009150,PRD00523,219,12097.17
POI00008761,PO0004862,PRD00581,110,3429.77
POI00008762,PO0004021,PRD00723,441,642.86
POI00008763,PO0002566,PRD00812,10,3339.2
POI00008764,PO0000342,PRD00679,304,5120.96
POI00008765,PO0000891,PRD00520,361,12944.02
POI00008766,PO0002799,PRD00076,337,5099.04
POI00008767,PO0009405,PRD00682,197,9106.29
POI00008768,PO0000166,PRD00650,261,5122.22
POI00008769,PO0009629,PRD00317,225,11523.03
POI00008770,PO0008303,PRD00995,438,1957.35
POI00008771,PO0005006,PRD00618,428,7236.89
POI00008772,PO0003201,PRD00052,216,3353.77
POI00008773,PO0007191,PRD00587,335,7001.79
POI00008774,PO0009322,PRD00774,240,7426.94
POI00008775,PO0004849,PRD00205,430,5692.82
POI00008776,PO0000252,PRD00619,232,5874.65
POI00008777,PO0001876,PRD00817,226,13482.36
POI00008778,PO0005047,PRD00615,409,9737.39
POI00008779,PO0008750,PRD00152,354,9137.41
POI00008780,PO0001659,PRD00068,309,11959.71
POI00008781,PO0003517,PRD00219,79,12493.83
POI00008782,PO0005366,PRD00608,313,2030.27
POI00008783,PO0007074,PRD00080,146,9716.87
POI00008784,PO0005196,PRD00186,150,13497.06
POI00008785,PO0001476,PRD00125,135,12971.28
POI00008786,PO0006123,PRD00429,438,4484.27
POI00008787,PO0000235,PRD00919,64,12018.41
POI00008788,PO0006298,PRD00304,267,7053.7
POI00008789,PO0001768,PRD00785,197,2141.65
POI00008790,PO0009134,PRD00555,498,9697.74
POI00008791,PO0004525,PRD00035,153,9200.21
POI00008792,PO0005703,PRD00013,401,14644.99
POI00008793,PO0007545,PRD00047,444,1038.29
POI00008794,PO0005428,PRD00280,162,626.38
POI00008795,PO0009582,PRD00457,280,7399.8
POI00008796,PO0003842,PRD00604,349,14528.53
POI00008797,PO0006066,PRD00051,338,8110.25
POI00008798,PO0001107,PRD00922,483,7190.21
POI00008799,PO0005063,PRD00856,378,11059.92
POI00008800,PO0007018,PRD00730,245,3426.87
POI00008801,PO0009067,PRD00349,269,13102.44
POI00008802,PO0000227,PRD00032,295,4314.09
POI00008803,PO0008047,PRD00024,22,5514.18
POI00008804,PO0000085,PRD00410,136,4563.47
POI00008805,PO0008996,PRD00538,168,1565.66
POI00008806,PO0006442,PRD00802,298,11346.21
POI00008807,PO0006066,PRD00797,160,11156.8
POI00008808,PO0007693,PRD00588,341,11008.35
POI00008809,PO0006597,PRD00861,53,12536.29
POI00008810,PO0009958,PRD00598,259,4825.42
POI00008811,PO0006074,PRD00427,56,6255.84
POI00008812,PO0004244,PRD00537,273,11841.49
POI00008813,PO0001276,PRD00399,116,10939.64
POI00008814,PO0008250,PRD00602,223,12799.03
POI00008815,PO0008300,PRD00369,124,11836.37
POI00008816,PO0002850,PRD00126,462,12322.6
POI00008817,PO0005400,PRD00063,138,7018.31
POI00008818,PO0007672,PRD00215,84,7543.91
POI00008819,PO0007074,PRD00327,118,11465.77
POI00008820,PO0008000,PRD00280,226,626.38
POI00008821,PO0004741,PRD00622,196,3778.03
POI00008822,PO0000104,PRD00928,166,5618.25
POI00008823,PO0008627,PRD00101,247,1142.0
POI00008824,PO0003522,PRD00297,258,3281.39
POI00008825,PO0007111,PRD00422,471,13723.46
POI00008826,PO0008868,PRD00527,366,13016.35
POI00008827,PO0003971,PRD00671,387,13764.06
POI00008828,PO0005502,PRD00237,75,10209.15
POI00008829,PO0001858,PRD00642,464,6743.72
POI00008830,PO0005731,PRD00020,414,14093.42
POI00008831,PO0004348,PRD00615,181,9737.39
POI00008832,PO0001028,PRD00293,330,14236.45
POI00008833,PO0000815,PRD00342,187,10654.4
POI00008834,PO0001324,PRD00208,394,10135.61
POI00008835,PO0001394,PRD00877,68,9378.32
POI00008836,PO0007797,PRD00473,295,4562.49
POI00008837,PO0006958,PRD00351,397,4761.19
POI00008838,PO0004619,PRD00316,269,14232.32
POI00008839,PO0006973,PRD00530,179,5677.57
POI00008840,PO0003418,PRD00547,229,10434.94
POI00008841,PO0000430,PRD00357,248,1898.36
POI00008842,PO0009535,PRD00149,221,8656.19
POI00008843,PO0000891,PRD00259,167,7569.95
POI00008844,PO0002900,PRD00175,457,834.63
POI00008845,PO0006259,PRD00618,258,7236.89
POI00008846,PO0004948,PRD00921,320,10131.57
POI00008847,PO0008908,PRD00578,58,3487.79
POI00008848,PO0009578,PRD00667,89,12142.23
POI00008849,PO0003555,PRD00764,199,6096.89
POI00008850,PO0007207,PRD00267,463,1734.0
POI00008851,PO0004201,PRD00874,314,13187.35
POI00008852,PO0009497,PRD00048,465,1009.0
POI00008853,PO0006900,PRD00739,77,7506.27
POI00008854,PO0004290,PRD00658,279,7106.49
POI00008855,PO0000773,PRD00522,174,2556.45
POI00008856,PO0009145,PRD00816,112,7753.49
POI00008857,PO0009799,PRD00107,251,9087.41
POI00008858,PO0003884,PRD00100,120,3533.63
POI00008859,PO0004378,PRD00193,350,1081.63
POI00008860,PO0003429,PRD00598,260,4825.42
POI00008861,PO0005356,PRD00786,27,12658.67
POI00008862,PO0005117,PRD00388,36,2534.89
POI00008863,PO0000059,PRD00681,46,14615.35
POI00008864,PO0005418,PRD00852,479,9836.31
POI00008865,PO0000677,PRD00385,397,11446.95
POI00008866,PO0005100,PRD00946,342,5214.57
POI00008867,PO0008342,PRD00319,447,3733.58
POI00008868,PO0006777,PRD00671,19,13764.06
POI00008869,PO0001110,PRD00120,485,4716.39
POI00008870,PO0006989,PRD00644,39,5838.18
POI00008871,PO0004215,PRD00670,240,8380.95
POI00008872,PO0000853,PRD00029,248,4613.81
POI00008873,PO0001418,PRD00423,322,13733.69
POI00008874,PO0009777,PRD00800,215,273.44
POI00008875,PO0000070,PRD00183,158,6823.92
POI00008876,PO0003906,PRD00786,413,12658.67
POI00008877,PO0005863,PRD00519,338,4521.82
POI00008878,PO0001914,PRD00617,98,9490.86
POI00008879,PO0003192,PRD00233,236,9106.69
POI00008880,PO0003261,PRD00907,204,14636.64
POI00008881,PO0000884,PRD00864,179,5345.24
POI00008882,PO0007247,PRD00253,314,11689.61
POI00008883,PO0008367,PRD00773,211,8251.54
POI00008884,PO0004672,PRD00849,309,10933.19
POI00008885,PO0007454,PRD00082,62,7141.05
POI00008886,PO0001448,PRD00656,361,3059.15
POI00008887,PO0007781,PRD00151,292,13666.4
POI00008888,PO0004369,PRD00585,226,4963.33
POI00008889,PO0004676,PRD00164,438,7114.43
POI00008890,PO0009909,PRD00504,274,12220.97
POI00008891,PO0007013,PRD00384,18,6284.42
POI00008892,PO0004840,PRD00525,110,14289.77
POI00008893,PO0002452,PRD00699,143,8800.55
POI00008894,PO0009481,PRD00433,116,10827.08
POI00008895,PO0005380,PRD00162,44,287.67
POI00008896,PO0007098,PRD00073,387,7015.92
POI00008897,PO0001221,PRD00283,258,14607.96
POI00008898,PO0006798,PRD00376,195,7767.99
POI00008899,PO0004357,PRD00329,281,14502.96
POI00008900,PO0007344,PRD00943,68,6024.16
POI00008901,PO0000266,PRD00248,244,2381.45
POI00008902,PO0004652,PRD00344,300,8985.89
POI00008903,PO0006532,PRD00393,161,755.72
POI00008904,PO0000182,PRD00713,62,5625.5
POI00008905,PO0003959,PRD00111,279,14538.3
POI00008906,PO0001776,PRD00101,10,1142.0
POI00008907,PO0000440,PRD00430,181,7529.58
POI00008908,PO0002338,PRD00416,263,5875.21
POI00008909,PO0000534,PRD00531,365,7772.95
POI00008910,PO0009475,PRD00836,295,2825.17
POI00008911,PO0001766,PRD00885,392,14081.25
POI00008912,PO0004529,PRD00095,424,11653.35
POI00008913,PO0003898,PRD00913,463,7633.07
POI00008914,PO0001265,PRD00123,224,6279.12
POI00008915,PO0005905,PRD00084,55,1880.19
POI00008916,PO0009104,PRD00608,73,2030.27
POI00008917,PO0000637,PRD00728,312,6550.29
POI00008918,PO0003902,PRD00756,224,13812.34
POI00008919,PO0005172,PRD00738,213,7712.85
POI00008920,PO0002218,PRD00982,360,2789.53
POI00008921,PO0002102,PRD00811,166,13260.28
POI00008922,PO0002039,PRD00506,375,2811.02
POI00008923,PO0006500,PRD00258,149,13278.68
POI00008924,PO0008847,PRD00229,255,5330.98
POI00008925,PO0000265,PRD00534,70,12763.59
POI00008926,PO0006739,PRD00215,241,7543.91
POI00008927,PO0008396,PRD00530,205,5677.57
POI00008928,PO0007020,PRD00384,129,6284.42
POI00008929,PO0004241,PRD00925,368,3105.28
POI00008930,PO0000429,PRD00740,293,5420.19
POI00008931,PO0004160,PRD00955,282,9957.38
POI00008932,PO0001067,PRD00900,404,12362.97
POI00008933,PO0002514,PRD00668,490,3092.64
POI00008934,PO0008927,PRD00080,142,9716.87
POI00008935,PO0008853,PRD00818,462,2577.53
POI00008936,PO0009187,PRD00825,62,6540.73
POI00008937,PO0009378,PRD00096,79,4636.27
POI00008938,PO0006987,PRD00938,280,14690.74
POI00008939,PO0003533,PRD00638,415,14235.92
POI00008940,PO0002196,PRD00655,426,136.93
POI00008941,PO0006173,PRD00522,210,2556.45
POI00008942,PO0003172,PRD00031,19,11922.53
POI00008943,PO0004051,PRD00436,388,10630.97
POI00008944,PO0003494,PRD00298,170,1909.75
POI00008945,PO0005085,PRD00834,464,4625.99
POI00008946,PO0004109,PRD00142,93,3723.43
POI00008947,PO0008043,PRD00468,302,7437.41
POI00008948,PO0004758,PRD00666,396,1874.61
POI00008949,PO0007897,PRD00566,192,1327.27
POI00008950,PO0000231,PRD00178,37,4216.94
POI00008951,PO0006700,PRD00973,43,4327.38
POI00008952,PO0005215,PRD00259,302,7569.95
POI00008953,PO0007119,PRD00260,95,500.56
POI00008954,PO0007140,PRD00613,363,2658.28
POI00008955,PO0002774,PRD00038,98,11694.03
POI00008956,PO0008681,PRD00888,406,4306.34
POI00008957,PO0002386,PRD00706,112,11072.04
POI00008958,PO0005872,PRD00851,233,13602.05
POI00008959,PO0003771,PRD00760,72,2297.92
POI00008960,PO0007249,PRD00327,73,11465.77
POI00008961,PO0007458,PRD00230,316,928.8
POI00008962,PO0002724,PRD00701,90,7267.54
POI00008963,PO0005357,PRD00895,470,8698.56
POI00008964,PO0000834,PRD00262,219,10465.39
POI00008965,PO0004368,PRD00971,474,2515.98
POI00008966,PO0006815,PRD00757,430,1024.97
POI00008967,PO0008543,PRD00966,313,6230.08
POI00008968,PO0004946,PRD00192,216,10003.41
POI00008969,PO0006445,PRD00108,123,14993.62
POI00008970,PO0001721,PRD00788,261,13824.18
POI00008971,PO0003426,PRD00157,309,3075.86
POI00008972,PO0003190,PRD00083,143,5329.01
POI00008973,PO0003235,PRD00191,477,6029.05
POI00008974,PO0003787,PRD00115,98,12984.47
POI00008975,PO0008545,PRD00340,31,13976.02
POI00008976,PO0001616,PRD00670,416,8380.95
POI00008977,PO0004683,PRD00892,256,3978.64
POI00008978,PO0000370,PRD00685,303,2103.9
POI00008979,PO0000908,PRD00076,389,5099.04
POI00008980,PO0004614,PRD00099,461,6175.08
POI00008981,PO0001388,PRD00348,190,10382.26
POI00008982,PO0006686,PRD00992,300,10351.03
POI00008983,PO0009555,PRD00375,499,2698.38
POI00008984,PO0003282,PRD00509,462,7385.46
POI00008985,PO0000329,PRD00717,417,5192.63
POI00008986,PO0001328,PRD00986,333,7134.56
POI00008987,PO0000848,PRD00986,334,7134.56
POI00008988,PO0001026,PRD00046,144,2330.39
POI00008989,PO0008108,PRD00127,163,12989.69
POI00008990,PO0002096,PRD00129,428,14713.16
POI00008991,PO0000529,PRD00727,469,1054.08
POI00008992,PO0004484,PRD00983,224,12437.52
POI00008993,PO0008775,PRD00351,149,4761.19
POI00008994,PO0000466,PRD00002,466,14088.84
POI00008995,PO0006940,PRD00435,187,11483.94
POI00008996,PO0009004,PRD00790,143,11430.76
POI00008997,PO0007419,PRD00195,345,8830.06
POI00008998,PO0004619,PRD00129,337,14713.16
POI00008999,PO0006309,PRD00980,166,10478.27
POI00009000,PO0002326,PRD00283,95,14607.96
POI00009001,PO0009090,PRD00389,233,10776.42
POI00009002,PO0005947,PRD00100,489,3533.63
POI00009003,PO0006868,PRD00908,43,5348.66
POI00009004,PO0007426,PRD00076,410,5099.04
POI00009005,PO0004092,PRD00875,241,6782.11
POI00009006,PO0000249,PRD00631,481,968.57
POI00009007,PO0006115,PRD00398,290,1850.01
POI00009008,PO0005086,PRD00410,59,4563.47
POI00009009,PO0005636,PRD00377,274,14726.74
POI00009010,PO0001204,PRD00386,292,7920.56
POI00009011,PO0006681,PRD00941,127,2714.98
POI00009012,PO0007248,PRD00439,23,7978.91
POI00009013,PO0004849,PRD00683,89,11134.9
POI00009014,PO0009051,PRD00342,293,10654.4
POI00009015,PO0009753,PRD00416,103,5875.21
POI00009016,PO0002761,PRD00348,294,10382.26
POI00009017,PO0001829,PRD00086,177,14709.22
POI00009018,PO0001270,PRD00803,175,4469.13
POI00009019,PO0005370,PRD00061,124,14248.21
POI00009020,PO0006711,PRD00944,79,7189.97
POI00009021,PO0005899,PRD00802,372,11346.21
POI00009022,PO0005304,PRD00647,389,2506.84
POI00009023,PO0002058,PRD00808,105,7399.02
POI00009024,PO0000223,PRD00555,217,9697.74
POI00009025,PO0009044,PRD00279,238,14005.9
POI00009026,PO0004920,PRD00257,71,12479.22
POI00009027,PO0001296,PRD00854,91,7572.34
POI00009028,PO0008075,PRD00476,329,12262.1
POI00009029,PO0005424,PRD00545,27,7193.96
POI00009030,PO0004311,PRD00136,355,9775.56
POI00009031,PO0005395,PRD00420,10,7232.56
POI00009032,PO0000448,PRD00337,454,11344.08
POI00009033,PO0009866,PRD00620,97,517.21
POI00009034,PO0007742,PRD00068,382,11959.71
POI00009035,PO0009479,PRD00108,482,14993.62
POI00009036,PO0007847,PRD00566,300,1327.27
POI00009037,PO0007223,PRD00924,109,3584.13
POI00009038,PO0007486,PRD00100,127,3533.63
POI00009039,PO0001234,PRD00656,55,3059.15
POI00009040,PO0000798,PRD00148,12,12811.77
POI00009041,PO0001489,PRD00317,328,11523.03
POI00009042,PO0001450,PRD00017,496,12322.4
POI00009043,PO0001918,PRD00935,398,2872.31
POI00009044,PO0003133,PRD00815,74,5837.27
POI00009045,PO0006784,PRD00571,444,268.96
POI00009046,PO0008416,PRD00644,319,5838.18
POI00009047,PO0000178,PRD00622,103,3778.03
POI00009048,PO0002812,PRD00226,227,7002.18
POI00009049,PO0004377,PRD00090,119,7083.4
POI00009050,PO0005308,PRD00787,450,3077.27
POI00009051,PO0005621,PRD00742,255,120.85
POI00009052,PO0006257,PRD00087,63,2757.27
POI00009053,PO0006208,PRD00289,242,5500.6
POI00009054,PO0008748,PRD00725,89,9430.17
POI00009055,PO0004030,PRD00352,223,10163.96
POI00009056,PO0007168,PRD00804,12,14440.13
POI00009057,PO0007616,PRD00669,59,4850.66
POI00009058,PO0004889,PRD00008,490,8448.73
POI00009059,PO0004940,PRD00693,232,12868.1
POI00009060,PO0004483,PRD00475,305,14519.03
POI00009061,PO0004192,PRD00723,258,642.86
POI00009062,PO0001772,PRD00329,199,14502.96
POI00009063,PO0004482,PRD00620,397,517.21
POI00009064,PO0003043,PRD00229,127,5330.98
POI00009065,PO0006322,PRD00055,491,8911.04
POI00009066,PO0002542,PRD00474,394,4767.61
POI00009067,PO0005500,PRD00160,124,2180.09
POI00009068,PO0001485,PRD00930,39,3393.62
POI00009069,PO0001557,PRD00224,143,3605.13
POI00009070,PO0006462,PRD00286,31,4652.92
POI00009071,PO0006702,PRD00736,47,4572.66
POI00009072,PO0001803,PRD00756,367,13812.34
POI00009073,PO0001125,PRD00200,375,12689.72
POI00009074,PO0009367,PRD00146,343,1182.02
POI00009075,PO0008261,PRD00501,167,4943.69
POI00009076,PO0004995,PRD00828,241,11820.43
POI00009077,PO0006669,PRD00579,50,3728.71
POI00009078,PO0006416,PRD00835,421,6236.81
POI00009079,PO0004289,PRD00685,323,2103.9
POI00009080,PO0007127,PRD00219,446,12493.83
POI00009081,PO0004992,PRD00839,161,1545.18
POI00009082,PO0005973,PRD00283,109,14607.96
POI00009083,PO0003053,PRD00046,244,2330.39
POI00009084,PO0008537,PRD00795,481,10383.68
POI00009085,PO0005554,PRD00093,422,12182.24
POI00009086,PO0004448,PRD00442,327,4068.49
POI00009087,PO0005382,PRD00978,357,10928.44
POI00009088,PO0006666,PRD00298,410,1909.75
POI00009089,PO0003056,PRD00078,464,8372.4
POI00009090,PO0009222,PRD00037,271,9868.39
POI00009091,PO0005441,PRD00457,364,7399.8
POI00009092,PO0007568,PRD00095,343,11653.35
POI00009093,PO0003103,PRD00346,155,2284.81
POI00009094,PO0007919,PRD00403,455,560.68
POI00009095,PO0001002,PRD00913,168,7633.07
POI00009096,PO0006733,PRD00594,407,6920.19
POI00009097,PO0003610,PRD00299,334,14959.16
POI00009098,PO0004778,PRD00402,230,2394.41
POI00009099,PO0001001,PRD00076,264,5099.04
POI00009100,PO0005549,PRD00504,456,12220.97
POI00009101,PO0007503,PRD00138,294,9292.5
POI00009102,PO0005292,PRD00422,143,13723.46
POI00009103,PO0007414,PRD00348,94,10382.26
POI00009104,PO0000088,PRD00273,297,3864.46
POI00009105,PO0001330,PRD00608,255,2030.27
POI00009106,PO0006600,PRD00135,109,7084.8
POI00009107,PO0004573,PRD00118,124,13920.88
POI00009108,PO0001020,PRD00352,465,10163.96
POI00009109,PO0005559,PRD00984,104,5821.18
POI00009110,PO0000764,PRD00044,466,9431.09
POI00009111,PO0002418,PRD00967,462,5210.76
POI00009112,PO0005776,PRD00076,148,5099.04
POI00009113,PO0000319,PRD00604,157,14528.53
POI00009114,PO0005020,PRD00497,347,9476.02
POI00009115,PO0002590,PRD00821,498,9726.69
POI00009116,PO0005123,PRD00979,319,3320.45
POI00009117,PO0006231,PRD00517,299,8167.29
POI00009118,PO0008958,PRD00596,99,6569.94
POI00009119,PO0004411,PRD00899,354,2478.21
POI00009120,PO0003032,PRD00439,162,7978.91
POI00009121,PO0008825,PRD00441,33,3675.25
POI00009122,PO0009646,PRD00729,240,5440.02
POI00009123,PO0006006,PRD00670,108,8380.95
POI00009124,PO0003378,PRD00423,148,13733.69
POI00009125,PO0009982,PRD00600,235,6787.54
POI00009126,PO0009606,PRD00791,348,10139.71
POI00009127,PO0008924,PRD00394,411,14023.98
POI00009128,PO0002897,PRD00046,30,2330.39
POI00009129,PO0008366,PRD00125,246,12971.28
POI00009130,PO0004552,PRD00601,218,14472.35
POI00009131,PO0006267,PRD00330,109,4277.84
POI00009132,PO0007159,PRD00283,439,14607.96
POI00009133,PO0006568,PRD00742,48,120.85
POI00009134,PO0004220,PRD00673,151,13879.93
POI00009135,PO0002163,PRD00669,359,4850.66
POI00009136,PO0003386,PRD00312,477,3819.03
POI00009137,PO0001418,PRD00313,88,9405.33
POI00009138,PO0001990,PRD00574,285,11589.74
POI00009139,PO0009618,PRD00498,185,515.55
POI00009140,PO0006669,PRD00038,462,11694.03
POI00009141,PO0004646,PRD00982,416,2789.53
POI00009142,PO0008004,PRD00621,28,7979.13
POI00009143,PO0000360,PRD00362,305,837.42
POI00009144,PO0007466,PRD00397,462,1277.33
POI00009145,PO0005834,PRD00910,254,10913.99
POI00009146,PO0003807,PRD00964,198,7890.02
POI00009147,PO0006529,PRD00161,463,14511.66
POI00009148,PO0002783,PRD00012,379,14609.65
POI00009149,PO0002966,PRD00655,98,136.93
POI00009150,PO0009462,PRD00748,255,9977.26
POI00009151,PO0009735,PRD00080,339,9716.87
POI00009152,PO0003926,PRD00964,164,7890.02
POI00009153,PO0001533,PRD00932,295,12917.17
POI00009154,PO0005514,PRD00750,464,6059.6
POI00009155,PO0004055,PRD00220,205,3710.28
POI00009156,PO0008138,PRD00215,314,7543.91
POI00009157,PO0008151,PRD00120,455,4716.39
POI00009158,PO0008250,PRD00213,164,11481.28
POI00009159,PO0002603,PRD00190,193,6496.64
POI00009160,PO0008418,PRD00148,393,12811.77
POI00009161,PO0002492,PRD00788,452,13824.18
POI00009162,PO0000955,PRD00592,335,14420.88
POI00009163,PO0007358,PRD00451,455,11303.64
POI00009164,PO0004424,PRD00149,431,8656.19
POI00009165,PO0005037,PRD00998,164,8420.65
POI00009166,PO0009683,PRD00117,332,9411.1
POI00009167,PO0008614,PRD00470,448,10835.82
POI00009168,PO0003646,PRD00975,91,9296.52
POI00009169,PO0006014,PRD00418,44,848.93
POI00009170,PO0001374,PRD00924,464,3584.13
POI00009171,PO0000108,PRD00507,236,8978.67
POI00009172,PO0004526,PRD00053,337,10059.59
POI00009173,PO0008692,PRD00813,454,1791.65
POI00009174,PO0005637,PRD00207,143,13259.47
POI00009175,PO0003261,PRD00082,433,7141.05
POI00009176,PO0007466,PRD00260,192,500.56
POI00009177,PO0007818,PRD00115,341,12984.47
POI00009178,PO0002156,PRD00409,180,13153.77
POI00009179,PO0002642,PRD00851,332,13602.05
POI00009180,PO0002191,PRD00455,410,3543.59
POI00009181,PO0005627,PRD00714,402,7100.41
POI00009182,PO0001275,PRD00275,278,2070.47
POI00009183,PO0009631,PRD00580,139,13972.91
POI00009184,PO0000558,PRD00131,67,5840.29
POI00009185,PO0001727,PRD00623,172,11479.62
POI00009186,PO0009552,PRD00418,239,848.93
POI00009187,PO0002773,PRD00761,131,9679.51
POI00009188,PO0004054,PRD00078,272,8372.4
POI00009189,PO0005940,PRD00100,390,3533.63
POI00009190,PO0000570,PRD00695,381,7153.53
POI00009191,PO0007153,PRD00176,357,1103.66
POI00009192,PO0005106,PRD00476,205,12262.1
POI00009193,PO0006057,PRD00867,135,2868.63
POI00009194,PO0008545,PRD00745,87,7007.02
POI00009195,PO0003754,PRD00858,141,718.7
POI00009196,PO0007395,PRD00316,366,14232.32
POI00009197,PO0006921,PRD00697,338,6403.2
POI00009198,PO0004835,PRD00569,19,1366.29
POI00009199,PO0000319,PRD00459,118,11986.98
POI00009200,PO0000256,PRD00584,351,13164.71
POI00009201,PO0004743,PRD00424,124,7036.46
POI00009202,PO0002555,PRD00328,348,13195.81
POI00009203,PO0007734,PRD00192,141,10003.41
POI00009204,PO0004962,PRD00128,321,8314.61
POI00009205,PO0003924,PRD00957,132,8262.63
POI00009206,PO0006570,PRD00867,498,2868.63
POI00009207,PO0004924,PRD00236,98,5509.36
POI00009208,PO0003383,PRD00715,321,7125.52
POI00009209,PO0001671,PRD00674,460,13022.73
POI00009210,PO0009035,PRD00788,248,13824.18
POI00009211,PO0003818,PRD00408,152,8695.92
POI00009212,PO0001883,PRD00391,184,8417.25
POI00009213,PO0009276,PRD00852,168,9836.31
POI00009214,PO0000048,PRD00468,310,7437.41
POI00009215,PO0006488,PRD00665,374,13549.44
POI00009216,PO0006330,PRD00634,133,11006.69
POI00009217,PO0006682,PRD00475,155,14519.03
POI00009218,PO0002132,PRD00230,22,928.8
POI00009219,PO0007275,PRD00326,285,12217.09
POI00009220,PO0000798,PRD00175,95,834.63
POI00009221,PO0003882,PRD00324,446,4070.68
POI00009222,PO0007127,PRD00119,286,510.73
POI00009223,PO0001592,PRD00933,363,4789.52
POI00009224,PO0004100,PRD00434,215,7897.25
POI00009225,PO0007644,PRD00424,382,7036.46
POI00009226,PO0007713,PRD00527,123,13016.35
POI00009227,PO0009024,PRD00067,242,10482.12
POI00009228,PO0008873,PRD00418,285,848.93
POI00009229,PO0009019,PRD00027,486,2942.25
POI00009230,PO0008533,PRD00695,481,7153.53
POI00009231,PO0003328,PRD00008,417,8448.73
POI00009232,PO0003827,PRD00013,31,14644.99
POI00009233,PO0009357,PRD00405,107,8998.95
POI00009234,PO0006399,PRD00038,280,11694.03
POI00009235,PO0005590,PRD00461,302,4804.84
POI00009236,PO0008290,PRD00998,124,8420.65
POI00009237,PO0003065,PRD00978,149,10928.44
POI00009238,PO0007239,PRD00844,247,10706.01
POI00009239,PO0007701,PRD00910,159,10913.99
POI00009240,PO0006585,PRD00327,19,11465.77
POI00009241,PO0001728,PRD00427,363,6255.84
POI00009242,PO0005645,PRD00815,470,5837.27
POI00009243,PO0008055,PRD00464,397,471.83
POI00009244,PO0009599,PRD00033,120,12290.88
POI00009245,PO0005032,PRD00197,376,14528.51
POI00009246,PO0003082,PRD00353,51,9182.34
POI00009247,PO0003015,PRD00590,212,14268.77
POI00009248,PO0000302,PRD00769,208,14259.3
POI00009249,PO0000963,PRD00255,236,13121.82
POI00009250,PO0004710,PRD00183,219,6823.92
POI00009251,PO0000381,PRD00885,290,14081.25
POI00009252,PO0004172,PRD00250,483,14546.26
POI00009253,PO0006824,PRD00842,296,10426.4
POI00009254,PO0002881,PRD00292,134,14246.05
POI00009255,PO0002097,PRD00262,482,10465.39
POI00009256,PO0007758,PRD00354,314,3435.02
POI00009257,PO0005554,PRD00386,283,7920.56
POI00009258,PO0005994,PRD00263,88,9261.0
POI00009259,PO0002142,PRD00112,310,10078.39
POI00009260,PO0007258,PRD00998,417,8420.65
POI00009261,PO0000774,PRD00285,302,8218.48
POI00009262,PO0002568,PRD00368,283,13705.39
POI00009263,PO0006883,PRD00550,91,1100.7
POI00009264,PO0003462,PRD00112,33,10078.39
POI00009265,PO0006693,PRD00493,49,4838.13
POI00009266,PO0003225,PRD00012,408,14609.65
POI00009267,PO0003098,PRD00687,317,6890.21
POI00009268,PO0005138,PRD00555,50,9697.74
POI00009269,PO0009802,PRD00629,376,377.33
POI00009270,PO0006659,PRD00592,475,14420.88
POI00009271,PO0004467,PRD00842,67,10426.4
POI00009272,PO0003974,PRD00593,413,1467.96
POI00009273,PO0006111,PRD00712,484,5380.83
POI00009274,PO0003478,PRD00389,39,10776.42
POI00009275,PO0004751,PRD00204,73,1118.21
POI00009276,PO0005754,PRD00513,111,7371.4
POI00009277,PO0004296,PRD00365,441,9821.16
POI00009278,PO0001012,PRD00021,265,650.8
POI00009279,PO0008978,PRD00915,358,10437.34
POI00009280,PO0006496,PRD00858,224,718.7
POI00009281,PO0007039,PRD00265,360,1738.91
POI00009282,PO0000125,PRD00427,77,6255.84
POI00009283,PO0004427,PRD00341,414,8938.37
POI00009284,PO0006601,PRD00802,399,11346.21
POI00009285,PO0004875,PRD00440,459,12108.02
POI00009286,PO0008686,PRD00163,106,8801.64
POI00009287,PO0001704,PRD00453,69,5806.99
POI00009288,PO0008844,PRD00468,458,7437.41
POI00009289,PO0002114,PRD00033,156,12290.88
POI00009290,PO0006788,PRD00550,19,1100.7
POI00009291,PO0007649,PRD00045,80,3578.64
POI00009292,PO0003215,PRD00113,89,4380.21
POI00009293,PO0004506,PRD00904,69,9633.15
POI00009294,PO0003113,PRD00446,468,10566.45
POI00009295,PO0000403,PRD00387,187,1001.43
POI00009296,PO0003134,PRD00265,241,1738.91
POI00009297,PO0001680,PRD00925,498,3105.28
POI00009298,PO0008259,PRD00767,202,8392.39
POI00009299,PO0009271,PRD00845,85,2083.84
POI00009300,PO0002938,PRD00887,223,6428.3
POI00009301,PO0005816,PRD00644,20,5838.18
POI00009302,PO0001892,PRD00838,293,9698.54
POI00009303,PO0008701,PRD00382,494,10379.13
POI00009304,PO0009986,PRD00492,344,5276.64
POI00009305,PO0004415,PRD00015,416,4060.74
POI00009306,PO0009003,PRD00390,478,6845.21
POI00009307,PO0009549,PRD00355,176,10597.12
POI00009308,PO0007317,PRD00551,349,6646.28
POI00009309,PO0003475,PRD00564,447,9458.27
POI00009310,PO0002908,PRD00451,313,11303.64
POI00009311,PO0001775,PRD00634,137,11006.69
POI00009312,PO0006784,PRD00721,216,7384.49
POI00009313,PO0003699,PRD00131,218,5840.29
POI00009314,PO0008603,PRD00773,125,8251.54
POI00009315,PO0002083,PRD00324,214,4070.68
POI00009316,PO0007357,PRD00475,69,14519.03
POI00009317,PO0008057,PRD00524,182,4908.91
POI00009318,PO0009160,PRD00904,199,9633.15
POI00009319,PO0001186,PRD00422,397,13723.46
POI00009320,PO0009134,PRD00445,72,6126.75
POI00009321,PO0002092,PRD00124,390,8304.87
POI00009322,PO0002983,PRD00176,237,1103.66
POI00009323,PO0007726,PRD00562,338,329.01
POI00009324,PO0000793,PRD00241,452,2003.96
POI00009325,PO0000380,PRD00666,115,1874.61
POI00009326,PO0003720,PRD00953,148,4127.02
POI00009327,PO0009570,PRD00741,409,13662.52
POI00009328,PO0006060,PRD00423,269,13733.69
POI00009329,PO0005480,PRD00055,348,8911.04
POI00009330,PO0001251,PRD00129,396,14713.16
POI00009331,PO0002313,PRD00480,405,10120.83
POI00009332,PO0005717,PRD00100,203,3533.63
POI00009333,PO0006724,PRD00541,20,2451.94
POI00009334,PO0005125,PRD00746,300,5454.4
POI00009335,PO0004893,PRD00517,447,8167.29
POI00009336,PO0004818,PRD00365,32,9821.16
POI00009337,PO0006673,PRD00272,177,5905.57
POI00009338,PO0005400,PRD00854,107,7572.34
POI00009339,PO0004070,PRD00691,283,5216.2
POI00009340,PO0006699,PRD00805,486,6473.34
POI00009341,PO0008871,PRD00730,93,3426.87
POI00009342,PO0007901,PRD00263,255,9261.0
POI00009343,PO0005146,PRD00918,446,1087.91
POI00009344,PO0003458,PRD00850,142,12204.62
POI00009345,PO0001547,PRD00636,443,3410.7
POI00009346,PO0000980,PRD00267,78,1734.0
POI00009347,PO0001665,PRD00755,411,12949.63
POI00009348,PO0001279,PRD00704,310,9935.11
POI00009349,PO0003581,PRD00143,459,2616.16
POI00009350,PO0003320,PRD00668,364,3092.64
POI00009351,PO0000997,PRD00406,258,6081.8
POI00009352,PO0004465,PRD00100,471,3533.63
POI00009353,PO0000943,PRD00575,94,4003.21
POI00009354,PO0009179,PRD00008,203,8448.73
POI00009355,PO0000985,PRD00478,380,14298.83
POI00009356,PO0008023,PRD00191,386,6029.05
POI00009357,PO0000065,PRD00939,467,12076.99
POI00009358,PO0000304,PRD00974,94,12813.95
POI00009359,PO0003984,PRD00616,217,1388.81
POI00009360,PO0001187,PRD00589,47,13991.37
POI00009361,PO0009691,PRD00612,125,12339.55
POI00009362,PO0008697,PRD00272,37,5905.57
POI00009363,PO0009657,PRD00404,167,3670.74
POI00009364,PO0007750,PRD00412,402,14128.47
POI00009365,PO0008024,PRD00456,251,14536.29
POI00009366,PO0005377,PRD00210,61,5229.98
POI00009367,PO0007877,PRD00067,265,10482.12
POI00009368,PO0009873,PRD00255,67,13121.82
POI00009369,PO0001885,PRD00862,500,5699.76
POI00009370,PO0003766,PRD00327,105,11465.77
POI00009371,PO0004353,PRD00814,233,14386.74
POI00009372,PO0005594,PRD00132,75,14475.18
POI00009373,PO0008210,PRD00528,360,10694.01
POI00009374,PO0008798,PRD00434,288,7897.25
POI00009375,PO0003440,PRD00725,436,9430.17
POI00009376,PO0003713,PRD00239,123,3839.78
POI00009377,PO0002052,PRD00391,482,8417.25
POI00009378,PO0002888,PRD00466,418,10894.67
POI00009379,PO0003663,PRD00927,356,9238.3
POI00009380,PO0005998,PRD00608,458,2030.27
POI00009381,PO0004882,PRD00867,339,2868.63
POI00009382,PO0008840,PRD00238,410,1063.4
POI00009383,PO0005181,PRD00843,221,14383.19
POI00009384,PO0003025,PRD00331,328,4343.37
POI00009385,PO0009325,PRD00483,175,8191.19
POI00009386,PO0006061,PRD00260,436,500.56
POI00009387,PO0000348,PRD00711,217,14208.1
POI00009388,PO0000337,PRD00282,383,6599.31
POI00009389,PO0008778,PRD00298,426,1909.75
POI00009390,PO0003923,PRD00006,224,12453.87
POI00009391,PO0004504,PRD00193,488,1081.63
POI00009392,PO0006292,PRD00448,25,3508.12
POI00009393,PO0003130,PRD00674,361,13022.73
POI00009394,PO0002641,PRD00036,457,10797.72
POI00009395,PO0009416,PRD00712,194,5380.83
POI00009396,PO0002737,PRD00885,287,14081.25
POI00009397,PO0003248,PRD00788,121,13824.18
POI00009398,PO0000159,PRD00294,208,7979.54
POI00009399,PO0001763,PRD00782,238,9890.23
POI00009400,PO0005805,PRD00644,446,5838.18
POI00009401,PO0000606,PRD00058,364,4231.59
POI00009402,PO0008602,PRD00390,425,6845.21
POI00009403,PO0008739,PRD00931,305,7216.54
POI00009404,PO0008234,PRD00931,115,7216.54
POI00009405,PO0009801,PRD00456,449,14536.29
POI00009406,PO0001132,PRD00433,219,10827.08
POI00009407,PO0005095,PRD00901,210,1036.08
POI00009408,PO0000400,PRD00540,481,3098.59
POI00009409,PO0003967,PRD00450,311,2755.97
POI00009410,PO0004160,PRD00019,404,5319.1
POI00009411,PO0001188,PRD00461,82,4804.84
POI00009412,PO0009511,PRD00656,29,3059.15
POI00009413,PO0008643,PRD00669,302,4850.66
POI00009414,PO0001797,PRD00498,25,515.55
POI00009415,PO0003601,PRD00947,67,8686.66
POI00009416,PO0004025,PRD00649,206,13327.93
POI00009417,PO0009062,PRD00413,489,6171.23
POI00009418,PO0002964,PRD00982,43,2789.53
POI00009419,PO0006051,PRD00948,385,5378.23
POI00009420,PO0006406,PRD00133,383,13122.92
POI00009421,PO0008623,PRD00986,54,7134.56
POI00009422,PO0000580,PRD00441,118,3675.25
POI00009423,PO0001124,PRD00306,425,7923.38
POI00009424,PO0009457,PRD00181,425,2679.75
POI00009425,PO0008914,PRD00235,146,664.0
POI00009426,PO0000726,PRD00446,462,10566.45
POI00009427,PO0005133,PRD00597,194,12775.63
POI00009428,PO0008328,PRD00004,314,10337.46
POI00009429,PO0004655,PRD00546,406,218.56
POI00009430,PO0005361,PRD00805,335,6473.34
POI00009431,PO0008831,PRD00872,116,13370.7
POI00009432,PO0003391,PRD00968,257,14208.61
POI00009433,PO0000582,PRD01000,223,1107.64
POI00009434,PO0009735,PRD00613,111,2658.28
POI00009435,PO0007632,PRD00118,165,13920.88
POI00009436,PO0008497,PRD00172,244,1562.37
POI00009437,PO0003672,PRD00399,428,10939.64
POI00009438,PO0009423,PRD00376,391,7767.99
POI00009439,PO0006360,PRD00794,275,14754.3
POI00009440,PO0006945,PRD00609,394,8768.27
POI00009441,PO0003629,PRD00509,331,7385.46
POI00009442,PO0007568,PRD00252,439,5568.19
POI00009443,PO0007955,PRD00635,40,2679.1
POI00009444,PO0000232,PRD00292,271,14246.05
POI00009445,PO0002651,PRD00076,354,5099.04
POI00009446,PO0000411,PRD00468,64,7437.41
POI00009447,PO0006874,PRD00244,493,4688.28
POI00009448,PO0000113,PRD00484,267,1711.79
POI00009449,PO0004520,PRD00189,279,1559.74
POI00009450,PO0001650,PRD00473,62,4562.49
POI00009451,PO0006333,PRD00398,243,1850.01
POI00009452,PO0005096,PRD00680,108,12884.86
POI00009453,PO0005852,PRD00549,299,2125.97
POI00009454,PO0009866,PRD00315,66,12650.55
POI00009455,PO0000663,PRD00172,311,1562.37
POI00009456,PO0002634,PRD00072,160,2707.96
POI00009457,PO0002040,PRD00062,73,3639.09
POI00009458,PO0000732,PRD00886,247,8868.6
POI00009459,PO0002120,PRD00605,305,3961.69
POI00009460,PO0006301,PRD00516,455,8281.91
POI00009461,PO0001465,PRD00244,301,4688.28
POI00009462,PO0001425,PRD00952,242,4757.15
POI00009463,PO0008059,PRD00201,21,9166.2
POI00009464,PO0008584,PRD00867,445,2868.63
POI00009465,PO0008980,PRD00659,301,2838.43
POI00009466,PO0002151,PRD00193,78,1081.63
POI00009467,PO0006964,PRD00174,491,1447.77
POI00009468,PO0002098,PRD00863,401,7788.61
POI00009469,PO0001689,PRD00960,286,2038.65
POI00009470,PO0002739,PRD00467,134,10304.91
POI00009471,PO0005905,PRD00201,427,9166.2
POI00009472,PO0009160,PRD00923,72,14211.0
POI00009473,PO0001898,PRD00587,372,7001.79
POI00009474,PO0006554,PRD00365,25,9821.16
POI00009475,PO0007828,PRD00335,171,12393.64
POI00009476,PO0001418,PRD00288,49,4176.37
POI00009477,PO0009743,PRD00186,275,13497.06
POI00009478,PO0002510,PRD00180,63,5424.97
POI00009479,PO0005981,PRD00050,371,14145.71
POI00009480,PO0008522,PRD00547,349,10434.94
POI00009481,PO0004979,PRD00839,355,1545.18
POI00009482,PO0005776,PRD00189,471,1559.74
POI00009483,PO0000591,PRD00938,412,14690.74
POI00009484,PO0002866,PRD00717,444,5192.63
POI00009485,PO0005456,PRD00971,333,2515.98
POI00009486,PO0003751,PRD00932,165,12917.17
POI00009487,PO0002098,PRD00066,205,1213.87
POI00009488,PO0000734,PRD00541,237,2451.94
POI00009489,PO0007362,PRD00040,316,12037.14
POI00009490,PO0008791,PRD00789,202,7598.09
POI00009491,PO0009803,PRD00874,203,13187.35
POI00009492,PO0007260,PRD00296,28,13710.05
POI00009493,PO0005289,PRD00995,490,1957.35
POI00009494,PO0002923,PRD00023,246,3880.46
POI00009495,PO0008490,PRD00406,127,6081.8
POI00009496,PO0007457,PRD00753,275,1627.4
POI00009497,PO0008660,PRD00839,464,1545.18
POI00009498,PO0005714,PRD00250,279,14546.26
POI00009499,PO0005472,PRD00373,265,5013.81
POI00009500,PO0004974,PRD00156,266,1424.79
POI00009501,PO0009797,PRD00958,402,1630.61
POI00009502,PO0000839,PRD00559,331,1762.14
POI00009503,PO0006675,PRD00798,271,10418.61
POI00009504,PO0006569,PRD00420,372,7232.56
POI00009505,PO0003450,PRD00689,304,10243.12
POI00009506,PO0008159,PRD00115,322,12984.47
POI00009507,PO0001023,PRD00167,39,14939.24
POI00009508,PO0003180,PRD00564,157,9458.27
POI00009509,PO0007549,PRD00160,138,2180.09
POI00009510,PO0004866,PRD00659,184,2838.43
POI00009511,PO0001940,PRD00080,186,9716.87
POI00009512,PO0004975,PRD00967,11,5210.76
POI00009513,PO0007784,PRD00045,209,3578.64
POI00009514,PO0008808,PRD00500,328,8694.03
POI00009515,PO0007889,PRD00540,192,3098.59
POI00009516,PO0004898,PRD00795,148,10383.68
POI00009517,PO0004622,PRD00797,474,11156.8
POI00009518,PO0006244,PRD00763,124,5016.95
POI00009519,PO0004855,PRD00067,226,10482.12
POI00009520,PO0000844,PRD00259,399,7569.95
POI00009521,PO0007093,PRD00446,288,10566.45
POI00009522,PO0003069,PRD00724,345,11372.17
POI00009523,PO0001646,PRD00321,369,7009.48
POI00009524,PO0002698,PRD00116,393,6245.65
POI00009525,PO0007996,PRD00701,348,7267.54
POI00009526,PO0000235,PRD00366,483,11358.19
POI00009527,PO0003808,PRD00984,320,5821.18
POI00009528,PO0005228,PRD00008,476,8448.73
POI00009529,PO0003481,PRD00813,454,1791.65
POI00009530,PO0008014,PRD00217,498,12942.68
POI00009531,PO0006401,PRD00574,294,11589.74
POI00009532,PO0005655,PRD00424,456,7036.46
POI00009533,PO0008345,PRD00320,75,1168.76
POI00009534,PO0009867,PRD00168,71,5878.6
POI00009535,PO0001316,PRD00190,283,6496.64
POI00009536,PO0005921,PRD00832,192,14364.28
POI00009537,PO0006953,PRD00949,235,13353.32
POI00009538,PO0006838,PRD00547,87,10434.94
POI00009539,PO0004181,PRD00523,296,12097.17
POI00009540,PO0000740,PRD00386,142,7920.56
POI00009541,PO0009311,PRD00018,55,6025.11
POI00009542,PO0005799,PRD00395,116,6180.29
POI00009543,PO0008640,PRD00662,364,1358.75
POI00009544,PO0004149,PRD00350,18,7818.75
POI00009545,PO0002055,PRD00018,172,6025.11
POI00009546,PO0001756,PRD00602,43,12799.03
POI00009547,PO0008969,PRD00481,347,9907.25
POI00009548,PO0006855,PRD00579,246,3728.71
POI00009549,PO0007212,PRD00755,132,12949.63
POI00009550,PO0006297,PRD00024,162,5514.18
POI00009551,PO0000270,PRD00727,398,1054.08
POI00009552,PO0003255,PRD00455,465,3543.59
POI00009553,PO0007497,PRD00953,464,4127.02
POI00009554,PO0008643,PRD00149,145,8656.19
POI00009555,PO0001445,PRD00478,350,14298.83
POI00009556,PO0007671,PRD00221,172,13068.22
POI00009557,PO0007541,PRD00716,98,7985.19
POI00009558,PO0009601,PRD00776,428,3296.6
POI00009559,PO0008629,PRD00821,186,9726.69
POI00009560,PO0001750,PRD00147,157,10379.48
POI00009561,PO0006340,PRD00014,471,11069.54
POI00009562,PO0002319,PRD00408,78,8695.92
POI00009563,PO0007754,PRD00473,358,4562.49
POI00009564,PO0009493,PRD00120,321,4716.39
POI00009565,PO0009825,PRD00666,291,1874.61
POI00009566,PO0002738,PRD00081,19,3386.22
POI00009567,PO0009408,PRD00559,452,1762.14
POI00009568,PO0002402,PRD00040,243,12037.14
POI00009569,PO0003688,PRD00845,432,2083.84
POI00009570,PO0000315,PRD00409,56,13153.77
POI00009571,PO0006615,PRD00330,495,4277.84
POI00009572,PO0008717,PRD00667,417,12142.23
POI00009573,PO0004226,PRD00025,41,9977.74
POI00009574,PO0003851,PRD00111,226,14538.3
POI00009575,PO0007082,PRD00921,104,10131.57
POI00009576,PO0008446,PRD00874,70,13187.35
POI00009577,PO0002244,PRD00545,446,7193.96
POI00009578,PO0000411,PRD00527,469,13016.35
POI00009579,PO0006277,PRD00511,436,2991.32
POI00009580,PO0004613,PRD00023,404,3880.46
POI00009581,PO0008606,PRD00096,497,4636.27
POI00009582,PO0003776,PRD00235,265,664.0
POI00009583,PO0008200,PRD00599,179,11716.66
POI00009584,PO0007131,PRD00158,319,12470.65
POI00009585,PO0002098,PRD00483,369,8191.19
POI00009586,PO0000638,PRD00126,61,12322.6
POI00009587,PO0004120,PRD00430,76,7529.58
POI00009588,PO0004199,PRD00065,381,13939.0
POI00009589,PO0009297,PRD00906,408,9258.63
POI00009590,PO0007138,PRD00994,403,971.84
POI00009591,PO0009879,PRD00647,204,2506.84
POI00009592,PO0004521,PRD00233,141,9106.69
POI00009593,PO0000547,PRD00928,54,5618.25
POI00009594,PO0005205,PRD00615,284,9737.39
POI00009595,PO0007564,PRD00528,108,10694.01
POI00009596,PO0009484,PRD00227,221,12974.56
POI00009597,PO0002004,PRD00045,429,3578.64
POI00009598,PO0004982,PRD00580,27,13972.91
POI00009599,PO0006792,PRD00617,192,9490.86
POI00009600,PO0001634,PRD00025,305,9977.74
POI00009601,PO0003339,PRD00124,31,8304.87
POI00009602,PO0001568,PRD00585,436,4963.33
POI00009603,PO0005895,PRD00506,336,2811.02
POI00009604,PO0004578,PRD00378,47,5802.93
POI00009605,PO0000708,PRD00550,201,1100.7
POI00009606,PO0000236,PRD00760,209,2297.92
POI00009607,PO0006025,PRD00688,413,5575.81
POI00009608,PO0006232,PRD00268,192,9508.77
POI00009609,PO0007769,PRD00255,28,13121.82
POI00009610,PO0003696,PRD00386,136,7920.56
POI00009611,PO0000836,PRD00031,265,11922.53
POI00009612,PO0001292,PRD00423,314,13733.69
POI00009613,PO0005129,PRD00027,172,2942.25
POI00009614,PO0009997,PRD00782,143,9890.23
POI00009615,PO0005035,PRD00718,394,12946.92
POI00009616,PO0001179,PRD00135,442,7084.8
POI00009617,PO0004461,PRD00351,363,4761.19
POI00009618,PO0003699,PRD00223,122,13596.37
POI00009619,PO0004222,PRD00503,91,8838.11
POI00009620,PO0004049,PRD00630,145,12112.17
POI00009621,PO0007754,PRD00796,176,5431.54
POI00009622,PO0004891,PRD00366,302,11358.19
POI00009623,PO0002397,PRD00558,403,9720.85
POI00009624,PO0000516,PRD00403,390,560.68
POI00009625,PO0007042,PRD00205,303,5692.82
POI00009626,PO0002904,PRD00790,298,11430.76
POI00009627,PO0009551,PRD00645,369,13236.02
POI00009628,PO0000668,PRD00210,50,5229.98
POI00009629,PO0001916,PRD00670,470,8380.95
POI00009630,PO0004150,PRD00319,225,3733.58
POI00009631,PO0001444,PRD00075,433,3718.44
POI00009632,PO0001087,PRD00848,301,13378.15
POI00009633,PO0008706,PRD00568,327,4707.73
POI00009634,PO0004483,PRD00919,189,12018.41
POI00009635,PO0004249,PRD00978,181,10928.44
POI00009636,PO0005694,PRD00456,278,14536.29
POI00009637,PO0005295,PRD00429,240,4484.27
POI00009638,PO0002610,PRD00855,326,11377.51
POI00009639,PO0003148,PRD00800,239,273.44
POI00009640,PO0005030,PRD00794,92,14754.3
POI00009641,PO0004003,PRD00897,176,11763.99
POI00009642,PO0003680,PRD00880,350,12411.59
POI00009643,PO0005622,PRD00852,238,9836.31
POI00009644,PO0001196,PRD00413,405,6171.23
POI00009645,PO0002209,PRD00980,283,10478.27
POI00009646,PO0005936,PRD00204,319,1118.21
POI00009647,PO0009251,PRD00491,233,4733.4
POI00009648,PO0005045,PRD00613,431,2658.28
POI00009649,PO0009690,PRD00882,191,7275.03
POI00009650,PO0006398,PRD00311,414,5242.66
POI00009651,PO0003228,PRD00607,441,12074.14
POI00009652,PO0000346,PRD00859,310,13775.1
POI00009653,PO0006009,PRD00600,58,6787.54
POI00009654,PO0000286,PRD00852,229,9836.31
POI00009655,PO0002060,PRD00332,261,13246.24
POI00009656,PO0002630,PRD00006,128,12453.87
POI00009657,PO0004636,PRD00946,373,5214.57
POI00009658,PO0002643,PRD00251,257,3571.32
POI00009659,PO0004937,PRD00219,348,12493.83
POI00009660,PO0002242,PRD00277,187,12187.55
POI00009661,PO0007154,PRD00629,284,377.33
POI00009662,PO0007046,PRD00195,205,8830.06
POI00009663,PO0009864,PRD00278,61,4458.16
POI00009664,PO0005033,PRD00722,457,9531.63
POI00009665,PO0007179,PRD00586,412,4430.6
POI00009666,PO0001642,PRD00260,422,500.56
POI00009667,PO0007936,PRD00436,215,10630.97
POI00009668,PO0007331,PRD00034,121,12113.92
POI00009669,PO0005004,PRD00126,268,12322.6
POI00009670,PO0002960,PRD00511,297,2991.32
POI00009671,PO0000860,PRD00392,238,5987.55
POI00009672,PO0003818,PRD00290,159,2210.27
POI00009673,PO0005582,PRD00766,304,11198.97
POI00009674,PO0007888,PRD00993,311,2432.86
POI00009675,PO0001813,PRD00062,353,3639.09
POI00009676,PO0002994,PRD00424,32,7036.46
POI00009677,PO0005861,PRD00221,376,13068.22
POI00009678,PO0002772,PRD00399,165,10939.64
POI00009679,PO0001363,PRD00749,309,13186.86
POI00009680,PO0002876,PRD00689,72,10243.12
POI00009681,PO0004055,PRD00042,357,12472.09
POI00009682,PO0006738,PRD00080,287,9716.87
POI00009683,PO0006237,PRD00428,441,322.0
POI00009684,PO0007021,PRD00989,214,12965.77
POI00009685,PO0002138,PRD01000,117,1107.64
POI00009686,PO0001877,PRD00844,360,10706.01
POI00009687,PO0001162,PRD00660,156,745.68
POI00009688,PO0002539,PRD00213,389,11481.28
POI00009689,PO0003525,PRD00402,147,2394.41
POI00009690,PO0009518,PRD00712,387,5380.83
POI00009691,PO0008737,PRD00052,474,3353.77
POI00009692,PO0009786,PRD00692,33,4333.24
POI00009693,PO0002056,PRD00069,257,9949.9
POI00009694,PO0000216,PRD00868,72,9943.76
POI00009695,PO0000918,PRD00175,449,834.63
POI00009696,PO0004775,PRD00790,79,11430.76
POI00009697,PO0000799,PRD00291,458,1083.12
POI00009698,PO0007147,PRD00793,346,871.73
POI00009699,PO0006677,PRD00369,383,11836.37
POI00009700,PO0001585,PRD00209,152,9137.57
POI00009701,PO0000343,PRD00545,32,7193.96
POI00009702,PO0000764,PRD00638,383,14235.92
POI00009703,PO0005554,PRD00362,263,837.42
POI00009704,PO0003277,PRD00699,494,8800.55
POI00009705,PO0003655,PRD00592,428,14420.88
POI00009706,PO0008401,PRD00275,16,2070.47
POI00009707,PO0000029,PRD00272,468,5905.57
POI00009708,PO0001029,PRD00341,88,8938.37
POI00009709,PO0001339,PRD00468,298,7437.41
POI00009710,PO0007592,PRD00470,162,10835.82
POI00009711,PO0007857,PRD00932,413,12917.17
POI00009712,PO0001872,PRD00126,410,12322.6
POI00009713,PO0007155,PRD00035,222,9200.21
POI00009714,PO0003059,PRD00157,431,3075.86
POI00009715,PO0000002,PRD00470,326,10835.82
POI00009716,PO0007606,PRD00474,29,4767.61
POI00009717,PO0007674,PRD00934,286,8748.64
POI00009718,PO0003772,PRD00897,185,11763.99
POI00009719,PO0000020,PRD00149,287,8656.19
POI00009720,PO0000413,PRD00669,409,4850.66
POI00009721,PO0007305,PRD00441,196,3675.25
POI00009722,PO0001335,PRD00887,233,6428.3
POI00009723,PO0003375,PRD00651,340,6515.34
POI00009724,PO0008083,PRD00225,60,11422.41
POI00009725,PO0007405,PRD00177,136,12210.75
POI00009726,PO0003579,PRD00486,48,14504.82
POI00009727,PO0007586,PRD00838,185,9698.54
POI00009728,PO0002600,PRD00383,247,3349.4
POI00009729,PO0000921,PRD00478,376,14298.83
POI00009730,PO0006282,PRD00905,475,2985.62
POI00009731,PO0005869,PRD00832,60,14364.28
POI00009732,PO0009747,PRD00874,208,13187.35
POI00009733,PO0004290,PRD00217,183,12942.68
POI00009734,PO0008366,PRD00564,166,9458.27
POI00009735,PO0009334,PRD00628,216,2699.31
POI00009736,PO0006964,PRD00558,207,9720.85
POI00009737,PO0000583,PRD00808,232,7399.02
POI00009738,PO0009986,PRD00486,298,14504.82
POI00009739,PO0008657,PRD00570,159,4694.61
POI00009740,PO0001361,PRD00128,151,8314.61
POI00009741,PO0009597,PRD00825,20,6540.73
POI00009742,PO0002206,PRD00841,138,13509.77
POI00009743,PO0007882,PRD00795,426,10383.68
POI00009744,PO0002295,PRD00008,464,8448.73
POI00009745,PO0001569,PRD00011,445,10256.43
POI00009746,PO0008514,PRD00012,442,14609.65
POI00009747,PO0003309,PRD00381,158,2462.98
POI00009748,PO0007047,PRD00392,241,5987.55
POI00009749,PO0002974,PRD00533,114,10985.5
POI00009750,PO0002566,PRD00870,424,9737.11
POI00009751,PO0002516,PRD00887,313,6428.3
POI00009752,PO0006594,PRD00086,411,14709.22
POI00009753,PO0009823,PRD00942,219,11797.17
POI00009754,PO0003496,PRD00933,150,4789.52
POI00009755,PO0005892,PRD00908,306,5348.66
POI00009756,PO0009691,PRD00226,12,7002.18
POI00009757,PO0009820,PRD00800,10,273.44
POI00009758,PO0005993,PRD00223,414,13596.37
POI00009759,PO0002549,PRD00291,251,1083.12
POI00009760,PO0006833,PRD00301,43,10700.19
POI00009761,PO0009277,PRD00242,116,9680.92
POI00009762,PO0006100,PRD00520,134,12944.02
POI00009763,PO0009452,PRD00503,295,8838.11
POI00009764,PO0005827,PRD00406,130,6081.8
POI00009765,PO0003713,PRD00012,88,14609.65
POI00009766,PO0006247,PRD00113,68,4380.21
POI00009767,PO0005849,PRD00884,82,5606.03
POI00009768,PO0001352,PRD00384,60,6284.42
POI00009769,PO0006154,PRD00945,173,3955.76
POI00009770,PO0007789,PRD00768,199,13360.45
POI00009771,PO0004237,PRD00929,58,2808.45
POI00009772,PO0002488,PRD00024,180,5514.18
POI00009773,PO0009717,PRD00718,130,12946.92
POI00009774,PO0009341,PRD00023,321,3880.46
POI00009775,PO0000993,PRD00800,175,273.44
POI00009776,PO0009664,PRD00745,154,7007.02
POI00009777,PO0005593,PRD00774,455,7426.94
POI00009778,PO0006494,PRD00825,263,6540.73
POI00009779,PO0005683,PRD00317,96,11523.03
POI00009780,PO0005319,PRD00225,354,11422.41
POI00009781,PO0005692,PRD00574,104,11589.74
POI00009782,PO0000330,PRD00860,273,1620.12
POI00009783,PO0000931,PRD00498,301,515.55
POI00009784,PO0004372,PRD00726,410,2003.65
POI00009785,PO0006387,PRD00442,435,4068.49
POI00009786,PO0004439,PRD00193,331,1081.63
POI00009787,PO0001963,PRD00278,74,4458.16
POI00009788,PO0006823,PRD00517,106,8167.29
POI00009789,PO0003851,PRD00840,161,1992.97
POI00009790,PO0001414,PRD00953,255,4127.02
POI00009791,PO0001304,PRD00564,477,9458.27
POI00009792,PO0002633,PRD00961,196,12916.7
POI00009793,PO0003017,PRD00289,122,5500.6
POI00009794,PO0009400,PRD00491,244,4733.4
POI00009795,PO0004921,PRD00549,253,2125.97
POI00009796,PO0000308,PRD00180,447,5424.97
POI00009797,PO0005182,PRD00287,329,5325.08
POI00009798,PO0002649,PRD00234,253,12179.62
POI00009799,PO0002991,PRD00140,322,6699.68
POI00009800,PO0002377,PRD00252,250,5568.19
POI00009801,PO0008150,PRD00111,443,14538.3
POI00009802,PO0007522,PRD00056,469,2104.64
POI00009803,PO0001496,PRD00166,274,9766.65
POI00009804,PO0003290,PRD00815,365,5837.27
POI00009805,PO0008464,PRD00902,261,10889.46
POI00009806,PO0003552,PRD00441,319,3675.25
POI00009807,PO0001992,PRD00100,419,3533.63
POI00009808,PO0009761,PRD00484,152,1711.79
POI00009809,PO0005849,PRD00903,220,10697.16
POI00009810,PO0008763,PRD00770,185,12677.22
POI00009811,PO0008277,PRD00041,264,14254.59
POI00009812,PO0002084,PRD00306,475,7923.38
POI00009813,PO0005797,PRD00503,79,8838.11
POI00009814,PO0000171,PRD00598,460,4825.42
POI00009815,PO0008686,PRD00002,335,14088.84
POI00009816,PO0002870,PRD00184,97,6913.99
POI00009817,PO0008739,PRD00479,194,11981.47
POI00009818,PO0000461,PRD00793,48,871.73
POI00009819,PO0008264,PRD00289,299,5500.6
POI00009820,PO0008551,PRD00593,197,1467.96
POI00009821,PO0009840,PRD00884,352,5606.03
POI00009822,PO0003660,PRD00903,160,10697.16
POI00009823,PO0001198,PRD00580,211,13972.91
POI00009824,PO0006364,PRD00860,175,1620.12
POI00009825,PO0001561,PRD00163,51,8801.64
POI00009826,PO0000602,PRD00759,472,6538.09
POI00009827,PO0007500,PRD00256,310,4333.14
POI00009828,PO0007758,PRD00485,93,9733.24
POI00009829,PO0002495,PRD00285,35,8218.48
POI00009830,PO0005764,PRD00719,276,9495.01
POI00009831,PO0009610,PRD00288,151,4176.37
POI00009832,PO0001602,PRD00015,237,4060.74
POI00009833,PO0002571,PRD00196,83,6209.26
POI00009834,PO0000052,PRD00537,37,11841.49
POI00009835,PO0003488,PRD00543,10,5993.42
POI00009836,PO0000207,PRD00577,130,5565.9
POI00009837,PO0001658,PRD00250,415,14546.26
POI00009838,PO0003208,PRD00426,330,11443.5
POI00009839,PO0006436,PRD00772,290,11409.05
POI00009840,PO0001714,PRD00003,144,4143.44
POI00009841,PO0006291,PRD00666,138,1874.61
POI00009842,PO0009515,PRD00505,104,10107.88
POI00009843,PO0009297,PRD00753,315,1627.4
POI00009844,PO0006429,PRD00149,204,8656.19
POI00009845,PO0001771,PRD00976,184,4864.0
POI00009846,PO0000883,PRD00642,84,6743.72
POI00009847,PO0004463,PRD00582,204,12403.88
POI00009848,PO0002358,PRD00665,381,13549.44
POI00009849,PO0003590,PRD00675,346,9849.43
POI00009850,PO0007309,PRD00096,403,4636.27
POI00009851,PO0007158,PRD00094,112,8406.45
POI00009852,PO0003450,PRD00587,54,7001.79
POI00009853,PO0006850,PRD00104,32,8958.06
POI00009854,PO0000948,PRD00034,162,12113.92
POI00009855,PO0001774,PRD00082,211,7141.05
POI00009856,PO0007378,PRD00531,302,7772.95
POI00009857,PO0003709,PRD00324,28,4070.68
POI00009858,PO0007544,PRD00141,344,11958.46
POI00009859,PO0009951,PRD00980,262,10478.27
POI00009860,PO0009944,PRD00913,283,7633.07
POI00009861,PO0003477,PRD00623,192,11479.62
POI00009862,PO0009968,PRD00948,100,5378.23
POI00009863,PO0000553,PRD00346,296,2284.81
POI00009864,PO0003625,PRD00391,354,8417.25
POI00009865,PO0000611,PRD00395,280,6180.29
POI00009866,PO0009021,PRD00342,13,10654.4
POI00009867,PO0009223,PRD00758,365,14670.2
POI00009868,PO0000963,PRD00187,113,4183.24
POI00009869,PO0006823,PRD00439,366,7978.91
POI00009870,PO0000863,PRD00960,112,2038.65
POI00009871,PO0001107,PRD00524,256,4908.91
POI00009872,PO0003629,PRD00559,225,1762.14
POI00009873,PO0006246,PRD00009,233,12532.16
POI00009874,PO0000636,PRD00854,106,7572.34
POI00009875,PO0007551,PRD00438,478,314.72
POI00009876,PO0002167,PRD00186,332,13497.06
POI00009877,PO0000529,PRD00043,106,6795.04
POI00009878,PO0002896,PRD00676,411,4189.18
POI00009879,PO0008339,PRD00705,68,14962.24
POI00009880,PO0003144,PRD00101,339,1142.0
POI00009881,PO0009471,PRD00844,96,10706.01
POI00009882,PO0006585,PRD00411,324,9419.82
POI00009883,PO0000694,PRD00466,324,10894.67
POI00009884,PO0006542,PRD00057,423,4964.1
POI00009885,PO0003035,PRD00006,37,12453.87
POI00009886,PO0003498,PRD00370,253,218.27
POI00009887,PO0007057,PRD00931,353,7216.54
POI00009888,PO0008468,PRD00638,98,14235.92
POI00009889,PO0002318,PRD00369,10,11836.37
POI00009890,PO0007489,PRD00358,226,14322.76
POI00009891,PO0000164,PRD00389,366,10776.42
POI00009892,PO0005336,PRD00273,424,3864.46
POI00009893,PO0006300,PRD00711,287,14208.1
POI00009894,PO0008014,PRD00596,121,6569.94
POI00009895,PO0006593,PRD00209,142,9137.57
POI00009896,PO0005178,PRD00580,369,13972.91
POI00009897,PO0002840,PRD00238,496,1063.4
POI00009898,PO0008884,PRD00483,344,8191.19
POI00009899,PO0002444,PRD00498,33,515.55
POI00009900,PO0005724,PRD00968,243,14208.61
POI00009901,PO0001295,PRD00545,345,7193.96
POI00009902,PO0009493,PRD00235,131,664.0
POI00009903,PO0008745,PRD00294,500,7979.54
POI00009904,PO0004587,PRD00225,204,11422.41
POI00009905,PO0000352,PRD00394,89,14023.98
POI00009906,PO0009434,PRD00117,492,9411.1
POI00009907,PO0002743,PRD00260,42,500.56
POI00009908,PO0009324,PRD00788,307,13824.18
POI00009909,PO0005932,PRD00044,129,9431.09
POI00009910,PO0007805,PRD00676,305,4189.18
POI00009911,PO0001933,PRD00781,336,10401.92
POI00009912,PO0000922,PRD00519,113,4521.82
POI00009913,PO0008060,PRD00450,340,2755.97
POI00009914,PO0007494,PRD00753,438,1627.4
POI00009915,PO0002439,PRD00843,474,14383.19
POI00009916,PO0008597,PRD00379,133,8770.31
POI00009917,PO0009893,PRD00764,408,6096.89
POI00009918,PO0006341,PRD00162,118,287.67
POI00009919,PO0005603,PRD00371,310,6858.89
POI00009920,PO0006337,PRD00526,301,2102.99
POI00009921,PO0002399,PRD00328,298,13195.81
POI00009922,PO0003393,PRD00157,210,3075.86
POI00009923,PO0005393,PRD00873,123,7788.28
POI00009924,PO0004914,PRD00882,254,7275.03
POI00009925,PO0003801,PRD00801,154,12463.35
POI00009926,PO0005668,PRD00313,83,9405.33
POI00009927,PO0001331,PRD00747,75,1497.38
POI00009928,PO0003902,PRD00885,463,14081.25
POI00009929,PO0006033,PRD00585,480,4963.33
POI00009930,PO0002366,PRD00757,54,1024.97
POI00009931,PO0007807,PRD00021,150,650.8
POI00009932,PO0003855,PRD00159,22,11218.67
POI00009933,PO0001580,PRD00789,123,7598.09
POI00009934,PO0005992,PRD00758,293,14670.2
POI00009935,PO0005925,PRD00416,249,5875.21
POI00009936,PO0007943,PRD00865,125,13316.61
POI00009937,PO0001897,PRD00924,476,3584.13
POI00009938,PO0008290,PRD00986,253,7134.56
POI00009939,PO0004539,PRD00913,353,7633.07
POI00009940,PO0000698,PRD00253,73,11689.61
POI00009941,PO0003935,PRD00132,397,14475.18
POI00009942,PO0000560,PRD00256,469,4333.14
POI00009943,PO0003179,PRD00526,15,2102.99
POI00009944,PO0006429,PRD00760,455,2297.92
POI00009945,PO0006327,PRD00946,315,5214.57
POI00009946,PO0007825,PRD00841,299,13509.77
POI00009947,PO0000213,PRD00761,233,9679.51
POI00009948,PO0004227,PRD00839,498,1545.18
POI00009949,PO0004006,PRD00559,22,1762.14
POI00009950,PO0008851,PRD00772,196,11409.05
POI00009951,PO0005291,PRD00956,193,3221.73
POI00009952,PO0004711,PRD00800,172,273.44
POI00009953,PO0009558,PRD00482,88,14861.25
POI00009954,PO0000584,PRD00535,417,12386.73
POI00009955,PO0005517,PRD00829,231,5770.69
POI00009956,PO0006302,PRD00018,208,6025.11
POI00009957,PO0009133,PRD00974,185,12813.95
POI00009958,PO0003997,PRD00045,499,3578.64
POI00009959,PO0006254,PRD00979,203,3320.45
POI00009960,PO0001929,PRD00777,394,1687.86
POI00009961,PO0007375,PRD00649,400,13327.93
POI00009962,PO0004769,PRD00237,214,10209.15
POI00009963,PO0004454,PRD00494,305,12749.77
POI00009964,PO0007376,PRD00022,61,6591.0
POI00009965,PO0002885,PRD00018,214,6025.11
POI00009966,PO0006035,PRD00601,290,14472.35
POI00009967,PO0007207,PRD00167,495,14939.24
POI00009968,PO0003042,PRD00007,114,9585.73
POI00009969,PO0001420,PRD00312,452,3819.03
POI00009970,PO0004302,PRD00337,341,11344.08
POI00009971,PO0007904,PRD00020,428,14093.42
POI00009972,PO0003908,PRD00435,150,11483.94
POI00009973,PO0009997,PRD00340,84,13976.02
POI00009974,PO0003786,PRD00447,472,8522.58
POI00009975,PO0007572,PRD00321,132,7009.48
POI00009976,PO0002276,PRD00490,271,13814.57
POI00009977,PO0000029,PRD00845,117,2083.84
POI00009978,PO0008606,PRD00910,20,10913.99
POI00009979,PO0003351,PRD00872,436,13370.7
POI00009980,PO0009428,PRD00223,13,13596.37
POI00009981,PO0007815,PRD00995,186,1957.35
POI00009982,PO0009011,PRD00578,328,3487.79
POI00009983,PO0005271,PRD00229,70,5330.98
POI00009984,PO0007384,PRD00040,365,12037.14
POI00009985,PO0000249,PRD00869,148,7264.23
POI00009986,PO0000471,PRD00731,182,8878.22
POI00009987,PO0003247,PRD00495,373,13954.44
POI00009988,PO0005817,PRD00730,139,3426.87
POI00009989,PO0008818,PRD00244,173,4688.28
POI00009990,PO0004575,PRD00044,82,9431.09
POI00009991,PO0001513,PRD00795,321,10383.68
POI00009992,PO0001704,PRD00679,19,5120.96
POI00009993,PO0008749,PRD00850,13,12204.62
POI00009994,PO0003007,PRD00151,471,13666.4
POI00009995,PO0006725,PRD00694,75,9801.68
POI00009996,PO0000414,PRD00818,180,2577.53
POI00009997,PO0000516,PRD00929,166,2808.45
POI00009998,PO0006573,PRD00561,99,5531.95
POI00009999,PO0000285,PRD00586,397,4430.6
POI00010000,PO0000305,PRD00834,89,4625.99
POI00010001,PO0001653,PRD00956,148,3221.73
POI00010002,PO0009849,PRD00414,497,3675.25
POI00010003,PO0001914,PRD00749,328,13186.86
POI00010004,PO0002434,PRD00697,227,6403.2
POI00010005,PO0005582,PRD00527,196,13016.35
POI00010006,PO0008925,PRD00640,356,14055.38
POI00010007,PO0002535,PRD00520,280,12944.02
POI00010008,PO0000263,PRD00575,440,4003.21
POI00010009,PO0003224,PRD00797,468,11156.8
POI00010010,PO0004465,PRD00839,397,1545.18
POI00010011,PO0002813,PRD00988,45,3859.43
POI00010012,PO0000541,PRD00286,78,4652.92
POI00010013,PO0006020,PRD00642,278,6743.72
POI00010014,PO0003325,PRD00938,110,14690.74
POI00010015,PO0009901,PRD00220,132,3710.28
POI00010016,PO0001415,PRD00392,349,5987.55
POI00010017,PO0003876,PRD00080,50,9716.87
POI00010018,PO0009722,PRD00667,198,12142.23
POI00010019,PO0007657,PRD00327,209,11465.77
POI00010020,PO0006545,PRD00177,250,12210.75
POI00010021,PO0003534,PRD00669,412,4850.66
POI00010022,PO0008281,PRD00428,355,322.0
POI00010023,PO0003192,PRD00418,270,848.93
POI00010024,PO0007695,PRD00157,150,3075.86
POI00010025,PO0001815,PRD00583,348,2755.82
POI00010026,PO0005112,PRD00422,109,13723.46
POI00010027,PO0001549,PRD00750,128,6059.6
POI00010028,PO0007488,PRD00834,475,4625.99
POI00010029,PO0001981,PRD00096,232,4636.27
POI00010030,PO0002360,PRD00222,206,1219.58
POI00010031,PO0002430,PRD00113,480,4380.21
POI00010032,PO0005907,PRD00981,268,916.09
POI00010033,PO0006491,PRD00542,164,3815.81
POI00010034,PO0000686,PRD00655,445,136.93
POI00010035,PO0002455,PRD00252,128,5568.19
POI00010036,PO0008769,PRD00832,496,14364.28
POI00010037,PO0000853,PRD00174,284,1447.77
POI00010038,PO0003318,PRD00168,198,5878.6
POI00010039,PO0006467,PRD00546,430,218.56
POI00010040,PO0009419,PRD00219,487,12493.83
POI00010041,PO0005520,PRD00202,339,2771.81
POI00010042,PO0006885,PRD00530,328,5677.57
POI00010043,PO0008935,PRD00440,293,12108.02
POI00010044,PO0005290,PRD00712,440,5380.83
POI00010045,PO0009684,PRD00135,411,7084.8
POI00010046,PO0005859,PRD00101,141,1142.0
POI00010047,PO0008944,PRD00291,446,1083.12
POI00010048,PO0007478,PRD00724,339,11372.17
POI00010049,PO0006159,PRD00294,127,7979.54
POI00010050,PO0007201,PRD00209,332,9137.57
POI00010051,PO0007543,PRD00110,294,13747.81
POI00010052,PO0004217,PRD00962,323,8264.3
POI00010053,PO0006808,PRD00730,378,3426.87
POI00010054,PO0005863,PRD00027,80,2942.25
POI00010055,PO0009653,PRD00547,404,10434.94
POI00010056,PO0007251,PRD00650,422,5122.22
POI00010057,PO0006945,PRD00813,453,1791.65
POI00010058,PO0008153,PRD00031,182,11922.53
POI00010059,PO0002886,PRD00863,442,7788.61
POI00010060,PO0003081,PRD00417,92,13839.61
POI00010061,PO0008205,PRD00457,89,7399.8
POI00010062,PO0009801,PRD00318,478,13343.83
POI00010063,PO0003477,PRD00690,296,2729.55
POI00010064,PO0002024,PRD00295,227,14410.96
POI00010065,PO0006612,PRD00855,70,11377.51
POI00010066,PO0001790,PRD00704,366,9935.11
POI00010067,PO0009443,PRD00097,65,14218.05
POI00010068,PO0002169,PRD00513,349,7371.4
POI00010069,PO0001908,PRD00584,33,13164.71
POI00010070,PO0007715,PRD00167,405,14939.24
POI00010071,PO0008003,PRD00293,207,14236.45
POI00010072,PO0001286,PRD00553,49,1373.39
POI00010073,PO0001468,PRD00132,469,14475.18
POI00010074,PO0007830,PRD00673,470,13879.93
POI00010075,PO0005833,PRD00650,500,5122.22
POI00010076,PO0002279,PRD00413,13,6171.23
POI00010077,PO0008551,PRD00300,391,10666.34
POI00010078,PO0003924,PRD00390,21,6845.21
POI00010079,PO0006435,PRD00286,67,4652.92
POI00010080,PO0007888,PRD00863,226,7788.61
POI00010081,PO0005011,PRD00074,85,12787.56
POI00010082,PO0006246,PRD00111,375,14538.3
POI00010083,PO0007910,PRD00979,235,3320.45
POI00010084,PO0008255,PRD00959,50,4695.81
POI00010085,PO0006034,PRD00317,74,11523.03
POI00010086,PO0004232,PRD00511,462,2991.32
POI00010087,PO0008698,PRD00665,111,13549.44
POI00010088,PO0005009,PRD00108,185,14993.62
POI00010089,PO0006371,PRD00732,42,5677.87
POI00010090,PO0003663,PRD00424,177,7036.46
POI00010091,PO0001327,PRD00393,484,755.72
POI00010092,PO0009225,PRD00468,414,7437.41
POI00010093,PO0008279,PRD00501,110,4943.69
POI00010094,PO0005179,PRD00039,296,829.26
POI00010095,PO0003410,PRD00376,350,7767.99
POI00010096,PO0000272,PRD00491,340,4733.4
POI00010097,PO0005725,PRD00095,210,11653.35
POI00010098,PO0009572,PRD00815,55,5837.27
POI00010099,PO0005591,PRD00593,470,1467.96
POI00010100,PO0000919,PRD00534,472,12763.59
POI00010101,PO0005355,PRD00341,229,8938.37
POI00010102,PO0008013,PRD00317,302,11523.03
POI00010103,PO0005309,PRD00107,39,9087.41
POI00010104,PO0005036,PRD00535,362,12386.73
POI00010105,PO0000937,PRD00630,85,12112.17
POI00010106,PO0006597,PRD00819,202,9433.84
POI00010107,PO0006885,PRD00752,22,1766.8
POI00010108,PO0003334,PRD00582,273,12403.88
POI00010109,PO0007647,PRD00204,44,1118.21
POI00010110,PO0008407,PRD00072,13,2707.96
POI00010111,PO0001615,PRD00467,120,10304.91
POI00010112,PO0009665,PRD00167,88,14939.24
POI00010113,PO0004182,PRD00627,50,8481.58
POI00010114,PO0003206,PRD00387,348,1001.43
POI00010115,PO0001096,PRD00297,63,3281.39
POI00010116,PO0000681,PRD00392,354,5987.55
POI00010117,PO0002211,PRD00559,31,1762.14
POI00010118,PO0005121,PRD00725,12,9430.17
POI00010119,PO0000943,PRD00557,324,7804.82
POI00010120,PO0005908,PRD00062,247,3639.09
POI00010121,PO0007449,PRD00085,258,2937.79
POI00010122,PO0001385,PRD00509,158,7385.46
POI00010123,PO0007966,PRD00351,74,4761.19
POI00010124,PO0008868,PRD00795,500,10383.68
POI00010125,PO0001215,PRD00828,289,11820.43
POI00010126,PO0003825,PRD00290,425,2210.27
POI00010127,PO0008077,PRD00507,74,8978.67
POI00010128,PO0000188,PRD00314,25,8909.78
POI00010129,PO0000246,PRD00182,14,11205.33
POI00010130,PO0009293,PRD00152,340,9137.41
POI00010131,PO0004964,PRD00191,22,6029.05
POI00010132,PO0001284,PRD00007,263,9585.73
POI00010133,PO0006174,PRD00107,391,9087.41
POI00010134,PO0005499,PRD00714,472,7100.41
POI00010135,PO0002804,PRD00861,331,12536.29
POI00010136,PO0005480,PRD00678,483,815.42
POI00010137,PO0006829,PRD00046,409,2330.39
POI00010138,PO0001379,PRD00837,481,2785.86
POI00010139,PO0009316,PRD00058,123,4231.59
POI00010140,PO0001202,PRD00547,115,10434.94
POI00010141,PO0005649,PRD00840,462,1992.97
POI00010142,PO0008398,PRD00739,358,7506.27
POI00010143,PO0001561,PRD00571,388,268.96
POI00010144,PO0008204,PRD00010,59,704.09
POI00010145,PO0007106,PRD00279,375,14005.9
POI00010146,PO0008336,PRD00622,389,3778.03
POI00010147,PO0008163,PRD00633,207,8823.37
POI00010148,PO0000817,PRD00739,426,7506.27
POI00010149,PO0000296,PRD00843,441,14383.19
POI00010150,PO0008978,PRD00104,421,8958.06
POI00010151,PO0001525,PRD00877,481,9378.32
POI00010152,PO0005067,PRD00653,133,9936.12
POI00010153,PO0001011,PRD00719,471,9495.01
POI00010154,PO0001717,PRD00999,403,8190.82
POI00010155,PO0003780,PRD00919,208,12018.41
POI00010156,PO0009374,PRD00954,275,6256.72
POI00010157,PO0004849,PRD00492,352,5276.64
POI00010158,PO0002931,PRD00619,59,5874.65
POI00010159,PO0003395,PRD00748,449,9977.26
POI00010160,PO0008716,PRD00157,291,3075.86
POI00010161,PO0008893,PRD00906,131,9258.63
POI00010162,PO0004643,PRD00025,282,9977.74
POI00010163,PO0000582,PRD00628,414,2699.31
POI00010164,PO0000564,PRD00345,234,10843.29
POI00010165,PO0009401,PRD00989,30,12965.77
POI00010166,PO0001228,PRD00260,98,500.56
POI00010167,PO0004221,PRD00824,59,13671.92
POI00010168,PO0004129,PRD00388,424,2534.89
POI00010169,PO0009136,PRD00391,66,8417.25
POI00010170,PO0009178,PRD00214,404,11225.45
POI00010171,PO0004729,PRD00810,290,6285.69
POI00010172,PO0009685,PRD00111,54,14538.3
POI00010173,PO0007759,PRD00660,473,745.68
POI00010174,PO0003536,PRD00371,87,6858.89
POI00010175,PO0008960,PRD00945,497,3955.76
POI00010176,PO0009255,PRD00611,311,1908.11
POI00010177,PO0001798,PRD00667,17,12142.23
POI00010178,PO0003144,PRD00610,97,3030.44
POI00010179,PO0004525,PRD00854,157,7572.34
POI00010180,PO0006592,PRD00256,134,4333.14
POI00010181,PO0009822,PRD00382,321,10379.13
POI00010182,PO0008140,PRD00813,113,1791.65
POI00010183,PO0004277,PRD00465,150,12966.68
POI00010184,PO0003983,PRD00298,210,1909.75
POI00010185,PO0006074,PRD00991,416,5985.46
POI00010186,PO0009840,PRD00723,318,642.86
POI00010187,PO0005379,PRD00767,79,8392.39
POI00010188,PO0009495,PRD00006,23,12453.87
POI00010189,PO0001434,PRD00415,243,13727.94
POI00010190,PO0007239,PRD00827,313,10537.16
POI00010191,PO0004067,PRD00734,225,799.67
POI00010192,PO0009921,PRD00188,63,5763.09
POI00010193,PO0000400,PRD00577,264,5565.9
POI00010194,PO0002292,PRD00671,262,13764.06
POI00010195,PO0003222,PRD00626,58,10575.52
POI00010196,PO0006500,PRD00786,118,12658.67
POI00010197,PO0007963,PRD00693,202,12868.1
POI00010198,PO0008756,PRD00594,12,6920.19
POI00010199,PO0008091,PRD00303,437,3612.1
POI00010200,PO0007204,PRD00664,466,8624.9
POI00010201,PO0000546,PRD00777,99,1687.86
POI00010202,PO0000331,PRD00777,210,1687.86
POI00010203,PO0008555,PRD00689,486,10243.12
POI00010204,PO0002108,PRD00581,46,3429.77
POI00010205,PO0000766,PRD00265,53,1738.91
POI00010206,PO0003188,PRD00688,180,5575.81
POI00010207,PO0003953,PRD00045,170,3578.64
POI00010208,PO0007052,PRD00662,90,1358.75
POI00010209,PO0006690,PRD00843,170,14383.19
POI00010210,PO0005708,PRD00847,344,9711.63
POI00010211,PO0002750,PRD00484,196,1711.79
POI00010212,PO0001488,PRD00951,378,12745.6
POI00010213,PO0007747,PRD00012,24,14609.65
POI00010214,PO0007740,PRD00021,168,650.8
POI00010215,PO0005670,PRD00224,484,3605.13
POI00010216,PO0002569,PRD00898,370,11808.33
POI00010217,PO0000770,PRD00550,213,1100.7
POI00010218,PO0000914,PRD00797,16,11156.8
POI00010219,PO0005642,PRD00883,279,13462.78
POI00010220,PO0004868,PRD00749,493,13186.86
POI00010221,PO0005167,PRD00375,243,2698.38
POI00010222,PO0008794,PRD00649,86,13327.93
POI00010223,PO0001405,PRD00886,493,8868.6
POI00010224,PO0004777,PRD00342,296,10654.4
POI00010225,PO0006285,PRD00540,467,3098.59
POI00010226,PO0003362,PRD00778,431,11600.41
POI00010227,PO0004154,PRD00838,207,9698.54
POI00010228,PO0004974,PRD00623,344,11479.62
POI00010229,PO0009072,PRD00513,406,7371.4
POI00010230,PO0002636,PRD00168,143,5878.6
POI00010231,PO0007710,PRD00590,450,14268.77
POI00010232,PO0001170,PRD00115,146,12984.47
POI00010233,PO0000545,PRD00048,153,1009.0
POI00010234,PO0001050,PRD00752,39,1766.8
POI00010235,PO0006920,PRD00967,249,5210.76
POI00010236,PO0004064,PRD00291,29,1083.12
POI00010237,PO0007683,PRD00040,241,12037.14
POI00010238,PO0003876,PRD00041,491,14254.59
POI00010239,PO0004234,PRD00252,45,5568.19
POI00010240,PO0006317,PRD00050,286,14145.71
POI00010241,PO0001737,PRD00185,410,6440.0
POI00010242,PO0006615,PRD00240,93,1296.01
POI00010243,PO0001624,PRD00672,27,1758.78
POI00010244,PO0001482,PRD00190,215,6496.64
POI00010245,PO0007593,PRD00804,440,14440.13
POI00010246,PO0003996,PRD00785,41,2141.65
POI00010247,PO0001558,PRD00894,88,2746.5
POI00010248,PO0008948,PRD00603,200,3288.11
POI00010249,PO0003863,PRD00308,458,1994.75
POI00010250,PO0003825,PRD00995,410,1957.35
POI00010251,PO0008383,PRD00576,158,6871.55
POI00010252,PO0004499,PRD00026,258,10030.04
POI00010253,PO0006306,PRD00532,26,4963.16
POI00010254,PO0001811,PRD00408,51,8695.92
POI00010255,PO0008665,PRD00642,433,6743.72
POI00010256,PO0002443,PRD00769,474,14259.3
POI00010257,PO0002790,PRD00587,459,7001.79
POI00010258,PO0004785,PRD00973,249,4327.38
POI00010259,PO0003740,PRD00955,129,9957.38
POI00010260,PO0003377,PRD00410,380,4563.47
POI00010261,PO0004140,PRD00572,103,14299.0
POI00010262,PO0000345,PRD00315,465,12650.55
POI00010263,PO0003701,PRD00098,340,2423.29
POI00010264,PO0006838,PRD00073,88,7015.92
POI00010265,PO0008882,PRD00091,196,14120.67
POI00010266,PO0007394,PRD00172,421,1562.37
POI00010267,PO0008274,PRD00015,162,4060.74
POI00010268,PO0006648,PRD00247,265,9955.98
POI00010269,PO0001541,PRD00563,392,13844.88
POI00010270,PO0007291,PRD00311,280,5242.66
POI00010271,PO0004479,PRD00329,213,14502.96
POI00010272,PO0008053,PRD00453,318,5806.99
POI00010273,PO0008645,PRD00374,486,290.14
POI00010274,PO0006535,PRD00155,462,11846.07
POI00010275,PO0007382,PRD00796,416,5431.54
POI00010276,PO0000602,PRD00568,294,4707.73
POI00010277,PO0006277,PRD00175,395,834.63
POI00010278,PO0005714,PRD00376,236,7767.99
POI00010279,PO0000961,PRD00585,417,4963.33
POI00010280,PO0001729,PRD00934,108,8748.64
POI00010281,PO0009741,PRD00384,182,6284.42
POI00010282,PO0003509,PRD00022,340,6591.0
POI00010283,PO0001846,PRD00130,296,731.22
POI00010284,PO0005750,PRD00121,131,14884.48
POI00010285,PO0004557,PRD00164,236,7114.43
POI00010286,PO0007863,PRD00625,146,8920.39
POI00010287,PO0003031,PRD00912,321,13951.33
POI00010288,PO0006236,PRD00729,363,5440.02
POI00010289,PO0005703,PRD00556,97,11702.23
POI00010290,PO0002915,PRD00256,144,4333.14
POI00010291,PO0000650,PRD00559,174,1762.14
POI00010292,PO0002543,PRD00910,349,10913.99
POI00010293,PO0003947,PRD00903,226,10697.16
POI00010294,PO0008656,PRD00450,222,2755.97
POI00010295,PO0008472,PRD00210,263,5229.98
POI00010296,PO0003497,PRD00314,215,8909.78
POI00010297,PO0002951,PRD00237,291,10209.15
POI00010298,PO0008348,PRD00745,102,7007.02
POI00010299,PO0003638,PRD00499,357,5881.43
POI00010300,PO0002499,PRD00559,420,1762.14
POI00010301,PO0008296,PRD00866,160,3511.46
POI00010302,PO0008478,PRD00913,265,7633.07
POI00010303,PO0006899,PRD00850,119,12204.62
POI00010304,PO0004133,PRD00999,221,8190.82
POI00010305,PO0004779,PRD00247,81,9955.98
POI00010306,PO0007344,PRD00108,447,14993.62
POI00010307,PO0000040,PRD00739,427,7506.27
POI00010308,PO0007297,PRD00586,101,4430.6
POI00010309,PO0006673,PRD00549,357,2125.97
POI00010310,PO0000112,PRD00384,276,6284.42
POI00010311,PO0003189,PRD00439,325,7978.91
POI00010312,PO0007939,PRD00118,285,13920.88
POI00010313,PO0007088,PRD00039,338,829.26
POI00010314,PO0001558,PRD00133,439,13122.92
POI00010315,PO0004684,PRD00318,137,13343.83
POI00010316,PO0000976,PRD00649,272,13327.93
POI00010317,PO0005927,PRD00566,62,1327.27
POI00010318,PO0009370,PRD00963,140,8895.2
POI00010319,PO0002395,PRD00293,415,14236.45
POI00010320,PO0007114,PRD00988,135,3859.43
POI00010321,PO0005564,PRD00998,59,8420.65
POI00010322,PO0003209,PRD00392,169,5987.55
POI00010323,PO0003645,PRD00655,207,136.93
POI00010324,PO0006192,PRD00876,385,12469.02
POI00010325,PO0007628,PRD00076,178,5099.04
POI00010326,PO0002749,PRD00614,413,6734.49
POI00010327,PO0002211,PRD00358,117,14322.76
POI00010328,PO0002292,PRD00306,269,7923.38
POI00010329,PO0009331,PRD00393,221,755.72
POI00010330,PO0002167,PRD00165,72,9742.97
POI00010331,PO0002048,PRD00512,204,6184.28
POI00010332,PO0003305,PRD00394,247,14023.98
POI00010333,PO0005866,PRD00868,155,9943.76
POI00010334,PO0006121,PRD00104,394,8958.06
POI00010335,PO0003350,PRD00742,462,120.85
POI00010336,PO0003622,PRD00209,229,9137.57
POI00010337,PO0002455,PRD00950,148,13034.4
POI00010338,PO0009367,PRD00629,491,377.33
POI00010339,PO0004279,PRD00880,188,12411.59
POI00010340,PO0006089,PRD00971,230,2515.98
POI00010341,PO0007599,PRD00265,116,1738.91
POI00010342,PO0004449,PRD00432,312,6955.57
POI00010343,PO0008222,PRD00919,248,12018.41
POI00010344,PO0006615,PRD00143,230,2616.16
POI00010345,PO0008132,PRD00460,201,5749.6
POI00010346,PO0004853,PRD00146,134,1182.02
POI00010347,PO0000887,PRD00237,495,10209.15
POI00010348,PO0006128,PRD00616,278,1388.81
POI00010349,PO0000235,PRD00653,42,9936.12
POI00010350,PO0008371,PRD00802,225,11346.21
POI00010351,PO0003332,PRD00272,469,5905.57
POI00010352,PO0007845,PRD00052,60,3353.77
POI00010353,PO0003262,PRD00575,334,4003.21
POI00010354,PO0006551,PRD00507,224,8978.67
POI00010355,PO0006339,PRD00859,158,13775.1
POI00010356,PO0009497,PRD00750,439,6059.6
POI00010357,PO0009232,PRD00464,129,471.83
POI00010358,PO0007935,PRD00271,406,14304.78
POI00010359,PO0004074,PRD00456,494,14536.29
POI00010360,PO0002194,PRD00199,180,1794.09
POI00010361,PO0002777,PRD00311,296,5242.66
POI00010362,PO0007686,PRD00541,270,2451.94
POI00010363,PO0005189,PRD00590,95,14268.77
POI00010364,PO0001446,PRD00841,140,13509.77
POI00010365,PO0006912,PRD00321,260,7009.48
POI00010366,PO0001106,PRD00697,164,6403.2
POI00010367,PO0008941,PRD00808,415,7399.02
POI00010368,PO0002779,PRD00919,197,12018.41
POI00010369,PO0006915,PRD00143,306,2616.16
POI00010370,PO0000863,PRD00194,127,11189.27
POI00010371,PO0004466,PRD00975,378,9296.52
POI00010372,PO0001103,PRD00204,172,1118.21
POI00010373,PO0003285,PRD00789,30,7598.09
POI00010374,PO0008592,PRD00660,177,745.68
POI00010375,PO0004282,PRD00773,339,8251.54
POI00010376,PO0008570,PRD00495,142,13954.44
POI00010377,PO0002922,PRD00164,453,7114.43
POI00010378,PO0006329,PRD00628,308,2699.31
POI00010379,PO0002623,PRD00031,36,11922.53
POI00010380,PO0003295,PRD00644,375,5838.18
POI00010381,PO0008480,PRD00740,371,5420.19
POI00010382,PO0009128,PRD00445,107,6126.75
POI00010383,PO0000572,PRD00376,375,7767.99
POI00010384,PO0005072,PRD00051,260,8110.25
POI00010385,PO0006425,PRD00132,249,14475.18
POI00010386,PO0007329,PRD00620,220,517.21
POI00010387,PO0000762,PRD00920,415,10536.21
POI00010388,PO0001819,PRD00409,178,13153.77
POI00010389,PO0002728,PRD00822,282,434.39
POI00010390,PO0001403,PRD00130,428,731.22
POI00010391,PO0007275,PRD00055,103,8911.04
POI00010392,PO0003043,PRD00158,228,12470.65
POI00010393,PO0007159,PRD00676,479,4189.18
POI00010394,PO0002600,PRD00970,293,2893.48
POI00010395,PO0002844,PRD00586,52,4430.6
POI00010396,PO0007375,PRD00800,405,273.44
POI00010397,PO0002513,PRD00542,140,3815.81
POI00010398,PO0000698,PRD00574,246,11589.74
POI00010399,PO0007272,PRD00162,43,287.67
POI00010400,PO0003353,PRD00291,294,1083.12
POI00010401,PO0008812,PRD00815,456,5837.27
POI00010402,PO0008796,PRD00835,277,6236.81
POI00010403,PO0000384,PRD00815,410,5837.27
POI00010404,PO0000886,PRD00996,29,12098.44
POI00010405,PO0006754,PRD00337,379,11344.08
POI00010406,PO0007822,PRD00792,85,12139.91
POI00010407,PO0002114,PRD00207,134,13259.47
POI00010408,PO0007582,PRD00689,354,10243.12
POI00010409,PO0006189,PRD00955,286,9957.38
POI00010410,PO0008454,PRD00462,241,5449.97
POI00010411,PO0002313,PRD00298,469,1909.75
POI00010412,PO0001332,PRD00241,296,2003.96
POI00010413,PO0001215,PRD00607,134,12074.14
POI00010414,PO0000270,PRD00820,221,12985.07
POI00010415,PO0003164,PRD00821,315,9726.69
POI00010416,PO0008573,PRD00932,66,12917.17
POI00010417,PO0007443,PRD00756,76,13812.34
POI00010418,PO0005156,PRD00895,375,8698.56
POI00010419,PO0004938,PRD00639,134,2796.66
POI00010420,PO0006949,PRD00512,216,6184.28
POI00010421,PO0003231,PRD00782,233,9890.23
POI00010422,PO0006063,PRD00943,474,6024.16
POI00010423,PO0001157,PRD00682,93,9106.29
POI00010424,PO0007886,PRD00220,88,3710.28
POI00010425,PO0006972,PRD00623,402,11479.62
POI00010426,PO0001009,PRD00912,22,13951.33
POI00010427,PO0001906,PRD00808,447,7399.02
POI00010428,PO0008171,PRD00383,481,3349.4
POI00010429,PO0000734,PRD00859,43,13775.1
POI00010430,PO0009548,PRD00048,161,1009.0
POI00010431,PO0005267,PRD00268,198,9508.77
POI00010432,PO0007793,PRD00173,395,983.41
POI00010433,PO0008370,PRD00288,276,4176.37
POI00010434,PO0004056,PRD00222,131,1219.58
POI00010435,PO0005159,PRD00683,246,11134.9
POI00010436,PO0002211,PRD00130,301,731.22
POI00010437,PO0006354,PRD00154,184,9453.46
POI00010438,PO0008516,PRD00259,418,7569.95
POI00010439,PO0001185,PRD00243,339,9718.69
POI00010440,PO0004910,PRD00937,37,5526.96
POI00010441,PO0008504,PRD00818,41,2577.53
POI00010442,PO0000403,PRD00006,440,12453.87
POI00010443,PO0009140,PRD00137,381,14315.76
POI00010444,PO0007624,PRD00022,324,6591.0
POI00010445,PO0009434,PRD00146,349,1182.02
POI00010446,PO0001182,PRD00681,382,14615.35
POI00010447,PO0003949,PRD01000,468,1107.64
POI00010448,PO0001211,PRD00807,268,13935.13
POI00010449,PO0001143,PRD00500,347,8694.03
POI00010450,PO0005532,PRD00159,391,11218.67
POI00010451,PO0006553,PRD00162,431,287.67
POI00010452,PO0001344,PRD00548,77,10982.99
POI00010453,PO0005223,PRD00437,18,981.92
POI00010454,PO0000239,PRD00970,485,2893.48
POI00010455,PO0001261,PRD00760,255,2297.92
POI00010456,PO0003549,PRD00788,353,13824.18
POI00010457,PO0002322,PRD00631,77,968.57
POI00010458,PO0007246,PRD00773,123,8251.54
POI00010459,PO0002768,PRD00382,294,10379.13
POI00010460,PO0001629,PRD00577,435,5565.9
POI00010461,PO0007587,PRD00110,461,13747.81
POI00010462,PO0008182,PRD00207,30,13259.47
POI00010463,PO0003226,PRD00371,333,6858.89
POI00010464,PO0006632,PRD00917,65,13456.14
POI00010465,PO0002731,PRD00083,81,5329.01
POI00010466,PO0009804,PRD00274,376,11015.48
POI00010467,PO0000639,PRD00298,110,1909.75
POI00010468,PO0008258,PRD00086,18,14709.22
POI00010469,PO0008871,PRD00540,80,3098.59
POI00010470,PO0008027,PRD00057,162,4964.1
POI00010471,PO0004712,PRD00347,477,2926.5
POI00010472,PO0005659,PRD00517,199,8167.29
POI00010473,PO0008380,PRD00604,333,14528.53
POI00010474,PO0002375,PRD00491,54,4733.4
POI00010475,PO0006401,PRD00625,174,8920.39
POI00010476,PO0005634,PRD00752,468,1766.8
POI00010477,PO0001732,PRD00897,442,11763.99
POI00010478,PO0000765,PRD00759,191,6538.09
POI00010479,PO0006461,PRD00774,378,7426.94
POI00010480,PO0001236,PRD00921,284,10131.57
POI00010481,PO0003399,PRD00277,464,12187.55
POI00010482,PO0005942,PRD00755,374,12949.63
POI00010483,PO0008404,PRD00723,485,642.86
POI00010484,PO0003072,PRD00321,107,7009.48
POI00010485,PO0000876,PRD00830,138,8039.34
POI00010486,PO0008884,PRD00020,362,14093.42
POI00010487,PO0006098,PRD00812,270,3339.2
POI00010488,PO0000515,PRD00257,439,12479.22
POI00010489,PO0008759,PRD00414,179,3675.25
POI00010490,PO0000136,PRD00514,431,4437.98
POI00010491,PO0003626,PRD00293,73,14236.45
POI00010492,PO0003097,PRD00179,349,11993.83
POI00010493,PO0003547,PRD00925,67,3105.28
POI00010494,PO0009625,PRD00650,477,5122.22
POI00010495,PO0008133,PRD00482,385,14861.25
POI00010496,PO0008724,PRD00290,125,2210.27
POI00010497,PO0008951,PRD00125,386,12971.28
POI00010498,PO0002500,PRD00818,93,2577.53
POI00010499,PO0000611,PRD00411,133,9419.82
POI00010500,PO0009752,PRD00414,277,3675.25
POI00010501,PO0006017,PRD00931,330,7216.54
POI00010502,PO0009716,PRD00709,78,12622.33
POI00010503,PO0007394,PRD00236,445,5509.36
POI00010504,PO0001213,PRD00986,222,7134.56
POI00010505,PO0008297,PRD00068,490,11959.71
POI00010506,PO0005304,PRD00579,311,3728.71
POI00010507,PO0001057,PRD00531,259,7772.95
POI00010508,PO0002108,PRD00610,245,3030.44
POI00010509,PO0005372,PRD00943,476,6024.16
POI00010510,PO0001425,PRD00558,129,9720.85
POI00010511,PO0007028,PRD00601,444,14472.35
POI00010512,PO0006680,PRD00812,274,3339.2
POI00010513,PO0003986,PRD00733,125,8941.35
POI00010514,PO0009988,PRD00555,271,9697.74
POI00010515,PO0008325,PRD00943,302,6024.16
POI00010516,PO0000620,PRD00391,254,8417.25
POI00010517,PO0009823,PRD00049,353,12862.44
POI00010518,PO0003075,PRD00513,96,7371.4
POI00010519,PO0006095,PRD00088,470,759.09
POI00010520,PO0008083,PRD00797,136,11156.8
POI00010521,PO0002925,PRD00106,186,6611.36
POI00010522,PO0002700,PRD00697,420,6403.2
POI00010523,PO0003877,PRD00551,36,6646.28
POI00010524,PO0005960,PRD00536,50,5119.31
POI00010525,PO0006051,PRD00223,447,13596.37
POI00010526,PO0001362,PRD00988,67,3859.43
POI00010527,PO0004981,PRD00787,497,3077.27
POI00010528,PO0001791,PRD00707,349,5200.05
POI00010529,PO0004206,PRD00295,161,14410.96
POI00010530,PO0008652,PRD00226,166,7002.18
POI00010531,PO0006687,PRD00606,344,8374.83
POI00010532,PO0004389,PRD00037,56,9868.39
POI00010533,PO0007908,PRD00803,84,4469.13
POI00010534,PO0005899,PRD00817,303,13482.36
POI00010535,PO0003357,PRD00613,76,2658.28
POI00010536,PO0005096,PRD00273,77,3864.46
POI00010537,PO0004217,PRD00356,154,5284.14
POI00010538,PO0005877,PRD00128,99,8314.61
POI00010539,PO0003635,PRD00609,324,8768.27
POI00010540,PO0009748,PRD00181,185,2679.75
POI00010541,PO0005585,PRD00657,125,14657.7
POI00010542,PO0001977,PRD00982,247,2789.53
POI00010543,PO0002019,PRD00958,379,1630.61
POI00010544,PO0009119,PRD00006,350,12453.87
POI00010545,PO0008105,PRD00268,43,9508.77
POI00010546,PO0002557,PRD00691,240,5216.2
POI00010547,PO0008174,PRD00809,79,7918.89
POI00010548,PO0000258,PRD00682,418,9106.29
POI00010549,PO0003109,PRD00375,498,2698.38
POI00010550,PO0008316,PRD00525,376,14289.77
POI00010551,PO0001896,PRD00722,480,9531.63
POI00010552,PO0006860,PRD00487,243,1551.21
POI00010553,PO0006394,PRD00955,362,9957.38
POI00010554,PO0004836,PRD00970,477,2893.48
POI00010555,PO0008058,PRD00517,176,8167.29
POI00010556,PO0009935,PRD00978,74,10928.44
POI00010557,PO0008021,PRD00597,311,12775.63
POI00010558,PO0009911,PRD00659,231,2838.43
POI00010559,PO0004012,PRD00420,313,7232.56
POI00010560,PO0007133,PRD00315,261,12650.55
POI00010561,PO0001217,PRD00110,71,13747.81
POI00010562,PO0009148,PRD00772,470,11409.05
POI00010563,PO0002481,PRD00279,67,14005.9
POI00010564,PO0003450,PRD00661,225,8498.56
POI00010565,PO0008294,PRD00227,448,12974.56
POI00010566,PO0008487,PRD00942,85,11797.17
POI00010567,PO0003876,PRD00986,213,7134.56
POI00010568,PO0005039,PRD00901,104,1036.08
POI00010569,PO0003702,PRD00670,488,8380.95
POI00010570,PO0003640,PRD00402,232,2394.41
POI00010571,PO0008430,PRD00667,271,12142.23
POI00010572,PO0004792,PRD00017,287,12322.4
POI00010573,PO0002565,PRD00192,253,10003.41
POI00010574,PO0004714,PRD00087,144,2757.27
POI00010575,PO0004222,PRD00353,331,9182.34
POI00010576,PO0003853,PRD00386,157,7920.56
POI00010577,PO0000414,PRD00248,341,2381.45
POI00010578,PO0005873,PRD00870,88,9737.11
POI00010579,PO0006635,PRD00369,132,11836.37
POI00010580,PO0009044,PRD00563,448,13844.88
POI00010581,PO0007384,PRD00594,321,6920.19
POI00010582,PO0006572,PRD00338,312,755.93
POI00010583,PO0008657,PRD00324,32,4070.68
POI00010584,PO0003298,PRD00944,364,7189.97
POI00010585,PO0003979,PRD00666,276,1874.61
POI00010586,PO0004665,PRD00227,207,12974.56
POI00010587,PO0000342,PRD00740,52,5420.19
POI00010588,PO0009910,PRD00852,463,9836.31
POI00010589,PO0008072,PRD00090,16,7083.4
POI00010590,PO0002915,PRD00132,475,14475.18
POI00010591,PO0006508,PRD00868,110,9943.76
POI00010592,PO0001133,PRD00781,231,10401.92
POI00010593,PO0007823,PRD00888,439,4306.34
POI00010594,PO0002085,PRD00809,87,7918.89
POI00010595,PO0002654,PRD00114,98,6866.0
POI00010596,PO0007198,PRD00369,353,11836.37
POI00010597,PO0006634,PRD00459,294,11986.98
POI00010598,PO0001793,PRD00229,132,5330.98
POI00010599,PO0001685,PRD00586,255,4430.6
POI00010600,PO0000803,PRD00440,53,12108.02
POI00010601,PO0004922,PRD00084,261,1880.19
POI00010602,PO0007491,PRD00501,44,4943.69
POI00010603,PO0003272,PRD00767,360,8392.39
POI00010604,PO0001335,PRD00980,356,10478.27
POI00010605,PO0002951,PRD00963,348,8895.2
POI00010606,PO0002019,PRD00123,164,6279.12
POI00010607,PO0007178,PRD00390,66,6845.21
POI00010608,PO0002971,PRD00467,448,10304.91
POI00010609,PO0003670,PRD00031,44,11922.53
POI00010610,PO0003838,PRD00605,190,3961.69
POI00010611,PO0005091,PRD00227,227,12974.56
POI00010612,PO0009507,PRD00127,130,12989.69
POI00010613,PO0000789,PRD00810,465,6285.69
POI00010614,PO0007077,PRD00202,31,2771.81
POI00010615,PO0009881,PRD00213,52,11481.28
POI00010616,PO0005967,PRD00796,106,5431.54
POI00010617,PO0001480,PRD00509,44,7385.46
POI00010618,PO0008462,PRD00543,250,5993.42
POI00010619,PO0006171,PRD00893,325,14877.64
POI00010620,PO0008908,PRD00189,260,1559.74
POI00010621,PO0008233,PRD00726,390,2003.65
POI00010622,PO0008936,PRD00919,47,12018.41
POI00010623,PO0002881,PRD00521,181,3211.38
POI00010624,PO0003096,PRD00361,265,2128.11
POI00010625,PO0009825,PRD00731,78,8878.22
POI00010626,PO0004395,PRD00188,50,5763.09
POI00010627,PO0002793,PRD00278,237,4458.16
POI00010628,PO0002783,PRD00074,312,12787.56
POI00010629,PO0008363,PRD00713,390,5625.5
POI00010630,PO0008000,PRD00079,442,10823.51
POI00010631,PO0006546,PRD00979,24,3320.45
POI00010632,PO0002604,PRD00617,352,9490.86
POI00010633,PO0001253,PRD00745,474,7007.02
POI00010634,PO0001605,PRD00161,285,14511.66
POI00010635,PO0004576,PRD00878,179,13841.49
POI00010636,PO0003430,PRD00939,326,12076.99
POI00010637,PO0008453,PRD00615,380,9737.39
POI00010638,PO0000225,PRD00778,245,11600.41
POI00010639,PO0005568,PRD00261,207,11887.4
POI00010640,PO0000269,PRD00336,133,14628.24
POI00010641,PO0002769,PRD00100,205,3533.63
POI00010642,PO0001810,PRD00483,436,8191.19
POI00010643,PO0003430,PRD00395,220,6180.29
POI00010644,PO0003586,PRD00884,11,5606.03
POI00010645,PO0009240,PRD00247,479,9955.98
POI00010646,PO0002654,PRD00637,279,11031.21
POI00010647,PO0004665,PRD00169,267,8843.12
POI00010648,PO0004981,PRD00083,347,5329.01
POI00010649,PO0007379,PRD00998,388,8420.65
POI00010650,PO0008418,PRD00139,106,11221.75
POI00010651,PO0003454,PRD00403,223,560.68
POI00010652,PO0006400,PRD00034,18,12113.92
POI00010653,PO0001410,PRD00048,318,1009.0
POI00010654,PO0003449,PRD00512,121,6184.28
POI00010655,PO0001281,PRD00233,185,9106.69
POI00010656,PO0003632,PRD00386,218,7920.56
POI00010657,PO0007680,PRD00264,49,12537.65
POI00010658,PO0007019,PRD00272,198,5905.57
POI00010659,PO0005746,PRD00603,289,3288.11
POI00010660,PO0006884,PRD00694,247,9801.68
POI00010661,PO0003310,PRD00434,229,7897.25
POI00010662,PO0004626,PRD00097,425,14218.05
POI00010663,PO0005925,PRD00158,128,12470.65
POI00010664,PO0006285,PRD00744,462,13579.31
POI00010665,PO0006378,PRD00728,320,6550.29
POI00010666,PO0006101,PRD00021,336,650.8
POI00010667,PO0006124,PRD00977,137,14587.2
POI00010668,PO0009309,PRD00898,260,11808.33
POI00010669,PO0009968,PRD00861,171,12536.29
POI00010670,PO0002794,PRD00630,366,12112.17
POI00010671,PO0004584,PRD00139,492,11221.75
POI00010672,PO0000937,PRD00200,17,12689.72
POI00010673,PO0001188,PRD00797,283,11156.8
POI00010674,PO0007202,PRD00981,240,916.09
POI00010675,PO0006721,PRD00584,437,13164.71
POI00010676,PO0007869,PRD00989,130,12965.77
POI00010677,PO0007135,PRD00117,399,9411.1
POI00010678,PO0004440,PRD00122,205,7515.76
POI00010679,PO0006978,PRD00145,357,6936.79
POI00010680,PO0006386,PRD00278,332,4458.16
POI00010681,PO0002873,PRD00070,134,12755.67
POI00010682,PO0006251,PRD00742,213,120.85
POI00010683,PO0000073,PRD00924,52,3584.13
POI00010684,PO0007662,PRD00420,376,7232.56
POI00010685,PO0005743,PRD00719,294,9495.01
POI00010686,PO0007028,PRD00462,264,5449.97
POI00010687,PO0008702,PRD00208,493,10135.61
POI00010688,PO0004720,PRD00375,181,2698.38
POI00010689,PO0004503,PRD00270,293,2874.72
POI00010690,PO0009570,PRD00911,136,14452.25
POI00010691,PO0001299,PRD00986,46,7134.56
POI00010692,PO0003864,PRD00096,12,4636.27
POI00010693,PO0007260,PRD00050,113,14145.71
POI00010694,PO0008622,PRD00818,159,2577.53
POI00010695,PO0000943,PRD00660,482,745.68
POI00010696,PO0007719,PRD00424,381,7036.46
POI00010697,PO0003333,PRD00414,162,3675.25
POI00010698,PO0001887,PRD00609,490,8768.27
POI00010699,PO0002176,PRD00038,222,11694.03
POI00010700,PO0007426,PRD00718,395,12946.92
POI00010701,PO0007350,PRD00748,23,9977.26
POI00010702,PO0005640,PRD00496,278,5018.37
POI00010703,PO0003152,PRD00682,122,9106.29
POI00010704,PO0001103,PRD00962,497,8264.3
POI00010705,PO0000749,PRD00197,123,14528.51
POI00010706,PO0009884,PRD00489,77,5226.91
POI00010707,PO0006889,PRD00701,305,7267.54
POI00010708,PO0002288,PRD00269,236,6484.24
POI00010709,PO0005868,PRD00899,109,2478.21
POI00010710,PO0003485,PRD00273,400,3864.46
POI00010711,PO0004333,PRD00129,26,14713.16
POI00010712,PO0008365,PRD00204,355,1118.21
POI00010713,PO0009206,PRD00692,22,4333.24
POI00010714,PO0009451,PRD00699,129,8800.55
POI00010715,PO0004428,PRD00708,297,13605.38
POI00010716,PO0002232,PRD00496,265,5018.37
POI00010717,PO0005207,PRD00647,314,2506.84
POI00010718,PO0004573,PRD00240,236,1296.01
POI00010719,PO0009561,PRD00706,320,11072.04
POI00010720,PO0007608,PRD00638,178,14235.92
POI00010721,PO0004881,PRD00101,15,1142.0
POI00010722,PO0005220,PRD00099,101,6175.08
POI00010723,PO0004432,PRD00844,453,10706.01
POI00010724,PO0007787,PRD00432,200,6955.57
POI00010725,PO0002423,PRD00119,450,510.73
POI00010726,PO0000397,PRD00338,229,755.93
POI00010727,PO0009493,PRD00511,328,2991.32
POI00010728,PO0007941,PRD00782,164,9890.23
POI00010729,PO0006625,PRD00461,81,4804.84
POI00010730,PO0001339,PRD00636,481,3410.7
POI00010731,PO0008232,PRD00778,97,11600.41
POI00010732,PO0002936,PRD00124,151,8304.87
POI00010733,PO0000343,PRD00724,382,11372.17
POI00010734,PO0008652,PRD00181,320,2679.75
POI00010735,PO0007819,PRD00026,192,10030.04
POI00010736,PO0007150,PRD00551,221,6646.28
POI00010737,PO0007938,PRD00831,342,14405.2
POI00010738,PO0001998,PRD00814,418,14386.74
POI00010739,PO0002754,PRD00622,177,3778.03
POI00010740,PO0001222,PRD00235,140,664.0
POI00010741,PO0001690,PRD00775,302,1675.87
POI00010742,PO0008876,PRD00084,27,1880.19
POI00010743,PO0006936,PRD00840,469,1992.97
POI00010744,PO0001969,PRD00657,433,14657.7
POI00010745,PO0005252,PRD00429,478,4484.27
POI00010746,PO0004803,PRD00026,473,10030.04
POI00010747,PO0002345,PRD00365,431,9821.16
POI00010748,PO0009328,PRD00859,18,13775.1
POI00010749,PO0002007,PRD00953,55,4127.02
POI00010750,PO0007092,PRD00416,341,5875.21
POI00010751,PO0005071,PRD00971,379,2515.98
POI00010752,PO0002803,PRD00357,426,1898.36
POI00010753,PO0008705,PRD00124,46,8304.87
POI00010754,PO0002768,PRD00883,130,13462.78
POI00010755,PO0005494,PRD00638,460,14235.92
POI00010756,PO0004445,PRD00702,242,12933.45
POI00010757,PO0004220,PRD00166,19,9766.65
POI00010758,PO0002745,PRD00848,333,13378.15
POI00010759,PO0000081,PRD00343,435,10133.19
POI00010760,PO0009777,PRD00159,70,11218.67
POI00010761,PO0009274,PRD00263,445,9261.0
POI00010762,PO0001547,PRD00275,167,2070.47
POI00010763,PO0008967,PRD00151,283,13666.4
POI00010764,PO0007723,PRD00602,342,12799.03
POI00010765,PO0004350,PRD00615,101,9737.39
POI00010766,PO0008687,PRD00308,459,1994.75
POI00010767,PO0000568,PRD00850,353,12204.62
POI00010768,PO0006622,PRD00520,94,12944.02
POI00010769,PO0008976,PRD00908,360,5348.66
POI00010770,PO0005609,PRD00079,341,10823.51
POI00010771,PO0008717,PRD00770,190,12677.22
POI00010772,PO0004894,PRD00136,219,9775.56
POI00010773,PO0000916,PRD00182,454,11205.33
POI00010774,PO0002724,PRD00749,168,13186.86
POI00010775,PO0003308,PRD00682,10,9106.29
POI00010776,PO0008760,PRD00958,197,1630.61
POI00010777,PO0002325,PRD00600,483,6787.54
POI00010778,PO0008622,PRD00632,445,12709.49
POI00010779,PO0006093,PRD00193,25,1081.63
POI00010780,PO0002828,PRD00073,363,7015.92
POI00010781,PO0002188,PRD00049,395,12862.44
POI00010782,PO0008083,PRD00947,13,8686.66
POI00010783,PO0002922,PRD00758,342,14670.2
POI00010784,PO0007541,PRD00835,112,6236.81
POI00010785,PO0007519,PRD00057,395,4964.1
POI00010786,PO0006567,PRD00634,471,11006.69
POI00010787,PO0002446,PRD00623,468,11479.62
POI00010788,PO0007120,PRD00704,379,9935.11
POI00010789,PO0004896,PRD00337,123,11344.08
POI00010790,PO0002799,PRD00894,113,2746.5
POI00010791,PO0005122,PRD00023,225,3880.46
POI00010792,PO0000427,PRD00533,264,10985.5
POI00010793,PO0002737,PRD00423,475,13733.69
POI00010794,PO0006829,PRD00192,17,10003.41
POI00010795,PO0001577,PRD00829,500,5770.69
POI00010796,PO0004527,PRD00286,423,4652.92
POI00010797,PO0005909,PRD00107,495,9087.41
POI00010798,PO0002610,PRD00776,451,3296.6
POI00010799,PO0001830,PRD00552,25,13804.82
POI00010800,PO0009942,PRD00814,329,14386.74
POI00010801,PO0000857,PRD00861,452,12536.29
POI00010802,PO0009665,PRD00219,441,12493.83
POI00010803,PO0000890,PRD00303,474,3612.1
POI00010804,PO0001813,PRD00381,242,2462.98
POI00010805,PO0000291,PRD00543,118,5993.42
POI00010806,PO0000950,PRD00057,337,4964.1
POI00010807,PO0001871,PRD00504,477,12220.97
POI00010808,PO0007064,PRD00359,470,14333.28
POI00010809,PO0005630,PRD00638,26,14235.92
POI00010810,PO0006768,PRD00436,360,10630.97
POI00010811,PO0008642,PRD00675,121,9849.43
POI00010812,PO0002404,PRD00788,181,13824.18
POI00010813,PO0006699,PRD00919,154,12018.41
POI00010814,PO0004350,PRD00409,238,13153.77
POI00010815,PO0006026,PRD00839,413,1545.18
POI00010816,PO0005639,PRD00134,82,10858.86
POI00010817,PO0002458,PRD00906,453,9258.63
POI00010818,PO0005920,PRD00933,123,4789.52
POI00010819,PO0009981,PRD00444,229,9833.74
POI00010820,PO0007085,PRD00988,319,3859.43
POI00010821,PO0000792,PRD00634,141,11006.69
POI00010822,PO0001421,PRD00190,157,6496.64
POI00010823,PO0002300,PRD00319,76,3733.58
POI00010824,PO0005265,PRD00648,177,4835.26
POI00010825,PO0008813,PRD00655,82,136.93
POI00010826,PO0008442,PRD00670,339,8380.95
POI00010827,PO0004294,PRD00947,430,8686.66
POI00010828,PO0005112,PRD00604,58,14528.53
POI00010829,PO0001329,PRD00320,295,1168.76
POI00010830,PO0004086,PRD00907,325,14636.64
POI00010831,PO0007633,PRD00980,229,10478.27
POI00010832,PO0008471,PRD00357,27,1898.36
POI00010833,PO0008106,PRD00612,114,12339.55
POI00010834,PO0001147,PRD00728,345,6550.29
POI00010835,PO0000047,PRD00119,412,510.73
POI00010836,PO0002557,PRD00496,203,5018.37
POI00010837,PO0008239,PRD00287,328,5325.08
POI00010838,PO0005898,PRD00134,183,10858.86
POI00010839,PO0003179,PRD00871,407,8636.42
POI00010840,PO0008993,PRD00631,394,968.57
POI00010841,PO0003043,PRD00220,45,3710.28
POI00010842,PO0000867,PRD00262,265,10465.39
POI00010843,PO0008800,PRD00366,447,11358.19
POI00010844,PO0001185,PRD00160,483,2180.09
POI00010845,PO0001337,PRD00584,363,13164.71
POI00010846,PO0008500,PRD00493,227,4838.13
POI00010847,PO0001988,PRD00768,71,13360.45
POI00010848,PO0000629,PRD00792,103,12139.91
POI00010849,PO0001013,PRD00735,484,8245.45
POI00010850,PO0002368,PRD00725,11,9430.17
POI00010851,PO0006078,PRD00160,150,2180.09
POI00010852,PO0008996,PRD00877,355,9378.32
POI00010853,PO0001244,PRD00162,384,287.67
POI00010854,PO0000441,PRD00380,451,10416.11
POI00010855,PO0002024,PRD00632,19,12709.49
POI00010856,PO0001981,PRD00682,473,9106.29
POI00010857,PO0001368,PRD00880,338,12411.59
POI00010858,PO0006648,PRD00657,296,14657.7
POI00010859,PO0002985,PRD00668,29,3092.64
POI00010860,PO0007093,PRD00606,280,8374.83
POI00010861,PO0006368,PRD00105,143,7072.97
POI00010862,PO0009429,PRD00807,205,13935.13
POI00010863,PO0003941,PRD00669,177,4850.66
POI00010864,PO0007418,PRD00419,197,13114.42
POI00010865,PO0008494,PRD00722,377,9531.63
POI00010866,PO0002766,PRD00042,500,12472.09
POI00010867,PO0004141,PRD00534,334,12763.59
POI00010868,PO0004788,PRD00705,190,14962.24
POI00010869,PO0002360,PRD00028,335,9263.48
POI00010870,PO0002779,PRD00186,25,13497.06
POI00010871,PO0005592,PRD00013,464,14644.99
POI00010872,PO0008629,PRD00620,41,517.21
POI00010873,PO0008865,PRD00837,472,2785.86
POI00010874,PO0001528,PRD00218,99,4399.57
POI00010875,PO0006680,PRD00235,247,664.0
POI00010876,PO0007645,PRD00087,357,2757.27
POI00010877,PO0008367,PRD00055,138,8911.04
POI00010878,PO0002106,PRD00933,145,4789.52
POI00010879,PO0007345,PRD00078,201,8372.4
POI00010880,PO0005866,PRD00948,475,5378.23
POI00010881,PO0001919,PRD00943,119,6024.16
POI00010882,PO0001751,PRD00225,423,11422.41
POI00010883,PO0009643,PRD00425,163,7731.22
POI00010884,PO0006564,PRD00221,414,13068.22
POI00010885,PO0006355,PRD00712,45,5380.83
POI00010886,PO0009143,PRD00071,138,9562.93
POI00010887,PO0006048,PRD00336,284,14628.24
POI00010888,PO0001308,PRD00417,386,13839.61
POI00010889,PO0006075,PRD00655,344,136.93
POI00010890,PO0000839,PRD00507,261,8978.67
POI00010891,PO0004255,PRD00840,64,1992.97
POI00010892,PO0009583,PRD00548,392,10982.99
POI00010893,PO0004962,PRD00639,129,2796.66
POI00010894,PO0003286,PRD00388,261,2534.89
POI00010895,PO0009318,PRD00438,245,314.72
POI00010896,PO0004777,PRD00571,142,268.96
POI00010897,PO0004523,PRD00706,383,11072.04
POI00010898,PO0001198,PRD00932,41,12917.17
POI00010899,PO0003922,PRD00634,471,11006.69
POI00010900,PO0001551,PRD00071,63,9562.93
POI00010901,PO0005276,PRD00759,338,6538.09
POI00010902,PO0001265,PRD00517,111,8167.29
POI00010903,PO0003272,PRD00335,213,12393.64
POI00010904,PO0005753,PRD00933,198,4789.52
POI00010905,PO0008896,PRD00448,283,3508.12
POI00010906,PO0005227,PRD00888,60,4306.34
POI00010907,PO0000952,PRD00471,245,1676.03
POI00010908,PO0008799,PRD00780,361,12595.14
POI00010909,PO0000041,PRD00845,225,2083.84
POI00010910,PO0009558,PRD00539,208,13947.14
POI00010911,PO0000481,PRD00352,40,10163.96
POI00010912,PO0000715,PRD00774,479,7426.94
POI00010913,PO0009064,PRD00945,60,3955.76
POI00010914,PO0001165,PRD00698,421,3335.68
POI00010915,PO0005960,PRD00810,231,6285.69
POI00010916,PO0000139,PRD00604,330,14528.53
POI00010917,PO0003742,PRD00148,168,12811.77
POI00010918,PO0005466,PRD00126,97,12322.6
POI00010919,PO0009252,PRD00840,105,1992.97
POI00010920,PO0008347,PRD00031,396,11922.53
POI00010921,PO0006893,PRD00026,477,10030.04
POI00010922,PO0001599,PRD00781,85,10401.92
POI00010923,PO0004225,PRD00821,85,9726.69
POI00010924,PO0003757,PRD00545,342,7193.96
POI00010925,PO0006613,PRD00210,138,5229.98
POI00010926,PO0006474,PRD00658,236,7106.49
POI00010927,PO0004496,PRD00635,420,2679.1
POI00010928,PO0001810,PRD00700,98,8456.94
POI00010929,PO0003975,PRD00688,338,5575.81
POI00010930,PO0001917,PRD00437,494,981.92
POI00010931,PO0004028,PRD00767,209,8392.39
POI00010932,PO0006188,PRD00875,423,6782.11
POI00010933,PO0008405,PRD00680,255,12884.86
POI00010934,PO0004885,PRD00672,92,1758.78
POI00010935,PO0007787,PRD00124,395,8304.87
POI00010936,PO0006514,PRD00724,229,11372.17
POI00010937,PO0009741,PRD00915,158,10437.34
POI00010938,PO0002055,PRD00138,101,9292.5
POI00010939,PO0007131,PRD00901,42,1036.08
POI00010940,PO0006814,PRD00824,472,13671.92
POI00010941,PO0001416,PRD00181,192,2679.75
POI00010942,PO0002327,PRD00373,394,5013.81
POI00010943,PO0000567,PRD00820,220,12985.07
POI00010944,PO0008438,PRD00566,207,1327.27
POI00010945,PO0008355,PRD00758,256,14670.2
POI00010946,PO0003358,PRD00647,149,2506.84
POI00010947,PO0005182,PRD00657,157,14657.7
POI00010948,PO0002034,PRD00544,82,6484.13
POI00010949,PO0006671,PRD00020,330,14093.42
POI00010950,PO0006538,PRD00170,96,12518.7
POI00010951,PO0005205,PRD00200,97,12689.72
POI00010952,PO0003224,PRD00928,458,5618.25
POI00010953,PO0009293,PRD00113,153,4380.21
POI00010954,PO0009767,PRD00069,497,9949.9
POI00010955,PO0002738,PRD00387,212,1001.43
POI00010956,PO0004838,PRD00141,102,11958.46
POI00010957,PO0007150,PRD00972,328,3371.24
POI00010958,PO0004432,PRD00949,485,13353.32
POI00010959,PO0001357,PRD00018,398,6025.11
POI00010960,PO0009255,PRD00069,294,9949.9
POI00010961,PO0002982,PRD00280,309,626.38
POI00010962,PO0004619,PRD00036,473,10797.72
POI00010963,PO0003186,PRD00125,377,12971.28
POI00010964,PO0009923,PRD00955,213,9957.38
POI00010965,PO0009319,PRD00868,471,9943.76
POI00010966,PO0004920,PRD00202,265,2771.81
POI00010967,PO0001654,PRD00719,442,9495.01
POI00010968,PO0001833,PRD00819,190,9433.84
POI00010969,PO0004538,PRD00703,412,2890.33
POI00010970,PO0008730,PRD00949,287,13353.32
POI00010971,PO0006824,PRD00152,186,9137.41
POI00010972,PO0002181,PRD00708,44,13605.38
POI00010973,PO0005959,PRD00572,488,14299.0
POI00010974,PO0001309,PRD00410,19,4563.47
POI00010975,PO0000759,PRD00854,379,7572.34
POI00010976,PO0000457,PRD00189,239,1559.74
POI00010977,PO0006626,PRD00537,188,11841.49
POI00010978,PO0007875,PRD00005,299,13587.62
POI00010979,PO0004097,PRD00465,91,12966.68
POI00010980,PO0005867,PRD00067,486,10482.12
POI00010981,PO0000234,PRD00320,411,1168.76
POI00010982,PO0001505,PRD00693,205,12868.1
POI00010983,PO0003982,PRD00112,402,10078.39
POI00010984,PO0006888,PRD00746,481,5454.4
POI00010985,PO0009360,PRD00140,189,6699.68
POI00010986,PO0008410,PRD00493,331,4838.13
POI00010987,PO0003455,PRD00567,252,8082.94
POI00010988,PO0008290,PRD00396,110,5666.96
POI00010989,PO0002543,PRD00557,260,7804.82
POI00010990,PO0004605,PRD00742,31,120.85
POI00010991,PO0005775,PRD00185,145,6440.0
POI00010992,PO0005332,PRD00902,70,10889.46
POI00010993,PO0009417,PRD00397,365,1277.33
POI00010994,PO0000247,PRD00409,286,13153.77
POI00010995,PO0008068,PRD00392,200,5987.55
POI00010996,PO0007843,PRD00787,456,3077.27
POI00010997,PO0000953,PRD00431,103,11469.34
POI00010998,PO0007845,PRD00556,26,11702.23
POI00010999,PO0000135,PRD00367,191,13626.42
POI00011000,PO0009871,PRD00550,335,1100.7
POI00011001,PO0008373,PRD00640,54,14055.38
POI00011002,PO0001502,PRD00166,56,9766.65
POI00011003,PO0008162,PRD00157,457,3075.86
POI00011004,PO0003603,PRD00660,326,745.68
POI00011005,PO0004314,PRD00435,312,11483.94
POI00011006,PO0002741,PRD00487,157,1551.21
POI00011007,PO0008963,PRD00475,272,14519.03
POI00011008,PO0009431,PRD00607,114,12074.14
POI00011009,PO0006068,PRD00731,225,8878.22
POI00011010,PO0001813,PRD00981,131,916.09
POI00011011,PO0006563,PRD00955,258,9957.38
POI00011012,PO0009688,PRD00658,499,7106.49
POI00011013,PO0001493,PRD00310,73,7810.08
POI00011014,PO0002816,PRD00643,449,5309.18
POI00011015,PO0002587,PRD00723,416,642.86
POI00011016,PO0003097,PRD00240,260,1296.01
POI00011017,PO0007869,PRD00212,334,194.69
POI00011018,PO0003231,PRD00526,122,2102.99
POI00011019,PO0002527,PRD00970,192,2893.48
POI00011020,PO0005468,PRD00891,315,6179.97
POI00011021,PO0000784,PRD00589,170,13991.37
POI00011022,PO0009221,PRD00775,469,1675.87
POI00011023,PO0005369,PRD00562,101,329.01
POI00011024,PO0008779,PRD00925,231,3105.28
POI00011025,PO0007604,PRD00854,241,7572.34
POI00011026,PO0005353,PRD00612,120,12339.55
POI00011027,PO0001608,PRD00735,420,8245.45
POI00011028,PO0000814,PRD00376,282,7767.99
POI00011029,PO0007552,PRD00934,100,8748.64
POI00011030,PO0007777,PRD00928,336,5618.25
POI00011031,PO0008486,PRD00178,345,4216.94
POI00011032,PO0008951,PRD00827,58,10537.16
POI00011033,PO0001648,PRD00129,235,14713.16
POI00011034,PO0009691,PRD00835,418,6236.81
POI00011035,PO0001009,PRD00128,196,8314.61
POI00011036,PO0006463,PRD00383,66,3349.4
POI00011037,PO0004528,PRD00332,479,13246.24
POI00011038,PO0005991,PRD00403,57,560.68
POI00011039,PO0002028,PRD00130,249,731.22
POI00011040,PO0001907,PRD00070,116,12755.67
POI00011041,PO0005329,PRD00363,148,863.17
POI00011042,PO0008883,PRD00727,445,1054.08
POI00011043,PO0004012,PRD00233,180,9106.69
POI00011044,PO0005221,PRD00765,267,1393.26
POI00011045,PO0008526,PRD00971,59,2515.98
POI00011046,PO0006814,PRD00301,95,10700.19
POI00011047,PO0002331,PRD00358,411,14322.76
POI00011048,PO0001047,PRD00395,446,6180.29
POI00011049,PO0008165,PRD00981,395,916.09
POI00011050,PO0008943,PRD00842,44,10426.4
POI00011051,PO0004366,PRD00124,456,8304.87
POI00011052,PO0002079,PRD00028,85,9263.48
POI00011053,PO0000492,PRD00017,425,12322.4
POI00011054,PO0003241,PRD00656,489,3059.15
POI00011055,PO0003513,PRD00276,293,12469.32
POI00011056,PO0001571,PRD00219,244,12493.83
POI00011057,PO0003776,PRD00068,206,11959.71
POI00011058,PO0000144,PRD00335,310,12393.64
POI00011059,PO0001610,PRD00722,415,9531.63
POI00011060,PO0009963,PRD00538,320,1565.66
POI00011061,PO0003038,PRD00904,171,9633.15
POI00011062,PO0003068,PRD00812,283,3339.2
POI00011063,PO0005421,PRD00707,462,5200.05
POI00011064,PO0008739,PRD00808,279,7399.02
POI00011065,PO0003069,PRD00411,290,9419.82
POI00011066,PO0003818,PRD00823,370,889.68
POI00011067,PO0007053,PRD00318,436,13343.83
POI00011068,PO0007069,PRD00256,299,4333.14
POI00011069,PO0002060,PRD00149,189,8656.19
POI00011070,PO0006633,PRD00738,38,7712.85
POI00011071,PO0008595,PRD00892,305,3978.64
POI00011072,PO0007860,PRD00311,74,5242.66
POI00011073,PO0007990,PRD00421,127,3240.17
POI00011074,PO0001152,PRD00635,113,2679.1
POI00011075,PO0006491,PRD00501,313,4943.69
POI00011076,PO0002751,PRD00239,137,3839.78
POI00011077,PO0008895,PRD00495,50,13954.44
POI00011078,PO0005782,PRD00559,215,1762.14
POI00011079,PO0008374,PRD00255,350,13121.82
POI00011080,PO0003728,PRD00150,102,4175.25
POI00011081,PO0009888,PRD00097,408,14218.05
POI00011082,PO0002409,PRD00123,260,6279.12
POI00011083,PO0001869,PRD00337,274,11344.08
POI00011084,PO0003748,PRD00840,475,1992.97
POI00011085,PO0000325,PRD00551,274,6646.28
POI00011086,PO0001725,PRD00271,415,14304.78
POI00011087,PO0006672,PRD00474,139,4767.61
POI00011088,PO0005716,PRD00156,356,1424.79
POI00011089,PO0008851,PRD00764,165,6096.89
POI00011090,PO0000565,PRD00712,416,5380.83
POI00011091,PO0000700,PRD00446,63,10566.45
POI00011092,PO0002486,PRD00297,81,3281.39
POI00011093,PO0000217,PRD00282,244,6599.31
POI00011094,PO0007879,PRD00206,432,10846.21
POI00011095,PO0006214,PRD00018,497,6025.11
POI00011096,PO0004922,PRD00884,198,5606.03
POI00011097,PO0006173,PRD00837,415,2785.86
POI00011098,PO0001316,PRD00299,464,14959.16
POI00011099,PO0004017,PRD00809,176,7918.89
POI00011100,PO0009480,PRD00433,143,10827.08
POI00011101,PO0004130,PRD00894,454,2746.5
POI00011102,PO0008910,PRD00811,489,13260.28
POI00011103,PO0009501,PRD00200,493,12689.72
POI00011104,PO0006090,PRD00314,259,8909.78
POI00011105,PO0002349,PRD00776,112,3296.6
POI00011106,PO0007971,PRD00790,465,11430.76
POI00011107,PO0005146,PRD00259,307,7569.95
POI00011108,PO0002146,PRD00744,313,13579.31
POI00011109,PO0007795,PRD00610,28,3030.44
POI00011110,PO0001634,PRD00194,317,11189.27
POI00011111,PO0007463,PRD00791,133,10139.71
POI00011112,PO0001233,PRD00446,426,10566.45
POI00011113,PO0005607,PRD00104,302,8958.06
POI00011114,PO0006770,PRD00144,282,7505.2
POI00011115,PO0005671,PRD00730,185,3426.87
POI00011116,PO0005474,PRD00583,55,2755.82
POI00011117,PO0008430,PRD00578,87,3487.79
POI00011118,PO0006951,PRD00875,228,6782.11
POI00011119,PO0007979,PRD00914,84,14209.47
POI00011120,PO0003022,PRD00529,477,7382.72
POI00011121,PO0005927,PRD00288,132,4176.37
POI00011122,PO0009371,PRD00668,193,3092.64
POI00011123,PO0009228,PRD00811,131,13260.28
POI00011124,PO0003016,PRD00601,407,14472.35
POI00011125,PO0000965,PRD00045,45,3578.64
POI00011126,PO0008249,PRD00601,475,14472.35
POI00011127,PO0007532,PRD00348,464,10382.26
POI00011128,PO0007887,PRD00376,297,7767.99
POI00011129,PO0006036,PRD00003,90,4143.44
POI00011130,PO0004261,PRD00938,190,14690.74
POI00011131,PO0003735,PRD00255,295,13121.82
POI00011132,PO0001619,PRD00577,32,5565.9
POI00011133,PO0000114,PRD00479,286,11981.47
POI00011134,PO0004251,PRD00569,79,1366.29
POI00011135,PO0000793,PRD00952,261,4757.15
POI00011136,PO0001036,PRD00616,39,1388.81
POI00011137,PO0003045,PRD00037,396,9868.39
POI00011138,PO0002999,PRD00366,402,11358.19
POI00011139,PO0009738,PRD00113,73,4380.21
POI00011140,PO0002433,PRD00249,455,10840.05
POI00011141,PO0000576,PRD00408,307,8695.92
POI00011142,PO0006996,PRD00697,252,6403.2
POI00011143,PO0006420,PRD00582,311,12403.88
POI00011144,PO0009261,PRD00925,278,3105.28
POI00011145,PO0001510,PRD00320,247,1168.76
POI00011146,PO0006507,PRD00945,343,3955.76
POI00011147,PO0002801,PRD00679,461,5120.96
POI00011148,PO0004952,PRD00929,66,2808.45
POI00011149,PO0002975,PRD00229,245,5330.98
POI00011150,PO0009147,PRD00738,271,7712.85
POI00011151,PO0001815,PRD00823,452,889.68
POI00011152,PO0008798,PRD00999,269,8190.82
POI00011153,PO0007095,PRD00591,64,1630.92
POI00011154,PO0006022,PRD00696,337,3418.65
POI00011155,PO0008734,PRD00229,402,5330.98
POI00011156,PO0003900,PRD00792,292,12139.91
POI00011157,PO0000537,PRD00455,396,3543.59
POI00011158,PO0006537,PRD00463,361,6510.21
POI00011159,PO0001928,PRD00370,124,218.27
POI00011160,PO0009946,PRD00297,219,3281.39
POI00011161,PO0003694,PRD00759,351,6538.09
POI00011162,PO0000844,PRD00724,302,11372.17
POI00011163,PO0000325,PRD00163,264,8801.64
POI00011164,PO0003785,PRD00184,178,6913.99
POI00011165,PO0008332,PRD00673,125,13879.93
POI00011166,PO0006609,PRD00064,500,11684.65
POI00011167,PO0006976,PRD00102,139,6423.07
POI00011168,PO0001169,PRD00243,405,9718.69
POI00011169,PO0002340,PRD00230,87,928.8
POI00011170,PO0004841,PRD00071,460,9562.93
POI00011171,PO0009178,PRD00210,141,5229.98
POI00011172,PO0008294,PRD00013,57,14644.99
POI00011173,PO0008977,PRD00234,438,12179.62
POI00011174,PO0008724,PRD00627,333,8481.58
POI00011175,PO0006302,PRD00469,214,4552.3
POI00011176,PO0004995,PRD00676,235,4189.18
POI00011177,PO0001662,PRD00323,492,7763.5
POI00011178,PO0005895,PRD00579,465,3728.71
POI00011179,PO0007721,PRD00922,245,7190.21
POI00011180,PO0002068,PRD00625,479,8920.39
POI00011181,PO0004806,PRD00043,71,6795.04
POI00011182,PO0010000,PRD00523,58,12097.17
POI00011183,PO0003344,PRD00346,453,2284.81
POI00011184,PO0004590,PRD00809,210,7918.89
POI00011185,PO0007119,PRD00905,377,2985.62
POI00011186,PO0005078,PRD00426,17,11443.5
POI00011187,PO0004084,PRD00916,86,11381.5
POI00011188,PO0005201,PRD00230,380,928.8
POI00011189,PO0003163,PRD00828,201,11820.43
POI00011190,PO0000891,PRD00302,300,7670.64
POI00011191,PO0007717,PRD00287,469,5325.08
POI00011192,PO0007795,PRD00038,22,11694.03
POI00011193,PO0009427,PRD00618,417,7236.89
POI00011194,PO0007802,PRD00046,233,2330.39
POI00011195,PO0007001,PRD00921,208,10131.57
POI00011196,PO0008445,PRD00557,373,7804.82
POI00011197,PO0004314,PRD00787,277,3077.27
POI00011198,PO0003115,PRD00554,452,5324.91
POI00011199,PO0000851,PRD00904,11,9633.15
POI00011200,PO0008870,PRD00192,68,10003.41
POI00011201,PO0007796,PRD00898,466,11808.33
POI00011202,PO0003707,PRD00134,139,10858.86
POI00011203,PO0004245,PRD00878,67,13841.49
POI00011204,PO0008233,PRD00962,299,8264.3
POI00011205,PO0006435,PRD00522,360,2556.45
POI00011206,PO0005880,PRD00326,57,12217.09
POI00011207,PO0007458,PRD00863,249,7788.61
POI00011208,PO0009864,PRD00682,35,9106.29
POI00011209,PO0001403,PRD00243,199,9718.69
POI00011210,PO0008073,PRD00857,47,11441.17
POI00011211,PO0008423,PRD00537,173,11841.49
POI00011212,PO0009154,PRD00438,79,314.72
POI00011213,PO0003976,PRD00297,481,3281.39
POI00011214,PO0004951,PRD00082,456,7141.05
POI00011215,PO0000096,PRD00843,382,14383.19
POI00011216,PO0006598,PRD00461,203,4804.84
POI00011217,PO0003181,PRD00394,347,14023.98
POI00011218,PO0001578,PRD00483,161,8191.19
POI00011219,PO0004251,PRD00090,394,7083.4
POI00011220,PO0008236,PRD00558,190,9720.85
POI00011221,PO0005591,PRD00031,28,11922.53
POI00011222,PO0002774,PRD00663,40,8339.74
POI00011223,PO0008657,PRD00112,232,10078.39
POI00011224,PO0000803,PRD00505,238,10107.88
POI00011225,PO0000975,PRD00155,105,11846.07
POI00011226,PO0005861,PRD00610,421,3030.44
POI00011227,PO0004835,PRD01000,271,1107.64
POI00011228,PO0006614,PRD00521,487,3211.38
POI00011229,PO0008268,PRD00584,321,13164.71
POI00011230,PO0003829,PRD00004,486,10337.46
POI00011231,PO0009734,PRD00741,297,13662.52
POI00011232,PO0009876,PRD00282,404,6599.31
POI00011233,PO0005022,PRD00968,381,14208.61
POI00011234,PO0003540,PRD00278,142,4458.16
POI00011235,PO0007091,PRD00219,43,12493.83
POI00011236,PO0009275,PRD00259,27,7569.95
POI00011237,PO0006449,PRD00628,489,2699.31
POI00011238,PO0003022,PRD00414,163,3675.25
POI00011239,PO0000080,PRD00499,46,5881.43
POI00011240,PO0005837,PRD00854,248,7572.34
POI00011241,PO0006692,PRD00981,485,916.09
POI00011242,PO0007457,PRD00614,12,6734.49
POI00011243,PO0003980,PRD00787,55,3077.27
POI00011244,PO0008853,PRD00271,440,14304.78
POI00011245,PO0000448,PRD00640,434,14055.38
POI00011246,PO0006799,PRD00414,10,3675.25
POI00011247,PO0007968,PRD00871,327,8636.42
POI00011248,PO0005270,PRD00002,387,14088.84
POI00011249,PO0007969,PRD00769,458,14259.3
POI00011250,PO0001627,PRD00007,471,9585.73
POI00011251,PO0009763,PRD00476,460,12262.1
POI00011252,PO0007400,PRD00284,281,12033.13
POI00011253,PO0003520,PRD00924,305,3584.13
POI00011254,PO0004404,PRD00839,47,1545.18
POI00011255,PO0009902,PRD00775,62,1675.87
POI00011256,PO0003630,PRD00105,129,7072.97
POI00011257,PO0007761,PRD00940,186,12016.56
POI00011258,PO0003496,PRD00965,86,8131.85
POI00011259,PO0000477,PRD00946,481,5214.57
POI00011260,PO0001071,PRD00585,358,4963.33
POI00011261,PO0007592,PRD00022,294,6591.0
POI00011262,PO0002317,PRD00577,497,5565.9
POI00011263,PO0004694,PRD00804,261,14440.13
POI00011264,PO0001393,PRD00003,429,4143.44
POI00011265,PO0004571,PRD00431,406,11469.34
POI00011266,PO0007805,PRD00286,79,4652.92
POI00011267,PO0005696,PRD00230,66,928.8
POI00011268,PO0009721,PRD00422,422,13723.46
POI00011269,PO0007431,PRD00815,471,5837.27
POI00011270,PO0004028,PRD00009,495,12532.16
POI00011271,PO0008053,PRD00194,347,11189.27
POI00011272,PO0006960,PRD00784,223,4162.05
POI00011273,PO0007274,PRD00166,300,9766.65
POI00011274,PO0008727,PRD00851,300,13602.05
POI00011275,PO0003188,PRD00067,80,10482.12
POI00011276,PO0003657,PRD00053,449,10059.59
POI00011277,PO0006482,PRD00437,35,981.92
POI00011278,PO0001256,PRD00429,457,4484.27
POI00011279,PO0001455,PRD00187,413,4183.24
POI00011280,PO0002869,PRD00542,224,3815.81
POI00011281,PO0005696,PRD00368,79,13705.39
POI00011282,PO0008146,PRD00895,35,8698.56
POI00011283,PO0001323,PRD00841,494,13509.77
POI00011284,PO0000508,PRD00933,189,4789.52
POI00011285,PO0007995,PRD00428,13,322.0
POI00011286,PO0002893,PRD00442,270,4068.49
POI00011287,PO0004923,PRD00405,113,8998.95
POI00011288,PO0003688,PRD00196,156,6209.26
POI00011289,PO0005488,PRD00462,54,5449.97
POI00011290,PO0005068,PRD00638,92,14235.92
POI00011291,PO0003754,PRD00521,372,3211.38
POI00011292,PO0006499,PRD00925,204,3105.28
POI00011293,PO0006558,PRD00869,334,7264.23
POI00011294,PO0008359,PRD00930,134,3393.62
POI00011295,PO0006869,PRD00501,317,4943.69
POI00011296,PO0002308,PRD00714,325,7100.41
POI00011297,PO0004936,PRD00829,291,5770.69
POI00011298,PO0007434,PRD00048,246,1009.0
POI00011299,PO0009994,PRD00782,296,9890.23
POI00011300,PO0001754,PRD00236,268,5509.36
POI00011301,PO0005173,PRD00234,146,12179.62
POI00011302,PO0000844,PRD00695,414,7153.53
POI00011303,PO0000166,PRD00935,100,2872.31
POI00011304,PO0007130,PRD00276,295,12469.32
POI00011305,PO0000901,PRD00374,418,290.14
POI00011306,PO0004989,PRD00874,410,13187.35
POI00011307,PO0001538,PRD00518,156,8231.59
POI00011308,PO0006569,PRD00618,105,7236.89
POI00011309,PO0002141,PRD00594,469,6920.19
POI00011310,PO0007755,PRD00081,175,3386.22
POI00011311,PO0002035,PRD00924,104,3584.13
POI00011312,PO0001527,PRD00999,80,8190.82
POI00011313,PO0003603,PRD00412,325,14128.47
POI00011314,PO0003133,PRD00443,413,8509.83
POI00011315,PO0008140,PRD00819,300,9433.84
POI00011316,PO0007440,PRD00684,49,7767.82
POI00011317,PO0004720,PRD00071,205,9562.93
POI00011318,PO0000219,PRD00660,232,745.68
POI00011319,PO0000161,PRD00512,480,6184.28
POI00011320,PO0004040,PRD00843,98,14383.19
POI00011321,PO0007332,PRD00620,281,517.21
POI00011322,PO0000187,PRD00417,493,13839.61
POI00011323,PO0007489,PRD00462,401,5449.97
POI00011324,PO0004870,PRD00204,469,1118.21
POI00011325,PO0005619,PRD00969,121,11985.63
POI00011326,PO0001886,PRD00988,227,3859.43
POI00011327,PO0006608,PRD00018,200,6025.11
POI00011328,PO0000973,PRD00390,80,6845.21
POI00011329,PO0006017,PRD00102,485,6423.07
POI00011330,PO0007905,PRD00552,113,13804.82
POI00011331,PO0005749,PRD00938,207,14690.74
POI00011332,PO0009392,PRD00588,196,11008.35
POI00011333,PO0008834,PRD00961,181,12916.7
POI00011334,PO0003666,PRD00240,252,1296.01
POI00011335,PO0003699,PRD00110,80,13747.81
POI00011336,PO0003563,PRD00250,359,14546.26
POI00011337,PO0002485,PRD00464,187,471.83
POI00011338,PO0006983,PRD00840,392,1992.97
POI00011339,PO0007585,PRD00865,179,13316.61
POI00011340,PO0008447,PRD00162,14,287.67
POI00011341,PO0000379,PRD00440,478,12108.02
POI00011342,PO0002672,PRD00778,499,11600.41
POI00011343,PO0003437,PRD00057,159,4964.1
POI00011344,PO0007786,PRD00123,305,6279.12
POI00011345,PO0008921,PRD00136,450,9775.56
POI00011346,PO0004992,PRD00290,172,2210.27
POI00011347,PO0003349,PRD00512,296,6184.28
POI00011348,PO0008347,PRD00839,110,1545.18
POI00011349,PO0008863,PRD00248,404,2381.45
POI00011350,PO0007999,PRD00747,380,1497.38
POI00011351,PO0005716,PRD00423,116,13733.69
POI00011352,PO0007420,PRD00031,199,11922.53
POI00011353,PO0007327,PRD00611,414,1908.11
POI00011354,PO0003289,PRD00513,147,7371.4
POI00011355,PO0003089,PRD00114,474,6866.0
POI00011356,PO0001993,PRD00041,16,14254.59
POI00011357,PO0004659,PRD00264,401,12537.65
POI00011358,PO0002325,PRD00658,119,7106.49
POI00011359,PO0003781,PRD00222,64,1219.58
POI00011360,PO0004487,PRD00454,180,7551.83
POI00011361,PO0008615,PRD00638,456,14235.92
POI00011362,PO0006477,PRD00468,440,7437.41
POI00011363,PO0000816,PRD00001,401,9837.33
POI00011364,PO0009389,PRD00917,370,13456.14
POI00011365,PO0004588,PRD00787,460,3077.27
POI00011366,PO0005807,PRD00312,453,3819.03
POI00011367,PO0003514,PRD00085,280,2937.79
POI00011368,PO0007992,PRD00496,375,5018.37
POI00011369,PO0008716,PRD00426,195,11443.5
POI00011370,PO0008226,PRD00956,66,3221.73
POI00011371,PO0009260,PRD00150,389,4175.25
POI00011372,PO0007909,PRD00648,42,4835.26
POI00011373,PO0000328,PRD00555,229,9697.74
POI00011374,PO0004285,PRD00006,214,12453.87
POI00011375,PO0008040,PRD00588,14,11008.35
POI00011376,PO0004648,PRD00983,422,12437.52
POI00011377,PO0000400,PRD00312,62,3819.03
POI00011378,PO0006623,PRD00315,121,12650.55
POI00011379,PO0004968,PRD00353,95,9182.34
POI00011380,PO0004203,PRD00293,294,14236.45
POI00011381,PO0005047,PRD00269,254,6484.24
POI00011382,PO0001879,PRD00584,110,13164.71
POI00011383,PO0005005,PRD00412,258,14128.47
POI00011384,PO0000289,PRD00710,465,7104.05
POI00011385,PO0005413,PRD00103,108,12413.34
POI00011386,PO0002777,PRD00529,474,7382.72
POI00011387,PO0004377,PRD00246,242,12678.87
POI00011388,PO0003108,PRD00423,180,13733.69
POI00011389,PO0004549,PRD00676,366,4189.18
POI00011390,PO0009917,PRD00082,222,7141.05
POI00011391,PO0008372,PRD00521,78,3211.38
POI00011392,PO0006324,PRD00526,485,2102.99
POI00011393,PO0003259,PRD00417,313,13839.61
POI00011394,PO0004138,PRD00918,95,1087.91
POI00011395,PO0008326,PRD00217,290,12942.68
POI00011396,PO0004704,PRD00369,96,11836.37
POI00011397,PO0000625,PRD00847,229,9711.63
POI00011398,PO0000747,PRD00375,26,2698.38
POI00011399,PO0002948,PRD00341,389,8938.37
POI00011400,PO0006141,PRD00432,302,6955.57
POI00011401,PO0004445,PRD00102,239,6423.07
POI00011402,PO0008513,PRD00115,222,12984.47
POI00011403,PO0007650,PRD00406,150,6081.8
POI00011404,PO0002246,PRD00963,341,8895.2
POI00011405,PO0009695,PRD00616,227,1388.81
POI00011406,PO0000946,PRD00883,377,13462.78
POI00011407,PO0003042,PRD00454,195,7551.83
POI00011408,PO0005258,PRD00960,23,2038.65
POI00011409,PO0000758,PRD00747,356,1497.38
POI00011410,PO0002137,PRD00755,394,12949.63
POI00011411,PO0000515,PRD00517,374,8167.29
POI00011412,PO0007495,PRD00139,89,11221.75
POI00011413,PO0006696,PRD00045,201,3578.64
POI00011414,PO0009352,PRD00368,228,13705.39
POI00011415,PO0004002,PRD00607,98,12074.14
POI00011416,PO0004976,PRD00986,305,7134.56
POI00011417,PO0004174,PRD00130,205,731.22
POI00011418,PO0005057,PRD00323,26,7763.5
POI00011419,PO0005738,PRD00648,329,4835.26
POI00011420,PO0008025,PRD00732,382,5677.87
POI00011421,PO0003248,PRD00114,228,6866.0
POI00011422,PO0002656,PRD00628,498,2699.31
POI00011423,PO0009919,PRD00004,386,10337.46
POI00011424,PO0002954,PRD00092,315,1185.31
POI00011425,PO0009674,PRD00265,202,1738.91
POI00011426,PO0004553,PRD00937,17,5526.96
POI00011427,PO0001706,PRD00426,330,11443.5
POI00011428,PO0007040,PRD00273,76,3864.46
POI00011429,PO0002953,PRD00539,207,13947.14
POI00011430,PO0008205,PRD00885,487,14081.25
POI00011431,PO0006778,PRD00213,323,11481.28
POI00011432,PO0008607,PRD00970,58,2893.48
POI00011433,PO0002036,PRD00519,222,4521.82
POI00011434,PO0004822,PRD00802,52,11346.21
POI00011435,PO0004073,PRD00029,135,4613.81
POI00011436,PO0001898,PRD00004,150,10337.46
POI00011437,PO0001401,PRD00171,324,3321.66
POI00011438,PO0001660,PRD00459,281,11986.98
POI00011439,PO0002294,PRD00563,400,13844.88
POI00011440,PO0009073,PRD00479,55,11981.47
POI00011441,PO0003710,PRD00899,145,2478.21
POI00011442,PO0006506,PRD00360,312,11230.29
POI00011443,PO0003081,PRD00754,22,2784.41
POI00011444,PO0004423,PRD00324,317,4070.68
POI00011445,PO0001714,PRD00248,195,2381.45
POI00011446,PO0005337,PRD00750,149,6059.6
POI00011447,PO0006361,PRD00540,60,3098.59
POI00011448,PO0000525,PRD00269,93,6484.24
POI00011449,PO0008125,PRD00889,127,161.6
POI00011450,PO0001675,PRD00497,413,9476.02
POI00011451,PO0006392,PRD00077,321,3244.83
POI00011452,PO0005216,PRD00612,308,12339.55
POI00011453,PO0008573,PRD00261,188,11887.4
POI00011454,PO0003547,PRD00821,463,9726.69
POI00011455,PO0007610,PRD00325,153,14185.14
POI00011456,PO0002181,PRD00274,366,11015.48
POI00011457,PO0000926,PRD00660,62,745.68
POI00011458,PO0009430,PRD00601,331,14472.35
POI00011459,PO0005638,PRD00212,18,194.69
POI00011460,PO0003097,PRD00551,462,6646.28
POI00011461,PO0007917,PRD00733,202,8941.35
POI00011462,PO0009023,PRD00733,490,8941.35
POI00011463,PO0007833,PRD00377,19,14726.74
POI00011464,PO0001279,PRD00970,236,2893.48
POI00011465,PO0005253,PRD00654,416,8610.81
POI00011466,PO0006578,PRD00798,173,10418.61
POI00011467,PO0004579,PRD00731,364,8878.22
POI00011468,PO0000255,PRD00399,316,10939.64
POI00011469,PO0008651,PRD00194,203,11189.27
POI00011470,PO0008496,PRD00887,109,6428.3
POI00011471,PO0006724,PRD00830,489,8039.34
POI00011472,PO0002186,PRD00399,64,10939.64
POI00011473,PO0007059,PRD00182,32,11205.33
POI00011474,PO0003814,PRD00380,67,10416.11
POI00011475,PO0004991,PRD00758,365,14670.2
POI00011476,PO0003028,PRD00884,483,5606.03
POI00011477,PO0008077,PRD00734,499,799.67
POI00011478,PO0003614,PRD00970,447,2893.48
POI00011479,PO0002255,PRD00799,251,14353.99
POI00011480,PO0004009,PRD00370,240,218.27
POI00011481,PO0005242,PRD00501,465,4943.69
POI00011482,PO0001435,PRD00139,317,11221.75
POI00011483,PO0002905,PRD00735,445,8245.45
POI00011484,PO0005968,PRD00669,311,4850.66
POI00011485,PO0009323,PRD00421,80,3240.17
POI00011486,PO0008674,PRD00589,79,13991.37
POI00011487,PO0008474,PRD00317,19,11523.03
POI00011488,PO0007865,PRD00735,10,8245.45
POI00011489,PO0002564,PRD00899,116,2478.21
POI00011490,PO0000673,PRD00022,14,6591.0
POI00011491,PO0005359,PRD00886,13,8868.6
POI00011492,PO0000269,PRD00243,24,9718.69
POI00011493,PO0009709,PRD00301,481,10700.19
POI00011494,PO0002067,PRD00193,196,1081.63
POI00011495,PO0001341,PRD00459,43,11986.98
POI00011496,PO0007825,PRD00586,253,4430.6
POI00011497,PO0001831,PRD00166,394,9766.65
POI00011498,PO0004285,PRD00501,237,4943.69
POI00011499,PO0009456,PRD00738,286,7712.85
POI00011500,PO0002906,PRD00412,170,14128.47
POI00011501,PO0005173,PRD00686,374,2956.03
POI00011502,PO0009428,PRD00884,456,5606.03
POI00011503,PO0000238,PRD00918,430,1087.91
POI00011504,PO0000061,PRD00438,374,314.72
POI00011505,PO0003833,PRD00294,48,7979.54
POI00011506,PO0002484,PRD00290,371,2210.27
POI00011507,PO0008606,PRD00636,411,3410.7
POI00011508,PO0001890,PRD00369,71,11836.37
POI00011509,PO0002956,PRD00165,10,9742.97
POI00011510,PO0007794,PRD00521,46,3211.38
POI00011511,PO0009656,PRD00512,461,6184.28
POI00011512,PO0004391,PRD00121,269,14884.48
POI00011513,PO0009636,PRD00398,150,1850.01
POI00011514,PO0001679,PRD00132,172,14475.18
POI00011515,PO0005714,PRD00963,482,8895.2
POI00011516,PO0009705,PRD00445,350,6126.75
POI00011517,PO0004545,PRD00926,421,11701.76
POI00011518,PO0004673,PRD00975,209,9296.52
POI00011519,PO0009028,PRD00542,443,3815.81
POI00011520,PO0001083,PRD00469,23,4552.3
POI00011521,PO0007841,PRD00923,99,14211.0
POI00011522,PO0009221,PRD00256,334,4333.14
POI00011523,PO0009570,PRD00588,20,11008.35
POI00011524,PO0002912,PRD00942,408,11797.17
POI00011525,PO0006160,PRD00587,458,7001.79
POI00011526,PO0005860,PRD00102,474,6423.07
POI00011527,PO0002956,PRD00519,74,4521.82
POI00011528,PO0007668,PRD00776,96,3296.6
POI00011529,PO0007152,PRD00676,77,4189.18
POI00011530,PO0008568,PRD00867,19,2868.63
POI00011531,PO0007289,PRD00573,121,5628.29
POI00011532,PO0005600,PRD00953,87,4127.02
POI00011533,PO0008606,PRD00923,489,14211.0
POI00011534,PO0002511,PRD00571,401,268.96
POI00011535,PO0006590,PRD00952,404,4757.15
POI00011536,PO0006009,PRD00148,243,12811.77
POI00011537,PO0000138,PRD00498,88,515.55
POI00011538,PO0000771,PRD00671,453,13764.06
POI00011539,PO0003503,PRD00836,75,2825.17
POI00011540,PO0001573,PRD00026,462,10030.04
POI00011541,PO0000973,PRD00641,341,5254.41
POI00011542,PO0002161,PRD00022,381,6591.0
POI00011543,PO0006763,PRD00891,318,6179.97
POI00011544,PO0004647,PRD00139,207,11221.75
POI00011545,PO0002887,PRD00706,459,11072.04
POI00011546,PO0009692,PRD00387,363,1001.43
POI00011547,PO0004512,PRD00729,265,5440.02
POI00011548,PO0005210,PRD00571,467,268.96
POI00011549,PO0000183,PRD00560,72,14804.29
POI00011550,PO0007963,PRD00557,307,7804.82
POI00011551,PO0003037,PRD00565,171,1309.82
POI00011552,PO0002903,PRD00145,230,6936.79
POI00011553,PO0009557,PRD00755,51,12949.63
POI00011554,PO0004714,PRD00802,344,11346.21
POI00011555,PO0009571,PRD00226,21,7002.18
POI00011556,PO0000863,PRD00797,162,11156.8
POI00011557,PO0006862,PRD00993,495,2432.86
POI00011558,PO0006035,PRD00488,340,6731.02
POI00011559,PO0003308,PRD00152,382,9137.41
POI00011560,PO0007109,PRD00162,37,287.67
POI00011561,PO0008226,PRD00540,349,3098.59
POI00011562,PO0009120,PRD00448,113,3508.12
POI00011563,PO0005959,PRD00551,434,6646.28
POI00011564,PO0000025,PRD00195,397,8830.06
POI00011565,PO0009916,PRD00482,439,14861.25
POI00011566,PO0004699,PRD00362,425,837.42
POI00011567,PO0000042,PRD00435,170,11483.94
POI00011568,PO0000232,PRD00057,212,4964.1
POI00011569,PO0005394,PRD00507,184,8978.67
POI00011570,PO0001540,PRD00327,432,11465.77
POI00011571,PO0009462,PRD00058,99,4231.59
POI00011572,PO0005791,PRD00529,345,7382.72
POI00011573,PO0006204,PRD00644,376,5838.18
POI00011574,PO0006244,PRD00989,124,12965.77
POI00011575,PO0004421,PRD00947,293,8686.66
POI00011576,PO0005153,PRD00627,299,8481.58
POI00011577,PO0001891,PRD00625,208,8920.39
POI00011578,PO0008838,PRD00642,158,6743.72
POI00011579,PO0001620,PRD00470,395,10835.82
POI00011580,PO0004504,PRD00711,360,14208.1
POI00011581,PO0009659,PRD00281,115,12997.71
POI00011582,PO0001778,PRD00293,488,14236.45
POI00011583,PO0006085,PRD00459,436,11986.98
POI00011584,PO0001459,PRD00486,186,14504.82
POI00011585,PO0009581,PRD00368,136,13705.39
POI00011586,PO0009463,PRD00985,247,3051.76
POI00011587,PO0001906,PRD00336,312,14628.24
POI00011588,PO0009000,PRD00185,472,6440.0
POI00011589,PO0004677,PRD00551,292,6646.28
POI00011590,PO0009999,PRD00414,28,3675.25
POI00011591,PO0003665,PRD00565,111,1309.82
POI00011592,PO0006743,PRD00137,342,14315.76
POI00011593,PO0004570,PRD00734,339,799.67
POI00011594,PO0001508,PRD00695,462,7153.53
POI00011595,PO0000405,PRD00812,173,3339.2
POI00011596,PO0009971,PRD00594,389,6920.19
POI00011597,PO0000730,PRD00065,362,13939.0
POI00011598,PO0003831,PRD00567,100,8082.94
POI00011599,PO0001335,PRD00682,133,9106.29
POI00011600,PO0006423,PRD00746,270,5454.4
POI00011601,PO0007990,PRD00387,116,1001.43
POI00011602,PO0009063,PRD00079,355,10823.51
POI00011603,PO0005937,PRD00841,67,13509.77
POI00011604,PO0002297,PRD00653,366,9936.12
POI00011605,PO0008311,PRD00350,167,7818.75
POI00011606,PO0008395,PRD00064,388,11684.65
POI00011607,PO0001281,PRD00231,272,9255.93
POI00011608,PO0003600,PRD00572,277,14299.0
POI00011609,PO0004233,PRD00639,241,2796.66
POI00011610,PO0001907,PRD00256,305,4333.14
POI00011611,PO0006592,PRD00282,428,6599.31
POI00011612,PO0002106,PRD00075,235,3718.44
POI00011613,PO0002709,PRD00432,221,6955.57
POI00011614,PO0005228,PRD00600,498,6787.54
POI00011615,PO0005097,PRD00006,287,12453.87
POI00011616,PO0004782,PRD00614,157,6734.49
POI00011617,PO0003085,PRD00177,188,12210.75
POI00011618,PO0009759,PRD00395,368,6180.29
POI00011619,PO0000950,PRD00400,299,14679.08
POI00011620,PO0002970,PRD00139,297,11221.75
POI00011621,PO0009837,PRD00976,11,4864.0
POI00011622,PO0009990,PRD00011,354,10256.43
POI00011623,PO0004157,PRD00499,438,5881.43
POI00011624,PO0003472,PRD00160,408,2180.09
POI00011625,PO0004736,PRD00779,133,14460.71
POI00011626,PO0008446,PRD00018,424,6025.11
POI00011627,PO0008438,PRD00684,150,7767.82
POI00011628,PO0005901,PRD00072,296,2707.96
POI00011629,PO0000469,PRD00752,258,1766.8
POI00011630,PO0009624,PRD00400,89,14679.08
POI00011631,PO0001842,PRD00028,270,9263.48
POI00011632,PO0009141,PRD00753,141,1627.4
POI00011633,PO0000799,PRD00197,69,14528.51
POI00011634,PO0000641,PRD00147,244,10379.48
POI00011635,PO0001640,PRD00395,127,6180.29
POI00011636,PO0005573,PRD00260,251,500.56
POI00011637,PO0008686,PRD00035,64,9200.21
POI00011638,PO0003679,PRD00587,137,7001.79
POI00011639,PO0000647,PRD00763,435,5016.95
POI00011640,PO0009592,PRD00768,30,13360.45
POI00011641,PO0003042,PRD00127,204,12989.69
POI00011642,PO0009967,PRD00493,352,4838.13
POI00011643,PO0001299,PRD00939,221,12076.99
POI00011644,PO0001364,PRD00202,327,2771.81
POI00011645,PO0008295,PRD00227,281,12974.56
POI00011646,PO0009324,PRD00363,103,863.17
POI00011647,PO0003302,PRD00140,373,6699.68
POI00011648,PO0007712,PRD00311,108,5242.66
POI00011649,PO0006492,PRD00369,97,11836.37
POI00011650,PO0004687,PRD00303,58,3612.1
POI00011651,PO0003573,PRD00580,387,13972.91
POI00011652,PO0008875,PRD00041,296,14254.59
POI00011653,PO0008742,PRD00886,307,8868.6
POI00011654,PO0007400,PRD00315,17,12650.55
POI00011655,PO0006207,PRD00438,12,314.72
POI00011656,PO0004726,PRD00436,463,10630.97
POI00011657,PO0001455,PRD00200,23,12689.72
POI00011658,PO0003304,PRD00132,115,14475.18
POI00011659,PO0008349,PRD00214,153,11225.45
POI00011660,PO0008166,PRD00198,76,2388.57
POI00011661,PO0004115,PRD00483,325,8191.19
POI00011662,PO0001325,PRD00929,304,2808.45
POI00011663,PO0006584,PRD00394,35,14023.98
POI00011664,PO0005822,PRD00296,409,13710.05
POI00011665,PO0009784,PRD00621,445,7979.13
POI00011666,PO0002867,PRD00953,33,4127.02
POI00011667,PO0004535,PRD00420,451,7232.56
POI00011668,PO0001923,PRD00336,144,14628.24
POI00011669,PO0004346,PRD00753,157,1627.4
POI00011670,PO0002125,PRD00857,477,11441.17
POI00011671,PO0003264,PRD00347,239,2926.5
POI00011672,PO0008333,PRD00482,386,14861.25
POI00011673,PO0004898,PRD00244,500,4688.28
POI00011674,PO0009570,PRD00610,224,3030.44
POI00011675,PO0004593,PRD00201,473,9166.2
POI00011676,PO0000595,PRD00442,310,4068.49
POI00011677,PO0000345,PRD00696,181,3418.65
POI00011678,PO0004532,PRD00978,240,10928.44
POI00011679,PO0006790,PRD00055,443,8911.04
POI00011680,PO0002423,PRD00976,404,4864.0
POI00011681,PO0006230,PRD00140,187,6699.68
POI00011682,PO0008986,PRD00278,277,4458.16
POI00011683,PO0008113,PRD00737,129,9372.14
POI00011684,PO0002248,PRD00397,487,1277.33
POI00011685,PO0001989,PRD00617,165,9490.86
POI00011686,PO0004869,PRD00741,396,13662.52
POI00011687,PO0000082,PRD00674,297,13022.73
POI00011688,PO0001552,PRD00571,298,268.96
POI00011689,PO0003624,PRD00350,65,7818.75
POI00011690,PO0005493,PRD00549,288,2125.97
POI00011691,PO0005275,PRD00807,445,13935.13
POI00011692,PO0001759,PRD00282,127,6599.31
POI00011693,PO0000959,PRD00342,258,10654.4
POI00011694,PO0005641,PRD00393,27,755.72
POI00011695,PO0008267,PRD00334,189,8334.09
POI00011696,PO0002380,PRD00099,472,6175.08
POI00011697,PO0006747,PRD00483,286,8191.19
POI00011698,PO0003503,PRD00312,228,3819.03
POI00011699,PO0000030,PRD00864,295,5345.24
POI00011700,PO0000292,PRD00471,394,1676.03
POI00011701,PO0002597,PRD00198,206,2388.57
POI00011702,PO0003480,PRD00537,110,11841.49
POI00011703,PO0005555,PRD00206,120,10846.21
POI00011704,PO0004910,PRD00881,82,13176.07
POI00011705,PO0002470,PRD00630,232,12112.17
POI00011706,PO0006447,PRD00179,396,11993.83
POI00011707,PO0005401,PRD00100,180,3533.63
POI00011708,PO0001918,PRD00664,386,8624.9
POI00011709,PO0001177,PRD00483,412,8191.19
POI00011710,PO0007720,PRD00479,432,11981.47
POI00011711,PO0008291,PRD00847,43,9711.63
POI00011712,PO0006525,PRD00889,481,161.6
POI00011713,PO0001798,PRD00026,393,10030.04
POI00011714,PO0004553,PRD00155,67,11846.07
POI00011715,PO0000961,PRD00697,100,6403.2
POI00011716,PO0000937,PRD00886,475,8868.6
POI00011717,PO0004429,PRD00264,387,12537.65
POI00011718,PO0001854,PRD00089,293,9597.02
POI00011719,PO0004134,PRD00246,324,12678.87
POI00011720,PO0006199,PRD00487,189,1551.21
POI00011721,PO0008484,PRD00069,450,9949.9
POI00011722,PO0005699,PRD00297,116,3281.39
POI00011723,PO0001593,PRD00088,55,759.09
POI00011724,PO0003747,PRD00017,176,12322.4
POI00011725,PO0004918,PRD00406,328,6081.8
POI00011726,PO0007235,PRD00544,249,6484.13
POI00011727,PO0005389,PRD00192,376,10003.41
POI00011728,PO0008677,PRD00503,368,8838.11
POI00011729,PO0002381,PRD00844,207,10706.01
POI00011730,PO0009659,PRD00285,286,8218.48
POI00011731,PO0005095,PRD00793,235,871.73
POI00011732,PO0002194,PRD00887,199,6428.3
POI00011733,PO0009086,PRD00286,455,4652.92
POI00011734,PO0004120,PRD00296,10,13710.05
POI00011735,PO0008687,PRD00966,62,6230.08
POI00011736,PO0000683,PRD00098,439,2423.29
POI00011737,PO0000617,PRD00490,224,13814.57
POI00011738,PO0004265,PRD00814,198,14386.74
POI00011739,PO0000194,PRD00225,209,11422.41
POI00011740,PO0008595,PRD00492,39,5276.64
POI00011741,PO0000843,PRD00419,267,13114.42
POI00011742,PO0008769,PRD00246,284,12678.87
POI00011743,PO0009450,PRD00705,463,14962.24
POI00011744,PO0004565,PRD00110,319,13747.81
POI00011745,PO0002197,PRD00010,450,704.09
POI00011746,PO0000660,PRD00101,182,1142.0
POI00011747,PO0008596,PRD00668,13,3092.64
POI00011748,PO0005878,PRD00414,66,3675.25
POI00011749,PO0008718,PRD00510,483,9321.6
POI00011750,PO0001362,PRD00151,287,13666.4
POI00011751,PO0004327,PRD00565,210,1309.82
POI00011752,PO0001732,PRD00197,239,14528.51
POI00011753,PO0001446,PRD00111,61,14538.3
POI00011754,PO0006207,PRD00557,167,7804.82
POI00011755,PO0004998,PRD00895,95,8698.56
POI00011756,PO0001975,PRD00735,157,8245.45
POI00011757,PO0005195,PRD00569,252,1366.29
POI00011758,PO0002074,PRD00917,75,13456.14
POI00011759,PO0003796,PRD00830,492,8039.34
POI00011760,PO0009277,PRD00655,486,136.93
POI00011761,PO0006824,PRD00907,56,14636.64
POI00011762,PO0007602,PRD00206,399,10846.21
POI00011763,PO0006003,PRD00244,392,4688.28
POI00011764,PO0006338,PRD00098,37,2423.29
POI00011765,PO0004102,PRD00826,368,9650.03
POI00011766,PO0001034,PRD00722,33,9531.63
POI00011767,PO0008811,PRD00767,171,8392.39
POI00011768,PO0007716,PRD00337,57,11344.08
POI00011769,PO0003758,PRD00646,167,11847.85
POI00011770,PO0007591,PRD00147,397,10379.48
POI00011771,PO0006293,PRD00853,22,2077.51
POI00011772,PO0000939,PRD00367,34,13626.42
POI00011773,PO0006563,PRD00411,46,9419.82
POI00011774,PO0008093,PRD00461,489,4804.84
POI00011775,PO0006606,PRD00499,481,5881.43
POI00011776,PO0002401,PRD00847,244,9711.63
POI00011777,PO0004281,PRD00428,414,322.0
POI00011778,PO0000948,PRD00049,180,12862.44
POI00011779,PO0009389,PRD00694,260,9801.68
POI00011780,PO0007252,PRD00166,183,9766.65
POI00011781,PO0002831,PRD00562,106,329.01
POI00011782,PO0003874,PRD00131,415,5840.29
POI00011783,PO0008572,PRD00790,485,11430.76
POI00011784,PO0001102,PRD00744,383,13579.31
POI00011785,PO0002994,PRD00836,92,2825.17
POI00011786,PO0009233,PRD00538,453,1565.66
POI00011787,PO0000058,PRD00054,357,13799.56
POI00011788,PO0003717,PRD00133,278,13122.92
POI00011789,PO0002860,PRD00413,134,6171.23
POI00011790,PO0004623,PRD00484,451,1711.79
POI00011791,PO0004101,PRD00008,432,8448.73
POI00011792,PO0005313,PRD00183,80,6823.92
POI00011793,PO0009267,PRD00157,445,3075.86
POI00011794,PO0000971,PRD00314,139,8909.78
POI00011795,PO0003757,PRD00627,12,8481.58
POI00011796,PO0009481,PRD00126,272,12322.6
POI00011797,PO0003864,PRD00130,171,731.22
POI00011798,PO0009739,PRD00926,420,11701.76
POI00011799,PO0004766,PRD00374,188,290.14
POI00011800,PO0004311,PRD00734,129,799.67
POI00011801,PO0005369,PRD00682,13,9106.29
POI00011802,PO0004255,PRD00505,245,10107.88
POI00011803,PO0007597,PRD00998,324,8420.65
POI00011804,PO0003762,PRD00924,494,3584.13
POI00011805,PO0004286,PRD00135,104,7084.8
POI00011806,PO0007594,PRD00512,35,6184.28
POI00011807,PO0003147,PRD00611,451,1908.11
POI00011808,PO0007868,PRD00849,268,10933.19
POI00011809,PO0007555,PRD00468,30,7437.41
POI00011810,PO0003867,PRD00720,468,6824.63
POI00011811,PO0004049,PRD00596,104,6569.94
POI00011812,PO0005911,PRD00550,232,1100.7
POI00011813,PO0001892,PRD00842,407,10426.4
POI00011814,PO0004797,PRD00620,395,517.21
POI00011815,PO0009278,PRD00953,245,4127.02
POI00011816,PO0002808,PRD00874,466,13187.35
POI00011817,PO0001617,PRD00959,142,4695.81
POI00011818,PO0001957,PRD00520,479,12944.02
POI00011819,PO0000464,PRD00602,36,12799.03
POI00011820,PO0007202,PRD00208,167,10135.61
POI00011821,PO0004521,PRD00736,449,4572.66
POI00011822,PO0009290,PRD00725,325,9430.17
POI00011823,PO0003996,PRD00015,30,4060.74
POI00011824,PO0005542,PRD00993,91,2432.86
POI00011825,PO0009672,PRD00574,334,11589.74
POI00011826,PO0003119,PRD00058,235,4231.59
POI00011827,PO0007184,PRD00660,225,745.68
POI00011828,PO0008540,PRD00469,319,4552.3
POI00011829,PO0006530,PRD00634,223,11006.69
POI00011830,PO0007289,PRD00191,193,6029.05
POI00011831,PO0002669,PRD00370,366,218.27
POI00011832,PO0004042,PRD00644,166,5838.18
POI00011833,PO0006611,PRD00029,379,4613.81
POI00011834,PO0009132,PRD00645,264,13236.02
POI00011835,PO0009328,PRD00290,474,2210.27
POI00011836,PO0001872,PRD00425,137,7731.22
POI00011837,PO0001795,PRD00681,497,14615.35
POI00011838,PO0003639,PRD00162,418,287.67
POI00011839,PO0008275,PRD00645,387,13236.02
POI00011840,PO0003816,PRD00229,30,5330.98
POI00011841,PO0003122,PRD00726,462,2003.65
POI00011842,PO0006042,PRD00839,256,1545.18
POI00011843,PO0000367,PRD00366,272,11358.19
POI00011844,PO0003088,PRD00881,163,13176.07
POI00011845,PO0009744,PRD00340,442,13976.02
POI00011846,PO0007264,PRD00657,370,14657.7
POI00011847,PO0008450,PRD00194,207,11189.27
POI00011848,PO0006824,PRD00954,87,6256.72
POI00011849,PO0009935,PRD00323,336,7763.5
POI00011850,PO0008544,PRD00563,153,13844.88
POI00011851,PO0000648,PRD00729,335,5440.02
POI00011852,PO0002593,PRD00947,225,8686.66
POI00011853,PO0009633,PRD00485,474,9733.24
POI00011854,PO0005048,PRD00793,247,871.73
POI00011855,PO0001327,PRD00643,137,5309.18
POI00011856,PO0004775,PRD00391,280,8417.25
POI00011857,PO0009474,PRD00819,273,9433.84
POI00011858,PO0009007,PRD00085,98,2937.79
POI00011859,PO0001868,PRD00472,99,12076.82
POI00011860,PO0007625,PRD01000,342,1107.64
POI00011861,PO0002382,PRD00964,493,7890.02
POI00011862,PO0002896,PRD00571,198,268.96
POI00011863,PO0008992,PRD00577,490,5565.9
POI00011864,PO0006884,PRD00801,465,12463.35
POI00011865,PO0004743,PRD00361,74,2128.11
POI00011866,PO0000725,PRD00975,463,9296.52
POI00011867,PO0007487,PRD00837,252,2785.86
POI00011868,PO0007535,PRD00999,427,8190.82
POI00011869,PO0000752,PRD00402,54,2394.41
POI00011870,PO0002204,PRD00998,13,8420.65
POI00011871,PO0008427,PRD00702,273,12933.45
POI00011872,PO0002480,PRD00824,236,13671.92
POI00011873,PO0008400,PRD00124,350,8304.87
POI00011874,PO0001223,PRD00498,91,515.55
POI00011875,PO0002552,PRD00945,157,3955.76
POI00011876,PO0003261,PRD00837,461,2785.86
POI00011877,PO0001001,PRD00768,157,13360.45
POI00011878,PO0005129,PRD00350,432,7818.75
POI00011879,PO0006072,PRD00046,325,2330.39
POI00011880,PO0005636,PRD00904,180,9633.15
POI00011881,PO0002598,PRD00209,336,9137.57
POI00011882,PO0005164,PRD00664,163,8624.9
POI00011883,PO0002482,PRD00114,77,6866.0
POI00011884,PO0003968,PRD00689,422,10243.12
POI00011885,PO0007580,PRD00036,217,10797.72
POI00011886,PO0000439,PRD00600,141,6787.54
POI00011887,PO0003649,PRD00282,95,6599.31
POI00011888,PO0006570,PRD00925,329,3105.28
POI00011889,PO0009757,PRD00961,56,12916.7
POI00011890,PO0005091,PRD00841,136,13509.77
POI00011891,PO0007547,PRD00816,375,7753.49
POI00011892,PO0000325,PRD00174,428,1447.77
POI00011893,PO0003150,PRD00342,102,10654.4
POI00011894,PO0005771,PRD00800,220,273.44
POI00011895,PO0003713,PRD00176,146,1103.66
POI00011896,PO0000586,PRD00909,286,11074.93
POI00011897,PO0008982,PRD00366,195,11358.19
POI00011898,PO0002787,PRD00374,84,290.14
POI00011899,PO0006148,PRD00432,278,6955.57
POI00011900,PO0000174,PRD00878,18,13841.49
POI00011901,PO0005703,PRD00342,398,10654.4
POI00011902,PO0006853,PRD00224,303,3605.13
POI00011903,PO0003999,PRD00878,181,13841.49
POI00011904,PO0006615,PRD00315,359,12650.55
POI00011905,PO0007617,PRD00495,170,13954.44
POI00011906,PO0004603,PRD00015,437,4060.74
POI00011907,PO0001112,PRD00937,77,5526.96
POI00011908,PO0004299,PRD00812,76,3339.2
POI00011909,PO0003427,PRD00279,179,14005.9
POI00011910,PO0006026,PRD00022,81,6591.0
POI00011911,PO0007428,PRD00341,274,8938.37
POI00011912,PO0002815,PRD00547,175,10434.94
POI00011913,PO0006598,PRD00687,418,6890.21
POI00011914,PO0003353,PRD00393,198,755.72
POI00011915,PO0002339,PRD00748,359,9977.26
POI00011916,PO0006428,PRD00246,488,12678.87
POI00011917,PO0006454,PRD00590,443,14268.77
POI00011918,PO0006261,PRD00128,236,8314.61
POI00011919,PO0005258,PRD00474,102,4767.61
POI00011920,PO0009096,PRD00261,373,11887.4
POI00011921,PO0006384,PRD00244,79,4688.28
POI00011922,PO0009118,PRD00933,152,4789.52
POI00011923,PO0007275,PRD00147,345,10379.48
POI00011924,PO0004390,PRD00634,30,11006.69
POI00011925,PO0000341,PRD00566,297,1327.27
POI00011926,PO0001401,PRD00371,60,6858.89
POI00011927,PO0002838,PRD00503,243,8838.11
POI00011928,PO0002499,PRD00862,337,5699.76
POI00011929,PO0004233,PRD00735,270,8245.45
POI00011930,PO0000668,PRD00058,387,4231.59
POI00011931,PO0005603,PRD00746,441,5454.4
POI00011932,PO0008011,PRD00569,239,1366.29
POI00011933,PO0008180,PRD00363,305,863.17
POI00011934,PO0003170,PRD00066,316,1213.87
POI00011935,PO0003573,PRD00372,401,12777.81
POI00011936,PO0007731,PRD00510,379,9321.6
POI00011937,PO0006201,PRD00214,407,11225.45
POI00011938,PO0009050,PRD00172,215,1562.37
POI00011939,PO0009581,PRD00926,270,11701.76
POI00011940,PO0002715,PRD00200,295,12689.72
POI00011941,PO0006409,PRD00479,171,11981.47
POI00011942,PO0003044,PRD00966,167,6230.08
POI00011943,PO0002653,PRD00055,49,8911.04
POI00011944,PO0009136,PRD00155,475,11846.07
POI00011945,PO0002902,PRD00185,427,6440.0
POI00011946,PO0007812,PRD00531,253,7772.95
POI00011947,PO0004898,PRD00693,407,12868.1
POI00011948,PO0000331,PRD00094,164,8406.45
POI00011949,PO0008850,PRD00509,47,7385.46
POI00011950,PO0008354,PRD00764,253,6096.89
POI00011951,PO0001250,PRD00151,269,13666.4
POI00011952,PO0002113,PRD00552,457,13804.82
POI00011953,PO0000463,PRD00830,443,8039.34
POI00011954,PO0006612,PRD00349,123,13102.44
POI00011955,PO0008255,PRD00773,441,8251.54
POI00011956,PO0008004,PRD00448,58,3508.12
POI00011957,PO0000803,PRD00638,31,14235.92
POI00011958,PO0000940,PRD00231,428,9255.93
POI00011959,PO0009812,PRD00751,440,10373.34
POI00011960,PO0001355,PRD00985,150,3051.76
POI00011961,PO0004485,PRD00751,17,10373.34
POI00011962,PO0008133,PRD00751,128,10373.34
POI00011963,PO0006037,PRD00488,57,6731.02
POI00011964,PO0002610,PRD00652,367,879.05
POI00011965,PO0000594,PRD00327,387,11465.77
POI00011966,PO0002326,PRD00942,268,11797.17
POI00011967,PO0005674,PRD00011,120,10256.43
POI00011968,PO0007264,PRD00735,295,8245.45
POI00011969,PO0003912,PRD00891,359,6179.97
POI00011970,PO0009470,PRD00166,60,9766.65
POI00011971,PO0002832,PRD00781,151,10401.92
POI00011972,PO0007817,PRD00115,473,12984.47
POI00011973,PO0005264,PRD00350,404,7818.75
POI00011974,PO0000806,PRD00279,82,14005.9
POI00011975,PO0009382,PRD00307,32,14587.91
POI00011976,PO0001324,PRD00189,106,1559.74
POI00011977,PO0009828,PRD00616,227,1388.81
POI00011978,PO0007825,PRD00897,218,11763.99
POI00011979,PO0008617,PRD00347,27,2926.5
POI00011980,PO0006136,PRD00394,225,14023.98
POI00011981,PO0008225,PRD00880,411,12411.59
POI00011982,PO0004425,PRD00233,377,9106.69
POI00011983,PO0007705,PRD00518,263,8231.59
POI00011984,PO0005332,PRD00142,194,3723.43
POI00011985,PO0003979,PRD00949,91,13353.32
POI00011986,PO0002310,PRD00185,381,6440.0
POI00011987,PO0001741,PRD00924,264,3584.13
POI00011988,PO0003262,PRD00690,331,2729.55
POI00011989,PO0004856,PRD00750,397,6059.6
POI00011990,PO0002774,PRD00772,183,11409.05
POI00011991,PO0009150,PRD00914,274,14209.47
POI00011992,PO0006910,PRD00579,288,3728.71
POI00011993,PO0001474,PRD00154,106,9453.46
POI00011994,PO0006847,PRD00584,480,13164.71
POI00011995,PO0005876,PRD00053,461,10059.59
POI00011996,PO0002752,PRD00981,451,916.09
POI00011997,PO0000989,PRD00562,219,329.01
POI00011998,PO0006752,PRD00642,482,6743.72
POI00011999,PO0007239,PRD00800,499,273.44
POI00012000,PO0002034,PRD00013,341,14644.99
POI00012001,PO0005347,PRD00072,482,2707.96
POI00012002,PO0000839,PRD00630,387,12112.17
POI00012003,PO0002973,PRD00416,236,5875.21
POI00012004,PO0006523,PRD00402,381,2394.41
POI00012005,PO0003652,PRD00632,171,12709.49
POI00012006,PO0000333,PRD00567,237,8082.94
POI00012007,PO0000051,PRD00979,312,3320.45
POI00012008,PO0004871,PRD00739,352,7506.27
POI00012009,PO0009003,PRD00869,455,7264.23
POI00012010,PO0002642,PRD00605,443,3961.69
POI00012011,PO0003598,PRD00182,307,11205.33
POI00012012,PO0003007,PRD00895,79,8698.56
POI00012013,PO0006467,PRD00453,479,5806.99
POI00012014,PO0006583,PRD00305,465,1060.96
POI00012015,PO0001463,PRD00696,398,3418.65
POI00012016,PO0006130,PRD00563,62,13844.88
POI00012017,PO0003773,PRD00146,88,1182.02
POI00012018,PO0001740,PRD00043,263,6795.04
POI00012019,PO0002450,PRD00384,217,6284.42
POI00012020,PO0003385,PRD00784,81,4162.05
POI00012021,PO0008211,PRD00853,200,2077.51
POI00012022,PO0004418,PRD00832,500,14364.28
POI00012023,PO0003756,PRD00848,360,13378.15
POI00012024,PO0000712,PRD00052,314,3353.77
POI00012025,PO0003978,PRD00522,34,2556.45
POI00012026,PO0004668,PRD00978,407,10928.44
POI00012027,PO0007424,PRD00652,151,879.05
POI00012028,PO0003042,PRD00470,123,10835.82
POI00012029,PO0009965,PRD00203,41,171.1
POI00012030,PO0002026,PRD00250,60,14546.26
POI00012031,PO0004813,PRD00502,112,7953.51
POI00012032,PO0007359,PRD00156,364,1424.79
POI00012033,PO0007307,PRD00536,205,5119.31
POI00012034,PO0006478,PRD00907,228,14636.64
POI00012035,PO0000451,PRD00483,307,8191.19
POI00012036,PO0005673,PRD00423,173,13733.69
POI00012037,PO0005005,PRD00454,318,7551.83
POI00012038,PO0001641,PRD00918,43,1087.91
POI00012039,PO0001530,PRD00939,284,12076.99
POI00012040,PO0007356,PRD00887,308,6428.3
POI00012041,PO0005313,PRD00116,21,6245.65
POI00012042,PO0007722,PRD00694,97,9801.68
POI00012043,PO0006107,PRD00942,70,11797.17
POI00012044,PO0008802,PRD00139,23,11221.75
POI00012045,PO0008951,PRD00608,243,2030.27
POI00012046,PO0004061,PRD00613,216,2658.28
POI00012047,PO0009575,PRD00083,303,5329.01
POI00012048,PO0007558,PRD00628,411,2699.31
POI00012049,PO0000235,PRD00044,135,9431.09
POI00012050,PO0003004,PRD00460,80,5749.6
POI00012051,PO0002240,PRD00961,54,12916.7
POI00012052,PO0003550,PRD00779,395,14460.71
POI00012053,PO0005001,PRD00397,264,1277.33
POI00012054,PO0007390,PRD00530,267,5677.57
POI00012055,PO0004695,PRD00827,183,10537.16
POI00012056,PO0004985,PRD00812,363,3339.2
POI00012057,PO0003663,PRD00471,356,1676.03
POI00012058,PO0008126,PRD00182,476,11205.33
POI00012059,PO0006492,PRD00846,10,5432.42
POI00012060,PO0007526,PRD00322,41,11034.26
POI00012061,PO0004090,PRD00095,88,11653.35
POI00012062,PO0008364,PRD00367,456,13626.42
POI00012063,PO0004784,PRD00143,80,2616.16
POI00012064,PO0006686,PRD00155,184,11846.07
POI00012065,PO0006497,PRD00820,411,12985.07
POI00012066,PO0006435,PRD00173,151,983.41
POI00012067,PO0006564,PRD00133,337,13122.92
POI00012068,PO0007679,PRD00836,44,2825.17
POI00012069,PO0003386,PRD00543,421,5993.42
POI00012070,PO0009494,PRD00970,378,2893.48
POI00012071,PO0006622,PRD00003,479,4143.44
POI00012072,PO0004812,PRD00781,476,10401.92
POI00012073,PO0002567,PRD00256,138,4333.14
POI00012074,PO0001227,PRD00790,82,11430.76
POI00012075,PO0004993,PRD00072,15,2707.96
POI00012076,PO0006179,PRD00163,217,8801.64
POI00012077,PO0001382,PRD00235,274,664.0
POI00012078,PO0006949,PRD00144,109,7505.2
POI00012079,PO0002714,PRD00259,449,7569.95
POI00012080,PO0007008,PRD00654,340,8610.81
POI00012081,PO0000590,PRD00371,456,6858.89
POI00012082,PO0008840,PRD00626,107,10575.52
POI00012083,PO0001389,PRD00483,224,8191.19
POI00012084,PO0004183,PRD00400,47,14679.08
POI00012085,PO0006573,PRD00122,373,7515.76
POI00012086,PO0005014,PRD00747,43,1497.38
POI00012087,PO0000106,PRD00804,396,14440.13
POI00012088,PO0006634,PRD00713,372,5625.5
POI00012089,PO0004739,PRD00466,479,10894.67
POI00012090,PO0008143,PRD00196,265,6209.26
POI00012091,PO0007737,PRD00973,437,4327.38
POI00012092,PO0001630,PRD00607,136,12074.14
POI00012093,PO0002440,PRD00134,251,10858.86
POI00012094,PO0002311,PRD00345,274,10843.29
POI00012095,PO0005143,PRD00917,371,13456.14
POI00012096,PO0004504,PRD00954,51,6256.72
POI00012097,PO0006299,PRD00014,443,11069.54
POI00012098,PO0000530,PRD00839,381,1545.18
POI00012099,PO0000093,PRD00812,209,3339.2
POI00012100,PO0005089,PRD00227,69,12974.56
POI00012101,PO0004479,PRD00641,320,5254.41
POI00012102,PO0003438,PRD00092,282,1185.31
POI00012103,PO0001321,PRD00196,479,6209.26
POI00012104,PO0001820,PRD00003,262,4143.44
POI00012105,PO0005521,PRD00485,419,9733.24
POI00012106,PO0001425,PRD00839,158,1545.18
POI00012107,PO0006027,PRD00863,29,7788.61
POI00012108,PO0001743,PRD00245,386,2944.72
POI00012109,PO0002390,PRD00806,113,164.23
POI00012110,PO0003416,PRD00826,178,9650.03
POI00012111,PO0002200,PRD00284,377,12033.13
POI00012112,PO0000506,PRD00075,294,3718.44
POI00012113,PO0007463,PRD00006,455,12453.87
POI00012114,PO0009782,PRD00598,72,4825.42
POI00012115,PO0009725,PRD00457,343,7399.8
POI00012116,PO0004412,PRD00613,427,2658.28
POI00012117,PO0009466,PRD00569,43,1366.29
POI00012118,PO0008627,PRD00842,323,10426.4
POI00012119,PO0004484,PRD00663,490,8339.74
POI00012120,PO0004844,PRD00408,145,8695.92
POI00012121,PO0004019,PRD00712,413,5380.83
POI00012122,PO0000068,PRD00828,442,11820.43
POI00012123,PO0007485,PRD00693,127,12868.1
POI00012124,PO0002655,PRD00775,159,1675.87
POI00012125,PO0007233,PRD00422,216,13723.46
POI00012126,PO0008176,PRD00583,85,2755.82
POI00012127,PO0004871,PRD00804,262,14440.13
POI00012128,PO0005502,PRD00532,477,4963.16
POI00012129,PO0008993,PRD00484,495,1711.79
POI00012130,PO0002552,PRD00710,424,7104.05
POI00012131,PO0000894,PRD00339,276,7828.44
POI00012132,PO0005377,PRD00059,496,7096.98
POI00012133,PO0007367,PRD00405,297,8998.95
POI00012134,PO0001346,PRD00691,351,5216.2
POI00012135,PO0003056,PRD00360,492,11230.29
POI00012136,PO0000025,PRD00366,20,11358.19
POI00012137,PO0002719,PRD00882,297,7275.03
POI00012138,PO0009414,PRD00192,369,10003.41
POI00012139,PO0005710,PRD00457,182,7399.8
POI00012140,PO0001377,PRD00129,201,14713.16
POI00012141,PO0008275,PRD00667,477,12142.23
POI00012142,PO0001119,PRD00382,335,10379.13
POI00012143,PO0004740,PRD00202,37,2771.81
POI00012144,PO0008099,PRD00482,241,14861.25
POI00012145,PO0007596,PRD00063,158,7018.31
POI00012146,PO0003498,PRD00334,483,8334.09
POI00012147,PO0001491,PRD00142,373,3723.43
POI00012148,PO0005657,PRD00434,316,7897.25
POI00012149,PO0000027,PRD00088,308,759.09
POI00012150,PO0005736,PRD00960,100,2038.65
POI00012151,PO0008156,PRD00832,464,14364.28
POI00012152,PO0002343,PRD00240,94,1296.01
POI00012153,PO0005778,PRD00002,446,14088.84
POI00012154,PO0006752,PRD00811,478,13260.28
POI00012155,PO0004872,PRD00630,141,12112.17
POI00012156,PO0001517,PRD00943,465,6024.16
POI00012157,PO0009381,PRD00926,393,11701.76
POI00012158,PO0005880,PRD00926,326,11701.76
POI00012159,PO0008985,PRD00003,86,4143.44
POI00012160,PO0009898,PRD00347,207,2926.5
POI00012161,PO0001692,PRD00530,374,5677.57
POI00012162,PO0003419,PRD00238,387,1063.4
POI00012163,PO0000562,PRD00037,243,9868.39
POI00012164,PO0005227,PRD00600,352,6787.54
POI00012165,PO0009712,PRD00493,268,4838.13
POI00012166,PO0007043,PRD00465,460,12966.68
POI00012167,PO0000820,PRD00449,310,4124.74
POI00012168,PO0005114,PRD00755,79,12949.63
POI00012169,PO0002944,PRD00171,121,3321.66
POI00012170,PO0005914,PRD00058,212,4231.59
POI00012171,PO0000695,PRD00255,258,13121.82
POI00012172,PO0008989,PRD00926,327,11701.76
POI00012173,PO0003783,PRD00695,423,7153.53
POI00012174,PO0001773,PRD00233,121,9106.69
POI00012175,PO0008204,PRD00375,448,2698.38
POI00012176,PO0000346,PRD00554,114,5324.91
POI00012177,PO0006116,PRD00618,214,7236.89
POI00012178,PO0004167,PRD00158,359,12470.65
POI00012179,PO0001221,PRD00735,97,8245.45
POI00012180,PO0004279,PRD00774,254,7426.94
POI00012181,PO0005548,PRD00523,437,12097.17
POI00012182,PO0008908,PRD00955,386,9957.38
POI00012183,PO0006199,PRD00069,366,9949.9
POI00012184,PO0004787,PRD00625,396,8920.39
POI00012185,PO0003212,PRD00367,292,13626.42
POI00012186,PO0001092,PRD00595,362,9587.26
POI00012187,PO0004886,PRD00408,144,8695.92
POI00012188,PO0005372,PRD00386,354,7920.56
POI00012189,PO0008497,PRD00542,213,3815.81
POI00012190,PO0005447,PRD00459,326,11986.98
POI00012191,PO0005004,PRD00418,267,848.93
POI00012192,PO0001784,PRD00826,321,9650.03
POI00012193,PO0006903,PRD00338,202,755.93
POI00012194,PO0009211,PRD00428,227,322.0
POI00012195,PO0008376,PRD00926,56,11701.76
POI00012196,PO0000096,PRD00426,11,11443.5
POI00012197,PO0002995,PRD00630,388,12112.17
POI00012198,PO0001992,PRD00305,431,1060.96
POI00012199,PO0007399,PRD00159,232,11218.67
POI00012200,PO0001827,PRD00557,492,7804.82
POI00012201,PO0004169,PRD00251,311,3571.32
POI00012202,PO0009055,PRD00135,197,7084.8
POI00012203,PO0004599,PRD00114,427,6866.0
POI00012204,PO0002311,PRD00292,185,14246.05
POI00012205,PO0008347,PRD00774,439,7426.94
POI00012206,PO0001620,PRD00124,126,8304.87
POI00012207,PO0005258,PRD00890,401,7834.85
POI00012208,PO0003715,PRD00384,54,6284.42
POI00012209,PO0001595,PRD00167,457,14939.24
POI00012210,PO0001362,PRD00092,375,1185.31
POI00012211,PO0007107,PRD00880,314,12411.59
POI00012212,PO0006798,PRD00557,450,7804.82
POI00012213,PO0008931,PRD00206,183,10846.21
POI00012214,PO0006763,PRD00929,484,2808.45
POI00012215,PO0006175,PRD00569,391,1366.29
POI00012216,PO0006215,PRD00260,373,500.56
POI00012217,PO0004741,PRD00993,261,2432.86
POI00012218,PO0007848,PRD00012,432,14609.65
POI00012219,PO0007722,PRD00694,329,9801.68
POI00012220,PO0008789,PRD00189,391,1559.74
POI00012221,PO0009049,PRD00194,103,11189.27
POI00012222,PO0009861,PRD00055,407,8911.04
POI00012223,PO0000754,PRD00372,226,12777.81
POI00012224,PO0008400,PRD00636,377,3410.7
POI00012225,PO0009018,PRD00946,441,5214.57
POI00012226,PO0002514,PRD00823,134,889.68
POI00012227,PO0000398,PRD00475,466,14519.03
POI00012228,PO0007534,PRD00614,33,6734.49
POI00012229,PO0002738,PRD00900,366,12362.97
POI00012230,PO0002493,PRD00329,496,14502.96
POI00012231,PO0004909,PRD00985,90,3051.76
POI00012232,PO0005971,PRD00715,21,7125.52
POI00012233,PO0008639,PRD00194,402,11189.27
POI00012234,PO0000308,PRD00088,278,759.09
POI00012235,PO0004485,PRD00188,107,5763.09
POI00012236,PO0001175,PRD00731,171,8878.22
POI00012237,PO0005824,PRD00511,486,2991.32
POI00012238,PO0007002,PRD00058,157,4231.59
POI00012239,PO0004323,PRD00858,43,718.7
POI00012240,PO0000845,PRD00782,319,9890.23
POI00012241,PO0002058,PRD00775,206,1675.87
POI00012242,PO0004617,PRD00368,206,13705.39
POI00012243,PO0003135,PRD00823,112,889.68
POI00012244,PO0001020,PRD00065,371,13939.0
POI00012245,PO0006966,PRD00488,64,6731.02
POI00012246,PO0008420,PRD00075,437,3718.44
POI00012247,PO0000694,PRD00730,77,3426.87
POI00012248,PO0002221,PRD00876,227,12469.02
POI00012249,PO0009322,PRD00403,136,560.68
POI00012250,PO0001436,PRD00061,414,14248.21
POI00012251,PO0001930,PRD00468,221,7437.41
POI00012252,PO0004843,PRD00438,489,314.72
POI00012253,PO0006971,PRD00964,298,7890.02
POI00012254,PO0009381,PRD00682,309,9106.29
POI00012255,PO0004766,PRD00902,409,10889.46
POI00012256,PO0009793,PRD00917,242,13456.14
POI00012257,PO0002067,PRD00188,21,5763.09
POI00012258,PO0008289,PRD00040,102,12037.14
POI00012259,PO0008360,PRD00084,389,1880.19
POI00012260,PO0007560,PRD00002,39,14088.84
POI00012261,PO0001096,PRD00231,390,9255.93
POI00012262,PO0008561,PRD00050,115,14145.71
POI00012263,PO0009571,PRD00157,168,3075.86
POI00012264,PO0001438,PRD00382,398,10379.13
POI00012265,PO0009861,PRD00797,302,11156.8
POI00012266,PO0002933,PRD00942,349,11797.17
POI00012267,PO0000138,PRD00792,75,12139.91
POI00012268,PO0008061,PRD00737,362,9372.14
POI00012269,PO0009741,PRD00119,314,510.73
POI00012270,PO0004175,PRD00060,473,9780.15
POI00012271,PO0001415,PRD00470,184,10835.82
POI00012272,PO0001734,PRD00880,15,12411.59
POI00012273,PO0000984,PRD00215,175,7543.91
POI00012274,PO0001289,PRD00862,374,5699.76
POI00012275,PO0009844,PRD00972,94,3371.24
POI00012276,PO0008130,PRD00336,60,14628.24
POI00012277,PO0007135,PRD00651,468,6515.34
POI00012278,PO0009248,PRD00096,472,4636.27
POI00012279,PO0008563,PRD00101,365,1142.0
POI00012280,PO0000840,PRD00307,93,14587.91
POI00012281,PO0004485,PRD00530,131,5677.57
POI00012282,PO0002579,PRD00333,114,755.02
POI00012283,PO0007830,PRD00097,303,14218.05
POI00012284,PO0006057,PRD00339,22,7828.44
POI00012285,PO0004740,PRD00621,332,7979.13
POI00012286,PO0004641,PRD00520,129,12944.02
POI00012287,PO0006830,PRD00464,435,471.83
POI00012288,PO0008599,PRD00387,59,1001.43
POI00012289,PO0000721,PRD00604,283,14528.53
POI00012290,PO0005698,PRD00235,143,664.0
POI00012291,PO0008001,PRD00065,129,13939.0
POI00012292,PO0000438,PRD00766,70,11198.97
POI00012293,PO0006931,PRD00398,479,1850.01
POI00012294,PO0001457,PRD00811,238,13260.28
POI00012295,PO0000952,PRD00780,162,12595.14
POI00012296,PO0009513,PRD00146,88,1182.02
POI00012297,PO0001949,PRD00724,336,11372.17
POI00012298,PO0000325,PRD00582,111,12403.88
POI00012299,PO0004425,PRD00150,352,4175.25
POI00012300,PO0004318,PRD00132,22,14475.18
POI00012301,PO0004234,PRD00465,375,12966.68
POI00012302,PO0004691,PRD00793,271,871.73
POI00012303,PO0007987,PRD00136,282,9775.56
POI00012304,PO0001918,PRD00480,359,10120.83
POI00012305,PO0007661,PRD00542,354,3815.81
POI00012306,PO0003301,PRD00198,377,2388.57
POI00012307,PO0000225,PRD00543,382,5993.42
POI00012308,PO0006986,PRD00585,384,4963.33
POI00012309,PO0000203,PRD00141,54,11958.46
POI00012310,PO0002483,PRD00430,333,7529.58
POI00012311,PO0002488,PRD00449,372,4124.74
POI00012312,PO0006473,PRD00212,41,194.69
POI00012313,PO0009163,PRD00382,318,10379.13
POI00012314,PO0005190,PRD00957,297,8262.63
POI00012315,PO0004300,PRD00773,421,8251.54
POI00012316,PO0000310,PRD00812,369,3339.2
POI00012317,PO0007531,PRD00265,434,1738.91
POI00012318,PO0005045,PRD00277,85,12187.55
POI00012319,PO0005140,PRD00662,410,1358.75
POI00012320,PO0005977,PRD00963,376,8895.2
POI00012321,PO0003251,PRD00120,471,4716.39
POI00012322,PO0002408,PRD00424,146,7036.46
POI00012323,PO0000379,PRD00872,262,13370.7
POI00012324,PO0007951,PRD00610,18,3030.44
POI00012325,PO0002225,PRD00936,296,5539.59
POI00012326,PO0006933,PRD00717,261,5192.63
POI00012327,PO0001789,PRD00600,203,6787.54
POI00012328,PO0001486,PRD00005,334,13587.62
POI00012329,PO0005122,PRD00979,94,3320.45
POI00012330,PO0008990,PRD00107,78,9087.41
POI00012331,PO0009691,PRD00398,406,1850.01
POI00012332,PO0008202,PRD00424,308,7036.46
POI00012333,PO0007994,PRD00490,480,13814.57
POI00012334,PO0009393,PRD00657,149,14657.7
POI00012335,PO0008825,PRD00085,243,2937.79
POI00012336,PO0004469,PRD00677,114,658.64
POI00012337,PO0003735,PRD00122,236,7515.76
POI00012338,PO0008580,PRD00537,248,11841.49
POI00012339,PO0000014,PRD00982,210,2789.53
POI00012340,PO0008230,PRD00489,25,5226.91
POI00012341,PO0009193,PRD00052,267,3353.77
POI00012342,PO0007599,PRD00420,369,7232.56
POI00012343,PO0007276,PRD00245,491,2944.72
POI00012344,PO0009553,PRD00031,46,11922.53
POI00012345,PO0009750,PRD00673,128,13879.93
POI00012346,PO0008442,PRD00093,19,12182.24
POI00012347,PO0004228,PRD00330,391,4277.84
POI00012348,PO0009893,PRD00315,307,12650.55
POI00012349,PO0006152,PRD00495,441,13954.44
POI00012350,PO0003523,PRD00787,58,3077.27
POI00012351,PO0006795,PRD00522,299,2556.45
POI00012352,PO0000612,PRD00252,253,5568.19
POI00012353,PO0006168,PRD00236,89,5509.36
POI00012354,PO0003031,PRD00614,53,6734.49
POI00012355,PO0009699,PRD00990,17,4921.74
POI00012356,PO0008392,PRD00299,289,14959.16
POI00012357,PO0008551,PRD00486,361,14504.82
POI00012358,PO0009632,PRD00500,13,8694.03
POI00012359,PO0000639,PRD00002,313,14088.84
POI00012360,PO0005753,PRD00084,157,1880.19
POI00012361,PO0000702,PRD00738,348,7712.85
POI00012362,PO0005709,PRD00400,220,14679.08
POI00012363,PO0004608,PRD00844,443,10706.01
POI00012364,PO0008088,PRD00091,46,14120.67
POI00012365,PO0004660,PRD00037,77,9868.39
POI00012366,PO0004471,PRD00719,293,9495.01
POI00012367,PO0003600,PRD00967,62,5210.76
POI00012368,PO0001811,PRD00370,218,218.27
POI00012369,PO0005968,PRD00505,237,10107.88
POI00012370,PO0004888,PRD00355,278,10597.12
POI00012371,PO0002745,PRD00119,433,510.73
POI00012372,PO0006434,PRD00691,302,5216.2
POI00012373,PO0001158,PRD00759,126,6538.09
POI00012374,PO0001446,PRD00012,316,14609.65
POI00012375,PO0008458,PRD00865,468,13316.61
POI00012376,PO0005735,PRD00624,315,5373.69
POI00012377,PO0002079,PRD00654,213,8610.81
POI00012378,PO0007039,PRD00068,153,11959.71
POI00012379,PO0009095,PRD00571,116,268.96
POI00012380,PO0007814,PRD00013,420,14644.99
POI00012381,PO0004431,PRD00820,125,12985.07
POI00012382,PO0000785,PRD00820,23,12985.07
POI00012383,PO0002747,PRD00376,225,7767.99
POI00012384,PO0000227,PRD00598,432,4825.42
POI00012385,PO0004924,PRD01000,34,1107.64
POI00012386,PO0004203,PRD00975,229,9296.52
POI00012387,PO0005689,PRD00517,68,8167.29
POI00012388,PO0004095,PRD00015,461,4060.74
POI00012389,PO0006310,PRD00446,445,10566.45
POI00012390,PO0002670,PRD00699,481,8800.55
POI00012391,PO0002911,PRD00680,441,12884.86
POI00012392,PO0005072,PRD00887,365,6428.3
POI00012393,PO0001430,PRD00560,281,14804.29
POI00012394,PO0001734,PRD00997,496,5423.86
POI00012395,PO0005482,PRD00396,107,5666.96
POI00012396,PO0009638,PRD00700,486,8456.94
POI00012397,PO0005604,PRD00822,10,434.39
POI00012398,PO0002369,PRD00171,230,3321.66
POI00012399,PO0009102,PRD00012,14,14609.65
POI00012400,PO0004242,PRD00827,234,10537.16
POI00012401,PO0008069,PRD00594,120,6920.19
POI00012402,PO0005447,PRD00368,323,13705.39
POI00012403,PO0003831,PRD00076,398,5099.04
POI00012404,PO0001685,PRD00882,443,7275.03
POI00012405,PO0004791,PRD00228,42,7076.3
POI00012406,PO0005771,PRD00750,457,6059.6
POI00012407,PO0000413,PRD00912,40,13951.33
POI00012408,PO0005452,PRD00911,68,14452.25
POI00012409,PO0003003,PRD00038,491,11694.03
POI00012410,PO0001282,PRD00457,73,7399.8
POI00012411,PO0006590,PRD00466,48,10894.67
POI00012412,PO0006548,PRD00813,452,1791.65
POI00012413,PO0004630,PRD00864,275,5345.24
POI00012414,PO0004646,PRD00426,220,11443.5
POI00012415,PO0005771,PRD00189,352,1559.74
POI00012416,PO0008490,PRD00912,485,13951.33
POI00012417,PO0005547,PRD00855,37,11377.51
POI00012418,PO0006980,PRD00127,363,12989.69
POI00012419,PO0002820,PRD00545,232,7193.96
POI00012420,PO0003928,PRD00801,403,12463.35
POI00012421,PO0000933,PRD00721,40,7384.49
POI00012422,PO0004065,PRD00214,187,11225.45
POI00012423,PO0005711,PRD00414,176,3675.25
POI00012424,PO0000102,PRD00265,128,1738.91
POI00012425,PO0003901,PRD00823,453,889.68
POI00012426,PO0004819,PRD00422,29,13723.46
POI00012427,PO0000680,PRD00838,472,9698.54
POI00012428,PO0005010,PRD00076,293,5099.04
POI00012429,PO0004852,PRD00989,175,12965.77
POI00012430,PO0005573,PRD00571,335,268.96
POI00012431,PO0001312,PRD00166,460,9766.65
POI00012432,PO0003824,PRD00800,267,273.44
POI00012433,PO0001895,PRD00028,150,9263.48
POI00012434,PO0005544,PRD00149,355,8656.19
POI00012435,PO0001325,PRD00584,479,13164.71
POI00012436,PO0000461,PRD00165,68,9742.97
POI00012437,PO0000800,PRD00613,237,2658.28
POI00012438,PO0006712,PRD00496,495,5018.37
POI00012439,PO0009642,PRD00675,355,9849.43
POI00012440,PO0002432,PRD00741,70,13662.52
POI00012441,PO0006485,PRD00687,424,6890.21
POI00012442,PO0002897,PRD00629,322,377.33
POI00012443,PO0008312,PRD00766,346,11198.97
POI00012444,PO0007285,PRD00008,98,8448.73
POI00012445,PO0005929,PRD00952,381,4757.15
POI00012446,PO0004634,PRD00518,363,8231.59
POI00012447,PO0005945,PRD00890,380,7834.85
POI00012448,PO0002410,PRD00528,400,10694.01
POI00012449,PO0000968,PRD00996,359,12098.44
POI00012450,PO0007238,PRD00496,374,5018.37
POI00012451,PO0002879,PRD00156,95,1424.79
POI00012452,PO0000996,PRD00715,410,7125.52
POI00012453,PO0001364,PRD00139,269,11221.75
POI00012454,PO0006415,PRD00704,193,9935.11
POI00012455,PO0003385,PRD00177,324,12210.75
POI00012456,PO0009067,PRD00726,144,2003.65
POI00012457,PO0007567,PRD00259,42,7569.95
POI00012458,PO0009110,PRD00948,45,5378.23
POI00012459,PO0006824,PRD00434,412,7897.25
POI00012460,PO0007526,PRD00372,289,12777.81
POI00012461,PO0000716,PRD00629,36,377.33
POI00012462,PO0009820,PRD00695,260,7153.53
POI00012463,PO0005455,PRD00167,257,14939.24
POI00012464,PO0008278,PRD00661,279,8498.56
POI00012465,PO0002956,PRD00706,118,11072.04
POI00012466,PO0006025,PRD00596,450,6569.94
POI00012467,PO0007378,PRD00223,93,13596.37
POI00012468,PO0008670,PRD00595,215,9587.26
POI00012469,PO0001877,PRD00101,230,1142.0
POI00012470,PO0007053,PRD00393,244,755.72
POI00012471,PO0008012,PRD00140,86,6699.68
POI00012472,PO0003612,PRD00864,96,5345.24
POI00012473,PO0002740,PRD00083,495,5329.01
POI00012474,PO0004402,PRD00644,288,5838.18
POI00012475,PO0004182,PRD00452,241,2503.76
POI00012476,PO0003996,PRD00339,203,7828.44
POI00012477,PO0002259,PRD00926,326,11701.76
POI00012478,PO0001863,PRD00897,158,11763.99
POI00012479,PO0000984,PRD00680,70,12884.86
POI00012480,PO0007937,PRD00109,497,11465.59
POI00012481,PO0005788,PRD00499,155,5881.43
POI00012482,PO0002271,PRD00309,94,11535.3
POI00012483,PO0005004,PRD00278,286,4458.16
POI00012484,PO0002526,PRD00651,43,6515.34
POI00012485,PO0002648,PRD00038,112,11694.03
POI00012486,PO0005936,PRD00726,41,2003.65
POI00012487,PO0006070,PRD00432,22,6955.57
POI00012488,PO0000556,PRD00397,30,1277.33
POI00012489,PO0007256,PRD00900,309,12362.97
POI00012490,PO0001200,PRD00870,483,9737.11
POI00012491,PO0007209,PRD00761,36,9679.51
POI00012492,PO0000780,PRD00511,282,2991.32
POI00012493,PO0003613,PRD00722,321,9531.63
POI00012494,PO0009840,PRD00430,87,7529.58
POI00012495,PO0000904,PRD00235,136,664.0
POI00012496,PO0004361,PRD00088,49,759.09
POI00012497,PO0000617,PRD00544,163,6484.13
POI00012498,PO0001580,PRD00197,61,14528.51
POI00012499,PO0009951,PRD00890,23,7834.85
POI00012500,PO0006145,PRD00748,408,9977.26
POI00012501,PO0009469,PRD00325,389,14185.14
POI00012502,PO0007479,PRD00537,66,11841.49
POI00012503,PO0009814,PRD00664,478,8624.9
POI00012504,PO0002517,PRD00156,111,1424.79
POI00012505,PO0007769,PRD00319,336,3733.58
POI00012506,PO0005675,PRD00651,210,6515.34
POI00012507,PO0004413,PRD00403,92,560.68
POI00012508,PO0007781,PRD00113,322,4380.21
POI00012509,PO0001426,PRD00436,459,10630.97
POI00012510,PO0007142,PRD00934,355,8748.64
POI00012511,PO0007381,PRD00471,58,1676.03
POI00012512,PO0005312,PRD00816,444,7753.49
POI00012513,PO0008874,PRD00195,217,8830.06
POI00012514,PO0008099,PRD00197,398,14528.51
POI00012515,PO0001070,PRD00807,284,13935.13
POI00012516,PO0006335,PRD00160,37,2180.09
POI00012517,PO0000435,PRD00892,90,3978.64
POI00012518,PO0005446,PRD00909,435,11074.93
POI00012519,PO0006673,PRD00736,277,4572.66
POI00012520,PO0004856,PRD00921,470,10131.57
POI00012521,PO0009100,PRD00510,333,9321.6
POI00012522,PO0002882,PRD00413,488,6171.23
POI00012523,PO0006969,PRD00204,174,1118.21
POI00012524,PO0006294,PRD00428,337,322.0
POI00012525,PO0000246,PRD00165,51,9742.97
POI00012526,PO0004372,PRD00017,392,12322.4
POI00012527,PO0002239,PRD00109,312,11465.59
POI00012528,PO0005908,PRD00961,180,12916.7
POI00012529,PO0002799,PRD00344,77,8985.89
POI00012530,PO0007850,PRD00080,445,9716.87
POI00012531,PO0003579,PRD00413,178,6171.23
POI00012532,PO0005184,PRD00331,85,4343.37
POI00012533,PO0005756,PRD00102,276,6423.07
POI00012534,PO0008770,PRD00140,302,6699.68
POI00012535,PO0008572,PRD00967,41,5210.76
POI00012536,PO0000121,PRD00731,163,8878.22
POI00012537,PO0009864,PRD00834,329,4625.99
POI00012538,PO0004368,PRD00347,292,2926.5
POI00012539,PO0000608,PRD00936,444,5539.59
POI00012540,PO0003618,PRD00515,291,11728.64
POI00012541,PO0007773,PRD00243,230,9718.69
POI00012542,PO0000341,PRD00277,329,12187.55
POI00012543,PO0001400,PRD00446,419,10566.45
POI00012544,PO0005744,PRD00935,492,2872.31
POI00012545,PO0008980,PRD00545,393,7193.96
POI00012546,PO0005679,PRD00678,291,815.42
POI00012547,PO0008572,PRD00729,461,5440.02
POI00012548,PO0006424,PRD00811,394,13260.28
POI00012549,PO0003601,PRD00048,402,1009.0
POI00012550,PO0005912,PRD00785,402,2141.65
POI00012551,PO0004630,PRD00894,330,2746.5
POI00012552,PO0008831,PRD00119,191,510.73
POI00012553,PO0006487,PRD00970,223,2893.48
POI00012554,PO0007121,PRD00072,380,2707.96
POI00012555,PO0008617,PRD00414,374,3675.25
POI00012556,PO0001728,PRD00960,444,2038.65
POI00012557,PO0001721,PRD00854,380,7572.34
POI00012558,PO0001413,PRD00144,314,7505.2
POI00012559,PO0007023,PRD00060,363,9780.15
POI00012560,PO0009410,PRD00450,194,2755.97
POI00012561,PO0006676,PRD00419,130,13114.42
POI00012562,PO0000080,PRD00581,339,3429.77
POI00012563,PO0008884,PRD00506,114,2811.02
POI00012564,PO0008072,PRD00399,124,10939.64
POI00012565,PO0002983,PRD00867,149,2868.63
POI00012566,PO0003113,PRD00758,299,14670.2
POI00012567,PO0001521,PRD00133,245,13122.92
POI00012568,PO0003784,PRD00823,11,889.68
POI00012569,PO0007368,PRD00350,461,7818.75
POI00012570,PO0002071,PRD00718,70,12946.92
POI00012571,PO0002914,PRD00361,498,2128.11
POI00012572,PO0006264,PRD00246,96,12678.87
POI00012573,PO0002903,PRD00551,165,6646.28
POI00012574,PO0002845,PRD00569,250,1366.29
POI00012575,PO0003355,PRD00565,99,1309.82
POI00012576,PO0008829,PRD00328,295,13195.81
POI00012577,PO0005678,PRD00251,351,3571.32
POI00012578,PO0003578,PRD00458,49,10221.05
POI00012579,PO0002121,PRD00303,100,3612.1
POI00012580,PO0008343,PRD00503,422,8838.11
POI00012581,PO0003209,PRD00734,454,799.67
POI00012582,PO0000279,PRD00112,331,10078.39
POI00012583,PO0001471,PRD00703,43,2890.33
POI00012584,PO0008490,PRD00630,55,12112.17
POI00012585,PO0001034,PRD00402,146,2394.41
POI00012586,PO0001268,PRD00413,214,6171.23
POI00012587,PO0002119,PRD00305,408,1060.96
POI00012588,PO0000030,PRD00492,132,5276.64
POI00012589,PO0008493,PRD00468,355,7437.41
POI00012590,PO0001741,PRD00033,110,12290.88
POI00012591,PO0002079,PRD00392,392,5987.55
POI00012592,PO0007978,PRD00228,103,7076.3
POI00012593,PO0000578,PRD00758,287,14670.2
POI00012594,PO0003944,PRD00204,500,1118.21
POI00012595,PO0008201,PRD00191,116,6029.05
POI00012596,PO0003737,PRD00158,38,12470.65
POI00012597,PO0001508,PRD00948,64,5378.23
POI00012598,PO0002262,PRD00443,444,8509.83
POI00012599,PO0007474,PRD00417,256,13839.61
POI00012600,PO0007965,PRD00930,53,3393.62
POI00012601,PO0007358,PRD00033,221,12290.88
POI00012602,PO0007904,PRD00295,282,14410.96
POI00012603,PO0007184,PRD00207,38,13259.47
POI00012604,PO0007475,PRD00592,179,14420.88
POI00012605,PO0001222,PRD00409,188,13153.77
POI00012606,PO0000092,PRD00141,285,11958.46
POI00012607,PO0003534,PRD00333,451,755.02
POI00012608,PO0009607,PRD00592,498,14420.88
POI00012609,PO0007436,PRD00412,203,14128.47
POI00012610,PO0000489,PRD00597,475,12775.63
POI00012611,PO0009167,PRD00560,102,14804.29
POI00012612,PO0006041,PRD00364,416,10243.38
POI00012613,PO0003730,PRD00069,126,9949.9
POI00012614,PO0009267,PRD00399,83,10939.64
POI00012615,PO0007297,PRD00114,355,6866.0
POI00012616,PO0005451,PRD00133,265,13122.92
POI00012617,PO0005831,PRD00622,23,3778.03
POI00012618,PO0008379,PRD00857,205,11441.17
POI00012619,PO0005081,PRD00303,474,3612.1
POI00012620,PO0004443,PRD00392,330,5987.55
POI00012621,PO0004681,PRD00250,483,14546.26
POI00012622,PO0003508,PRD00468,219,7437.41
POI00012623,PO0002877,PRD00372,473,12777.81
POI00012624,PO0002942,PRD00413,254,6171.23
POI00012625,PO0004274,PRD00655,165,136.93
POI00012626,PO0002239,PRD00219,129,12493.83
POI00012627,PO0000235,PRD00733,415,8941.35
POI00012628,PO0008143,PRD00889,78,161.6
POI00012629,PO0007761,PRD00285,366,8218.48
POI00012630,PO0004573,PRD00185,490,6440.0
POI00012631,PO0008939,PRD00366,100,11358.19
POI00012632,PO0001294,PRD00253,414,11689.61
POI00012633,PO0000712,PRD00019,481,5319.1
POI00012634,PO0003403,PRD00124,499,8304.87
POI00012635,PO0001970,PRD00527,428,13016.35
POI00012636,PO0007182,PRD00380,450,10416.11
POI00012637,PO0001808,PRD00511,149,2991.32
POI00012638,PO0002516,PRD00081,471,3386.22
POI00012639,PO0007122,PRD00426,131,11443.5
POI00012640,PO0004081,PRD00542,276,3815.81
POI00012641,PO0006584,PRD00574,326,11589.74
POI00012642,PO0000126,PRD00464,319,471.83
POI00012643,PO0007104,PRD00007,216,9585.73
POI00012644,PO0006621,PRD00986,486,7134.56
POI00012645,PO0009415,PRD00607,110,12074.14
POI00012646,PO0005180,PRD00121,465,14884.48
POI00012647,PO0006984,PRD00395,29,6180.29
POI00012648,PO0005749,PRD00216,428,12937.52
POI00012649,PO0001919,PRD00321,376,7009.48
POI00012650,PO0008538,PRD00341,266,8938.37
POI00012651,PO0004984,PRD00797,435,11156.8
POI00012652,PO0006624,PRD00755,326,12949.63
POI00012653,PO0004765,PRD00516,14,8281.91
POI00012654,PO0006197,PRD00766,92,11198.97
POI00012655,PO0004777,PRD00901,472,1036.08
POI00012656,PO0006103,PRD00554,59,5324.91
POI00012657,PO0009624,PRD00532,375,4963.16
POI00012658,PO0003846,PRD00889,418,161.6
POI00012659,PO0000688,PRD00566,183,1327.27
POI00012660,PO0004922,PRD00533,72,10985.5
POI00012661,PO0008944,PRD00468,403,7437.41
POI00012662,PO0002214,PRD00816,224,7753.49
POI00012663,PO0001507,PRD00676,97,4189.18
POI00012664,PO0008374,PRD00460,228,5749.6
POI00012665,PO0008054,PRD00834,53,4625.99
POI00012666,PO0004172,PRD00960,441,2038.65
POI00012667,PO0008639,PRD00136,85,9775.56
POI00012668,PO0009967,PRD00983,166,12437.52
POI00012669,PO0008767,PRD00239,104,3839.78
POI00012670,PO0006462,PRD00280,252,626.38
POI00012671,PO0004171,PRD00985,68,3051.76
POI00012672,PO0006619,PRD00294,163,7979.54
POI00012673,PO0003021,PRD00349,139,13102.44
POI00012674,PO0001612,PRD00258,192,13278.68
POI00012675,PO0005591,PRD00900,278,12362.97
POI00012676,PO0004165,PRD00179,476,11993.83
POI00012677,PO0001774,PRD00519,383,4521.82
POI00012678,PO0008535,PRD00618,214,7236.89
POI00012679,PO0001529,PRD00163,366,8801.64
POI00012680,PO0005035,PRD00488,407,6731.02
POI00012681,PO0000417,PRD00058,233,4231.59
POI00012682,PO0002868,PRD00759,255,6538.09
POI00012683,PO0001693,PRD00551,368,6646.28
POI00012684,PO0006997,PRD00429,305,4484.27
POI00012685,PO0007267,PRD00919,55,12018.41
POI00012686,PO0005260,PRD00207,464,13259.47
POI00012687,PO0001065,PRD00393,31,755.72
POI00012688,PO0009664,PRD00765,18,1393.26
POI00012689,PO0009577,PRD00021,234,650.8
POI00012690,PO0009945,PRD00895,391,8698.56
POI00012691,PO0003676,PRD00866,329,3511.46
POI00012692,PO0002128,PRD00593,361,1467.96
POI00012693,PO0000219,PRD00463,463,6510.21
POI00012694,PO0001064,PRD00017,312,12322.4
POI00012695,PO0001508,PRD00306,405,7923.38
POI00012696,PO0000204,PRD00205,292,5692.82
POI00012697,PO0007055,PRD00319,497,3733.58
POI00012698,PO0005152,PRD00520,383,12944.02
POI00012699,PO0009818,PRD00847,56,9711.63
POI00012700,PO0009950,PRD00757,362,1024.97
POI00012701,PO0000308,PRD00235,435,664.0
POI00012702,PO0003002,PRD00566,26,1327.27
POI00012703,PO0007990,PRD00132,401,14475.18
POI00012704,PO0008293,PRD00296,357,13710.05
POI00012705,PO0003700,PRD00410,310,4563.47
POI00012706,PO0005193,PRD00102,385,6423.07
POI00012707,PO0000265,PRD00843,460,14383.19
POI00012708,PO0009840,PRD00911,179,14452.25
POI00012709,PO0009007,PRD00125,211,12971.28
POI00012710,PO0003493,PRD00947,166,8686.66
POI00012711,PO0008193,PRD00717,196,5192.63
POI00012712,PO0006322,PRD00631,77,968.57
POI00012713,PO0005851,PRD00320,481,1168.76
POI00012714,PO0007835,PRD00007,343,9585.73
POI00012715,PO0001451,PRD00354,60,3435.02
POI00012716,PO0005853,PRD00505,36,10107.88
POI00012717,PO0001050,PRD00304,414,7053.7
POI00012718,PO0008948,PRD00482,215,14861.25
POI00012719,PO0005413,PRD00943,148,6024.16
POI00012720,PO0004183,PRD00119,236,510.73
POI00012721,PO0001861,PRD00855,71,11377.51
POI00012722,PO0006041,PRD00199,327,1794.09
POI00012723,PO0005658,PRD00613,488,2658.28
POI00012724,PO0001266,PRD00423,99,13733.69
POI00012725,PO0006170,PRD00067,371,10482.12
POI00012726,PO0008803,PRD00097,105,14218.05
POI00012727,PO0006067,PRD00478,12,14298.83
POI00012728,PO0005591,PRD00071,460,9562.93
POI00012729,PO0001210,PRD00470,26,10835.82
POI00012730,PO0004359,PRD00392,61,5987.55
POI00012731,PO0009150,PRD00246,71,12678.87
POI00012732,PO0004549,PRD00009,243,12532.16
POI00012733,PO0008980,PRD00820,190,12985.07
POI00012734,PO0009121,PRD00609,480,8768.27
POI00012735,PO0001670,PRD00448,369,3508.12
POI00012736,PO0007274,PRD00946,45,5214.57
POI00012737,PO0003871,PRD00486,133,14504.82
POI00012738,PO0005805,PRD00606,180,8374.83
POI00012739,PO0003687,PRD00148,156,12811.77
POI00012740,PO0000133,PRD00289,216,5500.6
POI00012741,PO0009803,PRD00928,426,5618.25
POI00012742,PO0005821,PRD00926,306,11701.76
POI00012743,PO0007971,PRD00395,237,6180.29
POI00012744,PO0003815,PRD00391,70,8417.25
POI00012745,PO0001998,PRD00013,319,14644.99
POI00012746,PO0007991,PRD00891,147,6179.97
POI00012747,PO0009804,PRD00678,406,815.42
POI00012748,PO0000293,PRD00691,336,5216.2
POI00012749,PO0006092,PRD00011,170,10256.43
POI00012750,PO0000110,PRD00814,435,14386.74
POI00012751,PO0003310,PRD00757,446,1024.97
POI00012752,PO0009648,PRD00727,494,1054.08
POI00012753,PO0009698,PRD00946,226,5214.57
POI00012754,PO0000514,PRD00537,404,11841.49
POI00012755,PO0000422,PRD00119,381,510.73
POI00012756,PO0007209,PRD00453,445,5806.99
POI00012757,PO0001698,PRD00382,315,10379.13
POI00012758,PO0000520,PRD00539,447,13947.14
POI00012759,PO0009502,PRD00173,166,983.41
POI00012760,PO0004058,PRD00278,222,4458.16
POI00012761,PO0001759,PRD00498,54,515.55
POI00012762,PO0004526,PRD00946,486,5214.57
POI00012763,PO0004135,PRD00301,166,10700.19
POI00012764,PO0003984,PRD00707,79,5200.05
POI00012765,PO0005285,PRD00570,114,4694.61
POI00012766,PO0002319,PRD00710,489,7104.05
POI00012767,PO0007695,PRD00501,446,4943.69
POI00012768,PO0001262,PRD00150,341,4175.25
POI00012769,PO0009047,PRD00391,322,8417.25
POI00012770,PO0005649,PRD00274,155,11015.48
POI00012771,PO0002922,PRD00944,435,7189.97
POI00012772,PO0005771,PRD00231,284,9255.93
POI00012773,PO0006295,PRD00181,266,2679.75
POI00012774,PO0005421,PRD00108,162,14993.62
POI00012775,PO0007745,PRD00566,491,1327.27
POI00012776,PO0002356,PRD00811,366,13260.28
POI00012777,PO0000410,PRD00981,161,916.09
POI00012778,PO0006436,PRD00904,378,9633.15
POI00012779,PO0000972,PRD00354,25,3435.02
POI00012780,PO0006562,PRD00780,22,12595.14
POI00012781,PO0009064,PRD00985,24,3051.76
POI00012782,PO0000864,PRD00841,190,13509.77
POI00012783,PO0006538,PRD00816,33,7753.49
POI00012784,PO0001114,PRD00748,218,9977.26
POI00012785,PO0000720,PRD00460,71,5749.6
POI00012786,PO0008699,PRD00067,325,10482.12
POI00012787,PO0003158,PRD00630,113,12112.17
POI00012788,PO0007477,PRD00649,364,13327.93
POI00012789,PO0000375,PRD00535,202,12386.73
POI00012790,PO0006181,PRD00213,492,11481.28
POI00012791,PO0005257,PRD00271,33,14304.78
POI00012792,PO0008241,PRD00270,261,2874.72
POI00012793,PO0006387,PRD00899,357,2478.21
POI00012794,PO0000017,PRD00575,483,4003.21
POI00012795,PO0003268,PRD00464,301,471.83
POI00012796,PO0002240,PRD00634,299,11006.69
POI00012797,PO0009016,PRD00832,302,14364.28
POI00012798,PO0007268,PRD00606,193,8374.83
POI00012799,PO0001875,PRD00252,184,5568.19
POI00012800,PO0007860,PRD00728,161,6550.29
POI00012801,PO0009421,PRD00478,465,14298.83
POI00012802,PO0005066,PRD00738,373,7712.85
POI00012803,PO0001997,PRD00338,190,755.93
POI00012804,PO0000365,PRD00728,365,6550.29
POI00012805,PO0001241,PRD00670,417,8380.95
POI00012806,PO0003189,PRD00304,469,7053.7
POI00012807,PO0002886,PRD00262,66,10465.39
POI00012808,PO0003651,PRD00069,301,9949.9
POI00012809,PO0002476,PRD00392,397,5987.55
POI00012810,PO0000025,PRD00921,160,10131.57
POI00012811,PO0004945,PRD00998,446,8420.65
POI00012812,PO0007184,PRD00936,44,5539.59
POI00012813,PO0006984,PRD00418,130,848.93
POI00012814,PO0004260,PRD00622,314,3778.03
POI00012815,PO0006565,PRD00248,345,2381.45
POI00012816,PO0006921,PRD00923,223,14211.0
POI00012817,PO0007583,PRD00802,466,11346.21
POI00012818,PO0005869,PRD00007,468,9585.73
POI00012819,PO0001527,PRD00897,282,11763.99
POI00012820,PO0002931,PRD00353,17,9182.34
POI00012821,PO0006014,PRD00180,69,5424.97
POI00012822,PO0005792,PRD00280,397,626.38
POI00012823,PO0001289,PRD00548,92,10982.99
POI00012824,PO0003641,PRD00208,83,10135.61
POI00012825,PO0000644,PRD00574,46,11589.74
POI00012826,PO0009448,PRD00202,329,2771.81
POI00012827,PO0000265,PRD00049,259,12862.44
POI00012828,PO0004458,PRD00253,131,11689.61
POI00012829,PO0001340,PRD00033,58,12290.88
POI00012830,PO0002486,PRD00595,482,9587.26
POI00012831,PO0000330,PRD00890,227,7834.85
POI00012832,PO0009843,PRD00473,226,4562.49
POI00012833,PO0003154,PRD00966,213,6230.08
POI00012834,PO0002625,PRD00281,465,12997.71
POI00012835,PO0006686,PRD00356,342,5284.14
POI00012836,PO0007157,PRD00604,192,14528.53
POI00012837,PO0006013,PRD00447,336,8522.58
POI00012838,PO0003260,PRD00938,319,14690.74
POI00012839,PO0009018,PRD00522,426,2556.45
POI00012840,PO0007841,PRD00744,388,13579.31
POI00012841,PO0001371,PRD00501,461,4943.69
POI00012842,PO0001087,PRD00887,428,6428.3
POI00012843,PO0005233,PRD00430,20,7529.58
POI00012844,PO0009319,PRD00681,103,14615.35
POI00012845,PO0005377,PRD00936,59,5539.59
POI00012846,PO0008708,PRD00125,181,12971.28
POI00012847,PO0003518,PRD00010,376,704.09
POI00012848,PO0002832,PRD00642,299,6743.72
POI00012849,PO0002479,PRD00826,162,9650.03
POI00012850,PO0001800,PRD00256,238,4333.14
POI00012851,PO0006084,PRD00307,201,14587.91
POI00012852,PO0005483,PRD00875,72,6782.11
POI00012853,PO0000370,PRD00514,245,4437.98
POI00012854,PO0004046,PRD00494,204,12749.77
POI00012855,PO0001548,PRD00687,463,6890.21
POI00012856,PO0000248,PRD00001,360,9837.33
POI00012857,PO0009600,PRD00873,285,7788.28
POI00012858,PO0000820,PRD00695,279,7153.53
POI00012859,PO0002368,PRD00363,26,863.17
POI00012860,PO0008198,PRD00950,313,13034.4
POI00012861,PO0006504,PRD00155,329,11846.07
POI00012862,PO0005429,PRD00765,361,1393.26
POI00012863,PO0004093,PRD00193,480,1081.63
POI00012864,PO0008263,PRD00891,105,6179.97
POI00012865,PO0003903,PRD00712,343,5380.83
POI00012866,PO0008934,PRD00840,26,1992.97
POI00012867,PO0004010,PRD00957,144,8262.63
POI00012868,PO0006259,PRD00766,113,11198.97
POI00012869,PO0008519,PRD00886,495,8868.6
POI00012870,PO0007363,PRD00060,61,9780.15
POI00012871,PO0003370,PRD00422,85,13723.46
POI00012872,PO0002772,PRD00786,53,12658.67
POI00012873,PO0007381,PRD00619,462,5874.65
POI00012874,PO0004067,PRD00536,48,5119.31
POI00012875,PO0004572,PRD00578,162,3487.79
POI00012876,PO0004470,PRD00397,151,1277.33
POI00012877,PO0004689,PRD00257,438,12479.22
POI00012878,PO0004397,PRD00921,457,10131.57
POI00012879,PO0001082,PRD00251,73,3571.32
POI00012880,PO0005571,PRD00099,204,6175.08
POI00012881,PO0009789,PRD00608,312,2030.27
POI00012882,PO0002391,PRD00888,35,4306.34
POI00012883,PO0000828,PRD00400,200,14679.08
POI00012884,PO0000377,PRD00932,463,12917.17
POI00012885,PO0003713,PRD00561,310,5531.95
POI00012886,PO0000752,PRD00236,22,5509.36
POI00012887,PO0009084,PRD00610,295,3030.44
POI00012888,PO0009629,PRD00904,461,9633.15
POI00012889,PO0004308,PRD00294,107,7979.54
POI00012890,PO0004271,PRD00165,79,9742.97
POI00012891,PO0009785,PRD00445,109,6126.75
POI00012892,PO0009704,PRD00560,222,14804.29
POI00012893,PO0008544,PRD00548,86,10982.99
POI00012894,PO0001380,PRD00224,152,3605.13
POI00012895,PO0007696,PRD00592,279,14420.88
POI00012896,PO0000492,PRD00067,69,10482.12
POI00012897,PO0001517,PRD00303,267,3612.1
POI00012898,PO0008893,PRD00296,354,13710.05
POI00012899,PO0003958,PRD00100,304,3533.63
POI00012900,PO0002273,PRD00724,494,11372.17
POI00012901,PO0008914,PRD00655,78,136.93
POI00012902,PO0009345,PRD00042,318,12472.09
POI00012903,PO0005020,PRD00803,456,4469.13
POI00012904,PO0008200,PRD00566,412,1327.27
POI00012905,PO0004818,PRD00226,399,7002.18
POI00012906,PO0001320,PRD00325,305,14185.14
POI00012907,PO0005006,PRD00541,385,2451.94
POI00012908,PO0000232,PRD00995,422,1957.35
POI00012909,PO0004857,PRD00758,46,14670.2
POI00012910,PO0002172,PRD00541,468,2451.94
POI00012911,PO0008725,PRD00093,101,12182.24
POI00012912,PO0000839,PRD00881,209,13176.07
POI00012913,PO0005322,PRD00601,394,14472.35
POI00012914,PO0006029,PRD00180,276,5424.97
POI00012915,PO0005566,PRD00492,174,5276.64
POI00012916,PO0005798,PRD00867,449,2868.63
POI00012917,PO0006182,PRD00477,291,8916.03
POI00012918,PO0000548,PRD00728,78,6550.29
POI00012919,PO0004407,PRD00299,142,14959.16
POI00012920,PO0006407,PRD00607,407,12074.14
POI00012921,PO0008674,PRD00600,212,6787.54
POI00012922,PO0005905,PRD00320,485,1168.76
POI00012923,PO0001658,PRD00545,200,7193.96
POI00012924,PO0002332,PRD00470,151,10835.82
POI00012925,PO0000849,PRD00797,433,11156.8
POI00012926,PO0007881,PRD00288,263,4176.37
POI00012927,PO0008612,PRD00691,61,5216.2
POI00012928,PO0001051,PRD00977,382,14587.2
POI00012929,PO0002690,PRD00103,350,12413.34
POI00012930,PO0009518,PRD00258,27,13278.68
POI00012931,PO0008965,PRD00021,348,650.8
POI00012932,PO0000641,PRD00046,154,2330.39
POI00012933,PO0008496,PRD00878,167,13841.49
POI00012934,PO0009933,PRD00963,329,8895.2
POI00012935,PO0007994,PRD00618,118,7236.89
POI00012936,PO0003495,PRD00875,215,6782.11
POI00012937,PO0000746,PRD00802,353,11346.21
POI00012938,PO0006285,PRD00737,140,9372.14
POI00012939,PO0003529,PRD00657,338,14657.7
POI00012940,PO0009836,PRD00827,462,10537.16
POI00012941,PO0001766,PRD00451,381,11303.64
POI00012942,PO0006192,PRD00867,373,2868.63
POI00012943,PO0000002,PRD00024,454,5514.18
POI00012944,PO0005052,PRD00480,364,10120.83
POI00012945,PO0002206,PRD00596,119,6569.94
POI00012946,PO0002351,PRD00323,182,7763.5
POI00012947,PO0003569,PRD00299,195,14959.16
POI00012948,PO0006861,PRD00593,302,1467.96
POI00012949,PO0001293,PRD00394,432,14023.98
POI00012950,PO0000285,PRD00205,275,5692.82
POI00012951,PO0001444,PRD00095,342,11653.35
POI00012952,PO0004942,PRD00562,65,329.01
POI00012953,PO0007946,PRD00961,397,12916.7
POI00012954,PO0004054,PRD00550,119,1100.7
POI00012955,PO0009337,PRD00505,72,10107.88
POI00012956,PO0004396,PRD00793,57,871.73
POI00012957,PO0000286,PRD00558,474,9720.85
POI00012958,PO0000811,PRD00852,266,9836.31
POI00012959,PO0006011,PRD00913,265,7633.07
POI00012960,PO0002730,PRD00266,88,3637.52
POI00012961,PO0001257,PRD00826,359,9650.03
POI00012962,PO0004507,PRD00558,429,9720.85
POI00012963,PO0001930,PRD00589,414,13991.37
POI00012964,PO0006066,PRD00428,108,322.0
POI00012965,PO0000954,PRD00318,258,13343.83
POI00012966,PO0001609,PRD00193,312,1081.63
POI00012967,PO0008547,PRD00841,213,13509.77
POI00012968,PO0002039,PRD00337,464,11344.08
POI00012969,PO0008238,PRD00669,60,4850.66
POI00012970,PO0002273,PRD00760,88,2297.92
POI00012971,PO0002613,PRD00372,126,12777.81
POI00012972,PO0008801,PRD00313,75,9405.33
POI00012973,PO0007289,PRD00530,185,5677.57
POI00012974,PO0004815,PRD00243,371,9718.69
POI00012975,PO0004785,PRD00612,451,12339.55
POI00012976,PO0005297,PRD00860,154,1620.12
POI00012977,PO0004310,PRD00677,408,658.64
POI00012978,PO0009388,PRD00996,419,12098.44
POI00012979,PO0004363,PRD00995,499,1957.35
POI00012980,PO0008045,PRD00989,244,12965.77
POI00012981,PO0000137,PRD00848,85,13378.15
POI00012982,PO0008307,PRD00173,172,983.41
POI00012983,PO0003934,PRD00361,145,2128.11
POI00012984,PO0006998,PRD00986,487,7134.56
POI00012985,PO0001121,PRD00829,128,5770.69
POI00012986,PO0003560,PRD00284,383,12033.13
POI00012987,PO0008224,PRD00605,296,3961.69
POI00012988,PO0003826,PRD00336,188,14628.24
POI00012989,PO0002112,PRD00149,352,8656.19
POI00012990,PO0003381,PRD00351,407,4761.19
POI00012991,PO0007306,PRD00901,454,1036.08
POI00012992,PO0002634,PRD00858,336,718.7
POI00012993,PO0008691,PRD00940,244,12016.56
POI00012994,PO0000938,PRD00430,144,7529.58
POI00012995,PO0008393,PRD00017,413,12322.4
POI00012996,PO0007334,PRD00197,407,14528.51
POI00012997,PO0002685,PRD00052,71,3353.77
POI00012998,PO0007483,PRD00355,387,10597.12
POI00012999,PO0000237,PRD00836,41,2825.17
POI00013000,PO0002534,PRD00229,76,5330.98
POI00013001,PO0004996,PRD00143,440,2616.16
POI00013002,PO0007632,PRD00495,81,13954.44
POI00013003,PO0001249,PRD00389,170,10776.42
POI00013004,PO0003074,PRD00195,246,8830.06
POI00013005,PO0008349,PRD00695,387,7153.53
POI00013006,PO0005812,PRD00098,83,2423.29
POI00013007,PO0000389,PRD00834,491,4625.99
POI00013008,PO0001092,PRD00120,191,4716.39
POI00013009,PO0007620,PRD00461,345,4804.84
POI00013010,PO0003244,PRD00614,67,6734.49
POI00013011,PO0003373,PRD00753,363,1627.4
POI00013012,PO0007524,PRD00232,171,6790.03
POI00013013,PO0006069,PRD00032,388,4314.09
POI00013014,PO0001411,PRD00285,385,8218.48
POI00013015,PO0001084,PRD00084,303,1880.19
POI00013016,PO0008975,PRD00401,184,8016.45
POI00013017,PO0007377,PRD00741,18,13662.52
POI00013018,PO0009135,PRD00255,151,13121.82
POI00013019,PO0002187,PRD00566,408,1327.27
POI00013020,PO0000050,PRD00640,161,14055.38
POI00013021,PO0001975,PRD00348,327,10382.26
POI00013022,PO0002703,PRD00603,367,3288.11
POI00013023,PO0006547,PRD00167,407,14939.24
POI00013024,PO0009247,PRD00544,405,6484.13
POI00013025,PO0009170,PRD00544,227,6484.13
POI00013026,PO0003093,PRD00148,73,12811.77
POI00013027,PO0005788,PRD00962,24,8264.3
POI00013028,PO0003221,PRD00590,168,14268.77
POI00013029,PO0005557,PRD00639,144,2796.66
POI00013030,PO0004816,PRD00092,222,1185.31
POI00013031,PO0002852,PRD00811,404,13260.28
POI00013032,PO0004739,PRD00250,350,14546.26
POI00013033,PO0001327,PRD00552,61,13804.82
POI00013034,PO0002068,PRD00881,456,13176.07
POI00013035,PO0009096,PRD00274,173,11015.48
POI00013036,PO0000174,PRD00507,216,8978.67
POI00013037,PO0002983,PRD00733,171,8941.35
POI00013038,PO0001976,PRD00921,173,10131.57
POI00013039,PO0001717,PRD00755,22,12949.63
POI00013040,PO0006916,PRD00180,333,5424.97
POI00013041,PO0003149,PRD00680,124,12884.86
POI00013042,PO0000058,PRD00732,124,5677.87
POI00013043,PO0009273,PRD00422,412,13723.46
POI00013044,PO0006525,PRD00637,43,11031.21
POI00013045,PO0009301,PRD00169,155,8843.12
POI00013046,PO0008849,PRD00230,93,928.8
POI00013047,PO0006359,PRD00386,77,7920.56
POI00013048,PO0005977,PRD00952,398,4757.15
POI00013049,PO0002136,PRD00364,358,10243.38
POI00013050,PO0008233,PRD00150,77,4175.25
POI00013051,PO0008616,PRD00319,247,3733.58
POI00013052,PO0004444,PRD00915,436,10437.34
POI00013053,PO0009662,PRD00651,85,6515.34
POI00013054,PO0000024,PRD00677,48,658.64
POI00013055,PO0009491,PRD00872,278,13370.7
POI00013056,PO0003282,PRD00325,236,14185.14
POI00013057,PO0001035,PRD00425,399,7731.22
POI00013058,PO0004472,PRD00629,302,377.33
POI00013059,PO0009253,PRD00226,239,7002.18
POI00013060,PO0006580,PRD00316,356,14232.32
POI00013061,PO0004320,PRD00622,321,3778.03
POI00013062,PO0004040,PRD00926,426,11701.76
POI00013063,PO0005674,PRD00427,427,6255.84
POI00013064,PO0003612,PRD00078,287,8372.4
POI00013065,PO0007832,PRD00885,47,14081.25
POI00013066,PO0004870,PRD00896,270,12836.58
POI00013067,PO0001222,PRD00864,131,5345.24
POI00013068,PO0008191,PRD00368,486,13705.39
POI00013069,PO0000149,PRD00359,129,14333.28
POI00013070,PO0000554,PRD00742,495,120.85
POI00013071,PO0000322,PRD00884,57,5606.03
POI00013072,PO0000060,PRD00185,17,6440.0
POI00013073,PO0003262,PRD00971,360,2515.98
POI00013074,PO0006773,PRD00258,434,13278.68
POI00013075,PO0004474,PRD00311,410,5242.66
POI00013076,PO0003202,PRD00307,89,14587.91
POI00013077,PO0002238,PRD00512,122,6184.28
POI00013078,PO0004257,PRD00314,95,8909.78
POI00013079,PO0001545,PRD00296,79,13710.05
POI00013080,PO0007695,PRD00706,388,11072.04
POI00013081,PO0008952,PRD00163,317,8801.64
POI00013082,PO0000960,PRD00144,46,7505.2
POI00013083,PO0000745,PRD00270,208,2874.72
POI00013084,PO0002964,PRD00200,401,12689.72
POI00013085,PO0006192,PRD00072,67,2707.96
POI00013086,PO0006168,PRD00535,41,12386.73
POI00013087,PO0005928,PRD00427,456,6255.84
POI00013088,PO0003901,PRD00854,417,7572.34
POI00013089,PO0009734,PRD00093,122,12182.24
POI00013090,PO0008220,PRD00508,211,9561.68
POI00013091,PO0008367,PRD00568,209,4707.73
POI00013092,PO0001749,PRD00256,375,4333.14
POI00013093,PO0006093,PRD00965,465,8131.85
POI00013094,PO0004000,PRD00415,476,13727.94
POI00013095,PO0004585,PRD00978,463,10928.44
POI00013096,PO0003114,PRD00583,380,2755.82
POI00013097,PO0008751,PRD00286,357,4652.92
POI00013098,PO0006186,PRD00350,149,7818.75
POI00013099,PO0005543,PRD00707,497,5200.05
POI00013100,PO0008416,PRD00803,49,4469.13
POI00013101,PO0009104,PRD00903,351,10697.16
POI00013102,PO0006451,PRD00681,452,14615.35
POI00013103,PO0006623,PRD00828,196,11820.43
POI00013104,PO0001245,PRD00235,150,664.0
POI00013105,PO0004431,PRD00351,106,4761.19
POI00013106,PO0008470,PRD00637,303,11031.21
POI00013107,PO0000191,PRD00256,477,4333.14
POI00013108,PO0004683,PRD00426,334,11443.5
POI00013109,PO0007024,PRD00516,321,8281.91
POI00013110,PO0001989,PRD00664,135,8624.9
POI00013111,PO0000263,PRD00092,267,1185.31
POI00013112,PO0001534,PRD00555,493,9697.74
POI00013113,PO0007949,PRD00719,456,9495.01
POI00013114,PO0001278,PRD00079,79,10823.51
POI00013115,PO0004599,PRD00840,284,1992.97
POI00013116,PO0002895,PRD00874,187,13187.35
POI00013117,PO0004868,PRD00970,226,2893.48
POI00013118,PO0009166,PRD00073,495,7015.92
POI00013119,PO0005342,PRD00032,401,4314.09
POI00013120,PO0005055,PRD00411,288,9419.82
POI00013121,PO0000521,PRD00532,435,4963.16
POI00013122,PO0008769,PRD00222,346,1219.58
POI00013123,PO0003125,PRD00973,97,4327.38
POI00013124,PO0004305,PRD00939,224,12076.99
POI00013125,PO0008071,PRD00745,490,7007.02
POI00013126,PO0009991,PRD00223,371,13596.37
POI00013127,PO0001714,PRD00557,371,7804.82
POI00013128,PO0004855,PRD00918,167,1087.91
POI00013129,PO0003376,PRD00171,462,3321.66
POI00013130,PO0009697,PRD00573,187,5628.29
POI00013131,PO0003048,PRD00640,326,14055.38
POI00013132,PO0000585,PRD00060,200,9780.15
POI00013133,PO0002994,PRD00395,292,6180.29
POI00013134,PO0004456,PRD00482,460,14861.25
POI00013135,PO0001129,PRD00902,435,10889.46
POI00013136,PO0003432,PRD00048,89,1009.0
POI00013137,PO0008376,PRD00963,219,8895.2
POI00013138,PO0008437,PRD00830,21,8039.34
POI00013139,PO0003993,PRD00528,498,10694.01
POI00013140,PO0001979,PRD00073,473,7015.92
POI00013141,PO0005609,PRD00671,369,13764.06
POI00013142,PO0007423,PRD00142,75,3723.43
POI00013143,PO0004910,PRD00452,187,2503.76
POI00013144,PO0002333,PRD00246,168,12678.87
POI00013145,PO0004214,PRD00149,361,8656.19
POI00013146,PO0002158,PRD00956,201,3221.73
POI00013147,PO0001072,PRD00737,326,9372.14
POI00013148,PO0008019,PRD00692,61,4333.24
POI00013149,PO0003410,PRD00504,405,12220.97
POI00013150,PO0000636,PRD00745,347,7007.02
POI00013151,PO0002896,PRD00694,50,9801.68
POI00013152,PO0005326,PRD00436,274,10630.97
POI00013153,PO0009430,PRD00126,263,12322.6
POI00013154,PO0005276,PRD00942,367,11797.17
POI00013155,PO0004237,PRD00704,422,9935.11
POI00013156,PO0006805,PRD00990,139,4921.74
POI00013157,PO0006219,PRD00038,399,11694.03
POI00013158,PO0002765,PRD00341,203,8938.37
POI00013159,PO0007053,PRD00984,166,5821.18
POI00013160,PO0004396,PRD00984,423,5821.18
POI00013161,PO0001543,PRD00098,68,2423.29
POI00013162,PO0001231,PRD00596,293,6569.94
POI00013163,PO0002493,PRD00684,36,7767.82
POI00013164,PO0006934,PRD00719,326,9495.01
POI00013165,PO0006503,PRD00002,180,14088.84
POI00013166,PO0002992,PRD00788,404,13824.18
POI00013167,PO0001667,PRD00368,182,13705.39
POI00013168,PO0004430,PRD00337,180,11344.08
POI00013169,PO0002412,PRD00780,15,12595.14
POI00013170,PO0004039,PRD00977,32,14587.2
POI00013171,PO0007986,PRD00156,412,1424.79
POI00013172,PO0004501,PRD00840,101,1992.97
POI00013173,PO0005383,PRD00821,286,9726.69
POI00013174,PO0000142,PRD00370,353,218.27
POI00013175,PO0006366,PRD00152,329,9137.41
POI00013176,PO0006300,PRD00341,168,8938.37
POI00013177,PO0008059,PRD00166,18,9766.65
POI00013178,PO0005383,PRD00917,216,13456.14
POI00013179,PO0003150,PRD00835,32,6236.81
POI00013180,PO0000683,PRD00574,20,11589.74
POI00013181,PO0002613,PRD00663,483,8339.74
POI00013182,PO0005433,PRD00466,430,10894.67
POI00013183,PO0009459,PRD00139,142,11221.75
POI00013184,PO0001858,PRD00919,449,12018.41
POI00013185,PO0001661,PRD00353,425,9182.34
POI00013186,PO0009409,PRD00358,447,14322.76
POI00013187,PO0003622,PRD00729,18,5440.02
POI00013188,PO0006670,PRD00509,416,7385.46
POI00013189,PO0009748,PRD00686,371,2956.03
POI00013190,PO0000780,PRD00181,205,2679.75
POI00013191,PO0003390,PRD00581,34,3429.77
POI00013192,PO0004140,PRD00076,210,5099.04
POI00013193,PO0008200,PRD00205,496,5692.82
POI00013194,PO0006192,PRD00144,455,7505.2
POI00013195,PO0007644,PRD00116,254,6245.65
POI00013196,PO0001582,PRD00838,105,9698.54
POI00013197,PO0003951,PRD00528,226,10694.01
POI00013198,PO0006152,PRD00470,211,10835.82
POI00013199,PO0006735,PRD00830,449,8039.34
POI00013200,PO0002899,PRD00646,292,11847.85
POI00013201,PO0003076,PRD00254,307,12034.79
POI00013202,PO0007593,PRD00090,181,7083.4
POI00013203,PO0005545,PRD00915,318,10437.34
POI00013204,PO0006340,PRD00131,210,5840.29
POI00013205,PO0004807,PRD00073,42,7015.92
POI00013206,PO0003656,PRD00071,142,9562.93
POI00013207,PO0008942,PRD00771,436,10772.54
POI00013208,PO0009486,PRD00198,23,2388.57
POI00013209,PO0005537,PRD00847,485,9711.63
POI00013210,PO0009943,PRD00770,82,12677.22
POI00013211,PO0009306,PRD00100,78,3533.63
POI00013212,PO0000066,PRD00852,482,9836.31
POI00013213,PO0009458,PRD00446,267,10566.45
POI00013214,PO0006579,PRD00416,166,5875.21
POI00013215,PO0007123,PRD00711,79,14208.1
POI00013216,PO0004225,PRD00136,452,9775.56
POI00013217,PO0002631,PRD00251,433,3571.32
POI00013218,PO0009775,PRD00971,16,2515.98
POI00013219,PO0004420,PRD00406,242,6081.8
POI00013220,PO0001469,PRD00107,373,9087.41
POI00013221,PO0008863,PRD00969,332,11985.63
POI00013222,PO0007966,PRD00094,219,8406.45
POI00013223,PO0007389,PRD00589,47,13991.37
POI00013224,PO0007471,PRD00293,74,14236.45
POI00013225,PO0008193,PRD00351,369,4761.19
POI00013226,PO0001469,PRD00284,296,12033.13
POI00013227,PO0009573,PRD00892,335,3978.64
POI00013228,PO0008470,PRD00053,281,10059.59
POI00013229,PO0001475,PRD00814,331,14386.74
POI00013230,PO0004091,PRD00055,42,8911.04
POI00013231,PO0007480,PRD00097,30,14218.05
POI00013232,PO0005083,PRD00448,376,3508.12
POI00013233,PO0005476,PRD00879,94,5831.09
POI00013234,PO0000965,PRD00403,331,560.68
POI00013235,PO0002343,PRD00698,273,3335.68
POI00013236,PO0008239,PRD00206,464,10846.21
POI00013237,PO0004550,PRD00018,338,6025.11
POI00013238,PO0000992,PRD00999,229,8190.82
POI00013239,PO0004193,PRD00124,172,8304.87
POI00013240,PO0006710,PRD00500,309,8694.03
POI00013241,PO0004721,PRD00460,346,5749.6
POI00013242,PO0006521,PRD00606,120,8374.83
POI00013243,PO0005322,PRD00230,409,928.8
POI00013244,PO0009744,PRD00754,177,2784.41
POI00013245,PO0001442,PRD00850,100,12204.62
POI00013246,PO0007293,PRD00997,107,5423.86
POI00013247,PO0001601,PRD00457,227,7399.8
POI00013248,PO0006386,PRD00120,161,4716.39
POI00013249,PO0004862,PRD00301,19,10700.19
POI00013250,PO0009275,PRD00556,497,11702.23
POI00013251,PO0008571,PRD00532,222,4963.16
POI00013252,PO0000497,PRD00398,325,1850.01
POI00013253,PO0008178,PRD00670,326,8380.95
POI00013254,PO0009775,PRD00219,292,12493.83
POI00013255,PO0005780,PRD00335,157,12393.64
POI00013256,PO0006286,PRD00876,163,12469.02
POI00013257,PO0005314,PRD00266,105,3637.52
POI00013258,PO0005870,PRD00078,229,8372.4
POI00013259,PO0007892,PRD00714,435,7100.41
POI00013260,PO0008961,PRD00279,485,14005.9
POI00013261,PO0005681,PRD00948,162,5378.23
POI00013262,PO0008203,PRD00035,99,9200.21
POI00013263,PO0004204,PRD00655,285,136.93
POI00013264,PO0000711,PRD00397,142,1277.33
POI00013265,PO0007922,PRD00293,277,14236.45
POI00013266,PO0008985,PRD00606,495,8374.83
POI00013267,PO0009571,PRD00395,120,6180.29
POI00013268,PO0005648,PRD00258,11,13278.68
POI00013269,PO0006445,PRD00460,74,5749.6
POI00013270,PO0003617,PRD00161,277,14511.66
POI00013271,PO0004287,PRD00515,305,11728.64
POI00013272,PO0003966,PRD00657,192,14657.7
POI00013273,PO0007962,PRD00856,284,11059.92
POI00013274,PO0002234,PRD00519,36,4521.82
POI00013275,PO0009901,PRD00462,268,5449.97
POI00013276,PO0001754,PRD00636,290,3410.7
POI00013277,PO0000540,PRD00699,406,8800.55
POI00013278,PO0009341,PRD00389,185,10776.42
POI00013279,PO0009638,PRD00520,352,12944.02
POI00013280,PO0007705,PRD00875,84,6782.11
POI00013281,PO0008838,PRD00372,17,12777.81
POI00013282,PO0000432,PRD00848,18,13378.15
POI00013283,PO0004636,PRD00004,127,10337.46
POI00013284,PO0009529,PRD00263,291,9261.0
POI00013285,PO0004607,PRD00289,83,5500.6
POI00013286,PO0003949,PRD00648,136,4835.26
POI00013287,PO0002511,PRD00712,406,5380.83
POI00013288,PO0008545,PRD00178,193,4216.94
POI00013289,PO0002126,PRD00452,120,2503.76
POI00013290,PO0007682,PRD00426,129,11443.5
POI00013291,PO0009009,PRD00998,359,8420.65
POI00013292,PO0005199,PRD00817,219,13482.36
POI00013293,PO0009630,PRD00491,283,4733.4
POI00013294,PO0003555,PRD00503,18,8838.11
POI00013295,PO0006767,PRD00774,259,7426.94
POI00013296,PO0004290,PRD00066,255,1213.87
POI00013297,PO0006332,PRD00615,465,9737.39
POI00013298,PO0001903,PRD00690,437,2729.55
POI00013299,PO0000754,PRD00603,363,3288.11
POI00013300,PO0000537,PRD00758,324,14670.2
POI00013301,PO0007644,PRD00129,73,14713.16
POI00013302,PO0002218,PRD00515,327,11728.64
POI00013303,PO0009626,PRD00533,49,10985.5
POI00013304,PO0000727,PRD00355,120,10597.12
POI00013305,PO0001235,PRD00602,203,12799.03
POI00013306,PO0000761,PRD00622,404,3778.03
POI00013307,PO0002122,PRD00637,482,11031.21
POI00013308,PO0004703,PRD00416,381,5875.21
POI00013309,PO0000219,PRD00583,449,2755.82
POI00013310,PO0007621,PRD00020,305,14093.42
POI00013311,PO0001840,PRD00681,443,14615.35
POI00013312,PO0000301,PRD00676,170,4189.18
POI00013313,PO0002466,PRD00534,366,12763.59
POI00013314,PO0000637,PRD00651,455,6515.34
POI00013315,PO0009604,PRD00352,131,10163.96
POI00013316,PO0004894,PRD00186,49,13497.06
POI00013317,PO0009673,PRD00082,208,7141.05
POI00013318,PO0009494,PRD00561,322,5531.95
POI00013319,PO0004768,PRD00421,292,3240.17
POI00013320,PO0009959,PRD00580,169,13972.91
POI00013321,PO0004936,PRD00489,322,5226.91
POI00013322,PO0000409,PRD00612,327,12339.55
POI00013323,PO0008859,PRD00834,116,4625.99
POI00013324,PO0001778,PRD00560,392,14804.29
POI00013325,PO0000596,PRD01000,238,1107.64
POI00013326,PO0005419,PRD00512,25,6184.28
POI00013327,PO0003819,PRD00092,406,1185.31
POI00013328,PO0007704,PRD00480,331,10120.83
POI00013329,PO0002225,PRD00787,388,3077.27
POI00013330,PO0000700,PRD00874,89,13187.35
POI00013331,PO0000371,PRD00648,37,4835.26
POI00013332,PO0007882,PRD00437,292,981.92
POI00013333,PO0000777,PRD00815,493,5837.27
POI00013334,PO0004545,PRD00838,442,9698.54
POI00013335,PO0001752,PRD00386,80,7920.56
POI00013336,PO0003065,PRD00962,204,8264.3
POI00013337,PO0007535,PRD00249,493,10840.05
POI00013338,PO0007259,PRD00323,343,7763.5
POI00013339,PO0005183,PRD00477,63,8916.03
POI00013340,PO0007307,PRD00071,438,9562.93
POI00013341,PO0006310,PRD00377,257,14726.74
POI00013342,PO0004071,PRD00134,280,10858.86
POI00013343,PO0007086,PRD00541,423,2451.94
POI00013344,PO0009586,PRD00300,278,10666.34
POI00013345,PO0008697,PRD00717,28,5192.63
POI00013346,PO0004162,PRD00859,247,13775.1
POI00013347,PO0008741,PRD00984,491,5821.18
POI00013348,PO0008391,PRD00838,483,9698.54
POI00013349,PO0001974,PRD00220,253,3710.28
POI00013350,PO0008100,PRD00983,281,12437.52
POI00013351,PO0004174,PRD00518,67,8231.59
POI00013352,PO0004687,PRD00688,351,5575.81
POI00013353,PO0007227,PRD00451,77,11303.64
POI00013354,PO0003269,PRD00375,494,2698.38
POI00013355,PO0001679,PRD00373,50,5013.81
POI00013356,PO0004776,PRD00573,357,5628.29
POI00013357,PO0006290,PRD00093,147,12182.24
POI00013358,PO0002911,PRD00775,44,1675.87
POI00013359,PO0002875,PRD00990,197,4921.74
POI00013360,PO0009668,PRD00119,465,510.73
POI00013361,PO0007494,PRD00240,414,1296.01
POI00013362,PO0003440,PRD00502,32,7953.51
POI00013363,PO0009097,PRD00326,452,12217.09
POI00013364,PO0004113,PRD00415,44,13727.94
POI00013365,PO0009251,PRD00495,486,13954.44
POI00013366,PO0009857,PRD00541,482,2451.94
POI00013367,PO0001615,PRD00067,211,10482.12
POI00013368,PO0008411,PRD00936,271,5539.59
POI00013369,PO0003191,PRD00505,24,10107.88
POI00013370,PO0009265,PRD00704,462,9935.11
POI00013371,PO0006806,PRD00600,97,6787.54
POI00013372,PO0009862,PRD00452,49,2503.76
POI00013373,PO0001425,PRD00329,168,14502.96
POI00013374,PO0008175,PRD00733,163,8941.35
POI00013375,PO0009641,PRD00956,463,3221.73
POI00013376,PO0005932,PRD00087,413,2757.27
POI00013377,PO0006488,PRD00952,290,4757.15
POI00013378,PO0006024,PRD00395,226,6180.29
POI00013379,PO0002297,PRD00094,310,8406.45
POI00013380,PO0009785,PRD00322,275,11034.26
POI00013381,PO0007727,PRD00633,255,8823.37
POI00013382,PO0001722,PRD00211,111,7941.86
POI00013383,PO0000525,PRD00156,317,1424.79
POI00013384,PO0007854,PRD00401,16,8016.45
POI00013385,PO0009604,PRD00480,471,10120.83
POI00013386,PO0007022,PRD00786,43,12658.67
POI00013387,PO0006991,PRD00579,103,3728.71
POI00013388,PO0000535,PRD00918,286,1087.91
POI00013389,PO0005328,PRD00203,303,171.1
POI00013390,PO0009150,PRD00302,190,7670.64
POI00013391,PO0008906,PRD00330,485,4277.84
POI00013392,PO0007906,PRD00513,418,7371.4
POI00013393,PO0006946,PRD00842,55,10426.4
POI00013394,PO0001361,PRD00881,345,13176.07
POI00013395,PO0009545,PRD00227,481,12974.56
POI00013396,PO0001372,PRD00081,434,3386.22
POI00013397,PO0003514,PRD00466,267,10894.67
POI00013398,PO0007919,PRD00125,153,12971.28
POI00013399,PO0007459,PRD00151,494,13666.4
POI00013400,PO0000904,PRD00022,439,6591.0
POI00013401,PO0008018,PRD00193,238,1081.63
POI00013402,PO0006809,PRD00194,407,11189.27
POI00013403,PO0000005,PRD00539,357,13947.14
POI00013404,PO0005212,PRD00534,452,12763.59
POI00013405,PO0009405,PRD00522,14,2556.45
POI00013406,PO0002146,PRD00909,158,11074.93
POI00013407,PO0001091,PRD00223,183,13596.37
POI00013408,PO0008664,PRD00661,332,8498.56
POI00013409,PO0009269,PRD00035,283,9200.21
POI00013410,PO0008215,PRD00173,361,983.41
POI00013411,PO0006344,PRD00291,73,1083.12
POI00013412,PO0006943,PRD00618,123,7236.89
POI00013413,PO0002887,PRD00698,376,3335.68
POI00013414,PO0001357,PRD00551,360,6646.28
POI00013415,PO0005913,PRD00185,256,6440.0
POI00013416,PO0008007,PRD00940,487,12016.56
POI00013417,PO0007649,PRD00446,260,10566.45
POI00013418,PO0001889,PRD00311,288,5242.66
POI00013419,PO0000234,PRD00122,44,7515.76
POI00013420,PO0004675,PRD00278,422,4458.16
POI00013421,PO0009973,PRD00437,271,981.92
POI00013422,PO0003703,PRD00446,481,10566.45
POI00013423,PO0003795,PRD00387,122,1001.43
POI00013424,PO0000055,PRD00583,467,2755.82
POI00013425,PO0003428,PRD00267,461,1734.0
POI00013426,PO0002148,PRD00174,456,1447.77
POI00013427,PO0009958,PRD00905,262,2985.62
POI00013428,PO0009405,PRD00420,136,7232.56
POI00013429,PO0006400,PRD00904,399,9633.15
POI00013430,PO0001858,PRD00286,392,4652.92
POI00013431,PO0008400,PRD00213,353,11481.28
POI00013432,PO0008684,PRD00724,291,11372.17
POI00013433,PO0003947,PRD00554,183,5324.91
POI00013434,PO0004201,PRD00530,495,5677.57
POI00013435,PO0002626,PRD00811,254,13260.28
POI00013436,PO0005667,PRD00786,293,12658.67
POI00013437,PO0007101,PRD00965,131,8131.85
POI00013438,PO0006152,PRD00211,296,7941.86
POI00013439,PO0006308,PRD00352,321,10163.96
POI00013440,PO0000846,PRD00204,391,1118.21
POI00013441,PO0000214,PRD00312,61,3819.03
POI00013442,PO0004217,PRD00590,272,14268.77
POI00013443,PO0003163,PRD00962,21,8264.3
POI00013444,PO0002101,PRD00367,197,13626.42
POI00013445,PO0001194,PRD00183,381,6823.92
POI00013446,PO0008031,PRD00122,43,7515.76
POI00013447,PO0007155,PRD00732,341,5677.87
POI00013448,PO0007762,PRD00882,317,7275.03
POI00013449,PO0004163,PRD00136,306,9775.56
POI00013450,PO0003981,PRD00729,333,5440.02
POI00013451,PO0001278,PRD00666,484,1874.61
POI00013452,PO0002876,PRD00758,172,14670.2
POI00013453,PO0009175,PRD00771,332,10772.54
POI00013454,PO0006892,PRD00174,498,1447.77
POI00013455,PO0009758,PRD00525,118,14289.77
POI00013456,PO0006113,PRD00927,81,9238.3
POI00013457,PO0004568,PRD00727,117,1054.08
POI00013458,PO0009207,PRD00780,372,12595.14
POI00013459,PO0002673,PRD00794,93,14754.3
POI00013460,PO0009470,PRD00728,10,6550.29
POI00013461,PO0003704,PRD00793,356,871.73
POI00013462,PO0009882,PRD00814,78,14386.74
POI00013463,PO0006363,PRD00939,416,12076.99
POI00013464,PO0000347,PRD00326,298,12217.09
POI00013465,PO0007783,PRD00880,52,12411.59
POI00013466,PO0007219,PRD00949,245,13353.32
POI00013467,PO0009606,PRD00161,285,14511.66
POI00013468,PO0002016,PRD00667,207,12142.23
POI00013469,PO0005957,PRD00523,197,12097.17
POI00013470,PO0005092,PRD00024,473,5514.18
POI00013471,PO0007057,PRD00383,296,3349.4
POI00013472,PO0008498,PRD00086,362,14709.22
POI00013473,PO0007459,PRD00795,483,10383.68
POI00013474,PO0002616,PRD00864,406,5345.24
POI00013475,PO0006883,PRD00634,194,11006.69
POI00013476,PO0003368,PRD00660,94,745.68
POI00013477,PO0000146,PRD00673,359,13879.93
POI00013478,PO0008974,PRD00815,453,5837.27
POI00013479,PO0009483,PRD00886,394,8868.6
POI00013480,PO0001771,PRD00616,487,1388.81
POI00013481,PO0002938,PRD00378,379,5802.93
POI00013482,PO0003906,PRD00266,58,3637.52
POI00013483,PO0009294,PRD00161,319,14511.66
POI00013484,PO0008936,PRD00523,435,12097.17
POI00013485,PO0005325,PRD00126,385,12322.6
POI00013486,PO0009955,PRD00170,256,12518.7
POI00013487,PO0001078,PRD00259,413,7569.95
POI00013488,PO0002383,PRD00026,140,10030.04
POI00013489,PO0003883,PRD00113,201,4380.21
POI00013490,PO0009272,PRD00484,420,1711.79
POI00013491,PO0000304,PRD00584,380,13164.71
POI00013492,PO0001604,PRD00042,98,12472.09
POI00013493,PO0007284,PRD00301,475,10700.19
POI00013494,PO0007885,PRD00949,173,13353.32
POI00013495,PO0009414,PRD00724,27,11372.17
POI00013496,PO0004143,PRD00986,310,7134.56
POI00013497,PO0004901,PRD00381,110,2462.98
POI00013498,PO0009856,PRD00532,488,4963.16
POI00013499,PO0009989,PRD00782,345,9890.23
POI00013500,PO0008143,PRD00066,215,1213.87
POI00013501,PO0002347,PRD00929,489,2808.45
POI00013502,PO0005849,PRD00226,472,7002.18
POI00013503,PO0006545,PRD00660,377,745.68
POI00013504,PO0009210,PRD00037,130,9868.39
POI00013505,PO0005838,PRD00376,412,7767.99
POI00013506,PO0007777,PRD00569,426,1366.29
POI00013507,PO0009613,PRD00826,430,9650.03
POI00013508,PO0008031,PRD00570,492,4694.61
POI00013509,PO0002545,PRD00211,36,7941.86
POI00013510,PO0004799,PRD00943,361,6024.16
POI00013511,PO0005759,PRD00328,179,13195.81
POI00013512,PO0000077,PRD00821,65,9726.69
POI00013513,PO0001053,PRD00574,81,11589.74
POI00013514,PO0000568,PRD00971,199,2515.98
POI00013515,PO0004245,PRD00736,63,4572.66
POI00013516,PO0003435,PRD00266,97,3637.52
POI00013517,PO0005646,PRD00712,305,5380.83
POI00013518,PO0000177,PRD00583,114,2755.82
POI00013519,PO0003218,PRD00190,186,6496.64
POI00013520,PO0009872,PRD00991,246,5985.46
POI00013521,PO0002700,PRD00006,185,12453.87
POI00013522,PO0006038,PRD00639,124,2796.66
POI00013523,PO0000148,PRD00164,425,7114.43
POI00013524,PO0004212,PRD00690,375,2729.55
POI00013525,PO0006670,PRD00048,447,1009.0
POI00013526,PO0003648,PRD00274,94,11015.48
POI00013527,PO0004635,PRD00243,294,9718.69
POI00013528,PO0005647,PRD00787,342,3077.27
POI00013529,PO0008768,PRD00914,276,14209.47
POI00013530,PO0008230,PRD00961,227,12916.7
POI00013531,PO0005082,PRD00930,406,3393.62
POI00013532,PO0005775,PRD00340,405,13976.02
POI00013533,PO0003962,PRD00276,287,12469.32
POI00013534,PO0002114,PRD00955,217,9957.38
POI00013535,PO0005901,PRD00900,251,12362.97
POI00013536,PO0005116,PRD00908,111,5348.66
POI00013537,PO0009770,PRD00459,480,11986.98
POI00013538,PO0009845,PRD00644,198,5838.18
POI00013539,PO0007891,PRD00818,128,2577.53
POI00013540,PO0009817,PRD00666,136,1874.61
POI00013541,PO0006943,PRD00546,53,218.56
POI00013542,PO0003784,PRD00103,233,12413.34
POI00013543,PO0009399,PRD00754,74,2784.41
POI00013544,PO0008112,PRD00394,391,14023.98
POI00013545,PO0001319,PRD00477,251,8916.03
POI00013546,PO0005821,PRD00385,354,11446.95
POI00013547,PO0009445,PRD00532,242,4963.16
POI00013548,PO0002491,PRD00899,194,2478.21
POI00013549,PO0006138,PRD00040,42,12037.14
POI00013550,PO0008153,PRD00120,150,4716.39
POI00013551,PO0002453,PRD00464,420,471.83
POI00013552,PO0005632,PRD00895,218,8698.56
POI00013553,PO0001482,PRD00440,63,12108.02
POI00013554,PO0001110,PRD00917,25,13456.14
POI00013555,PO0008553,PRD00672,92,1758.78
POI00013556,PO0005730,PRD00755,177,12949.63
POI00013557,PO0000150,PRD00125,253,12971.28
POI00013558,PO0009320,PRD00165,273,9742.97
POI00013559,PO0000339,PRD00552,180,13804.82
POI00013560,PO0009407,PRD00838,54,9698.54
POI00013561,PO0003442,PRD00608,384,2030.27
POI00013562,PO0007943,PRD00046,141,2330.39
POI00013563,PO0000191,PRD00837,175,2785.86
POI00013564,PO0002294,PRD00902,428,10889.46
POI00013565,PO0008469,PRD00232,173,6790.03
POI00013566,PO0005016,PRD00478,432,14298.83
POI00013567,PO0007995,PRD00961,176,12916.7
POI00013568,PO0001856,PRD00968,81,14208.61
POI00013569,PO0004307,PRD00669,419,4850.66
POI00013570,PO0006511,PRD00907,257,14636.64
POI00013571,PO0003838,PRD00245,47,2944.72
POI00013572,PO0008705,PRD00935,130,2872.31
POI00013573,PO0007551,PRD00296,367,13710.05
POI00013574,PO0008911,PRD00316,457,14232.32
POI00013575,PO0007850,PRD00198,448,2388.57
POI00013576,PO0000884,PRD00529,497,7382.72
POI00013577,PO0001310,PRD00262,43,10465.39
POI00013578,PO0008491,PRD00214,49,11225.45
POI00013579,PO0000287,PRD00506,106,2811.02
POI00013580,PO0002274,PRD00877,290,9378.32
POI00013581,PO0002261,PRD00653,20,9936.12
POI00013582,PO0007840,PRD00439,33,7978.91
POI00013583,PO0008092,PRD00540,332,3098.59
POI00013584,PO0009095,PRD00081,373,3386.22
POI00013585,PO0004105,PRD00598,92,4825.42
POI00013586,PO0003961,PRD00858,294,718.7
POI00013587,PO0008120,PRD00527,155,13016.35
POI00013588,PO0004393,PRD00873,393,7788.28
POI00013589,PO0006368,PRD00727,466,1054.08
POI00013590,PO0006665,PRD00145,59,6936.79
POI00013591,PO0003218,PRD00140,150,6699.68
POI00013592,PO0000616,PRD00201,92,9166.2
POI00013593,PO0008369,PRD00139,385,11221.75
POI00013594,PO0002485,PRD00497,41,9476.02
POI00013595,PO0007115,PRD00573,360,5628.29
POI00013596,PO0003283,PRD00819,165,9433.84
POI00013597,PO0008391,PRD00935,224,2872.31
POI00013598,PO0008224,PRD00576,211,6871.55
POI00013599,PO0009823,PRD00051,441,8110.25
POI00013600,PO0000687,PRD00395,294,6180.29
POI00013601,PO0009682,PRD00514,12,4437.98
POI00013602,PO0005017,PRD00669,236,4850.66
POI00013603,PO0009854,PRD00510,336,9321.6
POI00013604,PO0003991,PRD00499,114,5881.43
POI00013605,PO0007723,PRD00200,231,12689.72
POI00013606,PO0005515,PRD00331,406,4343.37
POI00013607,PO0008259,PRD00081,112,3386.22
POI00013608,PO0004033,PRD00230,274,928.8
POI00013609,PO0005939,PRD00031,377,11922.53
POI00013610,PO0008278,PRD00634,280,11006.69
POI00013611,PO0006915,PRD00757,63,1024.97
POI00013612,PO0000932,PRD00910,116,10913.99
POI00013613,PO0002545,PRD00674,404,13022.73
POI00013614,PO0006286,PRD00542,175,3815.81
POI00013615,PO0005600,PRD00372,306,12777.81
POI00013616,PO0009256,PRD00564,16,9458.27
POI00013617,PO0001506,PRD00859,190,13775.1
POI00013618,PO0009378,PRD00159,365,11218.67
POI00013619,PO0007210,PRD00802,302,11346.21
POI00013620,PO0009360,PRD00646,353,11847.85
POI00013621,PO0002947,PRD00111,378,14538.3
POI00013622,PO0007368,PRD00446,37,10566.45
POI00013623,PO0006920,PRD00384,93,6284.42
POI00013624,PO0008398,PRD00449,387,4124.74
POI00013625,PO0005977,PRD00875,493,6782.11
POI00013626,PO0004827,PRD00301,47,10700.19
POI00013627,PO0008659,PRD00850,39,12204.62
POI00013628,PO0002063,PRD00825,310,6540.73
POI00013629,PO0001204,PRD00422,421,13723.46
POI00013630,PO0004955,PRD00774,395,7426.94
POI00013631,PO0004969,PRD00382,486,10379.13
POI00013632,PO0006634,PRD00980,166,10478.27
POI00013633,PO0007509,PRD00511,245,2991.32
POI00013634,PO0007787,PRD00719,91,9495.01
POI00013635,PO0005134,PRD00669,412,4850.66
POI00013636,PO0004164,PRD00558,223,9720.85
POI00013637,PO0002937,PRD00587,11,7001.79
POI00013638,PO0004444,PRD00775,28,1675.87
POI00013639,PO0007855,PRD00657,317,14657.7
POI00013640,PO0009133,PRD00392,71,5987.55
POI00013641,PO0000029,PRD00907,116,14636.64
POI00013642,PO0007028,PRD00941,35,2714.98
POI00013643,PO0008392,PRD00743,277,2305.24
POI00013644,PO0002904,PRD00244,156,4688.28
POI00013645,PO0001696,PRD00745,202,7007.02
POI00013646,PO0004590,PRD00770,85,12677.22
POI00013647,PO0005723,PRD00258,137,13278.68
POI00013648,PO0006020,PRD00098,470,2423.29
POI00013649,PO0005688,PRD00702,483,12933.45
POI00013650,PO0005345,PRD00492,254,5276.64
POI00013651,PO0006407,PRD00181,470,2679.75
POI00013652,PO0004445,PRD00121,270,14884.48
POI00013653,PO0004112,PRD00045,151,3578.64
POI00013654,PO0000140,PRD00834,105,4625.99
POI00013655,PO0001404,PRD00017,278,12322.4
POI00013656,PO0009103,PRD00828,138,11820.43
POI00013657,PO0009526,PRD00367,109,13626.42
POI00013658,PO0002992,PRD00903,97,10697.16
POI00013659,PO0008435,PRD00990,24,4921.74
POI00013660,PO0004263,PRD00957,214,8262.63
POI00013661,PO0003620,PRD00979,194,3320.45
POI00013662,PO0008669,PRD00395,474,6180.29
POI00013663,PO0007771,PRD00376,387,7767.99
POI00013664,PO0005905,PRD00517,227,8167.29
POI00013665,PO0006265,PRD00366,12,11358.19
POI00013666,PO0004384,PRD00577,358,5565.9
POI00013667,PO0002834,PRD00366,184,11358.19
POI00013668,PO0001589,PRD00152,398,9137.41
POI00013669,PO0006157,PRD00496,315,5018.37
POI00013670,PO0004043,PRD00134,240,10858.86
POI00013671,PO0008088,PRD00731,380,8878.22
POI00013672,PO0001572,PRD00533,45,10985.5
POI00013673,PO0002670,PRD00312,339,3819.03
POI00013674,PO0008512,PRD00415,151,13727.94
POI00013675,PO0005272,PRD00852,495,9836.31
POI00013676,PO0002536,PRD00795,126,10383.68
POI00013677,PO0005451,PRD00325,268,14185.14
POI00013678,PO0006568,PRD00442,105,4068.49
POI00013679,PO0004390,PRD00695,14,7153.53
POI00013680,PO0007611,PRD00168,495,5878.6
POI00013681,PO0008427,PRD00370,322,218.27
POI00013682,PO0007118,PRD00347,286,2926.5
POI00013683,PO0001289,PRD00662,116,1358.75
POI00013684,PO0009431,PRD00063,227,7018.31
POI00013685,PO0000278,PRD00134,175,10858.86
POI00013686,PO0003684,PRD00580,91,13972.91
POI00013687,PO0008335,PRD00515,288,11728.64
POI00013688,PO0007512,PRD00892,32,3978.64
POI00013689,PO0007889,PRD00059,169,7096.98
POI00013690,PO0003764,PRD00628,126,2699.31
POI00013691,PO0006712,PRD00986,71,7134.56
POI00013692,PO0002632,PRD00111,361,14538.3
POI00013693,PO0002974,PRD00286,25,4652.92
POI00013694,PO0006855,PRD00523,336,12097.17
POI00013695,PO0000619,PRD00132,197,14475.18
POI00013696,PO0001442,PRD00325,256,14185.14
POI00013697,PO0001086,PRD00493,64,4838.13
POI00013698,PO0008727,PRD00379,302,8770.31
POI00013699,PO0009557,PRD00799,355,14353.99
POI00013700,PO0000593,PRD00369,472,11836.37
POI00013701,PO0000212,PRD00570,403,4694.61
POI00013702,PO0001905,PRD00595,292,9587.26
POI00013703,PO0004878,PRD00174,394,1447.77
POI00013704,PO0002518,PRD00230,38,928.8
POI00013705,PO0005688,PRD00635,32,2679.1
POI00013706,PO0003907,PRD00352,405,10163.96
POI00013707,PO0001664,PRD00038,450,11694.03
POI00013708,PO0006496,PRD00208,473,10135.61
POI00013709,PO0001867,PRD00668,203,3092.64
POI00013710,PO0004650,PRD00764,396,6096.89
POI00013711,PO0009911,PRD00139,126,11221.75
POI00013712,PO0009071,PRD00451,421,11303.64
POI00013713,PO0002948,PRD00618,347,7236.89
POI00013714,PO0006470,PRD00214,162,11225.45
POI00013715,PO0000214,PRD00138,434,9292.5
POI00013716,PO0002854,PRD00927,16,9238.3
POI00013717,PO0005837,PRD00861,362,12536.29
POI00013718,PO0000938,PRD00527,490,13016.35
POI00013719,PO0009133,PRD00654,251,8610.81
POI00013720,PO0004734,PRD00585,66,4963.33
POI00013721,PO0008339,PRD00053,42,10059.59
POI00013722,PO0009360,PRD00207,125,13259.47
POI00013723,PO0005327,PRD00726,25,2003.65
POI00013724,PO0001416,PRD00667,65,12142.23
POI00013725,PO0007587,PRD00339,100,7828.44
POI00013726,PO0002287,PRD00745,23,7007.02
POI00013727,PO0004696,PRD00834,500,4625.99
POI00013728,PO0001231,PRD00647,224,2506.84
POI00013729,PO0008497,PRD00919,304,12018.41
POI00013730,PO0007907,PRD00010,57,704.09
POI00013731,PO0001026,PRD00810,73,6285.69
POI00013732,PO0009729,PRD00172,324,1562.37
POI00013733,PO0007997,PRD00299,156,14959.16
POI00013734,PO0007086,PRD00418,222,848.93
POI00013735,PO0006811,PRD00969,114,11985.63
POI00013736,PO0007108,PRD00795,494,10383.68
POI00013737,PO0002443,PRD00713,100,5625.5
POI00013738,PO0004665,PRD00366,423,11358.19
POI00013739,PO0007133,PRD00971,167,2515.98
POI00013740,PO0007332,PRD00353,292,9182.34
POI00013741,PO0001024,PRD00017,439,12322.4
POI00013742,PO0000871,PRD00786,482,12658.67
POI00013743,PO0002487,PRD00422,168,13723.46
POI00013744,PO0002782,PRD00126,329,12322.6
POI00013745,PO0009266,PRD00849,235,10933.19
POI00013746,PO0002936,PRD00775,483,1675.87
POI00013747,PO0007100,PRD00640,95,14055.38
POI00013748,PO0004943,PRD00757,302,1024.97
POI00013749,PO0003233,PRD00018,409,6025.11
POI00013750,PO0006830,PRD00709,285,12622.33
POI00013751,PO0005926,PRD00356,238,5284.14
POI00013752,PO0008252,PRD00806,176,164.23
POI00013753,PO0005868,PRD00379,276,8770.31
POI00013754,PO0000996,PRD00318,372,13343.83
POI00013755,PO0000284,PRD00667,115,12142.23
POI00013756,PO0005845,PRD00476,73,12262.1
POI00013757,PO0002394,PRD00603,363,3288.11
POI00013758,PO0003343,PRD00081,372,3386.22
POI00013759,PO0005772,PRD00015,77,4060.74
POI00013760,PO0006414,PRD00179,284,11993.83
POI00013761,PO0007194,PRD00265,258,1738.91
POI00013762,PO0008083,PRD00211,65,7941.86
POI00013763,PO0004834,PRD00641,326,5254.41
POI00013764,PO0003466,PRD00436,200,10630.97
POI00013765,PO0002464,PRD00959,164,4695.81
POI00013766,PO0001272,PRD00647,154,2506.84
POI00013767,PO0005720,PRD00148,460,12811.77
POI00013768,PO0005712,PRD00210,184,5229.98
POI00013769,PO0004954,PRD00488,42,6731.02
POI00013770,PO0008227,PRD00904,263,9633.15
POI00013771,PO0000903,PRD00436,326,10630.97
POI00013772,PO0007714,PRD00111,171,14538.3
POI00013773,PO0009252,PRD00568,377,4707.73
POI00013774,PO0009638,PRD00236,45,5509.36
POI00013775,PO0008413,PRD00783,408,6326.48
POI00013776,PO0009474,PRD00721,70,7384.49
POI00013777,PO0008107,PRD00105,30,7072.97
POI00013778,PO0006556,PRD00070,423,12755.67
POI00013779,PO0006264,PRD00518,274,8231.59
POI00013780,PO0001370,PRD00240,325,1296.01
POI00013781,PO0003297,PRD00625,471,8920.39
POI00013782,PO0008239,PRD00046,307,2330.39
POI00013783,PO0007719,PRD00528,63,10694.01
POI00013784,PO0003568,PRD00073,413,7015.92
POI00013785,PO0006138,PRD00631,441,968.57
POI00013786,PO0009044,PRD00820,425,12985.07
POI00013787,PO0006071,PRD00417,31,13839.61
POI00013788,PO0000992,PRD00308,260,1994.75
POI00013789,PO0006365,PRD00105,41,7072.97
POI00013790,PO0007843,PRD00344,76,8985.89
POI00013791,PO0001139,PRD00441,36,3675.25
POI00013792,PO0005311,PRD00716,454,7985.19
POI00013793,PO0003561,PRD00887,261,6428.3
POI00013794,PO0005781,PRD00559,113,1762.14
POI00013795,PO0007374,PRD00646,122,11847.85
POI00013796,PO0002364,PRD00493,249,4838.13
POI00013797,PO0000413,PRD00872,500,13370.7
POI00013798,PO0002025,PRD00407,164,2170.82
POI00013799,PO0007888,PRD00273,367,3864.46
POI00013800,PO0004367,PRD00291,313,1083.12
POI00013801,PO0005560,PRD00926,485,11701.76
POI00013802,PO0006619,PRD00594,224,6920.19
POI00013803,PO0003536,PRD00925,112,3105.28
POI00013804,PO0005863,PRD00592,114,14420.88
POI00013805,PO0001095,PRD00545,262,7193.96
POI00013806,PO0005656,PRD00440,302,12108.02
POI00013807,PO0008421,PRD00515,415,11728.64
POI00013808,PO0000685,PRD00130,373,731.22
POI00013809,PO0008476,PRD00603,223,3288.11
POI00013810,PO0003472,PRD00202,148,2771.81
POI00013811,PO0002066,PRD00647,436,2506.84
POI00013812,PO0008283,PRD00025,296,9977.74
POI00013813,PO0003171,PRD00815,197,5837.27
POI00013814,PO0008323,PRD00329,286,14502.96
POI00013815,PO0002231,PRD00717,233,5192.63
POI00013816,PO0004124,PRD00314,424,8909.78
POI00013817,PO0001623,PRD00917,122,13456.14
POI00013818,PO0008114,PRD00640,212,14055.38
POI00013819,PO0003949,PRD00527,147,13016.35
POI00013820,PO0007213,PRD00748,165,9977.26
POI00013821,PO0003757,PRD00877,85,9378.32
POI00013822,PO0008863,PRD00318,183,13343.83
POI00013823,PO0004232,PRD00290,286,2210.27
POI00013824,PO0007485,PRD00090,243,7083.4
POI00013825,PO0007142,PRD00276,22,12469.32
POI00013826,PO0001332,PRD00819,34,9433.84
POI00013827,PO0005161,PRD00074,222,12787.56
POI00013828,PO0009432,PRD00711,392,14208.1
POI00013829,PO0003779,PRD00408,168,8695.92
POI00013830,PO0009592,PRD00190,345,6496.64
POI00013831,PO0003499,PRD00120,488,4716.39
POI00013832,PO0006232,PRD00019,427,5319.1
POI00013833,PO0008789,PRD00923,34,14211.0
POI00013834,PO0006513,PRD00793,316,871.73
POI00013835,PO0005317,PRD00502,67,7953.51
POI00013836,PO0002674,PRD00568,337,4707.73
POI00013837,PO0008385,PRD00022,107,6591.0
POI00013838,PO0006854,PRD00497,140,9476.02
POI00013839,PO0000458,PRD00538,191,1565.66
POI00013840,PO0007452,PRD00474,263,4767.61
POI00013841,PO0006623,PRD00294,412,7979.54
POI00013842,PO0001515,PRD00966,467,6230.08
POI00013843,PO0007376,PRD00168,316,5878.6
POI00013844,PO0006141,PRD00303,46,3612.1
POI00013845,PO0006137,PRD00403,57,560.68
POI00013846,PO0004798,PRD00696,371,3418.65
POI00013847,PO0000892,PRD00922,478,7190.21
POI00013848,PO0008622,PRD00559,447,1762.14
POI00013849,PO0006876,PRD00505,187,10107.88
POI00013850,PO0004855,PRD00714,138,7100.41
POI00013851,PO0005424,PRD00259,85,7569.95
POI00013852,PO0002725,PRD00351,255,4761.19
POI00013853,PO0000451,PRD00965,94,8131.85
POI00013854,PO0007665,PRD00800,437,273.44
POI00013855,PO0003337,PRD00812,280,3339.2
POI00013856,PO0006907,PRD00349,220,13102.44
POI00013857,PO0003303,PRD00008,315,8448.73
POI00013858,PO0003491,PRD00298,187,1909.75
POI00013859,PO0006533,PRD00626,251,10575.52
POI00013860,PO0006790,PRD00655,421,136.93
POI00013861,PO0005288,PRD00496,329,5018.37
POI00013862,PO0005974,PRD00393,230,755.72
POI00013863,PO0006727,PRD00587,229,7001.79
POI00013864,PO0000976,PRD00544,365,6484.13
POI00013865,PO0009308,PRD00786,150,12658.67
POI00013866,PO0001540,PRD00320,288,1168.76
POI00013867,PO0000551,PRD00957,99,8262.63
POI00013868,PO0006145,PRD00763,440,5016.95
POI00013869,PO0002073,PRD00579,473,3728.71
POI00013870,PO0002190,PRD00262,314,10465.39
POI00013871,PO0002008,PRD00849,444,10933.19
POI00013872,PO0004280,PRD00822,261,434.39
POI00013873,PO0000091,PRD00317,485,11523.03
POI00013874,PO0001340,PRD00831,365,14405.2
POI00013875,PO0009517,PRD00611,193,1908.11
POI00013876,PO0007539,PRD00414,420,3675.25
POI00013877,PO0001516,PRD00678,352,815.42
POI00013878,PO0000734,PRD00841,279,13509.77
POI00013879,PO0002471,PRD00180,260,5424.97
POI00013880,PO0008930,PRD00351,48,4761.19
POI00013881,PO0003380,PRD00954,22,6256.72
POI00013882,PO0008098,PRD00941,271,2714.98
POI00013883,PO0004702,PRD00779,205,14460.71
POI00013884,PO0007281,PRD00202,496,2771.81
POI00013885,PO0008622,PRD00780,46,12595.14
POI00013886,PO0004001,PRD00022,342,6591.0
POI00013887,PO0007950,PRD00899,48,2478.21
POI00013888,PO0006084,PRD00258,27,13278.68
POI00013889,PO0009533,PRD00031,493,11922.53
POI00013890,PO0000688,PRD00504,301,12220.97
POI00013891,PO0002841,PRD00592,186,14420.88
POI00013892,PO0008005,PRD00963,241,8895.2
POI00013893,PO0004918,PRD00730,227,3426.87
POI00013894,PO0002593,PRD00150,395,4175.25
POI00013895,PO0003730,PRD00273,120,3864.46
POI00013896,PO0001087,PRD00244,417,4688.28
POI00013897,PO0005841,PRD00635,406,2679.1
POI00013898,PO0008581,PRD00960,100,2038.65
POI00013899,PO0007897,PRD00903,338,10697.16
POI00013900,PO0000397,PRD00543,480,5993.42
POI00013901,PO0008855,PRD00396,191,5666.96
POI00013902,PO0002572,PRD00430,114,7529.58
POI00013903,PO0007939,PRD00250,352,14546.26
POI00013904,PO0004438,PRD00585,209,4963.33
POI00013905,PO0003757,PRD00410,303,4563.47
POI00013906,PO0003878,PRD00905,52,2985.62
POI00013907,PO0005173,PRD00716,250,7985.19
POI00013908,PO0007678,PRD00836,38,2825.17
POI00013909,PO0004516,PRD00048,116,1009.0
POI00013910,PO0002011,PRD00942,405,11797.17
POI00013911,PO0004578,PRD00061,373,14248.21
POI00013912,PO0009449,PRD00061,210,14248.21
POI00013913,PO0005529,PRD00092,459,1185.31
POI00013914,PO0000948,PRD00948,178,5378.23
POI00013915,PO0009495,PRD00774,101,7426.94
POI00013916,PO0007859,PRD00793,97,871.73
POI00013917,PO0005127,PRD00618,449,7236.89
POI00013918,PO0003032,PRD00278,50,4458.16
POI00013919,PO0009046,PRD00969,354,11985.63
POI00013920,PO0001878,PRD00044,463,9431.09
POI00013921,PO0003385,PRD00041,203,14254.59
POI00013922,PO0004375,PRD00819,162,9433.84
POI00013923,PO0007018,PRD00559,494,1762.14
POI00013924,PO0001898,PRD00141,491,11958.46
POI00013925,PO0002011,PRD00519,317,4521.82
POI00013926,PO0007569,PRD00191,144,6029.05
POI00013927,PO0001819,PRD00033,118,12290.88
POI00013928,PO0004120,PRD00908,364,5348.66
POI00013929,PO0008216,PRD00128,106,8314.61
POI00013930,PO0000563,PRD00803,459,4469.13
POI00013931,PO0000337,PRD00781,56,10401.92
POI00013932,PO0004733,PRD00411,311,9419.82
POI00013933,PO0008578,PRD00115,447,12984.47
POI00013934,PO0003764,PRD00077,382,3244.83
POI00013935,PO0000887,PRD00370,365,218.27
POI00013936,PO0005761,PRD00969,386,11985.63
POI00013937,PO0007921,PRD00599,231,11716.66
POI00013938,PO0009289,PRD00284,197,12033.13
POI00013939,PO0008359,PRD00392,69,5987.55
POI00013940,PO0001106,PRD00012,52,14609.65
POI00013941,PO0005257,PRD00830,48,8039.34
POI00013942,PO0008801,PRD00760,148,2297.92
POI00013943,PO0008129,PRD00282,139,6599.31
POI00013944,PO0003173,PRD00233,23,9106.69
POI00013945,PO0007794,PRD00557,69,7804.82
POI00013946,PO0002676,PRD00634,16,11006.69
POI00013947,PO0005316,PRD00553,497,1373.39
POI00013948,PO0003459,PRD00464,230,471.83
POI00013949,PO0008685,PRD00583,476,2755.82
POI00013950,PO0000151,PRD00408,454,8695.92
POI00013951,PO0005755,PRD00805,246,6473.34
POI00013952,PO0006684,PRD00866,127,3511.46
POI00013953,PO0000353,PRD00348,459,10382.26
POI00013954,PO0007562,PRD00647,339,2506.84
POI00013955,PO0000136,PRD00089,473,9597.02
POI00013956,PO0005528,PRD00839,256,1545.18
POI00013957,PO0009006,PRD00513,377,7371.4
POI00013958,PO0005857,PRD00876,243,12469.02
POI00013959,PO0006683,PRD00287,397,5325.08
POI00013960,PO0001807,PRD00438,281,314.72
POI00013961,PO0000830,PRD00684,482,7767.82
POI00013962,PO0008501,PRD00857,140,11441.17
POI00013963,PO0002740,PRD00792,402,12139.91
POI00013964,PO0003990,PRD00387,16,1001.43
POI00013965,PO0001282,PRD00199,488,1794.09
POI00013966,PO0003163,PRD00796,263,5431.54
POI00013967,PO0002570,PRD00980,365,10478.27
POI00013968,PO0007297,PRD00386,351,7920.56
POI00013969,PO0006760,PRD00943,431,6024.16
POI00013970,PO0002571,PRD00182,238,11205.33
POI00013971,PO0005956,PRD00335,319,12393.64
POI00013972,PO0008766,PRD00632,125,12709.49
POI00013973,PO0004920,PRD00957,318,8262.63
POI00013974,PO0007365,PRD00777,339,1687.86
POI00013975,PO0007023,PRD00004,401,10337.46
POI00013976,PO0005167,PRD00008,470,8448.73
POI00013977,PO0005853,PRD00690,120,2729.55
POI00013978,PO0003049,PRD00926,103,11701.76
POI00013979,PO0004008,PRD00853,495,2077.51
POI00013980,PO0006105,PRD00121,479,14884.48
POI00013981,PO0004593,PRD00109,418,11465.59
POI00013982,PO0006017,PRD00431,100,11469.34
POI00013983,PO0007392,PRD00113,177,4380.21
POI00013984,PO0005833,PRD00964,327,7890.02
POI00013985,PO0009542,PRD00065,92,13939.0
POI00013986,PO0003091,PRD00352,284,10163.96
POI00013987,PO0009153,PRD00766,201,11198.97
POI00013988,PO0008389,PRD00831,309,14405.2
POI00013989,PO0004096,PRD00597,429,12775.63
POI00013990,PO0006029,PRD00493,52,4838.13
POI00013991,PO0002055,PRD00713,472,5625.5
POI00013992,PO0004783,PRD00138,463,9292.5
POI00013993,PO0004047,PRD00098,212,2423.29
POI00013994,PO0007141,PRD00471,266,1676.03
POI00013995,PO0000761,PRD00557,260,7804.82
POI00013996,PO0009517,PRD00906,112,9258.63
POI00013997,PO0004274,PRD00900,240,12362.97
POI00013998,PO0008108,PRD00888,301,4306.34
POI00013999,PO0003245,PRD00948,35,5378.23
POI00014000,PO0007307,PRD00793,130,871.73
POI00014001,PO0000370,PRD00380,219,10416.11
POI00014002,PO0007201,PRD00519,135,4521.82
POI00014003,PO0003910,PRD00464,355,471.83
POI00014004,PO0007588,PRD00237,482,10209.15
POI00014005,PO0003857,PRD00306,243,7923.38
POI00014006,PO0003300,PRD00897,206,11763.99
POI00014007,PO0003614,PRD00813,77,1791.65
POI00014008,PO0009073,PRD00949,395,13353.32
POI00014009,PO0002602,PRD00507,29,8978.67
POI00014010,PO0004295,PRD00055,318,8911.04
POI00014011,PO0007216,PRD00855,165,11377.51
POI00014012,PO0006789,PRD00021,135,650.8
POI00014013,PO0009165,PRD00292,477,14246.05
POI00014014,PO0001580,PRD00817,152,13482.36
POI00014015,PO0007546,PRD00822,144,434.39
POI00014016,PO0008829,PRD00207,321,13259.47
POI00014017,PO0001756,PRD00574,11,11589.74
POI00014018,PO0004929,PRD00372,473,12777.81
POI00014019,PO0008478,PRD00582,383,12403.88
POI00014020,PO0002357,PRD00873,197,7788.28
POI00014021,PO0006656,PRD00845,140,2083.84
POI00014022,PO0007022,PRD00420,489,7232.56
POI00014023,PO0000340,PRD00073,276,7015.92
POI00014024,PO0002285,PRD00328,493,13195.81
POI00014025,PO0002215,PRD00484,378,1711.79
POI00014026,PO0008752,PRD00797,450,11156.8
POI00014027,PO0004886,PRD00502,422,7953.51
POI00014028,PO0000087,PRD00791,117,10139.71
POI00014029,PO0002262,PRD00115,279,12984.47
POI00014030,PO0005102,PRD00209,24,9137.57
POI00014031,PO0009328,PRD00233,226,9106.69
POI00014032,PO0008355,PRD00969,22,11985.63
POI00014033,PO0006624,PRD00802,500,11346.21
POI00014034,PO0007179,PRD00625,144,8920.39
POI00014035,PO0000990,PRD00964,312,7890.02
POI00014036,PO0003615,PRD00392,188,5987.55
POI00014037,PO0008409,PRD00290,124,2210.27
POI00014038,PO0005310,PRD00315,451,12650.55
POI00014039,PO0003569,PRD00902,42,10889.46
POI00014040,PO0003781,PRD00047,421,1038.29
POI00014041,PO0001009,PRD00132,118,14475.18
POI00014042,PO0003874,PRD00699,309,8800.55
POI00014043,PO0001704,PRD00055,427,8911.04
POI00014044,PO0005943,PRD00007,22,9585.73
POI00014045,PO0006464,PRD00597,466,12775.63
POI00014046,PO0000095,PRD00157,146,3075.86
POI00014047,PO0002406,PRD00615,304,9737.39
POI00014048,PO0006644,PRD00753,428,1627.4
POI00014049,PO0003464,PRD00179,409,11993.83
POI00014050,PO0002078,PRD00321,268,7009.48
POI00014051,PO0006368,PRD00172,307,1562.37
POI00014052,PO0003486,PRD00188,77,5763.09
POI00014053,PO0000479,PRD00519,249,4521.82
POI00014054,PO0006503,PRD00546,228,218.56
POI00014055,PO0004293,PRD00728,114,6550.29
POI00014056,PO0006072,PRD00575,235,4003.21
POI00014057,PO0002541,PRD00520,182,12944.02
POI00014058,PO0005832,PRD00711,495,14208.1
POI00014059,PO0005573,PRD00597,221,12775.63
POI00014060,PO0005253,PRD00283,271,14607.96
POI00014061,PO0008022,PRD00487,422,1551.21
POI00014062,PO0008902,PRD00256,284,4333.14
POI00014063,PO0008809,PRD00584,453,13164.71
POI00014064,PO0000120,PRD00785,331,2141.65
POI00014065,PO0001508,PRD00811,440,13260.28
POI00014066,PO0008721,PRD00310,27,7810.08
POI00014067,PO0001962,PRD00384,385,6284.42
POI00014068,PO0004959,PRD00378,382,5802.93
POI00014069,PO0006445,PRD00274,262,11015.48
POI00014070,PO0001424,PRD00985,312,3051.76
POI00014071,PO0001251,PRD00027,79,2942.25
POI00014072,PO0005953,PRD00148,405,12811.77
POI00014073,PO0006340,PRD00214,432,11225.45
POI00014074,PO0007692,PRD00749,312,13186.86
POI00014075,PO0004266,PRD00721,113,7384.49
POI00014076,PO0008307,PRD00540,395,3098.59
POI00014077,PO0008930,PRD00578,92,3487.79
POI00014078,PO0000018,PRD00006,478,12453.87
POI00014079,PO0006472,PRD00509,270,7385.46
POI00014080,PO0004862,PRD00675,358,9849.43
POI00014081,PO0003131,PRD00309,440,11535.3
POI00014082,PO0009295,PRD00017,198,12322.4
POI00014083,PO0001603,PRD00642,454,6743.72
POI00014084,PO0007348,PRD00943,326,6024.16
POI00014085,PO0004869,PRD00567,348,8082.94
POI00014086,PO0007766,PRD00617,54,9490.86
POI00014087,PO0008356,PRD00914,138,14209.47
POI00014088,PO0004088,PRD00577,275,5565.9
POI00014089,PO0004268,PRD00925,368,3105.28
POI00014090,PO0007849,PRD00667,184,12142.23
POI00014091,PO0004465,PRD00227,172,12974.56
POI00014092,PO0009641,PRD00991,214,5985.46
POI00014093,PO0006650,PRD00411,64,9419.82
POI00014094,PO0001976,PRD00962,403,8264.3
POI00014095,PO0005428,PRD00473,221,4562.49
POI00014096,PO0004352,PRD00849,369,10933.19
POI00014097,PO0009159,PRD00281,462,12997.71
POI00014098,PO0002966,PRD00421,49,3240.17
POI00014099,PO0004244,PRD00499,437,5881.43
POI00014100,PO0006883,PRD00085,184,2937.79
POI00014101,PO0004587,PRD00847,61,9711.63
POI00014102,PO0007193,PRD00113,309,4380.21
POI00014103,PO0009936,PRD00873,316,7788.28
POI00014104,PO0000107,PRD00441,414,3675.25
POI00014105,PO0007444,PRD00250,311,14546.26
POI00014106,PO0002048,PRD00772,269,11409.05
POI00014107,PO0008639,PRD00862,208,5699.76
POI00014108,PO0003734,PRD00999,291,8190.82
POI00014109,PO0007663,PRD00409,217,13153.77
POI00014110,PO0005150,PRD00570,155,4694.61
POI00014111,PO0006786,PRD00277,128,12187.55
POI00014112,PO0003027,PRD00788,290,13824.18
POI00014113,PO0001965,PRD00676,150,4189.18
POI00014114,PO0003405,PRD00601,28,14472.35
POI00014115,PO0000583,PRD00071,345,9562.93
POI00014116,PO0005152,PRD00745,383,7007.02
POI00014117,PO0000691,PRD00348,153,10382.26
POI00014118,PO0004002,PRD00889,98,161.6
POI00014119,PO0009278,PRD00680,125,12884.86
POI00014120,PO0006382,PRD00583,369,2755.82
POI00014121,PO0009243,PRD00357,379,1898.36
POI00014122,PO0003444,PRD00821,196,9726.69
POI00014123,PO0007724,PRD00836,142,2825.17
POI00014124,PO0007556,PRD00966,389,6230.08
POI00014125,PO0004490,PRD00372,260,12777.81
POI00014126,PO0002579,PRD00462,208,5449.97
POI00014127,PO0006555,PRD00258,414,13278.68
POI00014128,PO0000130,PRD00454,460,7551.83
POI00014129,PO0004929,PRD00343,292,10133.19
POI00014130,PO0004630,PRD00334,392,8334.09
POI00014131,PO0003915,PRD00322,453,11034.26
POI00014132,PO0004475,PRD00945,223,3955.76
POI00014133,PO0000227,PRD00611,454,1908.11
POI00014134,PO0000312,PRD00098,372,2423.29
POI00014135,PO0002601,PRD00126,274,12322.6
POI00014136,PO0000526,PRD00818,372,2577.53
POI00014137,PO0001183,PRD00085,208,2937.79
POI00014138,PO0007719,PRD00971,429,2515.98
POI00014139,PO0005613,PRD00341,261,8938.37
POI00014140,PO0008864,PRD00068,344,11959.71
POI00014141,PO0009869,PRD00545,14,7193.96
POI00014142,PO0004764,PRD00043,227,6795.04
POI00014143,PO0007891,PRD00698,155,3335.68
POI00014144,PO0005012,PRD00554,415,5324.91
POI00014145,PO0004565,PRD00994,434,971.84
POI00014146,PO0002390,PRD00251,96,3571.32
POI00014147,PO0000167,PRD00363,449,863.17
POI00014148,PO0006397,PRD00218,385,4399.57
POI00014149,PO0004432,PRD00959,404,4695.81
POI00014150,PO0008904,PRD00835,316,6236.81
POI00014151,PO0004780,PRD00743,326,2305.24
POI00014152,PO0009642,PRD00513,280,7371.4
POI00014153,PO0007417,PRD00265,81,1738.91
POI00014154,PO0005727,PRD00008,185,8448.73
POI00014155,PO0005291,PRD00201,48,9166.2
POI00014156,PO0004337,PRD00159,108,11218.67
POI00014157,PO0006931,PRD00354,217,3435.02
POI00014158,PO0006109,PRD00889,116,161.6
POI00014159,PO0002162,PRD00366,304,11358.19
POI00014160,PO0000666,PRD00513,213,7371.4
POI00014161,PO0003729,PRD00101,214,1142.0
POI00014162,PO0003699,PRD00706,289,11072.04
POI00014163,PO0009534,PRD00934,58,8748.64
POI00014164,PO0007766,PRD00546,156,218.56
POI00014165,PO0004250,PRD00602,117,12799.03
POI00014166,PO0003145,PRD00781,491,10401.92
POI00014167,PO0002065,PRD00941,487,2714.98
POI00014168,PO0000425,PRD00478,38,14298.83
POI00014169,PO0003574,PRD00447,364,8522.58
POI00014170,PO0005658,PRD00669,98,4850.66
POI00014171,PO0003752,PRD00977,78,14587.2
POI00014172,PO0007796,PRD00955,462,9957.38
POI00014173,PO0002086,PRD00827,98,10537.16
POI00014174,PO0009421,PRD00991,297,5985.46
POI00014175,PO0008140,PRD00426,398,11443.5
POI00014176,PO0008200,PRD00282,394,6599.31
POI00014177,PO0001283,PRD00774,243,7426.94
POI00014178,PO0002779,PRD00187,235,4183.24
POI00014179,PO0004523,PRD00119,108,510.73
POI00014180,PO0005047,PRD00010,31,704.09
POI00014181,PO0004336,PRD00828,331,11820.43
POI00014182,PO0005588,PRD00590,402,14268.77
POI00014183,PO0004608,PRD00002,145,14088.84
POI00014184,PO0001993,PRD00421,64,3240.17
POI00014185,PO0009804,PRD00563,113,13844.88
POI00014186,PO0008805,PRD00525,383,14289.77
POI00014187,PO0000701,PRD00159,182,11218.67
POI00014188,PO0008556,PRD00210,73,5229.98
POI00014189,PO0002541,PRD00082,220,7141.05
POI00014190,PO0004695,PRD00356,431,5284.14
POI00014191,PO0007931,PRD00256,299,4333.14
POI00014192,PO0001115,PRD00662,485,1358.75
POI00014193,PO0001128,PRD00008,455,8448.73
POI00014194,PO0008611,PRD00025,135,9977.74
POI00014195,PO0008288,PRD00514,267,4437.98
POI00014196,PO0007504,PRD00905,18,2985.62
POI00014197,PO0008478,PRD00022,348,6591.0
POI00014198,PO0006969,PRD00816,486,7753.49
POI00014199,PO0001381,PRD00263,247,9261.0
POI00014200,PO0007661,PRD00904,14,9633.15
POI00014201,PO0008469,PRD00162,57,287.67
POI00014202,PO0002903,PRD00298,100,1909.75
POI00014203,PO0002360,PRD00223,236,13596.37
POI00014204,PO0008328,PRD00904,396,9633.15
POI00014205,PO0004252,PRD00077,423,3244.83
POI00014206,PO0008659,PRD00361,45,2128.11
POI00014207,PO0003183,PRD00459,40,11986.98
POI00014208,PO0000146,PRD00630,366,12112.17
POI00014209,PO0000279,PRD00070,339,12755.67
POI00014210,PO0004140,PRD00749,80,13186.86
POI00014211,PO0004437,PRD00383,48,3349.4
POI00014212,PO0000942,PRD00961,86,12916.7
POI00014213,PO0007700,PRD00141,440,11958.46
POI00014214,PO0008631,PRD00568,321,4707.73
POI00014215,PO0009813,PRD00608,304,2030.27
POI00014216,PO0003431,PRD00397,226,1277.33
POI00014217,PO0000173,PRD00119,355,510.73
POI00014218,PO0006163,PRD00555,289,9697.74
POI00014219,PO0007463,PRD00318,32,13343.83
POI00014220,PO0003547,PRD00831,130,14405.2
POI00014221,PO0006998,PRD00154,236,9453.46
POI00014222,PO0007497,PRD00412,310,14128.47
POI00014223,PO0007149,PRD00681,147,14615.35
POI00014224,PO0000208,PRD00936,283,5539.59
POI00014225,PO0002706,PRD00827,454,10537.16
POI00014226,PO0002046,PRD00429,158,4484.27
POI00014227,PO0009820,PRD00094,390,8406.45
POI00014228,PO0007625,PRD00312,441,3819.03
POI00014229,PO0009322,PRD00619,128,5874.65
POI00014230,PO0007415,PRD00266,66,3637.52
POI00014231,PO0001264,PRD00962,366,8264.3
POI00014232,PO0003741,PRD00402,169,2394.41
POI00014233,PO0003126,PRD00106,45,6611.36
POI00014234,PO0005015,PRD00575,469,4003.21
POI00014235,PO0003330,PRD00728,488,6550.29
POI00014236,PO0001833,PRD00715,414,7125.52
POI00014237,PO0007588,PRD00065,20,13939.0
POI00014238,PO0004688,PRD00500,433,8694.03
POI00014239,PO0002902,PRD00959,192,4695.81
POI00014240,PO0009325,PRD00266,322,3637.52
POI00014241,PO0006822,PRD00214,302,11225.45
POI00014242,PO0009970,PRD00845,188,2083.84
POI00014243,PO0001353,PRD00694,15,9801.68
POI00014244,PO0003833,PRD00192,28,10003.41
POI00014245,PO0002204,PRD00608,193,2030.27
POI00014246,PO0008823,PRD00800,149,273.44
POI00014247,PO0007040,PRD00969,269,11985.63
POI00014248,PO0001747,PRD00660,327,745.68
POI00014249,PO0000337,PRD00622,350,3778.03
POI00014250,PO0000278,PRD00170,337,12518.7
POI00014251,PO0005928,PRD00992,467,10351.03
POI00014252,PO0001156,PRD00085,393,2937.79
POI00014253,PO0002422,PRD00496,30,5018.37
POI00014254,PO0008273,PRD00978,440,10928.44
POI00014255,PO0009996,PRD00524,326,4908.91
POI00014256,PO0002846,PRD00470,449,10835.82
POI00014257,PO0006883,PRD00756,331,13812.34
POI00014258,PO0000265,PRD00923,221,14211.0
POI00014259,PO0003350,PRD00320,484,1168.76
POI00014260,PO0006492,PRD00152,127,9137.41
POI00014261,PO0008053,PRD00297,480,3281.39
POI00014262,PO0008996,PRD00595,13,9587.26
POI00014263,PO0009819,PRD00958,345,1630.61
POI00014264,PO0004346,PRD00101,473,1142.0
POI00014265,PO0001506,PRD00607,234,12074.14
POI00014266,PO0006788,PRD00741,342,13662.52
POI00014267,PO0003226,PRD00166,270,9766.65
POI00014268,PO0002702,PRD00632,320,12709.49
POI00014269,PO0004071,PRD01000,281,1107.64
POI00014270,PO0005706,PRD00090,70,7083.4
POI00014271,PO0001758,PRD00668,323,3092.64
POI00014272,PO0007270,PRD00285,187,8218.48
POI00014273,PO0009210,PRD00516,98,8281.91
POI00014274,PO0007894,PRD00638,126,14235.92
POI00014275,PO0008198,PRD00642,470,6743.72
POI00014276,PO0000490,PRD00679,61,5120.96
POI00014277,PO0006222,PRD00768,12,13360.45
POI00014278,PO0004458,PRD00775,454,1675.87
POI00014279,PO0009533,PRD00996,451,12098.44
POI00014280,PO0009614,PRD00357,355,1898.36
POI00014281,PO0000261,PRD00819,234,9433.84
POI00014282,PO0007404,PRD00609,132,8768.27
POI00014283,PO0007864,PRD00027,152,2942.25
POI00014284,PO0009325,PRD00485,239,9733.24
POI00014285,PO0009272,PRD00232,348,6790.03
POI00014286,PO0000976,PRD00115,138,12984.47
POI00014287,PO0008960,PRD00482,68,14861.25
POI00014288,PO0000032,PRD00620,481,517.21
POI00014289,PO0007750,PRD00178,178,4216.94
POI00014290,PO0001470,PRD00616,350,1388.81
POI00014291,PO0006567,PRD00635,326,2679.1
POI00014292,PO0007586,PRD00703,421,2890.33
POI00014293,PO0006890,PRD00106,203,6611.36
POI00014294,PO0006844,PRD00431,245,11469.34
POI00014295,PO0004539,PRD00436,422,10630.97
POI00014296,PO0006833,PRD00603,254,3288.11
POI00014297,PO0001295,PRD00939,352,12076.99
POI00014298,PO0007133,PRD00801,126,12463.35
POI00014299,PO0004703,PRD00814,201,14386.74
POI00014300,PO0004397,PRD00971,83,2515.98
POI00014301,PO0009982,PRD00621,159,7979.13
POI00014302,PO0003486,PRD00146,86,1182.02
POI00014303,PO0009290,PRD00233,136,9106.69
POI00014304,PO0009212,PRD00945,252,3955.76
POI00014305,PO0007557,PRD00690,245,2729.55
POI00014306,PO0001014,PRD00474,430,4767.61
POI00014307,PO0004435,PRD00053,135,10059.59
POI00014308,PO0008189,PRD00935,96,2872.31
POI00014309,PO0006936,PRD00826,344,9650.03
POI00014310,PO0003968,PRD00207,40,13259.47
POI00014311,PO0007158,PRD00060,190,9780.15
POI00014312,PO0007126,PRD00832,49,14364.28
POI00014313,PO0004560,PRD00745,284,7007.02
POI00014314,PO0000479,PRD00092,135,1185.31
POI00014315,PO0004426,PRD00264,374,12537.65
POI00014316,PO0001961,PRD00464,109,471.83
POI00014317,PO0002675,PRD00842,350,10426.4
POI00014318,PO0008676,PRD00180,389,5424.97
POI00014319,PO0008940,PRD00761,486,9679.51
POI00014320,PO0000532,PRD00720,288,6824.63
POI00014321,PO0000236,PRD00616,336,1388.81
POI00014322,PO0006172,PRD00776,353,3296.6
POI00014323,PO0001034,PRD00756,278,13812.34
POI00014324,PO0007749,PRD00665,244,13549.44
POI00014325,PO0007819,PRD00905,399,2985.62
POI00014326,PO0004621,PRD00994,187,971.84
POI00014327,PO0004885,PRD00130,260,731.22
POI00014328,PO0008789,PRD00858,54,718.7
POI00014329,PO0007538,PRD00859,319,13775.1
POI00014330,PO0001485,PRD00422,462,13723.46
POI00014331,PO0009396,PRD00619,14,5874.65
POI00014332,PO0002380,PRD00743,144,2305.24
POI00014333,PO0006576,PRD00750,52,6059.6
POI00014334,PO0000847,PRD00689,355,10243.12
POI00014335,PO0003050,PRD00459,462,11986.98
POI00014336,PO0006516,PRD00782,167,9890.23
POI00014337,PO0004628,PRD00357,322,1898.36
POI00014338,PO0003248,PRD00196,10,6209.26
POI00014339,PO0001499,PRD00492,215,5276.64
POI00014340,PO0001422,PRD00819,388,9433.84
POI00014341,PO0007219,PRD00512,183,6184.28
POI00014342,PO0008548,PRD00207,364,13259.47
POI00014343,PO0005245,PRD00193,19,1081.63
POI00014344,PO0004478,PRD00493,293,4838.13
POI00014345,PO0001617,PRD00646,282,11847.85
POI00014346,PO0006381,PRD00570,194,4694.61
POI00014347,PO0004396,PRD00262,93,10465.39
POI00014348,PO0003767,PRD00810,455,6285.69
POI00014349,PO0009615,PRD00503,149,8838.11
POI00014350,PO0005624,PRD00327,149,11465.77
POI00014351,PO0008792,PRD00524,59,4908.91
POI00014352,PO0005390,PRD00572,60,14299.0
POI00014353,PO0007221,PRD00084,460,1880.19
POI00014354,PO0009512,PRD00806,412,164.23
POI00014355,PO0002246,PRD00658,500,7106.49
POI00014356,PO0008869,PRD00526,426,2102.99
POI00014357,PO0008220,PRD00157,92,3075.86
POI00014358,PO0007191,PRD00901,37,1036.08
POI00014359,PO0005284,PRD00139,174,11221.75
POI00014360,PO0003849,PRD00636,415,3410.7
POI00014361,PO0006712,PRD00613,100,2658.28
POI00014362,PO0007408,PRD00833,60,703.26
POI00014363,PO0007903,PRD00353,177,9182.34
POI00014364,PO0001375,PRD00819,97,9433.84
POI00014365,PO0008821,PRD00483,205,8191.19
POI00014366,PO0000929,PRD00481,351,9907.25
POI00014367,PO0009777,PRD00930,462,3393.62
POI00014368,PO0001552,PRD00290,319,2210.27
POI00014369,PO0000220,PRD00251,357,3571.32
POI00014370,PO0008089,PRD00891,194,6179.97
POI00014371,PO0008631,PRD00180,467,5424.97
POI00014372,PO0003641,PRD00038,484,11694.03
POI00014373,PO0005781,PRD00008,459,8448.73
POI00014374,PO0006023,PRD00914,69,14209.47
POI00014375,PO0001839,PRD00683,49,11134.9
POI00014376,PO0006720,PRD00348,376,10382.26
POI00014377,PO0006258,PRD00729,487,5440.02
POI00014378,PO0002285,PRD00476,333,12262.1
POI00014379,PO0007534,PRD00983,142,12437.52
POI00014380,PO0002284,PRD00078,393,8372.4
POI00014381,PO0008336,PRD00440,74,12108.02
POI00014382,PO0009764,PRD00264,166,12537.65
POI00014383,PO0002178,PRD00902,490,10889.46
POI00014384,PO0007625,PRD00372,257,12777.81
POI00014385,PO0007324,PRD00988,487,3859.43
POI00014386,PO0000582,PRD00078,282,8372.4
POI00014387,PO0001223,PRD00325,314,14185.14
POI00014388,PO0006312,PRD00156,125,1424.79
POI00014389,PO0009115,PRD00641,356,5254.41
POI00014390,PO0009094,PRD00459,308,11986.98
POI00014391,PO0000112,PRD00947,204,8686.66
POI00014392,PO0006502,PRD00654,450,8610.81
POI00014393,PO0005876,PRD00125,479,12971.28
POI00014394,PO0004629,PRD00736,252,4572.66
POI00014395,PO0009927,PRD00803,325,4469.13
POI00014396,PO0006856,PRD00220,310,3710.28
POI00014397,PO0006790,PRD00949,311,13353.32
POI00014398,PO0008761,PRD00179,368,11993.83
POI00014399,PO0009070,PRD00300,50,10666.34
POI00014400,PO0007795,PRD00733,413,8941.35
POI00014401,PO0001750,PRD00541,411,2451.94
POI00014402,PO0008868,PRD00238,406,1063.4
POI00014403,PO0004641,PRD00667,100,12142.23
POI00014404,PO0002062,PRD00972,289,3371.24
POI00014405,PO0003342,PRD00472,464,12076.82
POI00014406,PO0008774,PRD00921,282,10131.57
POI00014407,PO0005903,PRD00828,38,11820.43
POI00014408,PO0006927,PRD00025,60,9977.74
POI00014409,PO0000750,PRD00514,175,4437.98
POI00014410,PO0005840,PRD00206,331,10846.21
POI00014411,PO0004463,PRD00187,453,4183.24
POI00014412,PO0002415,PRD00388,69,2534.89
POI00014413,PO0003203,PRD00618,123,7236.89
POI00014414,PO0009487,PRD00030,395,7017.62
POI00014415,PO0002668,PRD00220,414,3710.28
POI00014416,PO0002411,PRD00224,427,3605.13
POI00014417,PO0008436,PRD00122,261,7515.76
POI00014418,PO0002924,PRD00105,46,7072.97
POI00014419,PO0005845,PRD00305,292,1060.96
POI00014420,PO0006920,PRD00287,128,5325.08
POI00014421,PO0004962,PRD00265,474,1738.91
POI00014422,PO0009000,PRD00975,242,9296.52
POI00014423,PO0005683,PRD00665,343,13549.44
POI00014424,PO0004760,PRD00803,163,4469.13
POI00014425,PO0001239,PRD00706,283,11072.04
POI00014426,PO0006676,PRD00179,38,11993.83
POI00014427,PO0004041,PRD00671,372,13764.06
POI00014428,PO0008685,PRD00677,207,658.64
POI00014429,PO0008496,PRD00850,336,12204.62
POI00014430,PO0006081,PRD00134,428,10858.86
POI00014431,PO0001344,PRD00964,55,7890.02
POI00014432,PO0001332,PRD00400,440,14679.08
POI00014433,PO0002561,PRD00207,219,13259.47
POI00014434,PO0000336,PRD00725,266,9430.17
POI00014435,PO0003351,PRD00839,260,1545.18
POI00014436,PO0005051,PRD00408,434,8695.92
POI00014437,PO0004771,PRD00407,348,2170.82
POI00014438,PO0005294,PRD00477,481,8916.03
POI00014439,PO0003947,PRD00448,371,3508.12
POI00014440,PO0004552,PRD00407,104,2170.82
POI00014441,PO0003579,PRD00866,150,3511.46
POI00014442,PO0009478,PRD00900,338,12362.97
POI00014443,PO0000113,PRD00140,215,6699.68
POI00014444,PO0004845,PRD00188,411,5763.09
POI00014445,PO0000431,PRD00365,79,9821.16
POI00014446,PO0003958,PRD00614,492,6734.49
POI00014447,PO0000900,PRD00535,259,12386.73
POI00014448,PO0008775,PRD00904,46,9633.15
POI00014449,PO0001723,PRD00061,307,14248.21
POI00014450,PO0001683,PRD00963,187,8895.2
POI00014451,PO0003806,PRD00584,155,13164.71
POI00014452,PO0001757,PRD00741,183,13662.52
POI00014453,PO0004104,PRD00020,426,14093.42
POI00014454,PO0009981,PRD00163,241,8801.64
POI00014455,PO0002990,PRD00736,456,4572.66
POI00014456,PO0007313,PRD00952,470,4757.15
POI00014457,PO0008022,PRD00913,360,7633.07
POI00014458,PO0008727,PRD00988,437,3859.43
POI00014459,PO0002511,PRD00687,478,6890.21
POI00014460,PO0006885,PRD00569,89,1366.29
POI00014461,PO0009649,PRD00797,28,11156.8
POI00014462,PO0002530,PRD00756,369,13812.34
POI00014463,PO0009215,PRD00812,225,3339.2
POI00014464,PO0000087,PRD00482,433,14861.25
POI00014465,PO0007096,PRD00108,284,14993.62
POI00014466,PO0007323,PRD00970,18,2893.48
POI00014467,PO0005555,PRD00612,173,12339.55
POI00014468,PO0005169,PRD00423,301,13733.69
POI00014469,PO0009899,PRD00447,17,8522.58
POI00014470,PO0001800,PRD00046,36,2330.39
POI00014471,PO0002439,PRD00700,157,8456.94
POI00014472,PO0003788,PRD00619,77,5874.65
POI00014473,PO0009034,PRD00747,256,1497.38
POI00014474,PO0006745,PRD00510,39,9321.6
POI00014475,PO0001963,PRD00633,60,8823.37
POI00014476,PO0007072,PRD00203,385,171.1
POI00014477,PO0001089,PRD00873,271,7788.28
POI00014478,PO0002215,PRD00634,22,11006.69
POI00014479,PO0001686,PRD00060,127,9780.15
POI00014480,PO0001587,PRD00435,43,11483.94
POI00014481,PO0004201,PRD00888,306,4306.34
POI00014482,PO0001625,PRD00001,207,9837.33
POI00014483,PO0007590,PRD00824,67,13671.92
POI00014484,PO0000205,PRD00379,73,8770.31
POI00014485,PO0004090,PRD00406,342,6081.8
POI00014486,PO0009379,PRD00460,118,5749.6
POI00014487,PO0000855,PRD00954,67,6256.72
POI00014488,PO0003865,PRD00022,52,6591.0
POI00014489,PO0000421,PRD00166,347,9766.65
POI00014490,PO0006144,PRD00190,389,6496.64
POI00014491,PO0002820,PRD00388,445,2534.89
POI00014492,PO0001676,PRD00670,97,8380.95
POI00014493,PO0004485,PRD00243,193,9718.69
POI00014494,PO0008642,PRD00806,360,164.23
POI00014495,PO0003912,PRD00157,309,3075.86
POI00014496,PO0009182,PRD00400,390,14679.08
POI00014497,PO0006671,PRD00403,320,560.68
POI00014498,PO0006946,PRD00263,394,9261.0
POI00014499,PO0004275,PRD00388,402,2534.89
POI00014500,PO0003199,PRD00926,137,11701.76
POI00014501,PO0004692,PRD00968,78,14208.61
POI00014502,PO0008136,PRD00365,330,9821.16
POI00014503,PO0004671,PRD00074,33,12787.56
POI00014504,PO0005586,PRD00671,203,13764.06
POI00014505,PO0008476,PRD00564,245,9458.27
POI00014506,PO0006508,PRD00355,494,10597.12
POI00014507,PO0005329,PRD00600,402,6787.54
POI00014508,PO0009606,PRD00771,483,10772.54
POI00014509,PO0001798,PRD00517,285,8167.29
POI00014510,PO0002278,PRD00748,297,9977.26
POI00014511,PO0002920,PRD00126,487,12322.6
POI00014512,PO0001689,PRD00626,500,10575.52
POI00014513,PO0001208,PRD00111,119,14538.3
POI00014514,PO0005193,PRD00397,178,1277.33
POI00014515,PO0000954,PRD00376,104,7767.99
POI00014516,PO0005849,PRD00358,279,14322.76
POI00014517,PO0001924,PRD00651,252,6515.34
POI00014518,PO0000237,PRD00514,82,4437.98
POI00014519,PO0004120,PRD00392,268,5987.55
POI00014520,PO0005421,PRD00870,214,9737.11
POI00014521,PO0008913,PRD00587,120,7001.79
POI00014522,PO0007414,PRD00749,253,13186.86
POI00014523,PO0003863,PRD00254,150,12034.79
POI00014524,PO0001343,PRD00607,208,12074.14
POI00014525,PO0001598,PRD00462,277,5449.97
POI00014526,PO0009369,PRD00951,451,12745.6
POI00014527,PO0006122,PRD00846,68,5432.42
POI00014528,PO0003438,PRD00713,441,5625.5
POI00014529,PO0001036,PRD00325,392,14185.14
POI00014530,PO0007073,PRD00362,13,837.42
POI00014531,PO0008230,PRD00518,79,8231.59
POI00014532,PO0003992,PRD00061,259,14248.21
POI00014533,PO0002207,PRD00225,208,11422.41
POI00014534,PO0001556,PRD00747,134,1497.38
POI00014535,PO0009335,PRD00002,138,14088.84
POI00014536,PO0005454,PRD00348,413,10382.26
POI00014537,PO0000823,PRD00253,52,11689.61
POI00014538,PO0009094,PRD00295,160,14410.96
POI00014539,PO0003951,PRD00463,230,6510.21
POI00014540,PO0000332,PRD00347,123,2926.5
POI00014541,PO0004293,PRD00098,92,2423.29
POI00014542,PO0001506,PRD00876,451,12469.02
POI00014543,PO0007464,PRD00794,208,14754.3
POI00014544,PO0008706,PRD00152,331,9137.41
POI00014545,PO0006060,PRD00814,454,14386.74
POI00014546,PO0003469,PRD00212,373,194.69
POI00014547,PO0000048,PRD00915,439,10437.34
POI00014548,PO0006352,PRD00381,55,2462.98
POI00014549,PO0001073,PRD00231,342,9255.93
POI00014550,PO0008307,PRD00325,429,14185.14
POI00014551,PO0009468,PRD00139,95,11221.75
POI00014552,PO0000883,PRD00445,304,6126.75
POI00014553,PO0005035,PRD00603,344,3288.11
POI00014554,PO0004154,PRD00553,237,1373.39
POI00014555,PO0000676,PRD00879,171,5831.09
POI00014556,PO0007240,PRD00365,233,9821.16
POI00014557,PO0005283,PRD00986,96,7134.56
POI00014558,PO0008218,PRD00873,172,7788.28
POI00014559,PO0007630,PRD00292,269,14246.05
POI00014560,PO0000970,PRD00261,183,11887.4
POI00014561,PO0005145,PRD00864,49,5345.24
POI00014562,PO0007333,PRD00470,243,10835.82
POI00014563,PO0006457,PRD00719,387,9495.01
POI00014564,PO0004689,PRD00635,329,2679.1
POI00014565,PO0001461,PRD00976,232,4864.0
POI00014566,PO0006351,PRD00308,26,1994.75
POI00014567,PO0009810,PRD00868,137,9943.76
POI00014568,PO0008129,PRD00689,210,10243.12
POI00014569,PO0007443,PRD00123,125,6279.12
POI00014570,PO0004266,PRD00173,262,983.41
POI00014571,PO0007429,PRD00617,467,9490.86
POI00014572,PO0000827,PRD00061,339,14248.21
POI00014573,PO0005517,PRD00587,397,7001.79
POI00014574,PO0004585,PRD00298,294,1909.75
POI00014575,PO0000762,PRD00669,57,4850.66
POI00014576,PO0006476,PRD00063,61,7018.31
POI00014577,PO0004272,PRD00159,327,11218.67
POI00014578,PO0005175,PRD00565,455,1309.82
POI00014579,PO0000375,PRD00706,200,11072.04
POI00014580,PO0004614,PRD00173,333,983.41
POI00014581,PO0006420,PRD00265,240,1738.91
POI00014582,PO0006146,PRD00947,50,8686.66
POI00014583,PO0008656,PRD00344,329,8985.89
POI00014584,PO0006483,PRD00112,26,10078.39
POI00014585,PO0004234,PRD00939,133,12076.99
POI00014586,PO0005956,PRD00984,22,5821.18
POI00014587,PO0001101,PRD00352,318,10163.96
POI00014588,PO0005203,PRD00458,174,10221.05
POI00014589,PO0006512,PRD00781,74,10401.92
POI00014590,PO0004102,PRD00647,470,2506.84
POI00014591,PO0003631,PRD00085,365,2937.79
POI00014592,PO0004904,PRD00689,248,10243.12
POI00014593,PO0006901,PRD00451,418,11303.64
POI00014594,PO0001397,PRD00845,72,2083.84
POI00014595,PO0006980,PRD00698,243,3335.68
POI00014596,PO0004441,PRD00651,330,6515.34
POI00014597,PO0006274,PRD00902,281,10889.46
POI00014598,PO0005496,PRD00837,113,2785.86
POI00014599,PO0000373,PRD00401,277,8016.45
POI00014600,PO0003427,PRD00262,230,10465.39
POI00014601,PO0005492,PRD00181,232,2679.75
POI00014602,PO0003397,PRD00495,317,13954.44
POI00014603,PO0002954,PRD00549,313,2125.97
POI00014604,PO0001243,PRD00526,115,2102.99
POI00014605,PO0004648,PRD00486,255,14504.82
POI00014606,PO0008878,PRD00499,475,5881.43
POI00014607,PO0008141,PRD00408,79,8695.92
POI00014608,PO0000828,PRD00449,263,4124.74
POI00014609,PO0002205,PRD00874,260,13187.35
POI00014610,PO0007001,PRD00060,132,9780.15
POI00014611,PO0001870,PRD00019,447,5319.1
POI00014612,PO0003081,PRD00976,278,4864.0
POI00014613,PO0002260,PRD00445,281,6126.75
POI00014614,PO0007001,PRD00261,91,11887.4
POI00014615,PO0004616,PRD00386,23,7920.56
POI00014616,PO0004804,PRD00906,179,9258.63
POI00014617,PO0007063,PRD00525,242,14289.77
POI00014618,PO0000392,PRD00187,341,4183.24
POI00014619,PO0005743,PRD00796,371,5431.54
POI00014620,PO0008442,PRD00863,166,7788.61
POI00014621,PO0005301,PRD00665,91,13549.44
POI00014622,PO0009362,PRD00359,260,14333.28
POI00014623,PO0007613,PRD00850,99,12204.62
POI00014624,PO0007441,PRD00574,119,11589.74
POI00014625,PO0005824,PRD00743,382,2305.24
POI00014626,PO0005137,PRD00272,179,5905.57
POI00014627,PO0000927,PRD00625,18,8920.39
POI00014628,PO0008774,PRD00271,164,14304.78
POI00014629,PO0006747,PRD00603,483,3288.11
POI00014630,PO0000579,PRD00873,207,7788.28
POI00014631,PO0006332,PRD00423,472,13733.69
POI00014632,PO0008705,PRD00213,114,11481.28
POI00014633,PO0001536,PRD00611,366,1908.11
POI00014634,PO0007048,PRD00102,263,6423.07
POI00014635,PO0006875,PRD00072,135,2707.96
POI00014636,PO0003255,PRD00143,405,2616.16
POI00014637,PO0008785,PRD00206,306,10846.21
POI00014638,PO0004472,PRD00372,429,12777.81
POI00014639,PO0005177,PRD00223,123,13596.37
POI00014640,PO0004043,PRD00449,385,4124.74
POI00014641,PO0008041,PRD00517,406,8167.29
POI00014642,PO0003286,PRD00964,220,7890.02
POI00014643,PO0006657,PRD00419,447,13114.42
POI00014644,PO0003378,PRD00764,396,6096.89
POI00014645,PO0004022,PRD00687,325,6890.21
POI00014646,PO0000013,PRD00473,344,4562.49
POI00014647,PO0007312,PRD00352,42,10163.96
POI00014648,PO0000961,PRD00303,330,3612.1
POI00014649,PO0008492,PRD00063,87,7018.31
POI00014650,PO0004337,PRD00577,309,5565.9
POI00014651,PO0001542,PRD00607,499,12074.14
POI00014652,PO0001138,PRD00620,193,517.21
POI00014653,PO0008719,PRD00661,253,8498.56
POI00014654,PO0003916,PRD00825,237,6540.73
POI00014655,PO0001556,PRD00474,318,4767.61
POI00014656,PO0004178,PRD00514,242,4437.98
POI00014657,PO0007776,PRD00843,285,14383.19
POI00014658,PO0000473,PRD00074,327,12787.56
POI00014659,PO0006318,PRD00448,221,3508.12
POI00014660,PO0000640,PRD00614,390,6734.49
POI00014661,PO0008677,PRD00449,423,4124.74
POI00014662,PO0004632,PRD00469,261,4552.3
POI00014663,PO0005100,PRD00336,97,14628.24
POI00014664,PO0002651,PRD00403,42,560.68
POI00014665,PO0008140,PRD00209,81,9137.57
POI00014666,PO0008221,PRD00572,340,14299.0
POI00014667,PO0006761,PRD00218,263,4399.57
POI00014668,PO0008935,PRD00250,385,14546.26
POI00014669,PO0002967,PRD00937,452,5526.96
POI00014670,PO0003257,PRD00981,380,916.09
POI00014671,PO0000187,PRD00541,45,2451.94
POI00014672,PO0002239,PRD00741,88,13662.52
POI00014673,PO0005696,PRD00263,11,9261.0
POI00014674,PO0004429,PRD00769,402,14259.3
POI00014675,PO0006131,PRD00050,478,14145.71
POI00014676,PO0009049,PRD00034,486,12113.92
POI00014677,PO0000722,PRD00776,189,3296.6
POI00014678,PO0008800,PRD00269,265,6484.24
POI00014679,PO0007155,PRD00200,420,12689.72
POI00014680,PO0004313,PRD00178,429,4216.94
POI00014681,PO0002654,PRD00665,128,13549.44
POI00014682,PO0009122,PRD00558,68,9720.85
POI00014683,PO0000253,PRD00477,61,8916.03
POI00014684,PO0008219,PRD00615,245,9737.39
POI00014685,PO0002302,PRD00454,61,7551.83
POI00014686,PO0006159,PRD00843,29,14383.19
POI00014687,PO0006852,PRD00808,340,7399.02
POI00014688,PO0009704,PRD00150,298,4175.25
POI00014689,PO0000977,PRD00803,487,4469.13
POI00014690,PO0003549,PRD00944,195,7189.97
POI00014691,PO0007400,PRD00535,142,12386.73
POI00014692,PO0004719,PRD00686,423,2956.03
POI00014693,PO0001239,PRD00708,231,13605.38
POI00014694,PO0000740,PRD00818,473,2577.53
POI00014695,PO0008400,PRD00403,21,560.68
POI00014696,PO0009101,PRD00417,275,13839.61
POI00014697,PO0003908,PRD00591,135,1630.92
POI00014698,PO0006654,PRD00118,85,13920.88
POI00014699,PO0009629,PRD00851,231,13602.05
POI00014700,PO0007793,PRD00630,483,12112.17
POI00014701,PO0003973,PRD00747,88,1497.38
POI00014702,PO0009073,PRD00726,98,2003.65
POI00014703,PO0000173,PRD00563,454,13844.88
POI00014704,PO0000615,PRD00351,165,4761.19
POI00014705,PO0001731,PRD00289,338,5500.6
POI00014706,PO0005187,PRD00904,98,9633.15
POI00014707,PO0001340,PRD00372,363,12777.81
POI00014708,PO0003227,PRD00978,81,10928.44
POI00014709,PO0002467,PRD00917,461,13456.14
POI00014710,PO0009013,PRD00134,288,10858.86
POI00014711,PO0001594,PRD00136,357,9775.56
POI00014712,PO0009300,PRD00902,133,10889.46
POI00014713,PO0003206,PRD00326,240,12217.09
POI00014714,PO0007964,PRD00411,114,9419.82
POI00014715,PO0004935,PRD00967,147,5210.76
POI00014716,PO0005305,PRD00053,29,10059.59
POI00014717,PO0003418,PRD00840,112,1992.97
POI00014718,PO0003261,PRD00253,184,11689.61
POI00014719,PO0002981,PRD00456,225,14536.29
POI00014720,PO0000160,PRD00018,106,6025.11
POI00014721,PO0007441,PRD00421,273,3240.17
POI00014722,PO0000926,PRD00693,51,12868.1
POI00014723,PO0008849,PRD00924,104,3584.13
POI00014724,PO0002169,PRD00103,215,12413.34
POI00014725,PO0006843,PRD00310,170,7810.08
POI00014726,PO0001268,PRD00586,284,4430.6
POI00014727,PO0003175,PRD00458,233,10221.05
POI00014728,PO0004279,PRD00775,484,1675.87
POI00014729,PO0007134,PRD00588,239,11008.35
POI00014730,PO0009200,PRD00078,75,8372.4
POI00014731,PO0002895,PRD00248,288,2381.45
POI00014732,PO0005020,PRD00894,78,2746.5
POI00014733,PO0009252,PRD00801,179,12463.35
POI00014734,PO0002959,PRD00446,356,10566.45
POI00014735,PO0004978,PRD00091,243,14120.67
POI00014736,PO0001266,PRD00019,289,5319.1
POI00014737,PO0009269,PRD00023,443,3880.46
POI00014738,PO0000919,PRD00513,76,7371.4
POI00014739,PO0004625,PRD00749,317,13186.86
POI00014740,PO0003374,PRD00652,461,879.05
POI00014741,PO0003129,PRD00437,135,981.92
POI00014742,PO0006403,PRD00033,295,12290.88
POI00014743,PO0003168,PRD00078,36,8372.4
POI00014744,PO0002573,PRD00133,105,13122.92
POI00014745,PO0007114,PRD00883,71,13462.78
POI00014746,PO0004778,PRD00593,483,1467.96
POI00014747,PO0007511,PRD00415,147,13727.94
POI00014748,PO0006168,PRD00758,276,14670.2
POI00014749,PO0004187,PRD00727,323,1054.08
POI00014750,PO0008932,PRD00266,410,3637.52
POI00014751,PO0002054,PRD00983,242,12437.52
POI00014752,PO0007640,PRD00154,331,9453.46
POI00014753,PO0004449,PRD00831,160,14405.2
POI00014754,PO0009031,PRD00266,403,3637.52
POI00014755,PO0006031,PRD00098,471,2423.29
POI00014756,PO0004250,PRD00349,115,13102.44
POI00014757,PO0004939,PRD00200,31,12689.72
POI00014758,PO0006514,PRD00952,372,4757.15
POI00014759,PO0009586,PRD00615,224,9737.39
POI00014760,PO0003869,PRD00871,343,8636.42
POI00014761,PO0005219,PRD00845,37,2083.84
POI00014762,PO0005469,PRD00203,471,171.1
POI00014763,PO0006763,PRD00152,51,9137.41
POI00014764,PO0003555,PRD00693,338,12868.1
POI00014765,PO0004784,PRD00129,184,14713.16
POI00014766,PO0000895,PRD00975,495,9296.52
POI00014767,PO0003343,PRD00872,389,13370.7
POI00014768,PO0003838,PRD00362,256,837.42
POI00014769,PO0009571,PRD00807,210,13935.13
POI00014770,PO0008680,PRD00571,111,268.96
POI00014771,PO0007467,PRD00598,237,4825.42
POI00014772,PO0001306,PRD00398,445,1850.01
POI00014773,PO0005775,PRD00891,290,6179.97
POI00014774,PO0002703,PRD00279,297,14005.9
POI00014775,PO0007774,PRD00690,235,2729.55
POI00014776,PO0007012,PRD00121,469,14884.48
POI00014777,PO0005422,PRD00789,170,7598.09
POI00014778,PO0007757,PRD00764,292,6096.89
POI00014779,PO0002855,PRD00335,213,12393.64
POI00014780,PO0008729,PRD00569,201,1366.29
POI00014781,PO0002678,PRD00077,167,3244.83
POI00014782,PO0005475,PRD00292,12,14246.05
POI00014783,PO0007184,PRD00817,240,13482.36
POI00014784,PO0008068,PRD00425,168,7731.22
POI00014785,PO0005207,PRD00591,384,1630.92
POI00014786,PO0003170,PRD00787,454,3077.27
POI00014787,PO0009991,PRD00187,353,4183.24
POI00014788,PO0005381,PRD00082,292,7141.05
POI00014789,PO0009177,PRD00992,258,10351.03
POI00014790,PO0007426,PRD00327,162,11465.77
POI00014791,PO0009920,PRD00257,324,12479.22
POI00014792,PO0001431,PRD00612,65,12339.55
POI00014793,PO0004046,PRD00293,57,14236.45
POI00014794,PO0008574,PRD00295,145,14410.96
POI00014795,PO0004803,PRD00031,45,11922.53
POI00014796,PO0005331,PRD00603,123,3288.11
POI00014797,PO0009487,PRD00886,288,8868.6
POI00014798,PO0002187,PRD00439,82,7978.91
POI00014799,PO0002190,PRD00992,336,10351.03
POI00014800,PO0004818,PRD00206,226,10846.21
POI00014801,PO0001933,PRD00318,82,13343.83
POI00014802,PO0003251,PRD00597,102,12775.63
POI00014803,PO0008007,PRD00917,255,13456.14
POI00014804,PO0001885,PRD00398,258,1850.01
POI00014805,PO0000140,PRD00127,192,12989.69
POI00014806,PO0003302,PRD00125,377,12971.28
POI00014807,PO0000290,PRD00570,480,4694.61
POI00014808,PO0004552,PRD00860,480,1620.12
POI00014809,PO0003289,PRD00466,449,10894.67
POI00014810,PO0006427,PRD00809,285,7918.89
POI00014811,PO0007714,PRD00464,355,471.83
POI00014812,PO0009317,PRD00802,442,11346.21
POI00014813,PO0000952,PRD00739,450,7506.27
POI00014814,PO0005470,PRD00362,434,837.42
POI00014815,PO0004484,PRD00694,104,9801.68
POI00014816,PO0009989,PRD00730,377,3426.87
POI00014817,PO0009821,PRD00376,208,7767.99
POI00014818,PO0000159,PRD00881,232,13176.07
POI00014819,PO0009067,PRD00353,456,9182.34
POI00014820,PO0005192,PRD00714,421,7100.41
POI00014821,PO0001947,PRD00082,154,7141.05
POI00014822,PO0009882,PRD00942,461,11797.17
POI00014823,PO0008836,PRD00542,166,3815.81
POI00014824,PO0007910,PRD00349,417,13102.44
POI00014825,PO0006524,PRD00772,256,11409.05
POI00014826,PO0005864,PRD00757,382,1024.97
POI00014827,PO0000551,PRD00767,39,8392.39
POI00014828,PO0008297,PRD00665,98,13549.44
POI00014829,PO0003938,PRD00015,208,4060.74
POI00014830,PO0009053,PRD00103,258,12413.34
POI00014831,PO0000057,PRD00766,357,11198.97
POI00014832,PO0000294,PRD00815,202,5837.27
POI00014833,PO0008161,PRD00027,383,2942.25
POI00014834,PO0005268,PRD00887,288,6428.3
POI00014835,PO0001568,PRD00017,116,12322.4
POI00014836,PO0000481,PRD00050,137,14145.71
POI00014837,PO0008887,PRD00935,241,2872.31
POI00014838,PO0005018,PRD00504,163,12220.97
POI00014839,PO0009686,PRD00995,190,1957.35
POI00014840,PO0001666,PRD00877,30,9378.32
POI00014841,PO0008946,PRD00564,416,9458.27
POI00014842,PO0008011,PRD00745,480,7007.02
POI00014843,PO0004704,PRD00353,393,9182.34
POI00014844,PO0009926,PRD00652,185,879.05
POI00014845,PO0003048,PRD00330,243,4277.84
POI00014846,PO0000008,PRD00684,485,7767.82
POI00014847,PO0004035,PRD00907,478,14636.64
POI00014848,PO0003739,PRD00231,344,9255.93
POI00014849,PO0001552,PRD00222,386,1219.58
POI00014850,PO0005885,PRD00834,331,4625.99
POI00014851,PO0001359,PRD00821,17,9726.69
POI00014852,PO0007842,PRD00005,240,13587.62
POI00014853,PO0004088,PRD00880,400,12411.59
POI00014854,PO0008939,PRD00883,234,13462.78
POI00014855,PO0003691,PRD00286,368,4652.92
POI00014856,PO0001800,PRD00151,262,13666.4
POI00014857,PO0002784,PRD00712,79,5380.83
POI00014858,PO0006440,PRD00986,486,7134.56
POI00014859,PO0006756,PRD00019,304,5319.1
POI00014860,PO0009001,PRD00653,119,9936.12
POI00014861,PO0001749,PRD00390,142,6845.21
POI00014862,PO0007198,PRD00785,20,2141.65
POI00014863,PO0003235,PRD00010,233,704.09
POI00014864,PO0004910,PRD00574,26,11589.74
POI00014865,PO0005529,PRD00428,485,322.0
POI00014866,PO0007008,PRD00164,408,7114.43
POI00014867,PO0009681,PRD00129,381,14713.16
POI00014868,PO0007623,PRD00026,396,10030.04
POI00014869,PO0002784,PRD00773,348,8251.54
POI00014870,PO0002857,PRD00608,22,2030.27
POI00014871,PO0003076,PRD00090,21,7083.4
POI00014872,PO0000392,PRD00969,486,11985.63
POI00014873,PO0009729,PRD00580,23,13972.91
POI00014874,PO0005914,PRD00974,452,12813.95
POI00014875,PO0008292,PRD00713,236,5625.5
POI00014876,PO0000833,PRD00668,136,3092.64
POI00014877,PO0009816,PRD00342,454,10654.4
POI00014878,PO0001423,PRD00132,456,14475.18
POI00014879,PO0004663,PRD00410,86,4563.47
POI00014880,PO0002974,PRD00866,123,3511.46
POI00014881,PO0000008,PRD00229,145,5330.98
POI00014882,PO0007844,PRD00644,334,5838.18
POI00014883,PO0001917,PRD00190,190,6496.64
POI00014884,PO0002624,PRD00185,367,6440.0
POI00014885,PO0005350,PRD00961,388,12916.7
POI00014886,PO0005773,PRD00408,316,8695.92
POI00014887,PO0004865,PRD00141,386,11958.46
POI00014888,PO0007296,PRD00743,253,2305.24
POI00014889,PO0009182,PRD00522,97,2556.45
POI00014890,PO0001582,PRD00760,337,2297.92
POI00014891,PO0006435,PRD00306,227,7923.38
POI00014892,PO0003027,PRD00440,152,12108.02
POI00014893,PO0009147,PRD00546,96,218.56
POI00014894,PO0008281,PRD00902,222,10889.46
POI00014895,PO0006342,PRD00759,234,6538.09
POI00014896,PO0007404,PRD00403,53,560.68
POI00014897,PO0003574,PRD00708,251,13605.38
POI00014898,PO0000947,PRD00625,10,8920.39
POI00014899,PO0002391,PRD00572,258,14299.0
POI00014900,PO0006956,PRD00695,406,7153.53
POI00014901,PO0005181,PRD00801,42,12463.35
POI00014902,PO0007657,PRD00235,107,664.0
POI00014903,PO0001694,PRD00316,257,14232.32
POI00014904,PO0000918,PRD00049,345,12862.44
POI00014905,PO0000869,PRD00549,130,2125.97
POI00014906,PO0003598,PRD00032,197,4314.09
POI00014907,PO0006235,PRD00898,114,11808.33
POI00014908,PO0008089,PRD00639,91,2796.66
POI00014909,PO0000296,PRD00802,356,11346.21
POI00014910,PO0004052,PRD00283,242,14607.96
POI00014911,PO0001162,PRD00061,412,14248.21
POI00014912,PO0009727,PRD00986,446,7134.56
POI00014913,PO0007990,PRD00927,477,9238.3
POI00014914,PO0006309,PRD00257,102,12479.22
POI00014915,PO0003817,PRD00325,96,14185.14
POI00014916,PO0004478,PRD00672,274,1758.78
POI00014917,PO0004882,PRD00480,233,10120.83
POI00014918,PO0007124,PRD00685,329,2103.9
POI00014919,PO0004302,PRD00844,111,10706.01
POI00014920,PO0002312,PRD00365,138,9821.16
POI00014921,PO0006437,PRD00780,416,12595.14
POI00014922,PO0000057,PRD00209,337,9137.57
POI00014923,PO0007329,PRD00324,232,4070.68
POI00014924,PO0007724,PRD00113,410,4380.21
POI00014925,PO0001951,PRD00876,159,12469.02
POI00014926,PO0008085,PRD00845,98,2083.84
POI00014927,PO0006930,PRD00007,28,9585.73
POI00014928,PO0009544,PRD00184,314,6913.99
POI00014929,PO0002091,PRD00340,129,13976.02
POI00014930,PO0005061,PRD00150,488,4175.25
POI00014931,PO0007039,PRD00315,481,12650.55
POI00014932,PO0008241,PRD00203,429,171.1
POI00014933,PO0003460,PRD00364,474,10243.38
POI00014934,PO0006713,PRD00438,459,314.72
POI00014935,PO0003368,PRD00112,366,10078.39
POI00014936,PO0008576,PRD00643,363,5309.18
POI00014937,PO0002862,PRD00628,166,2699.31
POI00014938,PO0000774,PRD00783,436,6326.48
POI00014939,PO0005433,PRD00064,255,11684.65
POI00014940,PO0002742,PRD00694,50,9801.68
POI00014941,PO0007503,PRD00755,253,12949.63
POI00014942,PO0000084,PRD00058,459,4231.59
POI00014943,PO0003154,PRD00630,35,12112.17
POI00014944,PO0003641,PRD00267,117,1734.0
POI00014945,PO0006233,PRD00323,314,7763.5
POI00014946,PO0000924,PRD00663,136,8339.74
POI00014947,PO0007896,PRD00518,59,8231.59
POI00014948,PO0003132,PRD00656,345,3059.15
POI00014949,PO0002139,PRD00793,140,871.73
POI00014950,PO0000297,PRD00715,441,7125.52
POI00014951,PO0001169,PRD00218,477,4399.57
POI00014952,PO0005815,PRD00055,55,8911.04
POI00014953,PO0009898,PRD00850,461,12204.62
POI00014954,PO0001533,PRD00639,237,2796.66
POI00014955,PO0003328,PRD00001,376,9837.33
POI00014956,PO0007801,PRD00510,493,9321.6
POI00014957,PO0002437,PRD00558,187,9720.85
POI00014958,PO0007683,PRD00736,59,4572.66
POI00014959,PO0008057,PRD00574,483,11589.74
POI00014960,PO0005260,PRD00967,255,5210.76
POI00014961,PO0001220,PRD00154,73,9453.46
POI00014962,PO0005810,PRD00960,53,2038.65
POI00014963,PO0001641,PRD00221,233,13068.22
POI00014964,PO0004253,PRD01000,120,1107.64
POI00014965,PO0000870,PRD00483,14,8191.19
POI00014966,PO0005737,PRD00022,120,6591.0
POI00014967,PO0000157,PRD00183,210,6823.92
POI00014968,PO0002612,PRD00240,391,1296.01
POI00014969,PO0009979,PRD00239,14,3839.78
POI00014970,PO0007864,PRD00560,457,14804.29
POI00014971,PO0002040,PRD00162,422,287.67
POI00014972,PO0005670,PRD00207,257,13259.47
POI00014973,PO0002847,PRD00747,268,1497.38
POI00014974,PO0007521,PRD00473,315,4562.49
POI00014975,PO0006829,PRD00323,367,7763.5
POI00014976,PO0007184,PRD00686,45,2956.03
POI00014977,PO0006537,PRD00920,286,10536.21
POI00014978,PO0003182,PRD00469,291,4552.3
POI00014979,PO0002941,PRD00846,410,5432.42
POI00014980,PO0000153,PRD00104,13,8958.06
POI00014981,PO0006532,PRD00225,363,11422.41
POI00014982,PO0000489,PRD00475,338,14519.03
POI00014983,PO0006542,PRD00003,415,4143.44
POI00014984,PO0000840,PRD00914,294,14209.47
POI00014985,PO0002184,PRD00700,397,8456.94
POI00014986,PO0005639,PRD00620,158,517.21
POI00014987,PO0006881,PRD00613,159,2658.28
POI00014988,PO0002292,PRD00727,269,1054.08
POI00014989,PO0004027,PRD00107,138,9087.41
POI00014990,PO0005477,PRD00038,499,11694.03
POI00014991,PO0008599,PRD00423,137,13733.69
POI00014992,PO0009476,PRD00131,225,5840.29
POI00014993,PO0005054,PRD00937,493,5526.96
POI00014994,PO0005082,PRD00330,289,4277.84
POI00014995,PO0000945,PRD00200,148,12689.72
POI00014996,PO0003539,PRD00476,121,12262.1
POI00014997,PO0001056,PRD00171,478,3321.66
POI00014998,PO0004635,PRD00385,38,11446.95
POI00014999,PO0001335,PRD00647,257,2506.84
POI00015000,PO0002341,PRD00378,437,5802.93
POI00015001,PO0000443,PRD00550,232,1100.7
POI00015002,PO0009058,PRD00704,489,9935.11
POI00015003,PO0001885,PRD00417,384,13839.61
POI00015004,PO0006228,PRD00259,195,7569.95
POI00015005,PO0006314,PRD00053,99,10059.59
POI00015006,PO0009214,PRD00586,31,4430.6
POI00015007,PO0000377,PRD00313,30,9405.33
POI00015008,PO0004936,PRD00068,416,11959.71
POI00015009,PO0000775,PRD00582,110,12403.88
POI00015010,PO0008329,PRD00452,17,2503.76
POI00015011,PO0001233,PRD00985,317,3051.76
POI00015012,PO0007509,PRD00313,87,9405.33
POI00015013,PO0007404,PRD00589,15,13991.37
POI00015014,PO0003587,PRD00182,466,11205.33
POI00015015,PO0000960,PRD00585,224,4963.33
POI00015016,PO0003968,PRD00125,156,12971.28
POI00015017,PO0008776,PRD00820,253,12985.07
POI00015018,PO0001868,PRD00703,126,2890.33
POI00015019,PO0005098,PRD00535,450,12386.73
POI00015020,PO0008844,PRD00545,500,7193.96
POI00015021,PO0004264,PRD00746,319,5454.4
POI00015022,PO0008801,PRD00103,109,12413.34
POI00015023,PO0009578,PRD00002,384,14088.84
POI00015024,PO0002668,PRD00173,14,983.41
POI00015025,PO0009725,PRD00395,372,6180.29
POI00015026,PO0001680,PRD00378,203,5802.93
POI00015027,PO0000103,PRD00499,74,5881.43
POI00015028,PO0002777,PRD00947,35,8686.66
POI00015029,PO0007532,PRD00732,397,5677.87
POI00015030,PO0004143,PRD00042,111,12472.09
POI00015031,PO0004515,PRD00024,432,5514.18
POI00015032,PO0005669,PRD00779,314,14460.71
POI00015033,PO0002864,PRD00332,256,13246.24
POI00015034,PO0008674,PRD00121,180,14884.48
POI00015035,PO0005152,PRD00994,62,971.84
POI00015036,PO0006764,PRD00442,430,4068.49
POI00015037,PO0006216,PRD00706,428,11072.04
POI00015038,PO0001275,PRD00890,69,7834.85
POI00015039,PO0008165,PRD00975,400,9296.52
POI00015040,PO0001027,PRD00733,453,8941.35
POI00015041,PO0001345,PRD00938,209,14690.74
POI00015042,PO0006276,PRD00438,128,314.72
POI00015043,PO0009733,PRD00304,199,7053.7
POI00015044,PO0008960,PRD00271,449,14304.78
POI00015045,PO0003933,PRD00737,320,9372.14
POI00015046,PO0000193,PRD00712,222,5380.83
POI00015047,PO0008987,PRD00264,61,12537.65
POI00015048,PO0006579,PRD00933,335,4789.52
POI00015049,PO0004241,PRD00043,432,6795.04
POI00015050,PO0006121,PRD00147,91,10379.48
POI00015051,PO0005441,PRD00798,486,10418.61
POI00015052,PO0009526,PRD00133,59,13122.92
POI00015053,PO0005068,PRD00862,235,5699.76
POI00015054,PO0003474,PRD00203,103,171.1
POI00015055,PO0004915,PRD00128,71,8314.61
POI00015056,PO0001857,PRD00554,272,5324.91
POI00015057,PO0005521,PRD00273,386,3864.46
POI00015058,PO0001542,PRD00171,416,3321.66
POI00015059,PO0007534,PRD00915,435,10437.34
POI00015060,PO0004634,PRD00405,456,8998.95
POI00015061,PO0004028,PRD00158,108,12470.65
POI00015062,PO0003024,PRD00883,387,13462.78
POI00015063,PO0006798,PRD00525,173,14289.77
POI00015064,PO0006067,PRD00416,226,5875.21
POI00015065,PO0002515,PRD00265,384,1738.91
POI00015066,PO0008647,PRD00932,287,12917.17
POI00015067,PO0009709,PRD00901,108,1036.08
POI00015068,PO0004562,PRD00386,360,7920.56
POI00015069,PO0000542,PRD00144,189,7505.2
POI00015070,PO0008360,PRD00087,10,2757.27
POI00015071,PO0001670,PRD00535,87,12386.73
POI00015072,PO0008907,PRD00268,298,9508.77
POI00015073,PO0001117,PRD00020,473,14093.42
POI00015074,PO0003957,PRD00022,96,6591.0
POI00015075,PO0002617,PRD00661,252,8498.56
POI00015076,PO0006682,PRD00393,341,755.72
POI00015077,PO0000240,PRD00166,319,9766.65
POI00015078,PO0003384,PRD00549,95,2125.97
POI00015079,PO0003281,PRD00643,140,5309.18
POI00015080,PO0009172,PRD00095,125,11653.35
POI00015081,PO0003088,PRD00209,467,9137.57
POI00015082,PO0003543,PRD00113,390,4380.21
POI00015083,PO0004116,PRD00852,86,9836.31
POI00015084,PO0006528,PRD00717,395,5192.63
POI00015085,PO0004885,PRD00710,358,7104.05
POI00015086,PO0007533,PRD00268,364,9508.77
POI00015087,PO0005799,PRD00812,474,3339.2
POI00015088,PO0005671,PRD00483,481,8191.19
POI00015089,PO0004666,PRD00187,21,4183.24
POI00015090,PO0004294,PRD00537,327,11841.49
POI00015091,PO0008806,PRD00712,55,5380.83
POI00015092,PO0002168,PRD00305,92,1060.96
POI00015093,PO0001014,PRD00865,445,13316.61
POI00015094,PO0007121,PRD00812,423,3339.2
POI00015095,PO0008523,PRD00300,115,10666.34
POI00015096,PO0009071,PRD00351,314,4761.19
POI00015097,PO0003903,PRD00452,85,2503.76
POI00015098,PO0000088,PRD00273,428,3864.46
POI00015099,PO0008199,PRD00135,165,7084.8
POI00015100,PO0005063,PRD00388,481,2534.89
POI00015101,PO0009838,PRD00294,281,7979.54
POI00015102,PO0009162,PRD00399,207,10939.64
POI00015103,PO0002963,PRD00830,145,8039.34
POI00015104,PO0009266,PRD00467,247,10304.91
POI00015105,PO0009374,PRD00286,269,4652.92
POI00015106,PO0000651,PRD00187,324,4183.24
POI00015107,PO0008691,PRD00792,289,12139.91
POI00015108,PO0006280,PRD00811,132,13260.28
POI00015109,PO0006551,PRD00321,355,7009.48
POI00015110,PO0004782,PRD00836,385,2825.17
POI00015111,PO0007872,PRD00475,450,14519.03
POI00015112,PO0009994,PRD00146,447,1182.02
POI00015113,PO0005752,PRD00106,356,6611.36
POI00015114,PO0009179,PRD00900,334,12362.97
POI00015115,PO0009371,PRD00457,353,7399.8
POI00015116,PO0002424,PRD00677,357,658.64
POI00015117,PO0003634,PRD00484,274,1711.79
POI00015118,PO0008462,PRD00571,403,268.96
POI00015119,PO0003038,PRD00012,202,14609.65
POI00015120,PO0003075,PRD00616,14,1388.81
POI00015121,PO0007987,PRD00570,18,4694.61
POI00015122,PO0008043,PRD00287,205,5325.08
POI00015123,PO0000694,PRD00562,334,329.01
POI00015124,PO0000022,PRD00681,441,14615.35
POI00015125,PO0000245,PRD00670,402,8380.95
POI00015126,PO0000766,PRD00656,157,3059.15
POI00015127,PO0005351,PRD00253,494,11689.61
POI00015128,PO0000235,PRD00105,14,7072.97
POI00015129,PO0005761,PRD00374,20,290.14
POI00015130,PO0007000,PRD00464,18,471.83
POI00015131,PO0009347,PRD00202,295,2771.81
POI00015132,PO0000026,PRD00622,474,3778.03
POI00015133,PO0005330,PRD00081,383,3386.22
POI00015134,PO0008985,PRD00024,190,5514.18
POI00015135,PO0003466,PRD00894,217,2746.5
POI00015136,PO0007779,PRD00348,486,10382.26
POI00015137,PO0009307,PRD00373,186,5013.81
POI00015138,PO0002656,PRD00234,389,12179.62
POI00015139,PO0008539,PRD00441,95,3675.25
POI00015140,PO0004000,PRD00948,295,5378.23
POI00015141,PO0004667,PRD00424,430,7036.46
POI00015142,PO0006720,PRD00406,387,6081.8
POI00015143,PO0003406,PRD00882,133,7275.03
POI00015144,PO0001920,PRD00787,144,3077.27
POI00015145,PO0006921,PRD00686,157,2956.03
POI00015146,PO0001927,PRD00066,79,1213.87
POI00015147,PO0008358,PRD00648,98,4835.26
POI00015148,PO0005333,PRD00933,153,4789.52
POI00015149,PO0009462,PRD00109,331,11465.59
POI00015150,PO0006653,PRD00675,212,9849.43
POI00015151,PO0005527,PRD00857,36,11441.17
POI00015152,PO0004972,PRD00385,164,11446.95
POI00015153,PO0002744,PRD00264,205,12537.65
POI00015154,PO0003149,PRD00175,270,834.63
POI00015155,PO0000205,PRD00586,344,4430.6
POI00015156,PO0004751,PRD00896,65,12836.58
POI00015157,PO0009586,PRD00875,332,6782.11
POI00015158,PO0005901,PRD00026,313,10030.04
POI00015159,PO0009167,PRD00246,423,12678.87
POI00015160,PO0006726,PRD00305,452,1060.96
POI00015161,PO0009650,PRD00948,409,5378.23
POI00015162,PO0003468,PRD00453,233,5806.99
POI00015163,PO0006535,PRD00750,375,6059.6
POI00015164,PO0003523,PRD00439,389,7978.91
POI00015165,PO0008217,PRD00059,112,7096.98
POI00015166,PO0008828,PRD00746,392,5454.4
POI00015167,PO0002960,PRD00494,152,12749.77
POI00015168,PO0008010,PRD00303,401,3612.1
POI00015169,PO0000445,PRD00467,223,10304.91
POI00015170,PO0006072,PRD00952,244,4757.15
POI00015171,PO0007727,PRD00687,499,6890.21
POI00015172,PO0003874,PRD00758,94,14670.2
POI00015173,PO0008949,PRD00669,192,4850.66
POI00015174,PO0004989,PRD00469,82,4552.3
POI00015175,PO0008425,PRD00071,375,9562.93
POI00015176,PO0006537,PRD00819,424,9433.84
POI00015177,PO0003086,PRD00622,113,3778.03
POI00015178,PO0006963,PRD00045,287,3578.64
POI00015179,PO0000922,PRD00256,137,4333.14
POI00015180,PO0000266,PRD00193,262,1081.63
POI00015181,PO0006332,PRD00540,216,3098.59
POI00015182,PO0004190,PRD00397,463,1277.33
POI00015183,PO0001833,PRD00579,424,3728.71
POI00015184,PO0006607,PRD00625,241,8920.39
POI00015185,PO0000674,PRD00465,357,12966.68
POI00015186,PO0009192,PRD00834,194,4625.99
POI00015187,PO0008830,PRD00731,219,8878.22
POI00015188,PO0002503,PRD00712,280,5380.83
POI00015189,PO0009952,PRD00226,103,7002.18
POI00015190,PO0001897,PRD00093,368,12182.24
POI00015191,PO0006534,PRD00235,187,664.0
POI00015192,PO0006801,PRD00762,208,13051.68
POI00015193,PO0003454,PRD00002,279,14088.84
POI00015194,PO0002428,PRD00508,116,9561.68
POI00015195,PO0005121,PRD00653,440,9936.12
POI00015196,PO0002688,PRD00607,453,12074.14
POI00015197,PO0005215,PRD00251,240,3571.32
POI00015198,PO0005499,PRD00799,113,14353.99
POI00015199,PO0007576,PRD00755,133,12949.63
POI00015200,PO0000118,PRD00694,153,9801.68
POI00015201,PO0006904,PRD00516,42,8281.91
POI00015202,PO0007457,PRD00968,49,14208.61
POI00015203,PO0005110,PRD00577,13,5565.9
POI00015204,PO0009591,PRD00124,351,8304.87
POI00015205,PO0001553,PRD00249,27,10840.05
POI00015206,PO0004948,PRD00126,357,12322.6
POI00015207,PO0004573,PRD00907,196,14636.64
POI00015208,PO0004457,PRD00934,219,8748.64
POI00015209,PO0005263,PRD00084,449,1880.19
POI00015210,PO0005100,PRD00062,320,3639.09
POI00015211,PO0002375,PRD00086,121,14709.22
POI00015212,PO0009412,PRD00280,446,626.38
POI00015213,PO0005401,PRD00348,384,10382.26
POI00015214,PO0005088,PRD00047,377,1038.29
POI00015215,PO0001795,PRD00632,171,12709.49
POI00015216,PO0008326,PRD00204,56,1118.21
POI00015217,PO0007076,PRD00285,58,8218.48
POI00015218,PO0005091,PRD00066,431,1213.87
POI00015219,PO0002093,PRD00899,224,2478.21
POI00015220,PO0004917,PRD00717,428,5192.63
POI00015221,PO0008792,PRD00306,216,7923.38
POI00015222,PO0007544,PRD00130,201,731.22
POI00015223,PO0000268,PRD00899,129,2478.21
POI00015224,PO0009084,PRD00423,446,13733.69
POI00015225,PO0006226,PRD00536,264,5119.31
POI00015226,PO0008557,PRD00245,438,2944.72
POI00015227,PO0001331,PRD00959,337,4695.81
POI00015228,PO0005801,PRD00907,227,14636.64
POI00015229,PO0000828,PRD00948,422,5378.23
POI00015230,PO0004093,PRD00580,84,13972.91
POI00015231,PO0007156,PRD00592,105,14420.88
POI00015232,PO0006350,PRD00907,492,14636.64
POI00015233,PO0006990,PRD00066,249,1213.87
POI00015234,PO0002073,PRD00348,456,10382.26
POI00015235,PO0009620,PRD00077,117,3244.83
POI00015236,PO0006993,PRD00795,138,10383.68
POI00015237,PO0007023,PRD00930,264,3393.62
POI00015238,PO0004280,PRD00298,40,1909.75
POI00015239,PO0004584,PRD00155,416,11846.07
POI00015240,PO0003507,PRD00481,435,9907.25
POI00015241,PO0008832,PRD00874,135,13187.35
POI00015242,PO0000938,PRD00628,84,2699.31
POI00015243,PO0001225,PRD00283,318,14607.96
POI00015244,PO0004340,PRD00056,53,2104.64
POI00015245,PO0008192,PRD00497,299,9476.02
POI00015246,PO0007036,PRD00650,263,5122.22
POI00015247,PO0007268,PRD00373,361,5013.81
POI00015248,PO0000732,PRD00146,302,1182.02
POI00015249,PO0009392,PRD00242,317,9680.92
POI00015250,PO0009910,PRD00618,231,7236.89
POI00015251,PO0003415,PRD00626,211,10575.52
POI00015252,PO0007776,PRD00431,457,11469.34
POI00015253,PO0007293,PRD00038,446,11694.03
POI00015254,PO0000989,PRD00580,149,13972.91
POI00015255,PO0001342,PRD00297,375,3281.39
POI00015256,PO0000041,PRD00849,210,10933.19
POI00015257,PO0005344,PRD00663,273,8339.74
POI00015258,PO0005658,PRD00752,388,1766.8
POI00015259,PO0007391,PRD00082,346,7141.05
POI00015260,PO0007272,PRD00513,52,7371.4
POI00015261,PO0008911,PRD00924,249,3584.13
POI00015262,PO0001537,PRD00428,416,322.0
POI00015263,PO0007214,PRD00088,457,759.09
POI00015264,PO0003035,PRD00344,479,8985.89
POI00015265,PO0002303,PRD00775,271,1675.87
POI00015266,PO0008619,PRD00658,398,7106.49
POI00015267,PO0006474,PRD00303,363,3612.1
POI00015268,PO0007663,PRD00227,304,12974.56
POI00015269,PO0007851,PRD00466,260,10894.67
POI00015270,PO0007254,PRD00535,276,12386.73
POI00015271,PO0003488,PRD00405,175,8998.95
POI00015272,PO0002986,PRD00708,157,13605.38
POI00015273,PO0002698,PRD00743,172,2305.24
POI00015274,PO0005884,PRD00268,324,9508.77
POI00015275,PO0001323,PRD00568,272,4707.73
POI00015276,PO0006631,PRD00223,408,13596.37
POI00015277,PO0006859,PRD00761,226,9679.51
POI00015278,PO0009143,PRD00532,51,4963.16
POI00015279,PO0008361,PRD00280,50,626.38
POI00015280,PO0006731,PRD00857,156,11441.17
POI00015281,PO0003994,PRD00215,370,7543.91
POI00015282,PO0009365,PRD00645,189,13236.02
POI00015283,PO0003160,PRD00017,244,12322.4
POI00015284,PO0004589,PRD00171,321,3321.66
POI00015285,PO0000269,PRD00718,363,12946.92
POI00015286,PO0009881,PRD00392,209,5987.55
POI00015287,PO0008744,PRD00900,414,12362.97
POI00015288,PO0006909,PRD00415,242,13727.94
POI00015289,PO0001179,PRD00574,219,11589.74
POI00015290,PO0004490,PRD00981,267,916.09
POI00015291,PO0004668,PRD00153,335,10192.25
POI00015292,PO0008572,PRD00159,49,11218.67
POI00015293,PO0006790,PRD00854,441,7572.34
POI00015294,PO0004087,PRD00424,457,7036.46
POI00015295,PO0002044,PRD00185,241,6440.0
POI00015296,PO0009481,PRD00637,442,11031.21
POI00015297,PO0001634,PRD00836,422,2825.17
POI00015298,PO0003059,PRD00445,415,6126.75
POI00015299,PO0003503,PRD00926,245,11701.76
POI00015300,PO0008225,PRD00449,121,4124.74
POI00015301,PO0000459,PRD00367,360,13626.42
POI00015302,PO0001762,PRD00942,323,11797.17
POI00015303,PO0001499,PRD00960,349,2038.65
POI00015304,PO0007842,PRD00087,99,2757.27
POI00015305,PO0006591,PRD00065,388,13939.0
POI00015306,PO0004637,PRD00265,438,1738.91
POI00015307,PO0006811,PRD00591,148,1630.92
POI00015308,PO0002441,PRD00124,94,8304.87
POI00015309,PO0001925,PRD00854,267,7572.34
POI00015310,PO0008501,PRD00413,244,6171.23
POI00015311,PO0000761,PRD00623,420,11479.62
POI00015312,PO0008617,PRD00762,471,13051.68
POI00015313,PO0007034,PRD00361,149,2128.11
POI00015314,PO0003594,PRD00200,376,12689.72
POI00015315,PO0006233,PRD00487,357,1551.21
POI00015316,PO0002494,PRD00197,38,14528.51
POI00015317,PO0001852,PRD00356,99,5284.14
POI00015318,PO0007473,PRD00109,225,11465.59
POI00015319,PO0004096,PRD00626,197,10575.52
POI00015320,PO0005325,PRD00526,47,2102.99
POI00015321,PO0002534,PRD00385,237,11446.95
POI00015322,PO0006431,PRD00330,172,4277.84
POI00015323,PO0007403,PRD00519,27,4521.82
POI00015324,PO0005152,PRD00402,177,2394.41
POI00015325,PO0001593,PRD00270,492,2874.72
POI00015326,PO0007134,PRD00526,146,2102.99
POI00015327,PO0001745,PRD00801,204,12463.35
POI00015328,PO0003198,PRD00923,398,14211.0
POI00015329,PO0004645,PRD00331,289,4343.37
POI00015330,PO0009913,PRD00934,303,8748.64
POI00015331,PO0000498,PRD00309,204,11535.3
POI00015332,PO0002191,PRD00929,298,2808.45
POI00015333,PO0009329,PRD00504,43,12220.97
POI00015334,PO0009036,PRD00314,388,8909.78
POI00015335,PO0006988,PRD00025,228,9977.74
POI00015336,PO0002145,PRD00729,449,5440.02
POI00015337,PO0001742,PRD00787,231,3077.27
POI00015338,PO0005891,PRD00205,269,5692.82
POI00015339,PO0006565,PRD00585,72,4963.33
POI00015340,PO0009695,PRD00416,402,5875.21
POI00015341,PO0004056,PRD00712,411,5380.83
POI00015342,PO0002259,PRD00685,174,2103.9
POI00015343,PO0008827,PRD00517,21,8167.29
POI00015344,PO0003127,PRD00162,84,287.67
POI00015345,PO0005366,PRD00959,201,4695.81
POI00015346,PO0006082,PRD00179,239,11993.83
POI00015347,PO0003873,PRD00304,367,7053.7
POI00015348,PO0007113,PRD00257,123,12479.22
POI00015349,PO0001048,PRD00709,198,12622.33
POI00015350,PO0008142,PRD00965,452,8131.85
POI00015351,PO0004988,PRD00763,383,5016.95
POI00015352,PO0001342,PRD00851,441,13602.05
POI00015353,PO0003457,PRD00902,58,10889.46
POI00015354,PO0003981,PRD00017,373,12322.4
POI00015355,PO0006000,PRD00019,30,5319.1
POI00015356,PO0006214,PRD00921,309,10131.57
POI00015357,PO0006666,PRD00875,487,6782.11
POI00015358,PO0007478,PRD00788,89,13824.18
POI00015359,PO0005559,PRD00235,389,664.0
POI00015360,PO0000716,PRD00258,369,13278.68
POI00015361,PO0007691,PRD00002,12,14088.84
POI00015362,PO0008814,PRD00491,229,4733.4
POI00015363,PO0000366,PRD00173,297,983.41
POI00015364,PO0009786,PRD00852,328,9836.31
POI00015365,PO0002461,PRD00613,369,2658.28
POI00015366,PO0004345,PRD00412,427,14128.47
POI00015367,PO0005232,PRD00641,211,5254.41
POI00015368,PO0007581,PRD00053,228,10059.59
POI00015369,PO0009310,PRD00534,75,12763.59
POI00015370,PO0002983,PRD00152,333,9137.41
POI00015371,PO0001726,PRD00225,340,11422.41
POI00015372,PO0002532,PRD00515,252,11728.64
POI00015373,PO0003340,PRD00756,120,13812.34
POI00015374,PO0004176,PRD00168,235,5878.6
POI00015375,PO0008895,PRD00981,137,916.09
POI00015376,PO0000925,PRD00897,330,11763.99
POI00015377,PO0001488,PRD00622,334,3778.03
POI00015378,PO0005277,PRD00320,50,1168.76
POI00015379,PO0007254,PRD00935,97,2872.31
POI00015380,PO0006797,PRD00580,344,13972.91
POI00015381,PO0002108,PRD00152,425,9137.41
POI00015382,PO0001091,PRD00786,319,12658.67
POI00015383,PO0004879,PRD00360,69,11230.29
POI00015384,PO0000889,PRD00444,280,9833.74
POI00015385,PO0008843,PRD00982,382,2789.53
POI00015386,PO0007341,PRD00808,177,7399.02
POI00015387,PO0002439,PRD00841,309,13509.77
POI00015388,PO0003359,PRD00693,314,12868.1
POI00015389,PO0009997,PRD00243,413,9718.69
POI00015390,PO0004848,PRD00350,129,7818.75
POI00015391,PO0006169,PRD00093,458,12182.24
POI00015392,PO0009301,PRD00108,261,14993.62
POI00015393,PO0007970,PRD00794,215,14754.3
POI00015394,PO0007970,PRD00838,182,9698.54
POI00015395,PO0000275,PRD00956,338,3221.73
POI00015396,PO0001599,PRD00086,43,14709.22
POI00015397,PO0006582,PRD00975,254,9296.52
POI00015398,PO0006359,PRD00621,328,7979.13
POI00015399,PO0009253,PRD00173,459,983.41
POI00015400,PO0005477,PRD00123,225,6279.12
POI00015401,PO0005812,PRD00418,390,848.93
POI00015402,PO0005297,PRD00520,365,12944.02
POI00015403,PO0007628,PRD00663,377,8339.74
POI00015404,PO0000558,PRD00492,256,5276.64
POI00015405,PO0005294,PRD00601,255,14472.35
POI00015406,PO0008163,PRD00452,312,2503.76
POI00015407,PO0008102,PRD00967,39,5210.76
POI00015408,PO0001489,PRD00729,309,5440.02
POI00015409,PO0000320,PRD00952,348,4757.15
POI00015410,PO0003495,PRD00132,19,14475.18
POI00015411,PO0005873,PRD00793,296,871.73
POI00015412,PO0007983,PRD00249,286,10840.05
POI00015413,PO0001418,PRD00372,481,12777.81
POI00015414,PO0007183,PRD00715,308,7125.52
POI00015415,PO0006111,PRD00020,262,14093.42
POI00015416,PO0001635,PRD00516,255,8281.91
POI00015417,PO0002624,PRD00800,401,273.44
POI00015418,PO0003809,PRD00239,10,3839.78
POI00015419,PO0005514,PRD00996,16,12098.44
POI00015420,PO0009300,PRD00889,448,161.6
POI00015421,PO0004327,PRD00008,69,8448.73
POI00015422,PO0007140,PRD00231,380,9255.93
POI00015423,PO0005481,PRD00855,108,11377.51
POI00015424,PO0007433,PRD00797,361,11156.8
POI00015425,PO0001352,PRD00412,207,14128.47
POI00015426,PO0000602,PRD00458,43,10221.05
POI00015427,PO0000998,PRD00372,150,12777.81
POI00015428,PO0004967,PRD00014,428,11069.54
POI00015429,PO0008985,PRD00386,438,7920.56
POI00015430,PO0003220,PRD00728,177,6550.29
POI00015431,PO0005204,PRD00280,223,626.38
POI00015432,PO0001627,PRD00606,255,8374.83
POI00015433,PO0008686,PRD00548,141,10982.99
POI00015434,PO0003638,PRD00633,171,8823.37
POI00015435,PO0002398,PRD00227,380,12974.56
POI00015436,PO0005750,PRD00083,282,5329.01
POI00015437,PO0007090,PRD00368,392,13705.39
POI00015438,PO0002796,PRD00335,315,12393.64
POI00015439,PO0003989,PRD00682,44,9106.29
POI00015440,PO0007368,PRD00723,328,642.86
POI00015441,PO0007679,PRD00437,99,981.92
POI00015442,PO0004425,PRD00518,259,8231.59
POI00015443,PO0004748,PRD00010,101,704.09
POI00015444,PO0002891,PRD00036,338,10797.72
POI00015445,PO0007686,PRD00623,148,11479.62
POI00015446,PO0007509,PRD00860,151,1620.12
POI00015447,PO0009359,PRD00793,323,871.73
POI00015448,PO0003182,PRD00424,395,7036.46
POI00015449,PO0008071,PRD00909,82,11074.93
POI00015450,PO0001045,PRD00593,130,1467.96
POI00015451,PO0007614,PRD00376,344,7767.99
POI00015452,PO0008570,PRD00644,66,5838.18
POI00015453,PO0005386,PRD00060,481,9780.15
POI00015454,PO0006856,PRD00275,166,2070.47
POI00015455,PO0004367,PRD00104,151,8958.06
POI00015456,PO0002488,PRD00081,355,3386.22
POI00015457,PO0002243,PRD00763,178,5016.95
POI00015458,PO0003124,PRD00835,417,6236.81
POI00015459,PO0009621,PRD00494,455,12749.77
POI00015460,PO0008160,PRD00236,298,5509.36
POI00015461,PO0004325,PRD00195,463,8830.06
POI00015462,PO0008689,PRD00436,239,10630.97
POI00015463,PO0002883,PRD00639,407,2796.66
POI00015464,PO0005942,PRD00520,30,12944.02
POI00015465,PO0005042,PRD00512,179,6184.28
POI00015466,PO0005749,PRD00782,293,9890.23
POI00015467,PO0003872,PRD00837,166,2785.86
POI00015468,PO0000335,PRD00882,375,7275.03
POI00015469,PO0003373,PRD00926,208,11701.76
POI00015470,PO0005244,PRD00762,492,13051.68
POI00015471,PO0000796,PRD00830,126,8039.34
POI00015472,PO0002200,PRD00417,481,13839.61
POI00015473,PO0004417,PRD00240,159,1296.01
POI00015474,PO0002032,PRD00958,31,1630.61
POI00015475,PO0002724,PRD00823,203,889.68
POI00015476,PO0005630,PRD00365,262,9821.16
POI00015477,PO0003760,PRD00276,252,12469.32
POI00015478,PO0006059,PRD00305,287,1060.96
POI00015479,PO0009838,PRD00621,309,7979.13
POI00015480,PO0003947,PRD00705,187,14962.24
POI00015481,PO0001471,PRD00572,290,14299.0
POI00015482,PO0003591,PRD00772,131,11409.05
POI00015483,PO0005834,PRD00256,12,4333.14
POI00015484,PO0004771,PRD00553,308,1373.39
POI00015485,PO0005827,PRD00447,487,8522.58
POI00015486,PO0000036,PRD00722,187,9531.63
POI00015487,PO0008468,PRD00779,38,14460.71
POI00015488,PO0006047,PRD00308,149,1994.75
POI00015489,PO0007154,PRD00458,79,10221.05
POI00015490,PO0007378,PRD00916,96,11381.5
POI00015491,PO0001527,PRD00130,357,731.22
POI00015492,PO0009109,PRD00382,126,10379.13
POI00015493,PO0005990,PRD00308,283,1994.75
POI00015494,PO0003922,PRD00844,192,10706.01
POI00015495,PO0003244,PRD00304,461,7053.7
POI00015496,PO0004550,PRD00224,361,3605.13
POI00015497,PO0005676,PRD00498,157,515.55
POI00015498,PO0002777,PRD00784,446,4162.05
POI00015499,PO0002806,PRD00636,345,3410.7
POI00015500,PO0004800,PRD00439,494,7978.91
POI00015501,PO0004362,PRD00347,310,2926.5
POI00015502,PO0007303,PRD00240,381,1296.01
POI00015503,PO0001744,PRD00542,492,3815.81
POI00015504,PO0009544,PRD00995,270,1957.35
POI00015505,PO0003897,PRD00648,41,4835.26
POI00015506,PO0008195,PRD00122,173,7515.76
POI00015507,PO0008001,PRD00834,34,4625.99
POI00015508,PO0000733,PRD00197,62,14528.51
POI00015509,PO0005658,PRD00776,446,3296.6
POI00015510,PO0004583,PRD00732,144,5677.87
POI00015511,PO0004366,PRD00586,367,4430.6
POI00015512,PO0002759,PRD00592,442,14420.88
POI00015513,PO0002785,PRD00214,295,11225.45
POI00015514,PO0009286,PRD00369,139,11836.37
POI00015515,PO0009343,PRD00956,203,3221.73
POI00015516,PO0001265,PRD00188,186,5763.09
POI00015517,PO0005655,PRD00291,481,1083.12
POI00015518,PO0001102,PRD00590,50,14268.77
POI00015519,PO0003041,PRD00695,113,7153.53
POI00015520,PO0005936,PRD00305,314,1060.96
POI00015521,PO0002656,PRD00287,101,5325.08
POI00015522,PO0001529,PRD00704,182,9935.11
POI00015523,PO0004319,PRD00066,11,1213.87
POI00015524,PO0005931,PRD00198,478,2388.57
POI00015525,PO0003081,PRD00697,220,6403.2
POI00015526,PO0008703,PRD00508,251,9561.68
POI00015527,PO0000895,PRD00712,295,5380.83
POI00015528,PO0001449,PRD00583,428,2755.82
POI00015529,PO0005457,PRD00078,393,8372.4
POI00015530,PO0002014,PRD00545,350,7193.96
POI00015531,PO0000259,PRD00412,313,14128.47
POI00015532,PO0001553,PRD00896,430,12836.58
POI00015533,PO0008499,PRD00257,71,12479.22
POI00015534,PO0000675,PRD00914,470,14209.47
POI00015535,PO0005418,PRD00143,127,2616.16
POI00015536,PO0002187,PRD00853,339,2077.51
POI00015537,PO0006570,PRD00112,205,10078.39
POI00015538,PO0002744,PRD00945,188,3955.76
POI00015539,PO0003654,PRD00789,356,7598.09
POI00015540,PO0007294,PRD00265,176,1738.91
POI00015541,PO0006278,PRD00871,170,8636.42
POI00015542,PO0002365,PRD00659,302,2838.43
POI00015543,PO0002189,PRD00984,495,5821.18
POI00015544,PO0005772,PRD00705,493,14962.24
POI00015545,PO0008763,PRD00345,313,10843.29
POI00015546,PO0006868,PRD00163,162,8801.64
POI00015547,PO0002589,PRD00515,465,11728.64
POI00015548,PO0000189,PRD00085,455,2937.79
POI00015549,PO0004976,PRD00161,19,14511.66
POI00015550,PO0004300,PRD00043,196,6795.04
POI00015551,PO0008193,PRD00781,374,10401.92
POI00015552,PO0008260,PRD00873,461,7788.28
POI00015553,PO0008756,PRD00855,261,11377.51
POI00015554,PO0008652,PRD00102,74,6423.07
POI00015555,PO0006058,PRD00189,488,1559.74
POI00015556,PO0009857,PRD00124,119,8304.87
POI00015557,PO0008635,PRD00370,255,218.27
POI00015558,PO0004833,PRD00131,164,5840.29
POI00015559,PO0009479,PRD00314,37,8909.78
POI00015560,PO0008467,PRD00863,446,7788.61
POI00015561,PO0002766,PRD00880,432,12411.59
POI00015562,PO0005346,PRD00054,21,13799.56
POI00015563,PO0002039,PRD00202,454,2771.81
POI00015564,PO0008957,PRD00561,74,5531.95
POI00015565,PO0007065,PRD00330,86,4277.84
POI00015566,PO0005121,PRD00940,408,12016.56
POI00015567,PO0001290,PRD00548,464,10982.99
POI00015568,PO0002503,PRD00516,12,8281.91
POI00015569,PO0002660,PRD00053,157,10059.59
POI00015570,PO0009627,PRD00551,382,6646.28
POI00015571,PO0009877,PRD00587,38,7001.79
POI00015572,PO0006268,PRD00352,178,10163.96
POI00015573,PO0009915,PRD00010,193,704.09
POI00015574,PO0006057,PRD00817,477,13482.36
POI00015575,PO0008440,PRD00023,117,3880.46
POI00015576,PO0004645,PRD00395,268,6180.29
POI00015577,PO0000930,PRD00625,205,8920.39
POI00015578,PO0007252,PRD00391,380,8417.25
POI00015579,PO0008771,PRD00035,43,9200.21
POI00015580,PO0000403,PRD00904,28,9633.15
POI00015581,PO0000558,PRD00085,30,2937.79
POI00015582,PO0006290,PRD00885,106,14081.25
POI00015583,PO0009080,PRD00616,342,1388.81
POI00015584,PO0000271,PRD00497,172,9476.02
POI00015585,PO0006621,PRD00911,191,14452.25
POI00015586,PO0000553,PRD00234,317,12179.62
POI00015587,PO0007241,PRD00131,62,5840.29
POI00015588,PO0009838,PRD00211,381,7941.86
POI00015589,PO0002987,PRD00335,243,12393.64
POI00015590,PO0009343,PRD00508,127,9561.68
POI00015591,PO0000643,PRD00128,322,8314.61
POI00015592,PO0008214,PRD00742,109,120.85
POI00015593,PO0002539,PRD00447,139,8522.58
POI00015594,PO0007894,PRD00449,294,4124.74
POI00015595,PO0003045,PRD00299,113,14959.16
POI00015596,PO0000469,PRD00847,133,9711.63
POI00015597,PO0007182,PRD00820,277,12985.07
POI00015598,PO0009046,PRD00223,157,13596.37
POI00015599,PO0002006,PRD00956,255,3221.73
POI00015600,PO0003954,PRD00175,376,834.63
POI00015601,PO0000659,PRD00669,479,4850.66
POI00015602,PO0003015,PRD00921,272,10131.57
POI00015603,PO0002245,PRD00212,423,194.69
POI00015604,PO0005485,PRD00778,161,11600.41
POI00015605,PO0008096,PRD00421,421,3240.17
POI00015606,PO0002619,PRD00138,182,9292.5
POI00015607,PO0004943,PRD00478,409,14298.83
POI00015608,PO0009902,PRD00699,264,8800.55
POI00015609,PO0007394,PRD00116,173,6245.65
POI00015610,PO0006824,PRD00526,70,2102.99
POI00015611,PO0004359,PRD00056,178,2104.64
POI00015612,PO0008396,PRD01000,17,1107.64
POI00015613,PO0002751,PRD00927,99,9238.3
POI00015614,PO0000337,PRD00521,384,3211.38
POI00015615,PO0005397,PRD00599,487,11716.66
POI00015616,PO0008840,PRD00683,195,11134.9
POI00015617,PO0007027,PRD00722,287,9531.63
POI00015618,PO0006659,PRD00841,100,13509.77
POI00015619,PO0004564,PRD00946,419,5214.57
POI00015620,PO0001575,PRD00461,391,4804.84
POI00015621,PO0006003,PRD00017,73,12322.4
POI00015622,PO0003320,PRD00279,98,14005.9
POI00015623,PO0009676,PRD00600,479,6787.54
POI00015624,PO0000553,PRD00082,47,7141.05
POI00015625,PO0009643,PRD00228,181,7076.3
POI00015626,PO0001022,PRD00418,200,848.93
POI00015627,PO0002681,PRD00987,219,9467.13
POI00015628,PO0002186,PRD00143,130,2616.16
POI00015629,PO0003349,PRD00894,493,2746.5
POI00015630,PO0000028,PRD00296,15,13710.05
POI00015631,PO0003949,PRD00703,382,2890.33
POI00015632,PO0005910,PRD00105,78,7072.97
POI00015633,PO0003123,PRD00648,106,4835.26
POI00015634,PO0003346,PRD00732,135,5677.87
POI00015635,PO0009926,PRD00817,181,13482.36
POI00015636,PO0004295,PRD00544,391,6484.13
POI00015637,PO0007615,PRD00775,178,1675.87
POI00015638,PO0007218,PRD00367,392,13626.42
POI00015639,PO0007069,PRD00015,281,4060.74
POI00015640,PO0002731,PRD00803,306,4469.13
POI00015641,PO0007164,PRD00101,379,1142.0
POI00015642,PO0004881,PRD00640,249,14055.38
POI00015643,PO0009851,PRD00012,13,14609.65
POI00015644,PO0008313,PRD00789,427,7598.09
POI00015645,PO0001824,PRD00487,123,1551.21
POI00015646,PO0007636,PRD00486,80,14504.82
POI00015647,PO0002029,PRD00720,299,6824.63
POI00015648,PO0003689,PRD00112,320,10078.39
POI00015649,PO0001744,PRD00980,119,10478.27
POI00015650,PO0008683,PRD00161,50,14511.66
POI00015651,PO0005542,PRD00039,59,829.26
POI00015652,PO0003758,PRD00066,380,1213.87
POI00015653,PO0001355,PRD00420,490,7232.56
POI00015654,PO0002199,PRD00023,456,3880.46
POI00015655,PO0004492,PRD00128,322,8314.61
POI00015656,PO0008120,PRD00329,131,14502.96
POI00015657,PO0004810,PRD00266,77,3637.52
POI00015658,PO0001022,PRD00029,149,4613.81
POI00015659,PO0000921,PRD00695,419,7153.53
POI00015660,PO0001584,PRD00683,236,11134.9
POI00015661,PO0009370,PRD00014,465,11069.54
POI00015662,PO0003996,PRD00378,449,5802.93
POI00015663,PO0006148,PRD00953,318,4127.02
POI00015664,PO0008310,PRD00779,138,14460.71
POI00015665,PO0000326,PRD00807,70,13935.13
POI00015666,PO0009569,PRD00967,69,5210.76
POI00015667,PO0008874,PRD00092,339,1185.31
POI00015668,PO0006705,PRD00254,227,12034.79
POI00015669,PO0001770,PRD00132,440,14475.18
POI00015670,PO0005765,PRD00056,392,2104.64
POI00015671,PO0009384,PRD00899,397,2478.21
POI00015672,PO0005047,PRD00654,397,8610.81
POI00015673,PO0007842,PRD00475,392,14519.03
POI00015674,PO0006599,PRD00874,394,13187.35
POI00015675,PO0006475,PRD00675,413,9849.43
POI00015676,PO0003695,PRD00064,256,11684.65
POI00015677,PO0006767,PRD00426,156,11443.5
POI00015678,PO0006528,PRD00184,19,6913.99
POI00015679,PO0003250,PRD00949,305,13353.32
POI00015680,PO0008699,PRD00262,132,10465.39
POI00015681,PO0009768,PRD00988,440,3859.43
POI00015682,PO0007490,PRD00642,324,6743.72
POI00015683,PO0003109,PRD00128,152,8314.61
POI00015684,PO0006264,PRD00177,254,12210.75
POI00015685,PO0002760,PRD00635,211,2679.1
POI00015686,PO0007030,PRD00185,231,6440.0
POI00015687,PO0001955,PRD00535,406,12386.73
POI00015688,PO0000522,PRD00281,471,12997.71
POI00015689,PO0002464,PRD00586,12,4430.6
POI00015690,PO0003213,PRD00014,471,11069.54
POI00015691,PO0007649,PRD00317,235,11523.03
POI00015692,PO0005926,PRD00201,49,9166.2
POI00015693,PO0006209,PRD00701,57,7267.54
POI00015694,PO0001648,PRD00922,497,7190.21
POI00015695,PO0009699,PRD00373,189,5013.81
POI00015696,PO0000866,PRD00124,257,8304.87
POI00015697,PO0007716,PRD00603,430,3288.11
POI00015698,PO0007396,PRD00209,109,9137.57
POI00015699,PO0007234,PRD00711,187,14208.1
POI00015700,PO0009466,PRD00686,371,2956.03
POI00015701,PO0008573,PRD00557,365,7804.82
POI00015702,PO0002874,PRD00151,452,13666.4
POI00015703,PO0006311,PRD00476,440,12262.1
POI00015704,PO0004944,PRD00690,356,2729.55
POI00015705,PO0007936,PRD00958,275,1630.61
POI00015706,PO0006771,PRD00143,383,2616.16
POI00015707,PO0006492,PRD00182,488,11205.33
POI00015708,PO0004187,PRD00693,75,12868.1
POI00015709,PO0009458,PRD00709,434,12622.33
POI00015710,PO0004538,PRD00166,482,9766.65
POI00015711,PO0002487,PRD00977,161,14587.2
POI00015712,PO0003384,PRD00281,53,12997.71
POI00015713,PO0000082,PRD00566,208,1327.27
POI00015714,PO0005293,PRD00709,40,12622.33
POI00015715,PO0004592,PRD00915,42,10437.34
POI00015716,PO0006581,PRD00792,472,12139.91
POI00015717,PO0007882,PRD00808,256,7399.02
POI00015718,PO0000529,PRD00980,112,10478.27
POI00015719,PO0007649,PRD00647,284,2506.84
POI00015720,PO0003376,PRD00441,288,3675.25
POI00015721,PO0000991,PRD00086,334,14709.22
POI00015722,PO0003212,PRD00039,332,829.26
POI00015723,PO0006547,PRD00855,133,11377.51
POI00015724,PO0002976,PRD00378,384,5802.93
POI00015725,PO0002670,PRD00452,321,2503.76
POI00015726,PO0001979,PRD00775,285,1675.87
POI00015727,PO0000373,PRD00306,323,7923.38
POI00015728,PO0007845,PRD00162,357,287.67
POI00015729,PO0002501,PRD00081,380,3386.22
POI00015730,PO0005357,PRD00290,247,2210.27
POI00015731,PO0000622,PRD00026,282,10030.04
POI00015732,PO0001868,PRD00149,99,8656.19
POI00015733,PO0007586,PRD00869,11,7264.23
POI00015734,PO0003060,PRD00144,98,7505.2
POI00015735,PO0004012,PRD00882,376,7275.03
POI00015736,PO0004965,PRD00759,392,6538.09
POI00015737,PO0007467,PRD00106,471,6611.36
POI00015738,PO0005422,PRD00257,312,12479.22
POI00015739,PO0002013,PRD00270,213,2874.72
POI00015740,PO0005824,PRD00549,145,2125.97
POI00015741,PO0007585,PRD00484,466,1711.79
POI00015742,PO0000804,PRD00108,403,14993.62
POI00015743,PO0004238,PRD00034,48,12113.92
POI00015744,PO0003427,PRD00374,352,290.14
POI00015745,PO0002657,PRD00661,87,8498.56
POI00015746,PO0005126,PRD00593,57,1467.96
POI00015747,PO0000351,PRD00545,165,7193.96
POI00015748,PO0001399,PRD00805,483,6473.34
POI00015749,PO0009107,PRD00404,162,3670.74
POI00015750,PO0006097,PRD00498,338,515.55
POI00015751,PO0004800,PRD00748,445,9977.26
POI00015752,PO0003721,PRD00090,320,7083.4
POI00015753,PO0001574,PRD00340,73,13976.02
POI00015754,PO0003998,PRD00656,65,3059.15
POI00015755,PO0001001,PRD00287,407,5325.08
POI00015756,PO0000956,PRD00754,129,2784.41
POI00015757,PO0008390,PRD00188,372,5763.09
POI00015758,PO0002677,PRD00549,421,2125.97
POI00015759,PO0008820,PRD00070,475,12755.67
POI00015760,PO0008866,PRD00563,92,13844.88
POI00015761,PO0003089,PRD00235,368,664.0
POI00015762,PO0008092,PRD00453,385,5806.99
POI00015763,PO0002460,PRD00319,336,3733.58
POI00015764,PO0001118,PRD00598,231,4825.42
POI00015765,PO0005290,PRD00887,340,6428.3
POI00015766,PO0002416,PRD00463,494,6510.21
POI00015767,PO0008235,PRD00008,401,8448.73
POI00015768,PO0006834,PRD00392,315,5987.55
POI00015769,PO0000818,PRD00601,482,14472.35
POI00015770,PO0007848,PRD00940,493,12016.56
POI00015771,PO0005045,PRD00990,28,4921.74
POI00015772,PO0004561,PRD00254,232,12034.79
POI00015773,PO0003018,PRD00678,141,815.42
POI00015774,PO0000378,PRD00343,346,10133.19
POI00015775,PO0007557,PRD00050,276,14145.71
POI00015776,PO0001708,PRD00343,243,10133.19
POI00015777,PO0006454,PRD00057,163,4964.1
POI00015778,PO0005871,PRD00925,131,3105.28
POI00015779,PO0004294,PRD00752,320,1766.8
POI00015780,PO0007095,PRD00262,299,10465.39
POI00015781,PO0009553,PRD00515,406,11728.64
POI00015782,PO0002699,PRD00273,410,3864.46
POI00015783,PO0001750,PRD00255,356,13121.82
POI00015784,PO0007576,PRD00467,401,10304.91
POI00015785,PO0006180,PRD00308,84,1994.75
POI00015786,PO0005162,PRD00920,96,10536.21
POI00015787,PO0008773,PRD00366,485,11358.19
POI00015788,PO0005210,PRD00660,289,745.68
POI00015789,PO0001889,PRD00905,319,2985.62
POI00015790,PO0006492,PRD00207,11,13259.47
POI00015791,PO0007147,PRD00690,491,2729.55
POI00015792,PO0007572,PRD00567,68,8082.94
POI00015793,PO0001382,PRD00811,247,13260.28
POI00015794,PO0009499,PRD00642,192,6743.72
POI00015795,PO0003331,PRD00103,18,12413.34
POI00015796,PO0000454,PRD00146,346,1182.02
POI00015797,PO0001926,PRD00919,204,12018.41
POI00015798,PO0004430,PRD00722,417,9531.63
POI00015799,PO0004451,PRD00205,96,5692.82
POI00015800,PO0009269,PRD00823,288,889.68
POI00015801,PO0000504,PRD00359,421,14333.28
POI00015802,PO0001552,PRD00897,69,11763.99
POI00015803,PO0006221,PRD00712,339,5380.83
POI00015804,PO0002926,PRD00127,385,12989.69
POI00015805,PO0005043,PRD00991,315,5985.46
POI00015806,PO0002660,PRD00979,304,3320.45
POI00015807,PO0004061,PRD00765,101,1393.26
POI00015808,PO0004698,PRD00123,426,6279.12
POI00015809,PO0009394,PRD00473,428,4562.49
POI00015810,PO0005936,PRD00516,202,8281.91
POI00015811,PO0003118,PRD00599,494,11716.66
POI00015812,PO0009072,PRD00419,216,13114.42
POI00015813,PO0004371,PRD00353,376,9182.34
POI00015814,PO0001658,PRD00057,120,4964.1
POI00015815,PO0008722,PRD00686,181,2956.03
POI00015816,PO0006553,PRD00251,234,3571.32
POI00015817,PO0000265,PRD00392,340,5987.55
POI00015818,PO0002629,PRD00287,464,5325.08
POI00015819,PO0003387,PRD00033,34,12290.88
POI00015820,PO0008406,PRD00055,321,8911.04
POI00015821,PO0002756,PRD00562,442,329.01
POI00015822,PO0009904,PRD00224,63,3605.13
POI00015823,PO0004761,PRD00874,364,13187.35
POI00015824,PO0005896,PRD00272,91,5905.57
POI00015825,PO0004501,PRD00687,287,6890.21
POI00015826,PO0002432,PRD00429,217,4484.27
POI00015827,PO0009718,PRD00612,113,12339.55
POI00015828,PO0005279,PRD00743,360,2305.24
POI00015829,PO0002368,PRD00510,431,9321.6
POI00015830,PO0005580,PRD00822,270,434.39
POI00015831,PO0007427,PRD00866,449,3511.46
POI00015832,PO0002852,PRD00838,261,9698.54
POI00015833,PO0002605,PRD00590,375,14268.77
POI00015834,PO0005246,PRD00288,54,4176.37
POI00015835,PO0007098,PRD00920,315,10536.21
POI00015836,PO0002988,PRD00024,17,5514.18
POI00015837,PO0009009,PRD00794,67,14754.3
POI00015838,PO0003210,PRD00179,398,11993.83
POI00015839,PO0003575,PRD00087,23,2757.27
POI00015840,PO0002051,PRD00604,85,14528.53
POI00015841,PO0002754,PRD00135,280,7084.8
POI00015842,PO0001164,PRD00331,41,4343.37
POI00015843,PO0001577,PRD00110,222,13747.81
POI00015844,PO0004927,PRD00022,347,6591.0
POI00015845,PO0000682,PRD00951,74,12745.6
POI00015846,PO0005578,PRD00207,456,13259.47
POI00015847,PO0004891,PRD00264,354,12537.65
POI00015848,PO0007534,PRD00883,166,13462.78
POI00015849,PO0003635,PRD00996,132,12098.44
POI00015850,PO0007036,PRD00171,290,3321.66
POI00015851,PO0000335,PRD00395,185,6180.29
POI00015852,PO0001808,PRD00561,16,5531.95
POI00015853,PO0005982,PRD00561,131,5531.95
POI00015854,PO0004698,PRD00642,213,6743.72
POI00015855,PO0000536,PRD00910,399,10913.99
POI00015856,PO0006912,PRD00313,420,9405.33
POI00015857,PO0009675,PRD00038,250,11694.03
POI00015858,PO0007925,PRD00444,264,9833.74
POI00015859,PO0007379,PRD00457,167,7399.8
POI00015860,PO0000963,PRD00803,292,4469.13
POI00015861,PO0004640,PRD00862,50,5699.76
POI00015862,PO0003807,PRD00861,201,12536.29
POI00015863,PO0002056,PRD00696,137,3418.65
POI00015864,PO0005010,PRD00693,124,12868.1
POI00015865,PO0006613,PRD00818,210,2577.53
POI00015866,PO0006936,PRD00275,16,2070.47
POI00015867,PO0008189,PRD00965,292,8131.85
POI00015868,PO0005929,PRD00683,301,11134.9
POI00015869,PO0001931,PRD00755,393,12949.63
POI00015870,PO0007303,PRD00011,208,10256.43
POI00015871,PO0000896,PRD00612,289,12339.55
POI00015872,PO0008142,PRD00422,346,13723.46
POI00015873,PO0002814,PRD00791,500,10139.71
POI00015874,PO0005183,PRD00413,73,6171.23
POI00015875,PO0007294,PRD00257,275,12479.22
POI00015876,PO0002038,PRD00828,253,11820.43
POI00015877,PO0009590,PRD00307,158,14587.91
POI00015878,PO0000437,PRD00641,343,5254.41
POI00015879,PO0006936,PRD00074,477,12787.56
POI00015880,PO0008889,PRD00070,237,12755.67
POI00015881,PO0001159,PRD00856,237,11059.92
POI00015882,PO0004652,PRD00640,319,14055.38
POI00015883,PO0006867,PRD00552,400,13804.82
POI00015884,PO0009494,PRD00920,468,10536.21
POI00015885,PO0004466,PRD00712,216,5380.83
POI00015886,PO0000665,PRD00004,65,10337.46
POI00015887,PO0004676,PRD00087,282,2757.27
POI00015888,PO0002269,PRD00502,32,7953.51
POI00015889,PO0005414,PRD00147,418,10379.48
POI00015890,PO0001774,PRD00822,211,434.39
POI00015891,PO0003987,PRD00598,21,4825.42
POI00015892,PO0003763,PRD00774,194,7426.94
POI00015893,PO0002067,PRD00666,351,1874.61
POI00015894,PO0005204,PRD00860,373,1620.12
POI00015895,PO0005849,PRD00688,307,5575.81
POI00015896,PO0004912,PRD00993,127,2432.86
POI00015897,PO0004828,PRD00449,201,4124.74
POI00015898,PO0007916,PRD00110,31,13747.81
POI00015899,PO0001455,PRD00086,133,14709.22
POI00015900,PO0008380,PRD00312,340,3819.03
POI00015901,PO0003908,PRD00548,497,10982.99
POI00015902,PO0000840,PRD00345,355,10843.29
POI00015903,PO0007445,PRD00914,460,14209.47
POI00015904,PO0007980,PRD00151,195,13666.4
POI00015905,PO0007867,PRD00548,186,10982.99
POI00015906,PO0004247,PRD00835,90,6236.81
POI00015907,PO0006138,PRD00913,29,7633.07
POI00015908,PO0001157,PRD00374,317,290.14
POI00015909,PO0002455,PRD00042,94,12472.09
POI00015910,PO0002737,PRD00816,114,7753.49
POI00015911,PO0001707,PRD00880,19,12411.59
POI00015912,PO0006512,PRD00811,252,13260.28
POI00015913,PO0005349,PRD00320,353,1168.76
POI00015914,PO0005575,PRD00163,262,8801.64
POI00015915,PO0001210,PRD00335,20,12393.64
POI00015916,PO0000502,PRD00317,340,11523.03
POI00015917,PO0005674,PRD00075,115,3718.44
POI00015918,PO0009845,PRD00582,258,12403.88
POI00015919,PO0005316,PRD00661,262,8498.56
POI00015920,PO0007111,PRD00640,92,14055.38
POI00015921,PO0009330,PRD00341,461,8938.37
POI00015922,PO0002510,PRD00756,67,13812.34
POI00015923,PO0005095,PRD00535,236,12386.73
POI00015924,PO0004516,PRD00691,385,5216.2
POI00015925,PO0003415,PRD00864,169,5345.24
POI00015926,PO0005645,PRD00105,318,7072.97
POI00015927,PO0005254,PRD00340,388,13976.02
POI00015928,PO0005078,PRD00040,191,12037.14
POI00015929,PO0000540,PRD00813,179,1791.65
POI00015930,PO0007165,PRD00115,223,12984.47
POI00015931,PO0008291,PRD00222,287,1219.58
POI00015932,PO0000454,PRD00650,432,5122.22
POI00015933,PO0005468,PRD00401,436,8016.45
POI00015934,PO0001133,PRD00836,100,2825.17
POI00015935,PO0001422,PRD00232,24,6790.03
POI00015936,PO0000489,PRD00613,289,2658.28
POI00015937,PO0002864,PRD00714,84,7100.41
POI00015938,PO0000984,PRD00040,165,12037.14
POI00015939,PO0004130,PRD00404,347,3670.74
POI00015940,PO0004093,PRD00688,126,5575.81
POI00015941,PO0006969,PRD00371,68,6858.89
POI00015942,PO0003856,PRD00008,470,8448.73
POI00015943,PO0007681,PRD00315,222,12650.55
POI00015944,PO0002867,PRD00510,303,9321.6
POI00015945,PO0007589,PRD00187,233,4183.24
POI00015946,PO0001832,PRD00638,90,14235.92
POI00015947,PO0009217,PRD00376,269,7767.99
POI00015948,PO0006163,PRD00373,150,5013.81
POI00015949,PO0005221,PRD00564,201,9458.27
POI00015950,PO0002179,PRD00195,475,8830.06
POI00015951,PO0004781,PRD00452,299,2503.76
POI00015952,PO0003661,PRD00745,281,7007.02
POI00015953,PO0007733,PRD00659,47,2838.43
POI00015954,PO0000025,PRD00850,303,12204.62
POI00015955,PO0001216,PRD00618,320,7236.89
POI00015956,PO0006950,PRD00478,407,14298.83
POI00015957,PO0006776,PRD00373,432,5013.81
POI00015958,PO0001805,PRD00316,448,14232.32
POI00015959,PO0005533,PRD00733,128,8941.35
POI00015960,PO0002924,PRD00305,430,1060.96
POI00015961,PO0001456,PRD00714,272,7100.41
POI00015962,PO0005382,PRD00869,500,7264.23
POI00015963,PO0006468,PRD00603,372,3288.11
POI00015964,PO0004943,PRD00609,276,8768.27
POI00015965,PO0007515,PRD00401,282,8016.45
POI00015966,PO0002284,PRD00698,73,3335.68
POI00015967,PO0007291,PRD00062,135,3639.09
POI00015968,PO0002664,PRD00236,337,5509.36
POI00015969,PO0007204,PRD00995,186,1957.35
POI00015970,PO0006171,PRD00636,493,3410.7
POI00015971,PO0004059,PRD00122,246,7515.76
POI00015972,PO0001053,PRD00311,56,5242.66
POI00015973,PO0002999,PRD00668,445,3092.64
POI00015974,PO0005364,PRD00813,36,1791.65
POI00015975,PO0008939,PRD00901,473,1036.08
POI00015976,PO0005310,PRD00284,181,12033.13
POI00015977,PO0000642,PRD00964,183,7890.02
POI00015978,PO0007330,PRD00672,183,1758.78
POI00015979,PO0007717,PRD00979,44,3320.45
POI00015980,PO0009833,PRD00035,242,9200.21
POI00015981,PO0002647,PRD00930,13,3393.62
POI00015982,PO0003914,PRD00970,362,2893.48
POI00015983,PO0005905,PRD00902,265,10889.46
POI00015984,PO0009464,PRD00243,187,9718.69
POI00015985,PO0008937,PRD00162,280,287.67
POI00015986,PO0000113,PRD00369,259,11836.37
POI00015987,PO0000100,PRD00596,497,6569.94
POI00015988,PO0002336,PRD00110,490,13747.81
POI00015989,PO0002052,PRD00802,314,11346.21
POI00015990,PO0003031,PRD00983,126,12437.52
POI00015991,PO0004823,PRD00659,393,2838.43
POI00015992,PO0002053,PRD00946,56,5214.57
POI00015993,PO0007839,PRD00614,485,6734.49
POI00015994,PO0005557,PRD00477,112,8916.03
POI00015995,PO0005768,PRD00530,456,5677.57
POI00015996,PO0001012,PRD00005,374,13587.62
POI00015997,PO0003855,PRD00543,25,5993.42
POI00015998,PO0004414,PRD00443,297,8509.83
POI00015999,PO0006140,PRD00659,466,2838.43
POI00016000,PO0007103,PRD00667,449,12142.23
POI00016001,PO0004032,PRD00099,300,6175.08
POI00016002,PO0004698,PRD00680,137,12884.86
POI00016003,PO0004126,PRD00754,107,2784.41
POI00016004,PO0002075,PRD00264,420,12537.65
POI00016005,PO0006597,PRD00722,419,9531.63
POI00016006,PO0009756,PRD00048,219,1009.0
POI00016007,PO0009986,PRD00151,466,13666.4
POI00016008,PO0003091,PRD00216,463,12937.52
POI00016009,PO0005705,PRD00147,99,10379.48
POI00016010,PO0006062,PRD00303,335,3612.1
POI00016011,PO0009600,PRD00593,400,1467.96
POI00016012,PO0004289,PRD00712,255,5380.83
POI00016013,PO0005975,PRD00467,89,10304.91
POI00016014,PO0004288,PRD00282,25,6599.31
POI00016015,PO0007616,PRD00199,118,1794.09
POI00016016,PO0009930,PRD00149,29,8656.19
POI00016017,PO0003326,PRD00545,53,7193.96
POI00016018,PO0005492,PRD00953,76,4127.02
POI00016019,PO0008408,PRD00900,242,12362.97
POI00016020,PO0008722,PRD00824,229,13671.92
POI00016021,PO0005236,PRD00469,357,4552.3
POI00016022,PO0008634,PRD00541,205,2451.94
POI00016023,PO0003059,PRD00209,412,9137.57
POI00016024,PO0009483,PRD00298,128,1909.75
POI00016025,PO0004867,PRD00098,183,2423.29
POI00016026,PO0005123,PRD00823,94,889.68
POI00016027,PO0009168,PRD00227,62,12974.56
POI00016028,PO0002268,PRD00802,262,11346.21
POI00016029,PO0002552,PRD00784,158,4162.05
POI00016030,PO0003736,PRD00783,241,6326.48
POI00016031,PO0008029,PRD00853,16,2077.51
POI00016032,PO0007976,PRD00709,103,12622.33
POI00016033,PO0001095,PRD00299,431,14959.16
POI00016034,PO0000085,PRD00158,67,12470.65
POI00016035,PO0006635,PRD00297,306,3281.39
POI00016036,PO0005583,PRD00591,302,1630.92
POI00016037,PO0004926,PRD00804,488,14440.13
POI00016038,PO0002811,PRD00003,99,4143.44
POI00016039,PO0001663,PRD00167,79,14939.24
POI00016040,PO0007948,PRD00697,407,6403.2
POI00016041,PO0001615,PRD00930,282,3393.62
POI00016042,PO0006568,PRD00763,310,5016.95
POI00016043,PO0008342,PRD00582,171,12403.88
POI00016044,PO0008624,PRD00972,39,3371.24
POI00016045,PO0002483,PRD00417,376,13839.61
POI00016046,PO0000281,PRD00917,295,13456.14
POI00016047,PO0008247,PRD00361,346,2128.11
POI00016048,PO0008443,PRD00892,64,3978.64
POI00016049,PO0008071,PRD00248,206,2381.45
POI00016050,PO0002286,PRD00867,338,2868.63
POI00016051,PO0006619,PRD00739,489,7506.27
POI00016052,PO0008656,PRD00728,330,6550.29
POI00016053,PO0001682,PRD00902,388,10889.46
POI00016054,PO0007496,PRD00904,43,9633.15
POI00016055,PO0006301,PRD00327,33,11465.77
POI00016056,PO0001212,PRD00342,93,10654.4
POI00016057,PO0006189,PRD00571,98,268.96
POI00016058,PO0004343,PRD00097,225,14218.05
POI00016059,PO0002879,PRD00339,189,7828.44
POI00016060,PO0001993,PRD00118,46,13920.88
POI00016061,PO0008989,PRD00287,64,5325.08
POI00016062,PO0005206,PRD00796,116,5431.54
POI00016063,PO0005117,PRD00201,81,9166.2
POI00016064,PO0005514,PRD00942,282,11797.17
POI00016065,PO0009454,PRD00109,113,11465.59
POI00016066,PO0007906,PRD00079,96,10823.51
POI00016067,PO0009348,PRD00695,17,7153.53
POI00016068,PO0005724,PRD00442,170,4068.49
POI00016069,PO0007887,PRD00060,277,9780.15
POI00016070,PO0004868,PRD00192,213,10003.41
POI00016071,PO0009942,PRD00894,277,2746.5
POI00016072,PO0000181,PRD00794,137,14754.3
POI00016073,PO0001608,PRD00320,85,1168.76
POI00016074,PO0004523,PRD00413,209,6171.23
POI00016075,PO0009073,PRD00473,494,4562.49
POI00016076,PO0009481,PRD00773,217,8251.54
POI00016077,PO0001140,PRD00102,131,6423.07
POI00016078,PO0008604,PRD00635,445,2679.1
POI00016079,PO0000620,PRD00984,424,5821.18
POI00016080,PO0001605,PRD00376,444,7767.99
POI00016081,PO0008840,PRD00559,92,1762.14
POI00016082,PO0007729,PRD00162,136,287.67
POI00016083,PO0002928,PRD00434,359,7897.25
POI00016084,PO0007963,PRD00556,89,11702.23
POI00016085,PO0008646,PRD00459,341,11986.98
POI00016086,PO0002042,PRD00565,273,1309.82
POI00016087,PO0000339,PRD00419,425,13114.42
POI00016088,PO0000387,PRD00209,128,9137.57
POI00016089,PO0002714,PRD00710,220,7104.05
POI00016090,PO0004648,PRD00187,163,4183.24
POI00016091,PO0007329,PRD00559,334,1762.14
POI00016092,PO0001208,PRD00343,152,10133.19
POI00016093,PO0006679,PRD00349,329,13102.44
POI00016094,PO0008139,PRD00121,209,14884.48
POI00016095,PO0003942,PRD00213,237,11481.28
POI00016096,PO0005584,PRD00220,173,3710.28
POI00016097,PO0007546,PRD00467,229,10304.91
POI00016098,PO0005009,PRD00446,411,10566.45
POI00016099,PO0004933,PRD00175,325,834.63
POI00016100,PO0002155,PRD00904,428,9633.15
POI00016101,PO0001559,PRD00231,169,9255.93
POI00016102,PO0008159,PRD00276,392,12469.32
POI00016103,PO0007788,PRD00918,392,1087.91
POI00016104,PO0009018,PRD00223,424,13596.37
POI00016105,PO0000723,PRD00305,323,1060.96
POI00016106,PO0001131,PRD00186,14,13497.06
POI00016107,PO0009250,PRD00191,466,6029.05
POI00016108,PO0009637,PRD00184,446,6913.99
POI00016109,PO0003585,PRD00781,90,10401.92
POI00016110,PO0002367,PRD00885,418,14081.25
POI00016111,PO0007134,PRD00952,68,4757.15
POI00016112,PO0003766,PRD00855,429,11377.51
POI00016113,PO0007485,PRD00092,203,1185.31
POI00016114,PO0006013,PRD00304,443,7053.7
POI00016115,PO0003299,PRD00650,231,5122.22
POI00016116,PO0002692,PRD00051,126,8110.25
POI00016117,PO0008941,PRD00969,404,11985.63
POI00016118,PO0007528,PRD00616,376,1388.81
POI00016119,PO0009126,PRD00479,44,11981.47
POI00016120,PO0008453,PRD00602,353,12799.03
POI00016121,PO0009373,PRD00557,454,7804.82
POI00016122,PO0009963,PRD00991,474,5985.46
POI00016123,PO0006405,PRD00060,325,9780.15
POI00016124,PO0000250,PRD00445,27,6126.75
POI00016125,PO0007867,PRD00027,351,2942.25
POI00016126,PO0002512,PRD00348,358,10382.26
POI00016127,PO0002766,PRD00582,87,12403.88
POI00016128,PO0003553,PRD00508,284,9561.68
POI00016129,PO0007516,PRD00683,42,11134.9
POI00016130,PO0007139,PRD00839,295,1545.18
POI00016131,PO0006179,PRD00619,429,5874.65
POI00016132,PO0003190,PRD00429,93,4484.27
POI00016133,PO0000209,PRD00304,351,7053.7
POI00016134,PO0007819,PRD00855,206,11377.51
POI00016135,PO0005332,PRD00667,47,12142.23
POI00016136,PO0001955,PRD00899,275,2478.21
POI00016137,PO0001621,PRD00465,159,12966.68
POI00016138,PO0003676,PRD00631,381,968.57
POI00016139,PO0003602,PRD00014,196,11069.54
POI00016140,PO0003552,PRD00469,439,4552.3
POI00016141,PO0000848,PRD00415,345,13727.94
POI00016142,PO0004924,PRD00609,458,8768.27
POI00016143,PO0003890,PRD00973,445,4327.38
POI00016144,PO0008170,PRD00116,49,6245.65
POI00016145,PO0007265,PRD00264,138,12537.65
POI00016146,PO0004687,PRD00826,253,9650.03
POI00016147,PO0006534,PRD00841,131,13509.77
POI00016148,PO0004854,PRD00134,269,10858.86
POI00016149,PO0002064,PRD00123,198,6279.12
POI00016150,PO0003377,PRD00084,200,1880.19
POI00016151,PO0002645,PRD00251,203,3571.32
POI00016152,PO0000346,PRD00392,211,5987.55
POI00016153,PO0006559,PRD00784,493,4162.05
POI00016154,PO0000056,PRD00330,338,4277.84
POI00016155,PO0003358,PRD00501,350,4943.69
POI00016156,PO0008714,PRD00316,100,14232.32
POI00016157,PO0005565,PRD00151,313,13666.4
POI00016158,PO0002877,PRD00405,136,8998.95
POI00016159,PO0007278,PRD00502,386,7953.51
POI00016160,PO0008426,PRD00571,320,268.96
POI00016161,PO0006746,PRD00492,73,5276.64
POI00016162,PO0000143,PRD00449,379,4124.74
POI00016163,PO0005419,PRD00394,400,14023.98
POI00016164,PO0007144,PRD00335,203,12393.64
POI00016165,PO0008439,PRD00234,348,12179.62
POI00016166,PO0008096,PRD00045,280,3578.64
POI00016167,PO0004136,PRD00409,481,13153.77
POI00016168,PO0002970,PRD00013,469,14644.99
POI00016169,PO0003168,PRD00013,188,14644.99
POI00016170,PO0009309,PRD00259,62,7569.95
POI00016171,PO0006431,PRD00446,12,10566.45
POI00016172,PO0002915,PRD00225,439,11422.41
POI00016173,PO0002372,PRD00983,241,12437.52
POI00016174,PO0008137,PRD00486,446,14504.82
POI00016175,PO0009533,PRD00476,458,12262.1
POI00016176,PO0007233,PRD00010,325,704.09
POI00016177,PO0002527,PRD00807,13,13935.13
POI00016178,PO0003255,PRD00790,128,11430.76
POI00016179,PO0009668,PRD00585,307,4963.33
POI00016180,PO0009564,PRD00895,311,8698.56
POI00016181,PO0001393,PRD00201,345,9166.2
POI00016182,PO0000970,PRD00159,161,11218.67
POI00016183,PO0000398,PRD00926,227,11701.76
POI00016184,PO0002693,PRD00282,384,6599.31
POI00016185,PO0006432,PRD00795,214,10383.68
POI00016186,PO0002491,PRD00723,55,642.86
POI00016187,PO0009178,PRD00903,186,10697.16
POI00016188,PO0009513,PRD00319,37,3733.58
POI00016189,PO0005922,PRD00936,271,5539.59
POI00016190,PO0008381,PRD00275,122,2070.47
POI00016191,PO0006666,PRD00477,329,8916.03
POI00016192,PO0004736,PRD00364,188,10243.38
POI00016193,PO0002848,PRD00459,356,11986.98
POI00016194,PO0008128,PRD00389,88,10776.42
POI00016195,PO0006763,PRD00438,290,314.72
POI00016196,PO0008713,PRD00754,118,2784.41
POI00016197,PO0000140,PRD00733,270,8941.35
POI00016198,PO0004754,PRD00873,299,7788.28
POI00016199,PO0007519,PRD00391,477,8417.25
POI00016200,PO0007284,PRD00860,32,1620.12
POI00016201,PO0004686,PRD00757,388,1024.97
POI00016202,PO0009241,PRD00902,206,10889.46
POI00016203,PO0004789,PRD00923,463,14211.0
POI00016204,PO0003824,PRD00922,199,7190.21
POI00016205,PO0005092,PRD00518,433,8231.59
POI00016206,PO0003172,PRD00734,144,799.67
POI00016207,PO0006230,PRD00391,95,8417.25
POI00016208,PO0007247,PRD00048,186,1009.0
POI00016209,PO0006765,PRD00769,183,14259.3
POI00016210,PO0008841,PRD00239,231,3839.78
POI00016211,PO0008873,PRD00240,383,1296.01
POI00016212,PO0003992,PRD00392,263,5987.55
POI00016213,PO0008373,PRD00011,452,10256.43
POI00016214,PO0005641,PRD00755,316,12949.63
POI00016215,PO0008612,PRD00682,480,9106.29
POI00016216,PO0009550,PRD00318,119,13343.83
POI00016217,PO0001562,PRD00653,278,9936.12
POI00016218,PO0000854,PRD00881,141,13176.07
POI00016219,PO0000235,PRD00917,349,13456.14
POI00016220,PO0004054,PRD00964,360,7890.02
POI00016221,PO0007607,PRD00225,264,11422.41
POI00016222,PO0009670,PRD00255,370,13121.82
POI00016223,PO0005134,PRD00168,24,5878.6
POI00016224,PO0009999,PRD00273,117,3864.46
POI00016225,PO0007346,PRD00325,336,14185.14
POI00016226,PO0005070,PRD00754,130,2784.41
POI00016227,PO0003647,PRD00816,65,7753.49
POI00016228,PO0000422,PRD00542,385,3815.81
POI00016229,PO0007906,PRD00058,407,4231.59
POI00016230,PO0004416,PRD00515,217,11728.64
POI00016231,PO0002522,PRD00294,127,7979.54
POI00016232,PO0009300,PRD00666,123,1874.61
POI00016233,PO0001551,PRD00071,70,9562.93
POI00016234,PO0005522,PRD00645,167,13236.02
POI00016235,PO0004318,PRD00959,431,4695.81
POI00016236,PO0008867,PRD00360,159,11230.29
POI00016237,PO0004062,PRD00679,169,5120.96
POI00016238,PO0003955,PRD00566,242,1327.27
POI00016239,PO0007212,PRD00674,337,13022.73
POI00016240,PO0005871,PRD00619,326,5874.65
POI00016241,PO0005563,PRD00211,97,7941.86
POI00016242,PO0006856,PRD00988,86,3859.43
POI00016243,PO0002680,PRD00987,364,9467.13
POI00016244,PO0005501,PRD00403,137,560.68
POI00016245,PO0002639,PRD00297,166,3281.39
POI00016246,PO0005575,PRD00288,114,4176.37
POI00016247,PO0004165,PRD00185,313,6440.0
POI00016248,PO0008001,PRD00252,177,5568.19
POI00016249,PO0009910,PRD00777,147,1687.86
POI00016250,PO0006965,PRD00005,250,13587.62
POI00016251,PO0007231,PRD00510,479,9321.6
POI00016252,PO0004744,PRD00483,104,8191.19
POI00016253,PO0005941,PRD00309,162,11535.3
POI00016254,PO0008372,PRD00193,438,1081.63
POI00016255,PO0007633,PRD00867,167,2868.63
POI00016256,PO0002098,PRD00826,385,9650.03
POI00016257,PO0007986,PRD00495,452,13954.44
POI00016258,PO0009146,PRD00280,87,626.38
POI00016259,PO0002602,PRD00088,337,759.09
POI00016260,PO0006345,PRD00497,96,9476.02
POI00016261,PO0003093,PRD00448,149,3508.12
POI00016262,PO0007104,PRD00790,219,11430.76
POI00016263,PO0009117,PRD00337,369,11344.08
POI00016264,PO0007521,PRD00100,238,3533.63
POI00016265,PO0004897,PRD00102,134,6423.07
POI00016266,PO0005647,PRD00495,224,13954.44
POI00016267,PO0005742,PRD00080,493,9716.87
POI00016268,PO0009936,PRD00242,136,9680.92
POI00016269,PO0003995,PRD00982,259,2789.53
POI00016270,PO0009537,PRD00054,291,13799.56
POI00016271,PO0000521,PRD00209,279,9137.57
POI00016272,PO0001053,PRD00549,29,2125.97
POI00016273,PO0002902,PRD00267,194,1734.0
POI00016274,PO0001501,PRD00684,179,7767.82
POI00016275,PO0000406,PRD00625,24,8920.39
POI00016276,PO0004558,PRD00692,193,4333.24
POI00016277,PO0002541,PRD00015,350,4060.74
POI00016278,PO0001806,PRD00085,476,2937.79
POI00016279,PO0004588,PRD00392,420,5987.55
POI00016280,PO0000814,PRD00592,232,14420.88
POI00016281,PO0000114,PRD00693,467,12868.1
POI00016282,PO0001945,PRD00814,462,14386.74
POI00016283,PO0007260,PRD00692,123,4333.24
POI00016284,PO0003194,PRD00087,243,2757.27
POI00016285,PO0000491,PRD00448,90,3508.12
POI00016286,PO0007707,PRD00484,379,1711.79
POI00016287,PO0004168,PRD00869,69,7264.23
POI00016288,PO0007532,PRD00167,262,14939.24
POI00016289,PO0001005,PRD00996,426,12098.44
POI00016290,PO0009785,PRD00408,234,8695.92
POI00016291,PO0008242,PRD00599,51,11716.66
POI00016292,PO0009200,PRD00131,251,5840.29
POI00016293,PO0006503,PRD00114,493,6866.0
POI00016294,PO0000168,PRD00697,493,6403.2
POI00016295,PO0006571,PRD00498,320,515.55
POI00016296,PO0005342,PRD00772,336,11409.05
POI00016297,PO0005931,PRD00215,324,7543.91
POI00016298,PO0009464,PRD00760,215,2297.92
POI00016299,PO0002052,PRD00221,294,13068.22
POI00016300,PO0000903,PRD00524,368,4908.91
POI00016301,PO0008830,PRD00790,283,11430.76
POI00016302,PO0003939,PRD00894,341,2746.5
POI00016303,PO0000149,PRD00783,369,6326.48
POI00016304,PO0004955,PRD00067,448,10482.12
POI00016305,PO0009632,PRD00544,454,6484.13
POI00016306,PO0008720,PRD00021,456,650.8
POI00016307,PO0005564,PRD00670,46,8380.95
POI00016308,PO0004825,PRD00106,55,6611.36
POI00016309,PO0008504,PRD00683,415,11134.9
POI00016310,PO0005381,PRD00546,66,218.56
POI00016311,PO0000350,PRD00988,146,3859.43
POI00016312,PO0003495,PRD00446,105,10566.45
POI00016313,PO0009190,PRD00697,436,6403.2
POI00016314,PO0005996,PRD00259,352,7569.95
POI00016315,PO0007689,PRD00967,42,5210.76
POI00016316,PO0008394,PRD00599,248,11716.66
POI00016317,PO0007251,PRD00679,342,5120.96
POI00016318,PO0000090,PRD00434,43,7897.25
POI00016319,PO0008617,PRD00244,268,4688.28
POI00016320,PO0008042,PRD00014,193,11069.54
POI00016321,PO0008399,PRD00938,319,14690.74
POI00016322,PO0001125,PRD00997,152,5423.86
POI00016323,PO0002321,PRD00262,413,10465.39
POI00016324,PO0000834,PRD00872,163,13370.7
POI00016325,PO0009401,PRD00215,35,7543.91
POI00016326,PO0004668,PRD00505,455,10107.88
POI00016327,PO0000725,PRD00037,329,9868.39
POI00016328,PO0003058,PRD00858,394,718.7
POI00016329,PO0007923,PRD00525,362,14289.77
POI00016330,PO0004465,PRD00013,181,14644.99
POI00016331,PO0003581,PRD00036,187,10797.72
POI00016332,PO0004212,PRD00552,43,13804.82
POI00016333,PO0007306,PRD00583,166,2755.82
POI00016334,PO0003841,PRD00664,29,8624.9
POI00016335,PO0006621,PRD00260,471,500.56
POI00016336,PO0000801,PRD00091,308,14120.67
POI00016337,PO0008463,PRD00824,321,13671.92
POI00016338,PO0002437,PRD00950,368,13034.4
POI00016339,PO0002821,PRD00866,22,3511.46
POI00016340,PO0004933,PRD00700,34,8456.94
POI00016341,PO0008053,PRD00027,32,2942.25
POI00016342,PO0004659,PRD00467,301,10304.91
POI00016343,PO0005564,PRD00888,433,4306.34
POI00016344,PO0006161,PRD00830,115,8039.34
POI00016345,PO0003856,PRD00738,120,7712.85
POI00016346,PO0002997,PRD00942,142,11797.17
POI00016347,PO0002210,PRD00969,464,11985.63
POI00016348,PO0006140,PRD00962,26,8264.3
POI00016349,PO0001812,PRD00990,472,4921.74
POI00016350,PO0001591,PRD00882,179,7275.03
POI00016351,PO0009590,PRD00683,85,11134.9
POI00016352,PO0008855,PRD00067,252,10482.12
POI00016353,PO0002116,PRD00119,141,510.73
POI00016354,PO0008805,PRD00457,426,7399.8
POI00016355,PO0007675,PRD00420,332,7232.56
POI00016356,PO0008692,PRD00026,84,10030.04
POI00016357,PO0002362,PRD00472,485,12076.82
POI00016358,PO0006192,PRD00019,171,5319.1
POI00016359,PO0008623,PRD00615,368,9737.39
POI00016360,PO0007754,PRD00433,380,10827.08
POI00016361,PO0004322,PRD00378,378,5802.93
POI00016362,PO0008630,PRD00560,140,14804.29
POI00016363,PO0001973,PRD00227,119,12974.56
POI00016364,PO0009716,PRD00021,188,650.8
POI00016365,PO0009304,PRD00145,489,6936.79
POI00016366,PO0006207,PRD00562,321,329.01
POI00016367,PO0008653,PRD00924,150,3584.13
POI00016368,PO0006275,PRD00419,382,13114.42
POI00016369,PO0004452,PRD00018,121,6025.11
POI00016370,PO0001263,PRD00628,245,2699.31
POI00016371,PO0007875,PRD00561,365,5531.95
POI00016372,PO0009348,PRD00380,324,10416.11
POI00016373,PO0000212,PRD00280,246,626.38
POI00016374,PO0005492,PRD00209,365,9137.57
POI00016375,PO0009276,PRD00806,488,164.23
POI00016376,PO0004611,PRD00392,464,5987.55
POI00016377,PO0002532,PRD00188,301,5763.09
POI00016378,PO0006187,PRD00314,134,8909.78
POI00016379,PO0006947,PRD00746,411,5454.4
POI00016380,PO0009012,PRD00504,221,12220.97
POI00016381,PO0004219,PRD00106,250,6611.36
POI00016382,PO0007368,PRD00435,121,11483.94
POI00016383,PO0001401,PRD00604,71,14528.53
POI00016384,PO0007682,PRD00170,270,12518.7
POI00016385,PO0006324,PRD00165,251,9742.97
POI00016386,PO0009735,PRD00458,380,10221.05
POI00016387,PO0004782,PRD00106,310,6611.36
POI00016388,PO0006894,PRD00374,123,290.14
POI00016389,PO0000792,PRD00493,285,4838.13
POI00016390,PO0000365,PRD00726,164,2003.65
POI00016391,PO0006272,PRD00221,248,13068.22
POI00016392,PO0002277,PRD00825,164,6540.73
POI00016393,PO0002511,PRD00765,35,1393.26
POI00016394,PO0005304,PRD00692,99,4333.24
POI00016395,PO0001461,PRD00421,111,3240.17
POI00016396,PO0008751,PRD00007,402,9585.73
POI00016397,PO0005734,PRD00460,317,5749.6
POI00016398,PO0004022,PRD00818,10,2577.53
POI00016399,PO0000540,PRD00106,395,6611.36
POI00016400,PO0009143,PRD00440,422,12108.02
POI00016401,PO0009104,PRD00379,203,8770.31
POI00016402,PO0004533,PRD00688,148,5575.81
POI00016403,PO0006076,PRD00170,76,12518.7
POI00016404,PO0000307,PRD00299,39,14959.16
POI00016405,PO0006383,PRD00265,445,1738.91
POI00016406,PO0001847,PRD00472,133,12076.82
POI00016407,PO0008213,PRD00356,172,5284.14
POI00016408,PO0006744,PRD00591,102,1630.92
POI00016409,PO0000083,PRD00334,130,8334.09
POI00016410,PO0008839,PRD00934,349,8748.64
POI00016411,PO0007063,PRD00809,462,7918.89
POI00016412,PO0004693,PRD00650,147,5122.22
POI00016413,PO0006648,PRD00228,394,7076.3
POI00016414,PO0003194,PRD00319,53,3733.58
POI00016415,PO0001189,PRD00786,336,12658.67
POI00016416,PO0008607,PRD00904,159,9633.15
POI00016417,PO0000419,PRD00736,346,4572.66
POI00016418,PO0002426,PRD00886,466,8868.6
POI00016419,PO0004522,PRD00380,61,10416.11
POI00016420,PO0005019,PRD00634,127,11006.69
POI00016421,PO0002720,PRD00178,170,4216.94
POI00016422,PO0001952,PRD00151,400,13666.4
POI00016423,PO0005551,PRD00134,473,10858.86
POI00016424,PO0008153,PRD00795,161,10383.68
POI00016425,PO0002557,PRD00185,343,6440.0
POI00016426,PO0005335,PRD00763,88,5016.95
POI00016427,PO0007218,PRD00366,379,11358.19
POI00016428,PO0008529,PRD00457,342,7399.8
POI00016429,PO0001432,PRD00855,170,11377.51
POI00016430,PO0000467,PRD00507,32,8978.67
POI00016431,PO0002974,PRD00543,108,5993.42
POI00016432,PO0005536,PRD00219,228,12493.83
POI00016433,PO0002927,PRD00870,320,9737.11
POI00016434,PO0004470,PRD00380,272,10416.11
POI00016435,PO0001146,PRD00054,370,13799.56
POI00016436,PO0005858,PRD00161,290,14511.66
POI00016437,PO0000023,PRD00881,397,13176.07
POI00016438,PO0006895,PRD00492,400,5276.64
POI00016439,PO0003425,PRD00950,62,13034.4
POI00016440,PO0006488,PRD00100,483,3533.63
POI00016441,PO0005795,PRD00156,445,1424.79
POI00016442,PO0005580,PRD00088,108,759.09
POI00016443,PO0002771,PRD00011,129,10256.43
POI00016444,PO0001743,PRD00564,420,9458.27
POI00016445,PO0007463,PRD00792,439,12139.91
POI00016446,PO0002782,PRD00912,237,13951.33
POI00016447,PO0001656,PRD00872,72,13370.7
POI00016448,PO0006796,PRD00930,204,3393.62
POI00016449,PO0000983,PRD00732,360,5677.87
POI00016450,PO0000192,PRD00873,495,7788.28
POI00016451,PO0007359,PRD00428,378,322.0
POI00016452,PO0006892,PRD00788,203,13824.18
POI00016453,PO0006745,PRD00449,16,4124.74
POI00016454,PO0009673,PRD00032,440,4314.09
POI00016455,PO0002093,PRD00977,447,14587.2
POI00016456,PO0004838,PRD00801,149,12463.35
POI00016457,PO0001601,PRD00238,180,1063.4
POI00016458,PO0000448,PRD00738,484,7712.85
POI00016459,PO0009398,PRD00292,205,14246.05
POI00016460,PO0002552,PRD00214,437,11225.45
POI00016461,PO0001777,PRD00718,480,12946.92
POI00016462,PO0003145,PRD00613,347,2658.28
POI00016463,PO0008194,PRD00986,441,7134.56
POI00016464,PO0009648,PRD00081,479,3386.22
POI00016465,PO0002788,PRD00392,422,5987.55
POI00016466,PO0002880,PRD00419,153,13114.42
POI00016467,PO0007648,PRD00086,22,14709.22
POI00016468,PO0002370,PRD00791,99,10139.71
POI00016469,PO0004646,PRD00178,120,4216.94
POI00016470,PO0001343,PRD00164,250,7114.43
POI00016471,PO0005475,PRD00364,73,10243.38
POI00016472,PO0008106,PRD00426,172,11443.5
POI00016473,PO0000128,PRD00635,261,2679.1
POI00016474,PO0001686,PRD00094,143,8406.45
POI00016475,PO0004777,PRD00965,113,8131.85
POI00016476,PO0003477,PRD00379,410,8770.31
POI00016477,PO0006389,PRD00179,296,11993.83
POI00016478,PO0000280,PRD00782,448,9890.23
POI00016479,PO0002155,PRD00725,199,9430.17
POI00016480,PO0007980,PRD00735,72,8245.45
POI00016481,PO0000205,PRD00930,79,3393.62
POI00016482,PO0004128,PRD00968,43,14208.61
POI00016483,PO0007569,PRD00061,32,14248.21
POI00016484,PO0004158,PRD00433,207,10827.08
POI00016485,PO0004095,PRD00347,14,2926.5
POI00016486,PO0007859,PRD00204,271,1118.21
POI00016487,PO0006188,PRD00584,250,13164.71
POI00016488,PO0008649,PRD00876,407,12469.02
POI00016489,PO0007430,PRD00051,264,8110.25
POI00016490,PO0004282,PRD00250,72,14546.26
POI00016491,PO0002757,PRD00438,177,314.72
POI00016492,PO0002312,PRD00547,291,10434.94
POI00016493,PO0000662,PRD00176,383,1103.66
POI00016494,PO0007076,PRD00685,80,2103.9
POI00016495,PO0009863,PRD00981,102,916.09
POI00016496,PO0008732,PRD00165,266,9742.97
POI00016497,PO0003111,PRD00255,318,13121.82
POI00016498,PO0004264,PRD00122,166,7515.76
POI00016499,PO0005944,PRD00606,415,8374.83
POI00016500,PO0007493,PRD00844,401,10706.01
POI00016501,PO0004613,PRD00558,299,9720.85
POI00016502,PO0009952,PRD00968,408,14208.61
POI00016503,PO0006001,PRD00886,431,8868.6
POI00016504,PO0003882,PRD00445,333,6126.75
POI00016505,PO0003567,PRD00198,417,2388.57
POI00016506,PO0000814,PRD00184,85,6913.99
POI00016507,PO0009328,PRD00363,123,863.17
POI00016508,PO0008846,PRD00554,483,5324.91
POI00016509,PO0008714,PRD00781,400,10401.92
POI00016510,PO0006077,PRD00317,170,11523.03
POI00016511,PO0000874,PRD00463,432,6510.21
POI00016512,PO0002912,PRD00631,81,968.57
POI00016513,PO0008802,PRD00354,280,3435.02
POI00016514,PO0001727,PRD00373,88,5013.81
POI00016515,PO0002185,PRD00064,23,11684.65
POI00016516,PO0008733,PRD00962,448,8264.3
POI00016517,PO0000716,PRD00044,419,9431.09
POI00016518,PO0001776,PRD00771,463,10772.54
POI00016519,PO0008797,PRD00088,378,759.09
POI00016520,PO0000194,PRD00848,109,13378.15
POI00016521,PO0008000,PRD00093,322,12182.24
POI00016522,PO0005078,PRD00673,267,13879.93
POI00016523,PO0004064,PRD00420,31,7232.56
POI00016524,PO0006991,PRD00677,250,658.64
POI00016525,PO0006462,PRD00895,154,8698.56
POI00016526,PO0004476,PRD00299,50,14959.16
POI00016527,PO0002119,PRD00065,77,13939.0
POI00016528,PO0002053,PRD00129,288,14713.16
POI00016529,PO0005093,PRD00989,41,12965.77
POI00016530,PO0004613,PRD00699,259,8800.55
POI00016531,PO0004528,PRD00721,228,7384.49
POI00016532,PO0001538,PRD00539,433,13947.14
POI00016533,PO0000602,PRD00387,199,1001.43
POI00016534,PO0005737,PRD00592,28,14420.88
POI00016535,PO0001109,PRD00507,452,8978.67
POI00016536,PO0003891,PRD00122,301,7515.76
POI00016537,PO0006100,PRD00464,177,471.83
POI00016538,PO0000322,PRD00905,71,2985.62
POI00016539,PO0008260,PRD00272,390,5905.57
POI00016540,PO0001732,PRD00716,39,7985.19
POI00016541,PO0008204,PRD00398,249,1850.01
POI00016542,PO0004925,PRD00418,211,848.93
POI00016543,PO0007181,PRD00892,388,3978.64
POI00016544,PO0003113,PRD00596,380,6569.94
POI00016545,PO0001587,PRD00367,373,13626.42
POI00016546,PO0008360,PRD00623,169,11479.62
POI00016547,PO0002131,PRD00853,315,2077.51
POI00016548,PO0006051,PRD00314,85,8909.78
POI00016549,PO0004746,PRD00107,301,9087.41
POI00016550,PO0008520,PRD00153,200,10192.25
POI00016551,PO0006341,PRD00747,282,1497.38
POI00016552,PO0005309,PRD00836,351,2825.17
POI00016553,PO0007865,PRD00566,168,1327.27
POI00016554,PO0000786,PRD00900,23,12362.97
POI00016555,PO0004904,PRD00481,385,9907.25
POI00016556,PO0001730,PRD00643,84,5309.18
POI00016557,PO0000082,PRD00956,462,3221.73
POI00016558,PO0007681,PRD00945,342,3955.76
POI00016559,PO0003557,PRD00445,378,6126.75
POI00016560,PO0001299,PRD00894,120,2746.5
POI00016561,PO0004897,PRD00413,463,6171.23
POI00016562,PO0007500,PRD00326,303,12217.09
POI00016563,PO0009926,PRD00968,201,14208.61
POI00016564,PO0005322,PRD00775,386,1675.87
POI00016565,PO0004269,PRD00957,445,8262.63
POI00016566,PO0007021,PRD00457,338,7399.8
POI00016567,PO0005072,PRD00387,52,1001.43
POI00016568,PO0002170,PRD00838,172,9698.54
POI00016569,PO0009135,PRD00835,447,6236.81
POI00016570,PO0002997,PRD00503,178,8838.11
POI00016571,PO0007182,PRD00262,385,10465.39
POI00016572,PO0003052,PRD00390,335,6845.21
POI00016573,PO0007274,PRD00330,432,4277.84
POI00016574,PO0002105,PRD00032,33,4314.09
POI00016575,PO0006920,PRD00881,312,13176.07
POI00016576,PO0003995,PRD00261,372,11887.4
POI00016577,PO0000720,PRD00355,52,10597.12
POI00016578,PO0007744,PRD00167,217,14939.24
POI00016579,PO0003455,PRD00591,234,1630.92
POI00016580,PO0002869,PRD00902,433,10889.46
POI00016581,PO0005847,PRD00558,120,9720.85
POI00016582,PO0001884,PRD00032,56,4314.09
POI00016583,PO0007545,PRD00194,365,11189.27
POI00016584,PO0002122,PRD00346,379,2284.81
POI00016585,PO0005644,PRD00669,234,4850.66
POI00016586,PO0009778,PRD00699,295,8800.55
POI00016587,PO0008970,PRD00574,314,11589.74
POI00016588,PO0008841,PRD00904,467,9633.15
POI00016589,PO0009902,PRD00647,189,2506.84
POI00016590,PO0004582,PRD00783,499,6326.48
POI00016591,PO0009350,PRD00383,467,3349.4
POI00016592,PO0001174,PRD00336,379,14628.24
POI00016593,PO0001252,PRD00620,269,517.21
POI00016594,PO0008857,PRD00599,85,11716.66
POI00016595,PO0000561,PRD00008,374,8448.73
POI00016596,PO0007649,PRD00475,224,14519.03
POI00016597,PO0005819,PRD00122,483,7515.76
POI00016598,PO0000799,PRD00376,399,7767.99
POI00016599,PO0003363,PRD00193,492,1081.63
POI00016600,PO0000735,PRD00618,266,7236.89
POI00016601,PO0004515,PRD00189,215,1559.74
POI00016602,PO0002181,PRD00217,245,12942.68
POI00016603,PO0000436,PRD00208,255,10135.61
POI00016604,PO0000186,PRD00947,408,8686.66
POI00016605,PO0004796,PRD00270,167,2874.72
POI00016606,PO0008467,PRD00843,342,14383.19
POI00016607,PO0001399,PRD00559,374,1762.14
POI00016608,PO0005033,PRD00296,301,13710.05
POI00016609,PO0005559,PRD00099,279,6175.08
POI00016610,PO0001625,PRD00914,338,14209.47
POI00016611,PO0005090,PRD00671,496,13764.06
POI00016612,PO0008634,PRD00425,499,7731.22
POI00016613,PO0006143,PRD00319,365,3733.58
POI00016614,PO0008331,PRD00153,334,10192.25
POI00016615,PO0006519,PRD00680,359,12884.86
POI00016616,PO0004206,PRD00713,100,5625.5
POI00016617,PO0003127,PRD00738,369,7712.85
POI00016618,PO0009888,PRD00817,189,13482.36
POI00016619,PO0006323,PRD00345,499,10843.29
POI00016620,PO0001397,PRD00497,175,9476.02
POI00016621,PO0002336,PRD00016,294,12890.21
POI00016622,PO0006194,PRD00295,477,14410.96
POI00016623,PO0009659,PRD00916,467,11381.5
POI00016624,PO0003309,PRD00664,498,8624.9
POI00016625,PO0002806,PRD00693,217,12868.1
POI00016626,PO0002261,PRD00625,300,8920.39
POI00016627,PO0003976,PRD00303,12,3612.1
POI00016628,PO0009042,PRD00815,481,5837.27
POI00016629,PO0005361,PRD00136,183,9775.56
POI00016630,PO0001835,PRD00490,266,13814.57
POI00016631,PO0003526,PRD00899,15,2478.21
POI00016632,PO0000651,PRD00680,336,12884.86
POI00016633,PO0001942,PRD00667,376,12142.23
POI00016634,PO0005167,PRD00581,218,3429.77
POI00016635,PO0009111,PRD00550,314,1100.7
POI00016636,PO0007620,PRD00717,225,5192.63
POI00016637,PO0005416,PRD00885,286,14081.25
POI00016638,PO0000632,PRD00226,76,7002.18
POI00016639,PO0000069,PRD00994,269,971.84
POI00016640,PO0008540,PRD00360,155,11230.29
POI00016641,PO0005141,PRD00698,476,3335.68
POI00016642,PO0007722,PRD00931,181,7216.54
POI00016643,PO0003948,PRD00137,309,14315.76
POI00016644,PO0006698,PRD00857,39,11441.17
POI00016645,PO0009891,PRD00680,293,12884.86
POI00016646,PO0008749,PRD00342,381,10654.4
POI00016647,PO0002356,PRD00684,445,7767.82
POI00016648,PO0005582,PRD00138,488,9292.5
POI00016649,PO0001215,PRD00191,362,6029.05
POI00016650,PO0008237,PRD00455,230,3543.59
POI00016651,PO0004336,PRD00534,445,12763.59
POI00016652,PO0001624,PRD00984,302,5821.18
POI00016653,PO0003929,PRD00885,246,14081.25
POI00016654,PO0005611,PRD00763,234,5016.95
POI00016655,PO0002444,PRD00704,148,9935.11
POI00016656,PO0002705,PRD00593,172,1467.96
POI00016657,PO0005156,PRD00725,173,9430.17
POI00016658,PO0000937,PRD00284,184,12033.13
POI00016659,PO0003826,PRD00993,193,2432.86
POI00016660,PO0000825,PRD00627,132,8481.58
POI00016661,PO0007220,PRD00953,357,4127.02
POI00016662,PO0007125,PRD00561,215,5531.95
POI00016663,PO0009951,PRD00275,45,2070.47
POI00016664,PO0009995,PRD00834,461,4625.99
POI00016665,PO0005055,PRD00690,382,2729.55
POI00016666,PO0008344,PRD00682,274,9106.29
POI00016667,PO0004950,PRD00917,112,13456.14
POI00016668,PO0006886,PRD00933,330,4789.52
POI00016669,PO0007173,PRD00965,496,8131.85
POI00016670,PO0000981,PRD00220,300,3710.28
POI00016671,PO0002363,PRD00401,175,8016.45
POI00016672,PO0006411,PRD00270,295,2874.72
POI00016673,PO0000075,PRD00154,294,9453.46
POI00016674,PO0001591,PRD00147,249,10379.48
POI00016675,PO0002810,PRD00607,10,12074.14
POI00016676,PO0009099,PRD00742,211,120.85
POI00016677,PO0007054,PRD00168,25,5878.6
POI00016678,PO0004326,PRD00788,336,13824.18
POI00016679,PO0009091,PRD00831,289,14405.2
POI00016680,PO0003919,PRD00813,471,1791.65
POI00016681,PO0003132,PRD00404,16,3670.74
POI00016682,PO0006470,PRD00524,387,4908.91
POI00016683,PO0005502,PRD00979,136,3320.45
POI00016684,PO0002602,PRD00248,277,2381.45
POI00016685,PO0002344,PRD00818,100,2577.53
POI00016686,PO0008607,PRD00677,185,658.64
POI00016687,PO0008583,PRD00622,94,3778.03
POI00016688,PO0001967,PRD00029,302,4613.81
POI00016689,PO0007698,PRD00627,117,8481.58
POI00016690,PO0003946,PRD00140,395,6699.68
POI00016691,PO0006291,PRD00642,385,6743.72
POI00016692,PO0009220,PRD00306,454,7923.38
POI00016693,PO0000994,PRD00653,45,9936.12
POI00016694,PO0008491,PRD00225,481,11422.41
POI00016695,PO0008712,PRD00344,249,8985.89
POI00016696,PO0001016,PRD00460,498,5749.6
POI00016697,PO0000927,PRD00528,400,10694.01
POI00016698,PO0003618,PRD00871,376,8636.42
POI00016699,PO0009366,PRD00692,96,4333.24
POI00016700,PO0002997,PRD00142,266,3723.43
POI00016701,PO0003866,PRD00433,399,10827.08
POI00016702,PO0007947,PRD00816,89,7753.49
POI00016703,PO0008242,PRD00752,367,1766.8
POI00016704,PO0005546,PRD00577,298,5565.9
POI00016705,PO0005926,PRD00159,108,11218.67
POI00016706,PO0009765,PRD00569,169,1366.29
POI00016707,PO0008660,PRD00670,61,8380.95
POI00016708,PO0004009,PRD00225,262,11422.41
POI00016709,PO0006805,PRD00004,276,10337.46
POI00016710,PO0006997,PRD00444,57,9833.74
POI00016711,PO0002708,PRD00521,435,3211.38
POI00016712,PO0008505,PRD00759,255,6538.09
POI00016713,PO0007149,PRD00228,349,7076.3
POI00016714,PO0004139,PRD00602,71,12799.03
POI00016715,PO0005278,PRD00622,491,3778.03
POI00016716,PO0003258,PRD00771,380,10772.54
POI00016717,PO0006322,PRD00272,183,5905.57
POI00016718,PO0001740,PRD00955,366,9957.38
POI00016719,PO0005130,PRD00432,75,6955.57
POI00016720,PO0000460,PRD00041,465,14254.59
POI00016721,PO0008569,PRD00228,206,7076.3
POI00016722,PO0004170,PRD00391,461,8417.25
POI00016723,PO0001725,PRD00752,450,1766.8
POI00016724,PO0000633,PRD00871,424,8636.42
POI00016725,PO0009570,PRD00255,424,13121.82
POI00016726,PO0005262,PRD00029,371,4613.81
POI00016727,PO0008212,PRD00992,105,10351.03
POI00016728,PO0008788,PRD00570,204,4694.61
POI00016729,PO0005019,PRD00244,404,4688.28
POI00016730,PO0008635,PRD00275,391,2070.47
POI00016731,PO0009861,PRD00345,108,10843.29
POI00016732,PO0003957,PRD00073,417,7015.92
POI00016733,PO0004121,PRD00927,382,9238.3
POI00016734,PO0005757,PRD00050,363,14145.71
POI00016735,PO0006929,PRD00748,274,9977.26
POI00016736,PO0003918,PRD00956,55,3221.73
POI00016737,PO0003509,PRD00793,228,871.73
POI00016738,PO0006229,PRD00022,237,6591.0
POI00016739,PO0001202,PRD00636,149,3410.7
POI00016740,PO0007177,PRD00704,487,9935.11
POI00016741,PO0009711,PRD00651,26,6515.34
POI00016742,PO0001093,PRD00146,388,1182.02
POI00016743,PO0009228,PRD00426,226,11443.5
POI00016744,PO0003509,PRD00724,126,11372.17
POI00016745,PO0003572,PRD00566,177,1327.27
POI00016746,PO0006940,PRD00056,68,2104.64
POI00016747,PO0009327,PRD00339,342,7828.44
POI00016748,PO0007514,PRD00996,436,12098.44
POI00016749,PO0002946,PRD00578,225,3487.79
POI00016750,PO0007421,PRD00622,205,3778.03
POI00016751,PO0009987,PRD00327,175,11465.77
POI00016752,PO0008296,PRD00101,241,1142.0
POI00016753,PO0001101,PRD00665,263,13549.44
POI00016754,PO0009048,PRD00201,13,9166.2
POI00016755,PO0008691,PRD00780,321,12595.14
POI00016756,PO0005992,PRD00045,20,3578.64
POI00016757,PO0000516,PRD00464,123,471.83
POI00016758,PO0007986,PRD00946,204,5214.57
POI00016759,PO0004183,PRD00387,259,1001.43
POI00016760,PO0008598,PRD00658,271,7106.49
POI00016761,PO0003076,PRD00397,159,1277.33
POI00016762,PO0001329,PRD00726,257,2003.65
POI00016763,PO0003410,PRD00746,137,5454.4
POI00016764,PO0004104,PRD00148,426,12811.77
POI00016765,PO0004830,PRD00823,13,889.68
POI00016766,PO0002032,PRD00645,66,13236.02
POI00016767,PO0009311,PRD00740,245,5420.19
POI00016768,PO0001737,PRD00380,482,10416.11
POI00016769,PO0001779,PRD00365,229,9821.16
POI00016770,PO0009589,PRD00362,217,837.42
POI00016771,PO0001860,PRD00759,64,6538.09
POI00016772,PO0004504,PRD00688,402,5575.81
POI00016773,PO0003371,PRD00007,341,9585.73
POI00016774,PO0004648,PRD00079,455,10823.51
POI00016775,PO0002311,PRD00480,421,10120.83
POI00016776,PO0003593,PRD00792,14,12139.91
POI00016777,PO0003181,PRD00164,304,7114.43
POI00016778,PO0009418,PRD00096,236,4636.27
POI00016779,PO0005362,PRD00364,488,10243.38
POI00016780,PO0001723,PRD00274,244,11015.48
POI00016781,PO0009206,PRD00412,25,14128.47
POI00016782,PO0005583,PRD00854,386,7572.34
POI00016783,PO0007705,PRD00506,331,2811.02
POI00016784,PO0005613,PRD00011,259,10256.43
POI00016785,PO0002054,PRD00731,17,8878.22
POI00016786,PO0004479,PRD00346,333,2284.81
POI00016787,PO0008112,PRD00903,133,10697.16
POI00016788,PO0002340,PRD00496,219,5018.37
POI00016789,PO0009326,PRD00026,399,10030.04
POI00016790,PO0001370,PRD00502,275,7953.51
POI00016791,PO0006606,PRD00074,35,12787.56
POI00016792,PO0006403,PRD00232,500,6790.03
POI00016793,PO0002997,PRD00118,323,13920.88
POI00016794,PO0009122,PRD00460,261,5749.6
POI00016795,PO0003202,PRD00138,397,9292.5
POI00016796,PO0002083,PRD00447,344,8522.58
POI00016797,PO0000555,PRD00533,84,10985.5
POI00016798,PO0004039,PRD00262,291,10465.39
POI00016799,PO0007348,PRD00109,265,11465.59
POI00016800,PO0000288,PRD00263,159,9261.0
POI00016801,PO0009071,PRD00398,473,1850.01
POI00016802,PO0005010,PRD00524,403,4908.91
POI00016803,PO0007475,PRD00738,229,7712.85
POI00016804,PO0001214,PRD00448,278,3508.12
POI00016805,PO0002135,PRD00631,359,968.57
POI00016806,PO0009433,PRD01000,107,1107.64
POI00016807,PO0002744,PRD00941,29,2714.98
POI00016808,PO0000432,PRD00509,441,7385.46
POI00016809,PO0009844,PRD00346,33,2284.81
POI00016810,PO0007544,PRD00144,320,7505.2
POI00016811,PO0003429,PRD00899,337,2478.21
POI00016812,PO0003541,PRD00680,449,12884.86
POI00016813,PO0002383,PRD00417,91,13839.61
POI00016814,PO0009614,PRD00123,339,6279.12
POI00016815,PO0004459,PRD00368,151,13705.39
POI00016816,PO0000204,PRD00297,250,3281.39
POI00016817,PO0001422,PRD00038,28,11694.03
POI00016818,PO0000419,PRD00658,488,7106.49
POI00016819,PO0001820,PRD00894,73,2746.5
POI00016820,PO0006496,PRD00045,359,3578.64
POI00016821,PO0006867,PRD00237,350,10209.15
POI00016822,PO0006012,PRD00467,72,10304.91
POI00016823,PO0005898,PRD00326,408,12217.09
POI00016824,PO0008746,PRD00708,318,13605.38
POI00016825,PO0009607,PRD00125,114,12971.28
POI00016826,PO0009549,PRD00656,186,3059.15
POI00016827,PO0002694,PRD00816,240,7753.49
POI00016828,PO0000130,PRD00705,391,14962.24
POI00016829,PO0009336,PRD00353,474,9182.34
POI00016830,PO0003684,PRD00540,389,3098.59
POI00016831,PO0003160,PRD00820,272,12985.07
POI00016832,PO0009999,PRD00606,13,8374.83
POI00016833,PO0008186,PRD00749,102,13186.86
POI00016834,PO0008650,PRD00783,166,6326.48
POI00016835,PO0000930,PRD00624,40,5373.69
POI00016836,PO0000238,PRD00931,56,7216.54
POI00016837,PO0004744,PRD00238,300,1063.4
POI00016838,PO0008303,PRD00530,12,5677.57
POI00016839,PO0003612,PRD00798,359,10418.61
POI00016840,PO0004861,PRD00870,433,9737.11
POI00016841,PO0000154,PRD00640,46,14055.38
POI00016842,PO0000980,PRD00419,365,13114.42
POI00016843,PO0008298,PRD00392,89,5987.55
POI00016844,PO0002062,PRD00158,303,12470.65
POI00016845,PO0001622,PRD00931,347,7216.54
POI00016846,PO0003100,PRD00121,421,14884.48
POI00016847,PO0000213,PRD00679,474,5120.96
POI00016848,PO0000770,PRD00053,87,10059.59
POI00016849,PO0007027,PRD00340,450,13976.02
POI00016850,PO0006129,PRD00931,494,7216.54
POI00016851,PO0007501,PRD00980,289,10478.27
POI00016852,PO0006635,PRD00688,50,5575.81
POI00016853,PO0001210,PRD00654,115,8610.81
POI00016854,PO0008780,PRD00049,108,12862.44
POI00016855,PO0008583,PRD00920,430,10536.21
POI00016856,PO0009049,PRD00883,291,13462.78
POI00016857,PO0008118,PRD00525,480,14289.77
POI00016858,PO0005217,PRD00872,431,13370.7
POI00016859,PO0002893,PRD00843,480,14383.19
POI00016860,PO0004347,PRD00435,77,11483.94
POI00016861,PO0005080,PRD00320,451,1168.76
POI00016862,PO0009349,PRD00895,69,8698.56
POI00016863,PO0000334,PRD00819,49,9433.84
POI00016864,PO0002848,PRD00151,148,13666.4
POI00016865,PO0007135,PRD00462,78,5449.97
POI00016866,PO0008206,PRD00400,187,14679.08
POI00016867,PO0009167,PRD00730,35,3426.87
POI00016868,PO0003178,PRD00420,268,7232.56
POI00016869,PO0006015,PRD00192,382,10003.41
POI00016870,PO0004176,PRD00888,73,4306.34
POI00016871,PO0002007,PRD00936,369,5539.59
POI00016872,PO0000940,PRD00356,148,5284.14
POI00016873,PO0002093,PRD00390,471,6845.21
POI00016874,PO0009535,PRD00051,480,8110.25
POI00016875,PO0007276,PRD00303,49,3612.1
POI00016876,PO0006953,PRD00750,470,6059.6
POI00016877,PO0001188,PRD00765,330,1393.26
POI00016878,PO0000485,PRD00759,443,6538.09
POI00016879,PO0009868,PRD00157,74,3075.86
POI00016880,PO0009405,PRD00565,194,1309.82
POI00016881,PO0000142,PRD00058,231,4231.59
POI00016882,PO0009792,PRD00017,184,12322.4
POI00016883,PO0005173,PRD00342,15,10654.4
POI00016884,PO0007656,PRD00284,175,12033.13
POI00016885,PO0008192,PRD00910,150,10913.99
POI00016886,PO0006037,PRD00066,460,1213.87
POI00016887,PO0002041,PRD00003,94,4143.44
POI00016888,PO0005320,PRD00916,352,11381.5
POI00016889,PO0004774,PRD00427,318,6255.84
POI00016890,PO0001340,PRD00637,484,11031.21
POI00016891,PO0003162,PRD00818,487,2577.53
POI00016892,PO0008974,PRD00620,252,517.21
POI00016893,PO0003681,PRD00100,234,3533.63
POI00016894,PO0002616,PRD00923,440,14211.0
POI00016895,PO0003462,PRD00758,421,14670.2
POI00016896,PO0005576,PRD00330,446,4277.84
POI00016897,PO0005963,PRD00146,181,1182.02
POI00016898,PO0002204,PRD00417,84,13839.61
POI00016899,PO0008126,PRD00538,220,1565.66
POI00016900,PO0009621,PRD00525,103,14289.77
POI00016901,PO0008612,PRD00958,410,1630.61
POI00016902,PO0009510,PRD00652,85,879.05
POI00016903,PO0009436,PRD00576,454,6871.55
POI00016904,PO0008631,PRD00626,308,10575.52
POI00016905,PO0005059,PRD00926,85,11701.76
POI00016906,PO0009955,PRD00830,107,8039.34
POI00016907,PO0003675,PRD00651,90,6515.34
POI00016908,PO0002816,PRD00590,128,14268.77
POI00016909,PO0001699,PRD00280,314,626.38
POI00016910,PO0005550,PRD00888,101,4306.34
POI00016911,PO0007577,PRD00837,395,2785.86
POI00016912,PO0000067,PRD00414,454,3675.25
POI00016913,PO0009593,PRD00983,374,12437.52
POI00016914,PO0000711,PRD00994,246,971.84
POI00016915,PO0006847,PRD00257,208,12479.22
POI00016916,PO0007951,PRD00828,286,11820.43
POI00016917,PO0007645,PRD00931,307,7216.54
POI00016918,PO0000325,PRD00054,261,13799.56
POI00016919,PO0008121,PRD00097,468,14218.05
POI00016920,PO0004117,PRD00467,51,10304.91
POI00016921,PO0008851,PRD00731,363,8878.22
POI00016922,PO0001001,PRD00396,35,5666.96
POI00016923,PO0006311,PRD00722,305,9531.63
POI00016924,PO0008476,PRD00482,184,14861.25
POI00016925,PO0002325,PRD00776,390,3296.6
POI00016926,PO0001662,PRD00301,227,10700.19
POI00016927,PO0008823,PRD00457,140,7399.8
POI00016928,PO0009319,PRD00413,320,6171.23
POI00016929,PO0000528,PRD00813,474,1791.65
POI00016930,PO0001159,PRD00197,172,14528.51
POI00016931,PO0003208,PRD00458,434,10221.05
POI00016932,PO0009316,PRD00164,396,7114.43
POI00016933,PO0003142,PRD00389,54,10776.42
POI00016934,PO0001621,PRD00884,261,5606.03
POI00016935,PO0009804,PRD00892,81,3978.64
POI00016936,PO0008356,PRD00138,114,9292.5
POI00016937,PO0001509,PRD00468,250,7437.41
POI00016938,PO0006978,PRD00761,391,9679.51
POI00016939,PO0008381,PRD00383,314,3349.4
POI00016940,PO0002225,PRD00704,278,9935.11
POI00016941,PO0000827,PRD00119,104,510.73
POI00016942,PO0009935,PRD00228,273,7076.3
POI00016943,PO0007161,PRD00773,363,8251.54
POI00016944,PO0000618,PRD00687,403,6890.21
POI00016945,PO0005922,PRD00995,61,1957.35
POI00016946,PO0001361,PRD00087,158,2757.27
POI00016947,PO0004008,PRD00132,232,14475.18
POI00016948,PO0005493,PRD00125,497,12971.28
POI00016949,PO0003146,PRD00894,144,2746.5
POI00016950,PO0001322,PRD00894,231,2746.5
POI00016951,PO0009422,PRD00257,431,12479.22
POI00016952,PO0005716,PRD00277,301,12187.55
POI00016953,PO0009170,PRD00859,80,13775.1
POI00016954,PO0002643,PRD00445,35,6126.75
POI00016955,PO0006989,PRD00457,460,7399.8
POI00016956,PO0000418,PRD00861,235,12536.29
POI00016957,PO0000165,PRD00450,134,2755.97
POI00016958,PO0007167,PRD00963,176,8895.2
POI00016959,PO0007383,PRD00042,232,12472.09
POI00016960,PO0005375,PRD00840,403,1992.97
POI00016961,PO0001064,PRD00255,114,13121.82
POI00016962,PO0000068,PRD00914,65,14209.47
POI00016963,PO0003853,PRD00092,328,1185.31
POI00016964,PO0002352,PRD00805,455,6473.34
POI00016965,PO0000427,PRD00401,297,8016.45
POI00016966,PO0007011,PRD00575,498,4003.21
POI00016967,PO0005745,PRD00814,81,14386.74
POI00016968,PO0001717,PRD00233,290,9106.69
POI00016969,PO0009362,PRD00547,333,10434.94
POI00016970,PO0003119,PRD00750,444,6059.6
POI00016971,PO0004965,PRD00571,312,268.96
POI00016972,PO0007057,PRD00691,20,5216.2
POI00016973,PO0005983,PRD00959,394,4695.81
POI00016974,PO0009563,PRD00195,134,8830.06
POI00016975,PO0004019,PRD00455,105,3543.59
POI00016976,PO0008745,PRD00945,296,3955.76
POI00016977,PO0001319,PRD00827,193,10537.16
POI00016978,PO0004332,PRD00732,133,5677.87
POI00016979,PO0000356,PRD00596,373,6569.94
POI00016980,PO0008195,PRD00547,410,10434.94
POI00016981,PO0006654,PRD00034,174,12113.92
POI00016982,PO0006560,PRD00929,462,2808.45
POI00016983,PO0000594,PRD00499,119,5881.43
POI00016984,PO0005446,PRD00846,189,5432.42
POI00016985,PO0003595,PRD00615,491,9737.39
POI00016986,PO0004979,PRD00752,78,1766.8
POI00016987,PO0004375,PRD00007,173,9585.73
POI00016988,PO0002425,PRD00301,178,10700.19
POI00016989,PO0007611,PRD00218,83,4399.57
POI00016990,PO0008652,PRD00872,341,13370.7
POI00016991,PO0001544,PRD00629,396,377.33
POI00016992,PO0008518,PRD00762,301,13051.68
POI00016993,PO0004785,PRD00135,360,7084.8
POI00016994,PO0000656,PRD00451,93,11303.64
POI00016995,PO0009140,PRD00590,313,14268.77
POI00016996,PO0005531,PRD00142,153,3723.43
POI00016997,PO0009619,PRD00272,144,5905.57
POI00016998,PO0002088,PRD00549,17,2125.97
POI00016999,PO0002459,PRD00628,494,2699.31
POI00017000,PO0000421,PRD00558,331,9720.85
POI00017001,PO0001694,PRD00157,450,3075.86
POI00017002,PO0004654,PRD00238,191,1063.4
POI00017003,PO0002744,PRD00856,37,11059.92
POI00017004,PO0000617,PRD00514,401,4437.98
POI00017005,PO0008660,PRD00702,180,12933.45
POI00017006,PO0000032,PRD00348,327,10382.26
POI00017007,PO0002366,PRD00372,381,12777.81
POI00017008,PO0008801,PRD00234,355,12179.62
POI00017009,PO0006451,PRD00037,338,9868.39
POI00017010,PO0002953,PRD00185,358,6440.0
POI00017011,PO0004025,PRD00794,126,14754.3
POI00017012,PO0007011,PRD00631,386,968.57
POI00017013,PO0000194,PRD00910,358,10913.99
POI00017014,PO0007249,PRD00697,250,6403.2
POI00017015,PO0001228,PRD00360,255,11230.29
POI00017016,PO0004143,PRD00909,321,11074.93
POI00017017,PO0000231,PRD00074,432,12787.56
POI00017018,PO0002141,PRD00187,278,4183.24
POI00017019,PO0007777,PRD00981,431,916.09
POI00017020,PO0007962,PRD00483,242,8191.19
POI00017021,PO0002588,PRD00438,437,314.72
POI00017022,PO0003901,PRD00865,24,13316.61
POI00017023,PO0000213,PRD00872,202,13370.7
POI00017024,PO0009181,PRD00359,111,14333.28
POI00017025,PO0007298,PRD00243,476,9718.69
POI00017026,PO0006362,PRD00926,413,11701.76
POI00017027,PO0006471,PRD00440,196,12108.02
POI00017028,PO0008783,PRD00551,160,6646.28
POI00017029,PO0000126,PRD00331,56,4343.37
POI00017030,PO0001076,PRD00326,62,12217.09
POI00017031,PO0004830,PRD00237,418,10209.15
POI00017032,PO0002285,PRD00312,11,3819.03
POI00017033,PO0008685,PRD00227,196,12974.56
POI00017034,PO0000153,PRD00496,241,5018.37
POI00017035,PO0004437,PRD00396,282,5666.96
POI00017036,PO0007520,PRD00066,365,1213.87
POI00017037,PO0006359,PRD00341,202,8938.37
POI00017038,PO0009966,PRD00104,370,8958.06
POI00017039,PO0009194,PRD00952,425,4757.15
POI00017040,PO0008806,PRD00706,215,11072.04
POI00017041,PO0002524,PRD00112,310,10078.39
POI00017042,PO0003866,PRD00338,248,755.93
POI00017043,PO0004206,PRD00669,317,4850.66
POI00017044,PO0002377,PRD00880,28,12411.59
POI00017045,PO0003706,PRD00207,487,13259.47
POI00017046,PO0004727,PRD00008,201,8448.73
POI00017047,PO0000450,PRD00479,259,11981.47
POI00017048,PO0005638,PRD00309,301,11535.3
POI00017049,PO0001643,PRD00218,173,4399.57
POI00017050,PO0001285,PRD00080,428,9716.87
POI00017051,PO0003690,PRD00675,174,9849.43
POI00017052,PO0003370,PRD00131,219,5840.29
POI00017053,PO0009891,PRD00129,216,14713.16
POI00017054,PO0005403,PRD00198,371,2388.57
POI00017055,PO0007671,PRD00041,163,14254.59
POI00017056,PO0004018,PRD00489,414,5226.91
POI00017057,PO0007499,PRD00929,254,2808.45
POI00017058,PO0007067,PRD00945,303,3955.76
POI00017059,PO0009825,PRD00823,207,889.68
POI00017060,PO0002415,PRD00768,338,13360.45
POI00017061,PO0009783,PRD00710,67,7104.05
POI00017062,PO0001913,PRD00800,419,273.44
POI00017063,PO0002668,PRD00590,135,14268.77
POI00017064,PO0001990,PRD00701,93,7267.54
POI00017065,PO0000146,PRD00921,155,10131.57
POI00017066,PO0009809,PRD00554,480,5324.91
POI00017067,PO0002415,PRD00591,480,1630.92
POI00017068,PO0006460,PRD00867,238,2868.63
POI00017069,PO0009056,PRD00091,378,14120.67
POI00017070,PO0002474,PRD00666,476,1874.61
POI00017071,PO0002460,PRD00085,415,2937.79
POI00017072,PO0004043,PRD00628,47,2699.31
POI00017073,PO0009698,PRD00580,21,13972.91
POI00017074,PO0009116,PRD00061,428,14248.21
POI00017075,PO0007810,PRD00461,206,4804.84
POI00017076,PO0007325,PRD00210,72,5229.98
POI00017077,PO0006306,PRD00278,203,4458.16
POI00017078,PO0000185,PRD00539,152,13947.14
POI00017079,PO0009922,PRD00103,85,12413.34
POI00017080,PO0006712,PRD00867,355,2868.63
POI00017081,PO0002347,PRD00337,280,11344.08
POI00017082,PO0005844,PRD00528,500,10694.01
POI00017083,PO0009961,PRD00814,261,14386.74
POI00017084,PO0008892,PRD00515,54,11728.64
POI00017085,PO0008659,PRD00556,320,11702.23
POI00017086,PO0009417,PRD00323,363,7763.5
POI00017087,PO0008954,PRD00922,483,7190.21
POI00017088,PO0002334,PRD00857,304,11441.17
POI00017089,PO0000207,PRD00080,468,9716.87
POI00017090,PO0003235,PRD00552,288,13804.82
POI00017091,PO0005107,PRD00418,498,848.93
POI00017092,PO0001555,PRD00017,358,12322.4
POI00017093,PO0002799,PRD00006,452,12453.87
POI00017094,PO0006157,PRD00951,298,12745.6
POI00017095,PO0000269,PRD00088,182,759.09
POI00017096,PO0000655,PRD00459,230,11986.98
POI00017097,PO0003375,PRD00725,65,9430.17
POI00017098,PO0002179,PRD00900,256,12362.97
POI00017099,PO0006956,PRD00852,13,9836.31
POI00017100,PO0009816,PRD00166,220,9766.65
POI00017101,PO0001299,PRD00424,495,7036.46
POI00017102,PO0004330,PRD00863,427,7788.61
POI00017103,PO0001816,PRD00892,257,3978.64
POI00017104,PO0004489,PRD00782,44,9890.23
POI00017105,PO0007115,PRD00237,279,10209.15
POI00017106,PO0000679,PRD00206,31,10846.21
POI00017107,PO0006932,PRD00516,277,8281.91
POI00017108,PO0002279,PRD00210,341,5229.98
POI00017109,PO0008669,PRD00247,345,9955.98
POI00017110,PO0006400,PRD00944,198,7189.97
POI00017111,PO0002946,PRD00275,472,2070.47
POI00017112,PO0009999,PRD00032,352,4314.09
POI00017113,PO0002571,PRD00804,376,14440.13
POI00017114,PO0003633,PRD00511,236,2991.32
POI00017115,PO0006369,PRD00684,161,7767.82
POI00017116,PO0008806,PRD00175,370,834.63
POI00017117,PO0007950,PRD00392,438,5987.55
POI00017118,PO0006041,PRD00576,472,6871.55
POI00017119,PO0008895,PRD00541,210,2451.94
POI00017120,PO0000054,PRD00596,375,6569.94
POI00017121,PO0006171,PRD00286,349,4652.92
POI00017122,PO0003517,PRD00237,425,10209.15
POI00017123,PO0005294,PRD00068,53,11959.71
POI00017124,PO0004745,PRD00833,415,703.26
POI00017125,PO0003230,PRD00050,303,14145.71
POI00017126,PO0004157,PRD00948,214,5378.23
POI00017127,PO0002348,PRD00122,55,7515.76
POI00017128,PO0001747,PRD00623,442,11479.62
POI00017129,PO0004511,PRD00174,289,1447.77
POI00017130,PO0007153,PRD00738,404,7712.85
POI00017131,PO0009433,PRD00232,221,6790.03
POI00017132,PO0004669,PRD00330,40,4277.84
POI00017133,PO0008009,PRD00711,427,14208.1
POI00017134,PO0006960,PRD00720,41,6824.63
POI00017135,PO0000320,PRD00262,30,10465.39
POI00017136,PO0002532,PRD00511,130,2991.32
POI00017137,PO0006904,PRD00997,201,5423.86
POI00017138,PO0009891,PRD00225,335,11422.41
POI00017139,PO0006013,PRD00604,53,14528.53
POI00017140,PO0000025,PRD00374,454,290.14
POI00017141,PO0008852,PRD00170,354,12518.7
POI00017142,PO0003622,PRD00152,212,9137.41
POI00017143,PO0009585,PRD00189,273,1559.74
POI00017144,PO0008189,PRD00561,423,5531.95
POI00017145,PO0004619,PRD00068,186,11959.71
POI00017146,PO0002646,PRD00115,391,12984.47
POI00017147,PO0003363,PRD00297,324,3281.39
POI00017148,PO0005013,PRD00994,119,971.84
POI00017149,PO0001475,PRD00057,62,4964.1
POI00017150,PO0006561,PRD00618,377,7236.89
POI00017151,PO0001141,PRD00746,436,5454.4
POI00017152,PO0004088,PRD00880,393,12411.59
POI00017153,PO0003298,PRD00298,142,1909.75
POI00017154,PO0001026,PRD00873,408,7788.28
POI00017155,PO0000231,PRD00115,284,12984.47
POI00017156,PO0004605,PRD00844,329,10706.01
POI00017157,PO0001614,PRD00409,176,13153.77
POI00017158,PO0009002,PRD00098,137,2423.29
POI00017159,PO0000606,PRD00489,299,5226.91
POI00017160,PO0002599,PRD00737,79,9372.14
POI00017161,PO0003872,PRD00619,240,5874.65
POI00017162,PO0003543,PRD00778,440,11600.41
POI00017163,PO0001661,PRD00905,20,2985.62
POI00017164,PO0003320,PRD00810,385,6285.69
POI00017165,PO0003086,PRD00853,176,2077.51
POI00017166,PO0009562,PRD00744,115,13579.31
POI00017167,PO0005321,PRD00453,384,5806.99
POI00017168,PO0004188,PRD00774,463,7426.94
POI00017169,PO0009156,PRD00737,158,9372.14
POI00017170,PO0004401,PRD00169,261,8843.12
POI00017171,PO0004064,PRD00241,353,2003.96
POI00017172,PO0002567,PRD00532,450,4963.16
POI00017173,PO0007404,PRD00222,168,1219.58
POI00017174,PO0003433,PRD00600,277,6787.54
POI00017175,PO0008286,PRD00603,233,3288.11
POI00017176,PO0007428,PRD00095,260,11653.35
POI00017177,PO0002843,PRD00147,252,10379.48
POI00017178,PO0004205,PRD00202,218,2771.81
POI00017179,PO0008071,PRD00395,217,6180.29
POI00017180,PO0004218,PRD00668,161,3092.64
POI00017181,PO0001809,PRD00134,384,10858.86
POI00017182,PO0004523,PRD00907,170,14636.64
POI00017183,PO0000727,PRD00735,329,8245.45
POI00017184,PO0004240,PRD00961,300,12916.7
POI00017185,PO0008473,PRD00473,398,4562.49
POI00017186,PO0004246,PRD00524,265,4908.91
POI00017187,PO0005242,PRD00169,366,8843.12
POI00017188,PO0006535,PRD00003,242,4143.44
POI00017189,PO0004390,PRD00950,197,13034.4
POI00017190,PO0004499,PRD00500,375,8694.03
POI00017191,PO0007765,PRD00032,178,4314.09
POI00017192,PO0004219,PRD00025,217,9977.74
POI00017193,PO0004056,PRD00070,446,12755.67
POI00017194,PO0000795,PRD00429,230,4484.27
POI00017195,PO0009614,PRD00613,270,2658.28
POI00017196,PO0001868,PRD00588,156,11008.35
POI00017197,PO0007384,PRD00364,404,10243.38
POI00017198,PO0008294,PRD00418,15,848.93
POI00017199,PO0007690,PRD00587,440,7001.79
POI00017200,PO0007696,PRD00289,100,5500.6
POI00017201,PO0004889,PRD00859,451,13775.1
POI00017202,PO0005128,PRD00223,319,13596.37
POI00017203,PO0005902,PRD00913,227,7633.07
POI00017204,PO0000781,PRD00081,28,3386.22
POI00017205,PO0005380,PRD00711,370,14208.1
POI00017206,PO0002358,PRD00460,22,5749.6
POI00017207,PO0006500,PRD00185,127,6440.0
POI00017208,PO0007623,PRD00204,244,1118.21
POI00017209,PO0007120,PRD00697,236,6403.2
POI00017210,PO0001990,PRD00993,261,2432.86
POI00017211,PO0006509,PRD00842,415,10426.4
POI00017212,PO0002751,PRD00191,187,6029.05
POI00017213,PO0008321,PRD00450,404,2755.97
POI00017214,PO0004721,PRD00033,491,12290.88
POI00017215,PO0009569,PRD00894,173,2746.5
POI00017216,PO0006642,PRD00549,41,2125.97
POI00017217,PO0007860,PRD00130,316,731.22
POI00017218,PO0004712,PRD00939,447,12076.99
POI00017219,PO0001269,PRD00815,346,5837.27
POI00017220,PO0004939,PRD00595,485,9587.26
POI00017221,PO0005573,PRD00541,49,2451.94
POI00017222,PO0009149,PRD00725,156,9430.17
POI00017223,PO0005265,PRD00860,494,1620.12
POI00017224,PO0008558,PRD00540,368,3098.59
POI00017225,PO0003779,PRD00131,279,5840.29
POI00017226,PO0006449,PRD00475,74,14519.03
POI00017227,PO0002245,PRD00411,122,9419.82
POI00017228,PO0005764,PRD00288,329,4176.37
POI00017229,PO0008284,PRD00927,311,9238.3
POI00017230,PO0006497,PRD00035,44,9200.21
POI00017231,PO0001581,PRD00641,460,5254.41
POI00017232,PO0001818,PRD00880,456,12411.59
POI00017233,PO0002132,PRD00322,164,11034.26
POI00017234,PO0009479,PRD00713,56,5625.5
POI00017235,PO0004921,PRD00032,254,4314.09
POI00017236,PO0002208,PRD00175,149,834.63
POI00017237,PO0000812,PRD00616,130,1388.81
POI00017238,PO0007588,PRD00331,451,4343.37
POI00017239,PO0004704,PRD00216,15,12937.52
POI00017240,PO0007164,PRD00880,470,12411.59
POI00017241,PO0003342,PRD00638,303,14235.92
POI00017242,PO0003405,PRD00602,380,12799.03
POI00017243,PO0004509,PRD00950,224,13034.4
POI00017244,PO0003811,PRD00028,87,9263.48
POI00017245,PO0007958,PRD00372,103,12777.81
POI00017246,PO0006209,PRD00629,202,377.33
POI00017247,PO0009359,PRD00525,237,14289.77
POI00017248,PO0005000,PRD00415,287,13727.94
POI00017249,PO0002732,PRD00869,132,7264.23
POI00017250,PO0005690,PRD00828,115,11820.43
POI00017251,PO0002927,PRD00789,498,7598.09
POI00017252,PO0008482,PRD00700,406,8456.94
POI00017253,PO0000259,PRD00696,129,3418.65
POI00017254,PO0006968,PRD00794,340,14754.3
POI00017255,PO0005268,PRD00963,337,8895.2
POI00017256,PO0001218,PRD00412,223,14128.47
POI00017257,PO0001623,PRD00196,270,6209.26
POI00017258,PO0000272,PRD00702,273,12933.45
POI00017259,PO0007549,PRD00366,321,11358.19
POI00017260,PO0006534,PRD00132,483,14475.18
POI00017261,PO0006560,PRD00271,305,14304.78
POI00017262,PO0006771,PRD00559,67,1762.14
POI00017263,PO0003191,PRD00906,255,9258.63
POI00017264,PO0003958,PRD00244,16,4688.28
POI00017265,PO0005828,PRD00244,78,4688.28
POI00017266,PO0004433,PRD00556,72,11702.23
POI00017267,PO0000392,PRD00757,93,1024.97
POI00017268,PO0006081,PRD00041,312,14254.59
POI00017269,PO0002358,PRD00916,453,11381.5
POI00017270,PO0006261,PRD00957,211,8262.63
POI00017271,PO0009524,PRD00971,442,2515.98
POI00017272,PO0005985,PRD00528,136,10694.01
POI00017273,PO0004358,PRD00549,315,2125.97
POI00017274,PO0006496,PRD00478,443,14298.83
POI00017275,PO0000934,PRD00898,298,11808.33
POI00017276,PO0004984,PRD00708,475,13605.38
POI00017277,PO0008440,PRD00741,247,13662.52
POI00017278,PO0008434,PRD00663,191,8339.74
POI00017279,PO0007949,PRD00444,107,9833.74
POI00017280,PO0007607,PRD00135,361,7084.8
POI00017281,PO0002925,PRD00962,127,8264.3
POI00017282,PO0006154,PRD00278,260,4458.16
POI00017283,PO0001408,PRD00453,367,5806.99
POI00017284,PO0001491,PRD00958,259,1630.61
POI00017285,PO0008311,PRD00387,70,1001.43
POI00017286,PO0003385,PRD00832,109,14364.28
POI00017287,PO0007907,PRD00560,137,14804.29
POI00017288,PO0003599,PRD00161,487,14511.66
POI00017289,PO0002692,PRD00228,459,7076.3
POI00017290,PO0003859,PRD00446,28,10566.45
POI00017291,PO0005177,PRD00599,41,11716.66
POI00017292,PO0004643,PRD00377,281,14726.74
POI00017293,PO0009738,PRD00457,184,7399.8
POI00017294,PO0005545,PRD00066,163,1213.87
POI00017295,PO0008283,PRD00615,499,9737.39
POI00017296,PO0000532,PRD00586,102,4430.6
POI00017297,PO0000740,PRD00016,402,12890.21
POI00017298,PO0001517,PRD00192,205,10003.41
POI00017299,PO0004682,PRD00972,182,3371.24
POI00017300,PO0004633,PRD00645,207,13236.02
POI00017301,PO0006651,PRD00571,202,268.96
POI00017302,PO0002761,PRD00738,19,7712.85
POI00017303,PO0002483,PRD00400,157,14679.08
POI00017304,PO0008540,PRD00465,162,12966.68
POI00017305,PO0005443,PRD00229,40,5330.98
POI00017306,PO0005563,PRD00936,348,5539.59
POI00017307,PO0006359,PRD00311,286,5242.66
POI00017308,PO0002783,PRD00820,196,12985.07
POI00017309,PO0008537,PRD00603,157,3288.11
POI00017310,PO0001353,PRD00503,485,8838.11
POI00017311,PO0002178,PRD00505,254,10107.88
POI00017312,PO0007532,PRD00709,499,12622.33
POI00017313,PO0001873,PRD00775,201,1675.87
POI00017314,PO0008104,PRD00725,136,9430.17
POI00017315,PO0008039,PRD00900,131,12362.97
POI00017316,PO0005675,PRD00243,385,9718.69
POI00017317,PO0008812,PRD00628,490,2699.31
POI00017318,PO0000892,PRD00396,173,5666.96
POI00017319,PO0006867,PRD00074,367,12787.56
POI00017320,PO0007002,PRD00818,303,2577.53
POI00017321,PO0006298,PRD00812,327,3339.2
POI00017322,PO0007212,PRD00746,444,5454.4
POI00017323,PO0005457,PRD00360,163,11230.29
POI00017324,PO0001621,PRD00719,88,9495.01
POI00017325,PO0002317,PRD00300,295,10666.34
POI00017326,PO0006026,PRD00127,438,12989.69
POI00017327,PO0002100,PRD00927,497,9238.3
POI00017328,PO0009885,PRD00140,488,6699.68
POI00017329,PO0009148,PRD00128,289,8314.61
POI00017330,PO0000096,PRD00587,490,7001.79
POI00017331,PO0003482,PRD00389,497,10776.42
POI00017332,PO0000530,PRD00678,37,815.42
POI00017333,PO0005547,PRD00244,196,4688.28
POI00017334,PO0006473,PRD00031,24,11922.53
POI00017335,PO0005317,PRD00785,369,2141.65
POI00017336,PO0006144,PRD00369,397,11836.37
POI00017337,PO0008179,PRD00747,20,1497.38
POI00017338,PO0003260,PRD00428,27,322.0
POI00017339,PO0006875,PRD00215,102,7543.91
POI00017340,PO0001425,PRD00880,355,12411.59
POI00017341,PO0005764,PRD00719,65,9495.01
POI00017342,PO0007029,PRD00709,38,12622.33
POI00017343,PO0002065,PRD00788,23,13824.18
POI00017344,PO0000794,PRD00911,488,14452.25
POI00017345,PO0004430,PRD00837,451,2785.86
POI00017346,PO0001307,PRD00449,25,4124.74
POI00017347,PO0000110,PRD00605,163,3961.69
POI00017348,PO0003007,PRD00600,434,6787.54
POI00017349,PO0002585,PRD00223,418,13596.37
POI00017350,PO0005845,PRD00329,18,14502.96
POI00017351,PO0005849,PRD00016,475,12890.21
POI00017352,PO0006022,PRD00133,108,13122.92
POI00017353,PO0003681,PRD00082,400,7141.05
POI00017354,PO0002672,PRD00189,397,1559.74
POI00017355,PO0006652,PRD00149,112,8656.19
POI00017356,PO0004420,PRD00545,65,7193.96
POI00017357,PO0009509,PRD00761,36,9679.51
POI00017358,PO0001591,PRD00267,417,1734.0
POI00017359,PO0004258,PRD00512,423,6184.28
POI00017360,PO0004249,PRD00167,153,14939.24
POI00017361,PO0006348,PRD00126,342,12322.6
POI00017362,PO0007406,PRD00848,447,13378.15
POI00017363,PO0008140,PRD00757,349,1024.97
POI00017364,PO0009211,PRD00189,273,1559.74
POI00017365,PO0003158,PRD00273,487,3864.46
POI00017366,PO0002651,PRD00720,237,6824.63
POI00017367,PO0006071,PRD00684,410,7767.82
POI00017368,PO0007127,PRD00148,104,12811.77
POI00017369,PO0000435,PRD00398,362,1850.01
POI00017370,PO0005818,PRD00584,42,13164.71
POI00017371,PO0005079,PRD00986,235,7134.56
POI00017372,PO0007041,PRD00600,143,6787.54
POI00017373,PO0008911,PRD00240,231,1296.01
POI00017374,PO0002066,PRD00447,286,8522.58
POI00017375,PO0000368,PRD00509,26,7385.46
POI00017376,PO0005365,PRD00927,476,9238.3
POI00017377,PO0002561,PRD00637,45,11031.21
POI00017378,PO0007899,PRD00901,153,1036.08
POI00017379,PO0009025,PRD00925,239,3105.28
POI00017380,PO0002242,PRD00100,421,3533.63
POI00017381,PO0009058,PRD00090,72,7083.4
POI00017382,PO0003724,PRD00463,157,6510.21
POI00017383,PO0003556,PRD00862,135,5699.76
POI00017384,PO0004122,PRD00523,448,12097.17
POI00017385,PO0001620,PRD00467,274,10304.91
POI00017386,PO0004148,PRD00290,193,2210.27
POI00017387,PO0006343,PRD00552,272,13804.82
POI00017388,PO0003038,PRD00115,351,12984.47
POI00017389,PO0000704,PRD00583,270,2755.82
POI00017390,PO0007069,PRD00197,226,14528.51
POI00017391,PO0005452,PRD00430,341,7529.58
POI00017392,PO0008534,PRD00151,90,13666.4
POI00017393,PO0009071,PRD00447,413,8522.58
POI00017394,PO0009308,PRD00002,399,14088.84
POI00017395,PO0006489,PRD00789,202,7598.09
POI00017396,PO0000843,PRD00908,208,5348.66
POI00017397,PO0009464,PRD00552,362,13804.82
POI00017398,PO0008690,PRD00027,384,2942.25
POI00017399,PO0002461,PRD00075,109,3718.44
POI00017400,PO0000297,PRD00015,409,4060.74
POI00017401,PO0003566,PRD00713,18,5625.5
POI00017402,PO0005736,PRD00813,324,1791.65
POI00017403,PO0010000,PRD00645,83,13236.02
POI00017404,PO0000030,PRD00903,211,10697.16
POI00017405,PO0006003,PRD00037,431,9868.39
POI00017406,PO0009385,PRD00884,80,5606.03
POI00017407,PO0008658,PRD00251,88,3571.32
POI00017408,PO0002294,PRD00699,317,8800.55
POI00017409,PO0005900,PRD00326,117,12217.09
POI00017410,PO0003732,PRD00797,44,11156.8
POI00017411,PO0003438,PRD00187,114,4183.24
POI00017412,PO0005398,PRD00658,479,7106.49
POI00017413,PO0008061,PRD00681,469,14615.35
POI00017414,PO0001552,PRD00306,370,7923.38
POI00017415,PO0005315,PRD00286,211,4652.92
POI00017416,PO0004535,PRD00808,407,7399.02
POI00017417,PO0001403,PRD00286,312,4652.92
POI00017418,PO0005602,PRD00804,255,14440.13
POI00017419,PO0008619,PRD00089,293,9597.02
POI00017420,PO0001724,PRD00705,185,14962.24
POI00017421,PO0005713,PRD00337,254,11344.08
POI00017422,PO0001365,PRD00509,30,7385.46
POI00017423,PO0000372,PRD00909,44,11074.93
POI00017424,PO0006378,PRD00422,49,13723.46
POI00017425,PO0004270,PRD00768,259,13360.45
POI00017426,PO0001390,PRD00320,425,1168.76
POI00017427,PO0004966,PRD00298,179,1909.75
POI00017428,PO0006554,PRD00047,175,1038.29
POI00017429,PO0007718,PRD00510,482,9321.6
POI00017430,PO0002824,PRD00605,168,3961.69
POI00017431,PO0002170,PRD00371,54,6858.89
POI00017432,PO0006563,PRD00072,457,2707.96
POI00017433,PO0000463,PRD00486,239,14504.82
POI00017434,PO0005119,PRD00936,139,5539.59
POI00017435,PO0006796,PRD00720,353,6824.63
POI00017436,PO0009468,PRD00377,371,14726.74
POI00017437,PO0005856,PRD00284,202,12033.13
POI00017438,PO0004543,PRD00104,233,8958.06
POI00017439,PO0005527,PRD00630,55,12112.17
POI00017440,PO0007941,PRD00276,468,12469.32
POI00017441,PO0001143,PRD00727,204,1054.08
POI00017442,PO0006229,PRD00857,408,11441.17
POI00017443,PO0000741,PRD00272,342,5905.57
POI00017444,PO0005215,PRD00837,339,2785.86
POI00017445,PO0005760,PRD00213,108,11481.28
POI00017446,PO0006976,PRD00537,390,11841.49
POI00017447,PO0006715,PRD00772,74,11409.05
POI00017448,PO0006070,PRD00008,30,8448.73
POI00017449,PO0005065,PRD00155,241,11846.07
POI00017450,PO0004440,PRD00523,250,12097.17
POI00017451,PO0004083,PRD00863,99,7788.61
POI00017452,PO0009568,PRD00734,356,799.67
POI00017453,PO0000516,PRD00139,459,11221.75
POI00017454,PO0000846,PRD00905,20,2985.62
POI00017455,PO0008615,PRD00952,57,4757.15
POI00017456,PO0005588,PRD00427,352,6255.84
POI00017457,PO0005325,PRD00094,245,8406.45
POI00017458,PO0000069,PRD00927,59,9238.3
POI00017459,PO0005963,PRD00090,130,7083.4
POI00017460,PO0006377,PRD00787,231,3077.27
POI00017461,PO0003751,PRD00266,102,3637.52
POI00017462,PO0009735,PRD00014,328,11069.54
POI00017463,PO0003569,PRD00981,190,916.09
POI00017464,PO0007771,PRD00177,72,12210.75
POI00017465,PO0004102,PRD00614,50,6734.49
POI00017466,PO0007689,PRD00390,434,6845.21
POI00017467,PO0001284,PRD00204,253,1118.21
POI00017468,PO0008045,PRD00502,364,7953.51
POI00017469,PO0009220,PRD00528,76,10694.01
POI00017470,PO0003849,PRD00032,306,4314.09
POI00017471,PO0009610,PRD00864,453,5345.24
POI00017472,PO0008055,PRD00430,325,7529.58
POI00017473,PO0001638,PRD00628,330,2699.31
POI00017474,PO0000067,PRD00334,310,8334.09
POI00017475,PO0006571,PRD00004,455,10337.46
POI00017476,PO0006850,PRD00622,73,3778.03
POI00017477,PO0000844,PRD00463,200,6510.21
POI00017478,PO0008904,PRD00689,11,10243.12
POI00017479,PO0008121,PRD00838,126,9698.54
POI00017480,PO0005714,PRD00136,190,9775.56
POI00017481,PO0008948,PRD00850,63,12204.62
POI00017482,PO0001743,PRD00794,434,14754.3
POI00017483,PO0008779,PRD00908,145,5348.66
POI00017484,PO0008231,PRD00815,411,5837.27
POI00017485,PO0008607,PRD00683,306,11134.9
POI00017486,PO0002905,PRD00194,37,11189.27
POI00017487,PO0006583,PRD00563,42,13844.88
POI00017488,PO0001822,PRD00815,404,5837.27
POI00017489,PO0006128,PRD00161,36,14511.66
POI00017490,PO0009102,PRD00229,345,5330.98
POI00017491,PO0002711,PRD00468,435,7437.41
POI00017492,PO0003420,PRD00072,380,2707.96
POI00017493,PO0004230,PRD00411,362,9419.82
POI00017494,PO0002221,PRD00819,363,9433.84
POI00017495,PO0007970,PRD00581,296,3429.77
POI00017496,PO0001921,PRD00851,446,13602.05
POI00017497,PO0002778,PRD00113,305,4380.21
POI00017498,PO0002775,PRD00496,402,5018.37
POI00017499,PO0007383,PRD00530,421,5677.57
POI00017500,PO0009696,PRD00746,221,5454.4
POI00017501,PO0009696,PRD00725,394,9430.17
POI00017502,PO0003196,PRD00450,215,2755.97
POI00017503,PO0006910,PRD00745,252,7007.02
POI00017504,PO0002819,PRD00150,229,4175.25
POI00017505,PO0005006,PRD00302,316,7670.64
POI00017506,PO0006071,PRD00253,325,11689.61
POI00017507,PO0000216,PRD00360,71,11230.29
POI00017508,PO0002957,PRD00605,369,3961.69
POI00017509,PO0009427,PRD00124,42,8304.87
POI00017510,PO0001644,PRD00377,176,14726.74
POI00017511,PO0001547,PRD00766,442,11198.97
POI00017512,PO0008172,PRD00054,305,13799.56
POI00017513,PO0005226,PRD00187,15,4183.24
POI00017514,PO0004488,PRD00547,494,10434.94
POI00017515,PO0003048,PRD00934,340,8748.64
POI00017516,PO0000046,PRD00634,286,11006.69
POI00017517,PO0001179,PRD00732,135,5677.87
POI00017518,PO0009027,PRD00585,51,4963.33
POI00017519,PO0006557,PRD00321,46,7009.48
POI00017520,PO0008463,PRD00747,449,1497.38
POI00017521,PO0000221,PRD00699,108,8800.55
POI00017522,PO0002776,PRD00784,85,4162.05
POI00017523,PO0001973,PRD00743,95,2305.24
POI00017524,PO0005965,PRD00240,178,1296.01
POI00017525,PO0001313,PRD00827,237,10537.16
POI00017526,PO0009637,PRD00926,496,11701.76
POI00017527,PO0000590,PRD00486,402,14504.82
POI00017528,PO0005217,PRD00369,71,11836.37
POI00017529,PO0008958,PRD00583,263,2755.82
POI00017530,PO0000476,PRD00737,352,9372.14
POI00017531,PO0001596,PRD00854,156,7572.34
POI00017532,PO0001517,PRD00299,211,14959.16
POI00017533,PO0008546,PRD00119,387,510.73
POI00017534,PO0007656,PRD00901,325,1036.08
POI00017535,PO0002703,PRD00490,241,13814.57
POI00017536,PO0002492,PRD00193,72,1081.63
POI00017537,PO0003382,PRD00783,331,6326.48
POI00017538,PO0000078,PRD00132,251,14475.18
POI00017539,PO0007266,PRD00135,314,7084.8
POI00017540,PO0004561,PRD00785,363,2141.65
POI00017541,PO0009163,PRD00627,157,8481.58
POI00017542,PO0002499,PRD00692,249,4333.24
POI00017543,PO0004225,PRD00252,168,5568.19
POI00017544,PO0003769,PRD00021,122,650.8
POI00017545,PO0008898,PRD00862,191,5699.76
POI00017546,PO0000681,PRD00979,420,3320.45
POI00017547,PO0008776,PRD00555,363,9697.74
POI00017548,PO0007273,PRD00021,228,650.8
POI00017549,PO0007883,PRD00762,476,13051.68
POI00017550,PO0006411,PRD00715,424,7125.52
POI00017551,PO0006685,PRD00472,151,12076.82
POI00017552,PO0001248,PRD00836,441,2825.17
POI00017553,PO0004225,PRD00610,461,3030.44
POI00017554,PO0007458,PRD00491,221,4733.4
POI00017555,PO0009791,PRD00147,443,10379.48
POI00017556,PO0008041,PRD00776,20,3296.6
POI00017557,PO0002926,PRD00663,388,8339.74
POI00017558,PO0001332,PRD00621,176,7979.13
POI00017559,PO0005455,PRD00571,52,268.96
POI00017560,PO0009930,PRD00001,179,9837.33
POI00017561,PO0008955,PRD00917,84,13456.14
POI00017562,PO0009966,PRD00625,95,8920.39
POI00017563,PO0003750,PRD00965,154,8131.85
POI00017564,PO0007692,PRD00535,386,12386.73
POI00017565,PO0007143,PRD00890,375,7834.85
POI00017566,PO0003182,PRD00897,98,11763.99
POI00017567,PO0001897,PRD00464,384,471.83
POI00017568,PO0001539,PRD00903,65,10697.16
POI00017569,PO0009273,PRD00728,352,6550.29
POI00017570,PO0002049,PRD00439,262,7978.91
POI00017571,PO0009943,PRD00890,395,7834.85
POI00017572,PO0003183,PRD00958,354,1630.61
POI00017573,PO0005372,PRD00809,386,7918.89
POI00017574,PO0008703,PRD00684,83,7767.82
POI00017575,PO0008178,PRD00296,24,13710.05
POI00017576,PO0003242,PRD00455,305,3543.59
POI00017577,PO0005373,PRD00735,465,8245.45
POI00017578,PO0009406,PRD00804,367,14440.13
POI00017579,PO0004076,PRD00968,249,14208.61
POI00017580,PO0008856,PRD00718,361,12946.92
POI00017581,PO0007576,PRD00209,149,9137.57
POI00017582,PO0003291,PRD00924,365,3584.13
POI00017583,PO0009692,PRD00556,62,11702.23
POI00017584,PO0005693,PRD00028,70,9263.48
POI00017585,PO0005450,PRD00684,309,7767.82
POI00017586,PO0006313,PRD00861,159,12536.29
POI00017587,PO0008397,PRD00965,64,8131.85
POI00017588,PO0005759,PRD00940,400,12016.56
POI00017589,PO0009691,PRD00009,357,12532.16
POI00017590,PO0002713,PRD00020,303,14093.42
POI00017591,PO0005247,PRD00543,465,5993.42
POI00017592,PO0005070,PRD00036,152,10797.72
POI00017593,PO0006159,PRD00514,293,4437.98
POI00017594,PO0007374,PRD00749,442,13186.86
POI00017595,PO0006290,PRD00204,477,1118.21
POI00017596,PO0002215,PRD00442,336,4068.49
POI00017597,PO0001273,PRD00733,223,8941.35
POI00017598,PO0009771,PRD00230,473,928.8
POI00017599,PO0001724,PRD00211,330,7941.86
POI00017600,PO0002838,PRD00683,72,11134.9
POI00017601,PO0005375,PRD00534,13,12763.59
POI00017602,PO0004757,PRD00946,144,5214.57
POI00017603,PO0009328,PRD00022,157,6591.0
POI00017604,PO0008677,PRD00521,159,3211.38
POI00017605,PO0009436,PRD00817,14,13482.36
POI00017606,PO0007071,PRD00529,80,7382.72
POI00017607,PO0003487,PRD00485,263,9733.24
POI00017608,PO0009778,PRD00511,262,2991.32
POI00017609,PO0009842,PRD00593,466,1467.96
POI00017610,PO0002618,PRD00340,244,13976.02
POI00017611,PO0007125,PRD00172,147,1562.37
POI00017612,PO0004880,PRD00644,284,5838.18
POI00017613,PO0007061,PRD00787,183,3077.27
POI00017614,PO0006705,PRD00400,42,14679.08
POI00017615,PO0000208,PRD00811,447,13260.28
POI00017616,PO0002705,PRD00991,230,5985.46
POI00017617,PO0002848,PRD00113,145,4380.21
POI00017618,PO0009900,PRD00528,368,10694.01
POI00017619,PO0008243,PRD00912,178,13951.33
POI00017620,PO0001775,PRD00444,496,9833.74
POI00017621,PO0000175,PRD00692,481,4333.24
POI00017622,PO0008547,PRD00889,364,161.6
POI00017623,PO0004121,PRD00140,281,6699.68
POI00017624,PO0002461,PRD00044,78,9431.09
POI00017625,PO0000130,PRD00322,353,11034.26
POI00017626,PO0002439,PRD00353,282,9182.34
POI00017627,PO0002537,PRD00380,420,10416.11
POI00017628,PO0007660,PRD00735,376,8245.45
POI00017629,PO0001179,PRD00058,240,4231.59
POI00017630,PO0001333,PRD00072,184,2707.96
POI00017631,PO0005439,PRD00636,314,3410.7
POI00017632,PO0006597,PRD00745,189,7007.02
POI00017633,PO0007162,PRD00132,433,14475.18
POI00017634,PO0003118,PRD00565,415,1309.82
POI00017635,PO0009458,PRD00838,147,9698.54
POI00017636,PO0000283,PRD00775,485,1675.87
POI00017637,PO0000866,PRD00382,94,10379.13
POI00017638,PO0004298,PRD00046,81,2330.39
POI00017639,PO0007897,PRD00158,258,12470.65
POI00017640,PO0007077,PRD00286,56,4652.92
POI00017641,PO0003187,PRD00015,156,4060.74
POI00017642,PO0009350,PRD00414,11,3675.25
POI00017643,PO0009923,PRD00218,488,4399.57
POI00017644,PO0005988,PRD00489,189,5226.91
POI00017645,PO0005353,PRD00326,296,12217.09
POI00017646,PO0007451,PRD00246,90,12678.87
POI00017647,PO0007613,PRD00988,331,3859.43
POI00017648,PO0000875,PRD00829,309,5770.69
POI00017649,PO0004718,PRD00848,353,13378.15
POI00017650,PO0002161,PRD00430,411,7529.58
POI00017651,PO0002422,PRD00212,145,194.69
POI00017652,PO0009706,PRD00336,25,14628.24
POI00017653,PO0001673,PRD00107,436,9087.41
POI00017654,PO0008485,PRD00187,138,4183.24
POI00017655,PO0002276,PRD00052,179,3353.77
POI00017656,PO0006562,PRD00690,110,2729.55
POI00017657,PO0006720,PRD00948,473,5378.23
POI00017658,PO0004770,PRD00381,371,2462.98
POI00017659,PO0008523,PRD00218,353,4399.57
POI00017660,PO0006289,PRD00967,169,5210.76
POI00017661,PO0007540,PRD00852,356,9836.31
POI00017662,PO0005651,PRD00202,104,2771.81
POI00017663,PO0008138,PRD00233,324,9106.69
POI00017664,PO0005747,PRD00358,72,14322.76
POI00017665,PO0005956,PRD00690,485,2729.55
POI00017666,PO0004219,PRD00160,11,2180.09
POI00017667,PO0002187,PRD00560,263,14804.29
POI00017668,PO0003871,PRD00787,133,3077.27
POI00017669,PO0003742,PRD00476,88,12262.1
POI00017670,PO0008916,PRD00941,291,2714.98
POI00017671,PO0001055,PRD00103,220,12413.34
POI00017672,PO0009730,PRD00849,131,10933.19
POI00017673,PO0007667,PRD00407,294,2170.82
POI00017674,PO0002225,PRD00972,183,3371.24
POI00017675,PO0004626,PRD00325,494,14185.14
POI00017676,PO0004424,PRD00345,450,10843.29
POI00017677,PO0007178,PRD00145,325,6936.79
POI00017678,PO0005348,PRD00505,459,10107.88
POI00017679,PO0008832,PRD00990,332,4921.74
POI00017680,PO0008611,PRD00358,111,14322.76
POI00017681,PO0005882,PRD00948,291,5378.23
POI00017682,PO0004150,PRD00226,273,7002.18
POI00017683,PO0002961,PRD00362,473,837.42
POI00017684,PO0002711,PRD00728,364,6550.29
POI00017685,PO0000170,PRD00533,229,10985.5
POI00017686,PO0008729,PRD00516,373,8281.91
POI00017687,PO0002944,PRD00126,51,12322.6
POI00017688,PO0006154,PRD00630,483,12112.17
POI00017689,PO0004301,PRD00697,37,6403.2
POI00017690,PO0000730,PRD00263,29,9261.0
POI00017691,PO0000680,PRD00649,112,13327.93
POI00017692,PO0001125,PRD00337,106,11344.08
POI00017693,PO0004190,PRD00875,238,6782.11
POI00017694,PO0005634,PRD00255,159,13121.82
POI00017695,PO0007250,PRD00868,497,9943.76
POI00017696,PO0006860,PRD00655,447,136.93
POI00017697,PO0000376,PRD00425,228,7731.22
POI00017698,PO0002753,PRD00084,104,1880.19
POI00017699,PO0008885,PRD00061,35,14248.21
POI00017700,PO0007394,PRD00839,79,1545.18
POI00017701,PO0003248,PRD00655,88,136.93
POI00017702,PO0000642,PRD00723,28,642.86
POI00017703,PO0007256,PRD00894,98,2746.5
POI00017704,PO0007870,PRD00265,54,1738.91
POI00017705,PO0002758,PRD00477,499,8916.03
POI00017706,PO0005323,PRD00706,262,11072.04
POI00017707,PO0005239,PRD00295,360,14410.96
POI00017708,PO0005477,PRD00610,70,3030.44
POI00017709,PO0006876,PRD00647,58,2506.84
POI00017710,PO0000413,PRD00363,114,863.17
POI00017711,PO0007171,PRD00591,192,1630.92
POI00017712,PO0008977,PRD00847,398,9711.63
POI00017713,PO0006250,PRD00809,120,7918.89
POI00017714,PO0001669,PRD00223,218,13596.37
POI00017715,PO0003780,PRD00556,289,11702.23
POI00017716,PO0004940,PRD00019,229,5319.1
POI00017717,PO0007729,PRD00630,241,12112.17
POI00017718,PO0005696,PRD00615,271,9737.39
POI00017719,PO0004145,PRD00166,10,9766.65
POI00017720,PO0007396,PRD00701,365,7267.54
POI00017721,PO0009221,PRD00656,409,3059.15
POI00017722,PO0007518,PRD00812,473,3339.2
POI00017723,PO0005343,PRD00443,160,8509.83
POI00017724,PO0004110,PRD00987,370,9467.13
POI00017725,PO0009501,PRD00187,314,4183.24
POI00017726,PO0001008,PRD00396,324,5666.96
POI00017727,PO0006721,PRD00232,112,6790.03
POI00017728,PO0009693,PRD00607,55,12074.14
POI00017729,PO0004417,PRD00163,228,8801.64
POI00017730,PO0004365,PRD00776,327,3296.6
POI00017731,PO0005244,PRD00487,377,1551.21
POI00017732,PO0004829,PRD00996,182,12098.44
POI00017733,PO0001066,PRD00210,207,5229.98
POI00017734,PO0008206,PRD00049,348,12862.44
POI00017735,PO0007555,PRD00637,217,11031.21
POI00017736,PO0001365,PRD00074,239,12787.56
POI00017737,PO0003152,PRD00145,409,6936.79
POI00017738,PO0000521,PRD00106,53,6611.36
POI00017739,PO0003038,PRD00434,349,7897.25
POI00017740,PO0002606,PRD00902,123,10889.46
POI00017741,PO0003619,PRD00046,63,2330.39
POI00017742,PO0005763,PRD00353,243,9182.34
POI00017743,PO0005269,PRD00104,11,8958.06
POI00017744,PO0000884,PRD00571,321,268.96
POI00017745,PO0005485,PRD00211,113,7941.86
POI00017746,PO0004019,PRD00173,369,983.41
POI00017747,PO0007598,PRD00032,217,4314.09
POI00017748,PO0004044,PRD00635,125,2679.1
POI00017749,PO0009828,PRD00617,325,9490.86
POI00017750,PO0007922,PRD00365,308,9821.16
POI00017751,PO0007520,PRD00346,237,2284.81
POI00017752,PO0002237,PRD00740,354,5420.19
POI00017753,PO0005679,PRD00349,323,13102.44
POI00017754,PO0008526,PRD00527,175,13016.35
POI00017755,PO0008496,PRD00073,197,7015.92
POI00017756,PO0004131,PRD00814,281,14386.74
POI00017757,PO0003777,PRD00631,15,968.57
POI00017758,PO0009653,PRD00918,50,1087.91
POI00017759,PO0002160,PRD00824,291,13671.92
POI00017760,PO0004294,PRD00847,93,9711.63
POI00017761,PO0004149,PRD00712,412,5380.83
POI00017762,PO0009352,PRD00091,70,14120.67
POI00017763,PO0007820,PRD00142,233,3723.43
POI00017764,PO0009387,PRD00167,79,14939.24
POI00017765,PO0004452,PRD00794,273,14754.3
POI00017766,PO0008629,PRD00966,382,6230.08
POI00017767,PO0001068,PRD00131,498,5840.29
POI00017768,PO0007621,PRD00489,216,5226.91
POI00017769,PO0008891,PRD00765,222,1393.26
POI00017770,PO0003170,PRD00141,40,11958.46
POI00017771,PO0007602,PRD00060,81,9780.15
POI00017772,PO0005210,PRD00314,245,8909.78
POI00017773,PO0002878,PRD00137,210,14315.76
POI00017774,PO0000262,PRD00474,62,4767.61
POI00017775,PO0001887,PRD00182,114,11205.33
POI00017776,PO0008155,PRD00264,203,12537.65
POI00017777,PO0003260,PRD00953,17,4127.02
POI00017778,PO0007644,PRD00455,459,3543.59
POI00017779,PO0006856,PRD00721,248,7384.49
POI00017780,PO0007299,PRD00406,52,6081.8
POI00017781,PO0005552,PRD00490,88,13814.57
POI00017782,PO0000831,PRD00899,382,2478.21
POI00017783,PO0002959,PRD00744,302,13579.31
POI00017784,PO0006552,PRD00750,410,6059.6
POI00017785,PO0000634,PRD00072,71,2707.96
POI00017786,PO0000216,PRD00498,219,515.55
POI00017787,PO0005304,PRD00184,379,6913.99
POI00017788,PO0002715,PRD00445,313,6126.75
POI00017789,PO0003703,PRD00432,80,6955.57
POI00017790,PO0005578,PRD00896,494,12836.58
POI00017791,PO0007566,PRD00141,482,11958.46
POI00017792,PO0006825,PRD00459,267,11986.98
POI00017793,PO0009256,PRD00804,496,14440.13
POI00017794,PO0008183,PRD00991,486,5985.46
POI00017795,PO0006475,PRD00674,339,13022.73
POI00017796,PO0003929,PRD00193,429,1081.63
POI00017797,PO0008052,PRD00639,429,2796.66
POI00017798,PO0003165,PRD00094,21,8406.45
POI00017799,PO0006880,PRD00037,208,9868.39
POI00017800,PO0005370,PRD00598,190,4825.42
POI00017801,PO0000724,PRD00485,170,9733.24
POI00017802,PO0000502,PRD00831,280,14405.2
POI00017803,PO0005989,PRD00929,273,2808.45
POI00017804,PO0002217,PRD00977,400,14587.2
POI00017805,PO0003519,PRD00156,348,1424.79
POI00017806,PO0003694,PRD00564,41,9458.27
POI00017807,PO0002274,PRD00159,397,11218.67
POI00017808,PO0008780,PRD00417,142,13839.61
POI00017809,PO0009374,PRD00785,180,2141.65
POI00017810,PO0009670,PRD00895,48,8698.56
POI00017811,PO0005919,PRD00349,448,13102.44
POI00017812,PO0009484,PRD00004,50,10337.46
POI00017813,PO0009423,PRD00070,226,12755.67
POI00017814,PO0004791,PRD00912,425,13951.33
POI00017815,PO0006345,PRD00082,161,7141.05
POI00017816,PO0007725,PRD00527,309,13016.35
POI00017817,PO0000784,PRD00596,316,6569.94
POI00017818,PO0007510,PRD00736,70,4572.66
POI00017819,PO0002454,PRD00960,465,2038.65
POI00017820,PO0006426,PRD00871,437,8636.42
POI00017821,PO0003961,PRD00398,449,1850.01
POI00017822,PO0001806,PRD00343,170,10133.19
POI00017823,PO0007187,PRD00730,40,3426.87
POI00017824,PO0004310,PRD00422,316,13723.46
POI00017825,PO0000459,PRD00626,443,10575.52
POI00017826,PO0006214,PRD00565,340,1309.82
POI00017827,PO0001547,PRD00238,50,1063.4
POI00017828,PO0002546,PRD00511,495,2991.32
POI00017829,PO0003964,PRD00159,268,11218.67
POI00017830,PO0008638,PRD00892,223,3978.64
POI00017831,PO0006951,PRD00881,120,13176.07
POI00017832,PO0005869,PRD00486,163,14504.82
POI00017833,PO0007396,PRD00495,245,13954.44
POI00017834,PO0004009,PRD00204,149,1118.21
POI00017835,PO0007990,PRD00437,127,981.92
POI00017836,PO0005977,PRD00004,469,10337.46
POI00017837,PO0008898,PRD00387,79,1001.43
POI00017838,PO0002050,PRD00232,275,6790.03
POI00017839,PO0004729,PRD00995,409,1957.35
POI00017840,PO0008262,PRD00964,264,7890.02
POI00017841,PO0005567,PRD00004,224,10337.46
POI00017842,PO0001349,PRD00138,460,9292.5
POI00017843,PO0008642,PRD00497,353,9476.02
POI00017844,PO0008173,PRD00015,459,4060.74
POI00017845,PO0006318,PRD00037,328,9868.39
POI00017846,PO0005971,PRD00368,327,13705.39
POI00017847,PO0003609,PRD00953,94,4127.02
POI00017848,PO0008763,PRD00249,471,10840.05
POI00017849,PO0007900,PRD00572,447,14299.0
POI00017850,PO0008394,PRD00704,22,9935.11
POI00017851,PO0007803,PRD00746,359,5454.4
POI00017852,PO0009671,PRD00790,146,11430.76
POI00017853,PO0003532,PRD00381,43,2462.98
POI00017854,PO0009776,PRD00649,73,13327.93
POI00017855,PO0005861,PRD00548,240,10982.99
POI00017856,PO0003244,PRD00623,343,11479.62
POI00017857,PO0006622,PRD00354,214,3435.02
POI00017858,PO0005210,PRD00933,371,4789.52
POI00017859,PO0007231,PRD00471,402,1676.03
POI00017860,PO0007752,PRD00484,328,1711.79
POI00017861,PO0004479,PRD00926,441,11701.76
POI00017862,PO0006841,PRD00026,349,10030.04
POI00017863,PO0000935,PRD00703,300,2890.33
POI00017864,PO0004746,PRD00887,43,6428.3
POI00017865,PO0003436,PRD00568,315,4707.73
POI00017866,PO0000379,PRD00698,483,3335.68
POI00017867,PO0009857,PRD00782,138,9890.23
POI00017868,PO0005756,PRD00713,104,5625.5
POI00017869,PO0001502,PRD01000,132,1107.64
POI00017870,PO0008355,PRD00321,173,7009.48
POI00017871,PO0000859,PRD00339,171,7828.44
POI00017872,PO0007497,PRD00931,338,7216.54
POI00017873,PO0005848,PRD00293,321,14236.45
POI00017874,PO0005564,PRD00917,339,13456.14
POI00017875,PO0002557,PRD00410,461,4563.47
POI00017876,PO0001291,PRD00993,352,2432.86
POI00017877,PO0009246,PRD00386,336,7920.56
POI00017878,PO0007815,PRD00827,385,10537.16
POI00017879,PO0006273,PRD00125,153,12971.28
POI00017880,PO0001249,PRD00743,17,2305.24
POI00017881,PO0001711,PRD00191,12,6029.05
POI00017882,PO0008011,PRD00295,397,14410.96
POI00017883,PO0000815,PRD00021,84,650.8
POI00017884,PO0000028,PRD00099,294,6175.08
POI00017885,PO0000707,PRD00060,413,9780.15
POI00017886,PO0007102,PRD00271,255,14304.78
POI00017887,PO0008840,PRD00887,280,6428.3
POI00017888,PO0008227,PRD00218,352,4399.57
POI00017889,PO0002602,PRD00191,500,6029.05
POI00017890,PO0005904,PRD00760,39,2297.92
POI00017891,PO0005087,PRD00478,377,14298.83
POI00017892,PO0001053,PRD00200,127,12689.72
POI00017893,PO0008781,PRD00983,304,12437.52
POI00017894,PO0003103,PRD00429,433,4484.27
POI00017895,PO0008353,PRD00442,176,4068.49
POI00017896,PO0005951,PRD00004,161,10337.46
POI00017897,PO0008328,PRD00545,179,7193.96
POI00017898,PO0007229,PRD00945,330,3955.76
POI00017899,PO0007059,PRD00635,372,2679.1
POI00017900,PO0002318,PRD00013,98,14644.99
POI00017901,PO0006191,PRD00440,138,12108.02
POI00017902,PO0008829,PRD00402,368,2394.41
POI00017903,PO0001158,PRD00854,413,7572.34
POI00017904,PO0002368,PRD00592,380,14420.88
POI00017905,PO0001567,PRD00002,391,14088.84
POI00017906,PO0002016,PRD00268,122,9508.77
POI00017907,PO0002117,PRD00195,214,8830.06
POI00017908,PO0007671,PRD00149,15,8656.19
POI00017909,PO0001060,PRD00770,493,12677.22
POI00017910,PO0007440,PRD00781,19,10401.92
POI00017911,PO0003276,PRD00755,120,12949.63
POI00017912,PO0003045,PRD00282,446,6599.31
POI00017913,PO0000901,PRD00341,255,8938.37
POI00017914,PO0005611,PRD00448,182,3508.12
POI00017915,PO0009973,PRD00953,332,4127.02
POI00017916,PO0003138,PRD00860,171,1620.12
POI00017917,PO0009581,PRD00563,98,13844.88
POI00017918,PO0009666,PRD00997,219,5423.86
POI00017919,PO0002522,PRD00322,72,11034.26
POI00017920,PO0006606,PRD00697,319,6403.2
POI00017921,PO0001270,PRD00262,48,10465.39
POI00017922,PO0003629,PRD00328,257,13195.81
POI00017923,PO0002366,PRD00061,260,14248.21
POI00017924,PO0006966,PRD00385,151,11446.95
POI00017925,PO0009095,PRD00537,178,11841.49
POI00017926,PO0004697,PRD00363,80,863.17
POI00017927,PO0000588,PRD00416,461,5875.21
POI00017928,PO0000029,PRD00452,317,2503.76
POI00017929,PO0005233,PRD00722,300,9531.63
POI00017930,PO0007707,PRD00622,473,3778.03
POI00017931,PO0006610,PRD00519,464,4521.82
POI00017932,PO0008843,PRD00002,283,14088.84
POI00017933,PO0003857,PRD00230,273,928.8
POI00017934,PO0002948,PRD00270,101,2874.72
POI00017935,PO0000225,PRD00613,120,2658.28
POI00017936,PO0009865,PRD00651,177,6515.34
POI00017937,PO0009346,PRD00249,448,10840.05
POI00017938,PO0009085,PRD00181,208,2679.75
POI00017939,PO0002637,PRD00930,47,3393.62
POI00017940,PO0000116,PRD00952,425,4757.15
POI00017941,PO0007896,PRD00557,331,7804.82
POI00017942,PO0004310,PRD00261,312,11887.4
POI00017943,PO0005922,PRD00455,319,3543.59
POI00017944,PO0008909,PRD00120,315,4716.39
POI00017945,PO0002052,PRD00377,290,14726.74
POI00017946,PO0000881,PRD00887,218,6428.3
POI00017947,PO0006875,PRD00679,31,5120.96
POI00017948,PO0006474,PRD00635,165,2679.1
POI00017949,PO0007935,PRD00201,161,9166.2
POI00017950,PO0001212,PRD00374,108,290.14
POI00017951,PO0000085,PRD00653,376,9936.12
POI00017952,PO0008556,PRD00804,59,14440.13
POI00017953,PO0003896,PRD00385,208,11446.95
POI00017954,PO0009704,PRD00035,102,9200.21
POI00017955,PO0002476,PRD00590,14,14268.77
POI00017956,PO0002126,PRD00665,161,13549.44
POI00017957,PO0009432,PRD00659,94,2838.43
POI00017958,PO0004072,PRD00380,178,10416.11
POI00017959,PO0005751,PRD00682,367,9106.29
POI00017960,PO0007548,PRD00937,141,5526.96
POI00017961,PO0002945,PRD00579,484,3728.71
POI00017962,PO0009238,PRD00505,368,10107.88
POI00017963,PO0006760,PRD00024,144,5514.18
POI00017964,PO0008638,PRD00352,359,10163.96
POI00017965,PO0004799,PRD00468,22,7437.41
POI00017966,PO0006639,PRD00876,345,12469.02
POI00017967,PO0006839,PRD00461,470,4804.84
POI00017968,PO0005856,PRD00298,51,1909.75
POI00017969,PO0008177,PRD00030,441,7017.62
POI00017970,PO0005602,PRD00321,73,7009.48
POI00017971,PO0002865,PRD00848,454,13378.15
POI00017972,PO0004684,PRD00398,488,1850.01
POI00017973,PO0004281,PRD00519,315,4521.82
POI00017974,PO0004926,PRD00992,346,10351.03
POI00017975,PO0007152,PRD00722,274,9531.63
POI00017976,PO0009867,PRD00195,328,8830.06
POI00017977,PO0005276,PRD00119,494,510.73
POI00017978,PO0001596,PRD00629,58,377.33
POI00017979,PO0000257,PRD00872,129,13370.7
POI00017980,PO0000053,PRD00487,499,1551.21
POI00017981,PO0006757,PRD00066,353,1213.87
POI00017982,PO0005591,PRD00996,185,12098.44
POI00017983,PO0008068,PRD00862,433,5699.76
POI00017984,PO0002687,PRD00157,389,3075.86
POI00017985,PO0005157,PRD00716,105,7985.19
POI00017986,PO0000813,PRD00938,171,14690.74
POI00017987,PO0003302,PRD00589,324,13991.37
POI00017988,PO0004266,PRD00904,121,9633.15
POI00017989,PO0003808,PRD00635,136,2679.1
POI00017990,PO0007274,PRD00363,158,863.17
POI00017991,PO0001360,PRD00210,185,5229.98
POI00017992,PO0009588,PRD00316,39,14232.32
POI00017993,PO0002842,PRD00533,110,10985.5
POI00017994,PO0001799,PRD00114,187,6866.0
POI00017995,PO0002411,PRD00331,368,4343.37
POI00017996,PO0005692,PRD00858,152,718.7
POI00017997,PO0004556,PRD00690,46,2729.55
POI00017998,PO0005426,PRD00820,217,12985.07
POI00017999,PO0000207,PRD00048,310,1009.0
POI00018000,PO0009365,PRD00308,240,1994.75
POI00018001,PO0000822,PRD00398,163,1850.01
POI00018002,PO0008821,PRD00512,36,6184.28
POI00018003,PO0003338,PRD00928,161,5618.25
POI00018004,PO0002490,PRD00281,280,12997.71
POI00018005,PO0006706,PRD00898,353,11808.33
POI00018006,PO0001794,PRD00649,430,13327.93
POI00018007,PO0004330,PRD00033,81,12290.88
POI00018008,PO0009878,PRD00100,300,3533.63
POI00018009,PO0003465,PRD00245,204,2944.72
POI00018010,PO0006261,PRD00191,279,6029.05
POI00018011,PO0006864,PRD00878,244,13841.49
POI00018012,PO0009590,PRD00294,466,7979.54
POI00018013,PO0002887,PRD00368,38,13705.39
POI00018014,PO0002246,PRD00688,414,5575.81
POI00018015,PO0000965,PRD00637,249,11031.21
POI00018016,PO0002376,PRD00893,98,14877.64
POI00018017,PO0004359,PRD00660,430,745.68
POI00018018,PO0001114,PRD00219,391,12493.83
POI00018019,PO0004874,PRD00336,314,14628.24
POI00018020,PO0001291,PRD00963,154,8895.2
POI00018021,PO0004004,PRD00600,119,6787.54
POI00018022,PO0004831,PRD00753,25,1627.4
POI00018023,PO0008207,PRD00992,228,10351.03
POI00018024,PO0007041,PRD00146,445,1182.02
POI00018025,PO0000411,PRD00409,136,13153.77
POI00018026,PO0003684,PRD00767,419,8392.39
POI00018027,PO0004695,PRD00057,311,4964.1
POI00018028,PO0002338,PRD00528,158,10694.01
POI00018029,PO0001137,PRD00733,109,8941.35
POI00018030,PO0002655,PRD00035,68,9200.21
POI00018031,PO0003026,PRD00031,442,11922.53
POI00018032,PO0000301,PRD00354,208,3435.02
POI00018033,PO0001115,PRD00611,357,1908.11
POI00018034,PO0009314,PRD00327,280,11465.77
POI00018035,PO0002496,PRD00708,180,13605.38
POI00018036,PO0003579,PRD00590,102,14268.77
POI00018037,PO0009501,PRD00214,152,11225.45
POI00018038,PO0008921,PRD00618,69,7236.89
POI00018039,PO0003423,PRD00640,320,14055.38
POI00018040,PO0006625,PRD00586,339,4430.6
POI00018041,PO0002355,PRD00060,273,9780.15
POI00018042,PO0003546,PRD00774,96,7426.94
POI00018043,PO0001042,PRD00713,293,5625.5
POI00018044,PO0009928,PRD00255,154,13121.82
POI00018045,PO0006044,PRD00770,187,12677.22
POI00018046,PO0008588,PRD00969,430,11985.63
POI00018047,PO0008451,PRD00210,13,5229.98
POI00018048,PO0002573,PRD00107,64,9087.41
POI00018049,PO0006035,PRD00463,237,6510.21
POI00018050,PO0007677,PRD00206,431,10846.21
POI00018051,PO0008694,PRD00661,439,8498.56
POI00018052,PO0007488,PRD00866,238,3511.46
POI00018053,PO0005555,PRD00639,458,2796.66
POI00018054,PO0001116,PRD00436,370,10630.97
POI00018055,PO0008125,PRD00727,61,1054.08
POI00018056,PO0007909,PRD00515,151,11728.64
POI00018057,PO0006754,PRD00344,198,8985.89
POI00018058,PO0009285,PRD00824,69,13671.92
POI00018059,PO0000580,PRD00975,137,9296.52
POI00018060,PO0001233,PRD00054,208,13799.56
POI00018061,PO0009245,PRD00845,219,2083.84
POI00018062,PO0008543,PRD00335,456,12393.64
POI00018063,PO0001286,PRD00801,323,12463.35
POI00018064,PO0007194,PRD00021,35,650.8
POI00018065,PO0008977,PRD00305,388,1060.96
POI00018066,PO0008779,PRD00213,305,11481.28
POI00018067,PO0000560,PRD00431,358,11469.34
POI00018068,PO0004459,PRD00812,172,3339.2
POI00018069,PO0007716,PRD00190,43,6496.64
POI00018070,PO0009148,PRD00826,252,9650.03
POI00018071,PO0002245,PRD00539,35,13947.14
POI00018072,PO0009651,PRD00647,157,2506.84
POI00018073,PO0000460,PRD00497,261,9476.02
POI00018074,PO0004147,PRD00648,310,4835.26
POI00018075,PO0005230,PRD00554,366,5324.91
POI00018076,PO0008950,PRD00273,404,3864.46
POI00018077,PO0005032,PRD00911,208,14452.25
POI00018078,PO0001266,PRD00079,419,10823.51
POI00018079,PO0006156,PRD00137,473,14315.76
POI00018080,PO0008310,PRD00184,204,6913.99
POI00018081,PO0003590,PRD00345,371,10843.29
POI00018082,PO0003325,PRD00546,490,218.56
POI00018083,PO0007913,PRD00966,56,6230.08
POI00018084,PO0002769,PRD00266,209,3637.52
POI00018085,PO0004385,PRD00818,300,2577.53
POI00018086,PO0001196,PRD00871,126,8636.42
POI00018087,PO0001223,PRD00227,145,12974.56
POI00018088,PO0001893,PRD00849,17,10933.19
POI00018089,PO0004584,PRD00779,494,14460.71
POI00018090,PO0009076,PRD00798,455,10418.61
POI00018091,PO0006322,PRD00166,253,9766.65
POI00018092,PO0001653,PRD00599,454,11716.66
POI00018093,PO0006121,PRD00416,75,5875.21
POI00018094,PO0007426,PRD00865,180,13316.61
POI00018095,PO0007996,PRD00143,238,2616.16
POI00018096,PO0002393,PRD00901,402,1036.08
POI00018097,PO0009027,PRD00015,72,4060.74
POI00018098,PO0006705,PRD00888,64,4306.34
POI00018099,PO0001300,PRD00287,452,5325.08
POI00018100,PO0005592,PRD00489,317,5226.91
POI00018101,PO0007329,PRD00691,48,5216.2
POI00018102,PO0009324,PRD00449,292,4124.74
POI00018103,PO0000285,PRD00897,235,11763.99
POI00018104,PO0009963,PRD00049,369,12862.44
POI00018105,PO0007510,PRD00667,401,12142.23
POI00018106,PO0008056,PRD00997,482,5423.86
POI00018107,PO0003950,PRD00134,265,10858.86
POI00018108,PO0009997,PRD00470,197,10835.82
POI00018109,PO0000134,PRD00365,147,9821.16
POI00018110,PO0005042,PRD00325,32,14185.14
POI00018111,PO0002399,PRD00329,487,14502.96
POI00018112,PO0001046,PRD00822,347,434.39
POI00018113,PO0009947,PRD00530,416,5677.57
POI00018114,PO0005526,PRD00611,99,1908.11
POI00018115,PO0001903,PRD00892,166,3978.64
POI00018116,PO0003028,PRD00211,172,7941.86
POI00018117,PO0002102,PRD00135,408,7084.8
POI00018118,PO0004417,PRD00339,246,7828.44
POI00018119,PO0006690,PRD00391,328,8417.25
POI00018120,PO0000017,PRD00100,193,3533.63
POI00018121,PO0007270,PRD00398,229,1850.01
POI00018122,PO0008878,PRD00592,136,14420.88
POI00018123,PO0008451,PRD00105,53,7072.97
POI00018124,PO0001392,PRD00565,343,1309.82
POI00018125,PO0006744,PRD00766,422,11198.97
POI00018126,PO0003635,PRD00784,363,4162.05
POI00018127,PO0006854,PRD00464,369,471.83
POI00018128,PO0008409,PRD00775,283,1675.87
POI00018129,PO0006641,PRD00193,24,1081.63
POI00018130,PO0004421,PRD00530,287,5677.57
POI00018131,PO0008650,PRD00578,310,3487.79
POI00018132,PO0004663,PRD00199,13,1794.09
POI00018133,PO0007883,PRD00629,213,377.33
POI00018134,PO0008403,PRD00450,114,2755.97
POI00018135,PO0000643,PRD00957,130,8262.63
POI00018136,PO0002760,PRD00859,221,13775.1
POI00018137,PO0007240,PRD00500,261,8694.03
POI00018138,PO0003013,PRD00788,449,13824.18
POI00018139,PO0006307,PRD00384,497,6284.42
POI00018140,PO0001665,PRD01000,455,1107.64
POI00018141,PO0006957,PRD00141,446,11958.46
POI00018142,PO0006086,PRD00520,112,12944.02
POI00018143,PO0007126,PRD00071,416,9562.93
POI00018144,PO0001810,PRD00419,309,13114.42
POI00018145,PO0005754,PRD00443,281,8509.83
POI00018146,PO0004606,PRD00651,287,6515.34
POI00018147,PO0002123,PRD00469,23,4552.3
POI00018148,PO0002576,PRD00089,222,9597.02
POI00018149,PO0004291,PRD00292,462,14246.05
POI00018150,PO0001887,PRD00900,77,12362.97
POI00018151,PO0003508,PRD00602,282,12799.03
POI00018152,PO0007874,PRD00125,366,12971.28
POI00018153,PO0001332,PRD00125,13,12971.28
POI00018154,PO0004860,PRD00249,382,10840.05
POI00018155,PO0004613,PRD00210,67,5229.98
POI00018156,PO0001840,PRD00612,382,12339.55
POI00018157,PO0000622,PRD00793,459,871.73
POI00018158,PO0006484,PRD00187,495,4183.24
POI00018159,PO0002714,PRD00907,153,14636.64
POI00018160,PO0008366,PRD00628,417,2699.31
POI00018161,PO0009973,PRD00845,125,2083.84
POI00018162,PO0007879,PRD00374,115,290.14
POI00018163,PO0004167,PRD00809,251,7918.89
POI00018164,PO0009129,PRD00926,210,11701.76
POI00018165,PO0006132,PRD00271,174,14304.78
POI00018166,PO0002569,PRD00975,300,9296.52
POI00018167,PO0003853,PRD00313,223,9405.33
POI00018168,PO0004875,PRD00439,103,7978.91
POI00018169,PO0005567,PRD00873,39,7788.28
POI00018170,PO0001825,PRD00597,426,12775.63
POI00018171,PO0008512,PRD00765,211,1393.26
POI00018172,PO0004920,PRD00718,81,12946.92
POI00018173,PO0002954,PRD00784,400,4162.05
POI00018174,PO0006670,PRD00197,374,14528.51
POI00018175,PO0008917,PRD00387,331,1001.43
POI00018176,PO0004485,PRD00887,326,6428.3
POI00018177,PO0005342,PRD00226,411,7002.18
POI00018178,PO0008530,PRD00289,493,5500.6
POI00018179,PO0008381,PRD00359,56,14333.28
POI00018180,PO0006779,PRD00043,204,6795.04
POI00018181,PO0005154,PRD00251,473,3571.32
POI00018182,PO0004771,PRD00884,187,5606.03
POI00018183,PO0003221,PRD00300,312,10666.34
POI00018184,PO0007577,PRD00434,471,7897.25
POI00018185,PO0005093,PRD00754,394,2784.41
POI00018186,PO0004199,PRD00200,329,12689.72
POI00018187,PO0000313,PRD00254,140,12034.79
POI00018188,PO0006282,PRD00452,223,2503.76
POI00018189,PO0001753,PRD00410,204,4563.47
POI00018190,PO0001965,PRD00325,345,14185.14
POI00018191,PO0008797,PRD00893,434,14877.64
POI00018192,PO0000671,PRD00817,75,13482.36
POI00018193,PO0000262,PRD00769,122,14259.3
POI00018194,PO0009919,PRD00161,316,14511.66
POI00018195,PO0009821,PRD00600,59,6787.54
POI00018196,PO0006351,PRD00754,197,2784.41
POI00018197,PO0009888,PRD00645,236,13236.02
POI00018198,PO0006047,PRD00605,472,3961.69
POI00018199,PO0006522,PRD00569,12,1366.29
POI00018200,PO0002248,PRD00900,156,12362.97
POI00018201,PO0005267,PRD00268,316,9508.77
POI00018202,PO0001736,PRD00377,121,14726.74
POI00018203,PO0004316,PRD00871,217,8636.42
POI00018204,PO0000419,PRD00436,42,10630.97
POI00018205,PO0003015,PRD00887,372,6428.3
POI00018206,PO0004039,PRD00888,489,4306.34
POI00018207,PO0005090,PRD00905,435,2985.62
POI00018208,PO0007832,PRD00768,442,13360.45
POI00018209,PO0001579,PRD00670,144,8380.95
POI00018210,PO0008916,PRD00137,199,14315.76
POI00018211,PO0004670,PRD00826,73,9650.03
POI00018212,PO0007645,PRD00149,480,8656.19
POI00018213,PO0003136,PRD00731,448,8878.22
POI00018214,PO0001315,PRD00205,77,5692.82
POI00018215,PO0000768,PRD00058,368,4231.59
POI00018216,PO0002186,PRD00411,184,9419.82
POI00018217,PO0005227,PRD00590,416,14268.77
POI00018218,PO0001121,PRD00408,399,8695.92
POI00018219,PO0007237,PRD00430,202,7529.58
POI00018220,PO0007540,PRD00778,160,11600.41
POI00018221,PO0009855,PRD00055,375,8911.04
POI00018222,PO0008978,PRD00643,18,5309.18
POI00018223,PO0008888,PRD00055,349,8911.04
POI00018224,PO0008178,PRD00784,14,4162.05
POI00018225,PO0005954,PRD00323,75,7763.5
POI00018226,PO0007070,PRD00781,370,10401.92
POI00018227,PO0009215,PRD00245,106,2944.72
POI00018228,PO0008467,PRD00869,242,7264.23
POI00018229,PO0000075,PRD00616,48,1388.81
POI00018230,PO0000571,PRD00769,274,14259.3
POI00018231,PO0000727,PRD00570,412,4694.61
POI00018232,PO0001833,PRD00554,306,5324.91
POI00018233,PO0008362,PRD00816,153,7753.49
POI00018234,PO0008853,PRD00193,484,1081.63
POI00018235,PO0009231,PRD00216,393,12937.52
POI00018236,PO0007806,PRD00099,229,6175.08
POI00018237,PO0004028,PRD00181,90,2679.75
POI00018238,PO0001270,PRD00055,450,8911.04
POI00018239,PO0004358,PRD00582,142,12403.88
POI00018240,PO0005450,PRD00051,476,8110.25
POI00018241,PO0005719,PRD00167,167,14939.24
POI00018242,PO0000648,PRD00458,396,10221.05
POI00018243,PO0007740,PRD00558,38,9720.85
POI00018244,PO0007954,PRD00282,442,6599.31
POI00018245,PO0005814,PRD00270,361,2874.72
POI00018246,PO0005026,PRD00671,424,13764.06
POI00018247,PO0001346,PRD00850,181,12204.62
POI00018248,PO0007475,PRD00781,438,10401.92
POI00018249,PO0002890,PRD00834,378,4625.99
POI00018250,PO0003021,PRD00842,236,10426.4
POI00018251,PO0002675,PRD00593,361,1467.96
POI00018252,PO0004328,PRD00441,440,3675.25
POI00018253,PO0000326,PRD00678,473,815.42
POI00018254,PO0002748,PRD00391,39,8417.25
POI00018255,PO0006892,PRD00393,50,755.72
POI00018256,PO0007249,PRD00230,66,928.8
POI00018257,PO0003001,PRD00768,273,13360.45
POI00018258,PO0002138,PRD00590,331,14268.77
POI00018259,PO0002709,PRD00481,492,9907.25
POI00018260,PO0001566,PRD00591,317,1630.92
POI00018261,PO0005500,PRD00841,129,13509.77
POI00018262,PO0001044,PRD00663,40,8339.74
POI00018263,PO0003806,PRD00342,347,10654.4
POI00018264,PO0003776,PRD00875,407,6782.11
POI00018265,PO0004240,PRD00960,71,2038.65
POI00018266,PO0003009,PRD00561,324,5531.95
POI00018267,PO0007124,PRD00158,177,12470.65
POI00018268,PO0002913,PRD00251,228,3571.32
POI00018269,PO0002548,PRD00091,179,14120.67
POI00018270,PO0003124,PRD00608,265,2030.27
POI00018271,PO0005906,PRD00442,311,4068.49
POI00018272,PO0005212,PRD00133,105,13122.92
POI00018273,PO0003714,PRD00692,50,4333.24
POI00018274,PO0009167,PRD00030,347,7017.62
POI00018275,PO0008440,PRD00167,23,14939.24
POI00018276,PO0006582,PRD00377,181,14726.74
POI00018277,PO0009216,PRD00609,332,8768.27
POI00018278,PO0008688,PRD00847,242,9711.63
POI00018279,PO0006135,PRD00542,192,3815.81
POI00018280,PO0009834,PRD00026,306,10030.04
POI00018281,PO0008416,PRD00260,118,500.56
POI00018282,PO0003006,PRD00377,319,14726.74
POI00018283,PO0004558,PRD00781,321,10401.92
POI00018284,PO0002702,PRD00433,219,10827.08
POI00018285,PO0000990,PRD00154,434,9453.46
POI00018286,PO0007111,PRD00725,397,9430.17
POI00018287,PO0008412,PRD00842,73,10426.4
POI00018288,PO0001911,PRD00602,136,12799.03
POI00018289,PO0008658,PRD00133,257,13122.92
POI00018290,PO0006245,PRD00243,92,9718.69
POI00018291,PO0008052,PRD00087,92,2757.27
POI00018292,PO0002208,PRD00814,47,14386.74
POI00018293,PO0009670,PRD00471,125,1676.03
POI00018294,PO0002218,PRD00712,84,5380.83
POI00018295,PO0004216,PRD00903,85,10697.16
POI00018296,PO0007665,PRD00998,488,8420.65
POI00018297,PO0002539,PRD00972,63,3371.24
POI00018298,PO0003753,PRD00831,150,14405.2
POI00018299,PO0008713,PRD00838,479,9698.54
POI00018300,PO0009845,PRD00753,18,1627.4
POI00018301,PO0003754,PRD00150,110,4175.25
POI00018302,PO0000339,PRD00632,72,12709.49
POI00018303,PO0002963,PRD00999,488,8190.82
POI00018304,PO0007208,PRD00987,97,9467.13
POI00018305,PO0005831,PRD00031,28,11922.53
POI00018306,PO0008604,PRD00524,440,4908.91
POI00018307,PO0003108,PRD00244,45,4688.28
POI00018308,PO0009035,PRD00273,152,3864.46
POI00018309,PO0001423,PRD00722,97,9531.63
POI00018310,PO0004029,PRD00592,182,14420.88
POI00018311,PO0008925,PRD00448,40,3508.12
POI00018312,PO0006089,PRD00059,497,7096.98
POI00018313,PO0002112,PRD00932,239,12917.17
POI00018314,PO0000318,PRD00445,336,6126.75
POI00018315,PO0004346,PRD00644,460,5838.18
POI00018316,PO0005653,PRD00171,44,3321.66
POI00018317,PO0003108,PRD00362,298,837.42
POI00018318,PO0004847,PRD00060,21,9780.15
POI00018319,PO0009167,PRD00145,296,6936.79
POI00018320,PO0008206,PRD00681,215,14615.35
POI00018321,PO0002317,PRD00004,117,10337.46
POI00018322,PO0000136,PRD00296,215,13710.05
POI00018323,PO0008899,PRD00970,70,2893.48
POI00018324,PO0009883,PRD00773,179,8251.54
POI00018325,PO0000239,PRD00807,323,13935.13
POI00018326,PO0003827,PRD00091,261,14120.67
POI00018327,PO0009829,PRD00670,496,8380.95
POI00018328,PO0003660,PRD00644,337,5838.18
POI00018329,PO0004095,PRD00924,242,3584.13
POI00018330,PO0001658,PRD00694,126,9801.68
POI00018331,PO0004242,PRD00585,283,4963.33
POI00018332,PO0006718,PRD00340,234,13976.02
POI00018333,PO0003889,PRD00945,236,3955.76
POI00018334,PO0002240,PRD00020,329,14093.42
POI00018335,PO0007419,PRD00268,22,9508.77
POI00018336,PO0002989,PRD00605,307,3961.69
POI00018337,PO0003447,PRD00112,267,10078.39
POI00018338,PO0005991,PRD00015,436,4060.74
POI00018339,PO0000262,PRD00921,158,10131.57
POI00018340,PO0006390,PRD00368,268,13705.39
POI00018341,PO0000288,PRD00165,264,9742.97
POI00018342,PO0005133,PRD00183,27,6823.92
POI00018343,PO0006637,PRD00074,475,12787.56
POI00018344,PO0000660,PRD00240,152,1296.01
POI00018345,PO0007357,PRD00223,256,13596.37
POI00018346,PO0003073,PRD00739,356,7506.27
POI00018347,PO0003575,PRD00900,141,12362.97
POI00018348,PO0000938,PRD00857,277,11441.17
POI00018349,PO0008024,PRD00668,389,3092.64
POI00018350,PO0008134,PRD00841,497,13509.77
POI00018351,PO0006509,PRD00917,495,13456.14
POI00018352,PO0008573,PRD00082,38,7141.05
POI00018353,PO0002085,PRD00364,115,10243.38
POI00018354,PO0004580,PRD00617,141,9490.86
POI00018355,PO0005868,PRD00031,343,11922.53
POI00018356,PO0000073,PRD00873,224,7788.28
POI00018357,PO0009710,PRD00136,71,9775.56
POI00018358,PO0003460,PRD00476,481,12262.1
POI00018359,PO0006944,PRD00774,370,7426.94
POI00018360,PO0004432,PRD00401,137,8016.45
POI00018361,PO0005081,PRD00747,112,1497.38
POI00018362,PO0006727,PRD00611,346,1908.11
POI00018363,PO0006016,PRD00133,428,13122.92
POI00018364,PO0007258,PRD00219,29,12493.83
POI00018365,PO0002553,PRD00541,181,2451.94
POI00018366,PO0002140,PRD00768,140,13360.45
POI00018367,PO0007664,PRD00255,237,13121.82
POI00018368,PO0003272,PRD00092,105,1185.31
POI00018369,PO0000576,PRD00723,149,642.86
POI00018370,PO0008426,PRD00576,283,6871.55
POI00018371,PO0002514,PRD00266,186,3637.52
POI00018372,PO0008402,PRD00230,172,928.8
POI00018373,PO0005533,PRD00376,435,7767.99
POI00018374,PO0009819,PRD00903,108,10697.16
POI00018375,PO0007176,PRD00654,272,8610.81
POI00018376,PO0001272,PRD00366,130,11358.19
POI00018377,PO0000350,PRD00341,365,8938.37
POI00018378,PO0005491,PRD00180,219,5424.97
POI00018379,PO0004908,PRD00002,490,14088.84
POI00018380,PO0001486,PRD00688,150,5575.81
POI00018381,PO0004313,PRD00767,438,8392.39
POI00018382,PO0001552,PRD00506,55,2811.02
POI00018383,PO0006070,PRD00383,380,3349.4
POI00018384,PO0003995,PRD00137,419,14315.76
POI00018385,PO0000943,PRD00077,297,3244.83
POI00018386,PO0000249,PRD00113,13,4380.21
POI00018387,PO0003447,PRD00269,18,6484.24
POI00018388,PO0001407,PRD00475,474,14519.03
POI00018389,PO0007742,PRD00740,239,5420.19
POI00018390,PO0004571,PRD00839,480,1545.18
POI00018391,PO0006268,PRD00531,416,7772.95
POI00018392,PO0001760,PRD00936,41,5539.59
POI00018393,PO0003300,PRD00818,473,2577.53
POI00018394,PO0004048,PRD00480,417,10120.83
POI00018395,PO0000541,PRD00160,399,2180.09
POI00018396,PO0004666,PRD00837,350,2785.86
POI00018397,PO0009240,PRD00185,254,6440.0
POI00018398,PO0003890,PRD00307,421,14587.91
POI00018399,PO0002258,PRD00099,160,6175.08
POI00018400,PO0005407,PRD00749,437,13186.86
POI00018401,PO0008847,PRD00819,437,9433.84
POI00018402,PO0000089,PRD00249,381,10840.05
POI00018403,PO0002908,PRD00414,424,3675.25
POI00018404,PO0009520,PRD00540,377,3098.59
POI00018405,PO0004972,PRD00444,357,9833.74
POI00018406,PO0007149,PRD00237,111,10209.15
POI00018407,PO0001293,PRD00989,189,12965.77
POI00018408,PO0000489,PRD00966,278,6230.08
POI00018409,PO0008159,PRD00061,62,14248.21
POI00018410,PO0007129,PRD00363,85,863.17
POI00018411,PO0002343,PRD00461,218,4804.84
POI00018412,PO0006494,PRD00678,441,815.42
POI00018413,PO0006582,PRD00922,62,7190.21
POI00018414,PO0009686,PRD00353,184,9182.34
POI00018415,PO0001338,PRD00821,39,9726.69
POI00018416,PO0002716,PRD00212,341,194.69
POI00018417,PO0005190,PRD00582,46,12403.88
POI00018418,PO0004540,PRD00922,160,7190.21
POI00018419,PO0005581,PRD00215,96,7543.91
POI00018420,PO0008657,PRD00179,252,11993.83
POI00018421,PO0004445,PRD00534,86,12763.59
POI00018422,PO0000876,PRD00712,292,5380.83
POI00018423,PO0003322,PRD00071,478,9562.93
POI00018424,PO0007449,PRD00835,65,6236.81
POI00018425,PO0001995,PRD00572,132,14299.0
POI00018426,PO0009891,PRD00863,185,7788.61
POI00018427,PO0002079,PRD00221,173,13068.22
POI00018428,PO0006750,PRD00640,470,14055.38
POI00018429,PO0005821,PRD00472,104,12076.82
POI00018430,PO0007249,PRD00980,182,10478.27
POI00018431,PO0001660,PRD00960,84,2038.65
POI00018432,PO0004073,PRD00050,275,14145.71
POI00018433,PO0007530,PRD00509,464,7385.46
POI00018434,PO0008997,PRD00736,221,4572.66
POI00018435,PO0009554,PRD00780,144,12595.14
POI00018436,PO0000243,PRD00235,112,664.0
POI00018437,PO0000054,PRD00316,427,14232.32
POI00018438,PO0004924,PRD00462,268,5449.97
POI00018439,PO0004189,PRD00932,373,12917.17
POI00018440,PO0009331,PRD00135,22,7084.8
POI00018441,PO0004492,PRD00493,144,4838.13
POI00018442,PO0004152,PRD00124,239,8304.87
POI00018443,PO0003910,PRD00182,67,11205.33
POI00018444,PO0003372,PRD00836,356,2825.17
POI00018445,PO0005281,PRD00135,261,7084.8
POI00018446,PO0000112,PRD00102,81,6423.07
POI00018447,PO0007120,PRD00267,153,1734.0
POI00018448,PO0005903,PRD00531,264,7772.95
POI00018449,PO0007822,PRD00994,230,971.84
POI00018450,PO0001887,PRD00116,11,6245.65
POI00018451,PO0007835,PRD00912,378,13951.33
POI00018452,PO0003772,PRD00414,369,3675.25
POI00018453,PO0004961,PRD00605,457,3961.69
POI00018454,PO0005401,PRD00853,471,2077.51
POI00018455,PO0006214,PRD00356,317,5284.14
POI00018456,PO0006363,PRD00135,385,7084.8
POI00018457,PO0004005,PRD00624,249,5373.69
POI00018458,PO0009447,PRD00228,170,7076.3
POI00018459,PO0002859,PRD00257,182,12479.22
POI00018460,PO0004081,PRD00629,72,377.33
POI00018461,PO0004269,PRD00232,84,6790.03
POI00018462,PO0007914,PRD00527,67,13016.35
POI00018463,PO0007412,PRD00453,156,5806.99
POI00018464,PO0000309,PRD00850,26,12204.62
POI00018465,PO0001856,PRD00102,385,6423.07
POI00018466,PO0003434,PRD00942,160,11797.17
POI00018467,PO0004038,PRD00523,135,12097.17
POI00018468,PO0001516,PRD00562,146,329.01
POI00018469,PO0002336,PRD00318,372,13343.83
POI00018470,PO0008029,PRD00707,118,5200.05
POI00018471,PO0002081,PRD00477,314,8916.03
POI00018472,PO0004248,PRD00687,308,6890.21
POI00018473,PO0009179,PRD00632,13,12709.49
POI00018474,PO0000976,PRD00016,17,12890.21
POI00018475,PO0002902,PRD00739,149,7506.27
POI00018476,PO0000706,PRD00916,114,11381.5
POI00018477,PO0008232,PRD00644,231,5838.18
POI00018478,PO0001639,PRD00463,285,6510.21
POI00018479,PO0004895,PRD00941,210,2714.98
POI00018480,PO0003256,PRD00491,316,4733.4
POI00018481,PO0001472,PRD00876,16,12469.02
POI00018482,PO0004129,PRD00963,241,8895.2
POI00018483,PO0007859,PRD00963,206,8895.2
POI00018484,PO0003944,PRD00815,361,5837.27
POI00018485,PO0006915,PRD00430,387,7529.58
POI00018486,PO0007597,PRD00622,214,3778.03
POI00018487,PO0004781,PRD00671,358,13764.06
POI00018488,PO0009915,PRD00717,162,5192.63
POI00018489,PO0002248,PRD00102,282,6423.07
POI00018490,PO0005622,PRD00863,403,7788.61
POI00018491,PO0006258,PRD00005,32,13587.62
POI00018492,PO0000727,PRD00003,447,4143.44
POI00018493,PO0001334,PRD00610,209,3030.44
POI00018494,PO0004660,PRD00686,74,2956.03
POI00018495,PO0002224,PRD00790,102,11430.76
POI00018496,PO0002934,PRD00677,247,658.64
POI00018497,PO0004328,PRD00913,57,7633.07
POI00018498,PO0008738,PRD00722,473,9531.63
POI00018499,PO0007083,PRD00396,378,5666.96
POI00018500,PO0006962,PRD00209,145,9137.57
POI00018501,PO0001233,PRD00012,83,14609.65
POI00018502,PO0001977,PRD00599,491,11716.66
POI00018503,PO0004113,PRD00851,63,13602.05
POI00018504,PO0009352,PRD00442,422,4068.49
POI00018505,PO0009295,PRD00095,273,11653.35
POI00018506,PO0005223,PRD00538,488,1565.66
POI00018507,PO0004544,PRD00394,119,14023.98
POI00018508,PO0004572,PRD00311,90,5242.66
POI00018509,PO0004092,PRD00378,34,5802.93
POI00018510,PO0005025,PRD00756,178,13812.34
POI00018511,PO0000583,PRD00049,300,12862.44
POI00018512,PO0003139,PRD00389,177,10776.42
POI00018513,PO0008266,PRD00496,217,5018.37
POI00018514,PO0002757,PRD00436,208,10630.97
POI00018515,PO0002295,PRD00002,357,14088.84
POI00018516,PO0000779,PRD00079,383,10823.51
POI00018517,PO0004658,PRD00005,109,13587.62
POI00018518,PO0003465,PRD00147,248,10379.48
POI00018519,PO0008765,PRD00548,80,10982.99
POI00018520,PO0005274,PRD00805,318,6473.34
POI00018521,PO0007499,PRD00700,139,8456.94
POI00018522,PO0008887,PRD00658,307,7106.49
POI00018523,PO0002396,PRD00415,84,13727.94
POI00018524,PO0008586,PRD00429,80,4484.27
POI00018525,PO0008767,PRD00671,453,13764.06
POI00018526,PO0005634,PRD00489,113,5226.91
POI00018527,PO0004566,PRD00524,398,4908.91
POI00018528,PO0005044,PRD00736,107,4572.66
POI00018529,PO0004875,PRD00681,215,14615.35
POI00018530,PO0008836,PRD00270,298,2874.72
POI00018531,PO0006166,PRD00916,441,11381.5
POI00018532,PO0005058,PRD00579,161,3728.71
POI00018533,PO0000426,PRD00970,130,2893.48
POI00018534,PO0001286,PRD00943,252,6024.16
POI00018535,PO0001376,PRD00711,200,14208.1
POI00018536,PO0006120,PRD00835,396,6236.81
POI00018537,PO0000944,PRD00161,114,14511.66
POI00018538,PO0007610,PRD00438,349,314.72
POI00018539,PO0002588,PRD00998,322,8420.65
POI00018540,PO0002305,PRD00434,39,7897.25
POI00018541,PO0007990,PRD00058,78,4231.59
POI00018542,PO0009728,PRD00574,423,11589.74
POI00018543,PO0005688,PRD00537,111,11841.49
POI00018544,PO0009035,PRD00999,103,8190.82
POI00018545,PO0000316,PRD00484,457,1711.79
POI00018546,PO0008940,PRD00823,143,889.68
POI00018547,PO0004623,PRD00168,313,5878.6
POI00018548,PO0005412,PRD00112,120,10078.39
POI00018549,PO0009864,PRD00275,464,2070.47
POI00018550,PO0006412,PRD00862,495,5699.76
POI00018551,PO0004049,PRD00718,422,12946.92
POI00018552,PO0001338,PRD00970,398,2893.48
POI00018553,PO0003630,PRD00431,115,11469.34
POI00018554,PO0002899,PRD00315,267,12650.55
POI00018555,PO0008787,PRD00518,106,8231.59
POI00018556,PO0009652,PRD00319,171,3733.58
POI00018557,PO0002914,PRD00477,185,8916.03
POI00018558,PO0000179,PRD00104,10,8958.06
POI00018559,PO0004899,PRD00603,294,3288.11
POI00018560,PO0001220,PRD00301,218,10700.19
POI00018561,PO0004770,PRD00353,226,9182.34
POI00018562,PO0000596,PRD00725,174,9430.17
POI00018563,PO0000175,PRD00407,26,2170.82
POI00018564,PO0004681,PRD00064,392,11684.65
POI00018565,PO0009034,PRD00120,29,4716.39
POI00018566,PO0000394,PRD00418,138,848.93
POI00018567,PO0001313,PRD00098,131,2423.29
POI00018568,PO0002662,PRD00973,24,4327.38
POI00018569,PO0005711,PRD00459,466,11986.98
POI00018570,PO0001951,PRD00003,208,4143.44
POI00018571,PO0000105,PRD00698,135,3335.68
POI00018572,PO0001401,PRD00427,255,6255.84
POI00018573,PO0001101,PRD00160,355,2180.09
POI00018574,PO0000420,PRD00164,128,7114.43
POI00018575,PO0007339,PRD00683,428,11134.9
POI00018576,PO0000687,PRD00070,467,12755.67
POI00018577,PO0005807,PRD00576,196,6871.55
POI00018578,PO0003211,PRD00509,231,7385.46
POI00018579,PO0003382,PRD00990,335,4921.74
POI00018580,PO0004977,PRD00479,325,11981.47
POI00018581,PO0008895,PRD00439,66,7978.91
POI00018582,PO0008391,PRD00357,226,1898.36
POI00018583,PO0002879,PRD00278,202,4458.16
POI00018584,PO0004547,PRD00884,207,5606.03
POI00018585,PO0009215,PRD00610,286,3030.44
POI00018586,PO0004418,PRD00385,451,11446.95
POI00018587,PO0003292,PRD00496,228,5018.37
POI00018588,PO0002817,PRD00411,360,9419.82
POI00018589,PO0003236,PRD00782,257,9890.23
POI00018590,PO0002162,PRD00962,54,8264.3
POI00018591,PO0009072,PRD00338,266,755.93
POI00018592,PO0007887,PRD00578,137,3487.79
POI00018593,PO0006523,PRD00045,160,3578.64
POI00018594,PO0004578,PRD00243,491,9718.69
POI00018595,PO0003366,PRD00540,173,3098.59
POI00018596,PO0005348,PRD00387,272,1001.43
POI00018597,PO0001607,PRD00040,379,12037.14
POI00018598,PO0003767,PRD00728,477,6550.29
POI00018599,PO0005966,PRD00012,285,14609.65
POI00018600,PO0007731,PRD00839,366,1545.18
POI00018601,PO0001298,PRD00826,145,9650.03
POI00018602,PO0000511,PRD00949,398,13353.32
POI00018603,PO0002248,PRD00586,54,4430.6
POI00018604,PO0005358,PRD00780,11,12595.14
POI00018605,PO0005558,PRD00717,382,5192.63
POI00018606,PO0009491,PRD00951,238,12745.6
POI00018607,PO0000772,PRD00072,472,2707.96
POI00018608,PO0002432,PRD00908,213,5348.66
POI00018609,PO0009584,PRD00290,196,2210.27
POI00018610,PO0002160,PRD00414,105,3675.25
POI00018611,PO0001169,PRD00320,221,1168.76
POI00018612,PO0008458,PRD00474,367,4767.61
POI00018613,PO0006666,PRD00711,368,14208.1
POI00018614,PO0005994,PRD00335,458,12393.64
POI00018615,PO0001106,PRD00361,218,2128.11
POI00018616,PO0001866,PRD00666,322,1874.61
POI00018617,PO0005180,PRD00597,286,12775.63
POI00018618,PO0005706,PRD00655,179,136.93
POI00018619,PO0007173,PRD00853,55,2077.51
POI00018620,PO0005112,PRD00537,337,11841.49
POI00018621,PO0002738,PRD00537,377,11841.49
POI00018622,PO0002390,PRD00995,141,1957.35
POI00018623,PO0007982,PRD00012,400,14609.65
POI00018624,PO0002532,PRD00588,267,11008.35
POI00018625,PO0009540,PRD00298,413,1909.75
POI00018626,PO0007941,PRD00107,127,9087.41
POI00018627,PO0006294,PRD00018,103,6025.11
POI00018628,PO0003175,PRD00648,405,4835.26
POI00018629,PO0004038,PRD00578,500,3487.79
POI00018630,PO0004194,PRD00091,313,14120.67
POI00018631,PO0008876,PRD00368,352,13705.39
POI00018632,PO0006101,PRD00164,400,7114.43
POI00018633,PO0006454,PRD00890,374,7834.85
POI00018634,PO0009049,PRD00685,293,2103.9
POI00018635,PO0008221,PRD00258,329,13278.68
POI00018636,PO0006042,PRD00374,497,290.14
POI00018637,PO0009757,PRD00985,112,3051.76
POI00018638,PO0005211,PRD00039,245,829.26
POI00018639,PO0008530,PRD00551,355,6646.28
POI00018640,PO0005720,PRD00517,371,8167.29
POI00018641,PO0008462,PRD00697,238,6403.2
POI00018642,PO0002232,PRD00179,82,11993.83
POI00018643,PO0008663,PRD00597,15,12775.63
POI00018644,PO0002373,PRD00806,291,164.23
POI00018645,PO0008496,PRD00921,385,10131.57
POI00018646,PO0009284,PRD00426,243,11443.5
POI00018647,PO0009077,PRD00960,40,2038.65
POI00018648,PO0001941,PRD00854,277,7572.34
POI00018649,PO0000711,PRD00528,241,10694.01
POI00018650,PO0007783,PRD00764,329,6096.89
POI00018651,PO0000665,PRD00362,281,837.42
POI00018652,PO0000061,PRD00598,272,4825.42
POI00018653,PO0005768,PRD00469,236,4552.3
POI00018654,PO0009668,PRD00102,187,6423.07
POI00018655,PO0005985,PRD00787,113,3077.27
POI00018656,PO0002858,PRD00451,147,11303.64
POI00018657,PO0004222,PRD00535,287,12386.73
POI00018658,PO0008410,PRD00257,16,12479.22
POI00018659,PO0007836,PRD00383,103,3349.4
POI00018660,PO0009711,PRD00678,442,815.42
POI00018661,PO0006059,PRD00025,478,9977.74
POI00018662,PO0002994,PRD00362,314,837.42
POI00018663,PO0006361,PRD00283,133,14607.96
POI00018664,PO0009367,PRD00488,447,6731.02
POI00018665,PO0006018,PRD00329,49,14502.96
POI00018666,PO0003171,PRD00898,21,11808.33
POI00018667,PO0005199,PRD00203,423,171.1
POI00018668,PO0007578,PRD00589,296,13991.37
POI00018669,PO0008083,PRD00485,322,9733.24
POI00018670,PO0006280,PRD00295,178,14410.96
POI00018671,PO0002175,PRD00487,187,1551.21
POI00018672,PO0009487,PRD00125,273,12971.28
POI00018673,PO0003427,PRD00772,105,11409.05
POI00018674,PO0004601,PRD00688,98,5575.81
POI00018675,PO0002843,PRD00598,46,4825.42
POI00018676,PO0004899,PRD00901,324,1036.08
POI00018677,PO0005605,PRD00585,57,4963.33
POI00018678,PO0007344,PRD00417,402,13839.61
POI00018679,PO0000184,PRD00810,225,6285.69
POI00018680,PO0005002,PRD00684,472,7767.82
POI00018681,PO0005522,PRD00433,271,10827.08
POI00018682,PO0000003,PRD00877,496,9378.32
POI00018683,PO0003795,PRD00298,327,1909.75
POI00018684,PO0004327,PRD00601,418,14472.35
POI00018685,PO0000021,PRD00996,482,12098.44
POI00018686,PO0008299,PRD00210,242,5229.98
POI00018687,PO0000679,PRD00009,429,12532.16
POI00018688,PO0002203,PRD00314,124,8909.78
POI00018689,PO0005527,PRD01000,145,1107.64
POI00018690,PO0001593,PRD00549,118,2125.97
POI00018691,PO0003948,PRD00176,36,1103.66
POI00018692,PO0007872,PRD00276,493,12469.32
POI00018693,PO0009606,PRD00403,199,560.68
POI00018694,PO0005030,PRD00738,38,7712.85
POI00018695,PO0007061,PRD00581,280,3429.77
POI00018696,PO0006389,PRD00526,116,2102.99
POI00018697,PO0008064,PRD00185,58,6440.0
POI00018698,PO0007465,PRD00070,435,12755.67
POI00018699,PO0005383,PRD00855,299,11377.51
POI00018700,PO0000635,PRD00491,352,4733.4
POI00018701,PO0007320,PRD00352,451,10163.96
POI00018702,PO0004217,PRD00315,425,12650.55
POI00018703,PO0008658,PRD00143,473,2616.16
POI00018704,PO0002995,PRD00064,319,11684.65
POI00018705,PO0003073,PRD00812,476,3339.2
POI00018706,PO0001115,PRD00718,187,12946.92
POI00018707,PO0001764,PRD00165,318,9742.97
POI00018708,PO0002744,PRD00822,138,434.39
POI00018709,PO0008228,PRD00656,216,3059.15
POI00018710,PO0000716,PRD00209,106,9137.57
POI00018711,PO0003528,PRD00334,126,8334.09
POI00018712,PO0002302,PRD00045,494,3578.64
POI00018713,PO0004084,PRD00343,406,10133.19
POI00018714,PO0005676,PRD00842,71,10426.4
POI00018715,PO0007073,PRD00085,297,2937.79
POI00018716,PO0005007,PRD00061,175,14248.21
POI00018717,PO0000299,PRD00227,12,12974.56
POI00018718,PO0000378,PRD00128,69,8314.61
POI00018719,PO0003577,PRD00527,345,13016.35
POI00018720,PO0004432,PRD00025,77,9977.74
POI00018721,PO0006010,PRD00588,417,11008.35
POI00018722,PO0005450,PRD00690,440,2729.55
POI00018723,PO0003760,PRD00013,59,14644.99
POI00018724,PO0004928,PRD00254,200,12034.79
POI00018725,PO0009686,PRD00397,124,1277.33
POI00018726,PO0009550,PRD00436,476,10630.97
POI00018727,PO0001386,PRD00739,287,7506.27
POI00018728,PO0006749,PRD00753,257,1627.4
POI00018729,PO0000675,PRD00061,154,14248.21
POI00018730,PO0005894,PRD00764,100,6096.89
POI00018731,PO0008863,PRD00642,118,6743.72
POI00018732,PO0002524,PRD00656,325,3059.15
POI00018733,PO0005929,PRD00524,23,4908.91
POI00018734,PO0007049,PRD00071,154,9562.93
POI00018735,PO0009345,PRD00376,456,7767.99
POI00018736,PO0008320,PRD00521,331,3211.38
POI00018737,PO0007741,PRD00743,159,2305.24
POI00018738,PO0008932,PRD00552,91,13804.82
POI00018739,PO0000726,PRD00251,228,3571.32
POI00018740,PO0007854,PRD00458,400,10221.05
POI00018741,PO0000846,PRD00978,323,10928.44
POI00018742,PO0009518,PRD00219,419,12493.83
POI00018743,PO0004226,PRD00966,213,6230.08
POI00018744,PO0009588,PRD00014,317,11069.54
POI00018745,PO0007161,PRD00214,55,11225.45
POI00018746,PO0009241,PRD00120,164,4716.39
POI00018747,PO0002004,PRD00061,282,14248.21
POI00018748,PO0004929,PRD00447,392,8522.58
POI00018749,PO0003489,PRD00920,437,10536.21
POI00018750,PO0004284,PRD00747,366,1497.38
POI00018751,PO0004482,PRD00319,313,3733.58
POI00018752,PO0000036,PRD00774,356,7426.94
POI00018753,PO0009598,PRD00456,105,14536.29
POI00018754,PO0000255,PRD00003,152,4143.44
POI00018755,PO0007247,PRD00873,103,7788.28
POI00018756,PO0004104,PRD00076,168,5099.04
POI00018757,PO0000349,PRD00836,114,2825.17
POI00018758,PO0002184,PRD00635,173,2679.1
POI00018759,PO0008561,PRD00924,347,3584.13
POI00018760,PO0003657,PRD00761,31,9679.51
POI00018761,PO0004249,PRD00939,489,12076.99
POI00018762,PO0009841,PRD00563,102,13844.88
POI00018763,PO0002001,PRD00547,392,10434.94
POI00018764,PO0006396,PRD00338,490,755.93
POI00018765,PO0000221,PRD00162,432,287.67
POI00018766,PO0005528,PRD00093,394,12182.24
POI00018767,PO0009670,PRD00324,488,4070.68
POI00018768,PO0006098,PRD00963,498,8895.2
POI00018769,PO0002571,PRD00846,179,5432.42
POI00018770,PO0001589,PRD00028,69,9263.48
POI00018771,PO0000853,PRD00946,134,5214.57
POI00018772,PO0002542,PRD00065,31,13939.0
POI00018773,PO0000227,PRD00412,221,14128.47
POI00018774,PO0002629,PRD00531,365,7772.95
POI00018775,PO0001189,PRD00388,339,2534.89
POI00018776,PO0009879,PRD00743,61,2305.24
POI00018777,PO0005016,PRD00044,365,9431.09
POI00018778,PO0006466,PRD00012,57,14609.65
POI00018779,PO0008894,PRD00994,128,971.84
POI00018780,PO0007665,PRD00953,104,4127.02
POI00018781,PO0009460,PRD00948,180,5378.23
POI00018782,PO0002469,PRD00510,459,9321.6
POI00018783,PO0007806,PRD00125,263,12971.28
POI00018784,PO0006663,PRD00731,161,8878.22
POI00018785,PO0007917,PRD00012,280,14609.65
POI00018786,PO0007644,PRD00782,419,9890.23
POI00018787,PO0009488,PRD00622,42,3778.03
POI00018788,PO0005492,PRD00976,195,4864.0
POI00018789,PO0006915,PRD00917,419,13456.14
POI00018790,PO0000504,PRD00522,19,2556.45
POI00018791,PO0004541,PRD00161,122,14511.66
POI00018792,PO0002556,PRD00814,308,14386.74
POI00018793,PO0003690,PRD00557,126,7804.82
POI00018794,PO0004806,PRD00242,223,9680.92
POI00018795,PO0008162,PRD00880,72,12411.59
POI00018796,PO0006387,PRD00752,289,1766.8
POI00018797,PO0000650,PRD00909,400,11074.93
POI00018798,PO0002893,PRD00699,199,8800.55
POI00018799,PO0005795,PRD00953,168,4127.02
POI00018800,PO0005005,PRD00670,455,8380.95
POI00018801,PO0006733,PRD00751,432,10373.34
POI00018802,PO0004849,PRD00644,202,5838.18
POI00018803,PO0005850,PRD00270,290,2874.72
POI00018804,PO0002180,PRD00566,158,1327.27
POI00018805,PO0002217,PRD00359,480,14333.28
POI00018806,PO0009863,PRD00555,210,9697.74
POI00018807,PO0005115,PRD00321,456,7009.48
POI00018808,PO0000244,PRD00024,309,5514.18
POI00018809,PO0008536,PRD00235,490,664.0
POI00018810,PO0001346,PRD00487,83,1551.21
POI00018811,PO0004662,PRD00955,122,9957.38
POI00018812,PO0002568,PRD00136,202,9775.56
POI00018813,PO0006942,PRD00300,208,10666.34
POI00018814,PO0002035,PRD00415,364,13727.94
POI00018815,PO0000291,PRD00087,60,2757.27
POI00018816,PO0003207,PRD00627,466,8481.58
POI00018817,PO0005156,PRD00690,348,2729.55
POI00018818,PO0004602,PRD00045,495,3578.64
POI00018819,PO0009997,PRD00737,340,9372.14
POI00018820,PO0009119,PRD00567,437,8082.94
POI00018821,PO0000323,PRD00977,212,14587.2
POI00018822,PO0006947,PRD00089,167,9597.02
POI00018823,PO0006428,PRD00929,141,2808.45
POI00018824,PO0006661,PRD00918,71,1087.91
POI00018825,PO0001811,PRD00258,24,13278.68
POI00018826,PO0008761,PRD00100,267,3533.63
POI00018827,PO0008693,PRD00272,21,5905.57
POI00018828,PO0009789,PRD00325,369,14185.14
POI00018829,PO0002737,PRD00254,225,12034.79
POI00018830,PO0005583,PRD00108,438,14993.62
POI00018831,PO0002531,PRD00290,169,2210.27
POI00018832,PO0009409,PRD00945,150,3955.76
POI00018833,PO0009163,PRD00657,428,14657.7
POI00018834,PO0002558,PRD00135,213,7084.8
POI00018835,PO0001151,PRD00800,359,273.44
POI00018836,PO0006635,PRD00130,412,731.22
POI00018837,PO0005091,PRD00167,363,14939.24
POI00018838,PO0002720,PRD00496,281,5018.37
POI00018839,PO0006501,PRD00497,400,9476.02
POI00018840,PO0002541,PRD00290,95,2210.27
POI00018841,PO0005458,PRD00088,173,759.09
POI00018842,PO0003333,PRD00117,288,9411.1
POI00018843,PO0009045,PRD00662,280,1358.75
POI00018844,PO0003986,PRD00849,322,10933.19
POI00018845,PO0008599,PRD00658,235,7106.49
POI00018846,PO0007013,PRD00248,443,2381.45
POI00018847,PO0007579,PRD00525,439,14289.77
POI00018848,PO0001724,PRD00196,428,6209.26
POI00018849,PO0008603,PRD00334,36,8334.09
POI00018850,PO0008345,PRD00392,371,5987.55
POI00018851,PO0003194,PRD00340,352,13976.02
POI00018852,PO0000965,PRD00640,266,14055.38
POI00018853,PO0002901,PRD00325,94,14185.14
POI00018854,PO0003525,PRD00255,27,13121.82
POI00018855,PO0002809,PRD00916,173,11381.5
POI00018856,PO0006327,PRD00384,208,6284.42
POI00018857,PO0000679,PRD00714,235,7100.41
POI00018858,PO0008295,PRD00667,72,12142.23
POI00018859,PO0005116,PRD00929,348,2808.45
POI00018860,PO0006213,PRD00245,243,2944.72
POI00018861,PO0002711,PRD00620,89,517.21
POI00018862,PO0008934,PRD00720,25,6824.63
POI00018863,PO0004890,PRD00251,32,3571.32
POI00018864,PO0007588,PRD00831,204,14405.2
POI00018865,PO0009123,PRD00267,27,1734.0
POI00018866,PO0000444,PRD00581,167,3429.77
POI00018867,PO0003070,PRD00112,356,10078.39
POI00018868,PO0009914,PRD00067,189,10482.12
POI00018869,PO0006291,PRD00655,444,136.93
POI00018870,PO0005447,PRD00095,201,11653.35
POI00018871,PO0001625,PRD00876,91,12469.02
POI00018872,PO0002130,PRD00455,295,3543.59
POI00018873,PO0000338,PRD00170,440,12518.7
POI00018874,PO0000037,PRD00254,98,12034.79
POI00018875,PO0005029,PRD00902,35,10889.46
POI00018876,PO0003276,PRD00688,221,5575.81
POI00018877,PO0005911,PRD00678,27,815.42
POI00018878,PO0000790,PRD00434,213,7897.25
POI00018879,PO0000376,PRD00389,281,10776.42
POI00018880,PO0000971,PRD00189,269,1559.74
POI00018881,PO0005298,PRD00023,386,3880.46
POI00018882,PO0003803,PRD00194,419,11189.27
POI00018883,PO0001617,PRD00117,389,9411.1
POI00018884,PO0006744,PRD00572,364,14299.0
POI00018885,PO0007416,PRD00408,145,8695.92
POI00018886,PO0006416,PRD00497,170,9476.02
POI00018887,PO0009945,PRD00736,358,4572.66
POI00018888,PO0003705,PRD00015,346,4060.74
POI00018889,PO0001228,PRD00887,226,6428.3
POI00018890,PO0003212,PRD00980,22,10478.27
POI00018891,PO0005361,PRD00104,13,8958.06
POI00018892,PO0001330,PRD00814,338,14386.74
POI00018893,PO0001844,PRD00031,278,11922.53
POI00018894,PO0009158,PRD00367,203,13626.42
POI00018895,PO0007146,PRD00674,45,13022.73
POI00018896,PO0002403,PRD00085,112,2937.79
POI00018897,PO0009183,PRD00487,389,1551.21
POI00018898,PO0007625,PRD00761,39,9679.51
POI00018899,PO0001507,PRD00989,385,12965.77
POI00018900,PO0000287,PRD00970,371,2893.48
POI00018901,PO0008497,PRD00458,356,10221.05
POI00018902,PO0002253,PRD00724,25,11372.17
POI00018903,PO0009186,PRD00505,61,10107.88
POI00018904,PO0007258,PRD00528,53,10694.01
POI00018905,PO0000047,PRD00932,478,12917.17
POI00018906,PO0009878,PRD00989,236,12965.77
POI00018907,PO0005315,PRD00397,313,1277.33
POI00018908,PO0007145,PRD00914,45,14209.47
POI00018909,PO0004427,PRD00189,369,1559.74
POI00018910,PO0005705,PRD00327,269,11465.77
POI00018911,PO0000769,PRD00554,65,5324.91
POI00018912,PO0001385,PRD00331,284,4343.37
POI00018913,PO0004831,PRD00507,131,8978.67
POI00018914,PO0009445,PRD00971,350,2515.98
POI00018915,PO0005279,PRD00384,111,6284.42
POI00018916,PO0004621,PRD00533,361,10985.5
POI00018917,PO0008176,PRD00509,349,7385.46
POI00018918,PO0000956,PRD00578,265,3487.79
POI00018919,PO0001525,PRD00895,75,8698.56
POI00018920,PO0000718,PRD00478,180,14298.83
POI00018921,PO0002517,PRD00200,467,12689.72
POI00018922,PO0007184,PRD00063,239,7018.31
POI00018923,PO0005313,PRD00128,30,8314.61
POI00018924,PO0002537,PRD00344,486,8985.89
POI00018925,PO0000182,PRD00232,365,6790.03
POI00018926,PO0004063,PRD00260,391,500.56
POI00018927,PO0009373,PRD00110,484,13747.81
POI00018928,PO0000095,PRD00549,238,2125.97
POI00018929,PO0006829,PRD00470,112,10835.82
POI00018930,PO0001419,PRD00704,274,9935.11
POI00018931,PO0008628,PRD00709,174,12622.33
POI00018932,PO0007336,PRD00698,424,3335.68
POI00018933,PO0008706,PRD00996,282,12098.44
POI00018934,PO0007773,PRD00699,40,8800.55
POI00018935,PO0007070,PRD00184,163,6913.99
POI00018936,PO0007004,PRD00141,158,11958.46
POI00018937,PO0000930,PRD00220,403,3710.28
POI00018938,PO0001718,PRD00799,260,14353.99
POI00018939,PO0002453,PRD00304,181,7053.7
POI00018940,PO0007621,PRD00960,129,2038.65
POI00018941,PO0006173,PRD00914,433,14209.47
POI00018942,PO0002156,PRD00703,278,2890.33
POI00018943,PO0002444,PRD00952,273,4757.15
POI00018944,PO0005449,PRD00671,324,13764.06
POI00018945,PO0008698,PRD00492,63,5276.64
POI00018946,PO0003869,PRD00670,279,8380.95
POI00018947,PO0009668,PRD00480,111,10120.83
POI00018948,PO0001705,PRD00791,205,10139.71
POI00018949,PO0006050,PRD00060,411,9780.15
POI00018950,PO0002290,PRD00852,170,9836.31
POI00018951,PO0002744,PRD00433,345,10827.08
POI00018952,PO0008779,PRD00645,338,13236.02
POI00018953,PO0000695,PRD00354,223,3435.02
POI00018954,PO0004781,PRD00662,208,1358.75
POI00018955,PO0005065,PRD00055,493,8911.04
POI00018956,PO0007395,PRD00220,373,3710.28
POI00018957,PO0006223,PRD00574,399,11589.74
POI00018958,PO0006034,PRD00093,323,12182.24
POI00018959,PO0003492,PRD00480,143,10120.83
POI00018960,PO0009312,PRD00973,272,4327.38
POI00018961,PO0003973,PRD00414,151,3675.25
POI00018962,PO0006621,PRD00377,299,14726.74
POI00018963,PO0007256,PRD00056,106,2104.64
POI00018964,PO0003394,PRD00014,375,11069.54
POI00018965,PO0004219,PRD00875,409,6782.11
POI00018966,PO0007631,PRD00029,332,4613.81
POI00018967,PO0003637,PRD00211,202,7941.86
POI00018968,PO0002464,PRD00110,160,13747.81
POI00018969,PO0000729,PRD00431,170,11469.34
POI00018970,PO0006980,PRD00896,28,12836.58
POI00018971,PO0002637,PRD00819,487,9433.84
POI00018972,PO0004434,PRD00488,36,6731.02
POI00018973,PO0005041,PRD00188,329,5763.09
POI00018974,PO0006009,PRD00703,99,2890.33
POI00018975,PO0008203,PRD00221,317,13068.22
POI00018976,PO0001607,PRD00604,269,14528.53
POI00018977,PO0001008,PRD00521,457,3211.38
POI00018978,PO0007929,PRD00260,301,500.56
POI00018979,PO0000811,PRD00590,36,14268.77
POI00018980,PO0003327,PRD00507,357,8978.67
POI00018981,PO0007094,PRD00423,104,13733.69
POI00018982,PO0003828,PRD00750,463,6059.6
POI00018983,PO0007357,PRD00733,449,8941.35
POI00018984,PO0002531,PRD00878,203,13841.49
POI00018985,PO0001172,PRD00477,228,8916.03
POI00018986,PO0004856,PRD00179,391,11993.83
POI00018987,PO0005126,PRD00710,119,7104.05
POI00018988,PO0007828,PRD00804,226,14440.13
POI00018989,PO0005986,PRD00100,442,3533.63
POI00018990,PO0001430,PRD00931,88,7216.54
POI00018991,PO0004099,PRD00362,78,837.42
POI00018992,PO0001427,PRD00209,248,9137.57
POI00018993,PO0006710,PRD00532,402,4963.16
POI00018994,PO0003735,PRD00666,387,1874.61
POI00018995,PO0009766,PRD00805,373,6473.34
POI00018996,PO0006036,PRD00985,71,3051.76
POI00018997,PO0006343,PRD00918,98,1087.91
POI00018998,PO0008891,PRD00521,26,3211.38
POI00018999,PO0003804,PRD00695,209,7153.53
POI00019000,PO0002073,PRD00157,284,3075.86
POI00019001,PO0009512,PRD00791,420,10139.71
POI00019002,PO0008637,PRD00594,414,6920.19
POI00019003,PO0008330,PRD00778,373,11600.41
POI00019004,PO0005316,PRD00057,451,4964.1
POI00019005,PO0008643,PRD00258,361,13278.68
POI00019006,PO0000189,PRD00743,15,2305.24
POI00019007,PO0002852,PRD00962,80,8264.3
POI00019008,PO0004736,PRD00863,104,7788.61
POI00019009,PO0009563,PRD00160,306,2180.09
POI00019010,PO0008881,PRD00876,283,12469.02
POI00019011,PO0001298,PRD00294,67,7979.54
POI00019012,PO0009087,PRD00054,329,13799.56
POI00019013,PO0007210,PRD00273,361,3864.46
POI00019014,PO0002190,PRD00414,249,3675.25
POI00019015,PO0000141,PRD00228,286,7076.3
POI00019016,PO0009346,PRD00243,322,9718.69
POI00019017,PO0004419,PRD00974,449,12813.95
POI00019018,PO0007323,PRD00879,373,5831.09
POI00019019,PO0005890,PRD00010,167,704.09
POI00019020,PO0006405,PRD00991,15,5985.46
POI00019021,PO0004449,PRD00197,187,14528.51
POI00019022,PO0005225,PRD00254,301,12034.79
POI00019023,PO0000431,PRD00322,29,11034.26
POI00019024,PO0009785,PRD00922,301,7190.21
POI00019025,PO0007817,PRD00134,418,10858.86
POI00019026,PO0005580,PRD00026,122,10030.04
POI00019027,PO0003293,PRD00418,329,848.93
POI00019028,PO0006203,PRD00142,16,3723.43
POI00019029,PO0001568,PRD00269,203,6484.24
POI00019030,PO0000335,PRD00473,16,4562.49
POI00019031,PO0006624,PRD00272,40,5905.57
POI00019032,PO0000740,PRD00687,268,6890.21
POI00019033,PO0009470,PRD00309,457,11535.3
POI00019034,PO0000772,PRD00741,223,13662.52
POI00019035,PO0000895,PRD00920,486,10536.21
POI00019036,PO0004375,PRD00233,438,9106.69
POI00019037,PO0006403,PRD00051,218,8110.25
POI00019038,PO0001313,PRD00251,52,3571.32
POI00019039,PO0009431,PRD00909,281,11074.93
POI00019040,PO0006231,PRD00384,487,6284.42
POI00019041,PO0004730,PRD00008,279,8448.73
POI00019042,PO0008438,PRD00050,73,14145.71
POI00019043,PO0008940,PRD00491,79,4733.4
POI00019044,PO0001706,PRD00175,473,834.63
POI00019045,PO0009490,PRD00573,416,5628.29
POI00019046,PO0007572,PRD00442,352,4068.49
POI00019047,PO0000396,PRD00356,271,5284.14
POI00019048,PO0005893,PRD00177,153,12210.75
POI00019049,PO0004388,PRD00662,47,1358.75
POI00019050,PO0008982,PRD00153,187,10192.25
POI00019051,PO0008596,PRD00047,451,1038.29
POI00019052,PO0001785,PRD00365,435,9821.16
POI00019053,PO0007804,PRD00518,317,8231.59
POI00019054,PO0004819,PRD00816,332,7753.49
POI00019055,PO0009964,PRD00396,416,5666.96
POI00019056,PO0006248,PRD00853,185,2077.51
POI00019057,PO0008990,PRD00088,230,759.09
POI00019058,PO0007196,PRD00201,52,9166.2
POI00019059,PO0004795,PRD00675,437,9849.43
POI00019060,PO0007228,PRD00668,161,3092.64
POI00019061,PO0004946,PRD00268,210,9508.77
POI00019062,PO0004136,PRD00535,65,12386.73
POI00019063,PO0005138,PRD00432,308,6955.57
POI00019064,PO0006122,PRD00449,307,4124.74
POI00019065,PO0005781,PRD00284,211,12033.13
POI00019066,PO0005228,PRD00692,360,4333.24
POI00019067,PO0003990,PRD00466,414,10894.67
POI00019068,PO0003602,PRD00861,227,12536.29
POI00019069,PO0005168,PRD00636,336,3410.7
POI00019070,PO0007789,PRD00278,75,4458.16
POI00019071,PO0006026,PRD00358,227,14322.76
POI00019072,PO0006070,PRD00847,305,9711.63
POI00019073,PO0005445,PRD00890,319,7834.85
POI00019074,PO0000365,PRD00464,319,471.83
POI00019075,PO0005924,PRD00735,432,8245.45
POI00019076,PO0002902,PRD00176,26,1103.66
POI00019077,PO0006578,PRD00337,484,11344.08
POI00019078,PO0009970,PRD00541,258,2451.94
POI00019079,PO0001353,PRD00053,344,10059.59
POI00019080,PO0005584,PRD00866,370,3511.46
POI00019081,PO0004999,PRD00134,127,10858.86
POI00019082,PO0004586,PRD00590,192,14268.77
POI00019083,PO0003319,PRD00861,266,12536.29
POI00019084,PO0004160,PRD00735,141,8245.45
POI00019085,PO0005725,PRD00130,281,731.22
POI00019086,PO0006078,PRD00157,133,3075.86
POI00019087,PO0001240,PRD00637,376,11031.21
POI00019088,PO0004364,PRD00529,293,7382.72
POI00019089,PO0006152,PRD00880,156,12411.59
POI00019090,PO0009032,PRD00672,138,1758.78
POI00019091,PO0006321,PRD00104,485,8958.06
POI00019092,PO0006835,PRD00972,128,3371.24
POI00019093,PO0003479,PRD00821,117,9726.69
POI00019094,PO0009373,PRD00424,253,7036.46
POI00019095,PO0004169,PRD00364,278,10243.38
POI00019096,PO0004682,PRD00285,321,8218.48
POI00019097,PO0006200,PRD00090,493,7083.4
POI00019098,PO0006201,PRD00495,360,13954.44
POI00019099,PO0007050,PRD00949,178,13353.32
POI00019100,PO0005987,PRD00735,214,8245.45
POI00019101,PO0000043,PRD00218,248,4399.57
POI00019102,PO0000042,PRD00925,194,3105.28
POI00019103,PO0007299,PRD00124,21,8304.87
POI00019104,PO0002114,PRD00870,414,9737.11
POI00019105,PO0009522,PRD00478,67,14298.83
POI00019106,PO0003143,PRD00552,92,13804.82
POI00019107,PO0008116,PRD00027,319,2942.25
POI00019108,PO0005806,PRD00765,159,1393.26
POI00019109,PO0003479,PRD00853,404,2077.51
POI00019110,PO0001396,PRD00667,352,12142.23
POI00019111,PO0002907,PRD00650,352,5122.22
POI00019112,PO0000808,PRD00448,372,3508.12
POI00019113,PO0001598,PRD00115,147,12984.47
POI00019114,PO0006468,PRD00779,416,14460.71
POI00019115,PO0003991,PRD00925,393,3105.28
POI00019116,PO0007300,PRD00732,274,5677.87
POI00019117,PO0009060,PRD00166,390,9766.65
POI00019118,PO0009022,PRD00504,196,12220.97
POI00019119,PO0001111,PRD00304,183,7053.7
POI00019120,PO0004071,PRD00700,18,8456.94
POI00019121,PO0000358,PRD00688,398,5575.81
POI00019122,PO0003156,PRD00162,484,287.67
POI00019123,PO0009786,PRD00178,82,4216.94
POI00019124,PO0005283,PRD00300,137,10666.34
POI00019125,PO0006104,PRD00661,433,8498.56
POI00019126,PO0004006,PRD00935,426,2872.31
POI00019127,PO0004286,PRD00366,71,11358.19
POI00019128,PO0004536,PRD00426,374,11443.5
POI00019129,PO0006835,PRD00965,114,8131.85
POI00019130,PO0006098,PRD00385,116,11446.95
POI00019131,PO0002022,PRD00147,64,10379.48
POI00019132,PO0004954,PRD00620,85,517.21
POI00019133,PO0002346,PRD00208,23,10135.61
POI00019134,PO0009713,PRD00812,59,3339.2
POI00019135,PO0003010,PRD00414,402,3675.25
POI00019136,PO0006702,PRD00202,391,2771.81
POI00019137,PO0006270,PRD00360,10,11230.29
POI00019138,PO0006098,PRD00863,111,7788.61
POI00019139,PO0000922,PRD00050,394,14145.71
POI00019140,PO0007962,PRD00566,94,1327.27
POI00019141,PO0001482,PRD00217,291,12942.68
POI00019142,PO0008848,PRD00850,276,12204.62
POI00019143,PO0009695,PRD00369,403,11836.37
POI00019144,PO0009284,PRD00806,478,164.23
POI00019145,PO0005592,PRD00388,144,2534.89
POI00019146,PO0009727,PRD00996,194,12098.44
POI00019147,PO0005739,PRD00745,218,7007.02
POI00019148,PO0001879,PRD00762,124,13051.68
POI00019149,PO0003041,PRD00629,281,377.33
POI00019150,PO0006323,PRD00454,473,7551.83
POI00019151,PO0002744,PRD00164,274,7114.43
POI00019152,PO0004587,PRD00147,89,10379.48
POI00019153,PO0007392,PRD00859,174,13775.1
POI00019154,PO0009172,PRD00292,378,14246.05
POI00019155,PO0004646,PRD00103,287,12413.34
POI00019156,PO0008198,PRD00928,25,5618.25
POI00019157,PO0003571,PRD00021,147,650.8
POI00019158,PO0008859,PRD00120,217,4716.39
POI00019159,PO0008418,PRD00293,276,14236.45
POI00019160,PO0004755,PRD00969,44,11985.63
POI00019161,PO0007960,PRD00338,328,755.93
POI00019162,PO0006887,PRD00062,431,3639.09
POI00019163,PO0008183,PRD00763,167,5016.95
POI00019164,PO0004833,PRD00013,12,14644.99
POI00019165,PO0002419,PRD00388,21,2534.89
POI00019166,PO0006871,PRD00117,240,9411.1
POI00019167,PO0005280,PRD00233,58,9106.69
POI00019168,PO0002699,PRD00231,47,9255.93
POI00019169,PO0003929,PRD00293,272,14236.45
POI00019170,PO0003627,PRD00679,399,5120.96
POI00019171,PO0007228,PRD00359,497,14333.28
POI00019172,PO0009430,PRD00756,256,13812.34
POI00019173,PO0001777,PRD00370,93,218.27
POI00019174,PO0008068,PRD00744,12,13579.31
POI00019175,PO0008468,PRD00551,45,6646.28
POI00019176,PO0008973,PRD00551,42,6646.28
POI00019177,PO0000075,PRD00533,54,10985.5
POI00019178,PO0000561,PRD00369,272,11836.37
POI00019179,PO0004574,PRD00660,318,745.68
POI00019180,PO0009945,PRD00738,73,7712.85
POI00019181,PO0003907,PRD00372,412,12777.81
POI00019182,PO0000041,PRD00894,94,2746.5
POI00019183,PO0007870,PRD00181,427,2679.75
POI00019184,PO0006810,PRD00626,181,10575.52
POI00019185,PO0006795,PRD00557,364,7804.82
POI00019186,PO0002398,PRD00998,53,8420.65
POI00019187,PO0007084,PRD00699,252,8800.55
POI00019188,PO0005788,PRD00432,248,6955.57
POI00019189,PO0004537,PRD00233,232,9106.69
POI00019190,PO0000634,PRD00274,171,11015.48
POI00019191,PO0008545,PRD00204,233,1118.21
POI00019192,PO0008127,PRD00826,39,9650.03
POI00019193,PO0005465,PRD00213,149,11481.28
POI00019194,PO0000516,PRD00861,154,12536.29
POI00019195,PO0001185,PRD00167,392,14939.24
POI00019196,PO0008571,PRD00546,339,218.56
POI00019197,PO0007494,PRD00858,331,718.7
POI00019198,PO0009307,PRD00674,418,13022.73
POI00019199,PO0002404,PRD00403,208,560.68
POI00019200,PO0009203,PRD00839,45,1545.18
POI00019201,PO0002774,PRD00054,451,13799.56
POI00019202,PO0003726,PRD00099,419,6175.08
POI00019203,PO0002629,PRD00640,285,14055.38
POI00019204,PO0005814,PRD00280,452,626.38
POI00019205,PO0006203,PRD00690,492,2729.55
POI00019206,PO0001783,PRD00189,146,1559.74
POI00019207,PO0009916,PRD00746,463,5454.4
POI00019208,PO0000464,PRD00726,122,2003.65
POI00019209,PO0002695,PRD00327,87,11465.77
POI00019210,PO0004521,PRD00347,121,2926.5
POI00019211,PO0009493,PRD00154,379,9453.46
POI00019212,PO0009921,PRD00111,314,14538.3
POI00019213,PO0001760,PRD00587,420,7001.79
POI00019214,PO0009291,PRD00953,358,4127.02
POI00019215,PO0000181,PRD00038,168,11694.03
POI00019216,PO0008424,PRD00271,397,14304.78
POI00019217,PO0006637,PRD00426,200,11443.5
POI00019218,PO0008975,PRD00057,291,4964.1
POI00019219,PO0001612,PRD00356,266,5284.14
POI00019220,PO0009253,PRD00240,337,1296.01
POI00019221,PO0004050,PRD00110,213,13747.81
POI00019222,PO0003134,PRD00690,396,2729.55
POI00019223,PO0000619,PRD00057,134,4964.1
POI00019224,PO0000382,PRD00969,347,11985.63
POI00019225,PO0005538,PRD00720,83,6824.63
POI00019226,PO0007735,PRD00575,487,4003.21
POI00019227,PO0005910,PRD00474,464,4767.61
POI00019228,PO0003472,PRD00714,134,7100.41
POI00019229,PO0002596,PRD00794,428,14754.3
POI00019230,PO0002761,PRD00006,294,12453.87
POI00019231,PO0007422,PRD00518,313,8231.59
POI00019232,PO0006764,PRD00360,269,11230.29
POI00019233,PO0007413,PRD00249,424,10840.05
POI00019234,PO0007989,PRD00554,129,5324.91
POI00019235,PO0007366,PRD00053,252,10059.59
POI00019236,PO0000647,PRD00237,402,10209.15
POI00019237,PO0000764,PRD00913,121,7633.07
POI00019238,PO0004530,PRD00068,438,11959.71
POI00019239,PO0002222,PRD00605,165,3961.69
POI00019240,PO0001497,PRD00536,149,5119.31
POI00019241,PO0003590,PRD00526,195,2102.99
POI00019242,PO0008286,PRD00127,420,12989.69
POI00019243,PO0007073,PRD00245,202,2944.72
POI00019244,PO0004132,PRD00017,67,12322.4
POI00019245,PO0000281,PRD00493,498,4838.13
POI00019246,PO0001600,PRD00327,138,11465.77
POI00019247,PO0001978,PRD00539,162,13947.14
POI00019248,PO0000261,PRD00909,235,11074.93
POI00019249,PO0004730,PRD00673,480,13879.93
POI00019250,PO0002511,PRD00445,292,6126.75
POI00019251,PO0000912,PRD00351,434,4761.19
POI00019252,PO0003833,PRD00972,10,3371.24
POI00019253,PO0002356,PRD00699,387,8800.55
POI00019254,PO0009524,PRD00147,264,10379.48
POI00019255,PO0009148,PRD00404,107,3670.74
POI00019256,PO0009315,PRD00209,498,9137.57
POI00019257,PO0001268,PRD00606,257,8374.83
POI00019258,PO0009177,PRD00251,477,3571.32
POI00019259,PO0008955,PRD00517,105,8167.29
POI00019260,PO0009971,PRD00891,444,6179.97
POI00019261,PO0009028,PRD00893,266,14877.64
POI00019262,PO0001407,PRD00887,333,6428.3
POI00019263,PO0000720,PRD00564,251,9458.27
POI00019264,PO0002391,PRD00197,496,14528.51
POI00019265,PO0009295,PRD00040,328,12037.14
POI00019266,PO0003925,PRD00177,309,12210.75
POI00019267,PO0002243,PRD00114,438,6866.0
POI00019268,PO0001510,PRD00425,155,7731.22
POI00019269,PO0005519,PRD00077,174,3244.83
POI00019270,PO0005424,PRD00438,227,314.72
POI00019271,PO0008269,PRD00842,89,10426.4
POI00019272,PO0001914,PRD00222,112,1219.58
POI00019273,PO0001684,PRD00736,322,4572.66
POI00019274,PO0001783,PRD00093,408,12182.24
POI00019275,PO0002525,PRD00867,309,2868.63
POI00019276,PO0008324,PRD00677,128,658.64
POI00019277,PO0005413,PRD00902,457,10889.46
POI00019278,PO0001778,PRD00601,400,14472.35
POI00019279,PO0005133,PRD00048,109,1009.0
POI00019280,PO0009197,PRD00124,375,8304.87
POI00019281,PO0006609,PRD00115,209,12984.47
POI00019282,PO0006529,PRD00594,431,6920.19
POI00019283,PO0009418,PRD00979,265,3320.45
POI00019284,PO0004582,PRD00640,256,14055.38
POI00019285,PO0006502,PRD00899,391,2478.21
POI00019286,PO0002974,PRD00183,165,6823.92
POI00019287,PO0001228,PRD00155,36,11846.07
POI00019288,PO0001765,PRD00163,175,8801.64
POI00019289,PO0001729,PRD00620,488,517.21
POI00019290,PO0002619,PRD00178,318,4216.94
POI00019291,PO0009721,PRD00497,487,9476.02
POI00019292,PO0006471,PRD00123,136,6279.12
POI00019293,PO0001158,PRD00495,25,13954.44
POI00019294,PO0007698,PRD00677,187,658.64
POI00019295,PO0004143,PRD00543,302,5993.42
POI00019296,PO0002089,PRD00304,164,7053.7
POI00019297,PO0008249,PRD00527,274,13016.35
POI00019298,PO0007377,PRD00786,424,12658.67
POI00019299,PO0006351,PRD00106,107,6611.36
POI00019300,PO0000677,PRD00749,31,13186.86
POI00019301,PO0000366,PRD00583,487,2755.82
POI00019302,PO0008051,PRD00487,437,1551.21
POI00019303,PO0006831,PRD00600,348,6787.54
POI00019304,PO0006134,PRD00465,25,12966.68
POI00019305,PO0000970,PRD00805,192,6473.34
POI00019306,PO0008092,PRD00675,14,9849.43
POI00019307,PO0000031,PRD00202,249,2771.81
POI00019308,PO0009259,PRD00458,123,10221.05
POI00019309,PO0003620,PRD00361,207,2128.11
POI00019310,PO0001594,PRD00180,306,5424.97
POI00019311,PO0006042,PRD00603,113,3288.11
POI00019312,PO0004727,PRD00547,258,10434.94
POI00019313,PO0003172,PRD00599,78,11716.66
POI00019314,PO0001670,PRD00174,405,1447.77
POI00019315,PO0001196,PRD00434,496,7897.25
POI00019316,PO0002078,PRD00665,349,13549.44
POI00019317,PO0008294,PRD00962,127,8264.3
POI00019318,PO0005581,PRD00422,116,13723.46
POI00019319,PO0002644,PRD00418,440,848.93
POI00019320,PO0006090,PRD00013,469,14644.99
POI00019321,PO0009130,PRD00272,221,5905.57
POI00019322,PO0007798,PRD00825,24,6540.73
POI00019323,PO0006748,PRD00164,323,7114.43
POI00019324,PO0007132,PRD00416,158,5875.21
POI00019325,PO0004139,PRD00332,61,13246.24
POI00019326,PO0008380,PRD00619,168,5874.65
POI00019327,PO0004581,PRD00995,389,1957.35
POI00019328,PO0004719,PRD00895,396,8698.56
POI00019329,PO0004170,PRD00230,481,928.8
POI00019330,PO0007021,PRD00493,81,4838.13
POI00019331,PO0004018,PRD00841,487,13509.77
POI00019332,PO0002136,PRD00047,476,1038.29
POI00019333,PO0001568,PRD00681,347,14615.35
POI00019334,PO0004024,PRD00150,331,4175.25
POI00019335,PO0005546,PRD00605,434,3961.69
POI00019336,PO0005430,PRD00827,385,10537.16
POI00019337,PO0009405,PRD00558,477,9720.85
POI00019338,PO0007246,PRD00706,203,11072.04
POI00019339,PO0006008,PRD00331,194,4343.37
POI00019340,PO0004968,PRD00041,389,14254.59
POI00019341,PO0003001,PRD00810,138,6285.69
POI00019342,PO0006099,PRD00375,172,2698.38
POI00019343,PO0003311,PRD00142,446,3723.43
POI00019344,PO0009450,PRD00149,95,8656.19
POI00019345,PO0003650,PRD00538,211,1565.66
POI00019346,PO0007094,PRD00184,331,6913.99
POI00019347,PO0002767,PRD00896,223,12836.58
POI00019348,PO0003642,PRD00170,325,12518.7
POI00019349,PO0002286,PRD00516,453,8281.91
POI00019350,PO0004453,PRD00734,500,799.67
POI00019351,PO0001992,PRD00576,396,6871.55
POI00019352,PO0000920,PRD00841,336,13509.77
POI00019353,PO0003747,PRD00528,494,10694.01
POI00019354,PO0005606,PRD00716,124,7985.19
POI00019355,PO0000097,PRD00302,180,7670.64
POI00019356,PO0006320,PRD00690,316,2729.55
POI00019357,PO0003050,PRD00259,496,7569.95
POI00019358,PO0003143,PRD00869,163,7264.23
POI00019359,PO0002111,PRD00673,409,13879.93
POI00019360,PO0004407,PRD00554,335,5324.91
POI00019361,PO0007422,PRD00039,461,829.26
POI00019362,PO0006637,PRD00782,191,9890.23
POI00019363,PO0009580,PRD00986,466,7134.56
POI00019364,PO0003015,PRD00757,93,1024.97
POI00019365,PO0006485,PRD00561,246,5531.95
POI00019366,PO0005059,PRD00859,499,13775.1
POI00019367,PO0002380,PRD00585,138,4963.33
POI00019368,PO0007228,PRD00802,125,11346.21
POI00019369,PO0002443,PRD00397,304,1277.33
POI00019370,PO0001149,PRD00647,371,2506.84
POI00019371,PO0006130,PRD00546,385,218.56
POI00019372,PO0006105,PRD00191,455,6029.05
POI00019373,PO0007857,PRD00795,64,10383.68
POI00019374,PO0003643,PRD00852,399,9836.31
POI00019375,PO0005236,PRD00207,243,13259.47
POI00019376,PO0000185,PRD00901,162,1036.08
POI00019377,PO0008930,PRD00846,198,5432.42
POI00019378,PO0002015,PRD00352,177,10163.96
POI00019379,PO0002400,PRD00208,178,10135.61
POI00019380,PO0000121,PRD00799,193,14353.99
POI00019381,PO0006836,PRD00847,192,9711.63
POI00019382,PO0008976,PRD00827,248,10537.16
POI00019383,PO0003233,PRD00567,463,8082.94
POI00019384,PO0001309,PRD00975,248,9296.52
POI00019385,PO0005154,PRD00285,468,8218.48
POI00019386,PO0006136,PRD00807,89,13935.13
POI00019387,PO0007964,PRD00024,469,5514.18
POI00019388,PO0002332,PRD00008,430,8448.73
POI00019389,PO0004941,PRD00117,381,9411.1
POI00019390,PO0007487,PRD00998,121,8420.65
POI00019391,PO0002753,PRD00874,326,13187.35
POI00019392,PO0002802,PRD00745,313,7007.02
POI00019393,PO0000257,PRD00010,283,704.09
POI00019394,PO0005240,PRD00814,169,14386.74
POI00019395,PO0005220,PRD00829,430,5770.69
POI00019396,PO0008119,PRD00606,319,8374.83
POI00019397,PO0008090,PRD00848,198,13378.15
POI00019398,PO0008599,PRD00319,287,3733.58
POI00019399,PO0009938,PRD00705,207,14962.24
POI00019400,PO0007730,PRD00609,10,8768.27
POI00019401,PO0006397,PRD00139,442,11221.75
POI00019402,PO0007953,PRD00366,339,11358.19
POI00019403,PO0006178,PRD00634,251,11006.69
POI00019404,PO0005218,PRD00047,49,1038.29
POI00019405,PO0003380,PRD00501,281,4943.69
POI00019406,PO0001980,PRD00946,375,5214.57
POI00019407,PO0007249,PRD00229,368,5330.98
POI00019408,PO0005953,PRD00980,313,10478.27
POI00019409,PO0001599,PRD00664,89,8624.9
POI00019410,PO0007720,PRD00881,158,13176.07
POI00019411,PO0002420,PRD00551,160,6646.28
POI00019412,PO0006390,PRD00048,475,1009.0
POI00019413,PO0000609,PRD00569,456,1366.29
POI00019414,PO0009665,PRD00197,451,14528.51
POI00019415,PO0002858,PRD00833,368,703.26
POI00019416,PO0002820,PRD00261,354,11887.4
POI00019417,PO0006592,PRD00633,487,8823.37
POI00019418,PO0009296,PRD00202,37,2771.81
POI00019419,PO0002438,PRD00829,433,5770.69
POI00019420,PO0006403,PRD00099,77,6175.08
POI00019421,PO0001648,PRD00181,235,2679.75
POI00019422,PO0009941,PRD00833,458,703.26
POI00019423,PO0002702,PRD00243,202,9718.69
POI00019424,PO0008557,PRD00421,288,3240.17
POI00019425,PO0006229,PRD00542,334,3815.81
POI00019426,PO0002624,PRD00286,153,4652.92
POI00019427,PO0007666,PRD00067,463,10482.12
POI00019428,PO0000663,PRD00067,406,10482.12
POI00019429,PO0002591,PRD00410,353,4563.47
POI00019430,PO0007630,PRD00226,30,7002.18
POI00019431,PO0005675,PRD00276,489,12469.32
POI00019432,PO0004515,PRD00692,439,4333.24
POI00019433,PO0003517,PRD00092,189,1185.31
POI00019434,PO0007538,PRD00682,386,9106.29
POI00019435,PO0005220,PRD00328,100,13195.81
POI00019436,PO0000416,PRD00480,215,10120.83
POI00019437,PO0004251,PRD00512,339,6184.28
POI00019438,PO0002492,PRD00450,474,2755.97
POI00019439,PO0008943,PRD00150,273,4175.25
POI00019440,PO0008341,PRD00285,431,8218.48
POI00019441,PO0000414,PRD00506,312,2811.02
POI00019442,PO0003715,PRD00775,455,1675.87
POI00019443,PO0009366,PRD00017,211,12322.4
POI00019444,PO0004818,PRD00403,471,560.68
POI00019445,PO0008998,PRD00556,312,11702.23
POI00019446,PO0003495,PRD00524,142,4908.91
POI00019447,PO0002668,PRD00698,157,3335.68
POI00019448,PO0005898,PRD00822,351,434.39
POI00019449,PO0008245,PRD00039,26,829.26
POI00019450,PO0005487,PRD00548,319,10982.99
POI00019451,PO0001353,PRD00508,160,9561.68
POI00019452,PO0005221,PRD00506,124,2811.02
POI00019453,PO0004167,PRD00373,292,5013.81
POI00019454,PO0007790,PRD00753,461,1627.4
POI00019455,PO0007319,PRD00642,437,6743.72
POI00019456,PO0002196,PRD00130,319,731.22
POI00019457,PO0007419,PRD00005,288,13587.62
POI00019458,PO0001779,PRD00299,163,14959.16
POI00019459,PO0007395,PRD00316,156,14232.32
POI00019460,PO0008698,PRD00966,337,6230.08
POI00019461,PO0003013,PRD00803,79,4469.13
POI00019462,PO0001051,PRD00004,17,10337.46
POI00019463,PO0004105,PRD00091,346,14120.67
POI00019464,PO0009035,PRD00510,283,9321.6
POI00019465,PO0005124,PRD00321,474,7009.48
POI00019466,PO0003302,PRD00344,500,8985.89
POI00019467,PO0001202,PRD00329,344,14502.96
POI00019468,PO0000955,PRD00250,124,14546.26
POI00019469,PO0003820,PRD00844,487,10706.01
POI00019470,PO0001758,PRD00066,279,1213.87
POI00019471,PO0009965,PRD00204,349,1118.21
POI00019472,PO0008386,PRD00699,371,8800.55
POI00019473,PO0006803,PRD00220,321,3710.28
POI00019474,PO0004377,PRD00424,450,7036.46
POI00019475,PO0003837,PRD00565,462,1309.82
POI00019476,PO0008024,PRD00430,497,7529.58
POI00019477,PO0003944,PRD00168,382,5878.6
POI00019478,PO0006130,PRD00223,236,13596.37
POI00019479,PO0009521,PRD00030,242,7017.62
POI00019480,PO0008457,PRD00558,231,9720.85
POI00019481,PO0008099,PRD00674,183,13022.73
POI00019482,PO0004013,PRD00564,125,9458.27
POI00019483,PO0002715,PRD00730,411,3426.87
POI00019484,PO0001330,PRD00493,203,4838.13
POI00019485,PO0009153,PRD00038,59,11694.03
POI00019486,PO0009896,PRD00556,14,11702.23
POI00019487,PO0002044,PRD00985,197,3051.76
POI00019488,PO0001950,PRD00029,432,4613.81
POI00019489,PO0006430,PRD00615,231,9737.39
POI00019490,PO0001959,PRD00775,340,1675.87
POI00019491,PO0004019,PRD00575,220,4003.21
POI00019492,PO0006294,PRD00103,131,12413.34
POI00019493,PO0000309,PRD00710,315,7104.05
POI00019494,PO0005322,PRD00550,60,1100.7
POI00019495,PO0001592,PRD00854,20,7572.34
POI00019496,PO0003858,PRD00306,92,7923.38
POI00019497,PO0003532,PRD00485,90,9733.24
POI00019498,PO0009892,PRD00158,128,12470.65
POI00019499,PO0003588,PRD00505,64,10107.88
POI00019500,PO0002647,PRD00573,451,5628.29
POI00019501,PO0000512,PRD00523,422,12097.17
POI00019502,PO0006401,PRD00184,124,6913.99
POI00019503,PO0001278,PRD00166,443,9766.65
POI00019504,PO0001199,PRD00588,99,11008.35
POI00019505,PO0008721,PRD00982,25,2789.53
POI00019506,PO0001491,PRD00587,257,7001.79
POI00019507,PO0005158,PRD00732,323,5677.87
POI00019508,PO0002541,PRD00638,481,14235.92
POI00019509,PO0006969,PRD00650,154,5122.22
POI00019510,PO0005964,PRD00339,53,7828.44
POI00019511,PO0006554,PRD00441,242,3675.25
POI00019512,PO0009130,PRD00510,229,9321.6
POI00019513,PO0007192,PRD00221,244,13068.22
POI00019514,PO0004780,PRD00248,369,2381.45
POI00019515,PO0000510,PRD00872,424,13370.7
POI00019516,PO0008519,PRD00373,24,5013.81
POI00019517,PO0007108,PRD00384,136,6284.42
POI00019518,PO0007492,PRD00142,462,3723.43
POI00019519,PO0001439,PRD00550,471,1100.7
POI00019520,PO0006733,PRD00225,31,11422.41
POI00019521,PO0006763,PRD00454,254,7551.83
POI00019522,PO0003938,PRD00984,489,5821.18
POI00019523,PO0006648,PRD00807,267,13935.13
POI00019524,PO0000770,PRD00244,352,4688.28
POI00019525,PO0007454,PRD00019,102,5319.1
POI00019526,PO0000421,PRD00813,96,1791.65
POI00019527,PO0000801,PRD00552,83,13804.82
POI00019528,PO0007976,PRD00606,468,8374.83
POI00019529,PO0004878,PRD00606,114,8374.83
POI00019530,PO0008451,PRD00132,38,14475.18
POI00019531,PO0006447,PRD00612,469,12339.55
POI00019532,PO0000795,PRD00028,174,9263.48
POI00019533,PO0007941,PRD00192,345,10003.41
POI00019534,PO0002343,PRD00068,288,11959.71
POI00019535,PO0008511,PRD00102,180,6423.07
POI00019536,PO0000210,PRD00861,422,12536.29
POI00019537,PO0000242,PRD00739,106,7506.27
POI00019538,PO0000677,PRD00998,475,8420.65
POI00019539,PO0001443,PRD00848,19,13378.15
POI00019540,PO0007553,PRD00836,163,2825.17
POI00019541,PO0007736,PRD00938,330,14690.74
POI00019542,PO0001087,PRD00415,47,13727.94
POI00019543,PO0009159,PRD00994,301,971.84
POI00019544,PO0004536,PRD00279,162,14005.9
POI00019545,PO0002718,PRD00311,46,5242.66
POI00019546,PO0000303,PRD00634,464,11006.69
POI00019547,PO0009341,PRD00658,408,7106.49
POI00019548,PO0001580,PRD00714,479,7100.41
POI00019549,PO0005732,PRD00434,203,7897.25
POI00019550,PO0002144,PRD00624,133,5373.69
POI00019551,PO0001048,PRD00494,156,12749.77
POI00019552,PO0004050,PRD00559,400,1762.14
POI00019553,PO0008801,PRD00519,465,4521.82
POI00019554,PO0003639,PRD00710,483,7104.05
POI00019555,PO0004300,PRD00340,130,13976.02
POI00019556,PO0009125,PRD00247,276,9955.98
POI00019557,PO0009032,PRD00882,144,7275.03
POI00019558,PO0008177,PRD00228,323,7076.3
POI00019559,PO0008115,PRD00283,65,14607.96
POI00019560,PO0003559,PRD00675,126,9849.43
POI00019561,PO0007121,PRD00742,89,120.85
POI00019562,PO0000614,PRD00895,160,8698.56
POI00019563,PO0007415,PRD00926,389,11701.76
POI00019564,PO0003893,PRD00997,64,5423.86
POI00019565,PO0002519,PRD00347,194,2926.5
POI00019566,PO0001355,PRD00051,210,8110.25
POI00019567,PO0008717,PRD00254,472,12034.79
POI00019568,PO0008196,PRD00049,62,12862.44
POI00019569,PO0000650,PRD00003,113,4143.44
POI00019570,PO0000954,PRD00649,321,13327.93
POI00019571,PO0002782,PRD00889,213,161.6
POI00019572,PO0003039,PRD00951,353,12745.6
POI00019573,PO0005943,PRD00125,325,12971.28
POI00019574,PO0005452,PRD00115,305,12984.47
POI00019575,PO0006377,PRD00552,498,13804.82
POI00019576,PO0000911,PRD00730,46,3426.87
POI00019577,PO0008055,PRD00809,146,7918.89
POI00019578,PO0002026,PRD00382,34,10379.13
POI00019579,PO0001609,PRD00346,306,2284.81
POI00019580,PO0000735,PRD00553,272,1373.39
POI00019581,PO0005068,PRD00342,460,10654.4
POI00019582,PO0005971,PRD00210,366,5229.98
POI00019583,PO0007905,PRD00231,475,9255.93
POI00019584,PO0004847,PRD00926,16,11701.76
POI00019585,PO0003019,PRD00263,71,9261.0
POI00019586,PO0001780,PRD00831,202,14405.2
POI00019587,PO0000878,PRD00722,263,9531.63
POI00019588,PO0009766,PRD00909,310,11074.93
POI00019589,PO0005917,PRD00372,250,12777.81
POI00019590,PO0004737,PRD00518,346,8231.59
POI00019591,PO0001613,PRD00023,252,3880.46
POI00019592,PO0001005,PRD00415,358,13727.94
POI00019593,PO0009089,PRD00826,167,9650.03
POI00019594,PO0009807,PRD00451,285,11303.64
POI00019595,PO0002937,PRD00528,341,10694.01
POI00019596,PO0004896,PRD00223,253,13596.37
POI00019597,PO0002314,PRD00701,299,7267.54
POI00019598,PO0009021,PRD00881,305,13176.07
POI00019599,PO0007099,PRD00555,227,9697.74
POI00019600,PO0005598,PRD00217,423,12942.68
POI00019601,PO0008626,PRD00840,409,1992.97
POI00019602,PO0001834,PRD00542,175,3815.81
POI00019603,PO0005275,PRD00976,315,4864.0
POI00019604,PO0007329,PRD00558,68,9720.85
POI00019605,PO0003948,PRD00758,211,14670.2
POI00019606,PO0002406,PRD00573,396,5628.29
POI00019607,PO0009555,PRD00960,91,2038.65
POI00019608,PO0009822,PRD00700,204,8456.94
POI00019609,PO0010000,PRD00875,477,6782.11
POI00019610,PO0008148,PRD00441,421,3675.25
POI00019611,PO0008670,PRD00884,257,5606.03
POI00019612,PO0006579,PRD00630,389,12112.17
POI00019613,PO0006794,PRD00572,382,14299.0
POI00019614,PO0004700,PRD00594,365,6920.19
POI00019615,PO0000707,PRD00752,273,1766.8
POI00019616,PO0007135,PRD00597,463,12775.63
POI00019617,PO0004649,PRD00321,484,7009.48
POI00019618,PO0007246,PRD00605,162,3961.69
POI00019619,PO0001305,PRD00685,128,2103.9
POI00019620,PO0006519,PRD00253,322,11689.61
POI00019621,PO0002276,PRD00284,28,12033.13
POI00019622,PO0000583,PRD00297,67,3281.39
POI00019623,PO0003895,PRD00755,400,12949.63
POI00019624,PO0001755,PRD00022,397,6591.0
POI00019625,PO0009075,PRD00469,176,4552.3
POI00019626,PO0008046,PRD00116,405,6245.65
POI00019627,PO0001449,PRD00272,56,5905.57
POI00019628,PO0000917,PRD00329,76,14502.96
POI00019629,PO0001165,PRD00238,29,1063.4
POI00019630,PO0006080,PRD00988,176,3859.43
POI00019631,PO0007744,PRD00240,167,1296.01
POI00019632,PO0007372,PRD00764,159,6096.89
POI00019633,PO0007731,PRD00071,460,9562.93
POI00019634,PO0007910,PRD00403,101,560.68
POI00019635,PO0000372,PRD00120,166,4716.39
POI00019636,PO0003328,PRD00226,174,7002.18
POI00019637,PO0003429,PRD00011,340,10256.43
POI00019638,PO0004530,PRD00314,227,8909.78
POI00019639,PO0009197,PRD00562,227,329.01
POI00019640,PO0001976,PRD00876,282,12469.02
POI00019641,PO0001041,PRD00919,75,12018.41
POI00019642,PO0006487,PRD00397,258,1277.33
POI00019643,PO0000652,PRD00898,214,11808.33
POI00019644,PO0009102,PRD00191,320,6029.05
POI00019645,PO0007066,PRD00592,30,14420.88
POI00019646,PO0006177,PRD00384,315,6284.42
POI00019647,PO0008028,PRD00007,310,9585.73
POI00019648,PO0006271,PRD00933,186,4789.52
POI00019649,PO0002308,PRD00081,13,3386.22
POI00019650,PO0001058,PRD00348,74,10382.26
POI00019651,PO0001849,PRD00997,25,5423.86
POI00019652,PO0003187,PRD00819,494,9433.84
POI00019653,PO0003236,PRD00383,304,3349.4
POI00019654,PO0002500,PRD00374,422,290.14
POI00019655,PO0001943,PRD00308,396,1994.75
POI00019656,PO0007831,PRD00803,368,4469.13
POI00019657,PO0007451,PRD00126,418,12322.6
POI00019658,PO0007295,PRD00329,118,14502.96
POI00019659,PO0004758,PRD00571,112,268.96
POI00019660,PO0003294,PRD00060,212,9780.15
POI00019661,PO0001516,PRD00912,183,13951.33
POI00019662,PO0001392,PRD00665,158,13549.44
POI00019663,PO0003164,PRD00584,312,13164.71
POI00019664,PO0009521,PRD00257,215,12479.22
POI00019665,PO0006420,PRD00867,170,2868.63
POI00019666,PO0002076,PRD00755,140,12949.63
POI00019667,PO0002281,PRD00881,381,13176.07
POI00019668,PO0009081,PRD00946,402,5214.57
POI00019669,PO0002654,PRD00826,444,9650.03
POI00019670,PO0004598,PRD00148,448,12811.77
POI00019671,PO0008839,PRD00069,155,9949.9
POI00019672,PO0002117,PRD00581,339,3429.77
POI00019673,PO0004110,PRD00813,214,1791.65
POI00019674,PO0006763,PRD00075,138,3718.44
POI00019675,PO0001572,PRD00607,137,12074.14
POI00019676,PO0005097,PRD00297,221,3281.39
POI00019677,PO0002773,PRD00014,325,11069.54
POI00019678,PO0000659,PRD00773,109,8251.54
POI00019679,PO0000366,PRD00580,419,13972.91
POI00019680,PO0003803,PRD00063,235,7018.31
POI00019681,PO0001370,PRD00137,322,14315.76
POI00019682,PO0003649,PRD00335,465,12393.64
POI00019683,PO0003823,PRD00650,259,5122.22
POI00019684,PO0003045,PRD00783,437,6326.48
POI00019685,PO0008517,PRD00642,103,6743.72
POI00019686,PO0000706,PRD00705,141,14962.24
POI00019687,PO0000805,PRD00468,114,7437.41
POI00019688,PO0002363,PRD00764,95,6096.89
POI00019689,PO0003958,PRD00402,123,2394.41
POI00019690,PO0005007,PRD00478,180,14298.83
POI00019691,PO0006540,PRD00817,166,13482.36
POI00019692,PO0007348,PRD00495,128,13954.44
POI00019693,PO0005125,PRD00123,55,6279.12
POI00019694,PO0000299,PRD00136,478,9775.56
POI00019695,PO0004990,PRD00336,201,14628.24
POI00019696,PO0008768,PRD00130,409,731.22
POI00019697,PO0001144,PRD00980,16,10478.27
POI00019698,PO0007529,PRD00199,283,1794.09
POI00019699,PO0002915,PRD00785,370,2141.65
POI00019700,PO0007885,PRD00939,396,12076.99
POI00019701,PO0009030,PRD00755,421,12949.63
POI00019702,PO0004937,PRD00694,479,9801.68
POI00019703,PO0007051,PRD00311,74,5242.66
POI00019704,PO0009196,PRD00062,189,3639.09
POI00019705,PO0000491,PRD00897,262,11763.99
POI00019706,PO0003304,PRD00449,494,4124.74
POI00019707,PO0007369,PRD00538,330,1565.66
POI00019708,PO0005676,PRD00959,377,4695.81
POI00019709,PO0004969,PRD00771,166,10772.54
POI00019710,PO0008136,PRD00199,132,1794.09
POI00019711,PO0009929,PRD00179,329,11993.83
POI00019712,PO0002824,PRD00116,95,6245.65
POI00019713,PO0001755,PRD00456,360,14536.29
POI00019714,PO0004972,PRD00923,430,14211.0
POI00019715,PO0008132,PRD00353,239,9182.34
POI00019716,PO0001177,PRD00439,349,7978.91
POI00019717,PO0008935,PRD00962,247,8264.3
POI00019718,PO0002699,PRD00655,56,136.93
POI00019719,PO0006067,PRD00124,117,8304.87
POI00019720,PO0007946,PRD00931,465,7216.54
POI00019721,PO0009113,PRD00836,93,2825.17
POI00019722,PO0009262,PRD00377,16,14726.74
POI00019723,PO0005537,PRD00873,408,7788.28
POI00019724,PO0008476,PRD00085,439,2937.79
POI00019725,PO0006389,PRD00333,323,755.02
POI00019726,PO0005828,PRD00122,111,7515.76
POI00019727,PO0001247,PRD00965,264,8131.85
POI00019728,PO0007373,PRD00084,279,1880.19
POI00019729,PO0005813,PRD00240,181,1296.01
POI00019730,PO0000615,PRD00592,144,14420.88
POI00019731,PO0008442,PRD00337,148,11344.08
POI00019732,PO0004111,PRD00268,314,9508.77
POI00019733,PO0009625,PRD00551,253,6646.28
POI00019734,PO0005567,PRD00116,21,6245.65
POI00019735,PO0008417,PRD00613,453,2658.28
POI00019736,PO0001478,PRD00389,309,10776.42
POI00019737,PO0007395,PRD00177,244,12210.75
POI00019738,PO0006993,PRD00560,262,14804.29
POI00019739,PO0006822,PRD00082,75,7141.05
POI00019740,PO0007821,PRD00883,439,13462.78
POI00019741,PO0000016,PRD00950,463,13034.4
POI00019742,PO0004058,PRD00093,440,12182.24
POI00019743,PO0003603,PRD00083,409,5329.01
POI00019744,PO0001277,PRD00515,217,11728.64
POI00019745,PO0000163,PRD00806,90,164.23
POI00019746,PO0007764,PRD00844,341,10706.01
POI00019747,PO0000906,PRD00690,250,2729.55
POI00019748,PO0008060,PRD00161,124,14511.66
POI00019749,PO0009977,PRD00357,449,1898.36
POI00019750,PO0007902,PRD00846,281,5432.42
POI00019751,PO0003460,PRD00816,357,7753.49
POI00019752,PO0005625,PRD00992,44,10351.03
POI00019753,PO0009225,PRD00674,55,13022.73
POI00019754,PO0007701,PRD00192,438,10003.41
POI00019755,PO0009596,PRD00966,224,6230.08
POI00019756,PO0005758,PRD00548,34,10982.99
POI00019757,PO0007134,PRD00859,408,13775.1
POI00019758,PO0007502,PRD00928,483,5618.25
POI00019759,PO0000462,PRD00878,15,13841.49
POI00019760,PO0004598,PRD00829,391,5770.69
POI00019761,PO0001438,PRD00048,15,1009.0
POI00019762,PO0000134,PRD00680,352,12884.86
POI00019763,PO0008746,PRD00189,162,1559.74
POI00019764,PO0006473,PRD00229,162,5330.98
POI00019765,PO0002565,PRD00973,96,4327.38
POI00019766,PO0009305,PRD00095,359,11653.35
POI00019767,PO0003718,PRD00090,50,7083.4
POI00019768,PO0009389,PRD00954,452,6256.72
POI00019769,PO0004615,PRD00058,242,4231.59
POI00019770,PO0007115,PRD00188,131,5763.09
POI00019771,PO0006818,PRD00396,105,5666.96
POI00019772,PO0000737,PRD00973,41,4327.38
POI00019773,PO0006431,PRD00826,327,9650.03
POI00019774,PO0005616,PRD00183,106,6823.92
POI00019775,PO0009207,PRD00821,206,9726.69
POI00019776,PO0009263,PRD00427,71,6255.84
POI00019777,PO0004099,PRD00725,385,9430.17
POI00019778,PO0005591,PRD00650,176,5122.22
POI00019779,PO0002173,PRD00407,429,2170.82
POI00019780,PO0005494,PRD00430,207,7529.58
POI00019781,PO0003209,PRD00922,75,7190.21
POI00019782,PO0008496,PRD00754,478,2784.41
POI00019783,PO0006738,PRD00914,492,14209.47
POI00019784,PO0002559,PRD00001,134,9837.33
POI00019785,PO0006899,PRD00400,488,14679.08
POI00019786,PO0009341,PRD00156,109,1424.79
POI00019787,PO0000512,PRD00934,468,8748.64
POI00019788,PO0003874,PRD00423,238,13733.69
POI00019789,PO0005478,PRD00589,233,13991.37
POI00019790,PO0002512,PRD00794,150,14754.3
POI00019791,PO0007207,PRD00094,41,8406.45
POI00019792,PO0009138,PRD00215,151,7543.91
POI00019793,PO0009555,PRD00331,255,4343.37
POI00019794,PO0008133,PRD00563,222,13844.88
POI00019795,PO0003527,PRD00609,304,8768.27
POI00019796,PO0003928,PRD00673,155,13879.93
POI00019797,PO0006451,PRD00020,333,14093.42
POI00019798,PO0005880,PRD00082,315,7141.05
POI00019799,PO0008542,PRD00226,268,7002.18
POI00019800,PO0006385,PRD00979,311,3320.45
POI00019801,PO0007587,PRD00851,120,13602.05
POI00019802,PO0006087,PRD00824,280,13671.92
POI00019803,PO0005846,PRD00999,313,8190.82
POI00019804,PO0003986,PRD00867,317,2868.63
POI00019805,PO0004734,PRD00002,153,14088.84
POI00019806,PO0007217,PRD00594,83,6920.19
POI00019807,PO0009511,PRD00287,350,5325.08
POI00019808,PO0009567,PRD00578,326,3487.79
POI00019809,PO0009855,PRD00152,377,9137.41
POI00019810,PO0004901,PRD00723,322,642.86
POI00019811,PO0007876,PRD00007,493,9585.73
POI00019812,PO0002709,PRD00646,465,11847.85
POI00019813,PO0002299,PRD00411,134,9419.82
POI00019814,PO0006676,PRD00914,202,14209.47
POI00019815,PO0009604,PRD00727,257,1054.08
POI00019816,PO0003598,PRD00945,475,3955.76
POI00019817,PO0009934,PRD00650,425,5122.22
POI00019818,PO0004185,PRD00817,387,13482.36
POI00019819,PO0008241,PRD00696,68,3418.65
POI00019820,PO0002140,PRD00456,86,14536.29
POI00019821,PO0009429,PRD00564,429,9458.27
POI00019822,PO0009329,PRD00113,360,4380.21
POI00019823,PO0003649,PRD00815,347,5837.27
POI00019824,PO0000637,PRD00363,364,863.17
POI00019825,PO0006598,PRD00747,54,1497.38
POI00019826,PO0001877,PRD00616,392,1388.81
POI00019827,PO0004870,PRD00121,454,14884.48
POI00019828,PO0009325,PRD00853,426,2077.51
POI00019829,PO0001224,PRD00913,458,7633.07
POI00019830,PO0002099,PRD00767,45,8392.39
POI00019831,PO0002201,PRD00269,285,6484.24
POI00019832,PO0003556,PRD00491,107,4733.4
POI00019833,PO0005254,PRD00025,454,9977.74
POI00019834,PO0007952,PRD00139,152,11221.75
POI00019835,PO0006856,PRD00095,419,11653.35
POI00019836,PO0007187,PRD00723,325,642.86
POI00019837,PO0005745,PRD00058,136,4231.59
POI00019838,PO0008527,PRD00082,408,7141.05
POI00019839,PO0009766,PRD00451,489,11303.64
POI00019840,PO0000480,PRD00649,300,13327.93
POI00019841,PO0009168,PRD00478,141,14298.83
POI00019842,PO0005572,PRD00035,195,9200.21
POI00019843,PO0003494,PRD00523,455,12097.17
POI00019844,PO0005101,PRD00218,47,4399.57
POI00019845,PO0002339,PRD00567,208,8082.94
POI00019846,PO0000985,PRD00961,212,12916.7
POI00019847,PO0002230,PRD00424,126,7036.46
POI00019848,PO0003769,PRD00120,450,4716.39
POI00019849,PO0008017,PRD00033,485,12290.88
POI00019850,PO0002738,PRD00299,218,14959.16
POI00019851,PO0006226,PRD00987,69,9467.13
POI00019852,PO0001724,PRD00009,394,12532.16
POI00019853,PO0006457,PRD00926,257,11701.76
POI00019854,PO0004356,PRD00836,103,2825.17
POI00019855,PO0002481,PRD00267,196,1734.0
POI00019856,PO0006157,PRD00508,498,9561.68
POI00019857,PO0008110,PRD00031,136,11922.53
POI00019858,PO0003837,PRD00766,94,11198.97
POI00019859,PO0006164,PRD00309,119,11535.3
POI00019860,PO0006479,PRD00567,197,8082.94
POI00019861,PO0000922,PRD00618,136,7236.89
POI00019862,PO0006488,PRD00589,16,13991.37
POI00019863,PO0003766,PRD00462,369,5449.97
POI00019864,PO0009408,PRD00776,438,3296.6
POI00019865,PO0001549,PRD00531,356,7772.95
POI00019866,PO0000348,PRD00877,375,9378.32
POI00019867,PO0005738,PRD00737,194,9372.14
POI00019868,PO0002138,PRD00951,65,12745.6
POI00019869,PO0009085,PRD00637,417,11031.21
POI00019870,PO0000317,PRD00005,212,13587.62
POI00019871,PO0004163,PRD00723,111,642.86
POI00019872,PO0000607,PRD00436,276,10630.97
POI00019873,PO0004993,PRD00534,455,12763.59
POI00019874,PO0009480,PRD00680,237,12884.86
POI00019875,PO0009557,PRD00939,283,12076.99
POI00019876,PO0009486,PRD00341,143,8938.37
POI00019877,PO0009292,PRD00832,55,14364.28
POI00019878,PO0007405,PRD00911,452,14452.25
POI00019879,PO0000240,PRD00474,308,4767.61
POI00019880,PO0003894,PRD00075,37,3718.44
POI00019881,PO0009481,PRD00420,349,7232.56
POI00019882,PO0001814,PRD00325,63,14185.14
POI00019883,PO0006218,PRD00243,372,9718.69
POI00019884,PO0007878,PRD00565,416,1309.82
POI00019885,PO0002697,PRD00251,265,3571.32
POI00019886,PO0000286,PRD00204,429,1118.21
POI00019887,PO0008047,PRD00285,123,8218.48
POI00019888,PO0004419,PRD00478,14,14298.83
POI00019889,PO0006895,PRD00287,85,5325.08
POI00019890,PO0006638,PRD00315,63,12650.55
POI00019891,PO0008416,PRD00941,86,2714.98
POI00019892,PO0008674,PRD00282,257,6599.31
POI00019893,PO0004933,PRD00212,26,194.69
POI00019894,PO0004924,PRD00888,113,4306.34
POI00019895,PO0006615,PRD00902,341,10889.46
POI00019896,PO0002110,PRD00263,430,9261.0
POI00019897,PO0002871,PRD00813,49,1791.65
POI00019898,PO0000453,PRD00324,446,4070.68
POI00019899,PO0006782,PRD00452,470,2503.76
POI00019900,PO0001952,PRD00019,241,5319.1
POI00019901,PO0008339,PRD00115,383,12984.47
POI00019902,PO0009876,PRD00942,206,11797.17
POI00019903,PO0005759,PRD00447,450,8522.58
POI00019904,PO0009161,PRD00698,283,3335.68
POI00019905,PO0006212,PRD00131,396,5840.29
POI00019906,PO0002447,PRD00915,380,10437.34
POI00019907,PO0005677,PRD00905,334,2985.62
POI00019908,PO0007407,PRD00891,131,6179.97
POI00019909,PO0003406,PRD00088,367,759.09
POI00019910,PO0003170,PRD00156,454,1424.79
POI00019911,PO0005649,PRD00750,128,6059.6
POI00019912,PO0003806,PRD00208,245,10135.61
POI00019913,PO0008212,PRD00468,131,7437.41
POI00019914,PO0003255,PRD00318,272,13343.83
POI00019915,PO0007931,PRD00212,64,194.69
POI00019916,PO0008433,PRD00606,97,8374.83
POI00019917,PO0003487,PRD00664,402,8624.9
POI00019918,PO0007462,PRD00255,492,13121.82
POI00019919,PO0009561,PRD00910,83,10913.99
POI00019920,PO0003087,PRD00500,380,8694.03
POI00019921,PO0006912,PRD00030,36,7017.62
POI00019922,PO0003329,PRD00389,492,10776.42
POI00019923,PO0002153,PRD00381,483,2462.98
POI00019924,PO0004002,PRD00263,318,9261.0
POI00019925,PO0004140,PRD00015,259,4060.74
POI00019926,PO0001792,PRD00348,261,10382.26
POI00019927,PO0002189,PRD00829,175,5770.69
POI00019928,PO0002757,PRD00535,140,12386.73
POI00019929,PO0000829,PRD00530,193,5677.57
POI00019930,PO0006433,PRD00380,92,10416.11
POI00019931,PO0007169,PRD00770,119,12677.22
POI00019932,PO0005469,PRD00881,442,13176.07
POI00019933,PO0006077,PRD00352,133,10163.96
POI00019934,PO0008095,PRD00675,419,9849.43
POI00019935,PO0008385,PRD00048,257,1009.0
POI00019936,PO0009270,PRD00544,63,6484.13
POI00019937,PO0008466,PRD00396,97,5666.96
POI00019938,PO0002702,PRD00693,286,12868.1
POI00019939,PO0009356,PRD00488,58,6731.02
POI00019940,PO0001582,PRD00039,323,829.26
POI00019941,PO0004057,PRD00738,124,7712.85
POI00019942,PO0008700,PRD00922,358,7190.21
POI00019943,PO0002573,PRD00790,362,11430.76
POI00019944,PO0004283,PRD00063,354,7018.31
POI00019945,PO0006266,PRD00319,25,3733.58
POI00019946,PO0007244,PRD00904,436,9633.15
POI00019947,PO0009290,PRD00230,418,928.8
POI00019948,PO0009904,PRD00317,340,11523.03
POI00019949,PO0009842,PRD00356,321,5284.14
POI00019950,PO0003548,PRD00256,345,4333.14
POI00019951,PO0005221,PRD00369,278,11836.37
POI00019952,PO0007718,PRD00043,458,6795.04
POI00019953,PO0002812,PRD00635,418,2679.1
POI00019954,PO0007720,PRD00679,204,5120.96
POI00019955,PO0009759,PRD00401,49,8016.45
POI00019956,PO0004604,PRD00663,355,8339.74
POI00019957,PO0008501,PRD00052,369,3353.77
POI00019958,PO0005083,PRD00845,332,2083.84
POI00019959,PO0001355,PRD00321,270,7009.48
POI00019960,PO0006695,PRD00040,463,12037.14
POI00019961,PO0003770,PRD00856,493,11059.92
POI00019962,PO0009567,PRD00127,206,12989.69
POI00019963,PO0006463,PRD00015,404,4060.74
POI00019964,PO0004627,PRD00472,373,12076.82
POI00019965,PO0001029,PRD00319,407,3733.58
POI00019966,PO0006117,PRD00642,274,6743.72
POI00019967,PO0002090,PRD00076,114,5099.04
POI00019968,PO0000969,PRD00220,29,3710.28
POI00019969,PO0008211,PRD00673,427,13879.93
POI00019970,PO0009082,PRD00255,197,13121.82
POI00019971,PO0009515,PRD00243,153,9718.69
POI00019972,PO0006738,PRD00524,314,4908.91
POI00019973,PO0005802,PRD00731,183,8878.22
POI00019974,PO0006803,PRD00386,14,7920.56
POI00019975,PO0005318,PRD00659,150,2838.43
POI00019976,PO0001886,PRD00603,303,3288.11
POI00019977,PO0003952,PRD00611,153,1908.11
POI00019978,PO0007829,PRD00042,369,12472.09
POI00019979,PO0007183,PRD00176,158,1103.66
POI00019980,PO0009872,PRD00836,58,2825.17
POI00019981,PO0004860,PRD00713,191,5625.5
POI00019982,PO0001180,PRD00183,279,6823.92
POI00019983,PO0009902,PRD00836,451,2825.17
POI00019984,PO0000112,PRD00372,410,12777.81
POI00019985,PO0003607,PRD00667,134,12142.23
POI00019986,PO0002683,PRD00455,272,3543.59
POI00019987,PO0006724,PRD00205,484,5692.82
POI00019988,PO0000706,PRD00813,189,1791.65
POI00019989,PO0001288,PRD00413,14,6171.23
POI00019990,PO0004797,PRD00386,123,7920.56
POI00019991,PO0002513,PRD00558,311,9720.85
POI00019992,PO0004606,PRD00460,397,5749.6
POI00019993,PO0008789,PRD00688,347,5575.81
POI00019994,PO0001789,PRD00558,341,9720.85
POI00019995,PO0001574,PRD00682,413,9106.29
POI00019996,PO0006490,PRD00628,126,2699.31
POI00019997,PO0000718,PRD00274,481,11015.48
POI00019998,PO0007740,PRD00274,172,11015.48
POI00019999,PO0005637,PRD00097,388,14218.05
POI00020000,PO0008438,PRD00232,38,6790.03
