return_id,order_id,product_id,return_date,quantity,reason
RET0000001,ORD0010546,PRD00624,2026-08-18,3,Late Delivery
RET0000002,ORD0032268,PRD00184,2025-11-06,1,Defective
RET0000003,ORD0006153,PRD00141,2025-08-15,2,Wrong Product
RET0000004,ORD0029145,PRD00805,2025-10-05,2,Defective
RET0000005,ORD0027070,PRD00470,2025-04-26,1,Changed Mind
RET0000006,ORD0012272,PRD00888,2025-01-19,2,Damaged
RET0000007,ORD0016311,PRD00159,2025-01-06,1,Defective
RET0000008,ORD0028390,PRD00030,2025-08-08,3,Changed Mind
RET0000009,ORD0021377,PRD00982,2025-02-20,1,Damaged
RET0000010,ORD0016776,PRD00171,2025-11-04,3,Late Delivery
RET0000011,ORD0047161,PRD00562,2025-02-20,1,Size/Compatibility
RET0000012,ORD0022302,PRD00494,2025-06-25,1,Changed Mind
RET0000013,ORD0040868,PRD00034,2025-10-01,1,Damaged
RET0000014,ORD0019909,PRD00429,2025-01-29,1,Wrong Product
RET0000015,ORD0039073,PRD00747,2025-10-02,3,Size/Compatibility
RET0000016,ORD0020334,PRD00401,2025-06-07,2,Changed Mind
RET0000017,ORD0005148,PRD00263,2025-12-06,3,Wrong Product
RET0000018,ORD0028309,PRD00328,2025-12-22,3,Size/Compatibility
RET0000019,ORD0006185,PRD00260,2026-05-14,3,Changed Mind
RET0000020,ORD0045932,PRD00925,2025-03-06,1,Late Delivery
RET0000021,ORD0041534,PRD00753,2025-02-22,1,Wrong Product
RET0000022,ORD0020353,PRD00105,2026-08-05,2,Size/Compatibility
RET0000023,ORD0035641,PRD00531,2026-01-20,2,Defective
RET0000024,ORD0032165,PRD00334,2026-06-25,2,Wrong Product
RET0000025,ORD0010341,PRD00657,2026-04-24,2,Late Delivery
RET0000026,ORD0007623,PRD00587,2025-03-18,3,Late Delivery
RET0000027,ORD0026490,PRD00917,2025-06-05,2,Defective
RET0000028,ORD0044026,PRD00289,2026-08-11,3,Changed Mind
RET0000029,ORD0012756,PRD00885,2025-09-27,3,Wrong Product
RET0000030,ORD0018806,PRD00820,2025-05-24,3,Changed Mind
RET0000031,ORD0018817,PRD00423,2026-01-29,1,Changed Mind
RET0000032,ORD0012091,PRD00796,2025-09-20,2,Changed Mind
RET0000033,ORD0046906,PRD00837,2026-01-14,2,Late Delivery
RET0000034,ORD0039444,PRD00468,2026-06-04,1,Damaged
RET0000035,ORD0048285,PRD00217,2025-09-19,1,Wrong Product
RET0000036,ORD0034940,PRD00710,2026-03-29,2,Damaged
RET0000037,ORD0010745,PRD00870,2025-07-29,3,Defective
RET0000038,ORD0001276,PRD00554,2025-02-11,3,Late Delivery
RET0000039,ORD0018931,PRD00408,2025-08-27,1,Defective
RET0000040,ORD0045118,PRD00836,2026-07-11,2,Damaged
RET0000041,ORD0031137,PRD00072,2025-09-06,2,Size/Compatibility
RET0000042,ORD0012075,PRD00036,2025-12-14,3,Changed Mind
RET0000043,ORD0039665,PRD00833,2025-03-25,2,Late Delivery
RET0000044,ORD0024342,PRD00153,2025-11-03,1,Wrong Product
RET0000045,ORD0034851,PRD00491,2025-06-19,2,Changed Mind
RET0000046,ORD0020393,PRD00786,2025-01-16,1,Wrong Product
RET0000047,ORD0017705,PRD00033,2025-03-29,2,Defective
RET0000048,ORD0019814,PRD00578,2025-10-15,2,Late Delivery
RET0000049,ORD0029192,PRD00772,2026-04-16,2,Changed Mind
RET0000050,ORD0015515,PRD00440,2026-03-01,2,Size/Compatibility
RET0000051,ORD0044294,PRD00010,2026-08-17,2,Size/Compatibility
RET0000052,ORD0036408,PRD00862,2025-04-16,3,Wrong Product
RET0000053,ORD0026502,PRD00026,2026-04-07,3,Defective
RET0000054,ORD0022982,PRD00441,2026-04-24,1,Damaged
RET0000055,ORD0000447,PRD00915,2025-08-31,2,Defective
RET0000056,ORD0048762,PRD00603,2025-11-28,2,Size/Compatibility
RET0000057,ORD0032935,PRD00910,2025-05-07,1,Wrong Product
RET0000058,ORD0048659,PRD00678,2026-05-15,2,Defective
RET0000059,ORD0047280,PRD00886,2025-06-17,3,Changed Mind
RET0000060,ORD0045875,PRD00893,2025-02-20,2,Wrong Product
RET0000061,ORD0007644,PRD00650,2026-06-21,2,Changed Mind
RET0000062,ORD0008156,PRD00380,2026-06-30,1,Late Delivery
RET0000063,ORD0005721,PRD00531,2026-05-29,2,Late Delivery
RET0000064,ORD0028721,PRD00657,2025-07-16,1,Wrong Product
RET0000065,ORD0016785,PRD00828,2025-10-29,1,Size/Compatibility
RET0000066,ORD0047721,PRD00815,2026-05-11,1,Wrong Product
RET0000067,ORD0049706,PRD00549,2025-04-06,2,Size/Compatibility
RET0000068,ORD0005348,PRD00290,2026-02-03,3,Wrong Product
RET0000069,ORD0031913,PRD00167,2025-10-10,1,Late Delivery
RET0000070,ORD0003846,PRD00681,2025-01-23,3,Changed Mind
RET0000071,ORD0049000,PRD00169,2026-01-30,2,Defective
RET0000072,ORD0041185,PRD00022,2025-10-21,2,Changed Mind
RET0000073,ORD0008835,PRD00027,2025-04-12,2,Defective
RET0000074,ORD0038646,PRD00408,2025-12-21,3,Size/Compatibility
RET0000075,ORD0007366,PRD00664,2025-05-26,2,Size/Compatibility
RET0000076,ORD0006225,PRD00194,2026-06-16,1,Wrong Product
RET0000077,ORD0046301,PRD00229,2026-03-04,2,Damaged
RET0000078,ORD0042500,PRD00373,2026-04-23,3,Defective
RET0000079,ORD0039710,PRD00145,2025-07-15,2,Size/Compatibility
RET0000080,ORD0030215,PRD00787,2025-09-23,3,Defective
RET0000081,ORD0011194,PRD00268,2025-05-28,3,Size/Compatibility
RET0000082,ORD0010215,PRD00944,2025-06-26,2,Damaged
RET0000083,ORD0021916,PRD00565,2026-04-17,1,Changed Mind
RET0000084,ORD0036660,PRD00430,2025-02-10,1,Damaged
RET0000085,ORD0024408,PRD00354,2025-05-18,1,Changed Mind
RET0000086,ORD0032846,PRD00543,2025-04-06,3,Late Delivery
RET0000087,ORD0004374,PRD00615,2025-03-07,1,Damaged
RET0000088,ORD0012076,PRD00355,2026-06-25,2,Damaged
RET0000089,ORD0002015,PRD00371,2025-05-31,1,Wrong Product
RET0000090,ORD0022959,PRD00446,2025-08-08,3,Changed Mind
RET0000091,ORD0008307,PRD00615,2025-10-28,2,Wrong Product
RET0000092,ORD0004214,PRD00148,2026-08-18,1,Late Delivery
RET0000093,ORD0028424,PRD00366,2026-04-16,2,Wrong Product
RET0000094,ORD0004850,PRD00888,2026-05-03,3,Damaged
RET0000095,ORD0029014,PRD00438,2025-01-24,3,Wrong Product
RET0000096,ORD0014355,PRD00090,2026-07-16,1,Wrong Product
RET0000097,ORD0005791,PRD00626,2025-12-24,2,Changed Mind
RET0000098,ORD0039552,PRD00864,2025-06-07,1,Late Delivery
RET0000099,ORD0007194,PRD00831,2026-04-28,1,Wrong Product
RET0000100,ORD0014158,PRD00221,2026-07-29,2,Late Delivery
RET0000101,ORD0004492,PRD00671,2025-07-08,1,Wrong Product
RET0000102,ORD0040534,PRD00083,2026-06-07,3,Size/Compatibility
RET0000103,ORD0000030,PRD00633,2025-02-16,1,Size/Compatibility
RET0000104,ORD0020184,PRD00670,2025-09-04,1,Defective
RET0000105,ORD0004716,PRD00393,2026-04-30,3,Wrong Product
RET0000106,ORD0012703,PRD00909,2025-01-11,2,Defective
RET0000107,ORD0006740,PRD00681,2026-03-31,2,Wrong Product
RET0000108,ORD0018463,PRD00846,2026-03-17,1,Wrong Product
RET0000109,ORD0002262,PRD00588,2025-05-03,1,Late Delivery
RET0000110,ORD0000778,PRD00560,2025-01-16,1,Damaged
RET0000111,ORD0033585,PRD00535,2026-05-15,2,Wrong Product
RET0000112,ORD0004576,PRD00115,2025-08-11,2,Damaged
RET0000113,ORD0016851,PRD00742,2026-01-25,1,Size/Compatibility
RET0000114,ORD0041438,PRD00998,2026-07-05,3,Late Delivery
RET0000115,ORD0040076,PRD00339,2025-02-10,1,Wrong Product
RET0000116,ORD0025979,PRD00155,2025-06-02,3,Defective
RET0000117,ORD0016106,PRD00155,2025-12-13,1,Changed Mind
RET0000118,ORD0033717,PRD00754,2025-01-10,3,Defective
RET0000119,ORD0036296,PRD00078,2025-08-27,1,Size/Compatibility
RET0000120,ORD0009878,PRD00810,2025-09-26,2,Size/Compatibility
RET0000121,ORD0033551,PRD00609,2025-03-10,3,Changed Mind
RET0000122,ORD0044545,PRD00757,2025-07-24,3,Late Delivery
RET0000123,ORD0035771,PRD00391,2026-05-04,1,Wrong Product
RET0000124,ORD0018223,PRD00498,2025-04-08,3,Defective
RET0000125,ORD0028007,PRD00076,2025-02-14,1,Wrong Product
RET0000126,ORD0049770,PRD00523,2025-10-03,2,Changed Mind
RET0000127,ORD0023589,PRD00686,2025-04-09,1,Late Delivery
RET0000128,ORD0044645,PRD00630,2025-08-23,1,Size/Compatibility
RET0000129,ORD0006165,PRD00252,2025-08-08,2,Damaged
RET0000130,ORD0003255,PRD00574,2025-12-28,1,Damaged
RET0000131,ORD0032993,PRD00555,2026-02-06,3,Changed Mind
RET0000132,ORD0011172,PRD00981,2025-04-27,2,Size/Compatibility
RET0000133,ORD0017824,PRD00965,2026-04-10,3,Size/Compatibility
RET0000134,ORD0047910,PRD00354,2025-12-04,3,Size/Compatibility
RET0000135,ORD0037094,PRD00615,2026-04-17,1,Late Delivery
RET0000136,ORD0019735,PRD00570,2026-02-21,2,Damaged
RET0000137,ORD0023087,PRD00112,2026-01-16,3,Wrong Product
RET0000138,ORD0022374,PRD00740,2026-02-02,1,Damaged
RET0000139,ORD0025624,PRD00696,2026-02-03,1,Wrong Product
RET0000140,ORD0040413,PRD00828,2025-09-20,1,Size/Compatibility
RET0000141,ORD0015564,PRD00058,2025-03-03,1,Changed Mind
RET0000142,ORD0004141,PRD00244,2025-03-25,1,Defective
RET0000143,ORD0009635,PRD00828,2026-01-22,1,Changed Mind
RET0000144,ORD0025456,PRD00025,2026-01-17,2,Wrong Product
RET0000145,ORD0014031,PRD00269,2026-01-16,1,Defective
RET0000146,ORD0014705,PRD00311,2025-11-12,3,Changed Mind
RET0000147,ORD0033942,PRD00677,2025-06-23,3,Changed Mind
RET0000148,ORD0030944,PRD00901,2026-08-11,2,Changed Mind
RET0000149,ORD0045937,PRD00381,2026-03-27,1,Damaged
RET0000150,ORD0019622,PRD00577,2026-04-29,3,Defective
RET0000151,ORD0008372,PRD00315,2026-02-27,3,Size/Compatibility
RET0000152,ORD0032332,PRD00687,2025-07-20,3,Defective
RET0000153,ORD0000867,PRD00295,2026-07-06,1,Size/Compatibility
RET0000154,ORD0011107,PRD00084,2025-02-28,1,Damaged
RET0000155,ORD0036567,PRD00122,2026-08-17,2,Changed Mind
RET0000156,ORD0015014,PRD00399,2025-02-07,2,Size/Compatibility
RET0000157,ORD0000699,PRD00158,2026-04-26,1,Defective
RET0000158,ORD0003322,PRD00554,2025-10-20,1,Changed Mind
RET0000159,ORD0035538,PRD00714,2025-09-01,1,Defective
RET0000160,ORD0000086,PRD00824,2026-06-02,2,Defective
RET0000161,ORD0037779,PRD00687,2026-03-20,1,Changed Mind
RET0000162,ORD0044598,PRD00794,2026-05-29,1,Size/Compatibility
RET0000163,ORD0049633,PRD00845,2026-06-21,3,Size/Compatibility
RET0000164,ORD0044173,PRD00303,2025-12-15,1,Changed Mind
RET0000165,ORD0018442,PRD00713,2025-11-27,2,Defective
RET0000166,ORD0016701,PRD00994,2025-07-01,1,Wrong Product
RET0000167,ORD0018123,PRD00131,2025-04-01,1,Changed Mind
RET0000168,ORD0034398,PRD00608,2026-01-17,2,Size/Compatibility
RET0000169,ORD0001375,PRD00139,2026-07-13,1,Wrong Product
RET0000170,ORD0040426,PRD00019,2026-07-26,3,Defective
RET0000171,ORD0038760,PRD00850,2026-02-01,2,Size/Compatibility
RET0000172,ORD0013905,PRD00845,2025-09-21,1,Defective
RET0000173,ORD0033037,PRD00572,2025-07-08,2,Wrong Product
RET0000174,ORD0023592,PRD00788,2025-07-17,1,Defective
RET0000175,ORD0042924,PRD00413,2025-02-25,2,Size/Compatibility
RET0000176,ORD0040505,PRD00670,2025-02-20,3,Defective
RET0000177,ORD0019303,PRD00544,2025-03-16,2,Late Delivery
RET0000178,ORD0038149,PRD00586,2025-05-03,1,Defective
RET0000179,ORD0010511,PRD00599,2026-01-13,2,Late Delivery
RET0000180,ORD0003509,PRD00211,2026-08-16,2,Size/Compatibility
RET0000181,ORD0007744,PRD00562,2025-10-16,3,Wrong Product
RET0000182,ORD0010987,PRD00443,2026-01-26,1,Changed Mind
RET0000183,ORD0002761,PRD00146,2025-11-08,1,Changed Mind
RET0000184,ORD0004944,PRD00864,2026-01-04,1,Wrong Product
RET0000185,ORD0008630,PRD00859,2026-04-24,2,Late Delivery
RET0000186,ORD0010770,PRD00221,2025-11-26,3,Size/Compatibility
RET0000187,ORD0045715,PRD00632,2026-04-03,2,Changed Mind
RET0000188,ORD0029828,PRD00865,2025-05-20,3,Late Delivery
RET0000189,ORD0015289,PRD00775,2025-04-04,2,Changed Mind
RET0000190,ORD0047618,PRD00534,2025-07-17,2,Defective
RET0000191,ORD0033394,PRD00861,2025-05-16,3,Damaged
RET0000192,ORD0045765,PRD00917,2025-10-04,2,Damaged
RET0000193,ORD0044982,PRD00333,2026-04-10,1,Size/Compatibility
RET0000194,ORD0010983,PRD00891,2025-08-02,1,Defective
RET0000195,ORD0020081,PRD00362,2026-05-13,1,Damaged
RET0000196,ORD0021973,PRD00039,2025-08-03,2,Changed Mind
RET0000197,ORD0018620,PRD00019,2026-06-28,1,Size/Compatibility
RET0000198,ORD0006971,PRD00057,2025-03-29,3,Changed Mind
RET0000199,ORD0045405,PRD00847,2025-10-08,1,Late Delivery
RET0000200,ORD0007517,PRD00670,2025-05-06,2,Wrong Product
RET0000201,ORD0008866,PRD00894,2025-06-20,3,Late Delivery
RET0000202,ORD0028935,PRD00748,2026-05-08,2,Wrong Product
RET0000203,ORD0027719,PRD00922,2026-05-17,1,Changed Mind
RET0000204,ORD0019050,PRD00159,2026-05-28,1,Late Delivery
RET0000205,ORD0009850,PRD00299,2025-01-01,3,Size/Compatibility
RET0000206,ORD0004318,PRD00989,2025-11-12,3,Size/Compatibility
RET0000207,ORD0039667,PRD00750,2025-10-29,1,Defective
RET0000208,ORD0003831,PRD00554,2026-05-27,3,Changed Mind
RET0000209,ORD0048996,PRD00578,2025-09-14,2,Damaged
RET0000210,ORD0009038,PRD00265,2026-03-19,3,Defective
RET0000211,ORD0027356,PRD00090,2026-07-16,1,Defective
RET0000212,ORD0023726,PRD00642,2025-10-04,3,Size/Compatibility
RET0000213,ORD0036022,PRD00432,2026-04-23,3,Changed Mind
RET0000214,ORD0041719,PRD00250,2026-03-08,1,Late Delivery
RET0000215,ORD0038590,PRD00342,2026-08-02,1,Changed Mind
RET0000216,ORD0030405,PRD00402,2026-07-03,3,Defective
RET0000217,ORD0015604,PRD00585,2026-03-25,2,Late Delivery
RET0000218,ORD0048354,PRD00051,2025-07-16,3,Late Delivery
RET0000219,ORD0004296,PRD00873,2025-01-07,3,Wrong Product
RET0000220,ORD0030156,PRD00171,2025-05-19,1,Damaged
RET0000221,ORD0040327,PRD00768,2026-06-20,2,Changed Mind
RET0000222,ORD0032827,PRD00776,2025-05-30,2,Late Delivery
RET0000223,ORD0044831,PRD00427,2026-08-25,2,Changed Mind
RET0000224,ORD0049560,PRD00193,2025-09-21,1,Late Delivery
RET0000225,ORD0019426,PRD00097,2026-07-09,3,Late Delivery
RET0000226,ORD0042566,PRD00664,2025-10-04,2,Wrong Product
RET0000227,ORD0019601,PRD00456,2025-02-01,2,Defective
RET0000228,ORD0025202,PRD00985,2025-06-04,3,Size/Compatibility
RET0000229,ORD0012253,PRD00776,2025-12-20,3,Defective
RET0000230,ORD0020563,PRD00073,2025-03-14,3,Wrong Product
RET0000231,ORD0037146,PRD00109,2025-02-18,2,Defective
RET0000232,ORD0004947,PRD00377,2025-03-02,1,Changed Mind
RET0000233,ORD0032855,PRD00499,2026-01-23,3,Size/Compatibility
RET0000234,ORD0047171,PRD00195,2026-07-12,2,Damaged
RET0000235,ORD0000321,PRD00362,2026-02-12,1,Wrong Product
RET0000236,ORD0000047,PRD00415,2025-01-08,2,Size/Compatibility
RET0000237,ORD0020455,PRD00863,2025-11-27,3,Defective
RET0000238,ORD0021105,PRD00836,2025-06-22,3,Changed Mind
RET0000239,ORD0046924,PRD00112,2026-04-19,2,Damaged
RET0000240,ORD0036789,PRD00307,2026-07-18,1,Damaged
RET0000241,ORD0003255,PRD00770,2026-05-16,3,Wrong Product
RET0000242,ORD0005726,PRD00867,2025-08-10,3,Late Delivery
RET0000243,ORD0021948,PRD00935,2026-01-10,2,Damaged
RET0000244,ORD0029937,PRD00250,2025-07-03,3,Wrong Product
RET0000245,ORD0028126,PRD00024,2025-06-26,1,Size/Compatibility
RET0000246,ORD0001539,PRD00267,2025-08-12,1,Changed Mind
RET0000247,ORD0021908,PRD00154,2026-03-19,1,Wrong Product
RET0000248,ORD0024488,PRD00016,2026-04-22,2,Defective
RET0000249,ORD0017389,PRD00689,2025-09-26,1,Defective
RET0000250,ORD0036635,PRD00133,2025-01-24,3,Wrong Product
RET0000251,ORD0031086,PRD00154,2026-06-15,2,Late Delivery
RET0000252,ORD0010771,PRD00002,2026-04-14,3,Size/Compatibility
RET0000253,ORD0034615,PRD00580,2026-06-05,3,Changed Mind
RET0000254,ORD0007647,PRD00093,2026-08-26,3,Damaged
RET0000255,ORD0006487,PRD00378,2025-04-15,3,Size/Compatibility
RET0000256,ORD0021648,PRD00705,2025-11-30,1,Wrong Product
RET0000257,ORD0022405,PRD00830,2026-07-04,2,Size/Compatibility
RET0000258,ORD0036088,PRD00984,2025-11-30,3,Wrong Product
RET0000259,ORD0015280,PRD00559,2025-11-05,2,Size/Compatibility
RET0000260,ORD0004157,PRD00435,2025-12-08,3,Wrong Product
RET0000261,ORD0024292,PRD00432,2026-02-13,1,Changed Mind
RET0000262,ORD0020679,PRD00722,2026-03-26,2,Size/Compatibility
RET0000263,ORD0041175,PRD00736,2025-07-26,3,Damaged
RET0000264,ORD0001439,PRD00529,2025-03-05,2,Changed Mind
RET0000265,ORD0025504,PRD00152,2026-01-03,3,Damaged
RET0000266,ORD0023839,PRD00822,2025-01-06,2,Changed Mind
RET0000267,ORD0005796,PRD00035,2025-01-20,2,Changed Mind
RET0000268,ORD0030930,PRD00829,2025-02-06,1,Defective
RET0000269,ORD0015171,PRD00548,2025-07-13,2,Size/Compatibility
RET0000270,ORD0018021,PRD00708,2025-02-19,2,Late Delivery
RET0000271,ORD0030653,PRD00927,2025-10-27,1,Defective
RET0000272,ORD0023472,PRD00862,2025-05-05,1,Late Delivery
RET0000273,ORD0027804,PRD00264,2025-09-30,3,Size/Compatibility
RET0000274,ORD0025054,PRD00767,2026-02-10,2,Changed Mind
RET0000275,ORD0010258,PRD00949,2025-09-10,1,Defective
RET0000276,ORD0028344,PRD00492,2025-01-09,1,Late Delivery
RET0000277,ORD0024758,PRD00133,2025-01-30,1,Defective
RET0000278,ORD0000815,PRD00114,2025-02-28,3,Defective
RET0000279,ORD0032002,PRD00803,2026-01-04,2,Defective
RET0000280,ORD0023573,PRD00941,2026-06-25,1,Changed Mind
RET0000281,ORD0045991,PRD00319,2026-01-24,2,Late Delivery
RET0000282,ORD0008782,PRD00145,2025-04-24,3,Changed Mind
RET0000283,ORD0013621,PRD00099,2025-04-16,1,Wrong Product
RET0000284,ORD0010305,PRD00327,2026-05-02,1,Changed Mind
RET0000285,ORD0007702,PRD00080,2025-01-05,2,Changed Mind
RET0000286,ORD0017971,PRD00088,2026-04-25,1,Damaged
RET0000287,ORD0021756,PRD00824,2026-03-04,2,Late Delivery
RET0000288,ORD0015337,PRD00114,2026-05-30,3,Defective
RET0000289,ORD0033828,PRD00790,2025-01-16,2,Defective
RET0000290,ORD0042172,PRD00303,2025-07-20,3,Late Delivery
RET0000291,ORD0037858,PRD00545,2025-07-15,2,Late Delivery
RET0000292,ORD0002639,PRD00365,2026-04-10,2,Changed Mind
RET0000293,ORD0003140,PRD00030,2026-04-15,2,Defective
RET0000294,ORD0044681,PRD00826,2025-04-09,3,Late Delivery
RET0000295,ORD0041040,PRD00040,2025-04-21,2,Changed Mind
RET0000296,ORD0048386,PRD00306,2026-02-14,1,Damaged
RET0000297,ORD0043944,PRD00158,2025-08-10,2,Late Delivery
RET0000298,ORD0003303,PRD00979,2026-04-09,3,Changed Mind
RET0000299,ORD0011632,PRD00205,2025-09-24,1,Changed Mind
RET0000300,ORD0025053,PRD00281,2025-12-12,1,Wrong Product
RET0000301,ORD0036623,PRD00341,2026-08-27,1,Size/Compatibility
RET0000302,ORD0005903,PRD00403,2025-09-10,3,Late Delivery
RET0000303,ORD0011196,PRD00181,2026-06-06,3,Size/Compatibility
RET0000304,ORD0035756,PRD00472,2025-11-30,3,Wrong Product
RET0000305,ORD0013978,PRD00926,2025-10-03,3,Defective
RET0000306,ORD0037813,PRD00487,2026-02-17,3,Late Delivery
RET0000307,ORD0047261,PRD00969,2025-08-07,3,Wrong Product
RET0000308,ORD0015923,PRD00140,2026-07-21,2,Changed Mind
RET0000309,ORD0024616,PRD00063,2025-08-03,1,Damaged
RET0000310,ORD0039805,PRD00417,2025-01-21,2,Changed Mind
RET0000311,ORD0034127,PRD00827,2026-05-07,1,Changed Mind
RET0000312,ORD0019476,PRD00049,2025-11-19,2,Defective
RET0000313,ORD0005837,PRD00267,2026-07-19,3,Size/Compatibility
RET0000314,ORD0022114,PRD00326,2025-05-12,3,Late Delivery
RET0000315,ORD0037231,PRD00195,2025-02-26,1,Late Delivery
RET0000316,ORD0017236,PRD00642,2025-04-13,3,Changed Mind
RET0000317,ORD0041969,PRD00121,2026-07-03,3,Defective
RET0000318,ORD0026922,PRD00551,2025-02-11,1,Wrong Product
RET0000319,ORD0035446,PRD00442,2026-02-09,1,Wrong Product
RET0000320,ORD0013735,PRD00214,2025-03-13,3,Changed Mind
RET0000321,ORD0003150,PRD00933,2025-06-04,1,Changed Mind
RET0000322,ORD0031460,PRD00455,2025-10-15,2,Changed Mind
RET0000323,ORD0033332,PRD00711,2026-03-08,2,Late Delivery
RET0000324,ORD0025448,PRD00154,2025-01-29,1,Defective
RET0000325,ORD0033455,PRD00783,2026-07-29,3,Defective
RET0000326,ORD0027119,PRD00406,2026-08-16,1,Late Delivery
RET0000327,ORD0019449,PRD00936,2025-03-31,1,Size/Compatibility
RET0000328,ORD0024391,PRD00287,2025-08-18,1,Changed Mind
RET0000329,ORD0026376,PRD00438,2026-08-08,1,Changed Mind
RET0000330,ORD0037275,PRD00895,2025-12-29,3,Size/Compatibility
RET0000331,ORD0028918,PRD00160,2026-07-06,1,Late Delivery
RET0000332,ORD0004318,PRD00703,2025-05-30,3,Defective
RET0000333,ORD0001939,PRD00931,2026-04-08,3,Changed Mind
RET0000334,ORD0034658,PRD00034,2026-04-01,3,Late Delivery
RET0000335,ORD0000834,PRD00441,2026-06-05,1,Defective
RET0000336,ORD0044262,PRD00439,2025-02-16,2,Damaged
RET0000337,ORD0027750,PRD00207,2025-07-13,3,Changed Mind
RET0000338,ORD0020188,PRD00396,2026-06-09,1,Late Delivery
RET0000339,ORD0023055,PRD00827,2025-02-10,1,Damaged
RET0000340,ORD0042981,PRD00377,2025-07-24,1,Damaged
RET0000341,ORD0038288,PRD00345,2025-08-30,2,Damaged
RET0000342,ORD0037662,PRD00163,2026-04-11,3,Size/Compatibility
RET0000343,ORD0011198,PRD00182,2025-02-12,1,Changed Mind
RET0000344,ORD0001360,PRD00231,2025-05-10,1,Changed Mind
RET0000345,ORD0028886,PRD00663,2025-05-18,3,Defective
RET0000346,ORD0041482,PRD00540,2026-04-27,2,Wrong Product
RET0000347,ORD0047581,PRD00318,2025-03-14,1,Defective
RET0000348,ORD0015539,PRD00842,2025-07-05,3,Late Delivery
RET0000349,ORD0009625,PRD00187,2026-06-07,1,Defective
RET0000350,ORD0040955,PRD00455,2025-11-08,1,Size/Compatibility
RET0000351,ORD0019241,PRD00534,2025-10-25,3,Wrong Product
RET0000352,ORD0043494,PRD00443,2025-04-21,2,Late Delivery
RET0000353,ORD0005642,PRD00492,2025-06-11,2,Changed Mind
RET0000354,ORD0018896,PRD00993,2025-07-26,3,Size/Compatibility
RET0000355,ORD0029410,PRD00709,2025-09-06,2,Damaged
RET0000356,ORD0034799,PRD00896,2025-07-17,1,Damaged
RET0000357,ORD0035828,PRD00664,2025-02-10,2,Wrong Product
RET0000358,ORD0021236,PRD00588,2025-12-13,2,Size/Compatibility
RET0000359,ORD0049409,PRD00127,2025-11-27,3,Wrong Product
RET0000360,ORD0022874,PRD00774,2025-12-15,3,Late Delivery
RET0000361,ORD0003237,PRD00865,2025-08-19,2,Defective
RET0000362,ORD0019669,PRD00060,2025-11-19,1,Size/Compatibility
RET0000363,ORD0043853,PRD00767,2025-05-05,3,Wrong Product
RET0000364,ORD0008382,PRD00280,2025-09-09,2,Changed Mind
RET0000365,ORD0018014,PRD00203,2025-08-16,1,Wrong Product
RET0000366,ORD0038330,PRD00354,2026-08-10,1,Defective
RET0000367,ORD0034242,PRD00926,2025-12-08,2,Damaged
RET0000368,ORD0022655,PRD00891,2025-04-20,2,Late Delivery
RET0000369,ORD0000755,PRD00979,2025-11-06,3,Wrong Product
RET0000370,ORD0019001,PRD00690,2026-06-18,1,Damaged
RET0000371,ORD0046954,PRD00132,2025-06-04,3,Damaged
RET0000372,ORD0000709,PRD00086,2026-02-23,1,Wrong Product
RET0000373,ORD0025501,PRD00503,2025-01-16,1,Size/Compatibility
RET0000374,ORD0012991,PRD00659,2026-03-01,2,Changed Mind
RET0000375,ORD0033839,PRD00284,2026-07-22,1,Defective
RET0000376,ORD0017681,PRD00935,2025-04-29,3,Size/Compatibility
RET0000377,ORD0048840,PRD00502,2025-12-02,1,Size/Compatibility
RET0000378,ORD0003001,PRD00756,2026-03-16,3,Changed Mind
RET0000379,ORD0035258,PRD00887,2025-08-29,2,Damaged
RET0000380,ORD0009080,PRD00182,2026-07-27,1,Size/Compatibility
RET0000381,ORD0014438,PRD00342,2026-04-18,1,Damaged
RET0000382,ORD0022040,PRD00883,2025-08-10,3,Changed Mind
RET0000383,ORD0001901,PRD00992,2025-01-13,2,Size/Compatibility
RET0000384,ORD0037501,PRD00805,2025-01-20,3,Defective
RET0000385,ORD0023145,PRD00880,2026-06-29,1,Changed Mind
RET0000386,ORD0013860,PRD00537,2025-05-10,3,Damaged
RET0000387,ORD0025946,PRD00244,2026-03-28,1,Changed Mind
RET0000388,ORD0031838,PRD00120,2025-04-17,1,Changed Mind
RET0000389,ORD0017214,PRD00045,2026-01-29,2,Wrong Product
RET0000390,ORD0023792,PRD00098,2025-11-03,1,Damaged
RET0000391,ORD0001178,PRD00253,2026-04-10,1,Wrong Product
RET0000392,ORD0048666,PRD00328,2025-01-09,1,Damaged
RET0000393,ORD0043855,PRD00836,2025-12-06,2,Defective
RET0000394,ORD0044442,PRD00538,2025-10-02,2,Size/Compatibility
RET0000395,ORD0024922,PRD00858,2026-04-27,1,Defective
RET0000396,ORD0030296,PRD00181,2025-10-08,1,Late Delivery
RET0000397,ORD0000960,PRD00015,2025-06-26,3,Damaged
RET0000398,ORD0020271,PRD00770,2026-03-10,1,Wrong Product
RET0000399,ORD0047958,PRD00219,2025-01-26,2,Late Delivery
RET0000400,ORD0026009,PRD00631,2025-02-05,1,Size/Compatibility
RET0000401,ORD0011718,PRD00208,2026-05-10,2,Damaged
RET0000402,ORD0038129,PRD00937,2026-06-05,2,Wrong Product
RET0000403,ORD0045283,PRD00990,2026-02-10,2,Defective
RET0000404,ORD0039602,PRD00859,2025-11-15,2,Late Delivery
RET0000405,ORD0036639,PRD00776,2026-08-13,1,Late Delivery
RET0000406,ORD0007769,PRD00281,2025-01-06,1,Changed Mind
RET0000407,ORD0026292,PRD00610,2025-03-10,3,Late Delivery
RET0000408,ORD0029074,PRD00398,2025-08-02,2,Wrong Product
RET0000409,ORD0010537,PRD00433,2026-01-19,2,Defective
RET0000410,ORD0027914,PRD00364,2025-03-18,3,Damaged
RET0000411,ORD0047901,PRD00630,2025-06-23,3,Changed Mind
RET0000412,ORD0013570,PRD00812,2025-09-16,2,Size/Compatibility
RET0000413,ORD0003558,PRD00683,2026-02-22,3,Wrong Product
RET0000414,ORD0035927,PRD00293,2025-09-17,2,Defective
RET0000415,ORD0017591,PRD00644,2025-07-06,3,Late Delivery
RET0000416,ORD0043278,PRD00735,2025-10-06,2,Changed Mind
RET0000417,ORD0012355,PRD00328,2025-05-22,1,Size/Compatibility
RET0000418,ORD0004153,PRD00144,2025-08-20,1,Changed Mind
RET0000419,ORD0033086,PRD00077,2026-01-16,3,Wrong Product
RET0000420,ORD0015183,PRD00704,2025-01-23,1,Damaged
RET0000421,ORD0009141,PRD00136,2025-05-31,1,Wrong Product
RET0000422,ORD0017418,PRD00846,2025-08-21,3,Defective
RET0000423,ORD0002170,PRD00759,2025-05-19,3,Damaged
RET0000424,ORD0029901,PRD00298,2026-05-25,2,Damaged
RET0000425,ORD0008200,PRD00078,2025-03-15,3,Damaged
RET0000426,ORD0042126,PRD00090,2026-05-01,1,Changed Mind
RET0000427,ORD0049599,PRD00099,2025-10-20,2,Changed Mind
RET0000428,ORD0026813,PRD00332,2025-05-26,3,Damaged
RET0000429,ORD0016572,PRD00224,2025-01-08,1,Damaged
RET0000430,ORD0033649,PRD00868,2026-02-14,2,Late Delivery
RET0000431,ORD0040775,PRD00112,2026-03-03,3,Defective
RET0000432,ORD0025177,PRD00276,2025-03-28,1,Late Delivery
RET0000433,ORD0002453,PRD00290,2025-03-12,3,Late Delivery
RET0000434,ORD0026378,PRD00707,2026-01-22,1,Defective
RET0000435,ORD0002730,PRD00364,2025-12-02,3,Late Delivery
RET0000436,ORD0008358,PRD00902,2025-11-19,2,Wrong Product
RET0000437,ORD0049183,PRD00883,2026-01-27,2,Damaged
RET0000438,ORD0015225,PRD00740,2025-09-18,3,Defective
RET0000439,ORD0017731,PRD00959,2025-11-11,1,Defective
RET0000440,ORD0028414,PRD00346,2026-01-22,3,Damaged
RET0000441,ORD0043264,PRD00215,2025-01-23,1,Damaged
RET0000442,ORD0044691,PRD00607,2025-11-08,3,Damaged
RET0000443,ORD0038811,PRD00378,2025-02-09,1,Defective
RET0000444,ORD0031085,PRD00584,2025-08-09,1,Changed Mind
RET0000445,ORD0026798,PRD00582,2025-10-10,3,Changed Mind
RET0000446,ORD0039636,PRD00042,2025-01-29,2,Late Delivery
RET0000447,ORD0006749,PRD00587,2025-03-01,2,Changed Mind
RET0000448,ORD0008489,PRD00367,2025-04-02,1,Damaged
RET0000449,ORD0023369,PRD00327,2025-12-28,1,Late Delivery
RET0000450,ORD0044902,PRD00168,2025-03-25,2,Late Delivery
RET0000451,ORD0038985,PRD00521,2026-06-09,3,Late Delivery
RET0000452,ORD0012610,PRD00895,2026-04-29,3,Size/Compatibility
RET0000453,ORD0028141,PRD00637,2025-08-21,1,Late Delivery
RET0000454,ORD0000644,PRD00504,2025-11-16,1,Changed Mind
RET0000455,ORD0006230,PRD00615,2025-04-22,2,Wrong Product
RET0000456,ORD0020200,PRD00957,2026-05-08,2,Wrong Product
RET0000457,ORD0016388,PRD00089,2025-04-13,2,Wrong Product
RET0000458,ORD0033555,PRD00382,2025-10-20,1,Late Delivery
RET0000459,ORD0009706,PRD00580,2025-04-05,1,Size/Compatibility
RET0000460,ORD0010687,PRD00622,2025-04-26,1,Size/Compatibility
RET0000461,ORD0047055,PRD00861,2025-12-06,2,Damaged
RET0000462,ORD0045012,PRD00603,2025-12-29,2,Damaged
RET0000463,ORD0040370,PRD00517,2026-02-10,3,Damaged
RET0000464,ORD0029401,PRD00639,2026-07-02,2,Wrong Product
RET0000465,ORD0014720,PRD00385,2025-02-07,1,Size/Compatibility
RET0000466,ORD0022038,PRD00924,2026-05-05,2,Damaged
RET0000467,ORD0041895,PRD00363,2025-01-11,3,Wrong Product
RET0000468,ORD0025646,PRD00527,2026-04-23,1,Wrong Product
RET0000469,ORD0019024,PRD00895,2026-06-08,3,Damaged
RET0000470,ORD0023711,PRD00546,2026-07-27,1,Wrong Product
RET0000471,ORD0002367,PRD00877,2025-09-30,1,Late Delivery
RET0000472,ORD0049136,PRD00771,2025-07-17,2,Size/Compatibility
RET0000473,ORD0028993,PRD00812,2026-03-28,3,Defective
RET0000474,ORD0020966,PRD00831,2026-04-22,1,Late Delivery
RET0000475,ORD0032350,PRD00503,2025-03-24,3,Wrong Product
RET0000476,ORD0046042,PRD00416,2025-12-08,3,Wrong Product
RET0000477,ORD0007434,PRD00686,2025-08-30,1,Late Delivery
RET0000478,ORD0018913,PRD00284,2025-12-10,3,Size/Compatibility
RET0000479,ORD0047788,PRD00801,2026-07-19,1,Defective
RET0000480,ORD0046897,PRD00749,2026-05-31,2,Changed Mind
RET0000481,ORD0049104,PRD00148,2025-03-02,3,Defective
RET0000482,ORD0047615,PRD00365,2026-04-27,1,Late Delivery
RET0000483,ORD0010712,PRD00738,2026-01-28,1,Defective
RET0000484,ORD0031575,PRD00211,2026-03-08,2,Wrong Product
RET0000485,ORD0015567,PRD00644,2026-05-27,1,Late Delivery
RET0000486,ORD0036601,PRD00536,2025-03-15,1,Size/Compatibility
RET0000487,ORD0044949,PRD00613,2026-04-19,3,Changed Mind
RET0000488,ORD0008480,PRD00930,2026-02-17,1,Size/Compatibility
RET0000489,ORD0000723,PRD00744,2026-05-10,3,Damaged
RET0000490,ORD0039354,PRD00429,2026-02-19,3,Defective
RET0000491,ORD0001352,PRD00380,2025-06-22,2,Wrong Product
RET0000492,ORD0027962,PRD00666,2026-06-13,2,Defective
RET0000493,ORD0042646,PRD00559,2025-09-03,2,Late Delivery
RET0000494,ORD0021327,PRD00243,2025-10-13,3,Late Delivery
RET0000495,ORD0015195,PRD00873,2026-04-19,3,Damaged
RET0000496,ORD0000610,PRD00585,2025-10-04,2,Wrong Product
RET0000497,ORD0040193,PRD00035,2025-09-30,2,Late Delivery
RET0000498,ORD0027316,PRD00826,2025-07-04,1,Defective
RET0000499,ORD0020282,PRD00151,2025-10-07,1,Defective
RET0000500,ORD0045642,PRD00563,2025-10-03,1,Late Delivery
RET0000501,ORD0035723,PRD00259,2026-08-17,2,Defective
RET0000502,ORD0017779,PRD00080,2025-02-17,1,Wrong Product
RET0000503,ORD0040587,PRD00646,2025-11-08,2,Late Delivery
RET0000504,ORD0041130,PRD00661,2025-01-26,2,Size/Compatibility
RET0000505,ORD0029136,PRD00681,2026-07-08,2,Defective
RET0000506,ORD0011278,PRD00384,2026-04-07,3,Wrong Product
RET0000507,ORD0037916,PRD00838,2025-09-30,3,Size/Compatibility
RET0000508,ORD0031434,PRD00566,2025-10-03,3,Wrong Product
RET0000509,ORD0024419,PRD00937,2026-06-13,2,Changed Mind
RET0000510,ORD0049081,PRD00903,2025-11-15,1,Damaged
RET0000511,ORD0013701,PRD00585,2026-06-06,2,Defective
RET0000512,ORD0026220,PRD00809,2025-10-25,3,Late Delivery
RET0000513,ORD0020762,PRD00337,2026-05-16,2,Wrong Product
RET0000514,ORD0043109,PRD00812,2026-03-19,3,Wrong Product
RET0000515,ORD0038421,PRD00585,2025-09-04,3,Late Delivery
RET0000516,ORD0045200,PRD00796,2025-08-21,1,Changed Mind
RET0000517,ORD0028986,PRD00170,2026-01-07,1,Damaged
RET0000518,ORD0004411,PRD00101,2025-03-19,3,Changed Mind
RET0000519,ORD0043365,PRD00286,2026-02-07,2,Size/Compatibility
RET0000520,ORD0040064,PRD00486,2026-03-29,2,Defective
RET0000521,ORD0011781,PRD00780,2025-06-08,2,Damaged
RET0000522,ORD0016962,PRD00970,2026-01-23,2,Defective
RET0000523,ORD0013514,PRD00401,2026-08-23,3,Size/Compatibility
RET0000524,ORD0000807,PRD00302,2026-06-19,3,Wrong Product
RET0000525,ORD0047195,PRD00908,2025-08-18,2,Changed Mind
RET0000526,ORD0002177,PRD00239,2026-08-15,2,Defective
RET0000527,ORD0024189,PRD00935,2025-03-15,1,Changed Mind
RET0000528,ORD0013960,PRD00111,2026-03-27,3,Defective
RET0000529,ORD0030926,PRD00235,2026-04-21,1,Wrong Product
RET0000530,ORD0002712,PRD00035,2026-02-24,1,Wrong Product
RET0000531,ORD0044799,PRD00286,2025-04-27,2,Damaged
RET0000532,ORD0014380,PRD00796,2025-07-04,3,Changed Mind
RET0000533,ORD0018181,PRD00448,2025-12-12,2,Changed Mind
RET0000534,ORD0008011,PRD00575,2026-03-15,3,Changed Mind
RET0000535,ORD0023664,PRD00301,2026-01-26,3,Late Delivery
RET0000536,ORD0046532,PRD00418,2026-06-06,1,Late Delivery
RET0000537,ORD0010430,PRD00353,2025-02-16,1,Defective
RET0000538,ORD0020113,PRD00628,2025-03-12,1,Late Delivery
RET0000539,ORD0031607,PRD00349,2025-11-02,3,Damaged
RET0000540,ORD0014908,PRD00198,2026-08-23,3,Wrong Product
RET0000541,ORD0018912,PRD00383,2026-05-28,3,Damaged
RET0000542,ORD0033274,PRD00063,2025-11-23,3,Wrong Product
RET0000543,ORD0025956,PRD00167,2026-06-10,2,Defective
RET0000544,ORD0026948,PRD00986,2025-05-01,3,Wrong Product
RET0000545,ORD0023382,PRD00046,2025-04-17,1,Late Delivery
RET0000546,ORD0020978,PRD00615,2026-06-17,2,Late Delivery
RET0000547,ORD0011298,PRD00253,2025-08-02,1,Size/Compatibility
RET0000548,ORD0020355,PRD00617,2025-10-21,1,Changed Mind
RET0000549,ORD0035567,PRD00579,2025-12-05,3,Late Delivery
RET0000550,ORD0048988,PRD00332,2026-03-26,1,Wrong Product
RET0000551,ORD0003992,PRD00563,2026-03-19,1,Size/Compatibility
RET0000552,ORD0036336,PRD00171,2026-08-11,2,Wrong Product
RET0000553,ORD0009975,PRD00505,2025-05-23,2,Wrong Product
RET0000554,ORD0004752,PRD00577,2025-01-27,3,Defective
RET0000555,ORD0026004,PRD00237,2025-07-18,1,Late Delivery
RET0000556,ORD0026638,PRD00828,2025-09-25,2,Defective
RET0000557,ORD0039427,PRD00522,2025-10-28,2,Defective
RET0000558,ORD0001521,PRD00110,2026-07-16,3,Defective
RET0000559,ORD0043627,PRD00031,2026-06-17,3,Damaged
RET0000560,ORD0000975,PRD00440,2025-08-21,3,Damaged
RET0000561,ORD0026720,PRD00425,2026-01-02,2,Damaged
RET0000562,ORD0008652,PRD00612,2025-01-01,3,Defective
RET0000563,ORD0025223,PRD00636,2025-04-23,2,Defective
RET0000564,ORD0010311,PRD00835,2026-01-24,3,Size/Compatibility
RET0000565,ORD0022238,PRD00304,2026-03-24,1,Damaged
RET0000566,ORD0032816,PRD00266,2025-04-16,1,Changed Mind
RET0000567,ORD0017360,PRD00748,2025-07-22,3,Size/Compatibility
RET0000568,ORD0020515,PRD00216,2026-01-20,3,Size/Compatibility
RET0000569,ORD0020877,PRD00426,2026-07-12,3,Damaged
RET0000570,ORD0012504,PRD00539,2025-08-11,1,Size/Compatibility
RET0000571,ORD0034742,PRD00748,2025-07-29,2,Size/Compatibility
RET0000572,ORD0021969,PRD00160,2025-07-07,3,Late Delivery
RET0000573,ORD0025839,PRD00713,2025-12-03,3,Wrong Product
RET0000574,ORD0034911,PRD00515,2026-05-11,3,Damaged
RET0000575,ORD0048068,PRD00191,2025-10-07,2,Damaged
RET0000576,ORD0006647,PRD00584,2026-05-08,3,Damaged
RET0000577,ORD0004917,PRD00955,2026-04-30,3,Defective
RET0000578,ORD0048704,PRD00119,2025-12-05,1,Wrong Product
RET0000579,ORD0014942,PRD00176,2025-10-16,1,Defective
RET0000580,ORD0013157,PRD00471,2026-07-23,1,Late Delivery
RET0000581,ORD0023060,PRD00684,2025-09-15,3,Changed Mind
RET0000582,ORD0034204,PRD00800,2026-05-04,1,Size/Compatibility
RET0000583,ORD0016027,PRD00429,2025-11-01,1,Changed Mind
RET0000584,ORD0006921,PRD00639,2026-08-24,2,Wrong Product
RET0000585,ORD0006742,PRD00140,2026-02-13,1,Defective
RET0000586,ORD0008783,PRD00966,2025-05-30,1,Defective
RET0000587,ORD0028062,PRD00467,2025-10-19,3,Changed Mind
RET0000588,ORD0033702,PRD00801,2025-09-15,3,Damaged
RET0000589,ORD0020506,PRD00516,2025-07-20,3,Damaged
RET0000590,ORD0039739,PRD00956,2025-08-23,3,Changed Mind
RET0000591,ORD0011535,PRD00612,2025-04-10,2,Changed Mind
RET0000592,ORD0038030,PRD00637,2025-11-07,1,Defective
RET0000593,ORD0033907,PRD00040,2025-06-14,3,Defective
RET0000594,ORD0019993,PRD00617,2025-11-17,1,Late Delivery
RET0000595,ORD0031604,PRD00323,2025-02-26,1,Changed Mind
RET0000596,ORD0039943,PRD00419,2025-05-04,2,Defective
RET0000597,ORD0017044,PRD00001,2025-09-19,3,Size/Compatibility
RET0000598,ORD0019507,PRD00811,2025-06-29,2,Wrong Product
RET0000599,ORD0028115,PRD00793,2026-03-03,2,Late Delivery
RET0000600,ORD0044438,PRD00362,2026-08-25,1,Wrong Product
RET0000601,ORD0001030,PRD00568,2025-11-05,3,Wrong Product
RET0000602,ORD0015015,PRD00892,2025-10-06,2,Wrong Product
RET0000603,ORD0003163,PRD00494,2026-08-15,2,Size/Compatibility
RET0000604,ORD0005086,PRD00834,2026-03-23,3,Defective
RET0000605,ORD0018908,PRD00279,2025-06-08,2,Changed Mind
RET0000606,ORD0005189,PRD00921,2026-05-15,2,Size/Compatibility
RET0000607,ORD0021314,PRD00706,2025-12-04,3,Size/Compatibility
RET0000608,ORD0000374,PRD00263,2025-02-17,3,Changed Mind
RET0000609,ORD0049214,PRD00823,2025-03-30,2,Defective
RET0000610,ORD0039549,PRD00470,2026-04-02,1,Changed Mind
RET0000611,ORD0046997,PRD00214,2026-06-12,3,Size/Compatibility
RET0000612,ORD0049806,PRD00951,2025-05-02,1,Late Delivery
RET0000613,ORD0048894,PRD00648,2025-02-25,1,Wrong Product
RET0000614,ORD0040531,PRD00982,2026-02-26,3,Changed Mind
RET0000615,ORD0046253,PRD00403,2026-01-06,1,Defective
RET0000616,ORD0013946,PRD00021,2025-02-20,3,Late Delivery
RET0000617,ORD0006817,PRD00096,2025-08-21,3,Changed Mind
RET0000618,ORD0043233,PRD00766,2025-12-12,3,Late Delivery
RET0000619,ORD0044059,PRD00459,2026-06-23,1,Wrong Product
RET0000620,ORD0045878,PRD00570,2026-07-24,1,Damaged
RET0000621,ORD0007009,PRD00352,2026-03-17,2,Late Delivery
RET0000622,ORD0004278,PRD00680,2025-12-31,2,Size/Compatibility
RET0000623,ORD0038169,PRD00055,2025-07-06,2,Damaged
RET0000624,ORD0024544,PRD00820,2025-01-12,1,Defective
RET0000625,ORD0047921,PRD00992,2025-09-02,2,Changed Mind
RET0000626,ORD0034986,PRD00805,2025-12-09,3,Defective
RET0000627,ORD0000051,PRD00954,2026-02-27,1,Defective
RET0000628,ORD0033876,PRD00317,2025-10-27,2,Late Delivery
RET0000629,ORD0024564,PRD00074,2025-11-19,3,Defective
RET0000630,ORD0002923,PRD00127,2025-01-27,1,Late Delivery
RET0000631,ORD0006499,PRD00215,2025-07-21,1,Size/Compatibility
RET0000632,ORD0009623,PRD00176,2025-01-11,3,Changed Mind
RET0000633,ORD0009621,PRD00602,2026-08-09,2,Damaged
RET0000634,ORD0034174,PRD00530,2025-11-27,2,Wrong Product
RET0000635,ORD0012306,PRD00609,2025-12-10,1,Wrong Product
RET0000636,ORD0020700,PRD00935,2025-12-08,3,Size/Compatibility
RET0000637,ORD0018509,PRD00078,2025-08-19,1,Wrong Product
RET0000638,ORD0003362,PRD00765,2026-04-22,3,Wrong Product
RET0000639,ORD0008519,PRD00045,2025-02-13,1,Changed Mind
RET0000640,ORD0028791,PRD00674,2026-06-19,3,Size/Compatibility
RET0000641,ORD0008270,PRD00745,2025-09-14,1,Changed Mind
RET0000642,ORD0030832,PRD00467,2026-05-08,3,Changed Mind
RET0000643,ORD0029077,PRD00125,2026-05-25,1,Late Delivery
RET0000644,ORD0010383,PRD00157,2026-01-14,2,Defective
RET0000645,ORD0041943,PRD00220,2025-06-17,2,Wrong Product
RET0000646,ORD0032405,PRD00503,2025-09-25,3,Defective
RET0000647,ORD0000924,PRD00369,2025-02-02,2,Defective
RET0000648,ORD0047595,PRD00291,2025-02-18,3,Changed Mind
RET0000649,ORD0036194,PRD00548,2026-07-28,1,Defective
RET0000650,ORD0003450,PRD00034,2026-06-13,3,Wrong Product
RET0000651,ORD0004994,PRD00912,2026-02-17,1,Wrong Product
RET0000652,ORD0001766,PRD00571,2026-07-10,2,Changed Mind
RET0000653,ORD0026172,PRD00119,2026-05-24,2,Changed Mind
RET0000654,ORD0043768,PRD00866,2025-03-21,2,Size/Compatibility
RET0000655,ORD0001729,PRD00129,2025-11-20,2,Damaged
RET0000656,ORD0036170,PRD00266,2026-07-12,2,Late Delivery
RET0000657,ORD0025802,PRD00075,2025-10-22,3,Late Delivery
RET0000658,ORD0006277,PRD00067,2025-05-08,2,Late Delivery
RET0000659,ORD0016525,PRD00179,2025-05-16,2,Changed Mind
RET0000660,ORD0003606,PRD00918,2025-05-18,3,Damaged
RET0000661,ORD0047980,PRD00240,2025-04-22,2,Damaged
RET0000662,ORD0022665,PRD00188,2025-02-14,3,Damaged
RET0000663,ORD0029615,PRD00599,2026-05-18,2,Late Delivery
RET0000664,ORD0000990,PRD00347,2025-03-27,3,Damaged
RET0000665,ORD0033071,PRD00333,2025-05-24,3,Changed Mind
RET0000666,ORD0012359,PRD00284,2025-10-28,3,Size/Compatibility
RET0000667,ORD0014591,PRD00746,2026-01-31,1,Late Delivery
RET0000668,ORD0047999,PRD00625,2026-08-11,2,Damaged
RET0000669,ORD0015401,PRD00869,2026-03-18,2,Size/Compatibility
RET0000670,ORD0018429,PRD00051,2025-12-15,2,Defective
RET0000671,ORD0020626,PRD00315,2026-06-11,2,Late Delivery
RET0000672,ORD0010147,PRD00731,2026-04-28,1,Damaged
RET0000673,ORD0038010,PRD00149,2025-12-18,1,Damaged
RET0000674,ORD0026165,PRD00433,2026-04-28,1,Damaged
RET0000675,ORD0011941,PRD00363,2026-02-02,1,Changed Mind
RET0000676,ORD0006481,PRD00791,2025-10-03,3,Changed Mind
RET0000677,ORD0024779,PRD00944,2025-05-20,2,Size/Compatibility
RET0000678,ORD0005897,PRD00180,2025-09-11,1,Changed Mind
RET0000679,ORD0032738,PRD00626,2026-05-07,3,Changed Mind
RET0000680,ORD0047368,PRD00648,2026-07-21,3,Late Delivery
RET0000681,ORD0046013,PRD00797,2025-10-21,2,Changed Mind
RET0000682,ORD0007061,PRD00102,2025-01-29,1,Damaged
RET0000683,ORD0023860,PRD00905,2025-03-26,2,Changed Mind
RET0000684,ORD0017599,PRD00894,2026-06-04,2,Wrong Product
RET0000685,ORD0002608,PRD00183,2025-03-02,1,Late Delivery
RET0000686,ORD0001127,PRD00285,2026-02-15,2,Damaged
RET0000687,ORD0032523,PRD00987,2025-02-09,3,Defective
RET0000688,ORD0039839,PRD00324,2025-06-27,3,Wrong Product
RET0000689,ORD0013740,PRD00563,2025-10-10,2,Defective
RET0000690,ORD0038313,PRD00437,2025-09-27,3,Changed Mind
RET0000691,ORD0021948,PRD00404,2026-04-04,3,Size/Compatibility
RET0000692,ORD0021653,PRD00142,2026-02-20,3,Wrong Product
RET0000693,ORD0021679,PRD00292,2025-06-11,3,Damaged
RET0000694,ORD0034437,PRD00293,2025-03-07,3,Late Delivery
RET0000695,ORD0024768,PRD00831,2026-08-20,1,Changed Mind
RET0000696,ORD0044717,PRD00765,2026-02-20,2,Damaged
RET0000697,ORD0042138,PRD00006,2025-05-22,2,Wrong Product
RET0000698,ORD0007735,PRD00601,2026-03-29,1,Changed Mind
RET0000699,ORD0034439,PRD00452,2026-06-25,1,Size/Compatibility
RET0000700,ORD0036487,PRD00928,2025-08-25,1,Changed Mind
RET0000701,ORD0021794,PRD00705,2025-09-18,1,Late Delivery
RET0000702,ORD0014741,PRD00530,2025-11-29,1,Defective
RET0000703,ORD0007991,PRD00176,2026-01-12,2,Wrong Product
RET0000704,ORD0043303,PRD00848,2026-03-11,2,Defective
RET0000705,ORD0037202,PRD00391,2025-10-22,1,Defective
RET0000706,ORD0025892,PRD00297,2026-06-02,2,Changed Mind
RET0000707,ORD0043393,PRD00924,2026-07-13,1,Wrong Product
RET0000708,ORD0027642,PRD00360,2025-02-20,2,Size/Compatibility
RET0000709,ORD0035068,PRD00877,2025-02-28,1,Size/Compatibility
RET0000710,ORD0007826,PRD00703,2025-05-27,3,Size/Compatibility
RET0000711,ORD0023667,PRD00152,2026-07-12,3,Late Delivery
RET0000712,ORD0023322,PRD00116,2026-01-24,3,Damaged
RET0000713,ORD0024516,PRD00526,2026-05-29,2,Wrong Product
RET0000714,ORD0038387,PRD00885,2026-04-08,1,Wrong Product
RET0000715,ORD0034831,PRD00343,2025-06-09,2,Defective
RET0000716,ORD0029748,PRD00090,2026-04-27,1,Changed Mind
RET0000717,ORD0045363,PRD00379,2026-08-19,3,Late Delivery
RET0000718,ORD0036997,PRD00684,2025-11-27,1,Size/Compatibility
RET0000719,ORD0029199,PRD00238,2025-06-10,1,Late Delivery
RET0000720,ORD0013708,PRD00701,2025-10-19,1,Wrong Product
RET0000721,ORD0044435,PRD00148,2026-07-16,1,Defective
RET0000722,ORD0040857,PRD00608,2025-07-13,1,Wrong Product
RET0000723,ORD0013718,PRD00981,2025-03-05,1,Damaged
RET0000724,ORD0031337,PRD00946,2026-06-13,1,Size/Compatibility
RET0000725,ORD0022203,PRD00416,2025-12-25,3,Damaged
RET0000726,ORD0009029,PRD00628,2025-04-01,3,Defective
RET0000727,ORD0023265,PRD00825,2025-06-23,3,Damaged
RET0000728,ORD0045886,PRD00075,2026-05-25,1,Changed Mind
RET0000729,ORD0002103,PRD00680,2026-05-12,2,Changed Mind
RET0000730,ORD0038511,PRD00871,2025-06-30,3,Changed Mind
RET0000731,ORD0009993,PRD00605,2026-06-12,3,Changed Mind
RET0000732,ORD0010187,PRD00475,2025-09-23,2,Wrong Product
RET0000733,ORD0012931,PRD00195,2025-01-05,3,Late Delivery
RET0000734,ORD0015543,PRD00016,2026-01-11,1,Wrong Product
RET0000735,ORD0026072,PRD00082,2026-04-28,1,Defective
RET0000736,ORD0046992,PRD00611,2026-06-25,2,Defective
RET0000737,ORD0030392,PRD00460,2025-12-23,3,Late Delivery
RET0000738,ORD0000140,PRD00212,2025-11-10,2,Damaged
RET0000739,ORD0024977,PRD00618,2026-08-27,1,Size/Compatibility
RET0000740,ORD0048848,PRD00613,2025-01-30,2,Damaged
RET0000741,ORD0031499,PRD00169,2026-08-18,2,Changed Mind
RET0000742,ORD0037914,PRD00725,2026-03-14,2,Changed Mind
RET0000743,ORD0008348,PRD00726,2025-11-12,2,Size/Compatibility
RET0000744,ORD0020027,PRD00103,2025-01-23,3,Damaged
RET0000745,ORD0016190,PRD00248,2025-03-27,2,Size/Compatibility
RET0000746,ORD0032768,PRD00610,2025-11-20,1,Wrong Product
RET0000747,ORD0030296,PRD00858,2025-04-26,2,Wrong Product
RET0000748,ORD0037754,PRD00117,2025-09-22,2,Size/Compatibility
RET0000749,ORD0049184,PRD00682,2026-05-29,2,Changed Mind
RET0000750,ORD0017258,PRD00745,2026-02-08,1,Late Delivery
RET0000751,ORD0008445,PRD00069,2026-02-08,2,Late Delivery
RET0000752,ORD0029147,PRD00792,2026-07-27,3,Size/Compatibility
RET0000753,ORD0043014,PRD00571,2025-04-16,2,Wrong Product
RET0000754,ORD0041926,PRD00368,2026-03-15,3,Size/Compatibility
RET0000755,ORD0013460,PRD00172,2025-07-06,3,Late Delivery
RET0000756,ORD0043445,PRD00954,2026-08-04,1,Wrong Product
RET0000757,ORD0023865,PRD00032,2025-07-26,1,Defective
RET0000758,ORD0048186,PRD00995,2026-07-02,3,Size/Compatibility
RET0000759,ORD0034624,PRD00485,2025-08-19,3,Defective
RET0000760,ORD0031389,PRD00427,2026-03-25,1,Size/Compatibility
RET0000761,ORD0022712,PRD00741,2026-01-25,1,Late Delivery
RET0000762,ORD0035083,PRD00306,2025-12-06,1,Damaged
RET0000763,ORD0041062,PRD00251,2025-05-10,2,Damaged
RET0000764,ORD0022592,PRD00238,2025-08-07,3,Wrong Product
RET0000765,ORD0002967,PRD00309,2026-02-20,1,Size/Compatibility
RET0000766,ORD0024067,PRD00051,2026-07-26,3,Wrong Product
RET0000767,ORD0049096,PRD00044,2026-06-14,2,Wrong Product
RET0000768,ORD0007225,PRD00434,2025-03-01,3,Late Delivery
RET0000769,ORD0041199,PRD00989,2026-08-01,3,Damaged
RET0000770,ORD0028103,PRD00182,2025-04-18,2,Wrong Product
RET0000771,ORD0018476,PRD00262,2026-03-09,3,Defective
RET0000772,ORD0028047,PRD00838,2025-08-23,2,Late Delivery
RET0000773,ORD0032224,PRD00924,2025-03-26,2,Damaged
RET0000774,ORD0017415,PRD00233,2025-12-19,3,Size/Compatibility
RET0000775,ORD0019026,PRD00963,2026-05-05,1,Wrong Product
RET0000776,ORD0043956,PRD00659,2025-09-14,3,Wrong Product
RET0000777,ORD0035973,PRD00063,2025-04-22,2,Defective
RET0000778,ORD0038952,PRD00398,2025-11-06,1,Size/Compatibility
RET0000779,ORD0031924,PRD00386,2026-03-27,3,Damaged
RET0000780,ORD0007734,PRD00244,2026-07-20,2,Changed Mind
RET0000781,ORD0005760,PRD00242,2025-10-11,2,Changed Mind
RET0000782,ORD0032105,PRD00029,2025-03-17,2,Wrong Product
RET0000783,ORD0005785,PRD00973,2025-09-10,2,Size/Compatibility
RET0000784,ORD0048529,PRD00106,2026-01-26,2,Size/Compatibility
RET0000785,ORD0047287,PRD00520,2026-06-21,3,Changed Mind
RET0000786,ORD0018172,PRD00728,2025-05-10,2,Damaged
RET0000787,ORD0046395,PRD00236,2025-02-26,1,Late Delivery
RET0000788,ORD0023436,PRD00889,2026-06-29,1,Damaged
RET0000789,ORD0024591,PRD00944,2026-05-11,3,Wrong Product
RET0000790,ORD0044586,PRD00268,2025-03-06,3,Damaged
RET0000791,ORD0009154,PRD00856,2025-08-29,3,Size/Compatibility
RET0000792,ORD0001981,PRD00545,2025-11-15,3,Defective
RET0000793,ORD0044341,PRD00458,2026-03-09,3,Late Delivery
RET0000794,ORD0013102,PRD00753,2025-12-11,1,Wrong Product
RET0000795,ORD0019033,PRD00561,2026-07-29,3,Wrong Product
RET0000796,ORD0000159,PRD00983,2025-03-04,1,Damaged
RET0000797,ORD0006606,PRD00770,2026-08-05,2,Late Delivery
RET0000798,ORD0010010,PRD00509,2025-11-12,1,Changed Mind
RET0000799,ORD0040826,PRD00147,2026-05-05,3,Changed Mind
RET0000800,ORD0007286,PRD00259,2025-03-11,3,Damaged
RET0000801,ORD0028324,PRD00574,2026-05-31,1,Defective
RET0000802,ORD0012292,PRD00676,2025-03-25,2,Damaged
RET0000803,ORD0035360,PRD00456,2025-06-20,3,Changed Mind
RET0000804,ORD0000254,PRD00958,2025-10-11,3,Defective
RET0000805,ORD0044922,PRD00934,2025-06-25,2,Damaged
RET0000806,ORD0020736,PRD00902,2025-02-11,1,Late Delivery
RET0000807,ORD0005556,PRD00394,2025-05-09,1,Changed Mind
RET0000808,ORD0034386,PRD00664,2026-02-23,2,Size/Compatibility
RET0000809,ORD0022782,PRD00265,2025-03-15,3,Changed Mind
RET0000810,ORD0011555,PRD00955,2025-10-25,3,Size/Compatibility
RET0000811,ORD0023377,PRD00413,2025-08-05,2,Late Delivery
RET0000812,ORD0034763,PRD00701,2026-02-05,3,Defective
RET0000813,ORD0012436,PRD00781,2025-06-18,3,Changed Mind
RET0000814,ORD0034069,PRD00931,2026-06-04,3,Late Delivery
RET0000815,ORD0006589,PRD00091,2026-03-11,1,Wrong Product
RET0000816,ORD0007324,PRD00818,2026-02-19,3,Defective
RET0000817,ORD0032824,PRD00551,2025-03-09,2,Damaged
RET0000818,ORD0016989,PRD00073,2025-06-24,3,Size/Compatibility
RET0000819,ORD0034398,PRD00282,2025-01-07,2,Damaged
RET0000820,ORD0005568,PRD00813,2025-07-15,3,Changed Mind
RET0000821,ORD0047049,PRD00483,2026-02-07,3,Changed Mind
RET0000822,ORD0047635,PRD00987,2025-12-07,3,Damaged
RET0000823,ORD0038242,PRD00508,2025-05-24,1,Wrong Product
RET0000824,ORD0030449,PRD00780,2025-09-07,1,Defective
RET0000825,ORD0006895,PRD00418,2026-05-20,2,Size/Compatibility
RET0000826,ORD0032358,PRD00904,2025-10-31,2,Damaged
RET0000827,ORD0034124,PRD00342,2026-04-29,2,Changed Mind
RET0000828,ORD0039384,PRD00124,2025-09-11,1,Wrong Product
RET0000829,ORD0028216,PRD00038,2025-09-03,2,Late Delivery
RET0000830,ORD0011473,PRD00659,2026-01-31,1,Size/Compatibility
RET0000831,ORD0028411,PRD00896,2025-11-29,3,Changed Mind
RET0000832,ORD0003352,PRD00326,2026-01-18,3,Damaged
RET0000833,ORD0017366,PRD00046,2026-03-02,2,Wrong Product
RET0000834,ORD0011508,PRD00753,2026-04-16,1,Wrong Product
RET0000835,ORD0019114,PRD00095,2025-03-13,2,Damaged
RET0000836,ORD0040565,PRD00278,2025-10-15,3,Size/Compatibility
RET0000837,ORD0013175,PRD00229,2026-08-21,2,Late Delivery
RET0000838,ORD0018659,PRD00543,2025-08-06,1,Late Delivery
RET0000839,ORD0009029,PRD00098,2025-02-07,3,Changed Mind
RET0000840,ORD0023961,PRD00095,2026-04-28,2,Changed Mind
RET0000841,ORD0016021,PRD00061,2026-04-17,2,Size/Compatibility
RET0000842,ORD0040961,PRD00063,2026-03-17,2,Changed Mind
RET0000843,ORD0040929,PRD00491,2026-03-12,1,Defective
RET0000844,ORD0036663,PRD00571,2025-02-23,2,Wrong Product
RET0000845,ORD0038517,PRD00156,2025-10-23,3,Late Delivery
RET0000846,ORD0042427,PRD00434,2025-04-11,1,Damaged
RET0000847,ORD0007653,PRD00559,2025-12-23,3,Late Delivery
RET0000848,ORD0046379,PRD00855,2025-09-17,3,Damaged
RET0000849,ORD0027800,PRD00063,2026-01-30,3,Late Delivery
RET0000850,ORD0046711,PRD00014,2025-09-19,3,Changed Mind
RET0000851,ORD0043934,PRD00959,2025-05-01,1,Defective
RET0000852,ORD0045482,PRD00713,2025-03-01,2,Late Delivery
RET0000853,ORD0016287,PRD00451,2026-05-21,2,Wrong Product
RET0000854,ORD0007769,PRD00352,2026-08-20,1,Changed Mind
RET0000855,ORD0043692,PRD00391,2026-05-06,2,Changed Mind
RET0000856,ORD0044405,PRD00636,2025-06-09,3,Size/Compatibility
RET0000857,ORD0039814,PRD00373,2026-02-17,3,Size/Compatibility
RET0000858,ORD0037543,PRD00383,2025-04-25,2,Size/Compatibility
RET0000859,ORD0021501,PRD00059,2025-06-20,1,Damaged
RET0000860,ORD0046469,PRD00320,2026-06-21,3,Wrong Product
RET0000861,ORD0041940,PRD00354,2025-07-20,1,Damaged
RET0000862,ORD0007494,PRD00569,2025-02-10,2,Late Delivery
RET0000863,ORD0013000,PRD00948,2026-03-27,2,Late Delivery
RET0000864,ORD0011012,PRD00248,2025-09-16,3,Damaged
RET0000865,ORD0019071,PRD00606,2025-01-02,2,Damaged
RET0000866,ORD0014593,PRD00327,2025-06-06,1,Late Delivery
RET0000867,ORD0029010,PRD00271,2026-06-12,2,Wrong Product
RET0000868,ORD0048495,PRD00768,2026-02-16,2,Defective
RET0000869,ORD0013095,PRD00108,2025-06-19,1,Late Delivery
RET0000870,ORD0030447,PRD00684,2026-02-22,3,Size/Compatibility
RET0000871,ORD0034085,PRD00850,2026-04-09,1,Damaged
RET0000872,ORD0016748,PRD00973,2026-08-21,1,Damaged
RET0000873,ORD0035582,PRD00420,2026-02-13,2,Wrong Product
RET0000874,ORD0035690,PRD00790,2025-05-15,1,Changed Mind
RET0000875,ORD0019491,PRD00537,2026-04-05,3,Wrong Product
RET0000876,ORD0038221,PRD00483,2026-08-24,3,Damaged
RET0000877,ORD0019683,PRD00729,2025-12-19,2,Late Delivery
RET0000878,ORD0034851,PRD00882,2025-11-12,1,Changed Mind
RET0000879,ORD0007602,PRD00501,2025-09-05,3,Size/Compatibility
RET0000880,ORD0029978,PRD00371,2025-04-21,3,Defective
RET0000881,ORD0029258,PRD00347,2025-08-14,2,Late Delivery
RET0000882,ORD0031860,PRD00841,2025-03-16,3,Damaged
RET0000883,ORD0038493,PRD00554,2026-01-22,2,Damaged
RET0000884,ORD0014311,PRD00291,2026-05-24,2,Defective
RET0000885,ORD0030225,PRD00041,2026-06-21,1,Late Delivery
RET0000886,ORD0012391,PRD00724,2025-08-04,1,Late Delivery
RET0000887,ORD0030731,PRD00177,2026-05-28,2,Defective
RET0000888,ORD0011105,PRD00076,2026-05-20,1,Defective
RET0000889,ORD0026931,PRD00344,2025-01-30,3,Size/Compatibility
RET0000890,ORD0000562,PRD00148,2026-06-10,2,Defective
RET0000891,ORD0041277,PRD00878,2026-06-30,2,Defective
RET0000892,ORD0017661,PRD00704,2026-08-24,2,Wrong Product
RET0000893,ORD0044034,PRD00088,2025-04-14,1,Defective
RET0000894,ORD0037734,PRD00485,2025-09-24,2,Wrong Product
RET0000895,ORD0016879,PRD00484,2025-10-17,1,Defective
RET0000896,ORD0004419,PRD00016,2025-11-29,3,Defective
RET0000897,ORD0039802,PRD00154,2025-10-03,3,Changed Mind
RET0000898,ORD0029061,PRD00696,2025-06-05,2,Late Delivery
RET0000899,ORD0028694,PRD00957,2025-07-20,3,Wrong Product
RET0000900,ORD0042734,PRD00330,2025-11-10,2,Changed Mind
RET0000901,ORD0035238,PRD00981,2026-06-30,3,Defective
RET0000902,ORD0028192,PRD00813,2026-06-19,3,Damaged
RET0000903,ORD0014496,PRD00251,2025-05-22,2,Changed Mind
RET0000904,ORD0006559,PRD00350,2025-04-13,1,Late Delivery
RET0000905,ORD0001866,PRD00088,2025-11-16,1,Defective
RET0000906,ORD0038623,PRD00430,2025-03-21,1,Size/Compatibility
RET0000907,ORD0007859,PRD00977,2026-07-26,3,Changed Mind
RET0000908,ORD0000271,PRD00350,2026-04-10,2,Changed Mind
RET0000909,ORD0017407,PRD00682,2025-01-01,1,Size/Compatibility
RET0000910,ORD0006787,PRD00961,2026-03-29,1,Defective
RET0000911,ORD0008130,PRD00831,2025-08-06,1,Wrong Product
RET0000912,ORD0028715,PRD00519,2026-05-10,2,Damaged
RET0000913,ORD0041354,PRD00252,2025-04-08,2,Size/Compatibility
RET0000914,ORD0014999,PRD00973,2025-05-28,3,Changed Mind
RET0000915,ORD0003806,PRD00222,2025-11-09,1,Wrong Product
RET0000916,ORD0028268,PRD00839,2025-06-12,1,Wrong Product
RET0000917,ORD0042391,PRD00745,2026-02-22,3,Wrong Product
RET0000918,ORD0006459,PRD00310,2025-02-18,1,Wrong Product
RET0000919,ORD0047504,PRD00203,2026-05-21,3,Wrong Product
RET0000920,ORD0034993,PRD00948,2026-05-27,2,Wrong Product
RET0000921,ORD0033383,PRD00549,2025-05-14,2,Changed Mind
RET0000922,ORD0032168,PRD00479,2026-07-26,2,Defective
RET0000923,ORD0015508,PRD00149,2025-11-22,1,Wrong Product
RET0000924,ORD0034610,PRD00360,2026-05-14,2,Damaged
RET0000925,ORD0022400,PRD00291,2026-05-15,1,Size/Compatibility
RET0000926,ORD0003254,PRD00594,2025-08-04,3,Size/Compatibility
RET0000927,ORD0010463,PRD00020,2025-11-19,3,Changed Mind
RET0000928,ORD0029938,PRD00741,2025-06-03,1,Wrong Product
RET0000929,ORD0042500,PRD00067,2026-07-05,2,Size/Compatibility
RET0000930,ORD0036177,PRD00170,2026-06-14,3,Changed Mind
RET0000931,ORD0038503,PRD00463,2025-12-22,2,Late Delivery
RET0000932,ORD0017184,PRD00539,2025-02-08,3,Changed Mind
RET0000933,ORD0003487,PRD00917,2026-06-03,1,Late Delivery
RET0000934,ORD0005655,PRD00266,2025-10-15,3,Defective
RET0000935,ORD0015402,PRD00624,2025-05-04,2,Wrong Product
RET0000936,ORD0034327,PRD00486,2025-02-05,3,Size/Compatibility
RET0000937,ORD0017258,PRD00353,2025-10-06,3,Defective
RET0000938,ORD0016222,PRD00349,2025-01-10,3,Defective
RET0000939,ORD0022338,PRD00851,2025-04-01,1,Damaged
RET0000940,ORD0027760,PRD00846,2026-08-09,2,Size/Compatibility
RET0000941,ORD0020962,PRD00842,2025-11-26,3,Wrong Product
RET0000942,ORD0018201,PRD00794,2025-10-24,2,Defective
RET0000943,ORD0028232,PRD00645,2026-08-21,2,Defective
RET0000944,ORD0031915,PRD00020,2025-02-02,2,Defective
RET0000945,ORD0016166,PRD00345,2025-06-16,1,Size/Compatibility
RET0000946,ORD0020273,PRD00247,2026-05-26,2,Late Delivery
RET0000947,ORD0028380,PRD00177,2025-02-10,2,Late Delivery
RET0000948,ORD0030155,PRD00941,2026-08-10,1,Changed Mind
RET0000949,ORD0047645,PRD00165,2026-03-15,2,Defective
RET0000950,ORD0012123,PRD00046,2025-01-10,1,Defective
RET0000951,ORD0044399,PRD00187,2025-12-03,3,Damaged
RET0000952,ORD0035636,PRD00174,2025-08-29,3,Size/Compatibility
RET0000953,ORD0002858,PRD00422,2025-04-18,3,Damaged
RET0000954,ORD0040352,PRD00761,2026-01-17,3,Wrong Product
RET0000955,ORD0024006,PRD00889,2025-10-06,1,Changed Mind
RET0000956,ORD0038878,PRD00082,2025-05-07,2,Late Delivery
RET0000957,ORD0048737,PRD00851,2025-10-06,2,Late Delivery
RET0000958,ORD0021631,PRD00414,2025-04-30,2,Defective
RET0000959,ORD0026317,PRD00448,2025-10-17,1,Defective
RET0000960,ORD0015297,PRD00513,2025-11-29,3,Size/Compatibility
RET0000961,ORD0034967,PRD00782,2025-12-19,1,Defective
RET0000962,ORD0035186,PRD00033,2025-04-03,2,Damaged
RET0000963,ORD0027276,PRD00286,2025-12-09,1,Wrong Product
RET0000964,ORD0008758,PRD00208,2026-01-23,3,Late Delivery
RET0000965,ORD0027033,PRD00593,2025-03-21,1,Wrong Product
RET0000966,ORD0025042,PRD00577,2025-03-16,3,Changed Mind
RET0000967,ORD0034102,PRD00870,2025-04-14,3,Changed Mind
RET0000968,ORD0028460,PRD00468,2026-03-27,3,Changed Mind
RET0000969,ORD0015348,PRD00781,2025-07-12,2,Wrong Product
RET0000970,ORD0049998,PRD00300,2026-03-21,1,Damaged
RET0000971,ORD0039000,PRD00796,2025-02-05,3,Defective
RET0000972,ORD0049237,PRD00507,2026-06-27,3,Changed Mind
RET0000973,ORD0006054,PRD00201,2025-12-20,2,Late Delivery
RET0000974,ORD0022626,PRD00455,2026-07-24,1,Late Delivery
RET0000975,ORD0027663,PRD00879,2026-08-12,3,Damaged
RET0000976,ORD0033172,PRD00669,2026-03-04,1,Late Delivery
RET0000977,ORD0038709,PRD00916,2025-08-03,3,Defective
RET0000978,ORD0048610,PRD00105,2025-07-09,2,Late Delivery
RET0000979,ORD0025217,PRD00329,2025-02-22,2,Damaged
RET0000980,ORD0048337,PRD00862,2025-12-21,1,Damaged
RET0000981,ORD0016147,PRD00765,2026-03-31,1,Defective
RET0000982,ORD0030377,PRD00901,2025-05-12,3,Damaged
RET0000983,ORD0042418,PRD00728,2025-06-12,1,Wrong Product
RET0000984,ORD0047011,PRD00173,2025-02-19,3,Late Delivery
RET0000985,ORD0028695,PRD00731,2026-06-04,2,Changed Mind
RET0000986,ORD0043352,PRD00904,2025-01-05,1,Defective
RET0000987,ORD0010478,PRD00160,2026-08-20,3,Defective
RET0000988,ORD0005546,PRD00126,2025-02-01,2,Defective
RET0000989,ORD0027132,PRD00846,2025-01-30,2,Defective
RET0000990,ORD0049234,PRD00109,2025-06-30,3,Late Delivery
RET0000991,ORD0003415,PRD00742,2025-08-03,3,Defective
RET0000992,ORD0008294,PRD00749,2026-02-19,3,Defective
RET0000993,ORD0038404,PRD00974,2025-12-06,1,Damaged
RET0000994,ORD0021466,PRD00393,2025-03-06,1,Changed Mind
RET0000995,ORD0028227,PRD00215,2025-09-24,3,Changed Mind
RET0000996,ORD0049141,PRD00855,2026-06-03,3,Wrong Product
RET0000997,ORD0037722,PRD00530,2026-04-30,1,Late Delivery
RET0000998,ORD0010141,PRD00351,2025-07-12,3,Defective
RET0000999,ORD0024246,PRD00450,2025-12-17,2,Defective
RET0001000,ORD0010416,PRD00331,2025-04-24,2,Wrong Product
RET0001001,ORD0016951,PRD00877,2025-11-02,2,Wrong Product
RET0001002,ORD0037954,PRD00004,2025-03-07,3,Late Delivery
RET0001003,ORD0029909,PRD00774,2026-05-09,3,Size/Compatibility
RET0001004,ORD0028952,PRD00285,2025-07-11,1,Size/Compatibility
RET0001005,ORD0034687,PRD00009,2025-11-26,1,Wrong Product
RET0001006,ORD0042281,PRD00669,2025-08-07,3,Defective
RET0001007,ORD0035956,PRD00757,2026-03-07,2,Changed Mind
RET0001008,ORD0049219,PRD00996,2025-06-29,2,Changed Mind
RET0001009,ORD0027037,PRD00841,2025-01-05,1,Size/Compatibility
RET0001010,ORD0049315,PRD00901,2025-12-22,1,Size/Compatibility
RET0001011,ORD0022446,PRD00718,2025-03-23,2,Wrong Product
RET0001012,ORD0016482,PRD00059,2026-05-15,3,Defective
RET0001013,ORD0004775,PRD00519,2026-06-14,2,Changed Mind
RET0001014,ORD0001729,PRD00575,2025-11-04,1,Late Delivery
RET0001015,ORD0027099,PRD00177,2026-04-27,2,Late Delivery
RET0001016,ORD0040344,PRD00165,2025-12-06,3,Late Delivery
RET0001017,ORD0006997,PRD00243,2025-01-13,2,Late Delivery
RET0001018,ORD0000949,PRD00339,2025-10-07,1,Changed Mind
RET0001019,ORD0033885,PRD00265,2025-07-03,2,Damaged
RET0001020,ORD0030081,PRD00882,2025-03-20,3,Damaged
RET0001021,ORD0018330,PRD00001,2026-05-17,2,Changed Mind
RET0001022,ORD0017746,PRD00933,2026-04-25,1,Late Delivery
RET0001023,ORD0022154,PRD00601,2025-03-29,2,Changed Mind
RET0001024,ORD0010214,PRD00290,2025-05-09,3,Late Delivery
RET0001025,ORD0001521,PRD00384,2026-05-23,3,Damaged
RET0001026,ORD0017809,PRD00583,2025-01-28,3,Defective
RET0001027,ORD0039743,PRD00561,2025-06-23,2,Changed Mind
RET0001028,ORD0013051,PRD00977,2025-05-27,3,Damaged
RET0001029,ORD0017932,PRD00641,2026-07-11,1,Defective
RET0001030,ORD0017622,PRD00902,2025-11-04,3,Wrong Product
RET0001031,ORD0033737,PRD00315,2025-07-10,2,Size/Compatibility
RET0001032,ORD0044141,PRD00228,2025-04-10,2,Size/Compatibility
RET0001033,ORD0041447,PRD00438,2026-07-25,1,Wrong Product
RET0001034,ORD0026493,PRD00540,2025-11-12,2,Changed Mind
RET0001035,ORD0045501,PRD00081,2025-12-18,1,Damaged
RET0001036,ORD0017035,PRD00835,2026-02-08,2,Changed Mind
RET0001037,ORD0027418,PRD00775,2025-06-29,1,Size/Compatibility
RET0001038,ORD0037652,PRD00591,2025-01-21,2,Wrong Product
RET0001039,ORD0042597,PRD00091,2025-01-31,3,Late Delivery
RET0001040,ORD0030411,PRD00151,2025-10-16,1,Changed Mind
RET0001041,ORD0012737,PRD00314,2026-03-26,3,Defective
RET0001042,ORD0015530,PRD00381,2026-03-31,2,Changed Mind
RET0001043,ORD0036070,PRD00345,2025-12-20,2,Late Delivery
RET0001044,ORD0031574,PRD00530,2025-04-24,3,Size/Compatibility
RET0001045,ORD0013308,PRD00066,2025-07-05,3,Size/Compatibility
RET0001046,ORD0012407,PRD00932,2025-06-06,1,Damaged
RET0001047,ORD0025782,PRD00510,2025-08-17,3,Changed Mind
RET0001048,ORD0037164,PRD00687,2025-09-20,1,Late Delivery
RET0001049,ORD0031092,PRD00966,2026-05-26,3,Defective
RET0001050,ORD0033507,PRD00946,2026-03-26,3,Size/Compatibility
RET0001051,ORD0028207,PRD00670,2026-07-15,3,Size/Compatibility
RET0001052,ORD0011827,PRD00524,2025-09-20,3,Late Delivery
RET0001053,ORD0011075,PRD00462,2025-05-25,3,Late Delivery
RET0001054,ORD0013155,PRD00941,2026-03-25,3,Size/Compatibility
RET0001055,ORD0006648,PRD00501,2026-06-20,2,Late Delivery
RET0001056,ORD0024355,PRD00622,2026-02-24,3,Changed Mind
RET0001057,ORD0023508,PRD00854,2025-11-09,2,Wrong Product
RET0001058,ORD0003034,PRD00502,2025-09-19,2,Changed Mind
RET0001059,ORD0007369,PRD00923,2026-06-25,3,Size/Compatibility
RET0001060,ORD0044299,PRD00036,2025-09-09,1,Size/Compatibility
RET0001061,ORD0042129,PRD00072,2026-04-30,3,Size/Compatibility
RET0001062,ORD0012147,PRD00192,2025-07-06,1,Wrong Product
RET0001063,ORD0001910,PRD00722,2025-05-30,2,Late Delivery
RET0001064,ORD0045267,PRD00828,2025-03-13,3,Changed Mind
RET0001065,ORD0014277,PRD00173,2026-01-08,2,Size/Compatibility
RET0001066,ORD0020671,PRD00358,2025-03-04,3,Changed Mind
RET0001067,ORD0033425,PRD00293,2025-06-15,2,Wrong Product
RET0001068,ORD0013735,PRD00088,2026-07-09,2,Changed Mind
RET0001069,ORD0034166,PRD00257,2025-07-03,2,Defective
RET0001070,ORD0002922,PRD00716,2025-10-20,3,Changed Mind
RET0001071,ORD0031500,PRD00598,2025-09-03,3,Wrong Product
RET0001072,ORD0010496,PRD00787,2026-03-15,2,Late Delivery
RET0001073,ORD0040977,PRD00677,2025-12-26,3,Changed Mind
RET0001074,ORD0032339,PRD00309,2025-07-18,1,Size/Compatibility
RET0001075,ORD0008157,PRD00609,2025-09-19,1,Damaged
RET0001076,ORD0044788,PRD00269,2026-05-06,3,Wrong Product
RET0001077,ORD0006618,PRD00894,2026-01-24,1,Defective
RET0001078,ORD0035473,PRD00142,2026-01-30,2,Damaged
RET0001079,ORD0007028,PRD00548,2025-10-27,2,Changed Mind
RET0001080,ORD0035797,PRD00090,2025-08-15,1,Wrong Product
RET0001081,ORD0008840,PRD00983,2025-07-04,2,Defective
RET0001082,ORD0047776,PRD00816,2025-10-03,3,Size/Compatibility
RET0001083,ORD0001322,PRD00260,2026-06-05,2,Wrong Product
RET0001084,ORD0034774,PRD00887,2025-07-22,1,Wrong Product
RET0001085,ORD0030348,PRD00709,2026-06-13,3,Size/Compatibility
RET0001086,ORD0036295,PRD00711,2025-01-30,3,Defective
RET0001087,ORD0005493,PRD00957,2025-02-02,3,Wrong Product
RET0001088,ORD0010024,PRD00902,2025-07-04,3,Changed Mind
RET0001089,ORD0040563,PRD00532,2025-07-21,1,Damaged
RET0001090,ORD0019351,PRD00218,2026-05-10,3,Late Delivery
RET0001091,ORD0028191,PRD00952,2026-02-17,3,Late Delivery
RET0001092,ORD0027045,PRD00974,2026-05-10,3,Defective
RET0001093,ORD0048438,PRD00643,2025-11-27,3,Defective
RET0001094,ORD0036470,PRD00699,2025-03-27,2,Changed Mind
RET0001095,ORD0027303,PRD00752,2025-12-05,3,Wrong Product
RET0001096,ORD0018806,PRD00792,2025-05-09,3,Size/Compatibility
RET0001097,ORD0012875,PRD00782,2025-02-01,3,Damaged
RET0001098,ORD0025544,PRD00835,2025-10-15,1,Late Delivery
RET0001099,ORD0015228,PRD00215,2025-11-02,2,Wrong Product
RET0001100,ORD0005631,PRD00850,2026-05-16,2,Damaged
RET0001101,ORD0012875,PRD00829,2026-01-19,2,Late Delivery
RET0001102,ORD0043123,PRD00861,2026-04-19,1,Defective
RET0001103,ORD0014484,PRD00842,2025-02-17,2,Wrong Product
RET0001104,ORD0040048,PRD00048,2026-04-30,3,Size/Compatibility
RET0001105,ORD0035257,PRD00814,2025-03-03,3,Late Delivery
RET0001106,ORD0009527,PRD00982,2025-08-23,1,Wrong Product
RET0001107,ORD0020387,PRD00483,2026-01-12,1,Late Delivery
RET0001108,ORD0009334,PRD00159,2026-03-29,3,Wrong Product
RET0001109,ORD0013788,PRD00226,2026-03-09,1,Size/Compatibility
RET0001110,ORD0023084,PRD00559,2025-11-29,1,Changed Mind
RET0001111,ORD0033716,PRD00820,2025-05-06,3,Wrong Product
RET0001112,ORD0043128,PRD00989,2025-07-09,1,Damaged
RET0001113,ORD0043888,PRD00652,2025-05-11,2,Wrong Product
RET0001114,ORD0012890,PRD00984,2026-03-16,1,Late Delivery
RET0001115,ORD0015793,PRD00782,2026-05-28,1,Size/Compatibility
RET0001116,ORD0005991,PRD00061,2025-12-25,3,Defective
RET0001117,ORD0024916,PRD00827,2026-01-23,2,Damaged
RET0001118,ORD0003610,PRD00055,2025-08-02,1,Defective
RET0001119,ORD0044138,PRD00655,2026-07-03,1,Defective
RET0001120,ORD0045228,PRD00939,2025-05-31,2,Size/Compatibility
RET0001121,ORD0031007,PRD00769,2025-10-24,2,Damaged
RET0001122,ORD0017740,PRD00542,2025-12-02,2,Size/Compatibility
RET0001123,ORD0006043,PRD00326,2026-02-02,2,Damaged
RET0001124,ORD0044243,PRD00813,2026-01-30,2,Late Delivery
RET0001125,ORD0019215,PRD00956,2026-06-25,3,Damaged
RET0001126,ORD0001921,PRD00939,2026-03-10,3,Damaged
RET0001127,ORD0047501,PRD00237,2026-05-26,2,Wrong Product
RET0001128,ORD0000688,PRD00444,2025-05-06,2,Damaged
RET0001129,ORD0048665,PRD00655,2026-01-25,1,Defective
RET0001130,ORD0040356,PRD00079,2025-03-22,3,Defective
RET0001131,ORD0034136,PRD00331,2025-05-06,1,Damaged
RET0001132,ORD0015327,PRD00731,2025-01-25,1,Changed Mind
RET0001133,ORD0034036,PRD00647,2026-05-14,1,Defective
RET0001134,ORD0038755,PRD00498,2026-08-27,1,Wrong Product
RET0001135,ORD0029510,PRD00824,2026-08-08,3,Defective
RET0001136,ORD0022657,PRD00392,2025-09-12,3,Wrong Product
RET0001137,ORD0026556,PRD00025,2026-01-24,1,Wrong Product
RET0001138,ORD0026423,PRD00105,2025-04-19,2,Wrong Product
RET0001139,ORD0031476,PRD00859,2026-07-02,2,Changed Mind
RET0001140,ORD0019434,PRD00934,2026-01-31,1,Defective
RET0001141,ORD0008610,PRD00071,2026-08-12,1,Defective
RET0001142,ORD0017554,PRD00353,2025-09-08,3,Late Delivery
RET0001143,ORD0029672,PRD00439,2026-03-15,1,Defective
RET0001144,ORD0024815,PRD00887,2026-04-27,1,Wrong Product
RET0001145,ORD0015799,PRD00483,2025-10-21,1,Defective
RET0001146,ORD0010611,PRD00096,2025-08-29,3,Damaged
RET0001147,ORD0038186,PRD00087,2025-04-30,3,Size/Compatibility
RET0001148,ORD0024989,PRD00109,2026-07-03,1,Damaged
RET0001149,ORD0014344,PRD00055,2025-08-21,3,Wrong Product
RET0001150,ORD0044186,PRD00250,2026-07-17,3,Wrong Product
RET0001151,ORD0007405,PRD00936,2025-09-01,3,Damaged
RET0001152,ORD0015479,PRD00989,2025-07-07,2,Defective
RET0001153,ORD0029643,PRD00111,2026-01-17,3,Wrong Product
RET0001154,ORD0031689,PRD00645,2026-03-05,2,Wrong Product
RET0001155,ORD0026703,PRD00034,2025-05-06,1,Late Delivery
RET0001156,ORD0037818,PRD00197,2026-03-06,1,Damaged
RET0001157,ORD0029264,PRD00318,2025-09-26,2,Defective
RET0001158,ORD0019622,PRD00352,2025-12-08,1,Defective
RET0001159,ORD0045337,PRD00105,2025-08-08,1,Size/Compatibility
RET0001160,ORD0046945,PRD00841,2026-04-09,1,Defective
RET0001161,ORD0045649,PRD00776,2025-01-11,2,Size/Compatibility
RET0001162,ORD0026324,PRD00429,2025-08-10,2,Changed Mind
RET0001163,ORD0003938,PRD00462,2026-02-08,2,Damaged
RET0001164,ORD0037326,PRD00238,2025-02-15,3,Damaged
RET0001165,ORD0004180,PRD00663,2026-01-28,2,Changed Mind
RET0001166,ORD0048599,PRD00542,2025-04-12,2,Size/Compatibility
RET0001167,ORD0019917,PRD00771,2025-09-17,1,Size/Compatibility
RET0001168,ORD0036392,PRD00992,2025-10-17,2,Wrong Product
RET0001169,ORD0039198,PRD00051,2025-03-09,1,Changed Mind
RET0001170,ORD0026005,PRD00323,2025-04-18,1,Damaged
RET0001171,ORD0032599,PRD00434,2026-01-28,3,Late Delivery
RET0001172,ORD0025197,PRD00032,2026-06-25,2,Defective
RET0001173,ORD0012382,PRD00535,2025-11-28,2,Changed Mind
RET0001174,ORD0028917,PRD00049,2026-07-13,2,Wrong Product
RET0001175,ORD0043725,PRD00578,2025-02-04,2,Late Delivery
RET0001176,ORD0007864,PRD00682,2026-05-31,3,Damaged
RET0001177,ORD0019072,PRD00590,2026-02-25,2,Wrong Product
RET0001178,ORD0007467,PRD00618,2025-04-09,2,Damaged
RET0001179,ORD0022454,PRD00840,2026-07-16,2,Defective
RET0001180,ORD0038664,PRD00770,2025-05-21,2,Changed Mind
RET0001181,ORD0046941,PRD00288,2026-02-05,2,Defective
RET0001182,ORD0016088,PRD00928,2026-06-27,3,Wrong Product
RET0001183,ORD0005113,PRD00836,2026-03-02,2,Late Delivery
RET0001184,ORD0041391,PRD00345,2025-02-11,2,Defective
RET0001185,ORD0034675,PRD00924,2025-04-03,2,Defective
RET0001186,ORD0043299,PRD00368,2026-05-04,2,Damaged
RET0001187,ORD0028109,PRD00835,2025-12-07,3,Late Delivery
RET0001188,ORD0005734,PRD00892,2025-02-17,3,Defective
RET0001189,ORD0000091,PRD00079,2025-02-04,2,Wrong Product
RET0001190,ORD0045044,PRD00390,2025-05-10,1,Changed Mind
RET0001191,ORD0008177,PRD00760,2026-01-10,2,Damaged
RET0001192,ORD0030455,PRD00586,2025-05-27,1,Size/Compatibility
RET0001193,ORD0008781,PRD00712,2025-01-28,2,Size/Compatibility
RET0001194,ORD0026718,PRD00590,2025-02-25,3,Changed Mind
RET0001195,ORD0034232,PRD00894,2026-02-23,1,Late Delivery
RET0001196,ORD0041771,PRD00993,2025-12-21,1,Changed Mind
RET0001197,ORD0005288,PRD00829,2025-07-24,1,Late Delivery
RET0001198,ORD0009312,PRD00862,2025-10-12,3,Late Delivery
RET0001199,ORD0012057,PRD00594,2025-11-09,3,Size/Compatibility
RET0001200,ORD0019067,PRD00425,2026-05-30,1,Wrong Product
RET0001201,ORD0022271,PRD00960,2026-08-14,2,Wrong Product
RET0001202,ORD0003077,PRD00957,2025-10-16,1,Defective
RET0001203,ORD0036663,PRD00934,2025-03-04,3,Late Delivery
RET0001204,ORD0042681,PRD00299,2025-10-11,1,Wrong Product
RET0001205,ORD0001246,PRD00628,2025-09-13,2,Defective
RET0001206,ORD0000910,PRD00029,2025-11-11,1,Size/Compatibility
RET0001207,ORD0020924,PRD00256,2025-04-18,1,Size/Compatibility
RET0001208,ORD0028912,PRD00057,2026-04-04,3,Wrong Product
RET0001209,ORD0041193,PRD00354,2026-07-03,1,Wrong Product
RET0001210,ORD0030828,PRD00829,2026-01-25,2,Damaged
RET0001211,ORD0008990,PRD00401,2025-01-07,2,Wrong Product
RET0001212,ORD0012284,PRD00336,2025-05-26,2,Defective
RET0001213,ORD0021446,PRD00066,2026-06-21,3,Wrong Product
RET0001214,ORD0034622,PRD00687,2025-06-30,1,Late Delivery
RET0001215,ORD0012459,PRD00404,2025-07-30,1,Defective
RET0001216,ORD0019485,PRD00537,2026-06-05,3,Defective
RET0001217,ORD0020227,PRD00023,2026-08-08,1,Changed Mind
RET0001218,ORD0025178,PRD00141,2026-08-02,1,Late Delivery
RET0001219,ORD0041618,PRD00367,2025-06-13,2,Late Delivery
RET0001220,ORD0036957,PRD00633,2025-12-12,3,Damaged
RET0001221,ORD0004277,PRD00005,2026-02-15,1,Changed Mind
RET0001222,ORD0046232,PRD00574,2025-06-24,2,Size/Compatibility
RET0001223,ORD0020708,PRD00734,2026-07-18,1,Wrong Product
RET0001224,ORD0046470,PRD00771,2026-08-01,1,Defective
RET0001225,ORD0041983,PRD00953,2026-05-07,2,Damaged
RET0001226,ORD0014879,PRD00402,2025-08-19,1,Defective
RET0001227,ORD0002496,PRD00272,2025-06-17,1,Damaged
RET0001228,ORD0000053,PRD00043,2026-08-22,3,Late Delivery
RET0001229,ORD0034425,PRD00455,2026-05-25,2,Damaged
RET0001230,ORD0036194,PRD00412,2025-10-14,2,Defective
RET0001231,ORD0042069,PRD00729,2025-10-08,2,Changed Mind
RET0001232,ORD0047700,PRD00809,2025-09-16,3,Damaged
RET0001233,ORD0017429,PRD00978,2025-07-09,3,Late Delivery
RET0001234,ORD0011123,PRD00597,2025-12-13,1,Size/Compatibility
RET0001235,ORD0008698,PRD00908,2025-10-09,1,Damaged
RET0001236,ORD0035113,PRD00275,2025-06-10,3,Wrong Product
RET0001237,ORD0037233,PRD00144,2025-07-09,2,Defective
RET0001238,ORD0021396,PRD00868,2026-04-11,1,Changed Mind
RET0001239,ORD0023206,PRD00783,2025-12-06,2,Changed Mind
RET0001240,ORD0017156,PRD00604,2025-10-25,2,Defective
RET0001241,ORD0024652,PRD00934,2026-07-15,3,Damaged
RET0001242,ORD0030229,PRD00773,2025-07-17,3,Late Delivery
RET0001243,ORD0023512,PRD00990,2025-10-08,3,Wrong Product
RET0001244,ORD0026248,PRD00219,2025-12-28,1,Defective
RET0001245,ORD0030795,PRD00539,2025-02-08,2,Size/Compatibility
RET0001246,ORD0032044,PRD00394,2025-02-11,3,Defective
RET0001247,ORD0013574,PRD00862,2026-02-07,3,Size/Compatibility
RET0001248,ORD0020789,PRD00483,2026-07-06,3,Size/Compatibility
RET0001249,ORD0005483,PRD00052,2026-08-11,2,Damaged
RET0001250,ORD0027649,PRD00744,2026-05-24,3,Late Delivery
RET0001251,ORD0011101,PRD00359,2025-02-23,3,Size/Compatibility
RET0001252,ORD0045156,PRD00987,2026-05-16,3,Defective
RET0001253,ORD0024742,PRD00502,2026-07-14,1,Defective
RET0001254,ORD0029915,PRD00799,2025-10-20,1,Late Delivery
RET0001255,ORD0041823,PRD00497,2026-05-03,3,Late Delivery
RET0001256,ORD0031659,PRD00055,2026-05-10,2,Changed Mind
RET0001257,ORD0000625,PRD00671,2026-03-08,1,Defective
RET0001258,ORD0014231,PRD00485,2026-07-08,3,Changed Mind
RET0001259,ORD0012415,PRD00888,2025-09-16,3,Size/Compatibility
RET0001260,ORD0007248,PRD00784,2025-02-06,1,Damaged
RET0001261,ORD0019395,PRD00711,2026-05-26,2,Wrong Product
RET0001262,ORD0000763,PRD00304,2026-07-30,2,Damaged
RET0001263,ORD0017379,PRD00917,2026-04-24,1,Late Delivery
RET0001264,ORD0014995,PRD00940,2025-01-29,1,Wrong Product
RET0001265,ORD0032435,PRD00938,2026-04-19,2,Wrong Product
RET0001266,ORD0047052,PRD00677,2025-08-24,3,Damaged
RET0001267,ORD0018589,PRD00998,2026-06-20,2,Wrong Product
RET0001268,ORD0041929,PRD00430,2026-05-15,3,Wrong Product
RET0001269,ORD0024413,PRD00685,2025-06-02,1,Late Delivery
RET0001270,ORD0048421,PRD00414,2026-04-24,2,Size/Compatibility
RET0001271,ORD0012453,PRD00904,2026-08-08,1,Changed Mind
RET0001272,ORD0023373,PRD00973,2026-06-11,2,Size/Compatibility
RET0001273,ORD0000446,PRD00536,2025-10-04,1,Wrong Product
RET0001274,ORD0036302,PRD00219,2026-04-28,1,Late Delivery
RET0001275,ORD0022513,PRD00414,2025-05-19,2,Changed Mind
RET0001276,ORD0033779,PRD00685,2025-07-09,3,Damaged
RET0001277,ORD0028221,PRD00224,2026-04-08,1,Damaged
RET0001278,ORD0042306,PRD00702,2026-06-01,1,Size/Compatibility
RET0001279,ORD0035666,PRD00790,2025-11-15,1,Size/Compatibility
RET0001280,ORD0008111,PRD00454,2025-10-06,2,Size/Compatibility
RET0001281,ORD0021632,PRD00699,2025-12-04,2,Damaged
RET0001282,ORD0000607,PRD00877,2025-08-15,2,Changed Mind
RET0001283,ORD0003734,PRD00688,2026-02-21,3,Size/Compatibility
RET0001284,ORD0038636,PRD00240,2026-07-07,1,Size/Compatibility
RET0001285,ORD0000332,PRD00275,2025-12-05,1,Late Delivery
RET0001286,ORD0004936,PRD00914,2026-03-20,3,Changed Mind
RET0001287,ORD0005966,PRD00302,2026-08-20,1,Damaged
RET0001288,ORD0018714,PRD00130,2026-01-05,3,Damaged
RET0001289,ORD0026073,PRD00338,2025-02-08,2,Size/Compatibility
RET0001290,ORD0029216,PRD00947,2025-01-13,3,Late Delivery
RET0001291,ORD0040215,PRD00171,2025-11-30,2,Defective
RET0001292,ORD0039312,PRD00429,2025-10-14,1,Size/Compatibility
RET0001293,ORD0016503,PRD00386,2025-09-23,3,Size/Compatibility
RET0001294,ORD0025651,PRD00605,2025-10-05,2,Wrong Product
RET0001295,ORD0014876,PRD00616,2025-03-22,1,Damaged
RET0001296,ORD0038386,PRD00296,2026-08-13,1,Defective
RET0001297,ORD0029808,PRD00636,2026-02-03,2,Changed Mind
RET0001298,ORD0018296,PRD00183,2025-03-31,1,Defective
RET0001299,ORD0010005,PRD00043,2025-03-02,1,Wrong Product
RET0001300,ORD0023011,PRD00438,2025-02-26,3,Defective
RET0001301,ORD0015010,PRD00679,2026-07-05,2,Size/Compatibility
RET0001302,ORD0005569,PRD00251,2026-01-15,2,Damaged
RET0001303,ORD0045376,PRD00959,2026-04-10,3,Wrong Product
RET0001304,ORD0026537,PRD00980,2025-04-09,1,Damaged
RET0001305,ORD0010074,PRD00523,2026-03-09,1,Late Delivery
RET0001306,ORD0007130,PRD00245,2026-07-16,3,Late Delivery
RET0001307,ORD0027017,PRD00607,2026-02-10,1,Damaged
RET0001308,ORD0029398,PRD00233,2025-11-24,2,Size/Compatibility
RET0001309,ORD0012233,PRD00981,2026-02-22,2,Damaged
RET0001310,ORD0037308,PRD00756,2025-09-14,1,Late Delivery
RET0001311,ORD0043244,PRD00687,2025-07-31,2,Size/Compatibility
RET0001312,ORD0008392,PRD00641,2025-04-07,2,Defective
RET0001313,ORD0013319,PRD00368,2025-11-30,2,Late Delivery
RET0001314,ORD0001182,PRD00057,2026-02-18,3,Wrong Product
RET0001315,ORD0020671,PRD00890,2026-02-09,1,Changed Mind
RET0001316,ORD0032046,PRD00237,2025-05-02,1,Damaged
RET0001317,ORD0014527,PRD00478,2026-04-10,3,Damaged
RET0001318,ORD0016044,PRD00055,2026-02-22,2,Wrong Product
RET0001319,ORD0045345,PRD00105,2025-06-12,1,Defective
RET0001320,ORD0003081,PRD00790,2026-06-14,3,Damaged
RET0001321,ORD0036397,PRD00216,2026-01-22,2,Size/Compatibility
RET0001322,ORD0044710,PRD00305,2026-08-13,1,Damaged
RET0001323,ORD0021712,PRD00105,2025-02-17,2,Defective
RET0001324,ORD0023018,PRD00008,2026-07-16,1,Wrong Product
RET0001325,ORD0021340,PRD00037,2025-02-11,3,Changed Mind
RET0001326,ORD0036778,PRD00424,2026-02-03,1,Defective
RET0001327,ORD0031595,PRD00731,2025-08-20,2,Defective
RET0001328,ORD0016698,PRD00332,2025-10-22,1,Size/Compatibility
RET0001329,ORD0001808,PRD00106,2026-01-31,1,Damaged
RET0001330,ORD0024596,PRD00344,2025-06-18,2,Changed Mind
RET0001331,ORD0007544,PRD00542,2026-07-17,1,Wrong Product
RET0001332,ORD0039507,PRD00610,2026-03-23,3,Defective
RET0001333,ORD0005410,PRD00428,2026-05-02,3,Defective
RET0001334,ORD0022973,PRD00485,2026-06-08,1,Wrong Product
RET0001335,ORD0000489,PRD00753,2025-07-13,2,Defective
RET0001336,ORD0004925,PRD00123,2026-07-22,3,Wrong Product
RET0001337,ORD0028032,PRD00349,2026-06-04,2,Size/Compatibility
RET0001338,ORD0010706,PRD00731,2025-05-19,2,Wrong Product
RET0001339,ORD0014542,PRD00512,2025-05-09,1,Changed Mind
RET0001340,ORD0031981,PRD00583,2025-02-27,3,Wrong Product
RET0001341,ORD0008524,PRD00173,2026-02-21,3,Defective
RET0001342,ORD0004753,PRD00996,2025-03-17,2,Wrong Product
RET0001343,ORD0044631,PRD00635,2025-04-26,2,Size/Compatibility
RET0001344,ORD0011547,PRD00153,2026-02-08,3,Size/Compatibility
RET0001345,ORD0047374,PRD00343,2025-07-18,1,Size/Compatibility
RET0001346,ORD0018329,PRD00250,2025-09-09,2,Damaged
RET0001347,ORD0042084,PRD00231,2025-11-07,2,Wrong Product
RET0001348,ORD0034293,PRD00969,2025-07-09,2,Size/Compatibility
RET0001349,ORD0038128,PRD00999,2026-05-31,3,Size/Compatibility
RET0001350,ORD0030840,PRD00859,2026-07-16,1,Damaged
RET0001351,ORD0037242,PRD00643,2025-02-18,2,Wrong Product
RET0001352,ORD0034502,PRD00061,2025-06-19,3,Damaged
RET0001353,ORD0003112,PRD00703,2025-04-03,3,Damaged
RET0001354,ORD0045760,PRD00139,2026-07-14,2,Damaged
RET0001355,ORD0026278,PRD00207,2026-05-06,2,Changed Mind
RET0001356,ORD0039663,PRD00552,2026-04-19,3,Late Delivery
RET0001357,ORD0013951,PRD00832,2026-07-07,1,Damaged
RET0001358,ORD0007584,PRD00138,2026-01-09,3,Wrong Product
RET0001359,ORD0015489,PRD01000,2026-02-19,3,Size/Compatibility
RET0001360,ORD0044252,PRD00443,2026-06-15,2,Late Delivery
RET0001361,ORD0013085,PRD00475,2025-08-07,1,Defective
RET0001362,ORD0017512,PRD00163,2025-03-20,2,Changed Mind
RET0001363,ORD0036442,PRD00999,2025-09-09,3,Wrong Product
RET0001364,ORD0009189,PRD00952,2025-09-02,1,Late Delivery
RET0001365,ORD0027965,PRD00218,2026-02-19,3,Size/Compatibility
RET0001366,ORD0001543,PRD00314,2026-02-15,3,Defective
RET0001367,ORD0010301,PRD00067,2025-03-30,2,Wrong Product
RET0001368,ORD0039470,PRD00157,2026-07-30,3,Size/Compatibility
RET0001369,ORD0026477,PRD00125,2026-01-26,2,Defective
RET0001370,ORD0005130,PRD00689,2026-01-25,2,Damaged
RET0001371,ORD0048545,PRD00680,2026-01-18,2,Size/Compatibility
RET0001372,ORD0001464,PRD00696,2026-04-20,2,Defective
RET0001373,ORD0025701,PRD00519,2026-05-12,1,Defective
RET0001374,ORD0047209,PRD00092,2026-07-03,3,Damaged
RET0001375,ORD0005730,PRD00537,2025-05-02,2,Wrong Product
RET0001376,ORD0041786,PRD00160,2025-01-21,3,Wrong Product
RET0001377,ORD0041181,PRD00736,2025-09-11,3,Wrong Product
RET0001378,ORD0025516,PRD00536,2025-12-13,2,Damaged
RET0001379,ORD0010763,PRD00509,2025-12-04,3,Defective
RET0001380,ORD0049975,PRD00602,2025-07-24,3,Late Delivery
RET0001381,ORD0010576,PRD00181,2026-06-15,1,Wrong Product
RET0001382,ORD0031494,PRD00777,2026-03-08,3,Changed Mind
RET0001383,ORD0023574,PRD00808,2026-05-22,3,Damaged
RET0001384,ORD0006091,PRD00622,2026-08-03,1,Size/Compatibility
RET0001385,ORD0023868,PRD00123,2026-03-21,1,Damaged
RET0001386,ORD0009273,PRD00460,2025-12-07,2,Size/Compatibility
RET0001387,ORD0039719,PRD00098,2025-05-02,3,Late Delivery
RET0001388,ORD0006075,PRD00583,2025-02-03,2,Late Delivery
RET0001389,ORD0006825,PRD00975,2025-12-01,1,Late Delivery
RET0001390,ORD0038794,PRD00994,2026-06-14,3,Damaged
RET0001391,ORD0049293,PRD00821,2025-07-20,1,Size/Compatibility
RET0001392,ORD0016037,PRD00973,2025-09-08,1,Wrong Product
RET0001393,ORD0035866,PRD00812,2026-04-27,1,Defective
RET0001394,ORD0022027,PRD00725,2025-08-06,3,Changed Mind
RET0001395,ORD0039903,PRD00763,2026-03-09,3,Changed Mind
RET0001396,ORD0023062,PRD00973,2025-08-13,1,Size/Compatibility
RET0001397,ORD0004837,PRD00674,2026-04-23,3,Changed Mind
RET0001398,ORD0032180,PRD00604,2026-01-04,3,Defective
RET0001399,ORD0001153,PRD00264,2026-07-26,1,Defective
RET0001400,ORD0024817,PRD00560,2025-05-09,3,Defective
RET0001401,ORD0015341,PRD00656,2025-05-27,3,Defective
RET0001402,ORD0014136,PRD00193,2026-05-02,3,Defective
RET0001403,ORD0026068,PRD00088,2025-04-14,1,Damaged
RET0001404,ORD0028520,PRD00332,2025-08-18,3,Damaged
RET0001405,ORD0016511,PRD00733,2025-02-24,1,Wrong Product
RET0001406,ORD0025105,PRD00240,2025-12-09,2,Defective
RET0001407,ORD0035316,PRD00837,2025-09-16,3,Late Delivery
RET0001408,ORD0047494,PRD00714,2026-08-24,2,Size/Compatibility
RET0001409,ORD0002223,PRD00729,2025-11-05,1,Changed Mind
RET0001410,ORD0000408,PRD00825,2025-06-14,1,Changed Mind
RET0001411,ORD0026837,PRD00445,2026-01-11,1,Late Delivery
RET0001412,ORD0028460,PRD00123,2026-01-05,1,Changed Mind
RET0001413,ORD0028616,PRD00235,2026-08-25,1,Wrong Product
RET0001414,ORD0035325,PRD00657,2026-08-14,3,Damaged
RET0001415,ORD0016201,PRD00610,2026-07-02,1,Defective
RET0001416,ORD0047715,PRD00499,2025-12-05,3,Wrong Product
RET0001417,ORD0028021,PRD00133,2026-07-31,1,Late Delivery
RET0001418,ORD0041407,PRD00581,2025-01-11,3,Changed Mind
RET0001419,ORD0006954,PRD00201,2025-06-11,1,Changed Mind
RET0001420,ORD0021091,PRD00410,2025-01-04,1,Size/Compatibility
RET0001421,ORD0034773,PRD00433,2026-04-18,3,Size/Compatibility
RET0001422,ORD0036638,PRD00243,2026-07-30,2,Size/Compatibility
RET0001423,ORD0003796,PRD00790,2026-07-09,2,Wrong Product
RET0001424,ORD0026981,PRD00597,2025-10-02,2,Changed Mind
RET0001425,ORD0025515,PRD00624,2025-09-09,2,Changed Mind
RET0001426,ORD0005048,PRD00217,2025-09-05,3,Changed Mind
RET0001427,ORD0016739,PRD00602,2026-04-28,1,Size/Compatibility
RET0001428,ORD0030373,PRD00348,2026-02-06,2,Late Delivery
RET0001429,ORD0023973,PRD00242,2026-03-06,3,Size/Compatibility
RET0001430,ORD0018890,PRD00202,2026-02-04,3,Defective
RET0001431,ORD0045506,PRD00941,2026-08-15,1,Changed Mind
RET0001432,ORD0031126,PRD00683,2025-04-03,2,Late Delivery
RET0001433,ORD0028108,PRD00412,2025-02-27,3,Changed Mind
RET0001434,ORD0015067,PRD00489,2026-06-08,2,Changed Mind
RET0001435,ORD0046076,PRD00890,2025-05-02,3,Damaged
RET0001436,ORD0012966,PRD00397,2025-05-16,3,Size/Compatibility
RET0001437,ORD0038725,PRD00251,2025-03-08,1,Defective
RET0001438,ORD0006525,PRD00712,2025-11-02,2,Wrong Product
RET0001439,ORD0045125,PRD00218,2025-09-18,2,Damaged
RET0001440,ORD0031845,PRD00264,2025-12-31,1,Damaged
RET0001441,ORD0004241,PRD00656,2025-01-21,3,Damaged
RET0001442,ORD0035869,PRD00985,2026-06-07,3,Defective
RET0001443,ORD0024906,PRD00698,2026-07-12,3,Changed Mind
RET0001444,ORD0006473,PRD00644,2026-07-30,1,Defective
RET0001445,ORD0010939,PRD00655,2026-02-01,1,Damaged
RET0001446,ORD0015251,PRD00402,2025-11-20,2,Damaged
RET0001447,ORD0009544,PRD00642,2026-05-10,3,Wrong Product
RET0001448,ORD0030005,PRD00158,2025-08-11,3,Damaged
RET0001449,ORD0013814,PRD00072,2026-06-02,1,Size/Compatibility
RET0001450,ORD0020835,PRD00273,2025-06-21,1,Size/Compatibility
RET0001451,ORD0039177,PRD00129,2025-10-09,2,Size/Compatibility
RET0001452,ORD0003482,PRD00770,2025-10-17,2,Changed Mind
RET0001453,ORD0038260,PRD00414,2026-07-28,3,Damaged
RET0001454,ORD0022571,PRD00882,2025-08-25,1,Wrong Product
RET0001455,ORD0003788,PRD00442,2026-08-14,1,Changed Mind
RET0001456,ORD0047388,PRD00852,2025-05-11,1,Size/Compatibility
RET0001457,ORD0028150,PRD00581,2026-07-10,1,Damaged
RET0001458,ORD0047514,PRD00072,2025-04-06,2,Damaged
RET0001459,ORD0002736,PRD00068,2025-12-30,3,Damaged
RET0001460,ORD0032583,PRD00072,2026-08-16,3,Late Delivery
RET0001461,ORD0018863,PRD00932,2026-04-29,2,Defective
RET0001462,ORD0037679,PRD00706,2025-02-20,1,Wrong Product
RET0001463,ORD0037336,PRD00957,2026-01-14,1,Wrong Product
RET0001464,ORD0006520,PRD00522,2025-10-14,2,Late Delivery
RET0001465,ORD0006459,PRD00308,2025-05-22,2,Wrong Product
RET0001466,ORD0026868,PRD00064,2025-04-09,1,Damaged
RET0001467,ORD0016459,PRD00180,2025-04-21,2,Defective
RET0001468,ORD0042965,PRD00585,2025-05-22,3,Damaged
RET0001469,ORD0011243,PRD00699,2025-07-28,1,Wrong Product
RET0001470,ORD0029675,PRD00739,2026-08-22,2,Size/Compatibility
RET0001471,ORD0022612,PRD00482,2025-01-09,3,Size/Compatibility
RET0001472,ORD0033565,PRD00406,2026-08-16,2,Size/Compatibility
RET0001473,ORD0008124,PRD00314,2026-05-11,1,Late Delivery
RET0001474,ORD0013149,PRD00697,2025-08-18,2,Late Delivery
RET0001475,ORD0009437,PRD00016,2025-09-07,2,Changed Mind
RET0001476,ORD0029662,PRD00817,2025-06-26,1,Wrong Product
RET0001477,ORD0016953,PRD00638,2026-02-27,3,Damaged
RET0001478,ORD0023579,PRD00606,2025-08-18,1,Wrong Product
RET0001479,ORD0029163,PRD00644,2025-04-06,2,Wrong Product
RET0001480,ORD0002438,PRD00731,2025-03-29,3,Wrong Product
RET0001481,ORD0014237,PRD00148,2026-08-09,3,Size/Compatibility
RET0001482,ORD0000344,PRD00641,2025-12-17,3,Damaged
RET0001483,ORD0016645,PRD00729,2025-08-13,3,Late Delivery
RET0001484,ORD0023284,PRD00556,2026-05-13,1,Changed Mind
RET0001485,ORD0033890,PRD00944,2025-07-24,2,Wrong Product
RET0001486,ORD0017566,PRD00503,2025-07-19,2,Changed Mind
RET0001487,ORD0036483,PRD00785,2026-07-07,2,Late Delivery
RET0001488,ORD0015933,PRD00784,2026-03-14,1,Wrong Product
RET0001489,ORD0013497,PRD00553,2025-09-15,2,Damaged
RET0001490,ORD0011030,PRD00282,2025-10-20,3,Size/Compatibility
RET0001491,ORD0008228,PRD00967,2025-03-23,3,Damaged
RET0001492,ORD0048109,PRD00227,2025-12-04,2,Defective
RET0001493,ORD0009457,PRD00722,2025-04-16,3,Damaged
RET0001494,ORD0022883,PRD00090,2025-11-30,2,Changed Mind
RET0001495,ORD0033261,PRD00367,2026-07-06,1,Defective
RET0001496,ORD0035176,PRD00526,2025-08-02,2,Defective
RET0001497,ORD0021361,PRD00647,2025-06-17,3,Defective
RET0001498,ORD0023934,PRD00197,2025-06-28,3,Late Delivery
RET0001499,ORD0003919,PRD00021,2026-01-23,3,Defective
RET0001500,ORD0043262,PRD00693,2026-05-03,2,Size/Compatibility
RET0001501,ORD0041955,PRD00652,2025-11-24,1,Late Delivery
RET0001502,ORD0047531,PRD00211,2025-04-12,1,Changed Mind
RET0001503,ORD0006524,PRD00280,2025-11-29,2,Wrong Product
RET0001504,ORD0003312,PRD00729,2025-05-27,3,Wrong Product
RET0001505,ORD0039597,PRD00831,2025-03-26,3,Wrong Product
RET0001506,ORD0042934,PRD00276,2025-12-14,1,Late Delivery
RET0001507,ORD0026832,PRD00651,2025-08-16,3,Late Delivery
RET0001508,ORD0020390,PRD00183,2025-08-13,3,Damaged
RET0001509,ORD0002066,PRD00106,2025-12-16,1,Late Delivery
RET0001510,ORD0040842,PRD00084,2025-11-20,3,Wrong Product
RET0001511,ORD0034920,PRD00139,2025-08-24,2,Size/Compatibility
RET0001512,ORD0049373,PRD00387,2025-12-21,2,Size/Compatibility
RET0001513,ORD0040782,PRD00011,2026-04-01,3,Changed Mind
RET0001514,ORD0012067,PRD00421,2026-07-28,2,Size/Compatibility
RET0001515,ORD0037949,PRD00404,2026-08-22,3,Size/Compatibility
RET0001516,ORD0030166,PRD00888,2026-02-11,3,Damaged
RET0001517,ORD0008164,PRD00752,2026-03-26,2,Defective
RET0001518,ORD0016299,PRD00831,2025-07-21,1,Late Delivery
RET0001519,ORD0036937,PRD00387,2025-10-22,3,Changed Mind
RET0001520,ORD0011858,PRD00903,2026-06-24,2,Changed Mind
RET0001521,ORD0029421,PRD00739,2026-05-12,2,Late Delivery
RET0001522,ORD0047117,PRD00506,2025-05-21,1,Changed Mind
RET0001523,ORD0004352,PRD00390,2026-08-11,1,Size/Compatibility
RET0001524,ORD0004304,PRD00585,2025-08-10,2,Changed Mind
RET0001525,ORD0034184,PRD00914,2025-11-26,3,Size/Compatibility
RET0001526,ORD0019890,PRD00510,2026-07-14,1,Changed Mind
RET0001527,ORD0033973,PRD00245,2025-03-03,3,Late Delivery
RET0001528,ORD0022547,PRD00931,2025-06-29,3,Size/Compatibility
RET0001529,ORD0024207,PRD00433,2026-08-02,2,Size/Compatibility
RET0001530,ORD0004997,PRD00965,2025-04-16,3,Late Delivery
RET0001531,ORD0019973,PRD00046,2025-04-16,3,Defective
RET0001532,ORD0047715,PRD00365,2026-02-19,2,Defective
RET0001533,ORD0029848,PRD00552,2025-03-11,3,Late Delivery
RET0001534,ORD0021129,PRD00094,2025-06-22,2,Size/Compatibility
RET0001535,ORD0004951,PRD00921,2025-11-26,1,Defective
RET0001536,ORD0004422,PRD00032,2025-07-22,1,Defective
RET0001537,ORD0035149,PRD00844,2025-04-20,1,Changed Mind
RET0001538,ORD0034412,PRD00562,2025-04-02,1,Size/Compatibility
RET0001539,ORD0048047,PRD00442,2025-09-03,2,Changed Mind
RET0001540,ORD0041294,PRD00684,2025-08-29,1,Changed Mind
RET0001541,ORD0047251,PRD00602,2025-11-22,2,Late Delivery
RET0001542,ORD0042606,PRD00840,2026-03-08,3,Defective
RET0001543,ORD0045607,PRD00430,2025-12-26,3,Size/Compatibility
RET0001544,ORD0032384,PRD00986,2025-06-02,1,Wrong Product
RET0001545,ORD0023407,PRD00790,2026-04-16,1,Wrong Product
RET0001546,ORD0029591,PRD00162,2025-09-11,2,Late Delivery
RET0001547,ORD0000712,PRD00083,2026-04-20,3,Damaged
RET0001548,ORD0040246,PRD00868,2026-05-01,1,Size/Compatibility
RET0001549,ORD0049202,PRD00854,2025-12-23,1,Size/Compatibility
RET0001550,ORD0009553,PRD00820,2026-04-09,1,Defective
RET0001551,ORD0031120,PRD00256,2026-08-22,1,Late Delivery
RET0001552,ORD0047148,PRD00811,2025-10-25,3,Damaged
RET0001553,ORD0015211,PRD00130,2025-05-19,3,Late Delivery
RET0001554,ORD0031509,PRD00755,2025-03-01,1,Damaged
RET0001555,ORD0024241,PRD00142,2026-06-28,1,Wrong Product
RET0001556,ORD0010086,PRD00996,2025-07-16,1,Size/Compatibility
RET0001557,ORD0001906,PRD00708,2026-07-11,1,Size/Compatibility
RET0001558,ORD0024378,PRD00394,2025-03-31,2,Defective
RET0001559,ORD0045269,PRD00202,2026-07-03,3,Defective
RET0001560,ORD0018990,PRD00205,2025-06-30,1,Defective
RET0001561,ORD0021352,PRD00040,2025-06-06,2,Defective
RET0001562,ORD0030596,PRD00464,2025-03-08,2,Damaged
RET0001563,ORD0035617,PRD00422,2025-12-07,2,Defective
RET0001564,ORD0020761,PRD00317,2026-03-29,2,Changed Mind
RET0001565,ORD0009770,PRD00696,2026-07-01,1,Size/Compatibility
RET0001566,ORD0039439,PRD00648,2026-06-13,3,Late Delivery
RET0001567,ORD0034772,PRD00390,2026-07-25,1,Damaged
RET0001568,ORD0019534,PRD00134,2025-10-11,2,Late Delivery
RET0001569,ORD0040887,PRD00338,2026-08-15,3,Late Delivery
RET0001570,ORD0002494,PRD00801,2026-03-21,1,Damaged
RET0001571,ORD0007090,PRD00387,2025-01-02,3,Wrong Product
RET0001572,ORD0029533,PRD00685,2026-08-12,3,Defective
RET0001573,ORD0038669,PRD00084,2025-01-13,3,Late Delivery
RET0001574,ORD0022010,PRD00415,2025-08-16,3,Changed Mind
RET0001575,ORD0039320,PRD00168,2026-06-05,2,Wrong Product
RET0001576,ORD0025520,PRD00847,2025-10-12,2,Size/Compatibility
RET0001577,ORD0021145,PRD00332,2025-11-07,3,Size/Compatibility
RET0001578,ORD0022722,PRD00795,2026-02-13,1,Damaged
RET0001579,ORD0018045,PRD00156,2025-09-14,2,Size/Compatibility
RET0001580,ORD0043428,PRD00270,2026-05-08,1,Defective
RET0001581,ORD0023849,PRD00345,2025-07-18,2,Size/Compatibility
RET0001582,ORD0036128,PRD00138,2026-07-20,2,Size/Compatibility
RET0001583,ORD0010826,PRD00311,2025-02-08,3,Late Delivery
RET0001584,ORD0031282,PRD00522,2026-01-01,2,Wrong Product
RET0001585,ORD0028197,PRD00401,2025-09-21,1,Late Delivery
RET0001586,ORD0028982,PRD00313,2025-09-29,1,Wrong Product
RET0001587,ORD0044812,PRD00715,2025-04-26,2,Size/Compatibility
RET0001588,ORD0031336,PRD00986,2026-05-27,3,Late Delivery
RET0001589,ORD0006443,PRD00058,2025-06-25,1,Changed Mind
RET0001590,ORD0006737,PRD00559,2026-05-12,2,Damaged
RET0001591,ORD0028445,PRD00757,2025-12-28,3,Size/Compatibility
RET0001592,ORD0012868,PRD00565,2025-09-22,1,Damaged
RET0001593,ORD0019214,PRD00294,2026-06-01,2,Wrong Product
RET0001594,ORD0020531,PRD00234,2025-01-09,1,Size/Compatibility
RET0001595,ORD0031796,PRD00005,2025-08-10,2,Late Delivery
RET0001596,ORD0035511,PRD00467,2026-03-14,3,Size/Compatibility
RET0001597,ORD0033625,PRD00652,2026-06-04,1,Damaged
RET0001598,ORD0030293,PRD00900,2026-04-07,1,Changed Mind
RET0001599,ORD0032465,PRD00617,2026-03-27,3,Late Delivery
RET0001600,ORD0023747,PRD00410,2026-02-15,2,Size/Compatibility
RET0001601,ORD0012210,PRD00820,2025-03-13,1,Late Delivery
RET0001602,ORD0003514,PRD00529,2025-12-11,1,Damaged
RET0001603,ORD0033552,PRD00457,2026-07-31,1,Defective
RET0001604,ORD0031443,PRD00918,2025-09-10,1,Changed Mind
RET0001605,ORD0038837,PRD00906,2025-08-10,2,Wrong Product
RET0001606,ORD0041989,PRD00987,2025-05-19,1,Size/Compatibility
RET0001607,ORD0046165,PRD00508,2025-12-12,2,Size/Compatibility
RET0001608,ORD0000390,PRD00213,2026-04-02,1,Size/Compatibility
RET0001609,ORD0046701,PRD00898,2025-07-04,2,Defective
RET0001610,ORD0016834,PRD00010,2026-01-13,3,Size/Compatibility
RET0001611,ORD0004741,PRD00339,2025-07-28,2,Defective
RET0001612,ORD0019867,PRD00088,2026-03-21,3,Changed Mind
RET0001613,ORD0025780,PRD00866,2026-02-21,2,Changed Mind
RET0001614,ORD0032710,PRD00662,2026-03-19,1,Late Delivery
RET0001615,ORD0013438,PRD00571,2025-03-24,2,Size/Compatibility
RET0001616,ORD0006605,PRD00581,2025-02-06,3,Wrong Product
RET0001617,ORD0042647,PRD00673,2025-06-11,1,Damaged
RET0001618,ORD0030412,PRD00940,2025-01-08,3,Wrong Product
RET0001619,ORD0008149,PRD00856,2025-08-22,2,Changed Mind
RET0001620,ORD0049619,PRD00772,2026-03-09,2,Changed Mind
RET0001621,ORD0022036,PRD00206,2025-11-26,2,Late Delivery
RET0001622,ORD0006010,PRD00242,2026-04-28,2,Changed Mind
RET0001623,ORD0006110,PRD00291,2025-10-14,3,Size/Compatibility
RET0001624,ORD0021945,PRD00111,2025-11-11,1,Changed Mind
RET0001625,ORD0000086,PRD00417,2025-07-28,2,Size/Compatibility
RET0001626,ORD0041319,PRD00483,2025-07-14,3,Damaged
RET0001627,ORD0017188,PRD00599,2025-09-05,2,Wrong Product
RET0001628,ORD0026244,PRD00349,2025-02-01,1,Size/Compatibility
RET0001629,ORD0044216,PRD00281,2026-07-11,3,Late Delivery
RET0001630,ORD0021656,PRD00656,2025-12-01,2,Defective
RET0001631,ORD0043613,PRD00570,2025-03-19,2,Size/Compatibility
RET0001632,ORD0000165,PRD00193,2026-06-05,1,Damaged
RET0001633,ORD0025926,PRD00391,2025-09-30,1,Changed Mind
RET0001634,ORD0006755,PRD00244,2025-04-10,1,Defective
RET0001635,ORD0029345,PRD00827,2025-12-20,3,Damaged
RET0001636,ORD0032108,PRD00974,2026-01-25,2,Size/Compatibility
RET0001637,ORD0046337,PRD00158,2025-11-17,3,Size/Compatibility
RET0001638,ORD0005090,PRD00212,2025-05-16,3,Size/Compatibility
RET0001639,ORD0005168,PRD00028,2025-06-20,1,Late Delivery
RET0001640,ORD0010298,PRD00653,2026-08-25,3,Late Delivery
RET0001641,ORD0034072,PRD00607,2026-06-03,1,Size/Compatibility
RET0001642,ORD0043956,PRD00858,2025-07-25,1,Defective
RET0001643,ORD0044557,PRD00150,2025-06-21,1,Changed Mind
RET0001644,ORD0003763,PRD00832,2025-07-21,2,Changed Mind
RET0001645,ORD0025832,PRD00053,2025-01-13,2,Damaged
RET0001646,ORD0046411,PRD00165,2026-02-28,2,Late Delivery
RET0001647,ORD0047174,PRD00699,2025-06-15,3,Defective
RET0001648,ORD0027081,PRD00053,2026-02-08,1,Late Delivery
RET0001649,ORD0049627,PRD00566,2025-07-23,2,Late Delivery
RET0001650,ORD0017505,PRD00590,2026-02-24,3,Changed Mind
RET0001651,ORD0015217,PRD00454,2025-09-13,3,Late Delivery
RET0001652,ORD0012053,PRD00676,2025-09-12,3,Changed Mind
RET0001653,ORD0006287,PRD00410,2026-06-24,3,Damaged
RET0001654,ORD0018637,PRD00428,2025-12-21,3,Late Delivery
RET0001655,ORD0006180,PRD00318,2026-06-21,1,Defective
RET0001656,ORD0046837,PRD00540,2025-05-03,3,Size/Compatibility
RET0001657,ORD0040527,PRD00609,2026-06-28,2,Damaged
RET0001658,ORD0024032,PRD00752,2026-08-27,3,Late Delivery
RET0001659,ORD0002644,PRD00736,2025-07-26,3,Late Delivery
RET0001660,ORD0028674,PRD00132,2026-03-15,1,Late Delivery
RET0001661,ORD0042993,PRD00906,2025-02-24,1,Changed Mind
RET0001662,ORD0032355,PRD00483,2026-08-22,1,Size/Compatibility
RET0001663,ORD0011833,PRD00472,2026-07-30,3,Defective
RET0001664,ORD0044532,PRD00249,2025-07-23,2,Wrong Product
RET0001665,ORD0033970,PRD00909,2026-01-30,2,Changed Mind
RET0001666,ORD0002097,PRD00581,2025-11-26,1,Damaged
RET0001667,ORD0004234,PRD00265,2025-01-30,1,Size/Compatibility
RET0001668,ORD0032631,PRD00454,2025-06-21,2,Defective
RET0001669,ORD0020512,PRD00254,2025-04-28,2,Damaged
RET0001670,ORD0005511,PRD00358,2025-06-14,3,Size/Compatibility
RET0001671,ORD0024286,PRD00971,2025-01-26,3,Changed Mind
RET0001672,ORD0001934,PRD00268,2025-07-31,3,Late Delivery
RET0001673,ORD0040081,PRD00869,2025-07-24,1,Damaged
RET0001674,ORD0004784,PRD00216,2025-12-13,2,Size/Compatibility
RET0001675,ORD0045551,PRD00220,2026-06-05,1,Damaged
RET0001676,ORD0010952,PRD00830,2025-06-26,2,Changed Mind
RET0001677,ORD0017843,PRD00182,2026-05-18,1,Wrong Product
RET0001678,ORD0003188,PRD00513,2026-06-28,1,Size/Compatibility
RET0001679,ORD0036656,PRD00196,2026-07-27,2,Wrong Product
RET0001680,ORD0040779,PRD00685,2025-05-20,3,Damaged
RET0001681,ORD0013686,PRD00631,2026-07-07,1,Wrong Product
RET0001682,ORD0008205,PRD00299,2026-08-26,3,Wrong Product
RET0001683,ORD0024706,PRD00377,2026-06-05,2,Defective
RET0001684,ORD0020810,PRD00512,2025-06-06,1,Defective
RET0001685,ORD0002360,PRD00414,2026-05-28,1,Late Delivery
RET0001686,ORD0027752,PRD00487,2026-05-27,2,Changed Mind
RET0001687,ORD0019401,PRD00108,2025-10-11,3,Changed Mind
RET0001688,ORD0010203,PRD00779,2026-04-23,2,Defective
RET0001689,ORD0035872,PRD00231,2026-01-18,3,Wrong Product
RET0001690,ORD0011872,PRD00006,2025-12-28,3,Changed Mind
RET0001691,ORD0037560,PRD00932,2026-05-14,2,Wrong Product
RET0001692,ORD0033628,PRD00205,2025-07-09,3,Size/Compatibility
RET0001693,ORD0012463,PRD00333,2025-10-13,2,Late Delivery
RET0001694,ORD0046520,PRD00517,2026-03-27,2,Changed Mind
RET0001695,ORD0048509,PRD00951,2025-03-05,2,Wrong Product
RET0001696,ORD0023052,PRD00261,2026-07-26,1,Damaged
RET0001697,ORD0008595,PRD00062,2026-05-07,1,Changed Mind
RET0001698,ORD0002250,PRD00839,2026-02-08,2,Damaged
RET0001699,ORD0040181,PRD00302,2025-09-22,2,Wrong Product
RET0001700,ORD0014726,PRD00800,2026-01-31,2,Damaged
RET0001701,ORD0008244,PRD00084,2026-01-16,2,Wrong Product
RET0001702,ORD0049769,PRD00193,2025-09-19,1,Size/Compatibility
RET0001703,ORD0022056,PRD00526,2025-12-15,1,Wrong Product
RET0001704,ORD0041461,PRD00304,2025-01-10,2,Defective
RET0001705,ORD0039305,PRD00124,2026-02-21,1,Size/Compatibility
RET0001706,ORD0030200,PRD00590,2025-08-09,3,Late Delivery
RET0001707,ORD0003263,PRD00897,2026-08-01,3,Size/Compatibility
RET0001708,ORD0033667,PRD00680,2025-11-08,3,Changed Mind
RET0001709,ORD0044015,PRD00233,2026-01-28,3,Defective
RET0001710,ORD0024294,PRD00261,2025-08-05,3,Wrong Product
RET0001711,ORD0028668,PRD00397,2025-06-30,1,Size/Compatibility
RET0001712,ORD0018042,PRD00427,2026-06-04,2,Defective
RET0001713,ORD0048873,PRD00786,2025-06-08,2,Wrong Product
RET0001714,ORD0035779,PRD00237,2025-11-05,3,Wrong Product
RET0001715,ORD0035686,PRD00861,2026-04-22,3,Late Delivery
RET0001716,ORD0028690,PRD00253,2025-01-06,1,Defective
RET0001717,ORD0022205,PRD00926,2026-06-24,3,Defective
RET0001718,ORD0037768,PRD00269,2025-10-04,2,Changed Mind
RET0001719,ORD0025938,PRD00051,2025-12-04,3,Defective
RET0001720,ORD0001618,PRD00116,2025-06-24,2,Late Delivery
RET0001721,ORD0040780,PRD00953,2026-03-22,2,Defective
RET0001722,ORD0039525,PRD00640,2026-05-02,2,Late Delivery
RET0001723,ORD0023519,PRD00644,2025-08-16,2,Size/Compatibility
RET0001724,ORD0002953,PRD00326,2025-06-27,1,Defective
RET0001725,ORD0041585,PRD00200,2025-12-18,2,Damaged
RET0001726,ORD0031269,PRD00718,2026-01-15,2,Late Delivery
RET0001727,ORD0007415,PRD00243,2025-10-14,3,Changed Mind
RET0001728,ORD0015062,PRD00923,2025-10-10,3,Changed Mind
RET0001729,ORD0000341,PRD00078,2025-01-10,3,Damaged
RET0001730,ORD0035050,PRD00354,2026-05-05,3,Wrong Product
RET0001731,ORD0035569,PRD00123,2025-08-05,1,Wrong Product
RET0001732,ORD0030244,PRD00005,2026-05-24,2,Wrong Product
RET0001733,ORD0038444,PRD00313,2026-01-14,1,Size/Compatibility
RET0001734,ORD0030327,PRD00311,2025-03-19,3,Damaged
RET0001735,ORD0026593,PRD00155,2026-03-07,2,Damaged
RET0001736,ORD0046312,PRD00999,2026-08-21,2,Damaged
RET0001737,ORD0040052,PRD00363,2025-09-02,2,Damaged
RET0001738,ORD0044026,PRD00365,2025-07-24,2,Late Delivery
RET0001739,ORD0045467,PRD00495,2025-08-27,1,Size/Compatibility
RET0001740,ORD0003367,PRD00375,2025-06-20,1,Damaged
RET0001741,ORD0002451,PRD00139,2025-02-22,3,Defective
RET0001742,ORD0012770,PRD00625,2026-06-16,3,Changed Mind
RET0001743,ORD0013316,PRD00846,2026-03-19,1,Size/Compatibility
RET0001744,ORD0048010,PRD00769,2026-01-19,2,Defective
RET0001745,ORD0045549,PRD00417,2025-11-02,3,Late Delivery
RET0001746,ORD0029432,PRD00072,2025-02-26,2,Late Delivery
RET0001747,ORD0003152,PRD00797,2026-06-12,3,Changed Mind
RET0001748,ORD0024517,PRD00426,2025-05-16,2,Changed Mind
RET0001749,ORD0017368,PRD00558,2025-01-16,2,Damaged
RET0001750,ORD0022489,PRD00958,2025-06-04,2,Late Delivery
RET0001751,ORD0009394,PRD00517,2026-01-09,2,Late Delivery
RET0001752,ORD0046751,PRD00962,2025-06-28,1,Defective
RET0001753,ORD0004257,PRD00533,2025-02-15,3,Changed Mind
RET0001754,ORD0006736,PRD00956,2025-01-10,1,Damaged
RET0001755,ORD0042799,PRD00912,2025-07-17,2,Size/Compatibility
RET0001756,ORD0049036,PRD00646,2026-02-09,2,Wrong Product
RET0001757,ORD0047946,PRD00192,2026-04-06,1,Size/Compatibility
RET0001758,ORD0009978,PRD00314,2025-02-01,1,Changed Mind
RET0001759,ORD0014679,PRD00952,2025-08-11,1,Defective
RET0001760,ORD0040189,PRD00717,2026-02-06,1,Late Delivery
RET0001761,ORD0028829,PRD00754,2026-04-12,3,Late Delivery
RET0001762,ORD0018935,PRD00509,2026-08-26,1,Changed Mind
RET0001763,ORD0041296,PRD00158,2025-04-11,3,Size/Compatibility
RET0001764,ORD0004176,PRD00050,2025-03-10,2,Late Delivery
RET0001765,ORD0022907,PRD00729,2026-03-06,2,Size/Compatibility
RET0001766,ORD0018676,PRD00519,2025-03-18,3,Wrong Product
RET0001767,ORD0020201,PRD00840,2025-10-02,2,Size/Compatibility
RET0001768,ORD0014904,PRD00505,2025-06-06,2,Changed Mind
RET0001769,ORD0029925,PRD00006,2026-04-14,2,Size/Compatibility
RET0001770,ORD0022498,PRD00648,2025-05-11,3,Wrong Product
RET0001771,ORD0015789,PRD00010,2026-02-22,3,Changed Mind
RET0001772,ORD0047725,PRD00580,2026-03-21,3,Wrong Product
RET0001773,ORD0045265,PRD00024,2025-04-24,3,Changed Mind
RET0001774,ORD0020564,PRD00907,2025-04-15,2,Damaged
RET0001775,ORD0033855,PRD00564,2026-02-01,2,Changed Mind
RET0001776,ORD0048018,PRD00945,2026-07-25,1,Changed Mind
RET0001777,ORD0009547,PRD00933,2026-06-11,1,Damaged
RET0001778,ORD0020001,PRD00717,2025-07-27,3,Changed Mind
RET0001779,ORD0006627,PRD00821,2026-01-10,1,Changed Mind
RET0001780,ORD0016554,PRD00149,2025-05-09,2,Size/Compatibility
RET0001781,ORD0018915,PRD00134,2026-01-06,1,Damaged
RET0001782,ORD0013285,PRD00810,2025-01-28,3,Damaged
RET0001783,ORD0007894,PRD00548,2025-10-18,3,Size/Compatibility
RET0001784,ORD0004394,PRD00436,2026-02-19,1,Changed Mind
RET0001785,ORD0008082,PRD00576,2025-02-26,3,Wrong Product
RET0001786,ORD0022014,PRD00715,2026-07-30,1,Late Delivery
RET0001787,ORD0016286,PRD00542,2025-11-06,1,Late Delivery
RET0001788,ORD0047271,PRD00884,2026-07-17,2,Damaged
RET0001789,ORD0022396,PRD00898,2025-12-08,3,Defective
RET0001790,ORD0007028,PRD00094,2025-03-31,3,Damaged
RET0001791,ORD0044244,PRD00764,2025-09-01,3,Size/Compatibility
RET0001792,ORD0048621,PRD00029,2025-04-08,1,Damaged
RET0001793,ORD0028785,PRD00760,2025-03-09,2,Defective
RET0001794,ORD0014362,PRD00558,2026-07-10,3,Damaged
RET0001795,ORD0031861,PRD00001,2026-04-26,1,Size/Compatibility
RET0001796,ORD0037843,PRD00184,2025-12-27,1,Late Delivery
RET0001797,ORD0034597,PRD00989,2025-05-13,2,Size/Compatibility
RET0001798,ORD0039525,PRD00293,2025-12-27,3,Wrong Product
RET0001799,ORD0034465,PRD00145,2026-01-28,1,Late Delivery
RET0001800,ORD0045945,PRD00886,2025-04-13,1,Damaged
RET0001801,ORD0046511,PRD00631,2026-04-11,1,Changed Mind
RET0001802,ORD0003528,PRD00742,2026-04-25,1,Damaged
RET0001803,ORD0031183,PRD00831,2026-05-07,3,Late Delivery
RET0001804,ORD0049065,PRD00539,2025-04-26,1,Changed Mind
RET0001805,ORD0016192,PRD00984,2026-07-17,1,Wrong Product
RET0001806,ORD0027048,PRD00965,2025-01-08,1,Changed Mind
RET0001807,ORD0006392,PRD00603,2026-05-13,1,Late Delivery
RET0001808,ORD0016502,PRD00145,2026-06-10,1,Late Delivery
RET0001809,ORD0028568,PRD00881,2025-12-16,1,Damaged
RET0001810,ORD0000238,PRD00413,2026-04-04,1,Damaged
RET0001811,ORD0010858,PRD00965,2025-09-04,1,Defective
RET0001812,ORD0032142,PRD00213,2025-07-19,3,Damaged
RET0001813,ORD0044821,PRD00175,2026-02-10,2,Damaged
RET0001814,ORD0040672,PRD00377,2025-10-22,3,Changed Mind
RET0001815,ORD0024942,PRD00731,2026-04-27,3,Size/Compatibility
RET0001816,ORD0047349,PRD00948,2026-07-29,2,Changed Mind
RET0001817,ORD0037806,PRD00869,2025-04-05,1,Size/Compatibility
RET0001818,ORD0046472,PRD00320,2026-04-05,1,Late Delivery
RET0001819,ORD0045471,PRD00469,2025-06-19,3,Wrong Product
RET0001820,ORD0026732,PRD00519,2025-09-11,2,Defective
RET0001821,ORD0017759,PRD00046,2026-05-26,2,Damaged
RET0001822,ORD0003637,PRD00374,2026-07-17,2,Changed Mind
RET0001823,ORD0001992,PRD00405,2025-10-05,2,Late Delivery
RET0001824,ORD0015239,PRD00155,2025-11-25,2,Wrong Product
RET0001825,ORD0010390,PRD00391,2026-01-10,2,Late Delivery
RET0001826,ORD0044296,PRD00597,2025-05-20,2,Changed Mind
RET0001827,ORD0028439,PRD00437,2025-02-22,3,Damaged
RET0001828,ORD0023779,PRD00099,2025-12-02,3,Size/Compatibility
RET0001829,ORD0032432,PRD00229,2025-08-14,2,Defective
RET0001830,ORD0009752,PRD00513,2026-05-13,2,Damaged
RET0001831,ORD0007663,PRD00501,2025-05-17,1,Defective
RET0001832,ORD0039191,PRD00843,2025-05-06,1,Size/Compatibility
RET0001833,ORD0010009,PRD00368,2026-07-06,2,Size/Compatibility
RET0001834,ORD0030789,PRD00442,2026-03-26,1,Damaged
RET0001835,ORD0035308,PRD00732,2025-07-26,1,Size/Compatibility
RET0001836,ORD0041742,PRD00743,2025-08-06,3,Wrong Product
RET0001837,ORD0033059,PRD00392,2026-01-31,2,Wrong Product
RET0001838,ORD0008691,PRD00195,2025-08-09,2,Defective
RET0001839,ORD0015765,PRD00659,2025-04-18,2,Changed Mind
RET0001840,ORD0029384,PRD00584,2025-10-25,1,Changed Mind
RET0001841,ORD0013082,PRD00336,2025-05-30,3,Changed Mind
RET0001842,ORD0035456,PRD00903,2026-07-23,3,Defective
RET0001843,ORD0025729,PRD00041,2026-05-17,1,Size/Compatibility
RET0001844,ORD0009068,PRD00496,2026-02-22,3,Size/Compatibility
RET0001845,ORD0007423,PRD00409,2026-07-29,2,Defective
RET0001846,ORD0021119,PRD00853,2026-03-01,2,Late Delivery
RET0001847,ORD0036154,PRD00863,2026-05-15,3,Size/Compatibility
RET0001848,ORD0001010,PRD00461,2025-08-23,3,Late Delivery
RET0001849,ORD0030488,PRD00262,2025-12-20,1,Size/Compatibility
RET0001850,ORD0008763,PRD00178,2026-04-04,3,Changed Mind
RET0001851,ORD0040451,PRD00734,2025-08-24,1,Changed Mind
RET0001852,ORD0031331,PRD00140,2026-02-28,3,Changed Mind
RET0001853,ORD0017656,PRD00315,2025-06-10,1,Wrong Product
RET0001854,ORD0003129,PRD00624,2025-04-13,3,Damaged
RET0001855,ORD0014513,PRD00160,2025-12-04,1,Changed Mind
RET0001856,ORD0047688,PRD00002,2025-08-12,1,Damaged
RET0001857,ORD0017186,PRD00161,2025-10-21,3,Changed Mind
RET0001858,ORD0019027,PRD00131,2025-03-03,3,Defective
RET0001859,ORD0004191,PRD00240,2026-07-18,2,Damaged
RET0001860,ORD0012248,PRD00560,2025-03-08,3,Changed Mind
RET0001861,ORD0001710,PRD00925,2025-06-02,1,Late Delivery
RET0001862,ORD0049239,PRD00604,2026-06-27,1,Late Delivery
RET0001863,ORD0035162,PRD00512,2025-03-21,2,Changed Mind
RET0001864,ORD0010335,PRD00347,2026-01-28,2,Damaged
RET0001865,ORD0028239,PRD00326,2025-05-05,2,Size/Compatibility
RET0001866,ORD0016679,PRD00742,2026-01-09,2,Size/Compatibility
RET0001867,ORD0038829,PRD00845,2025-01-04,1,Damaged
RET0001868,ORD0043569,PRD00216,2026-01-17,1,Wrong Product
RET0001869,ORD0024736,PRD00907,2026-02-04,2,Changed Mind
RET0001870,ORD0012712,PRD00199,2026-03-13,1,Defective
RET0001871,ORD0013234,PRD00101,2026-02-12,3,Wrong Product
RET0001872,ORD0021471,PRD00096,2025-07-11,2,Wrong Product
RET0001873,ORD0012494,PRD00029,2026-07-29,3,Wrong Product
RET0001874,ORD0030487,PRD00936,2025-11-05,2,Changed Mind
RET0001875,ORD0003766,PRD00679,2025-08-19,2,Wrong Product
RET0001876,ORD0044727,PRD00873,2025-05-13,2,Late Delivery
RET0001877,ORD0019536,PRD00260,2026-02-12,3,Defective
RET0001878,ORD0005660,PRD00908,2025-07-26,1,Changed Mind
RET0001879,ORD0044754,PRD00613,2025-10-18,1,Late Delivery
RET0001880,ORD0030762,PRD00123,2025-09-18,2,Wrong Product
RET0001881,ORD0027091,PRD00678,2026-08-15,3,Damaged
RET0001882,ORD0022521,PRD00267,2025-12-27,3,Changed Mind
RET0001883,ORD0040894,PRD00402,2026-06-02,2,Wrong Product
RET0001884,ORD0032068,PRD00841,2025-02-28,1,Wrong Product
RET0001885,ORD0017093,PRD00200,2025-09-18,1,Late Delivery
RET0001886,ORD0044820,PRD00901,2025-10-12,1,Damaged
RET0001887,ORD0019851,PRD00929,2025-01-03,2,Defective
RET0001888,ORD0034181,PRD00255,2026-06-02,2,Defective
RET0001889,ORD0001896,PRD00057,2025-09-26,1,Changed Mind
RET0001890,ORD0014082,PRD00118,2025-03-13,3,Late Delivery
RET0001891,ORD0013577,PRD00981,2025-11-15,3,Damaged
RET0001892,ORD0021575,PRD00940,2026-07-08,2,Wrong Product
RET0001893,ORD0010363,PRD00699,2025-01-28,1,Changed Mind
RET0001894,ORD0032106,PRD00605,2026-04-24,1,Wrong Product
RET0001895,ORD0030473,PRD00189,2025-06-20,1,Defective
RET0001896,ORD0046552,PRD00998,2026-03-13,1,Defective
RET0001897,ORD0014542,PRD00506,2025-11-26,2,Late Delivery
RET0001898,ORD0037291,PRD00035,2025-01-25,1,Wrong Product
RET0001899,ORD0017611,PRD00224,2025-08-28,3,Wrong Product
RET0001900,ORD0018318,PRD00257,2026-08-01,3,Defective
RET0001901,ORD0024949,PRD00843,2026-03-19,3,Changed Mind
RET0001902,ORD0016143,PRD00911,2025-11-12,3,Changed Mind
RET0001903,ORD0022171,PRD00954,2025-10-26,1,Damaged
RET0001904,ORD0019574,PRD00978,2026-01-15,2,Size/Compatibility
RET0001905,ORD0009362,PRD00604,2025-04-28,2,Damaged
RET0001906,ORD0043821,PRD00633,2025-04-06,2,Damaged
RET0001907,ORD0001069,PRD00810,2026-07-06,1,Wrong Product
RET0001908,ORD0035180,PRD00029,2026-02-02,2,Wrong Product
RET0001909,ORD0031084,PRD00878,2025-03-09,2,Size/Compatibility
RET0001910,ORD0014456,PRD00140,2026-01-16,1,Late Delivery
RET0001911,ORD0049800,PRD00614,2025-01-08,3,Damaged
RET0001912,ORD0023662,PRD00925,2025-05-17,1,Defective
RET0001913,ORD0043930,PRD00450,2025-12-20,3,Size/Compatibility
RET0001914,ORD0017905,PRD00877,2026-02-21,2,Damaged
RET0001915,ORD0008454,PRD00934,2026-01-13,1,Changed Mind
RET0001916,ORD0001999,PRD00435,2025-07-18,3,Wrong Product
RET0001917,ORD0033099,PRD00006,2026-04-04,1,Late Delivery
RET0001918,ORD0048032,PRD00245,2026-07-07,3,Damaged
RET0001919,ORD0014443,PRD00206,2025-03-02,1,Late Delivery
RET0001920,ORD0004125,PRD00430,2025-09-19,2,Defective
RET0001921,ORD0036014,PRD00220,2026-04-10,2,Late Delivery
RET0001922,ORD0020831,PRD00483,2026-02-08,2,Damaged
RET0001923,ORD0012325,PRD00125,2025-07-20,1,Size/Compatibility
RET0001924,ORD0037609,PRD00042,2026-03-16,3,Damaged
RET0001925,ORD0029454,PRD00144,2025-08-23,1,Changed Mind
RET0001926,ORD0032688,PRD00542,2025-02-11,3,Defective
RET0001927,ORD0021441,PRD00052,2026-07-08,1,Defective
RET0001928,ORD0025553,PRD00605,2025-07-17,1,Defective
RET0001929,ORD0044073,PRD00969,2025-08-23,2,Defective
RET0001930,ORD0019417,PRD00157,2025-03-26,1,Damaged
RET0001931,ORD0001015,PRD00890,2025-03-29,3,Defective
RET0001932,ORD0041989,PRD00495,2025-12-07,3,Damaged
RET0001933,ORD0044396,PRD00454,2025-07-24,1,Damaged
RET0001934,ORD0038976,PRD00344,2026-05-15,3,Damaged
RET0001935,ORD0039160,PRD00234,2025-09-11,3,Size/Compatibility
RET0001936,ORD0023104,PRD00107,2026-01-30,3,Changed Mind
RET0001937,ORD0035980,PRD00074,2026-05-27,1,Damaged
RET0001938,ORD0004434,PRD00582,2026-02-16,2,Changed Mind
RET0001939,ORD0036215,PRD00497,2025-06-02,1,Changed Mind
RET0001940,ORD0030835,PRD00312,2025-11-29,3,Size/Compatibility
RET0001941,ORD0029538,PRD00591,2025-10-08,1,Defective
RET0001942,ORD0004446,PRD00073,2026-04-19,2,Changed Mind
RET0001943,ORD0046444,PRD00560,2025-08-13,3,Defective
RET0001944,ORD0012844,PRD00054,2026-08-10,3,Size/Compatibility
RET0001945,ORD0030694,PRD00224,2025-04-25,3,Late Delivery
RET0001946,ORD0028199,PRD00182,2026-08-05,1,Wrong Product
RET0001947,ORD0021542,PRD00052,2026-07-02,2,Wrong Product
RET0001948,ORD0022023,PRD00736,2025-11-27,3,Changed Mind
RET0001949,ORD0035564,PRD00074,2025-10-23,1,Defective
RET0001950,ORD0041762,PRD00382,2025-12-29,3,Defective
RET0001951,ORD0010928,PRD00065,2026-07-03,2,Size/Compatibility
RET0001952,ORD0010545,PRD00196,2025-11-10,3,Damaged
RET0001953,ORD0030422,PRD00157,2025-09-01,3,Size/Compatibility
RET0001954,ORD0004124,PRD00070,2026-04-16,3,Changed Mind
RET0001955,ORD0033719,PRD00737,2025-05-08,3,Damaged
RET0001956,ORD0044242,PRD00605,2025-03-20,2,Wrong Product
RET0001957,ORD0016781,PRD00093,2026-05-12,2,Wrong Product
RET0001958,ORD0037216,PRD00237,2025-12-29,1,Defective
RET0001959,ORD0024881,PRD00843,2025-07-19,1,Damaged
RET0001960,ORD0004649,PRD00072,2026-02-26,3,Defective
RET0001961,ORD0020451,PRD00584,2026-02-10,3,Size/Compatibility
RET0001962,ORD0009120,PRD00356,2026-07-30,1,Wrong Product
RET0001963,ORD0027296,PRD00217,2026-01-03,1,Late Delivery
RET0001964,ORD0030902,PRD00948,2025-04-20,3,Late Delivery
RET0001965,ORD0022721,PRD00610,2025-09-25,1,Damaged
RET0001966,ORD0041642,PRD00884,2025-08-09,3,Changed Mind
RET0001967,ORD0000182,PRD00965,2026-03-25,1,Late Delivery
RET0001968,ORD0010602,PRD00327,2025-03-15,1,Size/Compatibility
RET0001969,ORD0008402,PRD00801,2026-01-25,2,Changed Mind
RET0001970,ORD0004069,PRD00853,2025-03-12,1,Late Delivery
RET0001971,ORD0017831,PRD00633,2025-10-16,1,Defective
RET0001972,ORD0044887,PRD00645,2026-06-18,2,Damaged
RET0001973,ORD0017517,PRD00860,2025-07-06,2,Defective
RET0001974,ORD0013047,PRD00213,2025-05-13,3,Size/Compatibility
RET0001975,ORD0016695,PRD00161,2025-06-13,2,Late Delivery
RET0001976,ORD0003993,PRD00643,2025-04-29,2,Wrong Product
RET0001977,ORD0023477,PRD00468,2025-11-20,1,Defective
RET0001978,ORD0031850,PRD00257,2025-06-30,1,Damaged
RET0001979,ORD0012921,PRD00718,2026-01-03,3,Changed Mind
RET0001980,ORD0021240,PRD00912,2026-02-05,2,Damaged
RET0001981,ORD0006484,PRD00747,2025-07-13,1,Wrong Product
RET0001982,ORD0000519,PRD00203,2025-06-03,2,Changed Mind
RET0001983,ORD0001061,PRD00570,2026-05-13,1,Late Delivery
RET0001984,ORD0038364,PRD00967,2026-05-09,2,Changed Mind
RET0001985,ORD0045937,PRD00698,2025-08-02,1,Defective
RET0001986,ORD0035569,PRD00571,2025-02-25,2,Late Delivery
RET0001987,ORD0048753,PRD00340,2025-06-21,3,Size/Compatibility
RET0001988,ORD0006998,PRD00983,2026-08-12,1,Defective
RET0001989,ORD0002962,PRD00362,2025-06-12,3,Late Delivery
RET0001990,ORD0043092,PRD00844,2026-05-08,2,Wrong Product
RET0001991,ORD0001793,PRD00085,2026-07-14,2,Size/Compatibility
RET0001992,ORD0010789,PRD00112,2025-09-29,2,Size/Compatibility
RET0001993,ORD0010040,PRD00769,2026-06-09,1,Defective
RET0001994,ORD0039855,PRD00254,2026-02-14,1,Damaged
RET0001995,ORD0049025,PRD00914,2026-07-17,1,Late Delivery
RET0001996,ORD0044257,PRD00548,2026-03-27,2,Damaged
RET0001997,ORD0016739,PRD00083,2025-02-28,1,Wrong Product
RET0001998,ORD0018758,PRD00497,2026-08-15,3,Size/Compatibility
RET0001999,ORD0029240,PRD00436,2026-01-18,1,Changed Mind
RET0002000,ORD0023240,PRD00875,2025-08-11,2,Changed Mind
RET0002001,ORD0032443,PRD00830,2026-01-03,1,Late Delivery
RET0002002,ORD0042627,PRD00523,2025-03-28,1,Changed Mind
RET0002003,ORD0012421,PRD00883,2025-10-25,2,Wrong Product
RET0002004,ORD0020903,PRD00611,2026-03-25,2,Size/Compatibility
RET0002005,ORD0022792,PRD00374,2025-09-17,1,Late Delivery
RET0002006,ORD0003075,PRD00470,2025-01-11,1,Changed Mind
RET0002007,ORD0013617,PRD00067,2025-12-15,2,Wrong Product
RET0002008,ORD0039167,PRD00721,2025-10-11,1,Defective
RET0002009,ORD0020282,PRD00002,2025-07-14,3,Defective
RET0002010,ORD0030403,PRD00964,2025-03-27,2,Damaged
RET0002011,ORD0013609,PRD00804,2025-02-28,1,Late Delivery
RET0002012,ORD0035656,PRD00212,2026-05-27,2,Defective
RET0002013,ORD0028614,PRD00427,2025-08-26,2,Wrong Product
RET0002014,ORD0008623,PRD00411,2025-07-17,3,Damaged
RET0002015,ORD0032612,PRD00489,2026-04-17,3,Wrong Product
RET0002016,ORD0000103,PRD00868,2025-05-17,2,Late Delivery
RET0002017,ORD0035249,PRD00093,2025-05-21,3,Size/Compatibility
RET0002018,ORD0026263,PRD00862,2026-01-26,2,Size/Compatibility
RET0002019,ORD0031547,PRD00282,2025-01-07,1,Size/Compatibility
RET0002020,ORD0046122,PRD00026,2025-03-15,3,Changed Mind
RET0002021,ORD0000681,PRD00222,2025-09-22,1,Changed Mind
RET0002022,ORD0008457,PRD00899,2025-07-02,1,Wrong Product
RET0002023,ORD0022108,PRD00838,2026-07-19,1,Defective
RET0002024,ORD0010696,PRD00652,2025-06-19,3,Defective
RET0002025,ORD0036811,PRD00389,2025-10-16,3,Damaged
RET0002026,ORD0032482,PRD00003,2025-12-20,2,Changed Mind
RET0002027,ORD0001746,PRD00017,2025-11-18,1,Damaged
RET0002028,ORD0004462,PRD00961,2026-06-28,2,Changed Mind
RET0002029,ORD0033839,PRD00965,2025-11-20,1,Defective
RET0002030,ORD0035070,PRD00169,2025-12-20,1,Size/Compatibility
RET0002031,ORD0000819,PRD00558,2026-04-18,3,Wrong Product
RET0002032,ORD0034300,PRD00589,2025-08-01,2,Defective
RET0002033,ORD0035542,PRD00044,2025-03-16,1,Damaged
RET0002034,ORD0010194,PRD00028,2026-06-28,3,Defective
RET0002035,ORD0046530,PRD00671,2025-05-10,2,Late Delivery
RET0002036,ORD0039561,PRD00799,2025-06-20,3,Wrong Product
RET0002037,ORD0009327,PRD00301,2025-03-16,3,Changed Mind
RET0002038,ORD0036524,PRD00031,2025-10-17,2,Late Delivery
RET0002039,ORD0047114,PRD00936,2026-01-07,1,Size/Compatibility
RET0002040,ORD0030504,PRD00146,2026-01-31,3,Late Delivery
RET0002041,ORD0012058,PRD00246,2025-11-15,2,Late Delivery
RET0002042,ORD0019083,PRD00216,2026-05-13,2,Changed Mind
RET0002043,ORD0007398,PRD00604,2026-08-12,2,Defective
RET0002044,ORD0043141,PRD00852,2025-04-03,3,Late Delivery
RET0002045,ORD0016896,PRD00112,2025-02-09,2,Wrong Product
RET0002046,ORD0022053,PRD00326,2025-03-11,1,Changed Mind
RET0002047,ORD0014331,PRD00809,2025-05-12,2,Wrong Product
RET0002048,ORD0022327,PRD00967,2026-03-10,1,Changed Mind
RET0002049,ORD0031700,PRD00694,2025-05-05,3,Late Delivery
RET0002050,ORD0042950,PRD00067,2026-03-30,3,Late Delivery
RET0002051,ORD0029014,PRD00258,2025-06-18,1,Size/Compatibility
RET0002052,ORD0004322,PRD00193,2026-07-27,2,Changed Mind
RET0002053,ORD0013791,PRD00531,2025-10-04,3,Damaged
RET0002054,ORD0043402,PRD00403,2025-10-19,2,Wrong Product
RET0002055,ORD0044712,PRD00439,2025-04-18,2,Damaged
RET0002056,ORD0042314,PRD00911,2025-03-07,3,Late Delivery
RET0002057,ORD0026766,PRD00714,2025-03-01,3,Defective
RET0002058,ORD0000875,PRD00067,2025-10-16,1,Damaged
RET0002059,ORD0026177,PRD00212,2025-11-10,1,Wrong Product
RET0002060,ORD0000505,PRD00335,2026-08-08,1,Defective
RET0002061,ORD0007063,PRD00299,2025-08-06,1,Size/Compatibility
RET0002062,ORD0027195,PRD00509,2025-10-25,2,Late Delivery
RET0002063,ORD0035464,PRD00623,2025-05-24,3,Changed Mind
RET0002064,ORD0004574,PRD00279,2026-04-02,3,Damaged
RET0002065,ORD0036496,PRD00800,2025-10-26,2,Damaged
RET0002066,ORD0012218,PRD00950,2025-12-19,1,Size/Compatibility
RET0002067,ORD0020614,PRD00569,2026-07-09,1,Defective
RET0002068,ORD0019441,PRD00114,2025-09-25,1,Size/Compatibility
RET0002069,ORD0041934,PRD00266,2026-08-03,2,Damaged
RET0002070,ORD0011176,PRD00268,2025-07-11,3,Changed Mind
RET0002071,ORD0042298,PRD00331,2026-06-17,1,Size/Compatibility
RET0002072,ORD0002846,PRD00056,2026-03-27,1,Changed Mind
RET0002073,ORD0007724,PRD00324,2025-08-25,1,Wrong Product
RET0002074,ORD0000307,PRD00877,2025-02-22,3,Size/Compatibility
RET0002075,ORD0030640,PRD00191,2025-12-21,2,Size/Compatibility
RET0002076,ORD0039221,PRD00257,2025-04-01,3,Wrong Product
RET0002077,ORD0015636,PRD00213,2025-07-28,2,Wrong Product
RET0002078,ORD0042515,PRD00025,2025-03-11,3,Late Delivery
RET0002079,ORD0020458,PRD00427,2026-08-24,3,Defective
RET0002080,ORD0000541,PRD00271,2026-02-06,3,Damaged
RET0002081,ORD0036714,PRD00803,2025-04-20,2,Size/Compatibility
RET0002082,ORD0011832,PRD00466,2025-03-05,2,Wrong Product
RET0002083,ORD0022130,PRD00431,2025-09-07,1,Size/Compatibility
RET0002084,ORD0033780,PRD00724,2025-06-27,2,Damaged
RET0002085,ORD0038631,PRD00221,2025-03-14,1,Changed Mind
RET0002086,ORD0024739,PRD00041,2025-01-20,3,Late Delivery
RET0002087,ORD0024218,PRD00567,2026-03-15,1,Wrong Product
RET0002088,ORD0020677,PRD00330,2026-05-03,3,Damaged
RET0002089,ORD0042447,PRD00614,2025-06-16,3,Defective
RET0002090,ORD0015627,PRD00256,2026-07-06,3,Defective
RET0002091,ORD0041398,PRD00621,2025-12-03,1,Changed Mind
RET0002092,ORD0032393,PRD00913,2026-02-03,1,Late Delivery
RET0002093,ORD0038658,PRD00707,2026-02-20,3,Changed Mind
RET0002094,ORD0013576,PRD00861,2025-06-24,1,Size/Compatibility
RET0002095,ORD0018035,PRD00871,2025-08-06,3,Damaged
RET0002096,ORD0023068,PRD00781,2025-09-13,3,Damaged
RET0002097,ORD0010021,PRD00764,2026-05-26,2,Changed Mind
RET0002098,ORD0046340,PRD00872,2025-07-18,2,Late Delivery
RET0002099,ORD0001794,PRD00334,2026-08-18,2,Wrong Product
RET0002100,ORD0043499,PRD00007,2026-07-25,1,Changed Mind
RET0002101,ORD0041206,PRD00035,2026-01-19,1,Late Delivery
RET0002102,ORD0020183,PRD00317,2026-07-31,1,Late Delivery
RET0002103,ORD0015552,PRD00697,2026-07-17,1,Wrong Product
RET0002104,ORD0019098,PRD00530,2026-08-07,3,Defective
RET0002105,ORD0029513,PRD00930,2025-01-05,3,Damaged
RET0002106,ORD0035282,PRD00118,2025-01-28,1,Size/Compatibility
RET0002107,ORD0047449,PRD00494,2025-08-23,3,Late Delivery
RET0002108,ORD0003591,PRD00251,2025-05-21,2,Size/Compatibility
RET0002109,ORD0015231,PRD00767,2025-03-12,1,Size/Compatibility
RET0002110,ORD0045427,PRD00487,2025-10-02,3,Damaged
RET0002111,ORD0004773,PRD00037,2026-01-17,1,Late Delivery
RET0002112,ORD0025960,PRD00626,2025-10-23,1,Damaged
RET0002113,ORD0040143,PRD00075,2026-03-29,2,Defective
RET0002114,ORD0004320,PRD00169,2026-06-19,2,Late Delivery
RET0002115,ORD0023617,PRD00649,2025-10-14,3,Size/Compatibility
RET0002116,ORD0046238,PRD00792,2025-09-29,3,Size/Compatibility
RET0002117,ORD0022582,PRD00847,2025-04-03,1,Changed Mind
RET0002118,ORD0022920,PRD00916,2026-03-10,3,Changed Mind
RET0002119,ORD0035576,PRD00209,2026-05-03,2,Late Delivery
RET0002120,ORD0025040,PRD00147,2025-06-25,1,Size/Compatibility
RET0002121,ORD0000083,PRD00479,2025-06-14,2,Wrong Product
RET0002122,ORD0028305,PRD00888,2025-10-09,1,Damaged
RET0002123,ORD0044489,PRD00099,2025-07-19,1,Damaged
RET0002124,ORD0028411,PRD00118,2025-10-12,2,Changed Mind
RET0002125,ORD0021383,PRD00962,2026-05-08,2,Size/Compatibility
RET0002126,ORD0007172,PRD00636,2025-11-06,3,Wrong Product
RET0002127,ORD0025892,PRD00132,2025-10-14,1,Changed Mind
RET0002128,ORD0031860,PRD00792,2026-07-07,1,Wrong Product
RET0002129,ORD0015568,PRD00547,2026-01-17,2,Late Delivery
RET0002130,ORD0011149,PRD00908,2025-11-20,3,Changed Mind
RET0002131,ORD0000849,PRD00137,2026-08-21,2,Late Delivery
RET0002132,ORD0024683,PRD00864,2025-08-15,1,Size/Compatibility
RET0002133,ORD0034912,PRD00725,2025-09-21,3,Wrong Product
RET0002134,ORD0010374,PRD00756,2025-05-01,3,Late Delivery
RET0002135,ORD0012209,PRD00204,2026-06-20,2,Defective
RET0002136,ORD0001438,PRD00596,2026-05-01,3,Defective
RET0002137,ORD0008841,PRD00939,2025-05-17,2,Size/Compatibility
RET0002138,ORD0020532,PRD00350,2025-08-14,1,Changed Mind
RET0002139,ORD0043630,PRD00751,2025-05-04,3,Late Delivery
RET0002140,ORD0014071,PRD00543,2025-01-17,1,Defective
RET0002141,ORD0012379,PRD00599,2025-11-24,3,Late Delivery
RET0002142,ORD0040863,PRD00380,2025-09-19,2,Size/Compatibility
RET0002143,ORD0048637,PRD00904,2025-07-16,2,Damaged
RET0002144,ORD0045895,PRD00380,2026-03-12,1,Wrong Product
RET0002145,ORD0012894,PRD00501,2025-07-08,2,Wrong Product
RET0002146,ORD0033551,PRD00188,2025-06-03,2,Changed Mind
RET0002147,ORD0020941,PRD00283,2026-07-09,3,Defective
RET0002148,ORD0015038,PRD00805,2025-02-03,2,Wrong Product
RET0002149,ORD0011525,PRD00658,2026-01-31,3,Damaged
RET0002150,ORD0023226,PRD00084,2026-08-18,1,Defective
RET0002151,ORD0002934,PRD00088,2025-12-19,3,Size/Compatibility
RET0002152,ORD0015267,PRD00855,2026-08-15,3,Wrong Product
RET0002153,ORD0037679,PRD00899,2026-05-11,1,Changed Mind
RET0002154,ORD0004636,PRD00072,2025-04-17,1,Wrong Product
RET0002155,ORD0035297,PRD00510,2025-10-11,1,Damaged
RET0002156,ORD0029516,PRD00167,2025-06-30,1,Wrong Product
RET0002157,ORD0033191,PRD00086,2026-03-14,1,Changed Mind
RET0002158,ORD0013854,PRD00726,2025-01-27,3,Wrong Product
RET0002159,ORD0002487,PRD00492,2025-10-07,2,Defective
RET0002160,ORD0038205,PRD00901,2025-02-12,2,Late Delivery
RET0002161,ORD0015682,PRD00213,2026-02-03,1,Damaged
RET0002162,ORD0000547,PRD00025,2026-06-23,3,Damaged
RET0002163,ORD0036176,PRD00150,2026-02-12,1,Size/Compatibility
RET0002164,ORD0030320,PRD00696,2026-08-23,2,Wrong Product
RET0002165,ORD0016832,PRD00325,2026-04-12,1,Wrong Product
RET0002166,ORD0002259,PRD00184,2025-03-23,1,Wrong Product
RET0002167,ORD0005144,PRD00169,2026-08-03,1,Defective
RET0002168,ORD0025787,PRD00427,2025-06-02,3,Wrong Product
RET0002169,ORD0019496,PRD00021,2025-11-02,3,Changed Mind
RET0002170,ORD0047889,PRD00505,2026-07-18,1,Late Delivery
RET0002171,ORD0016709,PRD00505,2025-04-08,1,Defective
RET0002172,ORD0027096,PRD00536,2025-12-30,2,Late Delivery
RET0002173,ORD0007605,PRD00643,2025-11-24,1,Defective
RET0002174,ORD0014879,PRD00887,2025-04-23,2,Size/Compatibility
RET0002175,ORD0009161,PRD00541,2025-10-01,3,Defective
RET0002176,ORD0027027,PRD00319,2025-10-12,1,Defective
RET0002177,ORD0029066,PRD00470,2025-12-13,2,Damaged
RET0002178,ORD0038598,PRD00970,2025-09-16,1,Damaged
RET0002179,ORD0039638,PRD00994,2025-12-19,3,Changed Mind
RET0002180,ORD0012931,PRD00348,2026-05-15,3,Changed Mind
RET0002181,ORD0022016,PRD00505,2025-05-08,1,Changed Mind
RET0002182,ORD0036793,PRD00638,2026-06-27,2,Changed Mind
RET0002183,ORD0007213,PRD00676,2025-12-13,2,Changed Mind
RET0002184,ORD0049485,PRD00057,2026-05-28,3,Damaged
RET0002185,ORD0007630,PRD00136,2026-01-19,3,Defective
RET0002186,ORD0040725,PRD00222,2025-11-27,1,Damaged
RET0002187,ORD0005721,PRD00533,2026-03-07,3,Changed Mind
RET0002188,ORD0041145,PRD00881,2026-01-23,2,Changed Mind
RET0002189,ORD0013538,PRD00218,2025-03-04,2,Damaged
RET0002190,ORD0023953,PRD00804,2026-02-15,3,Late Delivery
RET0002191,ORD0023931,PRD00551,2025-07-06,2,Wrong Product
RET0002192,ORD0036948,PRD00587,2025-05-06,2,Damaged
RET0002193,ORD0011763,PRD00594,2025-10-22,2,Defective
RET0002194,ORD0043163,PRD00539,2026-03-04,1,Late Delivery
RET0002195,ORD0033605,PRD00974,2026-01-18,1,Defective
RET0002196,ORD0032250,PRD00150,2026-03-26,1,Late Delivery
RET0002197,ORD0022405,PRD00481,2025-06-10,2,Wrong Product
RET0002198,ORD0016695,PRD00073,2025-02-27,1,Defective
RET0002199,ORD0027709,PRD00508,2026-04-29,3,Late Delivery
RET0002200,ORD0032806,PRD00701,2025-06-14,1,Defective
RET0002201,ORD0013380,PRD00325,2025-06-04,3,Damaged
RET0002202,ORD0003571,PRD00245,2025-03-11,2,Defective
RET0002203,ORD0006276,PRD00078,2025-07-10,2,Damaged
RET0002204,ORD0019667,PRD00528,2025-08-23,2,Changed Mind
RET0002205,ORD0008926,PRD00699,2025-08-03,3,Size/Compatibility
RET0002206,ORD0019592,PRD00855,2025-03-15,1,Damaged
RET0002207,ORD0029460,PRD00673,2026-08-19,1,Size/Compatibility
RET0002208,ORD0049640,PRD00392,2025-06-25,1,Damaged
RET0002209,ORD0048798,PRD00421,2025-07-05,1,Damaged
RET0002210,ORD0027459,PRD00047,2026-08-11,2,Wrong Product
RET0002211,ORD0040107,PRD00426,2025-03-25,3,Size/Compatibility
RET0002212,ORD0048897,PRD00869,2026-03-13,2,Size/Compatibility
RET0002213,ORD0000596,PRD00804,2026-05-06,1,Size/Compatibility
RET0002214,ORD0016617,PRD00096,2026-02-27,2,Defective
RET0002215,ORD0017198,PRD00272,2026-08-26,2,Wrong Product
RET0002216,ORD0004766,PRD00830,2026-03-14,3,Damaged
RET0002217,ORD0017018,PRD00722,2026-04-25,1,Size/Compatibility
RET0002218,ORD0024501,PRD00039,2026-03-21,3,Damaged
RET0002219,ORD0007450,PRD00171,2025-05-31,3,Late Delivery
RET0002220,ORD0016791,PRD00429,2026-05-01,3,Defective
RET0002221,ORD0013506,PRD00306,2025-12-28,1,Defective
RET0002222,ORD0002690,PRD00314,2026-04-21,1,Defective
RET0002223,ORD0035288,PRD00149,2025-04-26,1,Late Delivery
RET0002224,ORD0027342,PRD00009,2026-05-21,2,Defective
RET0002225,ORD0041338,PRD00893,2025-06-05,1,Wrong Product
RET0002226,ORD0005030,PRD00593,2025-04-10,3,Wrong Product
RET0002227,ORD0039809,PRD00512,2025-07-23,3,Damaged
RET0002228,ORD0020610,PRD00450,2026-07-09,1,Defective
RET0002229,ORD0044211,PRD00970,2026-06-23,3,Wrong Product
RET0002230,ORD0044346,PRD00838,2026-07-19,1,Wrong Product
RET0002231,ORD0005651,PRD00017,2025-08-23,2,Size/Compatibility
RET0002232,ORD0033456,PRD00173,2025-01-14,1,Late Delivery
RET0002233,ORD0032166,PRD00175,2026-04-02,1,Changed Mind
RET0002234,ORD0001870,PRD00679,2025-09-25,3,Changed Mind
RET0002235,ORD0039283,PRD00975,2026-07-19,3,Late Delivery
RET0002236,ORD0038475,PRD00382,2025-09-15,2,Wrong Product
RET0002237,ORD0032970,PRD00343,2025-05-19,3,Damaged
RET0002238,ORD0011287,PRD00537,2026-06-26,3,Size/Compatibility
RET0002239,ORD0049891,PRD00922,2025-06-07,1,Damaged
RET0002240,ORD0045640,PRD00940,2025-08-12,2,Size/Compatibility
RET0002241,ORD0045465,PRD00584,2026-01-25,3,Wrong Product
RET0002242,ORD0016699,PRD00675,2026-01-19,3,Size/Compatibility
RET0002243,ORD0010760,PRD00154,2025-08-17,2,Damaged
RET0002244,ORD0044694,PRD00324,2026-01-29,1,Changed Mind
RET0002245,ORD0005224,PRD00497,2026-06-12,2,Defective
RET0002246,ORD0022721,PRD00822,2026-01-17,2,Defective
RET0002247,ORD0041316,PRD00126,2026-03-08,1,Damaged
RET0002248,ORD0023847,PRD00730,2025-06-08,3,Size/Compatibility
RET0002249,ORD0001924,PRD00029,2025-01-07,2,Late Delivery
RET0002250,ORD0023225,PRD00876,2026-01-28,3,Size/Compatibility
RET0002251,ORD0024016,PRD00371,2025-07-16,2,Damaged
RET0002252,ORD0022514,PRD00720,2026-06-28,2,Damaged
RET0002253,ORD0043789,PRD00101,2026-07-20,2,Wrong Product
RET0002254,ORD0001623,PRD00845,2025-11-29,2,Damaged
RET0002255,ORD0042061,PRD00030,2025-06-29,2,Damaged
RET0002256,ORD0025919,PRD00044,2025-09-01,2,Wrong Product
RET0002257,ORD0031266,PRD00343,2025-11-23,3,Size/Compatibility
RET0002258,ORD0010350,PRD00267,2025-01-27,3,Defective
RET0002259,ORD0047167,PRD00601,2025-06-26,2,Defective
RET0002260,ORD0042659,PRD00748,2026-04-28,3,Late Delivery
RET0002261,ORD0007908,PRD00562,2026-07-22,1,Changed Mind
RET0002262,ORD0005884,PRD00618,2025-06-28,3,Size/Compatibility
RET0002263,ORD0017557,PRD00712,2025-01-02,2,Size/Compatibility
RET0002264,ORD0038297,PRD00274,2025-09-29,1,Defective
RET0002265,ORD0011285,PRD00891,2026-07-15,1,Defective
RET0002266,ORD0038872,PRD00403,2025-03-22,1,Damaged
RET0002267,ORD0035462,PRD00599,2026-07-01,2,Changed Mind
RET0002268,ORD0025489,PRD00525,2025-01-01,3,Damaged
RET0002269,ORD0042226,PRD00894,2025-07-15,1,Damaged
RET0002270,ORD0026718,PRD00804,2026-01-15,3,Defective
RET0002271,ORD0031063,PRD00254,2026-08-22,1,Damaged
RET0002272,ORD0028904,PRD00541,2026-02-23,3,Wrong Product
RET0002273,ORD0017242,PRD00986,2026-07-16,2,Damaged
RET0002274,ORD0028903,PRD00870,2025-08-08,2,Wrong Product
RET0002275,ORD0026544,PRD00872,2025-11-14,3,Damaged
RET0002276,ORD0011675,PRD00395,2025-12-28,2,Defective
RET0002277,ORD0042155,PRD00797,2026-05-15,3,Size/Compatibility
RET0002278,ORD0030935,PRD00742,2025-12-27,2,Defective
RET0002279,ORD0029542,PRD00205,2025-04-08,3,Wrong Product
RET0002280,ORD0026302,PRD00274,2025-04-16,1,Defective
RET0002281,ORD0048041,PRD00988,2025-11-07,1,Defective
RET0002282,ORD0008043,PRD00586,2025-09-23,1,Changed Mind
RET0002283,ORD0038728,PRD00679,2025-05-07,3,Wrong Product
RET0002284,ORD0001289,PRD00716,2025-10-17,2,Damaged
RET0002285,ORD0032031,PRD00156,2025-04-03,2,Damaged
RET0002286,ORD0006835,PRD00506,2025-03-17,1,Defective
RET0002287,ORD0040537,PRD00500,2026-01-04,2,Defective
RET0002288,ORD0028997,PRD00407,2025-08-23,3,Late Delivery
RET0002289,ORD0033925,PRD00590,2025-09-25,1,Wrong Product
RET0002290,ORD0003237,PRD00052,2025-04-05,3,Size/Compatibility
RET0002291,ORD0041305,PRD00083,2026-07-10,2,Damaged
RET0002292,ORD0021926,PRD00460,2025-08-11,2,Damaged
RET0002293,ORD0005707,PRD00628,2025-08-25,1,Defective
RET0002294,ORD0007681,PRD00663,2026-01-01,3,Size/Compatibility
RET0002295,ORD0016935,PRD00615,2026-08-21,2,Size/Compatibility
RET0002296,ORD0009627,PRD00279,2025-04-02,3,Late Delivery
RET0002297,ORD0019718,PRD00127,2026-02-07,2,Wrong Product
RET0002298,ORD0005321,PRD00587,2026-03-27,3,Wrong Product
RET0002299,ORD0038506,PRD00268,2025-10-03,1,Defective
RET0002300,ORD0048156,PRD00392,2026-04-14,3,Size/Compatibility
RET0002301,ORD0004590,PRD00272,2026-07-10,2,Defective
RET0002302,ORD0033227,PRD00187,2026-01-31,1,Defective
RET0002303,ORD0002529,PRD00127,2026-02-17,1,Size/Compatibility
RET0002304,ORD0049118,PRD00126,2025-03-28,1,Damaged
RET0002305,ORD0024961,PRD00625,2026-04-11,3,Defective
RET0002306,ORD0022236,PRD00803,2025-06-28,2,Late Delivery
RET0002307,ORD0045445,PRD00618,2025-06-07,2,Damaged
RET0002308,ORD0046642,PRD00104,2025-08-24,3,Late Delivery
RET0002309,ORD0009925,PRD00607,2025-10-26,1,Size/Compatibility
RET0002310,ORD0045357,PRD00907,2025-04-23,2,Size/Compatibility
RET0002311,ORD0038452,PRD00303,2025-10-04,3,Late Delivery
RET0002312,ORD0038665,PRD00309,2025-03-06,1,Late Delivery
RET0002313,ORD0004648,PRD00966,2025-08-13,3,Size/Compatibility
RET0002314,ORD0020791,PRD00605,2026-03-13,1,Late Delivery
RET0002315,ORD0029925,PRD00705,2025-10-14,1,Wrong Product
RET0002316,ORD0004000,PRD00352,2025-05-10,1,Changed Mind
RET0002317,ORD0017749,PRD00298,2025-03-13,2,Defective
RET0002318,ORD0049806,PRD00033,2026-01-17,1,Late Delivery
RET0002319,ORD0043282,PRD00620,2025-12-18,2,Changed Mind
RET0002320,ORD0045232,PRD00360,2025-09-05,1,Size/Compatibility
RET0002321,ORD0010084,PRD00055,2025-12-09,2,Size/Compatibility
RET0002322,ORD0045692,PRD00453,2025-11-06,1,Damaged
RET0002323,ORD0045402,PRD00115,2025-05-31,1,Size/Compatibility
RET0002324,ORD0000032,PRD00936,2026-02-06,1,Size/Compatibility
RET0002325,ORD0016092,PRD00530,2025-07-15,3,Changed Mind
RET0002326,ORD0026774,PRD00794,2026-05-06,1,Wrong Product
RET0002327,ORD0012005,PRD00008,2025-06-19,2,Changed Mind
RET0002328,ORD0004239,PRD00547,2025-06-27,3,Late Delivery
RET0002329,ORD0016970,PRD00925,2026-03-24,1,Changed Mind
RET0002330,ORD0006251,PRD00737,2025-12-10,3,Defective
RET0002331,ORD0008638,PRD00321,2025-08-22,2,Changed Mind
RET0002332,ORD0042855,PRD00186,2025-06-11,2,Late Delivery
RET0002333,ORD0018206,PRD00792,2025-08-05,2,Damaged
RET0002334,ORD0004637,PRD00443,2026-08-26,1,Defective
RET0002335,ORD0025915,PRD00410,2026-05-31,2,Wrong Product
RET0002336,ORD0006655,PRD00891,2025-02-06,2,Late Delivery
RET0002337,ORD0046739,PRD00417,2025-05-17,2,Size/Compatibility
RET0002338,ORD0003678,PRD00019,2025-12-07,3,Defective
RET0002339,ORD0029425,PRD00696,2025-05-21,1,Defective
RET0002340,ORD0020782,PRD00026,2025-11-26,1,Wrong Product
RET0002341,ORD0044762,PRD00626,2026-03-07,2,Size/Compatibility
RET0002342,ORD0041997,PRD00390,2025-07-15,2,Late Delivery
RET0002343,ORD0036594,PRD00281,2025-04-14,3,Changed Mind
RET0002344,ORD0047244,PRD00285,2025-11-17,3,Damaged
RET0002345,ORD0048120,PRD00975,2025-01-26,2,Defective
RET0002346,ORD0022591,PRD00433,2026-05-03,3,Late Delivery
RET0002347,ORD0014743,PRD00591,2025-11-10,1,Defective
RET0002348,ORD0036942,PRD00343,2026-02-05,1,Changed Mind
RET0002349,ORD0043947,PRD00378,2026-01-30,3,Changed Mind
RET0002350,ORD0020500,PRD00548,2026-05-24,2,Damaged
RET0002351,ORD0044619,PRD00049,2026-07-15,1,Late Delivery
RET0002352,ORD0024860,PRD00042,2025-05-16,1,Wrong Product
RET0002353,ORD0008353,PRD00447,2025-10-21,3,Changed Mind
RET0002354,ORD0035240,PRD00154,2026-01-19,1,Late Delivery
RET0002355,ORD0012132,PRD00562,2025-08-20,3,Late Delivery
RET0002356,ORD0025051,PRD00644,2026-03-12,2,Late Delivery
RET0002357,ORD0029046,PRD00011,2026-05-24,1,Defective
RET0002358,ORD0022824,PRD00475,2025-08-09,2,Defective
RET0002359,ORD0025944,PRD00256,2025-05-20,3,Size/Compatibility
RET0002360,ORD0002906,PRD00806,2025-06-05,2,Wrong Product
RET0002361,ORD0018119,PRD00919,2025-09-15,2,Damaged
RET0002362,ORD0047948,PRD00836,2025-02-02,1,Size/Compatibility
RET0002363,ORD0018708,PRD00966,2025-10-15,2,Changed Mind
RET0002364,ORD0021136,PRD00584,2025-05-28,3,Changed Mind
RET0002365,ORD0007317,PRD00831,2025-09-20,1,Late Delivery
RET0002366,ORD0010192,PRD00870,2026-08-22,2,Changed Mind
RET0002367,ORD0042688,PRD00687,2026-01-24,2,Wrong Product
RET0002368,ORD0003994,PRD00534,2025-08-14,2,Changed Mind
RET0002369,ORD0005475,PRD00455,2025-07-04,2,Damaged
RET0002370,ORD0028222,PRD00855,2025-02-19,3,Size/Compatibility
RET0002371,ORD0036789,PRD00050,2025-01-25,3,Size/Compatibility
RET0002372,ORD0040207,PRD00543,2026-04-26,1,Changed Mind
RET0002373,ORD0024301,PRD00605,2026-06-13,3,Wrong Product
RET0002374,ORD0005710,PRD00167,2025-05-20,3,Size/Compatibility
RET0002375,ORD0028634,PRD00478,2025-03-21,3,Changed Mind
RET0002376,ORD0041212,PRD00828,2025-12-11,1,Changed Mind
RET0002377,ORD0004792,PRD00592,2026-04-27,2,Changed Mind
RET0002378,ORD0002458,PRD00019,2026-01-13,3,Damaged
RET0002379,ORD0037385,PRD00927,2025-07-06,2,Defective
RET0002380,ORD0038201,PRD00873,2025-04-10,3,Defective
RET0002381,ORD0049679,PRD00215,2026-04-02,3,Defective
RET0002382,ORD0008295,PRD00659,2025-02-14,2,Wrong Product
RET0002383,ORD0042911,PRD00465,2026-05-30,2,Wrong Product
RET0002384,ORD0032804,PRD00178,2026-01-18,2,Defective
RET0002385,ORD0001111,PRD00297,2026-05-10,1,Wrong Product
RET0002386,ORD0014188,PRD00781,2025-12-31,2,Wrong Product
RET0002387,ORD0018405,PRD00556,2026-08-08,3,Wrong Product
RET0002388,ORD0044340,PRD00449,2025-04-22,3,Wrong Product
RET0002389,ORD0000866,PRD00838,2025-05-16,1,Damaged
RET0002390,ORD0042988,PRD00184,2026-08-04,2,Changed Mind
RET0002391,ORD0032840,PRD00828,2026-08-18,2,Late Delivery
RET0002392,ORD0021603,PRD00918,2026-01-26,3,Changed Mind
RET0002393,ORD0049965,PRD00355,2025-03-13,1,Defective
RET0002394,ORD0016177,PRD00315,2026-07-27,3,Defective
RET0002395,ORD0002494,PRD00190,2025-02-15,2,Late Delivery
RET0002396,ORD0008145,PRD00054,2026-04-05,2,Defective
RET0002397,ORD0009294,PRD00819,2026-08-18,1,Late Delivery
RET0002398,ORD0015478,PRD00819,2025-08-23,1,Defective
RET0002399,ORD0026750,PRD00507,2026-06-16,1,Late Delivery
RET0002400,ORD0038307,PRD00804,2025-06-01,2,Wrong Product
RET0002401,ORD0041701,PRD00635,2025-05-29,2,Wrong Product
RET0002402,ORD0031265,PRD00083,2025-06-11,3,Damaged
RET0002403,ORD0037262,PRD00969,2025-03-14,3,Defective
RET0002404,ORD0023760,PRD00389,2025-08-13,2,Defective
RET0002405,ORD0034367,PRD00462,2025-01-11,1,Changed Mind
RET0002406,ORD0036441,PRD00280,2025-03-29,3,Wrong Product
RET0002407,ORD0046582,PRD00218,2025-08-15,3,Late Delivery
RET0002408,ORD0047851,PRD00431,2025-05-12,1,Wrong Product
RET0002409,ORD0049997,PRD00126,2025-02-04,3,Late Delivery
RET0002410,ORD0027700,PRD00716,2025-10-18,2,Defective
RET0002411,ORD0007186,PRD00935,2025-07-18,3,Damaged
RET0002412,ORD0016550,PRD00290,2025-09-17,1,Wrong Product
RET0002413,ORD0019607,PRD00464,2026-08-18,3,Damaged
RET0002414,ORD0022974,PRD00799,2025-05-10,3,Late Delivery
RET0002415,ORD0011985,PRD00762,2025-01-07,3,Defective
RET0002416,ORD0013649,PRD00386,2025-08-06,2,Wrong Product
RET0002417,ORD0040088,PRD00802,2026-04-03,1,Size/Compatibility
RET0002418,ORD0001826,PRD00007,2025-10-13,2,Wrong Product
RET0002419,ORD0037276,PRD00928,2025-07-20,1,Changed Mind
RET0002420,ORD0047097,PRD00295,2025-06-07,2,Late Delivery
RET0002421,ORD0042482,PRD00581,2026-01-31,2,Size/Compatibility
RET0002422,ORD0012204,PRD00622,2025-05-23,3,Damaged
RET0002423,ORD0023268,PRD00054,2025-05-15,2,Changed Mind
RET0002424,ORD0020101,PRD00668,2025-07-21,1,Late Delivery
RET0002425,ORD0029566,PRD00399,2025-06-27,3,Late Delivery
RET0002426,ORD0029522,PRD00367,2025-11-05,1,Wrong Product
RET0002427,ORD0037964,PRD00066,2026-01-28,2,Size/Compatibility
RET0002428,ORD0037839,PRD00283,2026-07-06,2,Late Delivery
RET0002429,ORD0039261,PRD00265,2025-11-01,3,Late Delivery
RET0002430,ORD0036102,PRD00209,2026-07-12,3,Late Delivery
RET0002431,ORD0026889,PRD00050,2026-08-17,3,Defective
RET0002432,ORD0009608,PRD00826,2026-08-09,3,Damaged
RET0002433,ORD0022599,PRD00809,2025-01-21,3,Damaged
RET0002434,ORD0035923,PRD00545,2025-10-12,3,Changed Mind
RET0002435,ORD0001562,PRD00349,2025-12-23,1,Defective
RET0002436,ORD0039643,PRD00444,2025-04-09,1,Changed Mind
RET0002437,ORD0025607,PRD00690,2026-05-04,3,Defective
RET0002438,ORD0023841,PRD00471,2025-08-28,2,Defective
RET0002439,ORD0043849,PRD00624,2025-01-26,3,Defective
RET0002440,ORD0031466,PRD00053,2026-03-28,1,Wrong Product
RET0002441,ORD0036118,PRD00227,2026-06-03,1,Wrong Product
RET0002442,ORD0029503,PRD00953,2025-06-29,3,Late Delivery
RET0002443,ORD0044320,PRD00588,2025-11-17,3,Damaged
RET0002444,ORD0042591,PRD00161,2025-02-11,2,Damaged
RET0002445,ORD0039862,PRD00656,2025-12-07,2,Defective
RET0002446,ORD0028932,PRD00748,2026-07-04,3,Wrong Product
RET0002447,ORD0042268,PRD00068,2025-05-30,1,Wrong Product
RET0002448,ORD0034476,PRD00433,2025-11-12,1,Defective
RET0002449,ORD0026957,PRD00231,2025-08-18,3,Damaged
RET0002450,ORD0019213,PRD00871,2025-09-28,3,Damaged
RET0002451,ORD0041500,PRD00258,2025-06-14,2,Size/Compatibility
RET0002452,ORD0021517,PRD00269,2025-07-22,3,Wrong Product
RET0002453,ORD0005950,PRD00109,2025-12-18,3,Defective
RET0002454,ORD0010124,PRD00885,2025-02-20,2,Changed Mind
RET0002455,ORD0027177,PRD00881,2026-02-19,1,Damaged
RET0002456,ORD0019613,PRD00644,2025-05-01,2,Defective
RET0002457,ORD0011266,PRD00812,2025-02-03,2,Damaged
RET0002458,ORD0048951,PRD00369,2025-10-24,2,Size/Compatibility
RET0002459,ORD0040746,PRD00585,2026-04-29,1,Late Delivery
RET0002460,ORD0026796,PRD00818,2025-06-21,1,Defective
RET0002461,ORD0033655,PRD00703,2025-07-06,3,Defective
RET0002462,ORD0024995,PRD00104,2025-05-09,2,Late Delivery
RET0002463,ORD0046212,PRD00735,2025-05-21,3,Wrong Product
RET0002464,ORD0031625,PRD00288,2026-08-22,1,Changed Mind
RET0002465,ORD0039639,PRD00678,2026-05-04,3,Wrong Product
RET0002466,ORD0028778,PRD00138,2025-09-22,2,Changed Mind
RET0002467,ORD0013281,PRD00665,2025-12-17,1,Changed Mind
RET0002468,ORD0013856,PRD00137,2026-01-28,2,Defective
RET0002469,ORD0018883,PRD00673,2026-01-23,3,Wrong Product
RET0002470,ORD0012180,PRD00388,2026-06-28,1,Late Delivery
RET0002471,ORD0045055,PRD00125,2026-08-27,1,Defective
RET0002472,ORD0024939,PRD00774,2025-07-09,3,Changed Mind
RET0002473,ORD0005628,PRD00607,2025-07-08,3,Late Delivery
RET0002474,ORD0025997,PRD00967,2025-08-05,2,Defective
RET0002475,ORD0021012,PRD00546,2025-11-26,1,Wrong Product
RET0002476,ORD0047745,PRD00810,2026-08-07,3,Defective
RET0002477,ORD0004735,PRD00878,2026-02-13,3,Changed Mind
RET0002478,ORD0007843,PRD00852,2026-04-15,2,Damaged
RET0002479,ORD0037084,PRD00159,2025-10-19,1,Wrong Product
RET0002480,ORD0047306,PRD00584,2025-01-16,1,Late Delivery
RET0002481,ORD0019885,PRD00713,2026-07-01,1,Changed Mind
RET0002482,ORD0039874,PRD00837,2026-05-25,2,Changed Mind
RET0002483,ORD0008326,PRD00611,2026-03-28,2,Size/Compatibility
RET0002484,ORD0033865,PRD00548,2026-02-22,2,Late Delivery
RET0002485,ORD0026623,PRD00310,2026-01-12,1,Size/Compatibility
RET0002486,ORD0041823,PRD00529,2026-01-13,3,Late Delivery
RET0002487,ORD0021668,PRD00330,2026-05-24,3,Changed Mind
RET0002488,ORD0032570,PRD00585,2025-08-13,2,Wrong Product
RET0002489,ORD0009951,PRD00648,2026-02-27,1,Defective
RET0002490,ORD0028582,PRD00221,2025-01-21,1,Late Delivery
RET0002491,ORD0019736,PRD00303,2025-05-16,2,Late Delivery
RET0002492,ORD0034769,PRD00071,2025-09-25,2,Defective
RET0002493,ORD0005612,PRD00841,2025-04-30,3,Wrong Product
RET0002494,ORD0035361,PRD00474,2026-06-08,3,Changed Mind
RET0002495,ORD0018152,PRD00507,2026-06-23,3,Damaged
RET0002496,ORD0007403,PRD00083,2025-05-05,3,Damaged
RET0002497,ORD0022861,PRD00259,2025-08-17,1,Damaged
RET0002498,ORD0017419,PRD00677,2025-03-03,1,Changed Mind
RET0002499,ORD0009851,PRD00021,2025-10-24,2,Defective
RET0002500,ORD0004347,PRD00985,2026-05-25,2,Defective
RET0002501,ORD0009561,PRD00942,2025-06-07,2,Late Delivery
RET0002502,ORD0029208,PRD00336,2025-12-26,3,Late Delivery
RET0002503,ORD0030812,PRD00850,2025-08-13,2,Wrong Product
RET0002504,ORD0044560,PRD00238,2025-03-22,3,Size/Compatibility
RET0002505,ORD0040422,PRD00502,2025-10-18,3,Late Delivery
RET0002506,ORD0031297,PRD00195,2025-02-16,1,Size/Compatibility
RET0002507,ORD0038771,PRD00426,2026-05-04,1,Late Delivery
RET0002508,ORD0001117,PRD00694,2025-04-03,1,Damaged
RET0002509,ORD0018190,PRD00162,2025-05-17,3,Size/Compatibility
RET0002510,ORD0038131,PRD00580,2025-11-29,1,Size/Compatibility
RET0002511,ORD0001809,PRD00640,2026-05-08,1,Size/Compatibility
RET0002512,ORD0001902,PRD00475,2025-05-06,3,Defective
RET0002513,ORD0010682,PRD00338,2026-04-10,3,Damaged
RET0002514,ORD0034248,PRD00663,2026-08-04,2,Damaged
RET0002515,ORD0010848,PRD00891,2026-05-01,3,Wrong Product
RET0002516,ORD0047572,PRD00003,2025-06-02,1,Defective
RET0002517,ORD0038178,PRD00475,2025-06-14,2,Defective
RET0002518,ORD0021100,PRD00084,2025-08-07,3,Defective
RET0002519,ORD0008599,PRD00893,2025-02-10,3,Size/Compatibility
RET0002520,ORD0027421,PRD00454,2025-03-22,3,Changed Mind
RET0002521,ORD0016834,PRD00588,2025-06-01,2,Defective
RET0002522,ORD0036439,PRD00724,2025-11-04,3,Size/Compatibility
RET0002523,ORD0007584,PRD00475,2025-09-15,3,Defective
RET0002524,ORD0016876,PRD00382,2026-06-05,1,Late Delivery
RET0002525,ORD0028815,PRD00845,2025-11-15,1,Late Delivery
RET0002526,ORD0049097,PRD00393,2026-02-26,2,Changed Mind
RET0002527,ORD0049672,PRD00907,2025-05-28,1,Size/Compatibility
RET0002528,ORD0008990,PRD00751,2025-05-16,1,Size/Compatibility
RET0002529,ORD0033593,PRD00392,2025-04-17,3,Changed Mind
RET0002530,ORD0035696,PRD00394,2025-04-28,3,Wrong Product
RET0002531,ORD0049283,PRD00553,2026-07-03,3,Size/Compatibility
RET0002532,ORD0037287,PRD00530,2026-04-11,2,Late Delivery
RET0002533,ORD0020208,PRD00040,2026-07-06,2,Damaged
RET0002534,ORD0018444,PRD00589,2026-06-12,2,Size/Compatibility
RET0002535,ORD0019044,PRD00213,2026-03-20,1,Size/Compatibility
RET0002536,ORD0049276,PRD00978,2026-05-29,3,Changed Mind
RET0002537,ORD0042067,PRD00988,2026-04-27,1,Changed Mind
RET0002538,ORD0003392,PRD00642,2025-11-09,2,Wrong Product
RET0002539,ORD0039938,PRD00414,2025-06-30,1,Wrong Product
RET0002540,ORD0006679,PRD00145,2026-01-29,2,Damaged
RET0002541,ORD0043258,PRD00123,2026-02-04,3,Changed Mind
RET0002542,ORD0006145,PRD00510,2026-01-15,2,Defective
RET0002543,ORD0010879,PRD00541,2025-09-04,3,Changed Mind
RET0002544,ORD0047299,PRD00893,2025-09-19,2,Changed Mind
RET0002545,ORD0013400,PRD00649,2025-02-24,2,Defective
RET0002546,ORD0006435,PRD00498,2026-06-26,3,Damaged
RET0002547,ORD0006004,PRD00350,2025-06-10,3,Late Delivery
RET0002548,ORD0020337,PRD00484,2026-01-14,3,Changed Mind
RET0002549,ORD0003851,PRD00756,2026-03-04,1,Size/Compatibility
RET0002550,ORD0002187,PRD00321,2026-02-13,1,Damaged
RET0002551,ORD0013234,PRD00976,2025-02-08,1,Damaged
RET0002552,ORD0005803,PRD00035,2025-02-18,3,Damaged
RET0002553,ORD0038770,PRD00719,2025-07-14,2,Late Delivery
RET0002554,ORD0012826,PRD00148,2025-06-19,1,Late Delivery
RET0002555,ORD0009829,PRD00584,2025-10-08,1,Damaged
RET0002556,ORD0028610,PRD00358,2026-01-20,2,Changed Mind
RET0002557,ORD0002276,PRD00678,2026-04-10,3,Damaged
RET0002558,ORD0009416,PRD00241,2026-04-01,2,Changed Mind
RET0002559,ORD0010591,PRD00148,2026-07-20,2,Late Delivery
RET0002560,ORD0000502,PRD00841,2025-01-22,2,Late Delivery
RET0002561,ORD0022285,PRD00407,2025-05-25,1,Changed Mind
RET0002562,ORD0022592,PRD00905,2025-12-29,1,Wrong Product
RET0002563,ORD0049622,PRD00491,2025-03-08,2,Changed Mind
RET0002564,ORD0023480,PRD00484,2025-02-24,1,Wrong Product
RET0002565,ORD0049281,PRD00826,2025-09-25,1,Damaged
RET0002566,ORD0031811,PRD00059,2026-01-31,2,Changed Mind
RET0002567,ORD0015925,PRD00560,2025-05-09,2,Late Delivery
RET0002568,ORD0005806,PRD00276,2025-04-30,2,Damaged
RET0002569,ORD0036992,PRD00477,2025-07-24,3,Late Delivery
RET0002570,ORD0043837,PRD00217,2025-06-30,1,Changed Mind
RET0002571,ORD0016359,PRD00239,2025-12-31,3,Changed Mind
RET0002572,ORD0034467,PRD00189,2026-06-01,1,Late Delivery
RET0002573,ORD0010693,PRD00170,2025-05-07,2,Wrong Product
RET0002574,ORD0004517,PRD00827,2026-02-06,3,Wrong Product
RET0002575,ORD0019636,PRD00369,2025-08-17,2,Damaged
RET0002576,ORD0029401,PRD00411,2026-08-09,1,Damaged
RET0002577,ORD0021698,PRD00782,2026-02-12,1,Changed Mind
RET0002578,ORD0043662,PRD00342,2025-10-25,2,Changed Mind
RET0002579,ORD0014165,PRD00111,2025-07-05,3,Size/Compatibility
RET0002580,ORD0012075,PRD00010,2025-05-27,3,Changed Mind
RET0002581,ORD0034054,PRD00645,2025-10-02,3,Wrong Product
RET0002582,ORD0027407,PRD00035,2026-02-13,2,Damaged
RET0002583,ORD0032372,PRD00777,2026-04-05,3,Size/Compatibility
RET0002584,ORD0017582,PRD00233,2025-04-09,2,Wrong Product
RET0002585,ORD0006244,PRD00293,2025-11-22,3,Size/Compatibility
RET0002586,ORD0016853,PRD00354,2025-04-29,2,Size/Compatibility
RET0002587,ORD0040820,PRD00482,2025-08-01,1,Size/Compatibility
RET0002588,ORD0024362,PRD00091,2025-03-21,2,Wrong Product
RET0002589,ORD0041375,PRD00584,2025-04-19,1,Damaged
RET0002590,ORD0008811,PRD00939,2026-07-21,1,Damaged
RET0002591,ORD0035916,PRD00158,2025-09-09,3,Wrong Product
RET0002592,ORD0003459,PRD00362,2025-03-07,2,Changed Mind
RET0002593,ORD0029262,PRD00126,2025-02-15,3,Wrong Product
RET0002594,ORD0020213,PRD00713,2025-07-05,2,Size/Compatibility
RET0002595,ORD0025389,PRD00763,2026-04-18,2,Size/Compatibility
RET0002596,ORD0005259,PRD00149,2025-03-30,2,Defective
RET0002597,ORD0014202,PRD00199,2026-07-22,1,Defective
RET0002598,ORD0009350,PRD00524,2026-06-15,2,Wrong Product
RET0002599,ORD0018220,PRD00844,2025-11-18,1,Defective
RET0002600,ORD0034236,PRD00413,2026-01-31,1,Size/Compatibility
RET0002601,ORD0004526,PRD00061,2025-08-27,3,Damaged
RET0002602,ORD0013891,PRD00241,2026-08-10,2,Defective
RET0002603,ORD0038045,PRD00685,2025-06-25,3,Changed Mind
RET0002604,ORD0024637,PRD00456,2025-06-20,3,Wrong Product
RET0002605,ORD0013953,PRD00664,2026-03-14,2,Wrong Product
RET0002606,ORD0048376,PRD00755,2025-05-11,1,Late Delivery
RET0002607,ORD0038994,PRD00777,2025-01-03,1,Wrong Product
RET0002608,ORD0015969,PRD00328,2025-11-09,2,Defective
RET0002609,ORD0000471,PRD00657,2026-05-06,1,Changed Mind
RET0002610,ORD0027571,PRD00949,2025-11-22,1,Defective
RET0002611,ORD0016389,PRD00713,2026-04-29,2,Changed Mind
RET0002612,ORD0018050,PRD00303,2026-03-24,2,Damaged
RET0002613,ORD0029645,PRD00441,2025-04-26,1,Defective
RET0002614,ORD0043234,PRD00514,2025-04-25,2,Changed Mind
RET0002615,ORD0005666,PRD00844,2025-09-16,2,Defective
RET0002616,ORD0043089,PRD00379,2025-12-07,2,Changed Mind
RET0002617,ORD0012049,PRD00420,2025-02-12,1,Late Delivery
RET0002618,ORD0049686,PRD00900,2026-04-13,1,Wrong Product
RET0002619,ORD0039703,PRD00681,2025-12-01,2,Size/Compatibility
RET0002620,ORD0021902,PRD00722,2025-02-16,1,Defective
RET0002621,ORD0049260,PRD00616,2025-11-13,2,Defective
RET0002622,ORD0045461,PRD00133,2025-05-08,3,Damaged
RET0002623,ORD0037338,PRD00970,2025-02-28,2,Wrong Product
RET0002624,ORD0045776,PRD00518,2025-12-31,3,Changed Mind
RET0002625,ORD0007550,PRD00248,2025-10-11,1,Changed Mind
RET0002626,ORD0033526,PRD00701,2025-09-03,1,Defective
RET0002627,ORD0037634,PRD00713,2025-03-02,1,Size/Compatibility
RET0002628,ORD0004665,PRD00537,2025-07-27,3,Wrong Product
RET0002629,ORD0044948,PRD00025,2025-11-28,1,Damaged
RET0002630,ORD0024563,PRD00944,2026-03-20,1,Damaged
RET0002631,ORD0023201,PRD00245,2025-04-08,3,Damaged
RET0002632,ORD0005159,PRD00740,2025-04-05,3,Defective
RET0002633,ORD0000684,PRD00115,2026-08-25,3,Changed Mind
RET0002634,ORD0004536,PRD00941,2026-05-28,3,Wrong Product
RET0002635,ORD0043611,PRD00974,2025-03-01,2,Late Delivery
RET0002636,ORD0044829,PRD00549,2025-09-18,3,Changed Mind
RET0002637,ORD0047307,PRD00761,2025-02-20,1,Late Delivery
RET0002638,ORD0039142,PRD00549,2026-02-15,2,Damaged
RET0002639,ORD0045045,PRD00584,2025-02-11,2,Defective
RET0002640,ORD0009305,PRD00133,2026-08-25,1,Changed Mind
RET0002641,ORD0025633,PRD00519,2025-04-22,3,Late Delivery
RET0002642,ORD0001755,PRD00204,2026-03-05,2,Changed Mind
RET0002643,ORD0005386,PRD00992,2025-11-25,1,Late Delivery
RET0002644,ORD0048853,PRD00121,2026-04-20,1,Size/Compatibility
RET0002645,ORD0047899,PRD00802,2026-06-10,1,Wrong Product
RET0002646,ORD0017621,PRD00141,2025-11-01,2,Size/Compatibility
RET0002647,ORD0044698,PRD00217,2026-03-13,2,Defective
RET0002648,ORD0020670,PRD00468,2025-03-18,3,Defective
RET0002649,ORD0042508,PRD00933,2025-02-10,2,Damaged
RET0002650,ORD0021156,PRD00736,2025-05-26,3,Defective
RET0002651,ORD0016392,PRD00530,2026-01-26,2,Late Delivery
RET0002652,ORD0026957,PRD00621,2025-08-22,1,Late Delivery
RET0002653,ORD0022446,PRD00425,2025-09-28,2,Size/Compatibility
RET0002654,ORD0007260,PRD00268,2025-09-09,2,Wrong Product
RET0002655,ORD0031191,PRD00884,2025-02-10,1,Size/Compatibility
RET0002656,ORD0016123,PRD00799,2025-08-08,3,Late Delivery
RET0002657,ORD0007609,PRD00274,2026-03-30,1,Wrong Product
RET0002658,ORD0033030,PRD00679,2026-08-07,3,Changed Mind
RET0002659,ORD0018615,PRD00513,2026-07-03,1,Defective
RET0002660,ORD0015997,PRD00072,2025-10-03,1,Wrong Product
RET0002661,ORD0025382,PRD00047,2026-01-20,3,Late Delivery
RET0002662,ORD0007346,PRD00209,2025-09-06,2,Damaged
RET0002663,ORD0032930,PRD00447,2025-09-05,3,Size/Compatibility
RET0002664,ORD0010860,PRD00526,2025-05-25,1,Size/Compatibility
RET0002665,ORD0038932,PRD00222,2025-05-25,3,Wrong Product
RET0002666,ORD0009360,PRD00682,2025-12-04,3,Defective
RET0002667,ORD0021524,PRD00423,2025-04-01,3,Changed Mind
RET0002668,ORD0003062,PRD00476,2025-03-11,1,Changed Mind
RET0002669,ORD0021924,PRD00324,2025-02-25,2,Changed Mind
RET0002670,ORD0002156,PRD00028,2025-05-16,3,Changed Mind
RET0002671,ORD0028529,PRD00639,2026-06-20,3,Defective
RET0002672,ORD0032063,PRD00461,2026-08-26,2,Wrong Product
RET0002673,ORD0027557,PRD00492,2026-02-11,2,Wrong Product
RET0002674,ORD0022770,PRD00230,2026-07-17,1,Defective
RET0002675,ORD0030334,PRD00046,2026-05-02,2,Damaged
RET0002676,ORD0010642,PRD00935,2025-12-04,1,Late Delivery
RET0002677,ORD0015637,PRD00842,2026-06-27,3,Wrong Product
RET0002678,ORD0035515,PRD00665,2026-07-09,1,Changed Mind
RET0002679,ORD0019146,PRD00928,2025-05-04,3,Size/Compatibility
RET0002680,ORD0040656,PRD00807,2025-02-09,2,Changed Mind
RET0002681,ORD0026191,PRD00096,2026-04-20,3,Changed Mind
RET0002682,ORD0005467,PRD00903,2025-05-16,3,Size/Compatibility
RET0002683,ORD0047792,PRD00164,2025-11-10,1,Changed Mind
RET0002684,ORD0001540,PRD00761,2026-01-10,3,Wrong Product
RET0002685,ORD0009994,PRD00322,2026-05-20,1,Wrong Product
RET0002686,ORD0010920,PRD00318,2025-09-21,1,Defective
RET0002687,ORD0038932,PRD00854,2026-03-13,1,Size/Compatibility
RET0002688,ORD0022132,PRD00289,2025-03-26,2,Defective
RET0002689,ORD0002653,PRD00857,2026-08-02,2,Changed Mind
RET0002690,ORD0026520,PRD00358,2026-06-04,1,Size/Compatibility
RET0002691,ORD0026109,PRD00557,2025-04-09,2,Wrong Product
RET0002692,ORD0024728,PRD00509,2025-03-28,2,Late Delivery
RET0002693,ORD0012789,PRD00920,2025-08-23,3,Changed Mind
RET0002694,ORD0022422,PRD00397,2026-03-03,3,Defective
RET0002695,ORD0044952,PRD00336,2025-07-31,2,Changed Mind
RET0002696,ORD0022028,PRD00555,2026-03-11,1,Size/Compatibility
RET0002697,ORD0041724,PRD01000,2025-01-02,3,Size/Compatibility
RET0002698,ORD0026603,PRD00122,2025-05-13,1,Wrong Product
RET0002699,ORD0034614,PRD00448,2025-02-03,2,Damaged
RET0002700,ORD0019030,PRD00497,2025-12-30,1,Wrong Product
RET0002701,ORD0029492,PRD00603,2026-06-22,2,Damaged
RET0002702,ORD0020791,PRD00652,2025-10-09,3,Changed Mind
RET0002703,ORD0044454,PRD00219,2026-04-11,2,Damaged
RET0002704,ORD0022614,PRD00542,2026-05-31,2,Changed Mind
RET0002705,ORD0029922,PRD00629,2025-06-19,2,Late Delivery
RET0002706,ORD0033776,PRD00253,2025-11-02,3,Wrong Product
RET0002707,ORD0029303,PRD00015,2025-12-29,3,Wrong Product
RET0002708,ORD0036829,PRD00209,2025-11-20,1,Wrong Product
RET0002709,ORD0013197,PRD00774,2025-10-30,1,Late Delivery
RET0002710,ORD0020409,PRD00573,2025-01-25,1,Damaged
RET0002711,ORD0022970,PRD00758,2026-05-04,3,Wrong Product
RET0002712,ORD0046891,PRD00856,2026-02-03,2,Damaged
RET0002713,ORD0003890,PRD00043,2025-04-22,1,Changed Mind
RET0002714,ORD0021242,PRD00697,2025-06-22,3,Damaged
RET0002715,ORD0008164,PRD00169,2026-04-30,2,Wrong Product
RET0002716,ORD0021344,PRD00349,2025-04-16,3,Changed Mind
RET0002717,ORD0000185,PRD00884,2025-02-18,2,Damaged
RET0002718,ORD0027341,PRD00210,2025-03-16,3,Late Delivery
RET0002719,ORD0028924,PRD00639,2025-02-20,1,Late Delivery
RET0002720,ORD0011579,PRD00564,2025-09-25,1,Defective
RET0002721,ORD0032473,PRD00161,2026-07-26,1,Changed Mind
RET0002722,ORD0044277,PRD00923,2026-03-25,2,Size/Compatibility
RET0002723,ORD0042299,PRD00192,2025-11-30,3,Defective
RET0002724,ORD0044382,PRD00527,2025-09-22,3,Size/Compatibility
RET0002725,ORD0018244,PRD00400,2026-03-07,3,Damaged
RET0002726,ORD0012643,PRD00272,2026-02-09,3,Damaged
RET0002727,ORD0032588,PRD00380,2025-06-27,1,Late Delivery
RET0002728,ORD0039222,PRD00289,2026-01-17,2,Size/Compatibility
RET0002729,ORD0007579,PRD00154,2026-07-28,1,Wrong Product
RET0002730,ORD0031707,PRD00317,2025-01-15,1,Wrong Product
RET0002731,ORD0019268,PRD00591,2026-04-01,1,Wrong Product
RET0002732,ORD0033294,PRD00274,2025-12-14,3,Changed Mind
RET0002733,ORD0047794,PRD00607,2026-08-17,1,Late Delivery
RET0002734,ORD0044514,PRD00372,2025-04-11,3,Wrong Product
RET0002735,ORD0013992,PRD00567,2026-07-13,1,Damaged
RET0002736,ORD0022371,PRD00625,2025-01-14,3,Damaged
RET0002737,ORD0002757,PRD00621,2025-09-06,1,Changed Mind
RET0002738,ORD0020787,PRD00964,2025-08-21,2,Damaged
RET0002739,ORD0038041,PRD00401,2025-07-23,3,Changed Mind
RET0002740,ORD0029163,PRD00406,2026-07-21,2,Wrong Product
RET0002741,ORD0032698,PRD00300,2025-11-02,3,Damaged
RET0002742,ORD0009128,PRD00572,2025-12-07,2,Defective
RET0002743,ORD0041530,PRD00453,2026-03-08,2,Wrong Product
RET0002744,ORD0035168,PRD00511,2025-09-16,1,Late Delivery
RET0002745,ORD0008801,PRD00580,2026-01-19,1,Changed Mind
RET0002746,ORD0041459,PRD00262,2026-01-30,3,Damaged
RET0002747,ORD0003312,PRD00420,2025-01-13,1,Damaged
RET0002748,ORD0020862,PRD00713,2026-07-27,3,Late Delivery
RET0002749,ORD0032855,PRD00991,2026-05-04,1,Late Delivery
RET0002750,ORD0015606,PRD00672,2025-01-07,3,Changed Mind
RET0002751,ORD0021202,PRD00217,2026-04-05,2,Size/Compatibility
RET0002752,ORD0041710,PRD00456,2026-08-08,1,Changed Mind
RET0002753,ORD0022890,PRD00340,2025-03-31,2,Damaged
RET0002754,ORD0034307,PRD00404,2026-03-23,3,Damaged
RET0002755,ORD0045955,PRD00613,2025-10-03,2,Damaged
RET0002756,ORD0019631,PRD00508,2025-04-06,1,Defective
RET0002757,ORD0020883,PRD00399,2025-05-01,2,Defective
RET0002758,ORD0023642,PRD00426,2025-11-07,2,Late Delivery
RET0002759,ORD0029811,PRD00484,2025-04-29,2,Defective
RET0002760,ORD0033448,PRD00657,2026-07-28,1,Damaged
RET0002761,ORD0028913,PRD00102,2025-03-01,1,Damaged
RET0002762,ORD0049980,PRD00226,2026-03-02,3,Changed Mind
RET0002763,ORD0019804,PRD00004,2026-04-19,1,Damaged
RET0002764,ORD0018879,PRD00794,2026-04-25,2,Defective
RET0002765,ORD0025347,PRD00630,2025-05-02,3,Late Delivery
RET0002766,ORD0030516,PRD00944,2025-12-14,2,Damaged
RET0002767,ORD0046517,PRD00299,2026-02-02,2,Wrong Product
RET0002768,ORD0042470,PRD00446,2025-02-13,2,Changed Mind
RET0002769,ORD0011704,PRD00766,2025-11-22,3,Defective
RET0002770,ORD0028923,PRD00828,2025-12-27,2,Defective
RET0002771,ORD0000184,PRD00441,2025-03-06,2,Wrong Product
RET0002772,ORD0004754,PRD00843,2025-08-03,2,Size/Compatibility
RET0002773,ORD0041664,PRD00677,2026-02-11,2,Defective
RET0002774,ORD0034052,PRD00337,2026-02-02,3,Defective
RET0002775,ORD0045986,PRD00817,2026-06-22,1,Size/Compatibility
RET0002776,ORD0001637,PRD00966,2026-08-06,2,Size/Compatibility
RET0002777,ORD0010859,PRD00372,2026-05-16,3,Defective
RET0002778,ORD0026077,PRD00690,2026-02-01,1,Defective
RET0002779,ORD0019598,PRD00362,2025-09-03,3,Changed Mind
RET0002780,ORD0017792,PRD00536,2025-07-02,3,Wrong Product
RET0002781,ORD0045546,PRD00916,2025-05-29,2,Late Delivery
RET0002782,ORD0007247,PRD00461,2026-02-18,2,Damaged
RET0002783,ORD0018658,PRD00119,2026-05-11,2,Changed Mind
RET0002784,ORD0049658,PRD00691,2025-11-27,1,Changed Mind
RET0002785,ORD0030698,PRD00279,2025-06-23,1,Size/Compatibility
RET0002786,ORD0019522,PRD00582,2025-05-18,2,Damaged
RET0002787,ORD0046482,PRD00069,2025-05-06,3,Changed Mind
RET0002788,ORD0040803,PRD00707,2025-03-16,2,Size/Compatibility
RET0002789,ORD0017310,PRD00053,2025-10-11,1,Defective
RET0002790,ORD0040358,PRD00037,2026-05-14,3,Wrong Product
RET0002791,ORD0038807,PRD00861,2025-01-01,1,Size/Compatibility
RET0002792,ORD0034642,PRD00311,2025-06-30,3,Damaged
RET0002793,ORD0004847,PRD00049,2025-01-05,3,Defective
RET0002794,ORD0028795,PRD00568,2025-10-08,1,Defective
RET0002795,ORD0005690,PRD00707,2026-01-22,1,Size/Compatibility
RET0002796,ORD0001353,PRD00147,2025-11-06,3,Wrong Product
RET0002797,ORD0007007,PRD00339,2025-11-08,3,Changed Mind
RET0002798,ORD0018793,PRD00157,2025-09-07,3,Changed Mind
RET0002799,ORD0044174,PRD00362,2025-02-28,1,Late Delivery
RET0002800,ORD0024584,PRD00310,2025-04-22,2,Defective
RET0002801,ORD0002334,PRD00010,2025-01-03,2,Damaged
RET0002802,ORD0031655,PRD00332,2025-02-23,2,Defective
RET0002803,ORD0047635,PRD00999,2025-03-23,3,Late Delivery
RET0002804,ORD0017515,PRD00977,2025-03-30,1,Changed Mind
RET0002805,ORD0013354,PRD00861,2025-07-26,1,Damaged
RET0002806,ORD0010810,PRD00632,2025-04-07,3,Damaged
RET0002807,ORD0017208,PRD00396,2026-01-05,2,Defective
RET0002808,ORD0016813,PRD00664,2025-08-13,2,Defective
RET0002809,ORD0010770,PRD00296,2025-10-07,2,Damaged
RET0002810,ORD0048504,PRD00873,2025-03-05,2,Size/Compatibility
RET0002811,ORD0039112,PRD00918,2025-12-22,2,Late Delivery
RET0002812,ORD0007722,PRD00673,2026-04-20,3,Damaged
RET0002813,ORD0001980,PRD00183,2025-02-04,1,Late Delivery
RET0002814,ORD0035427,PRD00377,2025-12-07,2,Wrong Product
RET0002815,ORD0046316,PRD00660,2025-05-18,1,Damaged
RET0002816,ORD0044645,PRD00416,2026-04-15,1,Wrong Product
RET0002817,ORD0031377,PRD00256,2026-07-31,3,Wrong Product
RET0002818,ORD0037695,PRD00558,2025-11-19,1,Size/Compatibility
RET0002819,ORD0022224,PRD00154,2025-04-20,1,Damaged
RET0002820,ORD0031367,PRD00873,2026-07-02,2,Defective
RET0002821,ORD0024956,PRD00076,2026-03-13,1,Damaged
RET0002822,ORD0013684,PRD00285,2026-07-30,1,Defective
RET0002823,ORD0024528,PRD00663,2025-10-13,1,Defective
RET0002824,ORD0006820,PRD00511,2025-12-06,1,Defective
RET0002825,ORD0038961,PRD00163,2026-03-08,2,Wrong Product
RET0002826,ORD0044635,PRD00736,2026-04-30,1,Damaged
RET0002827,ORD0040121,PRD00622,2026-05-15,2,Damaged
RET0002828,ORD0043987,PRD00799,2026-02-07,1,Size/Compatibility
RET0002829,ORD0014208,PRD00581,2026-04-10,3,Wrong Product
RET0002830,ORD0014278,PRD00042,2025-09-17,2,Size/Compatibility
RET0002831,ORD0019548,PRD00200,2026-08-23,2,Defective
RET0002832,ORD0027138,PRD00910,2025-01-03,3,Late Delivery
RET0002833,ORD0007795,PRD00437,2026-07-03,3,Size/Compatibility
RET0002834,ORD0004019,PRD00809,2026-07-21,2,Wrong Product
RET0002835,ORD0036722,PRD00763,2025-05-29,1,Damaged
RET0002836,ORD0009277,PRD00543,2025-12-01,2,Wrong Product
RET0002837,ORD0003498,PRD00530,2025-01-11,1,Late Delivery
RET0002838,ORD0049457,PRD00287,2025-05-11,1,Damaged
RET0002839,ORD0041997,PRD00270,2025-09-05,3,Wrong Product
RET0002840,ORD0017423,PRD00951,2025-02-10,3,Changed Mind
RET0002841,ORD0044874,PRD00649,2025-07-02,3,Changed Mind
RET0002842,ORD0004884,PRD00554,2026-05-27,3,Late Delivery
RET0002843,ORD0020905,PRD00238,2026-03-15,3,Changed Mind
RET0002844,ORD0015066,PRD00780,2026-04-10,1,Defective
RET0002845,ORD0015142,PRD00745,2025-06-18,2,Defective
RET0002846,ORD0034147,PRD00693,2026-04-27,1,Wrong Product
RET0002847,ORD0046655,PRD00187,2026-01-17,2,Changed Mind
RET0002848,ORD0013415,PRD00782,2025-03-29,3,Damaged
RET0002849,ORD0040390,PRD00097,2026-07-09,1,Damaged
RET0002850,ORD0027021,PRD00091,2026-03-12,2,Late Delivery
RET0002851,ORD0016421,PRD00232,2025-05-24,2,Size/Compatibility
RET0002852,ORD0008127,PRD00341,2025-01-29,1,Damaged
RET0002853,ORD0016137,PRD00286,2026-05-23,1,Size/Compatibility
RET0002854,ORD0011762,PRD00367,2026-07-23,1,Wrong Product
RET0002855,ORD0013167,PRD00382,2026-03-19,3,Defective
RET0002856,ORD0019796,PRD00734,2025-09-21,1,Changed Mind
RET0002857,ORD0036880,PRD00565,2025-02-22,1,Wrong Product
RET0002858,ORD0019393,PRD00975,2026-02-24,1,Late Delivery
RET0002859,ORD0046315,PRD00472,2026-01-04,3,Defective
RET0002860,ORD0041758,PRD00357,2026-03-16,2,Late Delivery
RET0002861,ORD0002244,PRD00065,2026-06-18,2,Changed Mind
RET0002862,ORD0048990,PRD00884,2026-05-17,1,Damaged
RET0002863,ORD0035136,PRD00493,2025-11-05,2,Changed Mind
RET0002864,ORD0034872,PRD00858,2025-09-05,1,Damaged
RET0002865,ORD0040030,PRD00525,2025-01-19,3,Wrong Product
RET0002866,ORD0047236,PRD00918,2026-01-14,3,Wrong Product
RET0002867,ORD0029733,PRD00528,2025-05-23,2,Defective
RET0002868,ORD0035163,PRD00833,2025-10-26,1,Size/Compatibility
RET0002869,ORD0008363,PRD00095,2026-07-29,2,Damaged
RET0002870,ORD0038365,PRD00437,2026-04-30,2,Wrong Product
RET0002871,ORD0038226,PRD00197,2025-07-14,1,Changed Mind
RET0002872,ORD0001175,PRD00504,2025-12-10,3,Late Delivery
RET0002873,ORD0023106,PRD00186,2025-08-18,3,Late Delivery
RET0002874,ORD0005571,PRD00369,2026-07-23,2,Defective
RET0002875,ORD0041520,PRD00527,2025-06-06,1,Size/Compatibility
RET0002876,ORD0034870,PRD00922,2025-03-27,1,Damaged
RET0002877,ORD0029358,PRD00161,2025-02-08,2,Defective
RET0002878,ORD0040045,PRD00767,2026-06-22,1,Late Delivery
RET0002879,ORD0046660,PRD00576,2025-02-12,2,Changed Mind
RET0002880,ORD0046672,PRD00960,2025-10-29,2,Changed Mind
RET0002881,ORD0048537,PRD00493,2026-04-30,1,Late Delivery
RET0002882,ORD0036190,PRD00521,2026-04-29,3,Wrong Product
RET0002883,ORD0003418,PRD00434,2025-08-11,3,Wrong Product
RET0002884,ORD0016628,PRD00927,2026-08-13,1,Wrong Product
RET0002885,ORD0020362,PRD00246,2025-04-15,1,Size/Compatibility
RET0002886,ORD0049036,PRD00299,2026-07-13,3,Damaged
RET0002887,ORD0025251,PRD00326,2025-07-09,2,Late Delivery
RET0002888,ORD0029236,PRD00168,2025-05-13,2,Changed Mind
RET0002889,ORD0011523,PRD00969,2026-07-11,1,Defective
RET0002890,ORD0033536,PRD00959,2025-02-09,1,Damaged
RET0002891,ORD0006061,PRD00218,2026-07-27,3,Size/Compatibility
RET0002892,ORD0010522,PRD00665,2026-02-18,3,Late Delivery
RET0002893,ORD0008918,PRD00441,2025-05-22,1,Late Delivery
RET0002894,ORD0002127,PRD00369,2025-01-23,3,Late Delivery
RET0002895,ORD0017603,PRD00797,2026-03-23,2,Defective
RET0002896,ORD0039024,PRD00327,2026-06-15,2,Changed Mind
RET0002897,ORD0037499,PRD00173,2025-11-09,3,Changed Mind
RET0002898,ORD0027672,PRD00543,2026-05-08,1,Late Delivery
RET0002899,ORD0028452,PRD00598,2025-04-11,3,Changed Mind
RET0002900,ORD0025332,PRD00648,2025-01-04,1,Damaged
RET0002901,ORD0036158,PRD00225,2025-12-31,2,Size/Compatibility
RET0002902,ORD0014604,PRD00043,2025-02-27,2,Wrong Product
RET0002903,ORD0011771,PRD00241,2025-05-15,3,Late Delivery
RET0002904,ORD0003317,PRD00440,2025-11-02,2,Damaged
RET0002905,ORD0033173,PRD00276,2025-06-03,2,Defective
RET0002906,ORD0003825,PRD00552,2025-11-06,2,Changed Mind
RET0002907,ORD0013990,PRD00413,2025-07-29,1,Damaged
RET0002908,ORD0030082,PRD00181,2026-08-27,3,Changed Mind
RET0002909,ORD0040193,PRD00669,2026-07-26,2,Defective
RET0002910,ORD0011835,PRD00569,2025-09-12,2,Damaged
RET0002911,ORD0047792,PRD00081,2025-03-30,3,Size/Compatibility
RET0002912,ORD0033293,PRD00873,2025-09-19,1,Wrong Product
RET0002913,ORD0019439,PRD00918,2026-07-14,3,Wrong Product
RET0002914,ORD0043925,PRD00809,2025-10-19,1,Wrong Product
RET0002915,ORD0001095,PRD00537,2026-07-06,3,Late Delivery
RET0002916,ORD0023827,PRD00866,2026-06-22,2,Wrong Product
RET0002917,ORD0010459,PRD00706,2025-06-23,1,Damaged
RET0002918,ORD0038574,PRD00570,2026-01-14,2,Defective
RET0002919,ORD0027847,PRD00026,2025-07-13,3,Damaged
RET0002920,ORD0034860,PRD00771,2025-01-07,3,Changed Mind
RET0002921,ORD0017555,PRD00708,2025-12-28,2,Late Delivery
RET0002922,ORD0039574,PRD00195,2026-01-06,3,Defective
RET0002923,ORD0026518,PRD00747,2025-10-06,3,Defective
RET0002924,ORD0001055,PRD00503,2026-07-16,3,Late Delivery
RET0002925,ORD0004948,PRD00678,2026-02-23,2,Changed Mind
RET0002926,ORD0049945,PRD00950,2025-09-17,1,Late Delivery
RET0002927,ORD0047827,PRD00722,2025-12-04,2,Size/Compatibility
RET0002928,ORD0034776,PRD00469,2026-05-30,2,Defective
RET0002929,ORD0038182,PRD00714,2025-04-17,1,Size/Compatibility
RET0002930,ORD0015473,PRD00471,2026-05-24,1,Defective
RET0002931,ORD0028107,PRD00499,2025-09-28,2,Size/Compatibility
RET0002932,ORD0002167,PRD00228,2025-10-06,3,Size/Compatibility
RET0002933,ORD0020267,PRD00450,2025-05-30,3,Size/Compatibility
RET0002934,ORD0042760,PRD00723,2026-02-19,3,Late Delivery
RET0002935,ORD0037938,PRD00072,2025-12-19,3,Wrong Product
RET0002936,ORD0036903,PRD00417,2026-03-01,1,Defective
RET0002937,ORD0037112,PRD00689,2026-03-23,2,Changed Mind
RET0002938,ORD0008050,PRD00685,2026-07-27,2,Defective
RET0002939,ORD0005760,PRD00331,2026-08-26,3,Wrong Product
RET0002940,ORD0045830,PRD00222,2026-01-31,3,Changed Mind
RET0002941,ORD0048855,PRD00008,2025-12-14,3,Defective
RET0002942,ORD0037446,PRD00528,2025-07-14,3,Size/Compatibility
RET0002943,ORD0044238,PRD00518,2025-03-14,1,Late Delivery
RET0002944,ORD0045401,PRD00405,2025-12-09,1,Wrong Product
RET0002945,ORD0040218,PRD00975,2025-06-12,3,Changed Mind
RET0002946,ORD0039172,PRD00582,2026-02-28,3,Late Delivery
RET0002947,ORD0008349,PRD00060,2025-11-24,3,Damaged
RET0002948,ORD0030817,PRD00023,2025-04-03,3,Size/Compatibility
RET0002949,ORD0033356,PRD00735,2025-07-23,1,Damaged
RET0002950,ORD0012591,PRD00090,2025-01-07,1,Size/Compatibility
RET0002951,ORD0040992,PRD00077,2026-04-28,2,Late Delivery
RET0002952,ORD0015577,PRD00780,2025-08-21,2,Wrong Product
RET0002953,ORD0009201,PRD00039,2025-10-22,1,Changed Mind
RET0002954,ORD0004628,PRD00252,2025-08-20,1,Defective
RET0002955,ORD0023694,PRD00532,2025-12-26,1,Defective
RET0002956,ORD0020145,PRD00459,2025-11-05,3,Damaged
RET0002957,ORD0026490,PRD00661,2026-07-07,2,Damaged
RET0002958,ORD0005769,PRD00482,2026-06-13,2,Wrong Product
RET0002959,ORD0041133,PRD00586,2025-10-13,1,Defective
RET0002960,ORD0036624,PRD00815,2026-08-06,3,Wrong Product
RET0002961,ORD0022686,PRD00296,2026-07-27,3,Damaged
RET0002962,ORD0046948,PRD00121,2025-04-09,3,Size/Compatibility
RET0002963,ORD0005838,PRD00254,2025-09-17,3,Wrong Product
RET0002964,ORD0010838,PRD00576,2025-07-17,1,Size/Compatibility
RET0002965,ORD0040909,PRD00414,2025-04-26,2,Changed Mind
RET0002966,ORD0016066,PRD00262,2025-07-13,1,Wrong Product
RET0002967,ORD0018589,PRD00794,2025-03-18,1,Size/Compatibility
RET0002968,ORD0019263,PRD00736,2025-03-11,1,Late Delivery
RET0002969,ORD0023408,PRD00008,2025-10-02,1,Changed Mind
RET0002970,ORD0041119,PRD00075,2025-03-23,2,Wrong Product
RET0002971,ORD0021969,PRD00344,2025-08-20,3,Changed Mind
RET0002972,ORD0043172,PRD00649,2025-10-01,3,Size/Compatibility
RET0002973,ORD0039409,PRD00827,2025-01-12,3,Defective
RET0002974,ORD0046868,PRD00231,2025-08-15,2,Size/Compatibility
RET0002975,ORD0016861,PRD00246,2026-02-25,2,Wrong Product
RET0002976,ORD0013112,PRD00729,2025-11-27,2,Size/Compatibility
RET0002977,ORD0005895,PRD00154,2025-02-13,1,Size/Compatibility
RET0002978,ORD0004829,PRD00092,2025-10-30,2,Defective
RET0002979,ORD0027424,PRD00199,2025-07-08,1,Size/Compatibility
RET0002980,ORD0022023,PRD00077,2025-07-15,2,Damaged
RET0002981,ORD0003980,PRD00425,2025-08-28,1,Changed Mind
RET0002982,ORD0003879,PRD00294,2025-06-05,3,Defective
RET0002983,ORD0021127,PRD00934,2026-02-25,1,Damaged
RET0002984,ORD0044719,PRD00070,2025-11-20,2,Changed Mind
RET0002985,ORD0011709,PRD00510,2026-06-02,3,Changed Mind
RET0002986,ORD0008586,PRD00681,2025-08-01,2,Damaged
RET0002987,ORD0015817,PRD00323,2025-11-28,3,Size/Compatibility
RET0002988,ORD0044904,PRD00454,2025-07-27,2,Wrong Product
RET0002989,ORD0023118,PRD00172,2025-06-23,2,Size/Compatibility
RET0002990,ORD0002503,PRD00426,2025-11-16,1,Changed Mind
RET0002991,ORD0030466,PRD00300,2025-05-05,2,Wrong Product
RET0002992,ORD0025322,PRD00607,2025-04-16,2,Size/Compatibility
RET0002993,ORD0035942,PRD00458,2025-11-19,1,Late Delivery
RET0002994,ORD0040364,PRD00360,2025-02-15,2,Changed Mind
RET0002995,ORD0019923,PRD00414,2025-10-12,2,Damaged
RET0002996,ORD0026634,PRD00751,2025-01-04,2,Size/Compatibility
RET0002997,ORD0040456,PRD00050,2025-02-07,1,Changed Mind
RET0002998,ORD0041101,PRD00747,2025-06-07,2,Defective
RET0002999,ORD0047157,PRD00990,2025-07-24,3,Wrong Product
RET0003000,ORD0024953,PRD00970,2025-01-27,1,Changed Mind
RET0003001,ORD0044148,PRD00648,2025-07-23,2,Damaged
RET0003002,ORD0026470,PRD00717,2026-04-29,1,Wrong Product
RET0003003,ORD0033644,PRD00284,2025-06-20,2,Size/Compatibility
RET0003004,ORD0019022,PRD00333,2025-04-03,3,Wrong Product
RET0003005,ORD0032605,PRD00212,2026-01-05,3,Wrong Product
RET0003006,ORD0000186,PRD00580,2025-02-28,1,Defective
RET0003007,ORD0006663,PRD00895,2026-08-04,2,Wrong Product
RET0003008,ORD0012957,PRD00206,2025-12-29,1,Damaged
RET0003009,ORD0013593,PRD00251,2026-03-28,2,Size/Compatibility
RET0003010,ORD0025304,PRD00110,2025-02-16,3,Defective
RET0003011,ORD0047262,PRD00691,2025-09-16,1,Wrong Product
RET0003012,ORD0007719,PRD00124,2025-02-17,3,Late Delivery
RET0003013,ORD0009465,PRD00907,2026-06-18,3,Damaged
RET0003014,ORD0004139,PRD00999,2025-08-09,1,Late Delivery
RET0003015,ORD0046767,PRD00519,2025-06-22,1,Size/Compatibility
RET0003016,ORD0049768,PRD00901,2026-01-10,2,Late Delivery
RET0003017,ORD0001933,PRD00417,2026-01-19,1,Wrong Product
RET0003018,ORD0033555,PRD00869,2026-05-14,2,Defective
RET0003019,ORD0046558,PRD00232,2026-06-19,1,Changed Mind
RET0003020,ORD0043022,PRD00384,2026-08-07,3,Size/Compatibility
RET0003021,ORD0030415,PRD00352,2026-08-24,3,Changed Mind
RET0003022,ORD0007986,PRD00362,2025-02-07,2,Size/Compatibility
RET0003023,ORD0045569,PRD00339,2025-12-25,2,Damaged
RET0003024,ORD0038893,PRD00915,2026-01-01,1,Late Delivery
RET0003025,ORD0021875,PRD00434,2025-08-20,1,Changed Mind
RET0003026,ORD0017173,PRD00280,2026-08-20,3,Wrong Product
RET0003027,ORD0025480,PRD00515,2025-06-29,1,Size/Compatibility
RET0003028,ORD0002238,PRD00800,2025-06-08,2,Wrong Product
RET0003029,ORD0000742,PRD00489,2026-05-10,2,Defective
RET0003030,ORD0037297,PRD00989,2026-08-11,3,Changed Mind
RET0003031,ORD0021149,PRD00727,2025-11-07,1,Late Delivery
RET0003032,ORD0021254,PRD00080,2025-11-06,3,Size/Compatibility
RET0003033,ORD0042365,PRD00902,2025-06-01,1,Changed Mind
RET0003034,ORD0039584,PRD00524,2025-02-08,3,Changed Mind
RET0003035,ORD0021539,PRD00289,2025-05-17,1,Late Delivery
RET0003036,ORD0026122,PRD00292,2025-09-20,1,Changed Mind
RET0003037,ORD0042063,PRD00915,2025-06-22,1,Defective
RET0003038,ORD0022864,PRD00842,2025-05-08,1,Damaged
RET0003039,ORD0024145,PRD00676,2025-08-10,3,Wrong Product
RET0003040,ORD0013083,PRD00954,2026-03-25,1,Size/Compatibility
RET0003041,ORD0007666,PRD00671,2025-10-24,3,Wrong Product
RET0003042,ORD0041877,PRD00351,2026-07-06,1,Wrong Product
RET0003043,ORD0021425,PRD00078,2025-05-13,3,Wrong Product
RET0003044,ORD0038722,PRD00309,2025-09-21,3,Changed Mind
RET0003045,ORD0019018,PRD00121,2026-03-24,1,Wrong Product
RET0003046,ORD0024391,PRD00945,2026-04-17,2,Late Delivery
RET0003047,ORD0031401,PRD00832,2025-03-11,2,Defective
RET0003048,ORD0014382,PRD00047,2026-05-24,1,Size/Compatibility
RET0003049,ORD0036445,PRD00658,2025-06-18,2,Damaged
RET0003050,ORD0008079,PRD00831,2025-08-23,2,Damaged
RET0003051,ORD0040808,PRD00390,2025-01-09,2,Defective
RET0003052,ORD0048142,PRD00409,2026-02-28,1,Defective
RET0003053,ORD0045087,PRD00003,2026-04-01,2,Wrong Product
RET0003054,ORD0012322,PRD00129,2025-10-15,1,Defective
RET0003055,ORD0018761,PRD00907,2025-03-22,3,Changed Mind
RET0003056,ORD0027675,PRD00746,2026-05-28,3,Damaged
RET0003057,ORD0025468,PRD00908,2025-11-10,2,Late Delivery
RET0003058,ORD0009557,PRD00353,2025-05-20,1,Size/Compatibility
RET0003059,ORD0037187,PRD00365,2026-08-10,3,Defective
RET0003060,ORD0042000,PRD00079,2025-11-23,3,Damaged
RET0003061,ORD0022561,PRD00955,2026-07-09,1,Changed Mind
RET0003062,ORD0017800,PRD00047,2025-10-27,2,Wrong Product
RET0003063,ORD0021618,PRD00840,2026-08-19,3,Wrong Product
RET0003064,ORD0044135,PRD00057,2025-12-20,2,Size/Compatibility
RET0003065,ORD0017459,PRD00484,2025-06-05,2,Size/Compatibility
RET0003066,ORD0045782,PRD00547,2026-05-09,1,Changed Mind
RET0003067,ORD0031351,PRD00811,2025-09-02,1,Damaged
RET0003068,ORD0010170,PRD00422,2025-01-06,1,Late Delivery
RET0003069,ORD0036451,PRD00853,2025-08-29,1,Defective
RET0003070,ORD0001823,PRD00632,2025-09-18,2,Late Delivery
RET0003071,ORD0019136,PRD00761,2026-05-05,3,Wrong Product
RET0003072,ORD0031197,PRD00186,2025-04-29,3,Late Delivery
RET0003073,ORD0008092,PRD00251,2025-07-31,3,Damaged
RET0003074,ORD0028922,PRD00814,2025-04-10,3,Defective
RET0003075,ORD0013507,PRD00159,2025-12-31,3,Defective
RET0003076,ORD0048916,PRD00375,2026-07-11,3,Late Delivery
RET0003077,ORD0019433,PRD00352,2025-09-03,3,Changed Mind
RET0003078,ORD0011777,PRD00264,2025-10-23,2,Size/Compatibility
RET0003079,ORD0021061,PRD00054,2025-09-25,3,Changed Mind
RET0003080,ORD0023833,PRD00041,2025-05-18,1,Wrong Product
RET0003081,ORD0037400,PRD00086,2025-09-04,1,Wrong Product
RET0003082,ORD0010754,PRD00167,2025-12-02,1,Defective
RET0003083,ORD0009025,PRD00288,2025-11-04,2,Wrong Product
RET0003084,ORD0001204,PRD00018,2025-01-10,1,Size/Compatibility
RET0003085,ORD0002865,PRD00423,2025-08-12,1,Wrong Product
RET0003086,ORD0037532,PRD00855,2025-04-26,2,Size/Compatibility
RET0003087,ORD0014189,PRD00277,2025-03-17,2,Wrong Product
RET0003088,ORD0036819,PRD00794,2025-10-15,2,Defective
RET0003089,ORD0005790,PRD00972,2025-09-26,2,Late Delivery
RET0003090,ORD0039462,PRD00986,2025-06-19,3,Changed Mind
RET0003091,ORD0031738,PRD00083,2025-11-27,2,Size/Compatibility
RET0003092,ORD0030455,PRD00641,2025-06-10,2,Size/Compatibility
RET0003093,ORD0048742,PRD00475,2025-08-07,1,Defective
RET0003094,ORD0025728,PRD00170,2025-01-13,1,Changed Mind
RET0003095,ORD0041949,PRD00644,2025-12-11,2,Wrong Product
RET0003096,ORD0019977,PRD00829,2026-02-23,3,Wrong Product
RET0003097,ORD0008350,PRD00718,2025-10-07,2,Late Delivery
RET0003098,ORD0031451,PRD00338,2026-08-06,2,Damaged
RET0003099,ORD0044348,PRD00577,2026-07-04,1,Late Delivery
RET0003100,ORD0005299,PRD00613,2026-02-22,2,Changed Mind
RET0003101,ORD0032163,PRD00505,2025-05-30,2,Size/Compatibility
RET0003102,ORD0010618,PRD00912,2025-03-13,3,Wrong Product
RET0003103,ORD0027244,PRD00112,2026-01-24,2,Damaged
RET0003104,ORD0010439,PRD00961,2025-12-28,2,Size/Compatibility
RET0003105,ORD0013711,PRD00371,2025-04-08,2,Damaged
RET0003106,ORD0002086,PRD00904,2026-07-23,3,Wrong Product
RET0003107,ORD0042374,PRD00567,2025-06-21,3,Late Delivery
RET0003108,ORD0006249,PRD00678,2026-01-08,1,Defective
RET0003109,ORD0021375,PRD00437,2025-05-13,3,Wrong Product
RET0003110,ORD0037586,PRD00844,2026-04-17,1,Late Delivery
RET0003111,ORD0002561,PRD00622,2025-06-14,1,Changed Mind
RET0003112,ORD0047090,PRD00854,2025-06-23,3,Wrong Product
RET0003113,ORD0048491,PRD00181,2026-04-05,3,Late Delivery
RET0003114,ORD0036798,PRD00635,2025-12-22,1,Changed Mind
RET0003115,ORD0017255,PRD00489,2026-07-13,2,Size/Compatibility
RET0003116,ORD0039969,PRD00704,2025-05-09,2,Wrong Product
RET0003117,ORD0038770,PRD00300,2026-02-15,1,Defective
RET0003118,ORD0033900,PRD00733,2025-08-27,1,Changed Mind
RET0003119,ORD0008002,PRD00972,2025-06-16,1,Wrong Product
RET0003120,ORD0048325,PRD00990,2025-05-03,1,Changed Mind
RET0003121,ORD0009385,PRD00856,2026-03-18,2,Defective
RET0003122,ORD0025813,PRD00907,2025-11-26,1,Damaged
RET0003123,ORD0040644,PRD00870,2025-10-19,3,Late Delivery
RET0003124,ORD0048383,PRD00376,2025-11-14,2,Changed Mind
RET0003125,ORD0021302,PRD00569,2025-02-25,3,Wrong Product
RET0003126,ORD0023581,PRD00499,2025-10-26,2,Defective
RET0003127,ORD0015652,PRD00516,2025-05-31,3,Defective
RET0003128,ORD0012039,PRD00269,2025-05-17,3,Size/Compatibility
RET0003129,ORD0003883,PRD00229,2026-07-25,2,Changed Mind
RET0003130,ORD0047449,PRD00835,2026-05-08,3,Late Delivery
RET0003131,ORD0041360,PRD00681,2026-03-09,1,Changed Mind
RET0003132,ORD0042909,PRD00300,2026-07-01,1,Damaged
RET0003133,ORD0047949,PRD00426,2025-02-09,3,Wrong Product
RET0003134,ORD0007902,PRD00307,2025-12-02,3,Defective
RET0003135,ORD0037616,PRD00173,2025-12-18,3,Defective
RET0003136,ORD0004630,PRD00320,2025-07-18,3,Late Delivery
RET0003137,ORD0022406,PRD00949,2025-02-22,2,Defective
RET0003138,ORD0017093,PRD00201,2025-03-25,3,Size/Compatibility
RET0003139,ORD0000577,PRD00543,2025-01-21,2,Defective
RET0003140,ORD0043874,PRD00864,2025-08-05,2,Wrong Product
RET0003141,ORD0005523,PRD00747,2026-01-01,2,Changed Mind
RET0003142,ORD0038354,PRD00581,2025-09-17,2,Size/Compatibility
RET0003143,ORD0014604,PRD00625,2025-11-11,2,Changed Mind
RET0003144,ORD0036676,PRD00976,2025-07-25,3,Defective
RET0003145,ORD0030601,PRD00024,2025-04-17,2,Damaged
RET0003146,ORD0012283,PRD00327,2025-09-08,1,Wrong Product
RET0003147,ORD0001091,PRD00681,2025-06-06,2,Changed Mind
RET0003148,ORD0008562,PRD00079,2025-12-26,1,Size/Compatibility
RET0003149,ORD0003166,PRD00917,2025-03-11,2,Changed Mind
RET0003150,ORD0046033,PRD00869,2026-02-17,1,Size/Compatibility
RET0003151,ORD0004262,PRD00009,2025-01-24,2,Defective
RET0003152,ORD0012782,PRD00519,2026-03-20,3,Changed Mind
RET0003153,ORD0034190,PRD00871,2025-05-05,1,Late Delivery
RET0003154,ORD0032390,PRD00415,2025-04-10,3,Size/Compatibility
RET0003155,ORD0034083,PRD00343,2026-02-03,2,Changed Mind
RET0003156,ORD0010906,PRD00021,2025-12-27,1,Damaged
RET0003157,ORD0008250,PRD00986,2025-10-03,3,Changed Mind
RET0003158,ORD0034427,PRD00568,2025-06-07,2,Wrong Product
RET0003159,ORD0018950,PRD00472,2025-01-09,1,Changed Mind
RET0003160,ORD0049650,PRD00685,2025-08-25,1,Damaged
RET0003161,ORD0013874,PRD00606,2025-11-03,2,Size/Compatibility
RET0003162,ORD0017344,PRD00043,2026-03-27,2,Changed Mind
RET0003163,ORD0004193,PRD00265,2025-06-10,2,Late Delivery
RET0003164,ORD0047290,PRD00959,2026-07-24,2,Defective
RET0003165,ORD0014962,PRD00741,2026-06-26,2,Changed Mind
RET0003166,ORD0045983,PRD00576,2025-06-28,2,Changed Mind
RET0003167,ORD0016836,PRD00837,2025-12-24,1,Late Delivery
RET0003168,ORD0021131,PRD00395,2025-02-03,3,Defective
RET0003169,ORD0044406,PRD00381,2026-04-29,2,Defective
RET0003170,ORD0012393,PRD00542,2026-08-21,3,Size/Compatibility
RET0003171,ORD0019640,PRD00301,2026-08-11,2,Size/Compatibility
RET0003172,ORD0025448,PRD00254,2025-05-23,2,Changed Mind
RET0003173,ORD0007281,PRD00904,2025-06-01,1,Changed Mind
RET0003174,ORD0039077,PRD00223,2026-06-03,1,Size/Compatibility
RET0003175,ORD0022377,PRD00844,2025-01-22,1,Late Delivery
RET0003176,ORD0047550,PRD00616,2026-08-02,2,Late Delivery
RET0003177,ORD0000446,PRD00208,2025-02-09,3,Late Delivery
RET0003178,ORD0017825,PRD00040,2026-04-28,1,Damaged
RET0003179,ORD0006356,PRD00707,2025-03-05,1,Damaged
RET0003180,ORD0022830,PRD00406,2026-04-02,3,Size/Compatibility
RET0003181,ORD0038166,PRD00388,2026-05-17,3,Damaged
RET0003182,ORD0011583,PRD00761,2025-02-08,1,Wrong Product
RET0003183,ORD0027709,PRD00674,2025-10-14,2,Size/Compatibility
RET0003184,ORD0020875,PRD00652,2025-09-07,3,Defective
RET0003185,ORD0049241,PRD00425,2025-04-01,3,Wrong Product
RET0003186,ORD0020132,PRD00580,2026-04-23,2,Defective
RET0003187,ORD0002923,PRD00168,2025-06-21,2,Changed Mind
RET0003188,ORD0046937,PRD00106,2026-03-21,3,Size/Compatibility
RET0003189,ORD0018741,PRD00430,2026-07-05,1,Size/Compatibility
RET0003190,ORD0013536,PRD00429,2025-06-10,3,Late Delivery
RET0003191,ORD0018300,PRD00578,2026-04-30,3,Damaged
RET0003192,ORD0004979,PRD00754,2025-09-24,2,Size/Compatibility
RET0003193,ORD0027992,PRD00456,2025-04-03,1,Late Delivery
RET0003194,ORD0040717,PRD00988,2025-09-22,2,Wrong Product
RET0003195,ORD0008644,PRD00578,2025-09-10,1,Late Delivery
RET0003196,ORD0025290,PRD00475,2026-07-06,1,Late Delivery
RET0003197,ORD0023023,PRD00059,2025-12-13,2,Changed Mind
RET0003198,ORD0046169,PRD00366,2025-05-14,2,Changed Mind
RET0003199,ORD0017116,PRD00064,2025-08-12,3,Late Delivery
RET0003200,ORD0002330,PRD00099,2025-11-16,1,Damaged
RET0003201,ORD0013669,PRD00349,2025-02-01,3,Wrong Product
RET0003202,ORD0026867,PRD00354,2025-12-16,1,Damaged
RET0003203,ORD0043987,PRD00309,2025-01-19,3,Size/Compatibility
RET0003204,ORD0033316,PRD00650,2025-09-19,2,Wrong Product
RET0003205,ORD0035286,PRD00840,2025-12-17,1,Damaged
RET0003206,ORD0010836,PRD00294,2025-08-30,1,Defective
RET0003207,ORD0013657,PRD00077,2025-07-04,3,Wrong Product
RET0003208,ORD0016418,PRD00881,2025-02-07,1,Defective
RET0003209,ORD0003452,PRD00863,2025-02-26,3,Wrong Product
RET0003210,ORD0035440,PRD00108,2025-08-23,3,Defective
RET0003211,ORD0031384,PRD00126,2025-09-07,3,Size/Compatibility
RET0003212,ORD0016020,PRD00008,2025-07-07,2,Changed Mind
RET0003213,ORD0036030,PRD00116,2025-01-07,3,Changed Mind
RET0003214,ORD0010109,PRD00656,2025-12-27,1,Damaged
RET0003215,ORD0001629,PRD00747,2025-06-03,1,Damaged
RET0003216,ORD0049951,PRD00349,2026-01-11,2,Size/Compatibility
RET0003217,ORD0043563,PRD00730,2025-10-26,2,Late Delivery
RET0003218,ORD0000856,PRD00746,2026-05-13,2,Defective
RET0003219,ORD0028802,PRD00240,2026-03-27,1,Defective
RET0003220,ORD0013900,PRD00293,2026-06-14,1,Changed Mind
RET0003221,ORD0016982,PRD00985,2026-02-28,2,Damaged
RET0003222,ORD0009287,PRD00735,2025-06-28,2,Defective
RET0003223,ORD0008490,PRD00785,2026-02-25,2,Damaged
RET0003224,ORD0019353,PRD00792,2026-06-26,2,Late Delivery
RET0003225,ORD0040300,PRD00386,2025-03-15,2,Defective
RET0003226,ORD0002697,PRD00010,2026-07-30,1,Size/Compatibility
RET0003227,ORD0010172,PRD00900,2025-06-20,2,Late Delivery
RET0003228,ORD0043686,PRD00961,2026-08-06,1,Size/Compatibility
RET0003229,ORD0019923,PRD00219,2025-03-08,1,Defective
RET0003230,ORD0010197,PRD00769,2026-08-08,2,Defective
RET0003231,ORD0032740,PRD00705,2026-06-03,3,Changed Mind
RET0003232,ORD0036885,PRD00967,2026-03-08,1,Wrong Product
RET0003233,ORD0026163,PRD00226,2025-09-19,1,Damaged
RET0003234,ORD0017956,PRD00410,2025-07-22,1,Late Delivery
RET0003235,ORD0013228,PRD00916,2025-03-20,2,Size/Compatibility
RET0003236,ORD0038110,PRD00456,2025-09-25,1,Wrong Product
RET0003237,ORD0009100,PRD00698,2026-02-02,3,Wrong Product
RET0003238,ORD0010143,PRD00305,2026-07-07,3,Size/Compatibility
RET0003239,ORD0025331,PRD00270,2025-02-28,3,Changed Mind
RET0003240,ORD0043112,PRD00477,2026-08-25,2,Changed Mind
RET0003241,ORD0016947,PRD00743,2026-04-11,1,Late Delivery
RET0003242,ORD0025414,PRD00554,2026-07-28,3,Size/Compatibility
RET0003243,ORD0039283,PRD00392,2025-07-31,3,Wrong Product
RET0003244,ORD0036190,PRD00419,2025-10-02,1,Damaged
RET0003245,ORD0030564,PRD00789,2025-08-16,2,Damaged
RET0003246,ORD0004607,PRD00622,2025-08-11,3,Late Delivery
RET0003247,ORD0024430,PRD00948,2025-12-09,1,Defective
RET0003248,ORD0030417,PRD00111,2025-09-27,2,Wrong Product
RET0003249,ORD0038958,PRD00440,2025-04-28,3,Damaged
RET0003250,ORD0049803,PRD00205,2025-08-10,3,Changed Mind
RET0003251,ORD0011559,PRD00205,2025-12-29,1,Size/Compatibility
RET0003252,ORD0019494,PRD00050,2025-04-05,3,Late Delivery
RET0003253,ORD0039202,PRD00018,2025-06-07,3,Defective
RET0003254,ORD0004406,PRD00450,2026-04-10,1,Defective
RET0003255,ORD0009471,PRD00026,2026-05-26,3,Size/Compatibility
RET0003256,ORD0031950,PRD00656,2025-06-24,1,Size/Compatibility
RET0003257,ORD0025364,PRD00464,2026-05-05,3,Size/Compatibility
RET0003258,ORD0028904,PRD00342,2026-04-23,2,Changed Mind
RET0003259,ORD0047876,PRD00405,2025-12-21,1,Wrong Product
RET0003260,ORD0046310,PRD00137,2025-06-13,3,Damaged
RET0003261,ORD0024916,PRD00884,2026-05-11,1,Defective
RET0003262,ORD0017039,PRD00547,2025-11-30,1,Damaged
RET0003263,ORD0018113,PRD00395,2026-01-22,2,Size/Compatibility
RET0003264,ORD0018455,PRD00487,2026-03-16,2,Size/Compatibility
RET0003265,ORD0023065,PRD00481,2025-07-31,1,Damaged
RET0003266,ORD0048178,PRD00319,2026-08-01,3,Wrong Product
RET0003267,ORD0049229,PRD00469,2026-01-26,2,Wrong Product
RET0003268,ORD0007393,PRD00274,2026-04-22,2,Late Delivery
RET0003269,ORD0015864,PRD00352,2025-04-09,3,Defective
RET0003270,ORD0009974,PRD00692,2025-02-12,2,Late Delivery
RET0003271,ORD0027032,PRD00235,2025-11-19,3,Changed Mind
RET0003272,ORD0011454,PRD00746,2026-05-24,1,Late Delivery
RET0003273,ORD0046763,PRD00419,2025-01-30,3,Changed Mind
RET0003274,ORD0032239,PRD00241,2025-06-08,3,Damaged
RET0003275,ORD0031164,PRD00502,2025-01-04,2,Defective
RET0003276,ORD0004601,PRD00125,2025-09-21,3,Late Delivery
RET0003277,ORD0019748,PRD00056,2025-07-16,3,Size/Compatibility
RET0003278,ORD0022387,PRD00219,2025-06-07,2,Wrong Product
RET0003279,ORD0040138,PRD00832,2025-12-03,2,Late Delivery
RET0003280,ORD0003467,PRD00692,2026-03-08,1,Late Delivery
RET0003281,ORD0018290,PRD00485,2025-08-31,1,Damaged
RET0003282,ORD0048184,PRD00057,2025-12-24,2,Wrong Product
RET0003283,ORD0045380,PRD00503,2025-12-23,1,Late Delivery
RET0003284,ORD0000326,PRD00221,2026-02-01,1,Damaged
RET0003285,ORD0013181,PRD00470,2025-07-06,2,Changed Mind
RET0003286,ORD0005623,PRD00803,2026-08-23,3,Late Delivery
RET0003287,ORD0047184,PRD00119,2026-03-30,2,Wrong Product
RET0003288,ORD0010436,PRD00367,2025-10-11,1,Late Delivery
RET0003289,ORD0010259,PRD00333,2026-06-28,2,Size/Compatibility
RET0003290,ORD0038101,PRD00572,2025-02-20,1,Defective
RET0003291,ORD0037669,PRD00446,2025-12-07,2,Damaged
RET0003292,ORD0004888,PRD00802,2026-04-08,3,Wrong Product
RET0003293,ORD0047626,PRD00366,2025-04-15,2,Changed Mind
RET0003294,ORD0046267,PRD00443,2025-03-02,2,Damaged
RET0003295,ORD0019115,PRD00715,2025-02-20,2,Wrong Product
RET0003296,ORD0018915,PRD00880,2025-05-15,3,Defective
RET0003297,ORD0007670,PRD00991,2026-04-11,1,Damaged
RET0003298,ORD0035068,PRD00900,2025-06-25,2,Changed Mind
RET0003299,ORD0044155,PRD00421,2025-02-09,1,Damaged
RET0003300,ORD0020479,PRD00496,2025-02-03,1,Size/Compatibility
RET0003301,ORD0021857,PRD00334,2026-02-06,3,Late Delivery
RET0003302,ORD0008663,PRD00150,2025-05-18,3,Defective
RET0003303,ORD0047597,PRD00214,2025-04-05,3,Size/Compatibility
RET0003304,ORD0016091,PRD00765,2025-03-27,1,Changed Mind
RET0003305,ORD0005884,PRD00178,2026-04-23,1,Late Delivery
RET0003306,ORD0005114,PRD00689,2026-01-10,1,Changed Mind
RET0003307,ORD0043938,PRD00509,2026-05-25,2,Wrong Product
RET0003308,ORD0035406,PRD00515,2025-02-09,1,Late Delivery
RET0003309,ORD0034415,PRD00659,2026-04-26,1,Late Delivery
RET0003310,ORD0044498,PRD00435,2025-04-23,3,Damaged
RET0003311,ORD0033717,PRD00046,2026-04-24,1,Size/Compatibility
RET0003312,ORD0018119,PRD00410,2026-01-11,3,Late Delivery
RET0003313,ORD0005110,PRD00642,2025-04-15,1,Wrong Product
RET0003314,ORD0039490,PRD00783,2025-01-07,3,Size/Compatibility
RET0003315,ORD0040567,PRD00774,2025-01-22,1,Changed Mind
RET0003316,ORD0044390,PRD00258,2025-10-08,3,Damaged
RET0003317,ORD0007749,PRD00743,2025-04-18,2,Late Delivery
RET0003318,ORD0014089,PRD00226,2025-04-03,2,Changed Mind
RET0003319,ORD0045152,PRD00655,2026-03-06,2,Wrong Product
RET0003320,ORD0006729,PRD00387,2025-03-29,2,Defective
RET0003321,ORD0033070,PRD00540,2025-12-05,3,Size/Compatibility
RET0003322,ORD0021879,PRD00150,2025-03-16,2,Defective
RET0003323,ORD0022619,PRD00100,2026-02-22,1,Late Delivery
RET0003324,ORD0039114,PRD00183,2026-05-22,1,Changed Mind
RET0003325,ORD0032923,PRD00070,2025-06-10,2,Size/Compatibility
RET0003326,ORD0026300,PRD00161,2026-03-18,1,Changed Mind
RET0003327,ORD0001127,PRD00376,2026-07-26,3,Defective
RET0003328,ORD0014486,PRD00026,2026-03-16,2,Defective
RET0003329,ORD0017213,PRD00276,2025-09-18,1,Size/Compatibility
RET0003330,ORD0020786,PRD00225,2025-12-19,3,Late Delivery
RET0003331,ORD0047919,PRD00548,2026-02-15,1,Wrong Product
RET0003332,ORD0045796,PRD00210,2025-10-31,3,Changed Mind
RET0003333,ORD0030287,PRD00293,2025-02-17,3,Changed Mind
RET0003334,ORD0016637,PRD00679,2026-04-12,3,Wrong Product
RET0003335,ORD0019312,PRD00028,2025-04-17,2,Defective
RET0003336,ORD0040692,PRD00371,2025-11-16,3,Changed Mind
RET0003337,ORD0008489,PRD00622,2025-11-08,1,Damaged
RET0003338,ORD0046888,PRD00816,2025-03-19,1,Late Delivery
RET0003339,ORD0045740,PRD00383,2025-12-27,2,Wrong Product
RET0003340,ORD0006920,PRD00646,2025-07-12,3,Defective
RET0003341,ORD0026182,PRD00998,2025-10-10,1,Size/Compatibility
RET0003342,ORD0022585,PRD00705,2026-08-18,1,Late Delivery
RET0003343,ORD0009798,PRD00973,2026-08-18,1,Changed Mind
RET0003344,ORD0038960,PRD00982,2025-12-11,2,Changed Mind
RET0003345,ORD0018948,PRD00091,2025-02-03,3,Defective
RET0003346,ORD0016369,PRD00142,2026-01-07,2,Damaged
RET0003347,ORD0049157,PRD00191,2025-06-15,2,Size/Compatibility
RET0003348,ORD0040866,PRD00641,2026-03-30,3,Defective
RET0003349,ORD0015837,PRD00663,2025-12-17,3,Changed Mind
RET0003350,ORD0032465,PRD00639,2025-09-11,2,Late Delivery
RET0003351,ORD0004100,PRD00111,2025-09-11,1,Late Delivery
RET0003352,ORD0021556,PRD00052,2026-05-19,2,Defective
RET0003353,ORD0045711,PRD00792,2025-03-19,3,Late Delivery
RET0003354,ORD0034563,PRD00704,2025-05-11,2,Defective
RET0003355,ORD0032510,PRD00861,2025-09-14,3,Changed Mind
RET0003356,ORD0017730,PRD00811,2026-02-24,3,Defective
RET0003357,ORD0006608,PRD00690,2025-10-12,2,Late Delivery
RET0003358,ORD0049917,PRD00196,2025-02-09,2,Size/Compatibility
RET0003359,ORD0039464,PRD00822,2025-04-28,3,Wrong Product
RET0003360,ORD0000140,PRD00627,2025-03-29,3,Damaged
RET0003361,ORD0027959,PRD00685,2025-06-20,3,Size/Compatibility
RET0003362,ORD0045810,PRD00199,2026-08-05,1,Wrong Product
RET0003363,ORD0022071,PRD00379,2025-03-18,3,Changed Mind
RET0003364,ORD0040239,PRD00802,2025-08-06,3,Size/Compatibility
RET0003365,ORD0003003,PRD00830,2026-07-13,3,Defective
RET0003366,ORD0020652,PRD00165,2025-09-07,1,Size/Compatibility
RET0003367,ORD0016153,PRD00800,2026-04-25,2,Changed Mind
RET0003368,ORD0043680,PRD00066,2025-02-25,1,Late Delivery
RET0003369,ORD0007207,PRD00856,2025-12-16,2,Damaged
RET0003370,ORD0033586,PRD00580,2026-01-03,3,Defective
RET0003371,ORD0039152,PRD00569,2025-12-27,1,Defective
RET0003372,ORD0013353,PRD00991,2025-05-08,2,Defective
RET0003373,ORD0025753,PRD00070,2026-02-17,3,Size/Compatibility
RET0003374,ORD0045018,PRD00008,2025-11-16,1,Wrong Product
RET0003375,ORD0020392,PRD00146,2026-05-29,1,Late Delivery
RET0003376,ORD0029527,PRD00195,2025-04-06,1,Damaged
RET0003377,ORD0031095,PRD00070,2026-06-13,1,Size/Compatibility
RET0003378,ORD0027047,PRD00875,2026-08-17,3,Late Delivery
RET0003379,ORD0006740,PRD00773,2026-08-02,3,Defective
RET0003380,ORD0001950,PRD00099,2026-06-21,1,Changed Mind
RET0003381,ORD0009402,PRD00913,2026-01-23,2,Damaged
RET0003382,ORD0049937,PRD00433,2025-06-23,2,Changed Mind
RET0003383,ORD0044460,PRD00665,2025-01-15,3,Changed Mind
RET0003384,ORD0007729,PRD00205,2025-05-31,2,Damaged
RET0003385,ORD0044753,PRD00623,2026-04-28,3,Damaged
RET0003386,ORD0022989,PRD00266,2026-05-03,2,Late Delivery
RET0003387,ORD0035105,PRD00413,2025-09-28,2,Defective
RET0003388,ORD0047899,PRD00171,2026-03-03,2,Size/Compatibility
RET0003389,ORD0016170,PRD00524,2025-03-20,2,Size/Compatibility
RET0003390,ORD0001239,PRD00884,2026-02-03,2,Size/Compatibility
RET0003391,ORD0006256,PRD00160,2025-06-29,1,Changed Mind
RET0003392,ORD0025272,PRD00928,2026-08-07,1,Defective
RET0003393,ORD0017357,PRD00749,2026-05-14,1,Size/Compatibility
RET0003394,ORD0010815,PRD00318,2026-05-13,1,Defective
RET0003395,ORD0035701,PRD00055,2026-04-18,2,Late Delivery
RET0003396,ORD0038887,PRD00684,2026-06-24,1,Late Delivery
RET0003397,ORD0013280,PRD00412,2025-11-27,3,Wrong Product
RET0003398,ORD0007049,PRD00415,2025-06-26,1,Size/Compatibility
RET0003399,ORD0048615,PRD00520,2025-01-20,2,Late Delivery
RET0003400,ORD0045460,PRD00071,2025-02-18,1,Size/Compatibility
RET0003401,ORD0039931,PRD00686,2025-01-20,3,Defective
RET0003402,ORD0001185,PRD00800,2026-01-22,1,Damaged
RET0003403,ORD0008379,PRD00068,2025-09-13,1,Damaged
RET0003404,ORD0012280,PRD00024,2025-07-23,2,Late Delivery
RET0003405,ORD0021081,PRD00232,2025-12-30,2,Defective
RET0003406,ORD0038792,PRD00901,2025-05-22,3,Defective
RET0003407,ORD0015305,PRD00732,2026-05-15,3,Size/Compatibility
RET0003408,ORD0034933,PRD00973,2025-04-20,3,Wrong Product
RET0003409,ORD0000683,PRD00105,2025-10-07,1,Wrong Product
RET0003410,ORD0002139,PRD00127,2025-02-09,2,Changed Mind
RET0003411,ORD0012966,PRD00026,2025-02-25,3,Defective
RET0003412,ORD0045670,PRD00643,2026-01-01,2,Defective
RET0003413,ORD0048990,PRD00239,2026-07-31,2,Wrong Product
RET0003414,ORD0049911,PRD00287,2026-05-26,1,Changed Mind
RET0003415,ORD0041424,PRD00105,2025-10-22,2,Changed Mind
RET0003416,ORD0023281,PRD00947,2025-03-13,2,Defective
RET0003417,ORD0027714,PRD00288,2025-09-01,2,Changed Mind
RET0003418,ORD0037935,PRD00694,2026-08-01,3,Size/Compatibility
RET0003419,ORD0006909,PRD00036,2025-09-19,2,Damaged
RET0003420,ORD0040195,PRD00309,2025-11-22,1,Wrong Product
RET0003421,ORD0031805,PRD00861,2026-01-23,2,Size/Compatibility
RET0003422,ORD0045431,PRD00547,2025-01-22,3,Damaged
RET0003423,ORD0018242,PRD00823,2025-11-02,3,Late Delivery
RET0003424,ORD0047278,PRD00460,2026-07-15,1,Wrong Product
RET0003425,ORD0040266,PRD00977,2025-01-13,2,Late Delivery
RET0003426,ORD0011811,PRD00928,2026-06-24,2,Damaged
RET0003427,ORD0026091,PRD00963,2026-05-12,3,Damaged
RET0003428,ORD0032671,PRD00714,2026-07-17,3,Defective
RET0003429,ORD0017296,PRD00219,2025-11-19,2,Late Delivery
RET0003430,ORD0044813,PRD00145,2026-07-07,3,Changed Mind
RET0003431,ORD0011255,PRD00237,2025-01-15,3,Late Delivery
RET0003432,ORD0005220,PRD00849,2025-11-18,1,Defective
RET0003433,ORD0019979,PRD00788,2025-03-11,3,Changed Mind
RET0003434,ORD0011424,PRD00234,2025-04-23,2,Size/Compatibility
RET0003435,ORD0011603,PRD00152,2025-11-15,1,Defective
RET0003436,ORD0038977,PRD00681,2026-04-27,1,Defective
RET0003437,ORD0041615,PRD00471,2026-01-12,1,Damaged
RET0003438,ORD0000231,PRD00151,2025-11-23,2,Size/Compatibility
RET0003439,ORD0033798,PRD00419,2025-12-17,1,Wrong Product
RET0003440,ORD0037598,PRD00659,2026-08-24,1,Size/Compatibility
RET0003441,ORD0001314,PRD00056,2025-04-08,3,Size/Compatibility
RET0003442,ORD0048100,PRD00146,2025-04-09,3,Damaged
RET0003443,ORD0020894,PRD00750,2025-04-10,1,Wrong Product
RET0003444,ORD0042696,PRD00212,2026-04-04,2,Size/Compatibility
RET0003445,ORD0010673,PRD00538,2025-05-22,3,Size/Compatibility
RET0003446,ORD0020482,PRD00636,2026-05-21,1,Late Delivery
RET0003447,ORD0011400,PRD00770,2026-01-01,1,Damaged
RET0003448,ORD0017373,PRD00279,2025-11-28,3,Damaged
RET0003449,ORD0039209,PRD00424,2025-02-16,3,Wrong Product
RET0003450,ORD0003132,PRD00534,2026-07-12,3,Changed Mind
RET0003451,ORD0030496,PRD00118,2026-04-29,1,Size/Compatibility
RET0003452,ORD0013293,PRD00396,2025-08-14,3,Late Delivery
RET0003453,ORD0026080,PRD00423,2025-08-08,1,Late Delivery
RET0003454,ORD0034703,PRD00679,2026-01-06,1,Defective
RET0003455,ORD0029927,PRD00552,2025-01-10,1,Changed Mind
RET0003456,ORD0030534,PRD00608,2025-09-04,3,Changed Mind
RET0003457,ORD0041699,PRD00182,2025-06-01,3,Damaged
RET0003458,ORD0018966,PRD00834,2026-04-30,2,Damaged
RET0003459,ORD0023880,PRD00989,2025-12-24,1,Damaged
RET0003460,ORD0014196,PRD00793,2025-09-07,2,Defective
RET0003461,ORD0021480,PRD00756,2026-04-17,1,Late Delivery
RET0003462,ORD0003386,PRD00216,2025-03-14,1,Late Delivery
RET0003463,ORD0014720,PRD00039,2026-04-30,1,Late Delivery
RET0003464,ORD0044737,PRD00040,2025-01-02,2,Size/Compatibility
RET0003465,ORD0048865,PRD00786,2025-08-05,2,Wrong Product
RET0003466,ORD0043564,PRD00555,2025-08-26,1,Late Delivery
RET0003467,ORD0019492,PRD00027,2026-04-19,1,Size/Compatibility
RET0003468,ORD0045383,PRD00165,2026-07-01,3,Changed Mind
RET0003469,ORD0043243,PRD00919,2026-03-10,2,Damaged
RET0003470,ORD0022830,PRD00640,2025-04-29,2,Damaged
RET0003471,ORD0035735,PRD00383,2026-08-06,2,Damaged
RET0003472,ORD0008231,PRD00376,2025-06-06,3,Damaged
RET0003473,ORD0012887,PRD00746,2025-02-13,2,Damaged
RET0003474,ORD0012768,PRD00585,2025-07-09,3,Defective
RET0003475,ORD0007784,PRD00203,2026-08-03,2,Late Delivery
RET0003476,ORD0009401,PRD00513,2025-05-26,2,Changed Mind
RET0003477,ORD0037089,PRD00624,2026-06-20,1,Size/Compatibility
RET0003478,ORD0020801,PRD00323,2025-01-23,1,Late Delivery
RET0003479,ORD0019887,PRD00908,2025-02-15,3,Size/Compatibility
RET0003480,ORD0004724,PRD00154,2025-10-09,1,Size/Compatibility
RET0003481,ORD0011100,PRD00827,2026-03-06,2,Size/Compatibility
RET0003482,ORD0034086,PRD00913,2026-01-25,3,Damaged
RET0003483,ORD0026275,PRD00429,2026-08-05,1,Late Delivery
RET0003484,ORD0042445,PRD00542,2025-04-14,2,Size/Compatibility
RET0003485,ORD0034531,PRD00587,2026-06-30,3,Changed Mind
RET0003486,ORD0037808,PRD00536,2025-05-29,2,Defective
RET0003487,ORD0022778,PRD00060,2025-06-25,3,Defective
RET0003488,ORD0019132,PRD00878,2025-04-30,2,Damaged
RET0003489,ORD0049002,PRD00685,2026-08-19,1,Damaged
RET0003490,ORD0018659,PRD00652,2025-04-05,1,Late Delivery
RET0003491,ORD0012326,PRD00122,2025-05-14,3,Defective
RET0003492,ORD0038202,PRD00640,2025-05-12,2,Defective
RET0003493,ORD0033634,PRD00678,2025-01-22,3,Late Delivery
RET0003494,ORD0028651,PRD00761,2026-06-19,1,Late Delivery
RET0003495,ORD0040624,PRD00255,2025-06-02,2,Late Delivery
RET0003496,ORD0037573,PRD00852,2025-01-06,1,Changed Mind
RET0003497,ORD0029536,PRD00636,2025-08-10,3,Late Delivery
RET0003498,ORD0049532,PRD00462,2026-07-03,2,Late Delivery
RET0003499,ORD0004188,PRD00589,2026-01-02,2,Changed Mind
RET0003500,ORD0020696,PRD00251,2026-07-16,3,Late Delivery
RET0003501,ORD0022997,PRD00360,2026-06-10,3,Late Delivery
RET0003502,ORD0043864,PRD00138,2025-05-01,2,Changed Mind
RET0003503,ORD0019446,PRD00309,2025-09-12,3,Damaged
RET0003504,ORD0047724,PRD00173,2025-05-23,3,Wrong Product
RET0003505,ORD0047852,PRD00554,2025-04-18,3,Changed Mind
RET0003506,ORD0036988,PRD00230,2025-09-26,2,Wrong Product
RET0003507,ORD0023079,PRD00326,2026-05-25,3,Late Delivery
RET0003508,ORD0038388,PRD00245,2025-07-20,3,Size/Compatibility
RET0003509,ORD0017307,PRD00212,2026-08-19,2,Wrong Product
RET0003510,ORD0039488,PRD00622,2026-08-06,2,Size/Compatibility
RET0003511,ORD0031234,PRD00351,2026-01-12,2,Changed Mind
RET0003512,ORD0030375,PRD00595,2026-06-14,1,Defective
RET0003513,ORD0017254,PRD00585,2026-03-30,3,Late Delivery
RET0003514,ORD0039860,PRD00901,2025-11-28,3,Wrong Product
RET0003515,ORD0037938,PRD00661,2025-06-16,2,Defective
RET0003516,ORD0048024,PRD00332,2025-03-01,1,Changed Mind
RET0003517,ORD0032388,PRD00560,2025-06-03,1,Size/Compatibility
RET0003518,ORD0019649,PRD00104,2025-02-27,3,Late Delivery
RET0003519,ORD0023753,PRD00889,2025-02-16,2,Changed Mind
RET0003520,ORD0019643,PRD00070,2025-08-09,1,Damaged
RET0003521,ORD0049331,PRD00366,2025-07-14,3,Damaged
RET0003522,ORD0011521,PRD00359,2026-03-05,3,Damaged
RET0003523,ORD0024321,PRD00578,2026-02-04,1,Defective
RET0003524,ORD0044214,PRD00721,2026-06-17,1,Defective
RET0003525,ORD0042750,PRD00217,2025-09-09,3,Changed Mind
RET0003526,ORD0032413,PRD00512,2025-02-15,3,Size/Compatibility
RET0003527,ORD0004023,PRD00383,2025-03-21,3,Defective
RET0003528,ORD0031464,PRD00801,2026-04-05,1,Changed Mind
RET0003529,ORD0000694,PRD00135,2026-02-17,3,Defective
RET0003530,ORD0021689,PRD00169,2025-06-25,3,Damaged
RET0003531,ORD0030525,PRD00399,2025-06-04,2,Changed Mind
RET0003532,ORD0048393,PRD00775,2025-08-24,1,Defective
RET0003533,ORD0013071,PRD00093,2026-06-06,1,Damaged
RET0003534,ORD0022576,PRD00366,2026-03-18,1,Late Delivery
RET0003535,ORD0045590,PRD00961,2025-07-13,1,Changed Mind
RET0003536,ORD0006587,PRD00644,2026-07-30,3,Size/Compatibility
RET0003537,ORD0001822,PRD00061,2025-11-11,1,Damaged
RET0003538,ORD0034174,PRD00158,2026-04-19,3,Changed Mind
RET0003539,ORD0002029,PRD00916,2025-02-27,3,Changed Mind
RET0003540,ORD0048781,PRD00170,2025-10-06,2,Wrong Product
RET0003541,ORD0033728,PRD00559,2025-05-17,3,Changed Mind
RET0003542,ORD0017213,PRD00081,2026-08-07,3,Wrong Product
RET0003543,ORD0038161,PRD00878,2025-04-03,2,Changed Mind
RET0003544,ORD0000120,PRD00521,2026-08-21,2,Changed Mind
RET0003545,ORD0012379,PRD00739,2025-02-27,1,Size/Compatibility
RET0003546,ORD0024051,PRD00319,2025-07-26,1,Size/Compatibility
RET0003547,ORD0028246,PRD00228,2025-12-16,2,Defective
RET0003548,ORD0025385,PRD00145,2025-06-03,3,Late Delivery
RET0003549,ORD0039410,PRD00246,2025-09-22,3,Damaged
RET0003550,ORD0013835,PRD00011,2025-02-23,3,Damaged
RET0003551,ORD0021902,PRD00770,2026-03-09,2,Size/Compatibility
RET0003552,ORD0043627,PRD00208,2025-08-11,3,Wrong Product
RET0003553,ORD0039709,PRD00741,2025-07-24,1,Changed Mind
RET0003554,ORD0025007,PRD00776,2026-07-31,1,Damaged
RET0003555,ORD0018154,PRD00069,2026-07-31,3,Damaged
RET0003556,ORD0026894,PRD00132,2025-06-19,1,Late Delivery
RET0003557,ORD0016890,PRD00723,2026-04-16,1,Wrong Product
RET0003558,ORD0022106,PRD00655,2025-11-18,1,Defective
RET0003559,ORD0049501,PRD00809,2026-03-01,2,Size/Compatibility
RET0003560,ORD0018498,PRD00161,2025-11-12,2,Defective
RET0003561,ORD0031160,PRD00535,2025-12-29,3,Changed Mind
RET0003562,ORD0032690,PRD00339,2026-03-02,2,Defective
RET0003563,ORD0046161,PRD00920,2025-06-09,2,Late Delivery
RET0003564,ORD0014223,PRD00328,2026-01-10,1,Damaged
RET0003565,ORD0017378,PRD00846,2025-01-27,3,Changed Mind
RET0003566,ORD0010236,PRD00019,2026-06-26,3,Size/Compatibility
RET0003567,ORD0012065,PRD00475,2026-02-11,1,Late Delivery
RET0003568,ORD0041292,PRD00984,2025-03-13,2,Defective
RET0003569,ORD0041944,PRD00977,2026-04-12,1,Damaged
RET0003570,ORD0019138,PRD00279,2025-05-09,1,Wrong Product
RET0003571,ORD0042443,PRD00848,2026-05-18,1,Damaged
RET0003572,ORD0006500,PRD00937,2025-10-30,2,Late Delivery
RET0003573,ORD0010765,PRD00678,2025-11-07,3,Late Delivery
RET0003574,ORD0013374,PRD00871,2026-07-11,3,Wrong Product
RET0003575,ORD0006937,PRD00218,2025-10-30,2,Wrong Product
RET0003576,ORD0041949,PRD00335,2025-04-13,3,Damaged
RET0003577,ORD0010896,PRD00474,2025-11-25,1,Defective
RET0003578,ORD0036403,PRD00016,2025-01-03,3,Late Delivery
RET0003579,ORD0012217,PRD00299,2025-09-07,2,Defective
RET0003580,ORD0036886,PRD00551,2025-08-19,1,Size/Compatibility
RET0003581,ORD0010172,PRD00092,2026-04-11,2,Size/Compatibility
RET0003582,ORD0014028,PRD00517,2025-04-11,3,Late Delivery
RET0003583,ORD0023898,PRD00116,2025-11-05,2,Size/Compatibility
RET0003584,ORD0001427,PRD00181,2026-04-03,2,Changed Mind
RET0003585,ORD0048566,PRD00265,2025-11-20,3,Defective
RET0003586,ORD0021213,PRD00177,2025-03-30,1,Defective
RET0003587,ORD0012322,PRD00213,2025-02-20,1,Wrong Product
RET0003588,ORD0034111,PRD00492,2025-11-17,1,Size/Compatibility
RET0003589,ORD0014563,PRD00236,2026-06-02,1,Late Delivery
RET0003590,ORD0045956,PRD00819,2025-04-16,2,Wrong Product
RET0003591,ORD0039527,PRD00026,2026-03-01,3,Wrong Product
RET0003592,ORD0025088,PRD00675,2026-04-17,2,Damaged
RET0003593,ORD0027169,PRD00711,2026-05-01,2,Changed Mind
RET0003594,ORD0043457,PRD00403,2025-04-09,1,Changed Mind
RET0003595,ORD0040114,PRD00319,2026-06-05,3,Late Delivery
RET0003596,ORD0032769,PRD00455,2025-12-18,3,Late Delivery
RET0003597,ORD0048029,PRD00595,2025-01-12,1,Size/Compatibility
RET0003598,ORD0010932,PRD00008,2025-06-28,1,Late Delivery
RET0003599,ORD0039599,PRD00049,2025-02-21,1,Late Delivery
RET0003600,ORD0000954,PRD00204,2026-02-17,1,Defective
RET0003601,ORD0034690,PRD00411,2025-11-24,3,Late Delivery
RET0003602,ORD0017698,PRD00973,2026-06-14,2,Defective
RET0003603,ORD0042560,PRD00008,2026-05-18,3,Defective
RET0003604,ORD0032874,PRD00236,2025-03-07,2,Defective
RET0003605,ORD0046632,PRD00590,2026-04-21,3,Changed Mind
RET0003606,ORD0029941,PRD00558,2025-05-02,3,Size/Compatibility
RET0003607,ORD0046705,PRD00777,2026-04-12,3,Size/Compatibility
RET0003608,ORD0019163,PRD00053,2025-03-30,1,Defective
RET0003609,ORD0037104,PRD00847,2025-06-25,1,Defective
RET0003610,ORD0034000,PRD00099,2025-06-23,3,Late Delivery
RET0003611,ORD0031541,PRD00753,2026-05-07,1,Defective
RET0003612,ORD0042992,PRD00702,2025-07-31,2,Late Delivery
RET0003613,ORD0007085,PRD00620,2025-06-30,3,Size/Compatibility
RET0003614,ORD0019340,PRD00656,2025-10-03,1,Wrong Product
RET0003615,ORD0002693,PRD00523,2025-04-07,2,Size/Compatibility
RET0003616,ORD0026542,PRD00188,2025-11-19,1,Size/Compatibility
RET0003617,ORD0033663,PRD00562,2025-05-16,3,Late Delivery
RET0003618,ORD0044927,PRD00043,2026-07-01,2,Changed Mind
RET0003619,ORD0025804,PRD00648,2025-08-27,3,Defective
RET0003620,ORD0015569,PRD00364,2026-07-01,2,Size/Compatibility
RET0003621,ORD0026095,PRD00824,2026-04-03,3,Size/Compatibility
RET0003622,ORD0001654,PRD00899,2025-09-23,2,Defective
RET0003623,ORD0006958,PRD00177,2025-04-30,2,Defective
RET0003624,ORD0040902,PRD00242,2025-01-23,2,Defective
RET0003625,ORD0029869,PRD00842,2026-06-13,2,Defective
RET0003626,ORD0004621,PRD00085,2025-04-18,3,Wrong Product
RET0003627,ORD0027126,PRD00517,2025-05-31,1,Size/Compatibility
RET0003628,ORD0006085,PRD00416,2025-06-23,2,Late Delivery
RET0003629,ORD0006678,PRD00627,2025-09-30,3,Late Delivery
RET0003630,ORD0002292,PRD00153,2025-07-19,2,Damaged
RET0003631,ORD0042174,PRD00422,2025-07-25,3,Size/Compatibility
RET0003632,ORD0019303,PRD00982,2025-02-27,2,Changed Mind
RET0003633,ORD0024782,PRD00433,2026-07-17,1,Changed Mind
RET0003634,ORD0037221,PRD00640,2026-03-30,2,Late Delivery
RET0003635,ORD0018928,PRD00010,2025-05-07,3,Size/Compatibility
RET0003636,ORD0043806,PRD00803,2025-11-17,1,Late Delivery
RET0003637,ORD0011684,PRD00750,2026-07-27,3,Damaged
RET0003638,ORD0011219,PRD00509,2026-01-21,1,Late Delivery
RET0003639,ORD0020744,PRD00632,2026-03-22,3,Wrong Product
RET0003640,ORD0032603,PRD00011,2025-05-25,1,Defective
RET0003641,ORD0003009,PRD00733,2026-05-19,3,Defective
RET0003642,ORD0034213,PRD00229,2025-11-24,3,Size/Compatibility
RET0003643,ORD0043779,PRD00698,2025-09-08,3,Size/Compatibility
RET0003644,ORD0009712,PRD00758,2025-04-18,3,Size/Compatibility
RET0003645,ORD0024134,PRD00846,2025-08-20,2,Size/Compatibility
RET0003646,ORD0014009,PRD00222,2026-07-31,3,Wrong Product
RET0003647,ORD0044404,PRD00481,2025-12-25,2,Changed Mind
RET0003648,ORD0039007,PRD00311,2025-11-11,3,Size/Compatibility
RET0003649,ORD0007795,PRD00237,2025-04-12,2,Changed Mind
RET0003650,ORD0018988,PRD00558,2025-01-02,1,Size/Compatibility
RET0003651,ORD0040094,PRD00447,2026-01-15,3,Damaged
RET0003652,ORD0022479,PRD00553,2026-07-07,1,Wrong Product
RET0003653,ORD0045464,PRD00717,2026-07-01,1,Wrong Product
RET0003654,ORD0025987,PRD00766,2025-04-25,3,Changed Mind
RET0003655,ORD0018641,PRD00895,2026-07-12,2,Damaged
RET0003656,ORD0010632,PRD00389,2026-01-12,2,Size/Compatibility
RET0003657,ORD0028989,PRD00352,2025-10-09,3,Damaged
RET0003658,ORD0044593,PRD00209,2026-06-24,3,Damaged
RET0003659,ORD0027764,PRD00117,2026-01-24,1,Size/Compatibility
RET0003660,ORD0004489,PRD00090,2026-01-05,3,Wrong Product
RET0003661,ORD0027415,PRD00203,2026-02-13,3,Late Delivery
RET0003662,ORD0016990,PRD00782,2025-09-02,1,Damaged
RET0003663,ORD0024376,PRD00563,2025-12-12,2,Damaged
RET0003664,ORD0013864,PRD00337,2026-05-13,1,Late Delivery
RET0003665,ORD0014733,PRD00239,2025-12-10,1,Size/Compatibility
RET0003666,ORD0024785,PRD00773,2026-07-10,2,Changed Mind
RET0003667,ORD0035241,PRD00359,2026-01-06,3,Defective
RET0003668,ORD0012206,PRD00585,2026-03-21,2,Damaged
RET0003669,ORD0000335,PRD00807,2025-05-19,3,Late Delivery
RET0003670,ORD0037491,PRD00925,2025-09-04,2,Late Delivery
RET0003671,ORD0029802,PRD00619,2025-06-01,3,Defective
RET0003672,ORD0046613,PRD00668,2025-05-02,1,Size/Compatibility
RET0003673,ORD0000534,PRD00206,2025-03-13,3,Size/Compatibility
RET0003674,ORD0046652,PRD00563,2026-03-17,1,Defective
RET0003675,ORD0028678,PRD00251,2026-04-11,2,Wrong Product
RET0003676,ORD0033425,PRD00020,2026-08-08,1,Defective
RET0003677,ORD0024179,PRD00022,2025-10-04,2,Defective
RET0003678,ORD0005873,PRD00795,2025-12-15,3,Wrong Product
RET0003679,ORD0028690,PRD00601,2025-07-12,2,Late Delivery
RET0003680,ORD0036090,PRD00091,2026-06-12,1,Damaged
RET0003681,ORD0011000,PRD00523,2025-10-29,1,Wrong Product
RET0003682,ORD0036019,PRD00095,2026-05-10,1,Wrong Product
RET0003683,ORD0046739,PRD00202,2025-04-02,1,Wrong Product
RET0003684,ORD0019488,PRD00412,2026-04-04,3,Wrong Product
RET0003685,ORD0046429,PRD00558,2026-02-28,1,Defective
RET0003686,ORD0049679,PRD00728,2025-02-03,2,Late Delivery
RET0003687,ORD0030202,PRD00359,2025-08-24,3,Late Delivery
RET0003688,ORD0023481,PRD00124,2025-03-26,2,Late Delivery
RET0003689,ORD0034114,PRD00069,2025-03-08,1,Defective
RET0003690,ORD0018781,PRD00955,2025-06-18,2,Changed Mind
RET0003691,ORD0027342,PRD00190,2026-05-27,2,Late Delivery
RET0003692,ORD0023395,PRD00302,2025-10-13,3,Size/Compatibility
RET0003693,ORD0010777,PRD00201,2025-04-25,2,Size/Compatibility
RET0003694,ORD0048964,PRD00077,2026-06-03,3,Defective
RET0003695,ORD0030835,PRD00931,2025-08-04,3,Damaged
RET0003696,ORD0033280,PRD00218,2026-06-29,1,Changed Mind
RET0003697,ORD0040743,PRD00978,2026-04-25,3,Late Delivery
RET0003698,ORD0002853,PRD00697,2025-05-07,3,Size/Compatibility
RET0003699,ORD0013944,PRD00704,2026-03-08,3,Wrong Product
RET0003700,ORD0016101,PRD00523,2025-05-01,3,Changed Mind
RET0003701,ORD0003048,PRD00889,2025-10-19,1,Defective
RET0003702,ORD0035597,PRD00888,2025-11-15,3,Changed Mind
RET0003703,ORD0040020,PRD00158,2025-07-04,1,Damaged
RET0003704,ORD0013327,PRD00674,2025-05-20,3,Damaged
RET0003705,ORD0019652,PRD00800,2025-07-18,3,Late Delivery
RET0003706,ORD0027433,PRD00213,2026-03-30,2,Size/Compatibility
RET0003707,ORD0040026,PRD00734,2025-02-01,1,Defective
RET0003708,ORD0024029,PRD00707,2026-06-08,3,Size/Compatibility
RET0003709,ORD0018081,PRD00418,2025-05-24,1,Defective
RET0003710,ORD0043889,PRD00087,2026-08-09,1,Size/Compatibility
RET0003711,ORD0012709,PRD00367,2026-01-05,3,Size/Compatibility
RET0003712,ORD0046166,PRD00338,2025-09-26,2,Wrong Product
RET0003713,ORD0029075,PRD00724,2026-05-17,1,Wrong Product
RET0003714,ORD0026928,PRD00044,2025-09-03,2,Damaged
RET0003715,ORD0023071,PRD00335,2025-12-12,2,Damaged
RET0003716,ORD0039255,PRD00077,2025-02-01,3,Damaged
RET0003717,ORD0040600,PRD00574,2026-06-14,2,Damaged
RET0003718,ORD0049769,PRD00949,2025-05-27,3,Size/Compatibility
RET0003719,ORD0045628,PRD00252,2025-03-23,3,Size/Compatibility
RET0003720,ORD0010754,PRD00391,2025-10-28,1,Defective
RET0003721,ORD0009948,PRD00468,2025-07-12,1,Changed Mind
RET0003722,ORD0043810,PRD00818,2026-05-26,1,Size/Compatibility
RET0003723,ORD0016387,PRD00086,2025-07-31,2,Damaged
RET0003724,ORD0041953,PRD00753,2025-12-26,2,Wrong Product
RET0003725,ORD0036154,PRD00848,2025-06-28,3,Late Delivery
RET0003726,ORD0002866,PRD00078,2025-06-26,1,Size/Compatibility
RET0003727,ORD0017291,PRD00791,2026-05-10,3,Changed Mind
RET0003728,ORD0015786,PRD00845,2025-05-13,2,Damaged
RET0003729,ORD0023961,PRD00959,2026-03-15,2,Defective
RET0003730,ORD0038996,PRD00117,2026-05-05,1,Size/Compatibility
RET0003731,ORD0033830,PRD00076,2026-04-23,3,Late Delivery
RET0003732,ORD0032929,PRD00312,2025-08-01,1,Damaged
RET0003733,ORD0004912,PRD00059,2025-05-19,3,Late Delivery
RET0003734,ORD0014658,PRD00638,2026-05-23,3,Late Delivery
RET0003735,ORD0031593,PRD00035,2026-01-06,1,Wrong Product
RET0003736,ORD0036305,PRD00776,2025-10-07,1,Defective
RET0003737,ORD0021240,PRD00638,2025-01-04,2,Wrong Product
RET0003738,ORD0020243,PRD00429,2026-07-31,3,Defective
RET0003739,ORD0019124,PRD00620,2025-10-04,3,Damaged
RET0003740,ORD0027369,PRD00293,2025-11-09,2,Defective
RET0003741,ORD0010293,PRD00513,2026-08-24,3,Late Delivery
RET0003742,ORD0049933,PRD00692,2026-01-12,3,Wrong Product
RET0003743,ORD0022790,PRD00829,2026-03-28,3,Wrong Product
RET0003744,ORD0008370,PRD00683,2025-11-29,1,Wrong Product
RET0003745,ORD0035388,PRD00173,2026-02-16,3,Changed Mind
RET0003746,ORD0027810,PRD00760,2025-03-23,1,Wrong Product
RET0003747,ORD0023444,PRD00983,2025-05-30,2,Size/Compatibility
RET0003748,ORD0019622,PRD00154,2026-07-31,3,Wrong Product
RET0003749,ORD0017483,PRD00719,2025-07-28,2,Wrong Product
RET0003750,ORD0018282,PRD00886,2026-06-18,3,Size/Compatibility
RET0003751,ORD0045852,PRD00127,2026-07-02,2,Defective
RET0003752,ORD0032638,PRD00103,2026-03-26,3,Damaged
RET0003753,ORD0032992,PRD00350,2025-02-15,2,Changed Mind
RET0003754,ORD0047955,PRD00014,2025-06-04,3,Changed Mind
RET0003755,ORD0034919,PRD00073,2026-06-19,3,Size/Compatibility
RET0003756,ORD0011844,PRD00007,2025-05-24,1,Defective
RET0003757,ORD0048850,PRD00889,2026-02-13,3,Changed Mind
RET0003758,ORD0008697,PRD00409,2025-08-05,3,Damaged
RET0003759,ORD0012203,PRD00046,2025-01-26,2,Wrong Product
RET0003760,ORD0003867,PRD00301,2025-11-27,2,Late Delivery
RET0003761,ORD0015497,PRD00277,2025-09-02,1,Defective
RET0003762,ORD0034103,PRD00547,2025-01-15,1,Damaged
RET0003763,ORD0013650,PRD00445,2026-02-08,3,Wrong Product
RET0003764,ORD0025724,PRD00195,2025-09-02,2,Damaged
RET0003765,ORD0043844,PRD00792,2025-02-14,1,Late Delivery
RET0003766,ORD0000676,PRD00715,2025-11-03,2,Changed Mind
RET0003767,ORD0043213,PRD00071,2026-06-29,3,Wrong Product
RET0003768,ORD0022879,PRD00143,2026-06-14,1,Defective
RET0003769,ORD0012405,PRD00813,2025-04-04,3,Changed Mind
RET0003770,ORD0032536,PRD00585,2026-07-13,3,Defective
RET0003771,ORD0040449,PRD00288,2026-01-10,2,Damaged
RET0003772,ORD0009217,PRD00466,2025-08-20,3,Changed Mind
RET0003773,ORD0004151,PRD00842,2025-10-09,1,Late Delivery
RET0003774,ORD0018478,PRD00024,2025-03-17,3,Defective
RET0003775,ORD0004244,PRD00296,2025-04-01,2,Damaged
RET0003776,ORD0048015,PRD00056,2026-07-07,2,Changed Mind
RET0003777,ORD0010504,PRD00077,2025-06-29,2,Damaged
RET0003778,ORD0004939,PRD00377,2025-02-21,3,Wrong Product
RET0003779,ORD0041567,PRD00996,2026-05-21,1,Damaged
RET0003780,ORD0029661,PRD00626,2025-09-16,1,Size/Compatibility
RET0003781,ORD0025228,PRD00727,2025-04-14,1,Wrong Product
RET0003782,ORD0033758,PRD00424,2026-06-22,3,Late Delivery
RET0003783,ORD0043954,PRD00285,2025-02-02,2,Late Delivery
RET0003784,ORD0040965,PRD00769,2026-07-07,3,Late Delivery
RET0003785,ORD0047100,PRD00490,2026-02-27,1,Size/Compatibility
RET0003786,ORD0012400,PRD00316,2026-04-28,2,Size/Compatibility
RET0003787,ORD0009803,PRD00862,2025-04-27,1,Changed Mind
RET0003788,ORD0029600,PRD00934,2025-10-21,2,Defective
RET0003789,ORD0023397,PRD00714,2025-12-24,2,Size/Compatibility
RET0003790,ORD0030094,PRD00715,2025-11-08,2,Late Delivery
RET0003791,ORD0021253,PRD00185,2025-12-24,3,Late Delivery
RET0003792,ORD0003253,PRD00083,2025-09-16,3,Defective
RET0003793,ORD0008033,PRD00964,2025-08-25,1,Wrong Product
RET0003794,ORD0006387,PRD00256,2026-01-29,1,Size/Compatibility
RET0003795,ORD0036332,PRD00203,2025-09-24,1,Late Delivery
RET0003796,ORD0048208,PRD00021,2025-01-20,3,Defective
RET0003797,ORD0017618,PRD00097,2026-08-19,1,Changed Mind
RET0003798,ORD0029290,PRD00484,2026-02-01,3,Wrong Product
RET0003799,ORD0038604,PRD00972,2025-09-05,3,Defective
RET0003800,ORD0049685,PRD00513,2026-08-03,2,Damaged
RET0003801,ORD0007788,PRD00445,2025-12-06,1,Wrong Product
RET0003802,ORD0040212,PRD00023,2026-08-15,2,Damaged
RET0003803,ORD0006556,PRD00816,2025-05-03,1,Late Delivery
RET0003804,ORD0027357,PRD00837,2026-03-02,2,Size/Compatibility
RET0003805,ORD0043735,PRD00632,2025-07-28,3,Changed Mind
RET0003806,ORD0033693,PRD00122,2025-08-05,3,Late Delivery
RET0003807,ORD0004882,PRD00587,2026-01-30,1,Damaged
RET0003808,ORD0038714,PRD00786,2026-03-01,2,Wrong Product
RET0003809,ORD0015909,PRD00802,2025-06-25,2,Late Delivery
RET0003810,ORD0043755,PRD00025,2025-04-21,1,Late Delivery
RET0003811,ORD0041605,PRD00512,2025-08-11,1,Late Delivery
RET0003812,ORD0018450,PRD00396,2025-09-10,2,Changed Mind
RET0003813,ORD0003618,PRD00196,2025-12-10,3,Size/Compatibility
RET0003814,ORD0023166,PRD00270,2025-01-15,3,Damaged
RET0003815,ORD0046399,PRD00720,2025-03-10,1,Defective
RET0003816,ORD0037793,PRD00018,2025-08-10,3,Damaged
RET0003817,ORD0004778,PRD00778,2025-01-20,1,Wrong Product
RET0003818,ORD0034405,PRD00045,2026-02-11,3,Wrong Product
RET0003819,ORD0025277,PRD00311,2025-02-28,2,Defective
RET0003820,ORD0016598,PRD00920,2025-01-08,3,Wrong Product
RET0003821,ORD0032608,PRD00513,2025-08-18,3,Late Delivery
RET0003822,ORD0036860,PRD00863,2025-02-06,2,Defective
RET0003823,ORD0008656,PRD00167,2026-05-18,3,Changed Mind
RET0003824,ORD0002707,PRD00786,2025-07-11,3,Wrong Product
RET0003825,ORD0048135,PRD00102,2025-07-03,3,Changed Mind
RET0003826,ORD0031739,PRD00562,2025-05-05,1,Wrong Product
RET0003827,ORD0036720,PRD00778,2025-04-02,3,Late Delivery
RET0003828,ORD0038706,PRD00440,2025-06-20,2,Changed Mind
RET0003829,ORD0000115,PRD00799,2026-03-13,2,Size/Compatibility
RET0003830,ORD0024660,PRD00605,2026-05-03,3,Defective
RET0003831,ORD0036974,PRD00810,2025-03-17,1,Wrong Product
RET0003832,ORD0038976,PRD00886,2025-03-05,3,Size/Compatibility
RET0003833,ORD0001683,PRD00365,2026-06-14,2,Late Delivery
RET0003834,ORD0026735,PRD00856,2025-03-13,1,Late Delivery
RET0003835,ORD0023239,PRD00219,2026-08-03,1,Late Delivery
RET0003836,ORD0022689,PRD00438,2026-02-02,1,Defective
RET0003837,ORD0048878,PRD00128,2026-03-25,2,Wrong Product
RET0003838,ORD0048167,PRD00942,2026-06-18,3,Damaged
RET0003839,ORD0009398,PRD00493,2026-07-03,2,Wrong Product
RET0003840,ORD0033544,PRD00928,2026-08-12,3,Damaged
RET0003841,ORD0049909,PRD00773,2025-11-22,2,Late Delivery
RET0003842,ORD0003053,PRD00547,2025-01-30,2,Size/Compatibility
RET0003843,ORD0005982,PRD00669,2025-08-23,3,Damaged
RET0003844,ORD0026209,PRD00585,2026-06-26,3,Size/Compatibility
RET0003845,ORD0021792,PRD00544,2026-05-10,3,Changed Mind
RET0003846,ORD0019144,PRD00375,2026-01-24,1,Size/Compatibility
RET0003847,ORD0027939,PRD00605,2025-01-10,1,Defective
RET0003848,ORD0002548,PRD00291,2025-07-25,1,Late Delivery
RET0003849,ORD0038937,PRD00168,2025-08-11,3,Size/Compatibility
RET0003850,ORD0028991,PRD00244,2025-06-21,3,Late Delivery
RET0003851,ORD0002176,PRD00366,2025-04-18,1,Damaged
RET0003852,ORD0037678,PRD00065,2025-07-12,2,Late Delivery
RET0003853,ORD0019048,PRD00760,2026-07-06,2,Damaged
RET0003854,ORD0030306,PRD00703,2026-05-20,3,Wrong Product
RET0003855,ORD0005594,PRD00631,2026-01-12,1,Wrong Product
RET0003856,ORD0007949,PRD00994,2026-02-12,2,Defective
RET0003857,ORD0018802,PRD00610,2025-05-20,3,Wrong Product
RET0003858,ORD0008582,PRD00149,2025-09-27,3,Wrong Product
RET0003859,ORD0040094,PRD00203,2025-06-19,3,Changed Mind
RET0003860,ORD0036080,PRD00185,2026-01-24,2,Size/Compatibility
RET0003861,ORD0001418,PRD00717,2025-06-06,2,Late Delivery
RET0003862,ORD0036596,PRD00902,2026-08-23,2,Late Delivery
RET0003863,ORD0049173,PRD00181,2026-04-18,2,Wrong Product
RET0003864,ORD0033660,PRD00447,2025-04-24,1,Damaged
RET0003865,ORD0000264,PRD00257,2025-01-31,3,Wrong Product
RET0003866,ORD0049860,PRD00643,2025-03-13,1,Wrong Product
RET0003867,ORD0031583,PRD00166,2025-08-03,3,Defective
RET0003868,ORD0011998,PRD00153,2026-03-17,2,Damaged
RET0003869,ORD0012515,PRD00445,2025-12-15,1,Wrong Product
RET0003870,ORD0047338,PRD00518,2025-05-29,1,Changed Mind
RET0003871,ORD0001009,PRD00263,2026-01-10,3,Changed Mind
RET0003872,ORD0025843,PRD00129,2026-01-25,1,Size/Compatibility
RET0003873,ORD0004714,PRD00165,2026-08-17,2,Late Delivery
RET0003874,ORD0032252,PRD00933,2025-09-12,2,Wrong Product
RET0003875,ORD0039083,PRD00889,2026-08-18,1,Size/Compatibility
RET0003876,ORD0027577,PRD00982,2025-01-07,2,Wrong Product
RET0003877,ORD0016244,PRD00553,2026-01-06,3,Defective
RET0003878,ORD0001489,PRD00794,2025-08-23,1,Defective
RET0003879,ORD0009027,PRD00628,2026-04-30,3,Damaged
RET0003880,ORD0041578,PRD00525,2026-07-21,2,Defective
RET0003881,ORD0029766,PRD00358,2025-12-12,3,Wrong Product
RET0003882,ORD0006188,PRD00919,2026-04-18,2,Defective
RET0003883,ORD0003558,PRD00129,2026-06-02,2,Changed Mind
RET0003884,ORD0000281,PRD00383,2025-10-30,1,Wrong Product
RET0003885,ORD0015221,PRD00391,2025-12-10,2,Changed Mind
RET0003886,ORD0003341,PRD00678,2026-04-18,1,Late Delivery
RET0003887,ORD0034294,PRD00729,2025-12-12,3,Damaged
RET0003888,ORD0003205,PRD00499,2025-07-18,3,Late Delivery
RET0003889,ORD0046140,PRD00100,2026-06-29,3,Wrong Product
RET0003890,ORD0040120,PRD00020,2025-12-17,1,Late Delivery
RET0003891,ORD0019204,PRD00830,2025-11-03,2,Damaged
RET0003892,ORD0016425,PRD00970,2025-11-28,1,Wrong Product
RET0003893,ORD0015715,PRD00383,2025-10-12,1,Wrong Product
RET0003894,ORD0041689,PRD00969,2025-07-16,3,Defective
RET0003895,ORD0026049,PRD00220,2026-06-14,2,Changed Mind
RET0003896,ORD0039664,PRD00192,2025-05-18,3,Damaged
RET0003897,ORD0043620,PRD00120,2025-08-16,3,Size/Compatibility
RET0003898,ORD0005245,PRD00762,2026-01-24,2,Wrong Product
RET0003899,ORD0032824,PRD00080,2025-08-30,2,Changed Mind
RET0003900,ORD0034116,PRD00740,2026-06-27,3,Size/Compatibility
RET0003901,ORD0029455,PRD00671,2025-08-12,3,Changed Mind
RET0003902,ORD0032454,PRD00282,2026-08-08,1,Changed Mind
RET0003903,ORD0048425,PRD00349,2026-06-23,3,Size/Compatibility
RET0003904,ORD0021739,PRD00848,2025-11-17,3,Defective
RET0003905,ORD0019416,PRD00809,2025-05-27,2,Size/Compatibility
RET0003906,ORD0014527,PRD00416,2025-01-05,3,Late Delivery
RET0003907,ORD0003723,PRD00749,2025-12-11,1,Wrong Product
RET0003908,ORD0009833,PRD00267,2026-08-01,2,Size/Compatibility
RET0003909,ORD0000254,PRD00184,2026-05-30,2,Size/Compatibility
RET0003910,ORD0025248,PRD00396,2025-05-03,2,Wrong Product
RET0003911,ORD0023059,PRD00049,2026-06-08,1,Defective
RET0003912,ORD0019016,PRD00698,2026-03-31,2,Damaged
RET0003913,ORD0048194,PRD00452,2026-03-11,3,Wrong Product
RET0003914,ORD0012634,PRD00972,2026-07-23,3,Late Delivery
RET0003915,ORD0028658,PRD00476,2026-08-03,3,Changed Mind
RET0003916,ORD0006890,PRD00759,2026-04-08,3,Wrong Product
RET0003917,ORD0025772,PRD00651,2026-08-09,2,Defective
RET0003918,ORD0019323,PRD00981,2025-05-11,2,Damaged
RET0003919,ORD0000276,PRD00017,2025-05-15,2,Late Delivery
RET0003920,ORD0034835,PRD00414,2025-05-29,1,Changed Mind
RET0003921,ORD0044262,PRD00345,2025-02-02,3,Changed Mind
RET0003922,ORD0010642,PRD00378,2025-12-07,1,Defective
RET0003923,ORD0000848,PRD00711,2025-05-11,2,Changed Mind
RET0003924,ORD0022021,PRD00537,2026-07-19,2,Changed Mind
RET0003925,ORD0013703,PRD00658,2025-10-28,3,Late Delivery
RET0003926,ORD0031344,PRD00591,2025-07-11,2,Defective
RET0003927,ORD0002579,PRD00933,2025-10-10,2,Changed Mind
RET0003928,ORD0032263,PRD00762,2026-04-10,2,Size/Compatibility
RET0003929,ORD0026100,PRD00494,2025-07-02,3,Wrong Product
RET0003930,ORD0000667,PRD00556,2025-02-21,2,Changed Mind
RET0003931,ORD0019902,PRD00108,2025-12-31,2,Wrong Product
RET0003932,ORD0015243,PRD00225,2026-02-20,1,Changed Mind
RET0003933,ORD0033668,PRD00768,2025-07-27,1,Changed Mind
RET0003934,ORD0049920,PRD00765,2025-12-13,1,Damaged
RET0003935,ORD0040608,PRD00585,2026-04-25,1,Damaged
RET0003936,ORD0002472,PRD00415,2025-04-26,1,Late Delivery
RET0003937,ORD0039787,PRD00575,2026-02-16,1,Damaged
RET0003938,ORD0023425,PRD00713,2026-05-22,3,Changed Mind
RET0003939,ORD0033391,PRD00893,2025-02-09,2,Damaged
RET0003940,ORD0044782,PRD00768,2025-08-08,2,Wrong Product
RET0003941,ORD0021864,PRD00305,2026-01-21,2,Size/Compatibility
RET0003942,ORD0041669,PRD00616,2025-08-25,1,Late Delivery
RET0003943,ORD0016343,PRD00843,2026-04-28,1,Late Delivery
RET0003944,ORD0047966,PRD00866,2025-09-12,3,Defective
RET0003945,ORD0005329,PRD00869,2026-03-28,2,Defective
RET0003946,ORD0038280,PRD00877,2025-11-25,1,Size/Compatibility
RET0003947,ORD0030520,PRD00172,2026-05-27,1,Defective
RET0003948,ORD0001027,PRD00741,2026-05-06,2,Wrong Product
RET0003949,ORD0016762,PRD00321,2025-11-22,3,Defective
RET0003950,ORD0022703,PRD00488,2025-08-02,1,Changed Mind
RET0003951,ORD0023783,PRD00644,2026-05-23,3,Late Delivery
RET0003952,ORD0027313,PRD00951,2026-03-01,1,Defective
RET0003953,ORD0025306,PRD00683,2026-01-07,1,Changed Mind
RET0003954,ORD0037188,PRD00075,2026-07-28,2,Size/Compatibility
RET0003955,ORD0023781,PRD00359,2025-09-19,2,Defective
RET0003956,ORD0024566,PRD00014,2025-07-22,3,Size/Compatibility
RET0003957,ORD0047914,PRD00817,2025-10-20,2,Defective
RET0003958,ORD0022262,PRD00201,2026-03-20,3,Late Delivery
RET0003959,ORD0039468,PRD00653,2025-08-07,3,Wrong Product
RET0003960,ORD0019090,PRD00762,2025-12-14,2,Damaged
RET0003961,ORD0025233,PRD00576,2025-01-09,2,Damaged
RET0003962,ORD0022544,PRD00504,2025-10-25,1,Defective
RET0003963,ORD0022701,PRD00517,2026-01-18,1,Changed Mind
RET0003964,ORD0048269,PRD00895,2026-07-11,1,Wrong Product
RET0003965,ORD0040484,PRD00707,2025-05-12,2,Size/Compatibility
RET0003966,ORD0006464,PRD00366,2026-03-27,3,Late Delivery
RET0003967,ORD0042906,PRD00567,2025-07-20,1,Defective
RET0003968,ORD0009695,PRD00696,2025-03-09,3,Defective
RET0003969,ORD0009861,PRD00399,2025-01-31,3,Wrong Product
RET0003970,ORD0014269,PRD00429,2026-04-01,2,Changed Mind
RET0003971,ORD0033999,PRD00339,2025-12-27,2,Defective
RET0003972,ORD0018618,PRD00306,2025-12-15,1,Wrong Product
RET0003973,ORD0008631,PRD00263,2025-04-06,2,Size/Compatibility
RET0003974,ORD0024367,PRD00225,2026-01-02,1,Size/Compatibility
RET0003975,ORD0006043,PRD00157,2025-05-29,3,Changed Mind
RET0003976,ORD0020056,PRD00939,2025-05-31,3,Wrong Product
RET0003977,ORD0043071,PRD00893,2025-01-16,1,Size/Compatibility
RET0003978,ORD0022599,PRD00088,2026-06-27,2,Size/Compatibility
RET0003979,ORD0015186,PRD00862,2026-07-21,2,Changed Mind
RET0003980,ORD0030187,PRD00373,2026-04-06,3,Damaged
RET0003981,ORD0012072,PRD00134,2025-12-11,1,Changed Mind
RET0003982,ORD0006112,PRD00301,2026-05-31,2,Size/Compatibility
RET0003983,ORD0011255,PRD00676,2026-01-03,2,Late Delivery
RET0003984,ORD0048592,PRD00228,2025-05-28,3,Defective
RET0003985,ORD0042222,PRD00101,2025-05-22,1,Size/Compatibility
RET0003986,ORD0000908,PRD00993,2026-02-05,2,Size/Compatibility
RET0003987,ORD0036830,PRD00975,2025-01-14,1,Size/Compatibility
RET0003988,ORD0038833,PRD00499,2026-02-19,3,Wrong Product
RET0003989,ORD0021841,PRD00143,2026-02-17,2,Size/Compatibility
RET0003990,ORD0036552,PRD00593,2025-09-07,2,Defective
RET0003991,ORD0037219,PRD00987,2025-10-25,2,Defective
RET0003992,ORD0032630,PRD00632,2025-12-15,3,Late Delivery
RET0003993,ORD0020251,PRD00331,2025-07-31,3,Size/Compatibility
RET0003994,ORD0014391,PRD00624,2026-08-27,3,Defective
RET0003995,ORD0039963,PRD00929,2026-07-07,3,Changed Mind
RET0003996,ORD0036468,PRD00749,2025-12-07,1,Defective
RET0003997,ORD0022863,PRD00013,2026-04-15,2,Size/Compatibility
RET0003998,ORD0040304,PRD00540,2025-12-01,1,Late Delivery
RET0003999,ORD0014653,PRD00153,2026-05-06,1,Late Delivery
RET0004000,ORD0044960,PRD00170,2025-11-24,1,Wrong Product
RET0004001,ORD0004271,PRD00765,2025-04-25,2,Size/Compatibility
RET0004002,ORD0037016,PRD00109,2025-10-01,2,Size/Compatibility
RET0004003,ORD0009585,PRD00790,2026-07-07,3,Size/Compatibility
RET0004004,ORD0049924,PRD00595,2026-02-22,2,Changed Mind
RET0004005,ORD0003792,PRD00274,2026-02-19,1,Damaged
RET0004006,ORD0033879,PRD00315,2025-04-21,2,Size/Compatibility
RET0004007,ORD0026395,PRD00749,2026-08-17,1,Wrong Product
RET0004008,ORD0001510,PRD00581,2025-12-12,1,Wrong Product
RET0004009,ORD0019176,PRD00137,2026-01-18,1,Defective
RET0004010,ORD0038785,PRD00010,2025-02-04,1,Wrong Product
RET0004011,ORD0032772,PRD00087,2025-03-28,1,Late Delivery
RET0004012,ORD0025850,PRD00580,2025-10-09,1,Damaged
RET0004013,ORD0020915,PRD00286,2025-05-18,3,Wrong Product
RET0004014,ORD0014645,PRD00411,2025-11-29,2,Size/Compatibility
RET0004015,ORD0042091,PRD00560,2025-05-14,1,Size/Compatibility
RET0004016,ORD0006981,PRD00196,2026-06-23,1,Wrong Product
RET0004017,ORD0000494,PRD00019,2026-04-19,3,Changed Mind
RET0004018,ORD0008450,PRD00390,2026-03-29,2,Damaged
RET0004019,ORD0011214,PRD00466,2025-07-23,2,Damaged
RET0004020,ORD0007415,PRD00907,2025-09-24,2,Late Delivery
RET0004021,ORD0000935,PRD00186,2025-07-14,3,Size/Compatibility
RET0004022,ORD0049871,PRD00148,2026-07-11,2,Wrong Product
RET0004023,ORD0026416,PRD00794,2025-06-19,2,Changed Mind
RET0004024,ORD0016225,PRD00219,2025-08-30,3,Late Delivery
RET0004025,ORD0016870,PRD00034,2026-05-31,2,Changed Mind
RET0004026,ORD0029417,PRD00894,2026-08-03,1,Size/Compatibility
RET0004027,ORD0027519,PRD00310,2025-12-27,3,Damaged
RET0004028,ORD0049238,PRD00819,2026-05-18,2,Late Delivery
RET0004029,ORD0007849,PRD00932,2025-06-15,1,Wrong Product
RET0004030,ORD0022277,PRD00852,2026-02-02,3,Defective
RET0004031,ORD0000495,PRD00188,2025-11-19,3,Size/Compatibility
RET0004032,ORD0047795,PRD00698,2025-10-30,1,Changed Mind
RET0004033,ORD0009030,PRD00263,2026-02-12,2,Damaged
RET0004034,ORD0040485,PRD00137,2025-01-28,3,Damaged
RET0004035,ORD0036932,PRD00099,2025-02-14,3,Changed Mind
RET0004036,ORD0034293,PRD00344,2025-11-21,3,Damaged
RET0004037,ORD0006723,PRD00153,2025-10-21,3,Late Delivery
RET0004038,ORD0000614,PRD00966,2026-03-06,1,Damaged
RET0004039,ORD0044127,PRD00777,2026-08-22,2,Size/Compatibility
RET0004040,ORD0034306,PRD00810,2026-06-21,3,Wrong Product
RET0004041,ORD0022232,PRD00293,2026-03-16,2,Wrong Product
RET0004042,ORD0027448,PRD00143,2025-12-26,3,Defective
RET0004043,ORD0010528,PRD00307,2025-03-13,1,Defective
RET0004044,ORD0045830,PRD00554,2026-03-17,1,Wrong Product
RET0004045,ORD0024481,PRD00235,2026-06-15,2,Defective
RET0004046,ORD0008278,PRD00651,2025-02-19,2,Wrong Product
RET0004047,ORD0038666,PRD00387,2025-12-24,1,Size/Compatibility
RET0004048,ORD0045811,PRD00625,2026-08-22,1,Size/Compatibility
RET0004049,ORD0033929,PRD00840,2025-09-02,3,Wrong Product
RET0004050,ORD0015833,PRD00651,2026-01-06,3,Defective
RET0004051,ORD0038106,PRD00561,2025-06-27,1,Wrong Product
RET0004052,ORD0010224,PRD00159,2026-01-07,1,Changed Mind
RET0004053,ORD0046821,PRD00469,2025-06-10,1,Damaged
RET0004054,ORD0016516,PRD00154,2025-03-01,2,Size/Compatibility
RET0004055,ORD0016290,PRD00621,2026-06-22,1,Defective
RET0004056,ORD0047210,PRD00290,2026-04-01,1,Changed Mind
RET0004057,ORD0011822,PRD00154,2026-02-11,3,Damaged
RET0004058,ORD0017594,PRD00971,2025-01-08,3,Size/Compatibility
RET0004059,ORD0001800,PRD00016,2025-03-06,3,Defective
RET0004060,ORD0028072,PRD00353,2026-04-20,1,Defective
RET0004061,ORD0039469,PRD00289,2025-08-31,1,Damaged
RET0004062,ORD0001304,PRD00689,2025-01-06,1,Late Delivery
RET0004063,ORD0028781,PRD00973,2025-12-17,3,Damaged
RET0004064,ORD0018056,PRD00612,2026-08-03,2,Defective
RET0004065,ORD0014976,PRD00684,2025-06-08,2,Changed Mind
RET0004066,ORD0003030,PRD00805,2025-08-28,3,Wrong Product
RET0004067,ORD0046663,PRD00609,2025-04-06,1,Late Delivery
RET0004068,ORD0021522,PRD00461,2025-04-13,2,Changed Mind
RET0004069,ORD0001739,PRD00754,2025-11-22,1,Wrong Product
RET0004070,ORD0021171,PRD00594,2026-04-14,1,Late Delivery
RET0004071,ORD0029545,PRD00076,2026-07-26,3,Size/Compatibility
RET0004072,ORD0023035,PRD00493,2026-05-30,1,Damaged
RET0004073,ORD0038691,PRD00706,2025-04-11,2,Defective
RET0004074,ORD0021306,PRD00514,2025-01-25,1,Changed Mind
RET0004075,ORD0011530,PRD00799,2025-05-30,2,Defective
RET0004076,ORD0018199,PRD00552,2026-02-22,2,Size/Compatibility
RET0004077,ORD0033455,PRD00303,2026-05-12,3,Late Delivery
RET0004078,ORD0022145,PRD00667,2026-05-29,2,Defective
RET0004079,ORD0032371,PRD00135,2025-01-13,2,Late Delivery
RET0004080,ORD0013187,PRD00076,2025-01-10,2,Defective
RET0004081,ORD0040407,PRD00952,2025-01-11,3,Late Delivery
RET0004082,ORD0042863,PRD00468,2026-03-08,2,Defective
RET0004083,ORD0013620,PRD00995,2025-12-21,3,Defective
RET0004084,ORD0032883,PRD00345,2025-02-13,3,Late Delivery
RET0004085,ORD0011052,PRD00445,2026-06-16,2,Changed Mind
RET0004086,ORD0017964,PRD00614,2025-11-13,2,Wrong Product
RET0004087,ORD0047340,PRD00676,2025-05-22,2,Defective
RET0004088,ORD0008831,PRD00129,2026-06-08,1,Changed Mind
RET0004089,ORD0007762,PRD00342,2026-04-14,1,Size/Compatibility
RET0004090,ORD0041209,PRD00972,2025-06-13,1,Changed Mind
RET0004091,ORD0042202,PRD00520,2026-06-02,1,Changed Mind
RET0004092,ORD0027951,PRD00556,2026-01-17,2,Wrong Product
RET0004093,ORD0022856,PRD00383,2025-08-26,1,Defective
RET0004094,ORD0026941,PRD00069,2025-11-25,1,Size/Compatibility
RET0004095,ORD0041232,PRD00837,2025-10-07,2,Size/Compatibility
RET0004096,ORD0029732,PRD00390,2025-01-18,2,Damaged
RET0004097,ORD0013922,PRD00437,2026-05-04,1,Changed Mind
RET0004098,ORD0008748,PRD00960,2026-04-07,1,Changed Mind
RET0004099,ORD0046781,PRD00746,2025-11-26,3,Defective
RET0004100,ORD0049470,PRD00809,2025-10-07,1,Defective
RET0004101,ORD0020581,PRD00676,2026-03-06,3,Defective
RET0004102,ORD0047086,PRD00778,2025-04-13,3,Late Delivery
RET0004103,ORD0040326,PRD00531,2025-06-18,3,Changed Mind
RET0004104,ORD0038817,PRD00577,2026-07-02,1,Defective
RET0004105,ORD0038518,PRD00539,2026-03-18,1,Late Delivery
RET0004106,ORD0010780,PRD00486,2025-01-18,3,Late Delivery
RET0004107,ORD0033028,PRD00238,2026-03-14,1,Late Delivery
RET0004108,ORD0016756,PRD00120,2025-10-01,3,Damaged
RET0004109,ORD0022920,PRD00591,2026-02-26,1,Size/Compatibility
RET0004110,ORD0038471,PRD00586,2025-02-15,3,Changed Mind
RET0004111,ORD0010154,PRD00647,2025-06-13,2,Damaged
RET0004112,ORD0032236,PRD00527,2025-08-31,1,Wrong Product
RET0004113,ORD0031543,PRD00307,2026-04-17,3,Defective
RET0004114,ORD0026144,PRD00668,2026-07-14,2,Damaged
RET0004115,ORD0036230,PRD00857,2026-07-15,2,Late Delivery
RET0004116,ORD0010891,PRD00136,2025-06-04,2,Changed Mind
RET0004117,ORD0042686,PRD00020,2025-11-02,3,Changed Mind
RET0004118,ORD0014247,PRD00534,2026-02-19,3,Late Delivery
RET0004119,ORD0010486,PRD00049,2025-09-24,2,Size/Compatibility
RET0004120,ORD0021828,PRD00381,2026-08-25,2,Damaged
RET0004121,ORD0019953,PRD00582,2025-12-20,2,Late Delivery
RET0004122,ORD0037584,PRD00080,2025-09-17,3,Late Delivery
RET0004123,ORD0015477,PRD00974,2026-06-16,2,Late Delivery
RET0004124,ORD0040538,PRD00666,2026-04-01,3,Defective
RET0004125,ORD0048647,PRD00943,2025-10-23,1,Defective
RET0004126,ORD0043255,PRD00670,2025-01-01,2,Changed Mind
RET0004127,ORD0009352,PRD00733,2025-01-03,2,Wrong Product
RET0004128,ORD0006600,PRD00075,2025-04-18,2,Changed Mind
RET0004129,ORD0049244,PRD00487,2025-10-06,3,Size/Compatibility
RET0004130,ORD0048532,PRD00868,2025-04-14,3,Changed Mind
RET0004131,ORD0043968,PRD00600,2026-08-05,1,Size/Compatibility
RET0004132,ORD0046543,PRD00118,2025-07-29,1,Wrong Product
RET0004133,ORD0012103,PRD00735,2026-05-01,1,Changed Mind
RET0004134,ORD0022356,PRD00332,2026-01-06,3,Wrong Product
RET0004135,ORD0037014,PRD00499,2025-10-02,2,Defective
RET0004136,ORD0013303,PRD00067,2025-04-21,1,Changed Mind
RET0004137,ORD0024180,PRD00344,2025-04-05,3,Defective
RET0004138,ORD0035685,PRD00581,2025-02-07,2,Size/Compatibility
RET0004139,ORD0030123,PRD00472,2026-02-09,3,Changed Mind
RET0004140,ORD0035676,PRD00924,2025-11-03,1,Late Delivery
RET0004141,ORD0043195,PRD00440,2026-02-01,3,Damaged
RET0004142,ORD0011498,PRD00077,2025-10-24,2,Size/Compatibility
RET0004143,ORD0020421,PRD00470,2026-07-03,3,Size/Compatibility
RET0004144,ORD0029991,PRD00132,2026-03-31,1,Wrong Product
RET0004145,ORD0043227,PRD00847,2025-01-17,3,Changed Mind
RET0004146,ORD0047650,PRD00205,2026-01-13,3,Changed Mind
RET0004147,ORD0049876,PRD00828,2025-02-05,3,Changed Mind
RET0004148,ORD0033943,PRD00964,2025-04-05,2,Wrong Product
RET0004149,ORD0030075,PRD00433,2026-07-23,3,Late Delivery
RET0004150,ORD0008137,PRD00044,2026-03-03,1,Changed Mind
RET0004151,ORD0003657,PRD00394,2026-04-21,2,Defective
RET0004152,ORD0015272,PRD00310,2025-03-05,3,Late Delivery
RET0004153,ORD0038204,PRD00084,2026-05-16,2,Late Delivery
RET0004154,ORD0048701,PRD00309,2026-07-09,3,Defective
RET0004155,ORD0029166,PRD00939,2026-07-02,2,Late Delivery
RET0004156,ORD0006440,PRD00453,2026-06-30,3,Wrong Product
RET0004157,ORD0018166,PRD00134,2025-12-25,2,Defective
RET0004158,ORD0031912,PRD00176,2026-04-14,2,Damaged
RET0004159,ORD0010907,PRD00331,2026-06-30,3,Late Delivery
RET0004160,ORD0022916,PRD00348,2025-07-29,2,Size/Compatibility
RET0004161,ORD0042151,PRD00101,2026-05-16,1,Wrong Product
RET0004162,ORD0041037,PRD00003,2025-09-02,3,Defective
RET0004163,ORD0034730,PRD00192,2025-09-20,3,Late Delivery
RET0004164,ORD0033271,PRD00182,2025-03-16,2,Wrong Product
RET0004165,ORD0034550,PRD00916,2025-04-09,1,Defective
RET0004166,ORD0022892,PRD00515,2026-06-08,3,Size/Compatibility
RET0004167,ORD0017494,PRD00036,2026-04-18,2,Wrong Product
RET0004168,ORD0044884,PRD00150,2025-08-14,1,Size/Compatibility
RET0004169,ORD0034636,PRD00245,2025-03-08,1,Wrong Product
RET0004170,ORD0038210,PRD00326,2025-04-14,3,Size/Compatibility
RET0004171,ORD0000332,PRD00076,2026-04-21,1,Changed Mind
RET0004172,ORD0008158,PRD00314,2026-05-16,3,Defective
RET0004173,ORD0049223,PRD00932,2025-05-03,3,Changed Mind
RET0004174,ORD0002306,PRD00239,2025-11-18,1,Wrong Product
RET0004175,ORD0036439,PRD00633,2025-04-23,1,Changed Mind
RET0004176,ORD0048320,PRD00705,2025-08-30,2,Wrong Product
RET0004177,ORD0044207,PRD00285,2025-10-02,2,Changed Mind
RET0004178,ORD0004154,PRD00983,2025-09-30,3,Changed Mind
RET0004179,ORD0022690,PRD00164,2026-08-25,1,Size/Compatibility
RET0004180,ORD0024248,PRD00880,2025-08-25,2,Damaged
RET0004181,ORD0035945,PRD00260,2025-01-07,3,Defective
RET0004182,ORD0047865,PRD00575,2025-02-27,1,Wrong Product
RET0004183,ORD0020995,PRD00700,2025-03-12,1,Defective
RET0004184,ORD0027750,PRD00365,2025-04-16,2,Damaged
RET0004185,ORD0046040,PRD00691,2026-02-27,2,Wrong Product
RET0004186,ORD0020675,PRD00437,2026-08-27,2,Changed Mind
RET0004187,ORD0045507,PRD00448,2025-01-09,1,Changed Mind
RET0004188,ORD0048992,PRD00568,2025-06-04,2,Changed Mind
RET0004189,ORD0029978,PRD00147,2025-12-25,3,Defective
RET0004190,ORD0049106,PRD00980,2026-03-13,1,Damaged
RET0004191,ORD0003733,PRD00264,2025-10-03,3,Size/Compatibility
RET0004192,ORD0006823,PRD00697,2026-04-26,1,Damaged
RET0004193,ORD0045410,PRD00399,2025-07-06,3,Late Delivery
RET0004194,ORD0008344,PRD00275,2025-03-07,2,Wrong Product
RET0004195,ORD0027096,PRD00678,2026-06-26,2,Damaged
RET0004196,ORD0016792,PRD00972,2025-10-21,1,Wrong Product
RET0004197,ORD0003065,PRD00728,2025-04-03,2,Late Delivery
RET0004198,ORD0021375,PRD00400,2026-05-23,3,Wrong Product
RET0004199,ORD0049855,PRD00560,2025-01-05,2,Damaged
RET0004200,ORD0025707,PRD00077,2026-03-15,3,Changed Mind
RET0004201,ORD0035325,PRD00962,2025-06-08,2,Wrong Product
RET0004202,ORD0035194,PRD00548,2026-01-23,2,Defective
RET0004203,ORD0005198,PRD00358,2026-05-20,2,Wrong Product
RET0004204,ORD0038696,PRD00157,2025-04-28,1,Defective
RET0004205,ORD0031852,PRD00491,2026-05-12,1,Wrong Product
RET0004206,ORD0039006,PRD00168,2025-12-19,1,Damaged
RET0004207,ORD0018150,PRD00337,2025-11-19,2,Defective
RET0004208,ORD0018004,PRD00165,2026-05-22,3,Defective
RET0004209,ORD0005277,PRD00404,2025-10-10,1,Damaged
RET0004210,ORD0037613,PRD00895,2026-04-10,2,Changed Mind
RET0004211,ORD0048399,PRD00947,2025-09-22,3,Changed Mind
RET0004212,ORD0019110,PRD00351,2025-01-02,2,Changed Mind
RET0004213,ORD0031837,PRD00664,2025-06-27,1,Wrong Product
RET0004214,ORD0015186,PRD00163,2025-05-14,1,Damaged
RET0004215,ORD0040327,PRD00303,2026-08-24,2,Size/Compatibility
RET0004216,ORD0025636,PRD00337,2025-05-24,2,Changed Mind
RET0004217,ORD0010860,PRD00783,2025-06-12,1,Damaged
RET0004218,ORD0043938,PRD00991,2025-03-12,3,Size/Compatibility
RET0004219,ORD0013178,PRD00843,2025-10-21,2,Changed Mind
RET0004220,ORD0007521,PRD00499,2026-05-04,3,Late Delivery
RET0004221,ORD0047483,PRD00007,2025-10-04,2,Damaged
RET0004222,ORD0033873,PRD00031,2026-08-19,1,Late Delivery
RET0004223,ORD0001035,PRD00459,2026-02-20,2,Late Delivery
RET0004224,ORD0035314,PRD00788,2025-04-24,3,Changed Mind
RET0004225,ORD0035095,PRD00386,2026-03-06,2,Changed Mind
RET0004226,ORD0035616,PRD00343,2025-02-17,1,Changed Mind
RET0004227,ORD0032228,PRD00606,2026-03-18,2,Late Delivery
RET0004228,ORD0016244,PRD00718,2025-02-23,1,Defective
RET0004229,ORD0014422,PRD00181,2026-06-08,1,Defective
RET0004230,ORD0031383,PRD00917,2025-08-29,3,Defective
RET0004231,ORD0047050,PRD00934,2025-03-21,3,Late Delivery
RET0004232,ORD0022464,PRD00550,2026-01-15,2,Wrong Product
RET0004233,ORD0049918,PRD00284,2025-02-06,1,Size/Compatibility
RET0004234,ORD0039715,PRD00522,2025-09-11,3,Changed Mind
RET0004235,ORD0010571,PRD00019,2025-03-03,3,Wrong Product
RET0004236,ORD0034055,PRD00925,2026-06-23,2,Late Delivery
RET0004237,ORD0005902,PRD00084,2026-04-27,3,Size/Compatibility
RET0004238,ORD0013507,PRD00193,2026-01-11,3,Size/Compatibility
RET0004239,ORD0009960,PRD00034,2025-08-07,1,Size/Compatibility
RET0004240,ORD0028886,PRD00847,2025-02-10,1,Changed Mind
RET0004241,ORD0016412,PRD00189,2025-11-06,3,Wrong Product
RET0004242,ORD0008987,PRD00584,2025-02-25,3,Wrong Product
RET0004243,ORD0002545,PRD00766,2026-05-04,3,Changed Mind
RET0004244,ORD0020116,PRD00201,2026-01-18,1,Late Delivery
RET0004245,ORD0022326,PRD00253,2025-10-11,3,Changed Mind
RET0004246,ORD0041564,PRD00331,2025-06-05,2,Size/Compatibility
RET0004247,ORD0016082,PRD00317,2025-02-08,3,Wrong Product
RET0004248,ORD0049259,PRD00297,2025-08-20,3,Late Delivery
RET0004249,ORD0031944,PRD00947,2025-02-12,3,Size/Compatibility
RET0004250,ORD0004102,PRD00231,2026-02-27,2,Changed Mind
RET0004251,ORD0008345,PRD00273,2025-03-25,1,Changed Mind
RET0004252,ORD0025170,PRD00655,2025-08-07,3,Defective
RET0004253,ORD0020651,PRD00219,2026-07-27,2,Changed Mind
RET0004254,ORD0021258,PRD00297,2026-05-07,3,Wrong Product
RET0004255,ORD0027806,PRD00231,2025-11-08,1,Changed Mind
RET0004256,ORD0026669,PRD00260,2025-09-17,2,Late Delivery
RET0004257,ORD0003996,PRD00617,2025-12-03,3,Changed Mind
RET0004258,ORD0009316,PRD00714,2025-06-23,2,Defective
RET0004259,ORD0029592,PRD00495,2026-07-29,1,Size/Compatibility
RET0004260,ORD0027481,PRD00587,2025-01-23,1,Late Delivery
RET0004261,ORD0026288,PRD00232,2025-01-03,1,Late Delivery
RET0004262,ORD0028105,PRD00745,2025-11-04,2,Size/Compatibility
RET0004263,ORD0045366,PRD00530,2026-01-05,2,Damaged
RET0004264,ORD0028427,PRD00707,2026-08-06,2,Wrong Product
RET0004265,ORD0035668,PRD00624,2025-06-25,2,Late Delivery
RET0004266,ORD0022856,PRD00744,2025-10-30,1,Size/Compatibility
RET0004267,ORD0009744,PRD00867,2025-01-03,1,Damaged
RET0004268,ORD0006003,PRD00915,2025-09-29,1,Wrong Product
RET0004269,ORD0014495,PRD00514,2026-08-21,1,Late Delivery
RET0004270,ORD0017413,PRD00821,2025-09-17,3,Defective
RET0004271,ORD0035268,PRD00434,2025-04-19,2,Wrong Product
RET0004272,ORD0002718,PRD00592,2025-01-14,2,Changed Mind
RET0004273,ORD0004942,PRD00699,2026-01-17,3,Damaged
RET0004274,ORD0007645,PRD00343,2026-02-01,3,Changed Mind
RET0004275,ORD0024997,PRD00929,2025-10-02,3,Wrong Product
RET0004276,ORD0037240,PRD00038,2026-06-22,2,Defective
RET0004277,ORD0025682,PRD00845,2025-04-05,3,Size/Compatibility
RET0004278,ORD0024726,PRD00529,2026-02-14,2,Damaged
RET0004279,ORD0010999,PRD00100,2025-07-02,1,Wrong Product
RET0004280,ORD0000494,PRD00221,2025-09-12,1,Changed Mind
RET0004281,ORD0020648,PRD00517,2026-06-15,3,Changed Mind
RET0004282,ORD0049325,PRD00828,2025-06-07,3,Late Delivery
RET0004283,ORD0033539,PRD00748,2025-03-14,3,Wrong Product
RET0004284,ORD0001570,PRD00292,2025-09-18,3,Defective
RET0004285,ORD0035479,PRD00447,2025-06-11,1,Defective
RET0004286,ORD0030779,PRD00387,2025-12-25,2,Size/Compatibility
RET0004287,ORD0021839,PRD00774,2025-12-01,1,Wrong Product
RET0004288,ORD0019331,PRD00199,2025-10-03,1,Wrong Product
RET0004289,ORD0000934,PRD00492,2025-07-08,1,Damaged
RET0004290,ORD0010798,PRD00117,2026-04-11,2,Changed Mind
RET0004291,ORD0008753,PRD00697,2025-03-11,3,Changed Mind
RET0004292,ORD0014934,PRD00049,2025-11-28,2,Size/Compatibility
RET0004293,ORD0029700,PRD00406,2025-01-30,2,Defective
RET0004294,ORD0035310,PRD00605,2025-01-11,3,Damaged
RET0004295,ORD0012924,PRD00232,2025-10-01,1,Defective
RET0004296,ORD0003899,PRD00257,2025-09-08,2,Damaged
RET0004297,ORD0009540,PRD00795,2026-05-02,1,Defective
RET0004298,ORD0026005,PRD00615,2026-02-05,2,Changed Mind
RET0004299,ORD0045554,PRD00392,2026-02-28,1,Wrong Product
RET0004300,ORD0019271,PRD00452,2025-10-26,3,Defective
RET0004301,ORD0010287,PRD00928,2026-04-16,3,Damaged
RET0004302,ORD0011751,PRD00739,2025-08-28,1,Damaged
RET0004303,ORD0026097,PRD00746,2025-03-27,2,Defective
RET0004304,ORD0041550,PRD00423,2025-07-04,1,Defective
RET0004305,ORD0046291,PRD00065,2026-05-07,3,Size/Compatibility
RET0004306,ORD0022434,PRD00847,2025-03-03,1,Damaged
RET0004307,ORD0016650,PRD00280,2026-05-03,2,Wrong Product
RET0004308,ORD0010700,PRD00843,2025-10-09,1,Late Delivery
RET0004309,ORD0040603,PRD00456,2025-01-16,2,Late Delivery
RET0004310,ORD0017675,PRD00494,2025-05-06,1,Changed Mind
RET0004311,ORD0009267,PRD00251,2025-05-18,2,Defective
RET0004312,ORD0029959,PRD00821,2025-04-28,3,Wrong Product
RET0004313,ORD0008891,PRD00066,2026-08-12,2,Damaged
RET0004314,ORD0010100,PRD00296,2026-03-02,1,Late Delivery
RET0004315,ORD0045753,PRD00055,2026-06-06,1,Late Delivery
RET0004316,ORD0001221,PRD00430,2025-08-03,3,Wrong Product
RET0004317,ORD0006046,PRD00395,2026-03-30,2,Damaged
RET0004318,ORD0029803,PRD00059,2026-07-18,1,Changed Mind
RET0004319,ORD0045942,PRD00021,2025-01-11,2,Defective
RET0004320,ORD0008099,PRD00656,2025-12-26,1,Late Delivery
RET0004321,ORD0028723,PRD00042,2025-10-22,3,Size/Compatibility
RET0004322,ORD0001215,PRD00852,2025-04-14,3,Wrong Product
RET0004323,ORD0015912,PRD00427,2025-04-16,2,Late Delivery
RET0004324,ORD0027982,PRD00917,2025-03-12,1,Damaged
RET0004325,ORD0012099,PRD00388,2026-04-14,2,Defective
RET0004326,ORD0005142,PRD00695,2025-05-27,1,Wrong Product
RET0004327,ORD0020886,PRD00204,2025-03-04,1,Late Delivery
RET0004328,ORD0037325,PRD00642,2026-06-23,2,Wrong Product
RET0004329,ORD0027140,PRD00583,2025-07-15,2,Late Delivery
RET0004330,ORD0044884,PRD00405,2025-12-11,3,Defective
RET0004331,ORD0038326,PRD00212,2025-12-13,2,Late Delivery
RET0004332,ORD0038247,PRD00370,2025-12-02,3,Wrong Product
RET0004333,ORD0048705,PRD00737,2025-01-08,1,Late Delivery
RET0004334,ORD0013268,PRD00872,2025-01-16,2,Wrong Product
RET0004335,ORD0007544,PRD00298,2025-01-21,2,Defective
RET0004336,ORD0037077,PRD00110,2026-06-11,1,Damaged
RET0004337,ORD0008051,PRD00442,2026-02-02,2,Damaged
RET0004338,ORD0049803,PRD00891,2025-04-22,1,Changed Mind
RET0004339,ORD0044902,PRD00205,2025-08-28,3,Changed Mind
RET0004340,ORD0006299,PRD00609,2025-10-30,3,Late Delivery
RET0004341,ORD0034695,PRD00145,2026-03-01,2,Late Delivery
RET0004342,ORD0029992,PRD00051,2026-06-27,1,Defective
RET0004343,ORD0014015,PRD00369,2026-01-13,2,Late Delivery
RET0004344,ORD0014943,PRD00736,2026-02-15,1,Late Delivery
RET0004345,ORD0021506,PRD00476,2026-02-18,2,Wrong Product
RET0004346,ORD0015441,PRD00569,2025-01-04,1,Late Delivery
RET0004347,ORD0014508,PRD00420,2026-04-18,3,Damaged
RET0004348,ORD0015401,PRD00348,2025-09-20,3,Damaged
RET0004349,ORD0012944,PRD00695,2025-02-01,2,Late Delivery
RET0004350,ORD0004838,PRD00113,2025-05-28,1,Defective
RET0004351,ORD0043881,PRD00939,2025-03-03,1,Late Delivery
RET0004352,ORD0016961,PRD00436,2026-04-14,3,Wrong Product
RET0004353,ORD0032932,PRD00989,2025-03-12,2,Damaged
RET0004354,ORD0043975,PRD00105,2025-08-04,1,Late Delivery
RET0004355,ORD0001737,PRD00201,2025-12-26,1,Changed Mind
RET0004356,ORD0012086,PRD00141,2026-02-14,1,Defective
RET0004357,ORD0002311,PRD00018,2025-05-16,1,Late Delivery
RET0004358,ORD0042617,PRD00689,2026-05-20,1,Damaged
RET0004359,ORD0035076,PRD00882,2025-01-14,3,Late Delivery
RET0004360,ORD0026388,PRD00330,2026-08-11,1,Damaged
RET0004361,ORD0031850,PRD00840,2025-11-27,1,Wrong Product
RET0004362,ORD0046824,PRD00990,2025-07-09,2,Defective
RET0004363,ORD0011195,PRD00485,2026-01-18,3,Size/Compatibility
RET0004364,ORD0035396,PRD00075,2026-07-07,3,Wrong Product
RET0004365,ORD0026149,PRD00201,2025-12-26,1,Damaged
RET0004366,ORD0031867,PRD00962,2026-06-24,3,Wrong Product
RET0004367,ORD0017656,PRD00604,2025-06-18,2,Damaged
RET0004368,ORD0018611,PRD00870,2025-12-07,3,Changed Mind
RET0004369,ORD0001230,PRD00290,2025-04-16,1,Defective
RET0004370,ORD0044690,PRD00028,2026-07-29,2,Late Delivery
RET0004371,ORD0045084,PRD00882,2026-04-10,2,Damaged
RET0004372,ORD0020813,PRD00297,2026-07-28,1,Defective
RET0004373,ORD0014197,PRD00015,2025-10-21,2,Size/Compatibility
RET0004374,ORD0037717,PRD00942,2025-10-20,2,Size/Compatibility
RET0004375,ORD0026218,PRD00535,2026-07-07,3,Late Delivery
RET0004376,ORD0046480,PRD00905,2025-01-23,3,Defective
RET0004377,ORD0028279,PRD00419,2026-05-12,2,Size/Compatibility
RET0004378,ORD0037760,PRD00037,2026-04-23,3,Size/Compatibility
RET0004379,ORD0017492,PRD00538,2025-12-30,2,Changed Mind
RET0004380,ORD0041889,PRD00018,2025-03-22,3,Defective
RET0004381,ORD0039415,PRD00645,2025-03-28,1,Size/Compatibility
RET0004382,ORD0048392,PRD00558,2025-12-20,1,Defective
RET0004383,ORD0030550,PRD00383,2026-03-22,1,Defective
RET0004384,ORD0042816,PRD00604,2025-06-25,3,Wrong Product
RET0004385,ORD0004995,PRD00479,2025-03-31,1,Changed Mind
RET0004386,ORD0018662,PRD00939,2026-07-03,2,Changed Mind
RET0004387,ORD0015200,PRD00030,2025-10-27,1,Late Delivery
RET0004388,ORD0009918,PRD00517,2025-04-09,2,Size/Compatibility
RET0004389,ORD0037379,PRD00678,2025-10-22,2,Late Delivery
RET0004390,ORD0002676,PRD00984,2025-09-15,2,Damaged
RET0004391,ORD0038251,PRD00506,2025-06-10,2,Size/Compatibility
RET0004392,ORD0012506,PRD00390,2026-07-12,3,Changed Mind
RET0004393,ORD0016622,PRD00660,2026-05-27,3,Size/Compatibility
RET0004394,ORD0046021,PRD00506,2025-01-22,2,Damaged
RET0004395,ORD0003518,PRD00209,2025-03-07,1,Changed Mind
RET0004396,ORD0046848,PRD00723,2026-01-20,1,Changed Mind
RET0004397,ORD0038528,PRD00719,2026-07-20,2,Wrong Product
RET0004398,ORD0012960,PRD00913,2025-07-16,1,Changed Mind
RET0004399,ORD0025281,PRD00367,2025-07-19,3,Changed Mind
RET0004400,ORD0048897,PRD00544,2025-02-02,1,Changed Mind
RET0004401,ORD0046742,PRD00085,2025-01-05,3,Late Delivery
RET0004402,ORD0027666,PRD00157,2025-08-11,2,Damaged
RET0004403,ORD0044789,PRD00891,2026-01-19,2,Damaged
RET0004404,ORD0027423,PRD00879,2025-06-10,3,Defective
RET0004405,ORD0007010,PRD00665,2025-09-21,1,Changed Mind
RET0004406,ORD0007656,PRD00783,2025-05-26,1,Defective
RET0004407,ORD0019695,PRD00937,2026-04-12,2,Size/Compatibility
RET0004408,ORD0037096,PRD00498,2025-08-19,3,Wrong Product
RET0004409,ORD0033423,PRD00441,2025-09-12,3,Wrong Product
RET0004410,ORD0002169,PRD00717,2026-08-26,3,Defective
RET0004411,ORD0032390,PRD00179,2026-03-31,1,Changed Mind
RET0004412,ORD0035537,PRD00814,2025-06-22,2,Changed Mind
RET0004413,ORD0005980,PRD00240,2025-02-07,3,Changed Mind
RET0004414,ORD0017679,PRD00491,2026-05-09,2,Size/Compatibility
RET0004415,ORD0047850,PRD00966,2026-04-24,3,Wrong Product
RET0004416,ORD0045871,PRD00463,2025-10-17,3,Changed Mind
RET0004417,ORD0007685,PRD00004,2025-07-12,2,Wrong Product
RET0004418,ORD0015235,PRD00097,2025-05-01,1,Wrong Product
RET0004419,ORD0023680,PRD00520,2025-01-10,2,Size/Compatibility
RET0004420,ORD0028499,PRD00251,2025-07-02,2,Changed Mind
RET0004421,ORD0007477,PRD00397,2025-10-26,1,Wrong Product
RET0004422,ORD0035502,PRD00137,2025-12-23,2,Late Delivery
RET0004423,ORD0016073,PRD00485,2025-10-30,2,Defective
RET0004424,ORD0049646,PRD00951,2025-05-10,1,Defective
RET0004425,ORD0044452,PRD00322,2026-02-07,3,Size/Compatibility
RET0004426,ORD0042966,PRD00466,2026-08-25,3,Defective
RET0004427,ORD0003855,PRD00101,2025-06-13,2,Damaged
RET0004428,ORD0012069,PRD00543,2025-12-12,1,Damaged
RET0004429,ORD0046887,PRD00080,2026-06-10,3,Damaged
RET0004430,ORD0009448,PRD00526,2025-07-15,1,Damaged
RET0004431,ORD0030012,PRD00510,2025-09-02,2,Wrong Product
RET0004432,ORD0048191,PRD00248,2026-05-17,1,Damaged
RET0004433,ORD0036323,PRD00183,2025-11-16,2,Wrong Product
RET0004434,ORD0004326,PRD00810,2025-06-27,1,Wrong Product
RET0004435,ORD0017079,PRD00003,2026-03-30,1,Defective
RET0004436,ORD0019010,PRD00436,2026-06-19,3,Changed Mind
RET0004437,ORD0016764,PRD00029,2025-07-26,2,Late Delivery
RET0004438,ORD0027526,PRD00255,2025-08-17,1,Wrong Product
RET0004439,ORD0038365,PRD00724,2025-09-10,3,Wrong Product
RET0004440,ORD0034314,PRD00776,2025-07-08,3,Late Delivery
RET0004441,ORD0032203,PRD00975,2026-08-19,1,Changed Mind
RET0004442,ORD0004789,PRD00457,2026-03-29,1,Damaged
RET0004443,ORD0006358,PRD00121,2025-05-20,2,Size/Compatibility
RET0004444,ORD0036720,PRD00672,2025-10-29,3,Late Delivery
RET0004445,ORD0020012,PRD00145,2025-03-29,1,Changed Mind
RET0004446,ORD0040083,PRD00895,2025-11-06,3,Defective
RET0004447,ORD0009565,PRD00467,2026-05-04,3,Changed Mind
RET0004448,ORD0020376,PRD00868,2025-04-17,3,Defective
RET0004449,ORD0049723,PRD00764,2026-06-28,3,Damaged
RET0004450,ORD0049617,PRD00152,2025-11-14,1,Wrong Product
RET0004451,ORD0043106,PRD00824,2025-10-04,2,Defective
RET0004452,ORD0023897,PRD00300,2025-10-02,1,Size/Compatibility
RET0004453,ORD0031476,PRD00096,2026-06-01,3,Defective
RET0004454,ORD0012794,PRD00350,2026-01-02,3,Defective
RET0004455,ORD0004119,PRD00735,2025-12-04,2,Damaged
RET0004456,ORD0036602,PRD00596,2026-01-06,2,Size/Compatibility
RET0004457,ORD0040797,PRD00187,2025-03-31,1,Changed Mind
RET0004458,ORD0018621,PRD00496,2026-01-22,1,Size/Compatibility
RET0004459,ORD0030446,PRD00276,2025-03-24,1,Defective
RET0004460,ORD0044774,PRD00894,2025-08-31,3,Size/Compatibility
RET0004461,ORD0030540,PRD00312,2025-02-28,2,Late Delivery
RET0004462,ORD0018476,PRD00279,2025-06-28,2,Defective
RET0004463,ORD0002060,PRD00217,2025-11-06,3,Wrong Product
RET0004464,ORD0022010,PRD00931,2026-01-27,1,Size/Compatibility
RET0004465,ORD0047080,PRD00955,2026-03-06,2,Late Delivery
RET0004466,ORD0029683,PRD00968,2025-10-26,2,Changed Mind
RET0004467,ORD0000890,PRD00072,2026-08-06,3,Size/Compatibility
RET0004468,ORD0014905,PRD00792,2026-02-08,2,Late Delivery
RET0004469,ORD0032696,PRD00545,2025-07-03,2,Changed Mind
RET0004470,ORD0001071,PRD00854,2025-08-24,1,Damaged
RET0004471,ORD0027538,PRD00561,2025-01-29,3,Damaged
RET0004472,ORD0007956,PRD00744,2025-11-18,2,Size/Compatibility
RET0004473,ORD0014172,PRD00387,2025-07-28,3,Damaged
RET0004474,ORD0021916,PRD00246,2025-08-13,2,Defective
RET0004475,ORD0008672,PRD00349,2026-05-08,1,Size/Compatibility
RET0004476,ORD0032211,PRD00208,2025-01-24,1,Late Delivery
RET0004477,ORD0004073,PRD00308,2026-03-11,2,Damaged
RET0004478,ORD0042620,PRD00357,2025-08-07,3,Wrong Product
RET0004479,ORD0029059,PRD00046,2025-11-14,3,Changed Mind
RET0004480,ORD0003912,PRD00965,2025-03-13,1,Size/Compatibility
RET0004481,ORD0000490,PRD00119,2026-02-13,1,Changed Mind
RET0004482,ORD0002845,PRD00540,2026-08-14,3,Size/Compatibility
RET0004483,ORD0044601,PRD00169,2026-01-31,2,Damaged
RET0004484,ORD0044621,PRD00638,2025-04-20,2,Size/Compatibility
RET0004485,ORD0019888,PRD00210,2026-01-03,2,Late Delivery
RET0004486,ORD0034372,PRD00610,2026-05-04,3,Size/Compatibility
RET0004487,ORD0023484,PRD01000,2026-04-07,1,Late Delivery
RET0004488,ORD0022241,PRD00027,2025-06-23,1,Defective
RET0004489,ORD0014660,PRD00866,2026-07-31,3,Size/Compatibility
RET0004490,ORD0021722,PRD00162,2026-05-19,1,Changed Mind
RET0004491,ORD0014425,PRD00515,2025-03-03,1,Wrong Product
RET0004492,ORD0023308,PRD00029,2026-03-11,1,Size/Compatibility
RET0004493,ORD0037260,PRD00866,2025-10-18,3,Wrong Product
RET0004494,ORD0012397,PRD00006,2025-07-17,1,Defective
RET0004495,ORD0004520,PRD00504,2025-02-22,2,Wrong Product
RET0004496,ORD0049185,PRD00245,2026-06-09,1,Late Delivery
RET0004497,ORD0002050,PRD00703,2026-03-07,2,Defective
RET0004498,ORD0031681,PRD00634,2025-03-06,1,Late Delivery
RET0004499,ORD0027939,PRD00069,2025-03-22,2,Changed Mind
RET0004500,ORD0023482,PRD00168,2025-07-03,2,Damaged
RET0004501,ORD0009550,PRD00694,2025-02-04,2,Changed Mind
RET0004502,ORD0015758,PRD00966,2026-07-13,2,Wrong Product
RET0004503,ORD0015782,PRD00395,2025-05-22,2,Size/Compatibility
RET0004504,ORD0038756,PRD00913,2025-02-27,1,Late Delivery
RET0004505,ORD0032234,PRD00909,2025-02-15,1,Late Delivery
RET0004506,ORD0018223,PRD00870,2026-01-10,2,Size/Compatibility
RET0004507,ORD0000607,PRD00404,2026-06-08,3,Late Delivery
RET0004508,ORD0007243,PRD00241,2025-06-17,3,Late Delivery
RET0004509,ORD0016436,PRD00953,2025-05-11,1,Late Delivery
RET0004510,ORD0000316,PRD00840,2025-08-17,1,Late Delivery
RET0004511,ORD0033496,PRD00515,2025-05-27,2,Defective
RET0004512,ORD0048500,PRD00032,2026-02-11,2,Damaged
RET0004513,ORD0040951,PRD00515,2026-03-13,1,Defective
RET0004514,ORD0001571,PRD00466,2025-01-08,1,Changed Mind
RET0004515,ORD0039788,PRD00345,2025-06-24,2,Defective
RET0004516,ORD0017043,PRD00879,2026-06-14,1,Wrong Product
RET0004517,ORD0014705,PRD00615,2025-11-11,2,Changed Mind
RET0004518,ORD0043294,PRD00306,2026-06-12,1,Changed Mind
RET0004519,ORD0018512,PRD00410,2026-03-23,2,Defective
RET0004520,ORD0045657,PRD00166,2026-08-19,3,Changed Mind
RET0004521,ORD0048749,PRD00186,2026-08-14,1,Wrong Product
RET0004522,ORD0017198,PRD00838,2025-12-04,1,Changed Mind
RET0004523,ORD0032963,PRD00645,2025-12-25,3,Changed Mind
RET0004524,ORD0013922,PRD00548,2025-12-31,1,Late Delivery
RET0004525,ORD0009499,PRD00858,2026-01-25,1,Defective
RET0004526,ORD0001462,PRD00190,2025-11-24,2,Wrong Product
RET0004527,ORD0031333,PRD00236,2026-05-31,3,Damaged
RET0004528,ORD0036399,PRD00478,2026-03-29,1,Size/Compatibility
RET0004529,ORD0016956,PRD00395,2025-05-31,2,Damaged
RET0004530,ORD0020179,PRD00392,2026-07-20,1,Changed Mind
RET0004531,ORD0008728,PRD00422,2025-12-20,2,Damaged
RET0004532,ORD0042681,PRD00542,2025-09-05,2,Defective
RET0004533,ORD0011323,PRD00132,2025-04-22,1,Late Delivery
RET0004534,ORD0002715,PRD00543,2026-01-16,1,Defective
RET0004535,ORD0009170,PRD00300,2025-03-30,2,Changed Mind
RET0004536,ORD0000665,PRD00437,2025-09-11,2,Changed Mind
RET0004537,ORD0047987,PRD00621,2025-04-27,2,Late Delivery
RET0004538,ORD0030023,PRD00808,2026-08-12,3,Changed Mind
RET0004539,ORD0014636,PRD00229,2025-10-31,2,Changed Mind
RET0004540,ORD0021150,PRD00115,2025-08-04,1,Damaged
RET0004541,ORD0046622,PRD00113,2026-02-06,2,Changed Mind
RET0004542,ORD0034174,PRD00218,2025-02-22,1,Wrong Product
RET0004543,ORD0010588,PRD00558,2026-01-31,1,Changed Mind
RET0004544,ORD0026245,PRD00261,2025-02-03,3,Damaged
RET0004545,ORD0014828,PRD00061,2025-10-30,3,Changed Mind
RET0004546,ORD0044146,PRD00427,2025-02-05,3,Size/Compatibility
RET0004547,ORD0027101,PRD00604,2026-02-08,1,Damaged
RET0004548,ORD0005476,PRD00089,2026-05-03,2,Changed Mind
RET0004549,ORD0015065,PRD00997,2025-12-18,1,Size/Compatibility
RET0004550,ORD0035740,PRD00449,2026-04-05,3,Changed Mind
RET0004551,ORD0019818,PRD00110,2025-07-22,1,Defective
RET0004552,ORD0030005,PRD00426,2026-08-24,3,Defective
RET0004553,ORD0024345,PRD00008,2025-01-21,2,Wrong Product
RET0004554,ORD0047280,PRD00129,2026-02-26,3,Changed Mind
RET0004555,ORD0040884,PRD00414,2026-08-06,2,Late Delivery
RET0004556,ORD0031190,PRD00911,2025-12-14,3,Late Delivery
RET0004557,ORD0039178,PRD00324,2025-12-12,1,Changed Mind
RET0004558,ORD0037473,PRD00911,2026-03-26,1,Defective
RET0004559,ORD0003818,PRD00838,2025-04-21,3,Defective
RET0004560,ORD0001753,PRD00888,2025-08-10,2,Wrong Product
RET0004561,ORD0046300,PRD00581,2025-01-14,2,Damaged
RET0004562,ORD0000129,PRD00238,2025-05-03,2,Damaged
RET0004563,ORD0010839,PRD00793,2025-10-13,1,Changed Mind
RET0004564,ORD0021854,PRD00182,2026-04-10,1,Changed Mind
RET0004565,ORD0049697,PRD00379,2026-07-22,2,Size/Compatibility
RET0004566,ORD0046990,PRD00862,2025-12-03,3,Damaged
RET0004567,ORD0039121,PRD00343,2025-09-18,1,Wrong Product
RET0004568,ORD0032647,PRD00414,2025-11-25,1,Wrong Product
RET0004569,ORD0030174,PRD00770,2025-02-26,1,Size/Compatibility
RET0004570,ORD0040003,PRD00444,2025-04-18,1,Defective
RET0004571,ORD0033043,PRD00861,2025-12-18,2,Damaged
RET0004572,ORD0044389,PRD00096,2025-08-31,1,Late Delivery
RET0004573,ORD0045242,PRD00490,2026-02-12,2,Wrong Product
RET0004574,ORD0011405,PRD00976,2026-05-26,3,Wrong Product
RET0004575,ORD0039376,PRD00550,2026-07-02,3,Late Delivery
RET0004576,ORD0040732,PRD00282,2026-04-02,3,Defective
RET0004577,ORD0040507,PRD00072,2025-11-21,1,Changed Mind
RET0004578,ORD0006830,PRD00675,2025-01-12,3,Changed Mind
RET0004579,ORD0042580,PRD00544,2025-12-15,2,Defective
RET0004580,ORD0007613,PRD00790,2025-02-01,1,Wrong Product
RET0004581,ORD0041055,PRD00200,2025-01-05,2,Size/Compatibility
RET0004582,ORD0016254,PRD00241,2026-02-07,2,Wrong Product
RET0004583,ORD0038741,PRD00767,2026-04-30,2,Changed Mind
RET0004584,ORD0022053,PRD00822,2025-12-30,3,Wrong Product
RET0004585,ORD0043531,PRD00508,2025-05-15,3,Late Delivery
RET0004586,ORD0035731,PRD00441,2025-05-29,3,Late Delivery
RET0004587,ORD0002430,PRD00611,2026-05-24,1,Changed Mind
RET0004588,ORD0030344,PRD00832,2025-10-13,1,Wrong Product
RET0004589,ORD0028581,PRD00710,2025-04-22,3,Defective
RET0004590,ORD0002597,PRD00702,2025-02-26,3,Size/Compatibility
RET0004591,ORD0010750,PRD00005,2025-01-11,2,Wrong Product
RET0004592,ORD0049497,PRD00309,2025-09-30,3,Damaged
RET0004593,ORD0045908,PRD00849,2026-05-15,1,Changed Mind
RET0004594,ORD0043804,PRD00764,2026-07-02,2,Size/Compatibility
RET0004595,ORD0045220,PRD00803,2026-04-16,3,Late Delivery
RET0004596,ORD0038266,PRD00277,2026-04-08,3,Wrong Product
RET0004597,ORD0030758,PRD00211,2025-01-10,2,Damaged
RET0004598,ORD0023344,PRD00456,2025-05-24,1,Changed Mind
RET0004599,ORD0001957,PRD00069,2025-05-25,3,Defective
RET0004600,ORD0023552,PRD00442,2025-05-13,1,Changed Mind
RET0004601,ORD0027695,PRD00110,2025-09-01,2,Changed Mind
RET0004602,ORD0038923,PRD00581,2025-08-24,3,Defective
RET0004603,ORD0006405,PRD00516,2025-07-02,3,Late Delivery
RET0004604,ORD0004127,PRD00568,2025-03-15,3,Late Delivery
RET0004605,ORD0045069,PRD00311,2025-09-07,2,Wrong Product
RET0004606,ORD0022847,PRD00165,2025-06-07,2,Defective
RET0004607,ORD0010948,PRD00617,2026-01-06,1,Size/Compatibility
RET0004608,ORD0049130,PRD00899,2026-04-27,2,Wrong Product
RET0004609,ORD0022341,PRD00160,2026-06-11,3,Damaged
RET0004610,ORD0003682,PRD00868,2026-07-21,2,Wrong Product
RET0004611,ORD0030177,PRD00766,2025-10-20,2,Late Delivery
RET0004612,ORD0013864,PRD00070,2025-04-24,2,Changed Mind
RET0004613,ORD0000495,PRD00036,2026-04-22,1,Damaged
RET0004614,ORD0031281,PRD00574,2026-04-25,3,Late Delivery
RET0004615,ORD0020009,PRD00126,2025-08-25,1,Defective
RET0004616,ORD0002720,PRD00450,2026-06-08,1,Damaged
RET0004617,ORD0036074,PRD00359,2025-10-02,1,Changed Mind
RET0004618,ORD0030345,PRD00110,2025-03-20,1,Wrong Product
RET0004619,ORD0018586,PRD00298,2025-10-13,1,Size/Compatibility
RET0004620,ORD0008973,PRD00615,2025-05-31,2,Wrong Product
RET0004621,ORD0013349,PRD00270,2026-04-14,1,Size/Compatibility
RET0004622,ORD0026448,PRD00243,2025-04-17,3,Damaged
RET0004623,ORD0025911,PRD00251,2025-04-19,1,Defective
RET0004624,ORD0012413,PRD00624,2025-08-03,3,Defective
RET0004625,ORD0025498,PRD00638,2025-10-14,2,Late Delivery
RET0004626,ORD0015906,PRD00542,2025-12-14,3,Late Delivery
RET0004627,ORD0011054,PRD00210,2026-08-15,3,Wrong Product
RET0004628,ORD0022006,PRD00821,2025-09-06,3,Late Delivery
RET0004629,ORD0000091,PRD00294,2026-03-08,1,Size/Compatibility
RET0004630,ORD0013069,PRD00841,2025-09-04,1,Changed Mind
RET0004631,ORD0047456,PRD00027,2025-02-22,1,Late Delivery
RET0004632,ORD0042526,PRD00721,2025-09-01,1,Size/Compatibility
RET0004633,ORD0003312,PRD00120,2025-03-10,1,Late Delivery
RET0004634,ORD0040814,PRD00453,2025-11-15,2,Wrong Product
RET0004635,ORD0048649,PRD00140,2025-07-07,1,Wrong Product
RET0004636,ORD0041071,PRD00347,2025-03-09,1,Size/Compatibility
RET0004637,ORD0007967,PRD00439,2026-08-20,1,Wrong Product
RET0004638,ORD0006262,PRD00608,2026-05-17,1,Late Delivery
RET0004639,ORD0040293,PRD00503,2025-09-12,1,Late Delivery
RET0004640,ORD0030791,PRD00713,2025-04-05,3,Defective
RET0004641,ORD0019830,PRD00389,2026-06-28,3,Size/Compatibility
RET0004642,ORD0026749,PRD00131,2025-03-08,1,Size/Compatibility
RET0004643,ORD0019040,PRD00078,2025-07-13,2,Changed Mind
RET0004644,ORD0008359,PRD00996,2025-07-18,3,Late Delivery
RET0004645,ORD0043913,PRD00670,2025-11-09,2,Size/Compatibility
RET0004646,ORD0019147,PRD00785,2025-08-27,2,Late Delivery
RET0004647,ORD0005353,PRD00850,2026-04-17,2,Defective
RET0004648,ORD0004040,PRD00504,2026-05-24,1,Late Delivery
RET0004649,ORD0040857,PRD00593,2026-04-10,2,Wrong Product
RET0004650,ORD0008436,PRD00746,2025-10-21,2,Size/Compatibility
RET0004651,ORD0015544,PRD00887,2025-10-17,3,Late Delivery
RET0004652,ORD0049424,PRD00891,2025-02-15,1,Changed Mind
RET0004653,ORD0049912,PRD00424,2026-05-24,1,Wrong Product
RET0004654,ORD0018135,PRD00756,2026-06-03,2,Size/Compatibility
RET0004655,ORD0008158,PRD00918,2026-08-02,3,Wrong Product
RET0004656,ORD0015256,PRD00899,2026-03-16,2,Changed Mind
RET0004657,ORD0029072,PRD00468,2026-06-06,3,Changed Mind
RET0004658,ORD0031177,PRD00565,2025-04-25,2,Damaged
RET0004659,ORD0007886,PRD00094,2026-03-06,3,Late Delivery
RET0004660,ORD0022130,PRD00641,2026-07-19,2,Damaged
RET0004661,ORD0030335,PRD00625,2026-01-04,2,Size/Compatibility
RET0004662,ORD0036793,PRD00045,2026-06-18,1,Wrong Product
RET0004663,ORD0044997,PRD00331,2026-08-26,3,Wrong Product
RET0004664,ORD0043581,PRD00488,2025-12-27,3,Damaged
RET0004665,ORD0004904,PRD00136,2025-09-22,3,Damaged
RET0004666,ORD0030347,PRD00336,2026-01-26,3,Late Delivery
RET0004667,ORD0049455,PRD00742,2025-04-02,1,Changed Mind
RET0004668,ORD0014404,PRD00070,2026-01-13,1,Late Delivery
RET0004669,ORD0006800,PRD00162,2025-03-22,1,Damaged
RET0004670,ORD0012557,PRD00671,2026-04-30,1,Late Delivery
RET0004671,ORD0002291,PRD00876,2026-05-19,2,Damaged
RET0004672,ORD0036623,PRD00748,2025-05-03,2,Defective
RET0004673,ORD0031873,PRD00962,2026-05-22,1,Changed Mind
RET0004674,ORD0045724,PRD00355,2025-09-05,2,Damaged
RET0004675,ORD0034382,PRD00964,2025-12-26,1,Size/Compatibility
RET0004676,ORD0034578,PRD00639,2025-08-11,1,Late Delivery
RET0004677,ORD0018294,PRD00403,2025-09-04,3,Changed Mind
RET0004678,ORD0048846,PRD00006,2026-05-30,3,Late Delivery
RET0004679,ORD0033802,PRD00112,2026-05-11,2,Late Delivery
RET0004680,ORD0017581,PRD00806,2025-01-28,3,Late Delivery
RET0004681,ORD0037156,PRD00703,2025-05-07,3,Late Delivery
RET0004682,ORD0033951,PRD00115,2025-04-20,2,Wrong Product
RET0004683,ORD0048459,PRD00957,2026-07-11,3,Damaged
RET0004684,ORD0034022,PRD00892,2025-02-12,2,Defective
RET0004685,ORD0038507,PRD00580,2025-11-29,2,Late Delivery
RET0004686,ORD0011836,PRD00188,2026-05-03,3,Size/Compatibility
RET0004687,ORD0008793,PRD00806,2025-10-30,2,Late Delivery
RET0004688,ORD0005142,PRD00783,2025-03-01,1,Late Delivery
RET0004689,ORD0000586,PRD00904,2025-12-24,1,Size/Compatibility
RET0004690,ORD0001684,PRD00352,2025-08-29,2,Changed Mind
RET0004691,ORD0007994,PRD00987,2025-03-07,2,Changed Mind
RET0004692,ORD0035127,PRD00152,2025-06-24,1,Defective
RET0004693,ORD0025009,PRD00360,2026-06-20,1,Late Delivery
RET0004694,ORD0041841,PRD00409,2025-09-12,1,Late Delivery
RET0004695,ORD0031555,PRD00208,2026-04-08,3,Late Delivery
RET0004696,ORD0033015,PRD00568,2025-07-13,1,Late Delivery
RET0004697,ORD0003790,PRD00728,2025-05-13,2,Changed Mind
RET0004698,ORD0020062,PRD00461,2026-06-04,2,Late Delivery
RET0004699,ORD0032149,PRD00805,2026-02-28,2,Late Delivery
RET0004700,ORD0016277,PRD00602,2025-11-29,2,Defective
RET0004701,ORD0012617,PRD00778,2026-06-25,3,Wrong Product
RET0004702,ORD0002694,PRD00541,2025-01-15,2,Late Delivery
RET0004703,ORD0039710,PRD00654,2025-01-27,3,Changed Mind
RET0004704,ORD0002486,PRD00321,2025-02-26,1,Wrong Product
RET0004705,ORD0014714,PRD00160,2025-01-19,1,Changed Mind
RET0004706,ORD0024847,PRD00974,2025-10-30,2,Late Delivery
RET0004707,ORD0029034,PRD00425,2025-10-06,1,Damaged
RET0004708,ORD0011309,PRD00693,2025-04-06,1,Damaged
RET0004709,ORD0035265,PRD00054,2025-04-22,2,Damaged
RET0004710,ORD0032782,PRD00273,2026-05-21,2,Late Delivery
RET0004711,ORD0010862,PRD00650,2026-01-26,1,Wrong Product
RET0004712,ORD0018761,PRD00553,2026-03-30,2,Damaged
RET0004713,ORD0045778,PRD00820,2025-01-27,2,Wrong Product
RET0004714,ORD0000585,PRD00945,2025-03-08,2,Damaged
RET0004715,ORD0021138,PRD00622,2026-01-22,3,Wrong Product
RET0004716,ORD0015607,PRD00212,2025-09-04,3,Wrong Product
RET0004717,ORD0002428,PRD00854,2026-02-24,2,Wrong Product
RET0004718,ORD0005359,PRD00945,2025-12-10,3,Size/Compatibility
RET0004719,ORD0018923,PRD00481,2025-02-05,2,Damaged
RET0004720,ORD0008894,PRD00760,2026-03-22,1,Defective
RET0004721,ORD0026265,PRD00252,2025-04-29,3,Changed Mind
RET0004722,ORD0000229,PRD00421,2025-11-04,3,Wrong Product
RET0004723,ORD0004133,PRD00915,2026-04-22,1,Defective
RET0004724,ORD0044711,PRD00511,2025-08-17,1,Wrong Product
RET0004725,ORD0011005,PRD00184,2025-06-21,2,Size/Compatibility
RET0004726,ORD0027757,PRD00245,2025-08-01,3,Size/Compatibility
RET0004727,ORD0009501,PRD00154,2026-08-24,2,Size/Compatibility
RET0004728,ORD0003431,PRD00238,2025-01-31,3,Damaged
RET0004729,ORD0014075,PRD00469,2025-10-09,3,Wrong Product
RET0004730,ORD0031235,PRD00836,2026-04-05,1,Wrong Product
RET0004731,ORD0032704,PRD00433,2025-08-03,1,Size/Compatibility
RET0004732,ORD0035490,PRD00611,2025-02-08,2,Damaged
RET0004733,ORD0031757,PRD00291,2025-08-23,2,Defective
RET0004734,ORD0033485,PRD00628,2025-08-15,3,Changed Mind
RET0004735,ORD0002155,PRD00845,2025-11-16,3,Size/Compatibility
RET0004736,ORD0025795,PRD00807,2026-07-31,2,Wrong Product
RET0004737,ORD0040050,PRD00131,2025-11-10,3,Late Delivery
RET0004738,ORD0007433,PRD00807,2025-09-24,3,Defective
RET0004739,ORD0021845,PRD00406,2025-05-16,2,Damaged
RET0004740,ORD0043955,PRD00778,2025-04-27,3,Wrong Product
RET0004741,ORD0030059,PRD00641,2025-01-09,2,Defective
RET0004742,ORD0008656,PRD00955,2025-08-09,3,Defective
RET0004743,ORD0008319,PRD00713,2025-07-10,3,Late Delivery
RET0004744,ORD0014582,PRD00426,2026-02-15,3,Late Delivery
RET0004745,ORD0009675,PRD00663,2025-06-21,1,Size/Compatibility
RET0004746,ORD0043825,PRD00251,2025-11-19,3,Defective
RET0004747,ORD0009738,PRD00223,2026-05-24,2,Damaged
RET0004748,ORD0017629,PRD00698,2026-03-22,3,Changed Mind
RET0004749,ORD0027925,PRD00894,2025-11-09,3,Damaged
RET0004750,ORD0001584,PRD00487,2026-05-21,3,Defective
RET0004751,ORD0037048,PRD00278,2025-11-20,2,Late Delivery
RET0004752,ORD0035267,PRD00403,2026-07-02,1,Late Delivery
RET0004753,ORD0022334,PRD00256,2026-01-09,3,Damaged
RET0004754,ORD0023408,PRD00517,2026-01-08,2,Size/Compatibility
RET0004755,ORD0005873,PRD00973,2026-02-22,1,Wrong Product
RET0004756,ORD0015204,PRD00801,2025-11-30,1,Late Delivery
RET0004757,ORD0033245,PRD00051,2026-03-31,3,Damaged
RET0004758,ORD0047743,PRD00108,2026-01-02,1,Size/Compatibility
RET0004759,ORD0014942,PRD00107,2025-12-18,1,Damaged
RET0004760,ORD0039454,PRD00555,2025-04-23,1,Size/Compatibility
RET0004761,ORD0001833,PRD00478,2025-03-15,1,Wrong Product
RET0004762,ORD0022850,PRD00006,2026-02-15,2,Late Delivery
RET0004763,ORD0000595,PRD00062,2025-05-26,3,Late Delivery
RET0004764,ORD0015377,PRD00986,2026-01-14,3,Size/Compatibility
RET0004765,ORD0049103,PRD00570,2026-06-07,1,Changed Mind
RET0004766,ORD0011921,PRD00953,2026-04-04,2,Defective
RET0004767,ORD0038692,PRD00205,2025-03-25,2,Changed Mind
RET0004768,ORD0037682,PRD00821,2025-01-17,2,Changed Mind
RET0004769,ORD0013971,PRD00213,2025-12-30,1,Wrong Product
RET0004770,ORD0007663,PRD00513,2025-10-17,3,Defective
RET0004771,ORD0022535,PRD00728,2026-06-27,1,Size/Compatibility
RET0004772,ORD0041132,PRD00338,2025-11-30,2,Size/Compatibility
RET0004773,ORD0042753,PRD00776,2025-01-26,3,Damaged
RET0004774,ORD0005232,PRD00041,2025-09-22,2,Changed Mind
RET0004775,ORD0048064,PRD00576,2025-04-23,3,Wrong Product
RET0004776,ORD0025359,PRD00752,2026-07-05,3,Size/Compatibility
RET0004777,ORD0029169,PRD00389,2026-06-30,2,Wrong Product
RET0004778,ORD0046563,PRD00789,2025-07-07,3,Late Delivery
RET0004779,ORD0027621,PRD00179,2025-09-01,2,Size/Compatibility
RET0004780,ORD0018862,PRD00339,2026-07-24,1,Wrong Product
RET0004781,ORD0020549,PRD00270,2026-04-14,3,Wrong Product
RET0004782,ORD0009357,PRD00124,2025-08-21,3,Changed Mind
RET0004783,ORD0041341,PRD00691,2025-03-23,3,Late Delivery
RET0004784,ORD0014994,PRD00833,2025-05-05,2,Damaged
RET0004785,ORD0027402,PRD00521,2026-01-24,1,Size/Compatibility
RET0004786,ORD0022071,PRD00228,2025-03-03,2,Changed Mind
RET0004787,ORD0044795,PRD00347,2025-05-04,1,Damaged
RET0004788,ORD0004438,PRD00546,2026-07-15,1,Changed Mind
RET0004789,ORD0007776,PRD00755,2025-10-10,3,Size/Compatibility
RET0004790,ORD0009714,PRD00591,2025-03-31,1,Defective
RET0004791,ORD0034605,PRD00278,2026-08-10,3,Late Delivery
RET0004792,ORD0002280,PRD00340,2025-02-26,1,Defective
RET0004793,ORD0009221,PRD00113,2026-01-28,1,Wrong Product
RET0004794,ORD0021517,PRD00042,2025-10-10,2,Damaged
RET0004795,ORD0030535,PRD00403,2025-10-17,2,Late Delivery
RET0004796,ORD0015433,PRD00237,2025-01-20,3,Defective
RET0004797,ORD0048758,PRD00029,2025-09-03,1,Damaged
RET0004798,ORD0032705,PRD00216,2025-11-22,1,Defective
RET0004799,ORD0046092,PRD00315,2025-06-21,1,Defective
RET0004800,ORD0045901,PRD00649,2025-09-16,2,Late Delivery
RET0004801,ORD0004905,PRD00733,2025-11-15,1,Wrong Product
RET0004802,ORD0047653,PRD00598,2025-12-19,1,Changed Mind
RET0004803,ORD0047547,PRD00290,2025-06-06,1,Late Delivery
RET0004804,ORD0007262,PRD00119,2025-09-12,3,Changed Mind
RET0004805,ORD0026724,PRD00361,2026-06-27,3,Size/Compatibility
RET0004806,ORD0009122,PRD00596,2026-05-27,3,Late Delivery
RET0004807,ORD0025904,PRD00768,2026-08-17,1,Damaged
RET0004808,ORD0042770,PRD00128,2026-07-29,1,Damaged
RET0004809,ORD0037338,PRD00804,2026-08-12,3,Size/Compatibility
RET0004810,ORD0042390,PRD00731,2026-02-10,1,Changed Mind
RET0004811,ORD0009319,PRD00241,2025-12-21,1,Wrong Product
RET0004812,ORD0014946,PRD00012,2026-07-17,1,Damaged
RET0004813,ORD0018916,PRD00144,2025-01-14,3,Changed Mind
RET0004814,ORD0022152,PRD00990,2025-01-21,3,Defective
RET0004815,ORD0025298,PRD00335,2025-07-27,3,Late Delivery
RET0004816,ORD0011083,PRD00023,2025-10-27,1,Damaged
RET0004817,ORD0041373,PRD00758,2025-04-13,2,Wrong Product
RET0004818,ORD0014615,PRD00236,2025-10-19,1,Size/Compatibility
RET0004819,ORD0037649,PRD00396,2026-06-23,2,Wrong Product
RET0004820,ORD0014740,PRD00423,2026-01-29,3,Size/Compatibility
RET0004821,ORD0018661,PRD00688,2025-06-11,2,Wrong Product
RET0004822,ORD0028653,PRD00551,2025-03-12,1,Wrong Product
RET0004823,ORD0035361,PRD00989,2025-02-06,1,Defective
RET0004824,ORD0040940,PRD00196,2026-01-26,3,Damaged
RET0004825,ORD0018142,PRD00056,2025-09-24,2,Wrong Product
RET0004826,ORD0002270,PRD00641,2025-08-12,1,Changed Mind
RET0004827,ORD0026264,PRD00648,2026-07-12,2,Defective
RET0004828,ORD0006681,PRD00460,2025-01-01,2,Late Delivery
RET0004829,ORD0033493,PRD00823,2026-03-06,2,Changed Mind
RET0004830,ORD0011408,PRD00362,2025-08-15,1,Late Delivery
RET0004831,ORD0039948,PRD00508,2025-03-01,2,Late Delivery
RET0004832,ORD0021328,PRD00775,2025-01-24,1,Late Delivery
RET0004833,ORD0015340,PRD00007,2026-01-10,1,Defective
RET0004834,ORD0019404,PRD00370,2025-07-01,1,Wrong Product
RET0004835,ORD0047009,PRD00167,2025-05-17,2,Changed Mind
RET0004836,ORD0049814,PRD00334,2025-10-15,2,Size/Compatibility
RET0004837,ORD0023966,PRD00166,2025-12-29,2,Changed Mind
RET0004838,ORD0018597,PRD00936,2026-03-26,3,Wrong Product
RET0004839,ORD0035135,PRD00977,2025-07-31,3,Damaged
RET0004840,ORD0023036,PRD00397,2026-06-29,1,Wrong Product
RET0004841,ORD0044877,PRD00175,2026-04-26,1,Damaged
RET0004842,ORD0001222,PRD00163,2025-12-02,1,Late Delivery
RET0004843,ORD0016292,PRD00159,2026-08-19,2,Defective
RET0004844,ORD0047988,PRD00163,2026-07-17,1,Late Delivery
RET0004845,ORD0044620,PRD00739,2026-06-08,2,Late Delivery
RET0004846,ORD0041618,PRD00744,2025-02-07,1,Late Delivery
RET0004847,ORD0044438,PRD00063,2025-12-18,3,Size/Compatibility
RET0004848,ORD0014016,PRD00643,2026-02-24,2,Damaged
RET0004849,ORD0049605,PRD00939,2025-03-03,3,Wrong Product
RET0004850,ORD0048520,PRD00037,2025-06-09,2,Changed Mind
RET0004851,ORD0008273,PRD00129,2026-06-02,1,Wrong Product
RET0004852,ORD0019684,PRD00251,2025-03-09,1,Changed Mind
RET0004853,ORD0000822,PRD00620,2025-04-29,3,Changed Mind
RET0004854,ORD0030806,PRD00511,2026-03-01,2,Late Delivery
RET0004855,ORD0033583,PRD00317,2026-07-21,1,Damaged
RET0004856,ORD0048663,PRD00333,2025-10-04,1,Damaged
RET0004857,ORD0019137,PRD00807,2026-04-11,2,Size/Compatibility
RET0004858,ORD0004538,PRD00325,2025-07-15,3,Size/Compatibility
RET0004859,ORD0045635,PRD00388,2025-08-02,3,Size/Compatibility
RET0004860,ORD0002847,PRD00510,2025-03-19,3,Wrong Product
RET0004861,ORD0019681,PRD00365,2026-07-05,3,Wrong Product
RET0004862,ORD0001523,PRD00458,2026-03-02,3,Late Delivery
RET0004863,ORD0017214,PRD00343,2025-02-04,2,Wrong Product
RET0004864,ORD0001523,PRD00574,2025-04-21,3,Damaged
RET0004865,ORD0002633,PRD00303,2026-08-14,1,Damaged
RET0004866,ORD0018822,PRD00292,2025-07-09,3,Size/Compatibility
RET0004867,ORD0033812,PRD00569,2026-04-04,3,Late Delivery
RET0004868,ORD0032814,PRD00685,2026-06-06,3,Wrong Product
RET0004869,ORD0010902,PRD00321,2025-08-17,3,Changed Mind
RET0004870,ORD0001678,PRD00240,2025-01-04,1,Changed Mind
RET0004871,ORD0028428,PRD00480,2025-11-08,2,Defective
RET0004872,ORD0037933,PRD00222,2026-02-01,1,Size/Compatibility
RET0004873,ORD0005527,PRD00955,2025-07-15,2,Changed Mind
RET0004874,ORD0029445,PRD00207,2025-09-07,1,Wrong Product
RET0004875,ORD0010815,PRD00663,2025-01-08,3,Wrong Product
RET0004876,ORD0045410,PRD00393,2025-04-23,1,Damaged
RET0004877,ORD0028654,PRD00548,2025-09-25,1,Changed Mind
RET0004878,ORD0036637,PRD00723,2026-05-15,3,Wrong Product
RET0004879,ORD0043074,PRD00708,2025-11-29,1,Defective
RET0004880,ORD0005747,PRD00389,2026-06-05,3,Damaged
RET0004881,ORD0041458,PRD00565,2026-04-04,1,Damaged
RET0004882,ORD0028070,PRD00055,2025-12-13,2,Size/Compatibility
RET0004883,ORD0028931,PRD00683,2025-08-17,1,Late Delivery
RET0004884,ORD0049843,PRD00917,2025-09-16,2,Size/Compatibility
RET0004885,ORD0023159,PRD00532,2025-06-13,3,Damaged
RET0004886,ORD0043100,PRD00616,2025-05-23,2,Size/Compatibility
RET0004887,ORD0000025,PRD00841,2026-01-17,1,Wrong Product
RET0004888,ORD0021507,PRD00311,2025-08-28,1,Wrong Product
RET0004889,ORD0027545,PRD00302,2026-07-15,3,Changed Mind
RET0004890,ORD0027030,PRD00521,2025-09-21,1,Defective
RET0004891,ORD0009030,PRD00226,2026-06-29,1,Defective
RET0004892,ORD0034798,PRD00776,2025-05-07,2,Size/Compatibility
RET0004893,ORD0008686,PRD00041,2025-11-20,1,Late Delivery
RET0004894,ORD0006154,PRD00742,2025-05-07,3,Size/Compatibility
RET0004895,ORD0026586,PRD00844,2026-06-04,3,Changed Mind
RET0004896,ORD0028727,PRD00101,2026-04-03,2,Size/Compatibility
RET0004897,ORD0000558,PRD00339,2025-09-05,1,Size/Compatibility
RET0004898,ORD0046297,PRD00152,2026-02-17,1,Wrong Product
RET0004899,ORD0022187,PRD00512,2026-01-31,3,Damaged
RET0004900,ORD0046448,PRD00649,2025-07-11,3,Size/Compatibility
RET0004901,ORD0005301,PRD00110,2025-04-02,2,Changed Mind
RET0004902,ORD0006267,PRD00693,2025-01-23,1,Changed Mind
RET0004903,ORD0002645,PRD00048,2026-04-02,3,Wrong Product
RET0004904,ORD0049481,PRD00950,2026-05-18,3,Wrong Product
RET0004905,ORD0005417,PRD00755,2025-01-27,1,Wrong Product
RET0004906,ORD0000913,PRD00494,2025-11-12,2,Late Delivery
RET0004907,ORD0021083,PRD00624,2026-08-24,2,Defective
RET0004908,ORD0035946,PRD00805,2026-04-06,3,Wrong Product
RET0004909,ORD0038345,PRD00548,2026-06-28,1,Damaged
RET0004910,ORD0045122,PRD00302,2026-01-27,2,Changed Mind
RET0004911,ORD0031932,PRD00622,2026-08-05,1,Defective
RET0004912,ORD0034124,PRD00630,2026-04-16,2,Late Delivery
RET0004913,ORD0010240,PRD00719,2025-12-13,3,Damaged
RET0004914,ORD0034806,PRD00759,2026-01-24,2,Damaged
RET0004915,ORD0003434,PRD00060,2026-04-10,2,Wrong Product
RET0004916,ORD0036033,PRD00090,2025-05-23,1,Size/Compatibility
RET0004917,ORD0011964,PRD00857,2025-03-16,2,Late Delivery
RET0004918,ORD0019891,PRD00386,2025-07-19,2,Damaged
RET0004919,ORD0004892,PRD00908,2026-02-23,1,Damaged
RET0004920,ORD0029834,PRD00584,2025-10-27,3,Defective
RET0004921,ORD0021518,PRD00185,2025-09-05,1,Size/Compatibility
RET0004922,ORD0007562,PRD00922,2025-11-07,3,Late Delivery
RET0004923,ORD0009069,PRD00644,2026-03-17,1,Wrong Product
RET0004924,ORD0034325,PRD00988,2025-09-01,2,Defective
RET0004925,ORD0002280,PRD00968,2025-04-04,2,Defective
RET0004926,ORD0030115,PRD00744,2025-09-22,2,Defective
RET0004927,ORD0049982,PRD00865,2025-07-10,2,Changed Mind
RET0004928,ORD0043392,PRD00477,2025-10-04,1,Damaged
RET0004929,ORD0048373,PRD00182,2026-05-31,3,Late Delivery
RET0004930,ORD0015117,PRD00640,2026-06-23,3,Defective
RET0004931,ORD0002176,PRD00404,2026-01-09,2,Late Delivery
RET0004932,ORD0025046,PRD00215,2025-02-14,1,Changed Mind
RET0004933,ORD0045903,PRD00945,2025-03-08,3,Changed Mind
RET0004934,ORD0024060,PRD00037,2025-11-15,1,Wrong Product
RET0004935,ORD0047485,PRD00771,2025-06-17,2,Defective
RET0004936,ORD0018854,PRD00290,2025-11-08,3,Changed Mind
RET0004937,ORD0044670,PRD00191,2025-09-17,2,Damaged
RET0004938,ORD0027464,PRD00328,2025-10-15,2,Late Delivery
RET0004939,ORD0008665,PRD00940,2025-07-04,2,Defective
RET0004940,ORD0009304,PRD00880,2026-06-27,2,Changed Mind
RET0004941,ORD0028448,PRD00382,2026-07-27,2,Defective
RET0004942,ORD0012407,PRD00457,2026-04-12,1,Damaged
RET0004943,ORD0036657,PRD00757,2025-02-09,1,Size/Compatibility
RET0004944,ORD0043907,PRD00983,2025-11-07,3,Defective
RET0004945,ORD0048003,PRD00909,2025-01-02,3,Wrong Product
RET0004946,ORD0026171,PRD00490,2025-02-19,1,Changed Mind
RET0004947,ORD0020615,PRD00514,2025-06-08,1,Damaged
RET0004948,ORD0013051,PRD00291,2025-02-07,2,Size/Compatibility
RET0004949,ORD0021365,PRD00539,2026-08-09,3,Defective
RET0004950,ORD0048505,PRD00847,2026-02-07,1,Defective
RET0004951,ORD0026152,PRD00076,2026-01-10,3,Damaged
RET0004952,ORD0030588,PRD00689,2025-04-30,1,Size/Compatibility
RET0004953,ORD0035658,PRD00130,2025-07-25,3,Wrong Product
RET0004954,ORD0024590,PRD00864,2025-03-22,1,Size/Compatibility
RET0004955,ORD0004020,PRD00870,2025-08-29,1,Defective
RET0004956,ORD0026295,PRD00266,2025-09-12,3,Changed Mind
RET0004957,ORD0002421,PRD00932,2025-05-15,3,Defective
RET0004958,ORD0034264,PRD00937,2025-01-17,3,Defective
RET0004959,ORD0005812,PRD00833,2025-02-17,2,Damaged
RET0004960,ORD0006779,PRD00232,2025-03-08,1,Size/Compatibility
RET0004961,ORD0014188,PRD00900,2026-07-10,1,Changed Mind
RET0004962,ORD0032864,PRD00880,2025-02-27,1,Wrong Product
RET0004963,ORD0028932,PRD00326,2025-02-22,2,Damaged
RET0004964,ORD0010100,PRD00026,2025-12-08,1,Wrong Product
RET0004965,ORD0001450,PRD00575,2025-02-22,3,Defective
RET0004966,ORD0015789,PRD00182,2025-06-16,3,Late Delivery
RET0004967,ORD0014665,PRD00135,2025-01-18,2,Late Delivery
RET0004968,ORD0037756,PRD00841,2026-08-27,1,Late Delivery
RET0004969,ORD0001684,PRD00919,2025-12-30,3,Size/Compatibility
RET0004970,ORD0033334,PRD00415,2025-11-01,1,Defective
RET0004971,ORD0019135,PRD00561,2025-02-24,1,Damaged
RET0004972,ORD0021225,PRD00231,2025-07-31,1,Defective
RET0004973,ORD0000335,PRD00357,2025-07-09,3,Damaged
RET0004974,ORD0041925,PRD00290,2026-06-01,2,Size/Compatibility
RET0004975,ORD0028633,PRD00559,2025-06-23,1,Defective
RET0004976,ORD0035518,PRD00396,2026-02-06,2,Wrong Product
RET0004977,ORD0021443,PRD00066,2025-06-08,2,Size/Compatibility
RET0004978,ORD0030680,PRD00882,2025-05-31,2,Late Delivery
RET0004979,ORD0004007,PRD00248,2025-09-24,1,Changed Mind
RET0004980,ORD0045059,PRD00887,2026-05-13,3,Late Delivery
RET0004981,ORD0029557,PRD00523,2025-06-13,2,Size/Compatibility
RET0004982,ORD0027658,PRD00050,2026-02-14,2,Size/Compatibility
RET0004983,ORD0016898,PRD00245,2025-09-15,3,Wrong Product
RET0004984,ORD0011483,PRD00320,2025-05-08,3,Wrong Product
RET0004985,ORD0049377,PRD00004,2025-08-03,1,Defective
RET0004986,ORD0024987,PRD00964,2025-10-14,3,Defective
RET0004987,ORD0020190,PRD00710,2026-05-24,2,Wrong Product
RET0004988,ORD0009556,PRD00571,2026-01-19,1,Late Delivery
RET0004989,ORD0005390,PRD00810,2025-12-02,3,Size/Compatibility
RET0004990,ORD0002418,PRD00171,2025-12-20,2,Changed Mind
RET0004991,ORD0048179,PRD00639,2025-10-08,1,Changed Mind
RET0004992,ORD0020759,PRD00546,2025-04-02,2,Defective
RET0004993,ORD0002115,PRD00319,2025-07-06,2,Size/Compatibility
RET0004994,ORD0033691,PRD00898,2025-08-18,1,Defective
RET0004995,ORD0043257,PRD00550,2026-07-16,3,Wrong Product
RET0004996,ORD0043314,PRD00660,2026-01-30,1,Size/Compatibility
RET0004997,ORD0001039,PRD00037,2026-07-13,1,Defective
RET0004998,ORD0046237,PRD00887,2026-07-21,2,Defective
RET0004999,ORD0042285,PRD00018,2026-05-28,2,Late Delivery
RET0005000,ORD0010061,PRD00866,2026-03-28,1,Changed Mind
